date,open,high,low,close,volume
2021-07-23,1678.8968486347449,1678.8968486347449,1653.6678777824995,1658.263916015625,42756
2021-07-26,1650.6366291342467,1687.9422142647072,1641.004679786956,1674.3988037109375,69698
2021-07-27,1688.968991670522,1740.8937374622487,1588.1022759007392,1632.2039794921875,240727
2021-07-28,1638.070892676872,1670.6826728055903,1617.1445537911882,1661.44189453125,107633
2021-07-29,1668.2381728234789,1669.2160381064937,1633.279488955695,1649.1697998046875,103286
2021-07-30,1657.3837457655748,1686.817464312673,1645.5026597519714,1661.5396728515625,85831
2021-08-02,1664.5222298369958,1696.2540297552569,1624.6253980826853,1646.187255859375,223836
2021-08-03,1647.6052410772859,1660.170786104486,1628.0479353950066,1633.719482421875,127132
2021-08-04,1645.7470886104654,1651.6142796572049,1592.9423691898087,1600.2274169921875,75011
2021-08-05,1608.392894698692,1640.5157459602124,1594.9472468110575,1629.4658203125,72531
2021-08-06,1629.4659036116445,1658.7530424923325,1614.5046353637517,1627.021240234375,93434
2021-08-09,1634.7952165766765,1649.609780017159,1600.1298209127365,1607.85498046875,50984
2021-08-10,1607.8549602071787,1621.691777565368,1592.9914559428598,1614.3577880859375,40981
2021-08-11,1622.0829966271658,1678.9947089623101,1582.2349859164995,1637.484375,136424
2021-08-12,1639.879993802535,1686.2308296656074,1629.12347625225,1680.314697265625,78404
2021-08-13,1686.8175616720648,1720.9939045220935,1675.3765859576158,1709.259521484375,116726
2021-08-16,1722.5095075861104,1755.2679909832916,1692.6846197170348,1719.4781494140625,103044
2021-08-17,1719.4783686716557,1729.843716985695,1686.1820074345792,1706.81494140625,124149
2021-08-18,1700.5076444165984,1726.7144804735074,1667.2602264119037,1722.3140869140625,79837
2021-08-20,1724.9544065093344,1767.1003774885903,1645.796257427338,1676.69677734375,161033
2021-08-23,1677.0390425320254,1693.5649904982802,1588.3955264102387,1637.87548828125,82244
2021-08-24,1642.7158900286647,1686.8175898073555,1625.2610188425829,1659.339599609375,76587
2021-08-25,1664.2289738313232,1708.1351495664946,1651.3700212944332,1692.7825927734375,82301
2021-08-26,1704.9082651448634,1736.3954821739376,1684.275329801692,1697.91650390625,91908
2021-08-27,1711.2640302831758,1823.7185237017843,1696.5960528807484,1809.0994873046875,540087
2021-08-30,1833.4973154948184,1882.3905772413468,1791.4491103928037,1879.16357421875,656830
2021-08-31,1882.3907690439346,1882.3907690439346,1844.2540209957717,1853.7882080078125,149686
2021-09-01,1867.722706699231,1868.945038313563,1816.3847788972887,1841.515869140625,130632
2021-09-02,1864.3000315429667,1875.4965405022597,1830.905910592361,1852.4189453125,199503
2021-09-03,1857.9439534353942,1857.9439534353942,1802.2056348323324,1807.7794189453125,202306
2021-09-06,1813.9401629032413,1831.2972722787306,1799.2721831493068,1810.85986328125,87428
2021-09-07,1827.2390466532515,1856.966175174255,1794.4317379808813,1828.9014892578125,238450
2021-09-08,1818.8292541544558,1855.9881313898693,1817.50916002107,1835.20849609375,238158
2021-09-09,1843.5203864185485,1871.0961375822453,1811.1041308462918,1828.070068359375,227286
2021-09-13,1823.7188343538,1834.9153445975426,1798.3432768724542,1819.807373046875,80818
2021-09-14,1846.209671644756,1874.5677651181131,1829.2437326990155,1865.08251953125,163938
2021-09-15,1876.5233896361478,1882.3905810576262,1848.360823065726,1863.71337890625,159852
2021-09-16,1857.944176176876,1900.8724891737866,1840.2448371090675,1865.8160400390625,248127
2021-09-17,1858.9216545269662,1872.6117666592006,1794.4314954799413,1802.4010009765625,115350
2021-09-20,1802.4009367051608,1842.9335174437383,1799.2718160766954,1833.643798828125,105956
2021-09-21,1829.5857317057291,1862.8331474609374,1813.108727477177,1833.4971923828125,118562
2021-09-22,1828.608139183208,1861.8555598956302,1823.8165752656942,1827.7769775390625,138187
2021-09-23,1848.1654962446705,1863.7135790549976,1815.8959399610335,1856.086181640625,119769
2021-09-24,1860.8777765360153,1875.790223247615,1829.683847737757,1837.1156005859375,56336
2021-09-27,1846.209617166442,1865.8158634435295,1804.2591734959349,1813.9400634765625,134399
2021-09-28,1828.5102595571884,1828.5102595571884,1750.3788020073318,1760.7930908203125,87735
2021-09-29,1761.037488143682,1798.0986036358872,1757.3215525823607,1780.2525634765625,152524
2021-09-30,1794.0893160037417,1837.4087940743757,1780.9860172245274,1829.1947021484375,70990
2021-10-01,1828.607942062931,1832.3726992464572,1779.0302236805283,1817.753662109375,67958
2021-10-04,1818.9272926243214,1851.4902561500423,1804.161549883762,1831.7373046875,169391
2021-10-05,1816.8738359947492,1863.4202031831662,1816.8738359947492,1836.3822021484375,159998
2021-10-06,1837.4087514383589,1853.9835191976224,1818.9270748759336,1831.8837890625,60478
2021-10-07,1838.3866837889059,1855.9882584209274,1821.7629744142191,1830.0748291015625,64748
2021-10-08,1836.3334201348348,1845.7209039048698,1786.5600484419588,1799.02783203125,62953
2021-10-11,1805.5303966095591,1828.656933327245,1780.252604118825,1790.080078125,66749
2021-10-12,1799.4675717443565,1818.8293512957994,1778.7368763478812,1787.1954345703125,83711
2021-10-13,1794.3338251079463,1835.4531073595188,1760.15748175127,1766.8558349609375,132820
2021-10-14,1784.0174348448793,1805.6282335882202,1771.5007115546705,1778.7369384765625,92662
2021-10-18,1797.1208461131937,1817.8026011384195,1786.5598534195435,1789.0045166015625,92011
2021-10-19,1802.107964219382,1822.7408979350034,1780.6926905255586,1805.3837890625,93823
2021-10-20,1815.895687224679,1816.7757897835875,1775.0698148813133,1789.73779296875,93490
2021-10-21,1798.9785041602295,1837.1152457617918,1784.6528749250572,1833.4971923828125,114209
2021-10-22,1846.2097507152043,1896.0808827525325,1838.7290570359398,1867.038330078125,338028
2021-10-25,1877.5013838638374,1926.3946490686249,1789.4935064952201,1809.246337890625,335087
2021-10-26,1823.6210169318083,1827.4835371090755,1777.8568732677431,1804.7481689453125,206780
2021-10-27,1877.5500953396154,1890.0666980808505,1824.7453753739978,1838.0931396484375,529236
2021-10-28,1838.0933827142544,1954.752762405015,1837.2133994264404,1939.7425537109375,1355503
2021-10-29,1953.7261665180608,2106.077646574787,1911.0424364652022,2072.976806640625,960349
2021-11-01,2058.406421249591,2121.9676646610988,1987.120018226713,2033.6663818359375,485302
2021-11-02,2043.738454235691,2068.1850864633907,1996.116462403461,2016.7982177734375,118552
2021-11-03,2020.4650454820755,2097.2764053352803,2006.7749325669602,2023.1541748046875,385323
2021-11-04,2030.292606868704,2076.692262527001,2014.4022974832176,2059.041748046875,42743
2021-11-08,2063.295938952323,2077.328402562612,2025.3547146972417,2040.7071533203125,194599
2021-11-09,2048.578579325521,2159.5173345288244,2038.3109950947446,2136.684326171875,595914
2021-11-10,2136.6848075212533,2172.9147677875785,2103.388443410312,2122.65234375,207186
2021-11-11,2133.5552128384743,2156.1926959887905,2084.955122987214,2124.216552734375,123304
2021-11-12,2112.384743417102,2182.595525358309,2105.833093126845,2162.353759765625,258341
2021-11-15,2180.6395606673686,2181.6174259412105,2089.6980902000746,2100.552490234375,91793
2021-11-16,2100.5521622312353,2141.4756743092903,2092.8268845322104,2128.763427734375,384464
2021-11-17,2109.4511444781297,2161.082484154586,2102.45950252406,2143.1875,216359
2021-11-18,2151.3037169274958,2173.6967373953985,2076.9859521609096,2101.970458984375,110299
2021-11-22,2110.379326379963,2136.2927497655833,1934.461502362402,2053.321044921875,240928
2021-11-23,2033.9598131428033,2107.2997102513177,2033.324296195854,2056.646240234375,107742
2021-11-24,2058.4064355481287,2063.1978799747,2010.197629001502,2039.6314697265625,214763
2021-11-25,2047.7965525109537,2054.9350170528974,1994.8452412346064,2001.641357421875,248082
2021-11-26,1997.778843838111,2017.5316755061162,1931.284002241933,1950.84130859375,87944
2021-11-29,1911.7263850337765,2072.0962710417252,1910.797460880443,2037.2354736328125,141832
2021-11-30,2059.384202858429,2116.5893196044967,1977.2435224025373,2016.2115478515625,239856
2021-12-01,2010.4910183436973,2041.4893000134387,1963.8468921732267,1973.234375,122697
2021-12-02,1973.234150036647,2091.65359822718,1973.234150036647,2066.08251953125,299002
2021-12-03,2044.032004668914,2083.3421442957615,2018.4119800479996,2032.395263671875,54725
2021-12-06,2032.004012744674,2040.6582158008252,1989.9558065136725,2009.0731201171875,57116
2021-12-07,2019.0960910428405,2051.5122265803734,1989.955660648187,2019.97607421875,132978
2021-12-08,2031.564107450401,2072.5365681404596,2031.564107450401,2046.4276123046875,176891
2021-12-09,2057.8193823941974,2322.4297947091823,2053.663455393139,2249.48095703125,1034082
2021-12-10,2249.08992815296,2319.4962215560095,2185.871039362786,2214.27783203125,481269
2021-12-13,2218.727097010415,2303.8503065511486,2214.4245858204986,2256.521728515625,264261
2021-12-14,2253.9794835075763,2268.3540554598408,2210.0244866632925,2222.247802734375,71628
2021-12-15,2233.346459591015,2242.831943975108,2172.2788194513523,2182.644287109375,63111
2021-12-16,2170.958693780675,2224.6433994417835,2145.4363157693506,2185.430908203125,270580
2021-12-17,2180.6397533189142,2212.5669618358475,2121.967831704952,2151.059326171875,169226
2021-12-20,2165.971562129543,2165.971562129543,2030.6351049385414,2074.687744140625,102709
2021-12-21,2079.919462988237,2170.8609345716436,2053.614982293715,2152.281494140625,240790
2021-12-22,2154.236963091263,2280.3815696454044,2154.236963091263,2233.884033203125,961653
2021-12-23,2226.5499932663183,2255.8859476045377,2205.085901089509,2213.691162109375,93625
2021-12-24,2232.955482664879,2293.485251140858,2182.5954181335715,2194.86767578125,220693
2021-12-27,2199.61041595186,2217.5543421947505,2127.150730395882,2146.903564453125,134745
2021-12-28,2163.3316785194716,2208.900063051271,2137.1737789926647,2158.246826171875,182668
2021-12-29,2143.7741143475196,2200.7347672597402,2143.7741143475196,2177.31494140625,182349
2021-12-30,2177.315141696157,2195.356710136023,2163.6250264321575,2185.920166015625,197252
2021-12-31,2195.3072350485186,2233.199509150136,2172.816336872075,2184.15966796875,198115
2022-01-03,2201.614612845225,2218.3851446941712,2137.222331027787,2156.6328125,113948
2022-01-04,2174.674255898037,2188.1199019844835,2141.5247221322784,2170.6162109375,353471
2022-01-05,2180.19952808486,2200.098942791734,2151.303562038336,2176.923583984375,222632
2022-01-06,2165.7759848786877,2237.111206507257,2151.3524725648504,2175.99462890625,423469
2022-01-07,2187.4360304824604,2213.8383971478775,2167.4387301443226,2177.80419921875,111305
2022-01-10,2193.3026617545415,2245.8629152758976,2173.794299125101,2230.41259765625,289826
2022-01-11,2231.4882005913555,2296.0272984173985,2220.047226451332,2287.66650390625,255404
2022-01-12,2301.8949151359816,2308.29998059535,2244.6408541001174,2265.176025390625,231632
2022-01-13,2268.6469793247343,2275.3941528634346,2245.178217469651,2255.44580078125,128523
2022-01-14,2239.3116955926025,2301.8950792248847,2239.3116955926025,2289.720703125,190526
2022-01-17,2297.690075604505,2333.088752147654,2262.7803317173025,2269.03857421875,135524
2022-01-18,2282.2398688987682,2350.3972755006857,2252.0239247603045,2316.123046875,320744
2022-01-19,2316.122869812241,2316.122869812241,2253.0016178833284,2292.214111328125,242338
2022-01-20,2296.8099011270474,2361.544531638295,2290.8448277263947,2336.364501953125,209114
2022-01-21,2336.3648532856505,2336.3648532856505,2274.2214607956985,2304.584228515625,415539
2022-01-24,2296.7118303169805,2380.1237753687196,2234.42186800227,2355.09033203125,276068
2022-01-25,2377.043847639651,2413.4693283428624,2307.859880934894,2347.023193359375,390068
2022-01-27,2351.7657647107503,2351.7657647107503,2088.622148516036,2175.212158203125,794479
2022-01-28,2191.3963786757113,2264.5896999373936,2141.525242882556,2220.243408203125,265768
2022-01-31,2225.621611906334,2281.897812450332,2146.5123979092505,2250.1171875,415951
2022-02-01,2260.6779963283725,2321.403288405187,2183.1332300499475,2236.475830078125,725023
2022-02-02,2236.4761603371994,2324.581693909633,2213.789490967221,2245.863525390625,324514
2022-02-03,2247.134322128608,2281.310664528538,2222.345342793242,2254.76171875,161075
2022-02-04,2253.979774086804,2312.6516987918835,2229.533138793021,2283.706787109375,203322
2022-02-07,2292.1159350088574,2292.6048675888505,2174.5765905257767,2208.01953125,191104
2022-02-08,2220.3407494233174,2234.372971364066,2147.3919122819357,2172.0830078125,122629
2022-02-09,2191.39599609375,2200.1967832266564,2162.744496902628,2191.39599609375,123789
2022-02-10,2162.060040921372,2268.54946983031,2162.060040921372,2188.46240234375,369714
2022-02-11,2174.772411308363,2200.0990268986366,2122.0166265061926,2131.012939453125,242245
2022-02-14,2048.6276474254432,2089.1111722665505,1962.1355159771695,2044.7161865234375,289217
2022-02-15,2063.2957558720213,2088.6713123260574,1980.715080120112,2000.565673828125,378170
2022-02-16,2013.4246697773895,2037.87130248474,1966.7805423190941,1988.2935791015625,565198
2022-02-17,1988.2934550595041,2022.2253313930967,1978.514802586617,2010.39306640625,350822
2022-02-18,1985.0664456342836,2033.0307836074037,1985.0664456342836,2019.92724609375,177031
2022-02-21,2000.7125403754033,2071.9988301169883,1980.177367673603,2054.593017578125,375444
2022-02-22,1985.0665915888696,2076.2525323108707,1985.0665915888696,2021.541015625,306750
2022-02-23,2030.0485978618954,2073.0746760439392,2030.0485978618954,2050.779296875,192678
2022-02-24,1994.8450171646175,2052.4901232221237,1955.730408984919,2000.272216796875,360203
2022-02-25,2022.8122550015535,2102.361453911691,2019.6341927766682,2084.7109375,313838
2022-02-28,2049.605619016254,2123.5323293952747,2042.9560873904381,2111.651123046875,180990
2022-03-02,2105.344328250842,2163.5273229238214,2105.344328250842,2130.96435546875,157039
2022-03-03,2151.303607746068,2189.4403535197484,2098.4988828286646,2111.651123046875,217987
2022-03-04,2097.5207277144364,2150.3254453352192,2078.061306900679,2107.6904296875,88675
2022-03-07,2090.6755835869244,2101.236574413167,2034.1549330653654,2062.2685546875,139363
2022-03-08,2057.428495860284,2110.233219613352,2057.428495860284,2087.791259765625,132359
2022-03-09,2102.4103239667193,2115.8559713874365,2054.4949258856172,2095.32080078125,310556
2022-03-10,2112.188997736499,2129.643988420783,2094.587422755362,2110.184326171875,145468
2022-03-11,2107.299615411856,2126.8079794174137,2063.2956791271536,2073.025390625,78426
2022-03-14,2078.5016524653925,2078.5016524653925,2017.776121364424,2032.4930419921875,237058
2022-03-15,2032.4931041972884,2048.725764296076,1995.872095051577,2045.40087890625,178988
2022-03-16,2055.472789733067,2153.8461310160887,2055.472789733067,2142.453857421875,231640
2022-03-17,2156.19253572329,2159.1261310099885,2043.7380497331865,2054.8369140625,603010
2022-03-21,2073.3677582417963,2077.8170929215153,2033.3729258712842,2045.15625,208149
2022-03-22,2053.517046179798,2054.641495734242,2012.4467052562022,2031.1727294921875,96849
2022-03-23,2043.6893330583516,2049.89887259143,1984.430725636134,2005.406005859375,512732
2022-03-24,1947.174425953981,2008.53547817174,1938.1291712445902,1993.5252685546875,251286
2022-03-25,2004.03714210449,2009.3666992228848,1939.106978705533,1945.267578125,100470
2022-03-28,1941.0625937475793,1974.3100134893514,1901.5568122983975,1958.56640625,184576
2022-03-29,1965.4113025164474,2009.512999458144,1955.7304130979503,1993.671630859375,149014
2022-03-30,2006.5305064636111,2049.0676438734777,1990.5913748712471,2037.3822021484375,149949
2022-03-31,2019.2917964471624,2130.768437994366,1987.022242315077,2110.184326171875,1052222
2022-04-01,2107.2995551012664,2107.2995551012664,2054.4948330708867,2067.50048828125,180591
2022-04-04,2049.60581697641,2096.4454727380285,2049.60581697641,2083.39111328125,105731
2022-04-05,2092.631676735281,2214.8158944122865,2080.8483524904486,2158.6865234375,350006
2022-04-06,2169.883094931252,2194.28078635406,2125.7325722482865,2160.54443359375,202906
2022-04-07,2161.0821873504156,2188.3158298666563,2133.3596122126028,2143.627197265625,98294
2022-04-08,2159.8598745695413,2196.92087211221,2139.5202295880113,2189.391357421875,161106
2022-04-11,2190.4182809603494,2207.921974407294,2153.846214085402,2165.776123046875,178038
2022-04-12,2164.798132020709,2182.350765460801,2102.410281501388,2157.65966796875,103405
2022-04-13,2152.28174872538,2182.546635154807,2151.3038833238693,2177.412841796875,65098
2022-04-18,2174.772242457637,2174.772242457637,2094.196244077058,2135.168701171875,127137
2022-04-19,2151.4014117123534,2200.1967917321153,2077.963636635887,2104.5615234375,76918
2022-04-20,2117.0781736597223,2129.6438370673172,2080.603753682602,2090.137939453125,55650
2022-04-21,2097.6188791401605,2121.6742214595406,2076.2034865569644,2096.05419921875,122239
2022-04-22,2092.827605405117,2155.0688850470688,2087.7916937912332,2113.26513671875,163274
2022-04-25,2102.410353887649,2111.1622004041787,2048.6767044507324,2053.51708984375,171418
2022-04-26,2064.3715994550985,2081.8263524026256,2016.8472487889733,2041.63623046875,132818
2022-04-27,2040.9989621402535,2053.6448253944823,1997.865458617597,2043.5966796875,111258
2022-04-28,2058.6441848832874,2068.4472524303505,2012.7657808964902,2056.53662109375,115355
2022-04-29,2050.801763360077,2086.7299107566055,2019.431946712122,2055.26220703125,101104
2022-05-02,2048.8411535847795,2055.2131476031054,2001.247211935204,2010.952392578125,48561
2022-05-04,2026.000084781037,2032.0779392817517,1960.6136668578715,1974.779052734375,70125
2022-05-05,2057.614533547342,2248.8233877717107,2046.9292871153227,2177.359130859375,2654230
2022-05-06,2143.9310458136792,2230.198047199872,2135.108284308273,2209.8076171875,1542537
2022-05-09,2209.5132756598045,2313.2297770927707,2182.456953111662,2260.293212890625,1109904
2022-05-10,2249.8042650152966,2260.5876405774616,2036.489394525198,2186.62353515625,495998
2022-05-11,2190.985889854935,2244.9027685761976,2141.9705455628787,2225.296630859375,425040
2022-05-12,2210.591722796949,2228.2863075133723,2176.330049727014,2189.466064453125,185292
2022-05-13,2204.70986638881,2262.106874093974,2200.984652896535,2245.49072265625,234536
2022-05-16,2262.5480266275686,2302.740604223639,2180.790537689621,2207.454833984375,154711
2022-05-17,2230.884611162324,2273.577029244946,2215.4938389969075,2249.16748046875,139859
2022-05-18,2267.1061201311613,2298.8191365756293,2212.0129332533265,2234.118896484375,270494
2022-05-19,2204.709788535945,2252.744817276835,2184.221474050969,2230.246826171875,147689
2022-05-20,2247.1574461228834,2277.2528186317118,2230.1980897060457,2244.0693359375,142509
2022-05-23,2255.8821426595364,2291.957483682419,2223.3360021350413,2251.81396484375,131873
2022-05-24,2244.95151175317,2268.7730135497313,2192.995254210325,2238.138427734375,113498
2022-05-25,2238.9228521406476,2253.725582189123,2155.7439545707634,2170.8896484375,144343
2022-05-26,2162.50737443425,2167.0659438883386,2129.4220254904153,2148.0478515625,105221
2022-05-27,2154.7146228285574,2260.8819107553127,2140.8921994421917,2239.16796875,171237
2022-05-30,2261.518861455487,2344.894007715079,2248.8239354926386,2338.76708984375,411157
2022-05-31,2344.893651347976,2419.3969613406375,2298.8192359577774,2379.449462890625,474302
2022-06-01,2379.4495405622188,2438.856224886532,2352.7361818310123,2407.9765625,351443
2022-06-02,2411.554537024194,2416.4560706360317,2344.9918063085147,2370.773681640625,164924
2022-06-03,2379.2046410281496,2401.702634575531,2262.401179703757,2270.1455078125,195149
2022-06-06,2270.1454204302154,2330.1401473581586,2245.9318908878718,2316.906005859375,193033
2022-06-07,2299.799737005866,2326.2189572178863,2265.5380624477048,2305.28955078125,54080
2022-06-08,2322.5919406589924,2322.5919406589924,2225.7866418766453,2259.9013671875,113410
2022-06-09,2261.322818649505,2309.5048044322366,2244.7066654643068,2306.07373046875,101910
2022-06-10,2274.31173450693,2316.3667997265816,2251.9606920081646,2287.39892578125,175206
2022-06-13,2249.803755302665,2307.935987347609,2207.6505694734647,2291.417724609375,157963
2022-06-14,2284.114566823548,2317.4449939789133,2257.9404263063134,2275.635009765625,151551
2022-06-15,2293.6725409375435,2293.6725409375435,2249.803817267513,2259.312744140625,283896
2022-06-16,2276.419469751095,2311.563566269066,2142.509696831498,2199.759521484375,359448
2022-06-17,2186.182426979296,2234.1683999703355,2090.0142281587855,2130.353759765625,188864
2022-06-20,2105.699094259964,2160.694403767721,2078.250502714676,2144.8623046875,184960
2022-06-21,2146.8720950187358,2219.806832102716,2135.157475517487,2183.976806640625,160680
2022-06-22,2187.1137651336403,2201.27915202405,2144.9115050672995,2172.31103515625,95802
2022-06-23,2189.0247423188025,2264.508354122899,2170.055712970027,2245.637451171875,292754
2022-06-24,2247.7945037743093,2264.508783135425,2205.739436392026,2245.245849609375,190440
2022-06-27,2258.627053811466,2313.524239147161,2228.286603711231,2247.402587890625,289818
2022-06-28,2246.8140292369308,2256.911236724827,2228.1391376046786,2239.804931640625,72430
2022-06-29,2235.0503108675853,2279.2131775068933,2186.0840369205903,2264.70458984375,248063
2022-06-30,2268.4297603073524,2283.085297970889,2231.913334822716,2255.587646484375,122566
2022-07-01,2215.8366704125274,2265.9792697465077,2215.8366704125274,2230.63916015625,97053
2022-07-04,2233.530798296138,2325.9737724736665,2221.473216765214,2314.994384765625,192539
2022-07-05,2334.1104048351767,2357.6377671686687,2298.0841312620173,2318.180419921875,376434
2022-07-06,2328.0325547106268,2480.176116858487,2323.327034369413,2467.43212890625,1037060
2022-07-07,2489.979221202396,2538.4553436069004,2476.7941428779254,2511.987060546875,667857
2022-07-08,2519.339529141521,2560.8556197719017,2503.7036828259697,2538.112548828125,534204
2022-07-11,2548.7979007376257,2578.2071072845984,2525.368661921632,2559.434326171875,187883
2022-07-12,2555.6596864434214,2557.6202999351312,2479.2938866744144,2490.763427734375,204632
2022-07-13,2491.939645542767,2521.5939233860668,2465.471364492548,2494.58642578125,187311
2022-07-14,2493.9003648385396,2520.3686470125335,2453.4136483132606,2498.164794921875,204252
2022-07-15,2480.2745234985346,2524.437156810354,2471.353635190972,2509.04638671875,389496
2022-07-18,2528.2111847750566,2546.3468601989957,2503.8016416942983,2535.612548828125,205877
2022-07-19,2519.388877612693,2586.735917641859,2505.6645802249195,2539.877197265625,210716
2022-07-20,2535.171449208171,2575.069887125797,2524.436898544543,2547.376220703125,258551
2022-07-21,2548.7977477515556,2779.1698518752537,2542.9159067952055,2718.145751953125,1136196
2022-07-22,2745.2512296470495,2745.2512296470495,2633.937577377725,2643.29931640625,355041
2022-07-25,2659.5722039805128,2659.5722039805128,2584.5787378527907,2610.458740234375,292148
2022-07-26,2623.8401937588815,2708.5386049115627,2583.500425641322,2659.96435546875,544688
2022-07-27,2659.9643032173126,2695.8436268569285,2637.417247429055,2674.423828125,250057
2022-07-28,2690.8928066223316,2693.8827898997843,2633.054711788239,2668.639892578125,335265
2022-07-29,2704.2256194999604,2755.6426680181703,2648.1521132538646,2682.2666015625,248397
2022-08-01,2689.961935170532,2752.897585641432,2670.3557986168107,2691.579345703125,363460
2022-08-02,2690.844171622542,2768.7297421704407,2675.600591600735,2705.205810546875,366158
2022-08-03,2705.548441397112,2713.489021622656,2614.232965466842,2618.987548828125,461656
2022-08-04,2636.044997594597,2662.5132813190503,2589.970577777957,2615.8017578125,303228
2022-08-05,2630.7514744210694,2688.0012969005984,2622.6639431667186,2635.2607421875,272399
2022-08-08,2641.8777729350877,2741.9181301256654,2623.399133283781,2667.512939453125,382934
2022-08-10,2793.8743119885353,2793.8743119885353,2690.942100494221,2715.841796875,1043450
2022-08-11,2739.9085033674337,2781.081389877685,2725.2529642499712,2743.192626953125,326247
2022-08-12,2756.4263517594504,2781.816198863999,2731.2325181230185,2742.162841796875,386571
2022-08-16,2764.4159655470407,2847.791102312613,2751.721041029778,2840.928955078125,833499
2022-08-17,2851.8106651499907,2866.5152674466644,2813.480572763573,2834.80224609375,481683
2022-08-18,2822.2545556602254,2877.2008063186518,2817.40208427932,2833.5771484375,459776
2022-08-19,2846.761880744166,2867.1523100274353,2758.0931786519154,2831.46923828125,335377
2022-08-22,2818.3821752120634,2859.6531890586934,2795.9332442278123,2813.03955078125,232574
2022-08-23,2788.9732223343763,2853.575353438478,2788.9732223343763,2811.618408203125,574029
2022-08-24,2813.4807763136723,3029.0501658458656,2811.6182889544343,3000.18017578125,843342
2022-08-25,2989.9356976246368,3111.493739101835,2981.112936549679,3082.4765625,810380
2022-08-26,3088.9465409284467,3146.490498759304,3044.832737582912,3108.20947265625,519283
2022-08-29,3078.163436472301,3158.499533070376,3024.785777614031,3133.501708984375,501630
2022-08-30,3137.913323605675,3208.7895603403535,3093.750449895292,3198.496337890625,574816
2022-09-01,3190.8002346461376,3361.814932743727,3180.8992804126933,3336.669921875,1034069
2022-09-02,3323.240480080678,3378.43180789665,3293.8312722923533,3302.555908203125,560330
2022-09-05,3284.0275009291104,3321.27915616353,3189.5748530424444,3224.4248046875,587410
2022-09-06,3252.559886677721,3309.515808378459,3241.433547923947,3295.840576171875,407055
2022-09-07,3285.0080576804066,3313.436954628402,3200.7016736277315,3245.109619140625,382798
2022-09-08,3270.9401347755547,3312.4562177299545,3246.775671240488,3252.902587890625,363161
2022-09-09,3267.362258987865,3290.8405567867208,3239.9136711535834,3249.37353515625,215708
2022-09-12,3264.421812163359,3284.027949173349,3245.0607518659936,3264.02978515625,179592
2022-09-13,3293.8311146000283,3366.030620530712,3275.450360612305,3292.703857421875,435755
2022-09-14,3244.717506630924,3289.860684377182,3206.583666374419,3223.885986328125,299457
2022-09-15,3251.383274661599,3281.0375531632653,3202.7111413828525,3232.022216796875,288585
2022-09-16,3238.933549436223,3250.5012171221792,3038.950969507352,3117.5224609375,482246
2022-09-19,3125.218009812477,3159.8228869595646,3044.8819171821137,3095.61279296875,342412
2022-09-20,3121.4928430930204,3155.4115538713922,3069.438695972859,3088.505615234375,252096
2022-09-21,3100.366967623274,3136.9815195296123,3063.458515165637,3068.016845703125,199589
2022-09-22,3074.5361765003277,3156.5387422346475,3038.950992814698,3082.1826171875,334012
2022-09-23,3109.925127170795,3109.925127170795,3049.195170132881,3063.115478515625,162047
2022-09-26,3062.478823512478,3063.9002206824507,2907.6393930903596,2943.077392578125,295539
2022-09-27,2941.900650322521,2989.9356826003627,2909.550526543566,2973.025390625,398174
2022-09-28,2967.3885539845087,3009.051591164668,2932.685790513411,2950.42919921875,344491
2022-09-29,2989.9358684727194,2989.9358684727194,2914.45224162931,2937.1953125,291653
2022-09-30,2955.477973926955,3092.867872597862,2933.0778684034244,3027.579345703125,310742
2022-10-03,3014.1982320674483,3063.556773522816,2924.696176366853,2935.82275390625,388862
2022-10-04,2999.199505079871,3053.6555941192287,2980.132586235138,3020.129150390625,313948
2022-10-06,3047.528603272358,3173.54708361197,3020.129077528456,3126.05126953125,507339
2022-10-07,3140.903097928971,3244.717495975744,3115.120980313509,3231.189453125,601549
2022-10-10,3217.317849491391,3217.317849491391,3145.8535796133633,3166.93017578125,204689
2022-10-11,3175.2139127126547,3226.1898693230464,3122.277342386479,3134.090087890625,294944
2022-10-12,3153.6465451188415,3195.652781497964,3110.513051806678,3183.5458984375,223256
2022-10-13,3194.8199587319114,3241.5805466528823,3174.4295288028866,3201.53515625,393950
2022-10-14,3246.77610486758,3269.3231611513825,3112.4740739597123,3131.39404296875,307787
2022-10-17,3127.227615459746,3168.10635932645,3091.2013421696565,3133.599609375,303859
2022-10-18,3166.3913111299876,3209.4266886348496,3122.86578017139,3148.353759765625,210090
2022-10-19,3163.4500730808486,3184.722682972549,3140.0696599498756,3174.527587890625,263584
2022-10-20,3171.2925328023043,3171.2925328023043,3010.0320624326046,3071.105224609375,438628
2022-10-21,3083.6039522782107,3112.817141360586,2960.526391671804,2981.35791015625,364038
2022-10-24,2999.738825196419,3016.305914478306,2986.798823228781,2992.6806640625,16594
2022-10-25,3014.3945167133143,3025.472032044291,2961.1149827296035,2995.08251953125,263091
2022-10-27,3013.463391998093,3017.3846195738874,2946.949473510583,2979.544677734375,250705
2022-10-28,2975.2311151409713,2975.2311151409713,2887.0035038188335,2903.766845703125,336034
2022-10-31,2903.6687518252006,3001.5524818829817,2903.276724836906,2989.690673828125,319759
2022-11-01,3011.9433327827974,3131.295675894665,2999.7385619902584,3090.07373046875,504156
2022-11-02,3098.7496444740996,3122.277006532745,3075.1732192112913,3108.40576171875,199216
2022-11-03,3096.9364807601864,3223.445135434407,3073.3602910274294,3161.73486328125,362379
2022-11-04,3171.292474396662,3203.152445159534,3137.9620434447343,3156.48974609375,226208
2022-11-07,3176.1940510616732,3218.3472437146524,3144.82423327341,3198.10400390625,289197
2022-11-09,3227.169974076526,3227.169974076526,3029.1480011836165,3042.774169921875,251189
2022-11-10,3042.774120097442,3176.19396864941,2994.347060876427,3104.533447265625,507653
2022-11-11,3136.9816194223868,3158.5483680559155,3043.950604004473,3093.701171875,692497
2022-11-14,3093.8481981474138,3150.2649012114794,2951.8018414370376,2965.6240234375,560133
2022-11-15,2967.388323275607,3019.3445773666567,2955.036363362396,2968.2216796875,383627
2022-11-16,2984.005002964955,3029.1481814975073,2952.6842468189298,2975.868408203125,468068
2022-11-17,2970.329627382535,3073.261842192821,2954.5465920452048,3060.7138671875,632485
2022-11-18,3063.458624886659,3096.053824655453,3002.4345290789165,3031.74560546875,485570
2022-11-21,3036.9904816870576,3058.5572313956163,2994.837289074874,3022.23681640625,374330
2022-11-22,3028.167082458638,3054.1452073162473,2983.1220421286757,2999.198974609375,318799
2022-11-23,3010.522162459029,3047.6268703214123,2996.209587542648,3038.264892578125,331230
2022-11-24,3052.6755997264017,3107.5727845641277,3039.9806735992242,3063.409912109375,549566
2022-11-25,3078.2615564362313,3096.7892596927577,3019.3450205298177,3029.9814453125,340177
2022-11-28,3038.951227889593,3070.222920598334,3026.3541891634763,3042.2353515625,321071
2022-11-29,3043.8526443048686,3052.1852521878286,2950.7234973776663,2955.821044921875,383945
2022-11-30,2962.388900746987,3013.462978649106,2920.3338364982715,2941.6064453125,6409415
2022-12-01,2950.6743974033425,2970.329596560658,2906.0704381150554,2934.8916015625,499243
2022-12-02,2936.3619517805405,2949.743043332767,2864.652368626317,2919.45166015625,440688
2022-12-05,2916.4129408475083,2942.8321631509925,2888.9643484630615,2917.001220703125,216805
2022-12-06,2916.363905688937,2935.920980084422,2878.867167517372,2886.12158203125,238124
2022-12-07,2867.397513853246,2936.0189928172554,2863.4762864838744,2910.580078125,428075
2022-12-08,2931.0192841145326,2935.4797280405796,2902.0023456567424,2929.5,224644
2022-12-09,2950.7233555641983,2976.015317907004,2882.1018821789844,2918.030029296875,329565
2022-12-12,2920.2847308415303,2940.4791455263844,2887.003364707453,2932.489501953125,197711
2022-12-13,2923.324059941806,2956.2134022887,2920.334076213411,2934.205322265625,120072
2022-12-14,2945.8220516306233,2969.3494157701025,2939.351930759177,2947.488525390625,307596
2022-12-15,2945.7728047028295,2954.5955657048844,2858.5745646657306,2872.494873046875,258936
2022-12-16,2862.4958336544387,2870.289224787058,2769.366688381435,2782.600830078125,425206
2022-12-19,2780.1500567618,2846.320765094459,2775.542662714809,2840.19384765625,397439
2022-12-20,2836.1257468540302,2878.1808135533124,2823.577771734938,2867.25048828125,380570
2022-12-21,2872.2988155785265,2893.081271087502,2775.444459527972,2785.051513671875,195307
2022-12-22,2796.2268301342497,2796.2268301342497,2723.4881183950697,2747.603759765625,234442
2022-12-23,2725.253225033223,2729.1253894828187,2613.743313397421,2627.957763671875,209507
2022-12-26,2632.1240902689083,2690.599302537501,2588.0102787001556,2670.9931640625,171579
2022-12-27,2695.990728948896,2703.24514308019,2655.2591716866273,2688.638427734375,117811
2022-12-28,2681.1884547920104,2708.3429082588327,2654.6711050818635,2670.69921875,127712
2022-12-29,2671.3361669666506,2683.0998491698065,2626.1929886454946,2631.339599609375,225208
2022-12-30,2641.4366138869154,2674.227827751499,2624.0852317791396,2630.1630859375,155615
2023-01-02,2632.123692787013,2659.572282506952,2610.0667903334906,2627.173095703125,135840
2023-01-03,2640.3096595434536,2641.044889711407,2623.301239258366,2636.437255859375,155374
2023-01-04,2637.0251664658786,2682.119277119198,2637.0251664658786,2651.92578125,313367
2023-01-05,2671.875567278774,2758.681792703596,2666.5817663237954,2750.7412109375,361324
2023-01-06,2765.445555938474,2801.7169084977522,2754.9563207676056,2787.6005859375,630345
2023-01-09,2804.706714015998,2825.5872959483486,2774.9052448013226,2805.736083984375,179843
2023-01-10,2803.6776919218673,2808.579226348304,2746.378802343368,2785.68896484375,140490
2023-01-11,2791.913726988281,2851.7124409441394,2769.3666709065637,2843.085693359375,457133
2023-01-12,2850.7321951972285,2877.2004789903253,2825.146091797482,2856.760986328125,212709
2023-01-13,2864.0646073529124,2865.535067637493,2827.1559106103105,2842.8408203125,103382
2023-01-16,2843.821059907555,2859.3099557386736,2804.85386328782,2815.833251953125,97665
2023-01-17,2822.0091583399167,2839.801870492243,2779.169798726965,2818.3330078125,88725
2023-01-18,2831.1260900366283,2867.397442298178,2820.3427150399516,2862.839111328125,152461
2023-01-19,2863.1820400998704,2920.3339747498703,2853.1829585463233,2861.17236328125,258856
2023-01-20,2877.10235475224,2887.8369057648424,2853.7712441905587,2875.97509765625,131815
2023-01-23,2882.1023194146587,2893.9150655631615,2860.192364212542,2889.650634765625,260669
2023-01-24,2899.2081984045744,2899.2081984045744,2862.495757869671,2887.052490234375,147969
2023-01-25,2885.043171599327,2888.964399151619,2806.030340687535,2816.764892578125,191195
2023-01-27,2831.0770986736593,2840.782280016589,2705.6468860094405,2747.99609375,149121
2023-01-30,2757.603084696763,2811.5199597974815,2731.281750846324,2759.416748046875,176771
2023-01-31,2759.5640230523086,2808.5793698205557,2747.310186360247,2783.58154296875,236077
2023-02-01,2803.6772350932943,2904.207737665714,2699.6177719084876,2734.173583984375,623110
2023-02-02,2720.7923026887256,2796.7660752906577,2697.8532206297386,2775.836669921875,236358
2023-02-03,2788.972910515331,2792.894137806038,2721.331739750636,2750.593994140625,194330
2023-02-06,2748.780251787922,2882.101975840403,2727.3116287213797,2874.259521484375,197958
2023-02-07,2891.856146922225,2975.231292457133,2843.8701744376085,2963.957763671875,370039
2023-02-08,2972.241332414166,3029.1481934291132,2949.792401082686,3018.805908203125,408409
2023-02-09,3022.2858613073977,3078.16334885022,3008.3655526281846,3066.44873046875,262690
2023-02-10,3073.212841856888,3108.552950864608,3036.059308817423,3103.945556640625,300374
2023-02-13,3132.080446187588,3146.785049221333,2946.361357737941,3019.001953125,1255147
2023-02-14,3033.069072842412,3108.5526923022912,2963.1240907656643,3016.697998046875,613928
2023-02-15,3019.246647180245,3127.1785155016423,3013.9040232883262,3087.57421875,619722
2023-02-16,3103.0142271333357,3141.8832960455557,3073.261820000879,3125.610107421875,252897
2023-02-17,3129.139392184293,3174.2335062320612,3059.7336209572695,3074.38916015625,353966
2023-02-20,3091.936845201246,3161.391441409529,3077.183179351509,3111.640869140625,305386
2023-02-21,3132.717429318402,3144.0890842931467,3083.0649840523647,3106.984375,314522
2023-02-22,3107.523412771362,3126.1001782864473,3067.6740381106124,3110.3173828125,218407
2023-02-23,3115.414966780197,3117.375580352746,3060.61591316054,3076.5458984375,155736
2023-02-24,3091.8877052583944,3111.493841626552,3070.41908166835,3080.1240234375,141718
2023-02-27,3087.6724582806637,3116.3954970447912,2992.974959535373,3046.8427734375,220001
2023-02-28,3062.086470253074,3183.0562357748736,3043.65665422128,3153.990234375,923123
2023-03-01,3168.3514911382213,3254.324347285548,3143.5496819084997,3246.23681640625,556560
2023-03-02,3252.658342691054,3274.0781445084785,3221.2885214233884,3257.951904296875,351509
2023-03-03,3270.2542055490453,3297.7518573389975,3245.844663574711,3263.196044921875,446442
2023-03-06,3274.12640881127,3298.487127209079,3236.335775177822,3253.098876953125,294806
2023-03-08,3253.0992975511276,3331.9649376831503,3235.0126835957526,3313.290283203125,448991
2023-03-09,3326.866997530356,3366.373407753468,3313.4368428091793,3321.279296875,333450
2023-03-10,3313.2901267873954,3319.9560217484764,3261.4808152189235,3310.88818359375,194714
2023-03-13,3326.18074302347,3334.0722600858066,3200.7505444797966,3209.96533203125,276376
2023-03-14,3222.268314473691,3257.4612313629414,3169.968853186252,3245.942626953125,330853
2023-03-15,3278.1460722802635,3282.0182364309157,3221.288275572053,3237.21826171875,228737
2023-03-16,3217.416121027083,3278.783185781937,3187.9578525366983,3262.412109375,257895
2023-03-17,3281.136261923603,3297.7524160343983,3221.876757605466,3247.315673828125,256724
2023-03-20,3235.0125110179106,3263.4414088420076,3202.123169289351,3233.88525390625,175472
2023-03-21,3234.0322702619865,3365.3443238205987,3234.0322702619865,3345.150146484375,278420
2023-03-22,3345.8360721707013,3359.707317245372,3236.0417138337107,3244.71728515625,288396
2023-03-23,3244.815301470031,3317.358000052745,3236.3357439228344,3294.271728515625,369001
2023-03-24,3310.8390252974827,3325.2004231372102,3264.4214059690185,3280.79248046875,180779
2023-03-27,3287.949098818129,3302.55557481205,3248.540812226567,3259.128173828125,171779
2023-03-28,3290.8896026430502,3318.3381903326554,3237.9530406702397,3272.90087890625,184543
2023-03-29,3274.1265146415953,3348.3847531325328,3267.3624936012475,3324.661376953125,1031003
2023-03-31,3324.220175506437,3352.649071138901,3284.1257253302833,3298.879150390625,329944
2023-04-03,3321.2796756321786,3350.6888817328177,3272.2643321311134,3307.310302734375,323147
2023-04-05,3322.210737185073,3323.2401072087164,3281.135977315787,3307.7021484375,221406
2023-04-06,3313.486160077226,3399.655034999399,3299.7128012015073,3330.200439453125,733361
2023-04-10,3352.5515752935344,3352.5515752935344,3303.340215257649,3330.73974609375,193423
2023-04-11,3316.377925402447,3316.377925402447,3202.760462296,3212.906494140625,493329
2023-04-12,3229.032490323901,3236.286904282929,3133.5997664252313,3140.4619140625,498526
2023-04-13,3153.4511107777294,3192.5161949998455,3110.513623046875,3166.39111328125,402975
2023-04-17,3185.997087248858,3205.6032231703894,3149.725735794025,3165.41064453125,286059
2023-04-18,3176.1942329473172,3195.6534198915215,3139.8247526332543,3144.5302734375,277893
2023-04-19,3149.725849237246,3179.13505417877,3123.306627997988,3138.01123046875,266982
2023-04-20,3148.745515584618,3168.1065753395355,3115.415083601468,3121.591064453125,276392
2023-04-21,3135.020833596252,3149.284343979621,3079.290301843805,3091.201171875,267054
2023-04-24,3102.377181166868,3168.351883033463,3098.4068903775837,3154.039306640625,314556
2023-04-25,3164.4303505113116,3288.929314115691,3146.8338913172356,3270.401611328125,690245
2023-04-26,3279.1261192097604,3339.9051384596874,3264.4215177783262,3333.18994140625,361730
2023-04-27,3343.352892396504,3359.946824079968,3314.9270765418123,3349.83349609375,327674
2023-04-28,3347.280202541114,3376.9825276003303,3324.6966165456765,3356.068115234375,251132
2023-05-02,3358.080955264633,3401.5298097296795,3329.016766898134,3379.829833984375,331768
2023-05-03,3380.664814145339,3416.99493268248,3345.463779079943,3391.072998046875,359375
2023-05-04,3420.9224516410236,3596.4361968278295,3392.4474943799473,3579.351318359375,1282221
2023-05-05,3586.8628626067707,3685.690510250295,3583.8680345556513,3651.520751953125,978769
2023-05-08,3660.946729201989,3749.2681452990596,3652.6497635702335,3733.75439453125,321297
2023-05-09,3745.880654679794,3747.746399197541,3696.8841851972925,3738.123779296875,395444
2023-05-10,3740.4310687786447,3769.9862069455353,3722.364294968231,3746.37158203125,253030
2023-05-11,3745.929559220063,3800.0809745221736,3736.208894259946,3790.556640625,221052
2023-05-12,3781.4252964734737,3884.3770957201777,3780.2962129733783,3871.170654296875,404269
2023-05-15,3863.757015849178,3867.6845960431797,3775.3864614841395,3785.647216796875,227276
2023-05-16,3781.2776863147897,3862.529498452559,3775.9755491450414,3839.700439453125,268910
2023-05-17,3833.8095364798023,3874.6073270902434,3806.8074203949786,3847.94873046875,187846
2023-05-18,3849.519621765254,3863.7571002796267,3820.1119123641465,3826.93603515625,141795
2023-05-19,3819.670123637384,3853.9381658352186,3775.9757928400168,3824.23583984375,154467
2023-05-22,3799.93394933712,3856.736675449898,3740.5292971575604,3822.7138671875,275112
2023-05-23,3824.432132024063,3896.110471704335,3802.1923047100863,3841.909912109375,279818
2023-05-24,3841.1733098923864,3883.0510365161927,3812.747497069254,3821.191650390625,205631
2023-05-25,3814.662180830234,3885.358622791566,3811.6673530530566,3870.5810546875,339853
2023-05-26,3883.3948626435795,3939.6574960818516,3878.4853874695673,3932.244140625,327697
2023-05-29,3953.0604532886746,3984.62852397416,3939.65768132162,3958.166259765625,277673
2023-05-30,3955.073159181792,3986.444657274407,3935.5824470548378,3956.644287109375,179306
2023-05-31,3940.099592220234,4221.167066713548,3917.3196736726463,4051.200927734375,1169176
2023-06-01,4056.7485207239674,4065.0457261200922,3865.5246891493093,3873.232421875,421490
2023-06-02,3904.9965188766646,3955.2694962698824,3867.1935603710695,3948.739990234375,397566
2023-06-05,3961.946456080597,3995.3308871851173,3905.9784392289007,3959.982666015625,316713
2023-06-06,3971.7656464141623,4017.8655730310415,3959.9337626136285,3984.1865234375,240261
2023-06-07,3994.9380003146366,4086.646895301309,3985.4134272589795,4075.9443359375,241488
2023-06-08,4094.5027089797068,4096.4175962674935,4011.041622585636,4037.84716796875,171143
2023-06-09,4062.983476774931,4088.709319147935,4032.6430152800785,4076.04296875,140674
2023-06-12,4082.179455787785,4098.135249132308,4022.9709011278746,4076.2880859375,197995
2023-06-13,4080.41187483619,4251.458176198347,4065.8306381480693,4241.58984375,484212
2023-06-14,4248.660279802656,4290.243634958161,4210.906219813085,4271.0966796875,282696
2023-06-15,4261.424298661306,4269.524932408761,4202.5105986798135,4235.55126953125,144416
2023-06-16,4222.1485411289905,4271.243291607235,4210.365801014212,4258.38037109375,153331
2023-06-19,4289.899799131832,4331.433771123643,4233.686303251699,4249.29833984375,177825
2023-06-20,4233.734611027638,4304.627620829525,4233.734611027638,4296.7724609375,231190
2023-06-21,4314.398602353326,4363.443979889349,4245.272796775999,4287.396484375,304147
2023-06-22,4272.323450447259,4293.826855160037,4183.854614643704,4193.1826171875,188292
2023-06-23,4202.412813994741,4225.880011395221,4140.209662464806,4162.94091796875,204714
2023-06-26,4160.288954567574,4222.148337182103,4139.963537075013,4207.763671875,138748
2023-06-27,4237.122858617536,4268.29802825107,4192.692105045334,4216.74853515625,217841
2023-06-28,4246.45105086013,4363.54204752238,4223.1310410426995,4331.23779296875,339541
2023-06-30,4340.957596808409,4363.541180777329,4296.084805580763,4342.92138671875,209317
2023-07-03,4369.43320080051,4407.432732997342,4309.586502599675,4331.384765625,247575
2023-07-04,4331.38460373941,4361.676162370668,4271.243531032345,4281.75,103281
2023-07-05,4290.881265007175,4348.764168584959,4281.749833038795,4311.1083984375,89263
2023-07-06,4339.97606393692,4364.768913623438,4304.627842601687,4320.4853515625,159465
2023-07-07,4320.338735510541,4349.795590525385,4274.18966265395,4320.09326171875,121844
2023-07-10,4334.919938903816,4346.457207022876,4271.243941949994,4290.5380859375,117305
2023-07-11,4302.614925547097,4440.8655477952925,4300.8966093216495,4417.791015625,300170
2023-07-12,4435.220487421861,4472.532503919987,4396.435628167232,4446.46337890625,204362
2023-07-13,4462.467525689247,4475.477635093589,4315.42874204395,4327.505859375,226427
2023-07-14,4345.867313535208,4382.491805625731,4276.4965269784625,4304.43115234375,273514
2023-07-17,4314.34855389231,4376.011850548024,4297.90181184451,4338.9453125,194300
2023-07-18,4340.957992276179,4462.712977809372,4340.957992276179,4409.54345703125,350377
2023-07-19,4414.109297957292,4530.807623199776,4403.799399697132,4412.1455078125,422756
2023-07-20,4418.527648519267,4423.5354090757755,4066.1256170622173,4127.88671875,1566115
2023-07-21,4127.886871452542,4239.479150193415,4123.173966896152,4149.2919921875,413021
2023-07-24,4173.053969707931,4271.24347487753,4173.053969707931,4243.79931640625,291808
2023-07-25,4256.514918715389,4290.341393986511,4193.820825696875,4254.6494140625,230780
2023-07-26,4256.858659909478,4340.418021785003,4253.029365229501,4318.865234375,214947
2023-07-27,4322.301539660019,4410.23004004099,4288.917111593586,4320.43603515625,334733
2023-07-28,4344.837126350474,4459.718858651442,4330.403075900366,4434.43505859375,415070
2023-07-31,4423.977524234548,4524.572874649807,4423.977524234548,4470.3720703125,254120
2023-08-01,4495.851869516607,4506.210670308817,4416.563845828162,4437.82177734375,119691
2023-08-02,4426.383363256437,4474.496225900529,4300.700783288197,4328.19384765625,217964
2023-08-03,4328.1935513983,4357.650404062081,4246.696259028505,4293.7783203125,195937
2023-08-04,4232.950116325816,4368.4516510168305,4232.950116325816,4357.69970703125,199490
2023-08-07,4379.496638821958,4458.931838731263,4337.618918075243,4444.00732421875,235866
2023-08-08,4465.609993951933,4465.609993951933,4364.52370203505,4395.6005859375,151125
2023-08-09,4406.646713637689,4474.495757706148,4335.606510646133,4439.0986328125,392322
2023-08-10,4438.018107159045,4467.622144823928,4398.005886851006,4423.53515625,169628
2023-08-11,4434.778563396276,4476.460206315053,4405.763752080641,4444.69580078125,212151
2023-08-14,4418.5280564081595,4418.5280564081595,4177.178426792301,4275.85888671875,753925
2023-08-16,4275.859492456073,4320.339156082045,4178.06262839837,4222.00244140625,295770
2023-08-17,4231.820682204863,4263.290228306002,4198.141392693198,4235.60107421875,183884
2023-08-18,4236.6802319734925,4264.8119064644825,4192.691529019161,4202.01953125,230500
2023-08-21,4220.970344774249,4252.784128667628,4174.035952097499,4239.03759765625,294745
2023-08-22,4261.179260133561,4261.179260133561,4208.402398509694,4246.0087890625,216566
2023-08-23,4265.352511568393,4268.396482407296,4216.061183493486,4224.7021484375,144208
2023-08-24,4255.533393439415,4310.519519427557,4238.104755291388,4258.43017578125,233683
2023-08-25,4266.786388034576,4271.7510620361645,4149.055159109644,4172.9453125,220479
2023-08-28,4188.085456368735,4237.3409541895535,4173.436740263261,4192.21484375,197684
2023-08-29,4202.832718736914,4256.954962005878,4172.552143792841,4246.0419921875,187724
2023-08-30,4261.919464466402,4291.413716815651,4250.6133343991905,4272.68505859375,187244
2023-08-31,4286.498543363763,4315.992799396083,4272.734557215347,4307.68505859375,432110
2023-09-01,4307.488852849552,4324.841211347508,4198.999048343989,4219.1044921875,164901
2023-09-04,4227.509805170186,4255.03777599455,4173.6827907904035,4236.65283203125,298303
2023-09-05,4266.2949949877075,4374.981131988339,4242.355395480255,4365.93603515625,306152
2023-09-06,4394.545689036492,4463.4640291977075,4368.148234175453,4424.43310546875,504897
2023-09-07,4430.971898775015,4431.020863853655,4367.657171794828,4373.60546875,193416
2023-09-08,4389.629765244605,4438.885265865815,4360.233921177162,4383.38671875,231272
2023-09-11,4409.3417904819335,4599.13711359224,4384.861176829436,4540.984375,684497
2023-09-12,4563.645932044571,4563.645932044571,4310.093751909992,4327.69189453125,433279
2023-09-13,4344.503642903556,4348.633030510721,4188.184095670774,4267.9169921875,362583
2023-09-14,4286.548019315425,4313.535458821303,4243.535557475327,4292.5947265625,138301
2023-09-15,4315.992688603013,4322.776271306362,4267.425577593143,4305.5712890625,223156
2023-09-18,4303.211616693267,4311.863072429132,4233.113799055796,4247.46728515625,105351
2023-09-20,4229.476030505215,4353.253487317357,4212.86103006803,4256.06982421875,275335
2023-09-21,4271.751294695454,4282.762675323075,4188.184238297499,4204.111328125,146287
2023-09-22,4244.223483074472,4244.223483074472,4094.785917768166,4116.4150390625,250138
2023-09-25,4148.16948609841,4148.513681695318,4053.4931346151307,4106.484375,274277
2023-09-26,4089.9683141062583,4151.8078375569685,4081.3163782027646,4134.30810546875,179832
2023-09-27,4153.774555787892,4168.767469864996,4098.521788611709,4161.98388671875,217834
2023-09-28,4178.352970769315,4178.352970769315,4018.788996374726,4032.55322265625,259081
2023-09-29,4050.544468294394,4078.023475335849,4020.6570517227515,4029.1611328125,270878
2023-10-03,4034.765227498579,4079.9897530488465,3989.737042290428,4022.96728515625,303772
2023-10-04,3986.8368569453855,4020.902866702202,3911.2825483696993,3930.109619140625,438394
2023-10-05,3964.027839881251,4037.9108520476657,3930.1094469060768,3999.224365234375,310894
2023-10-06,4011.2681030280837,4075.1231205673425,3999.4211952878045,4063.423828125,207353
2023-10-09,4052.6089504529,4052.6089504529,3991.555748050365,4030.586669921875,122211
2023-10-10,4050.446027973213,4134.947262337909,4019.133103940641,4122.01904296875,244817
2023-10-11,4142.271358439358,4155.052202470395,4099.70150841741,4114.841796875,158952
2023-10-12,4131.210624787643,4165.522656120161,4119.462368830388,4144.974609375,246829
2023-10-13,4129.195873831974,4163.605839447239,4119.364455084754,4157.90380859375,149733
2023-10-16,4168.472078085877,4226.91956741821,4154.658648391842,4209.2724609375,264960
2023-10-17,4215.662993227428,4235.22741866574,4182.5309231770925,4211.38623046875,130579
2023-10-18,4225.543575973173,4266.245551635004,4014.2172880880953,4029.2099609375,621225
2023-10-19,4029.2100696387065,4052.117562874765,3964.2737421791694,4025.130126953125,388946
2023-10-20,4021.000815428226,4024.982587781149,3933.5503990504094,3947.609375,204827
2023-10-23,3953.90110801425,3973.0723720424903,3863.747057999236,3876.23291015625,162161
2023-10-25,3882.426892476506,3952.4757443602616,3829.6322268511926,3864.23876953125,261645
2023-10-26,3863.747482882863,3927.9958989962183,3785.096134630795,3891.521240234375,302100
2023-10-27,3922.686743097991,4016.625994072898,3902.1391746173913,3940.924072265625,262816
2023-10-30,3968.55031948961,4031.864555935718,3923.27659121133,4001.583740234375,114014
2023-10-31,4029.8982455239793,4055.4599323704356,3960.930944138579,4040.0244140625,205697
2023-11-01,4050.544355926326,4077.0891854433185,3976.710308185782,3986.64013671875,187184
2023-11-02,4020.7550288320026,4043.367530579541,3998.978533661189,4008.219970703125,170196
2023-11-03,4036.288857755793,4109.532925446161,4009.3016620278718,4097.24365234375,183990
2023-11-06,4124.2804574373995,4152.348967934733,4071.485542994512,4132.833984375,231433
2023-11-07,4142.960186421168,4161.7872587951615,4102.6513663824235,4137.84765625,122172
2023-11-08,4167.538523462923,4215.712476671152,4146.941508591746,4203.47216796875,216669
2023-11-09,4212.663994684752,4299.229913927815,4144.925624021285,4237.83251953125,522498
2023-11-10,4255.03837948622,4309.0622219111165,4151.808474253768,4167.83349609375,640836
2023-11-13,4164.489756846482,4235.226992921447,4131.701885725534,4190.88720703125,157036
2023-11-15,4220.33328788918,4232.376775769628,4180.319221850163,4187.00439453125,95758
2023-11-16,4212.762714981026,4214.630588436301,4139.076043267363,4161.3935546875,130755
2023-11-17,4170.487944891976,4225.543891359198,4144.680469985467,4212.81201171875,121481
2023-11-20,4243.240375007189,4291.758523034425,4222.594395425365,4273.7177734375,243547
2023-11-21,4319.876625096728,4355.220289039266,4261.969182053463,4272.04638671875,345900
2023-11-22,4286.596743746448,4301.884407021693,4149.153229333378,4163.015625,176385
2023-11-23,4178.352655391499,4207.797944359377,4148.858401353442,4188.724609375,82762
2023-11-24,4193.099858717081,4204.357024566348,4152.791044131523,4190.49462890625,116246
2023-11-28,4216.6956881848155,4216.6956881848155,4124.820883886787,4183.5146484375,184551
2023-11-29,4191.379445015736,4202.145040172417,4160.312066894139,4172.5029296875,78223
2023-11-30,4184.251732281237,4389.72837984862,4162.721021680057,4345.2412109375,558962
2023-12-01,4373.998071471309,4373.998071471309,4302.031896346966,4313.2890625,150704
2023-12-04,4345.241153497299,4604.053243244041,4344.602207310339,4552.68408203125,798523
2023-12-05,4584.095343239871,4783.0336972380255,4514.2428321431225,4764.89501953125,860640
2023-12-06,4773.153973988491,4803.090837173781,4642.1503144552335,4658.51953125,248801
2023-12-07,4669.972529622334,4709.495022125374,4620.323868567622,4664.81103515625,177991
2023-12-08,4709.151344413623,4761.700471586796,4605.479317908173,4666.77783203125,231897
2023-12-11,4697.451442953509,4752.015811953911,4679.803855914581,4706.15234375,148181
2023-12-12,4717.212606964801,4738.497530204602,4610.983851039638,4641.70703125,201663
2023-12-13,4651.1951775953,4696.763418795986,4596.237163545965,4686.9814453125,166968
2023-12-14,4720.457163332671,4753.4418602955175,4654.881890234889,4711.60888671875,150017
2023-12-15,4725.028310744889,4846.446319315638,4683.29423064654,4753.5888671875,371899
2023-12-18,4752.50741696277,4873.4338572371635,4701.236668579949,4805.990234375,356079
2023-12-19,4839.023754789272,4842.563161144038,4719.129424838362,4757.3740234375,223298
2023-12-20,4772.170901343878,4812.479720246864,4485.240834679369,4536.56103515625,347680
2023-12-21,4521.6660272377585,4626.124845073882,4452.747690001347,4605.52783203125,191984
2023-12-22,4643.378866748365,4684.670823640898,4607.101029202727,4678.77197265625,155535
2023-12-26,4690.91357421875,4742.675892332213,4667.219761582525,4690.91357421875,121004
2023-12-27,4719.031354700891,4741.594169449975,4644.36154803803,4653.7998046875,165313
2023-12-28,4666.680178552338,4685.064645351746,4544.08218293822,4564.67919921875,478064
2023-12-29,4590.289051819321,4608.968745968939,4540.738801242906,4596.04052734375,147991
2024-01-01,4596.040901035756,4635.513951398801,4575.34547648906,4603.26708984375,84544
2024-01-02,4620.7177556984,4633.547564892562,4522.452535222955,4622.33984375,178550
2024-01-03,4634.5307786263975,4748.476825434183,4619.882060762453,4695.04296875,291954
2024-01-04,4737.661610777819,4783.967682506218,4689.635041013173,4743.4130859375,266936
2024-01-05,4774.087986479297,4817.395194112595,4721.047290230344,4750.8857421875,118877
2024-01-08,4774.13729260671,4774.13729260671,4660.092826803089,4672.82470703125,60882
2024-01-09,4703.350716519306,4889.803476568699,4699.418149030577,4837.451171875,571239
2024-01-10,4846.840586436814,4874.024363874997,4791.293069264317,4852.49365234375,241276
2024-01-11,4864.536917492251,4905.926805412041,4778.069399609062,4789.7197265625,87455
2024-01-12,4827.127687615118,4827.127687615118,4691.208337712643,4703.30126953125,145377
2024-01-15,4727.928763268395,4727.928763268395,4645.344854739689,4672.7744140625,104057
2024-01-16,4689.586836660661,4760.667803611528,4669.972963845921,4728.22412109375,192280
2024-01-17,4717.11454183165,4781.707152650694,4651.6371993677685,4692.5849609375,163852
2024-01-18,4684.670001866941,4716.523695586392,4586.3558360355255,4630.94140625,151382
2024-01-19,4658.568408350209,4762.437242487321,4658.568408350209,4739.18603515625,132723
2024-01-23,4670.857757756767,4814.445426580687,4656.061185538654,4690.126953125,348426
2024-01-24,4684.621817520424,4733.729463507477,4536.01954706119,4651.48974609375,293735
2024-01-25,4687.620170684661,4714.11603460051,4586.356563809552,4659.40380859375,114581
2024-01-29,4670.906740830161,4726.110057469684,4635.906796372828,4710.77294921875,87854
2024-01-30,4743.659397360953,4778.0693619013955,4636.447971291267,4650.01513671875,152802
2024-01-31,4668.940788635452,4682.458989486944,4552.930046782644,4592.845703125,292837
2024-02-01,4612.901359890272,4618.800210734122,4267.13019424008,4469.41162109375,825760
2024-02-02,4469.411688238553,4517.48770737795,4387.761951934849,4404.91796875,315504
2024-02-05,4424.138454477349,4461.9894168101,4270.522535919108,4294.560546875,290961
2024-02-06,4304.195377485876,4349.026745586592,4288.514071653519,4328.77392578125,177927
2024-02-07,4359.791299249145,4551.258165768779,4359.74233417878,4497.97216796875,281178
2024-02-08,4532.284051237934,4532.284051237934,4365.248342409418,4375.37451171875,132187
2024-02-09,4388.745448150254,4425.564304380108,4338.310460624881,4413.7666015625,203496
2024-02-12,4409.292135219538,4475.555790103687,4325.823500503839,4353.74462890625,149594
2024-02-13,4373.015018241991,4409.7354629325455,4302.031983524912,4389.5810546875,290402
2024-02-14,4366.968720393395,4543.1968969236095,4353.204734499822,4481.5537109375,371445
2024-02-15,4497.873770459739,4510.556203769782,4385.451408733497,4393.267578125,286311
2024-02-16,4433.969985728716,4463.169492288784,4394.103773553209,4447.88134765625,185797
2024-02-19,4463.463877783114,4479.046771692367,4374.145347126343,4413.17626953125,155541
2024-02-20,4438.639952284524,4470.346278982829,4386.386055611842,4448.2255859375,169172
2024-02-21,4561.7778307175495,5047.449867005151,4561.7778307175495,4900.6669921875,4404765
2024-02-22,5112.337521601382,5358.12297937068,4995.933624811788,5333.54443359375,4222692
2024-02-23,5328.628909496566,5425.075222484671,5230.953669176934,5301.14990234375,1578299
2024-02-26,5268.706096354974,5340.721236281539,5049.465465588776,5206.916015625,1164768
2024-02-27,5181.157639099911,5382.455936368546,5157.070663358364,5358.61474609375,656105
2024-02-28,5348.291216235481,5458.4030942168,5289.5484956159835,5337.08349609375,785448
2024-02-29,5353.158203125,5392.532840689364,5260.251301858792,5353.158203125,527441
2024-03-01,5405.313779432979,5431.465448111697,5363.038680757894,5397.30126953125,345570
2024-03-04,5397.448767554863,5569.49859165725,5396.318250434993,5536.6123046875,484602
2024-03-05,5525.256781602735,5598.992414809177,5477.525440393642,5585.0810546875,340244
2024-03-06,5564.583100999963,5623.571614438125,5494.239490744855,5604.59716796875,401305
2024-03-07,5601.007592037419,5694.3570945067795,5579.329508170921,5673.46533203125,289128
2024-03-11,5703.254585443454,5833.865070466765,5673.465580721862,5742.87548828125,693540
2024-03-12,5751.380201501836,5756.295911075769,5594.0774951359745,5621.60546875,310813
2024-03-13,5652.966628206267,5711.414597014371,5478.754198879058,5502.89013671875,454668
2024-03-14,5520.243416191742,5562.911679089259,5426.943344913239,5530.56640625,354416
2024-03-15,5554.751521687006,5692.19456200903,5491.338871572172,5521.865234375,810054
2024-03-18,5549.835684161898,5687.475541696472,5521.865106807303,5669.533203125,306134
2024-03-19,5689.93354882331,5689.93354882331,5516.900580427128,5533.71240234375,245880
2024-03-20,5584.245618821969,5672.581008643737,5466.268598706012,5637.04052734375,272707
2024-03-21,5662.897319735599,5777.924921542728,5653.065900777725,5766.02880859375,381358
2024-03-22,5775.958086478167,5932.326598059025,5736.681379470232,5866.80029296875,514271
2024-03-26,5781.857341387638,5885.677218939933,5776.253240704945,5829.83447265625,383434
2024-03-27,6006.9965355659115,6234.987028197168,5983.401131825554,6173.49169921875,1232034
2024-03-28,6174.131046537808,6362.845323650531,6117.895138616322,6253.6181640625,722060
2024-04-01,6314.180160976914,6457.571029258617,6289.207971596216,6394.994140625,396061
2024-04-02,6434.662778500514,6434.662778500514,6265.218201226319,6321.4541015625,280233
2024-04-03,6349.129346994893,6410.084134779608,6323.420286544018,6394.40283203125,217760
2024-04-04,6481.854133838843,6510.80785296954,6380.639489660799,6392.19140625,325004
2024-04-05,6411.166342842909,6571.025301887471,6405.169081614567,6557.40869140625,382254
2024-04-08,6557.556703229365,6634.143363918296,6518.722596815937,6586.80517578125,179056
2024-04-09,6605.729861893677,6608.286126625293,6386.145041273829,6419.71923828125,317551
2024-04-10,6467.745440273466,6553.622968977703,6449.409942468306,6529.5849609375,234204
2024-04-12,6537.8937460927455,6658.918612049167,6530.0286107591,6639.1083984375,418148
2024-04-15,6547.724456967053,6615.610206952209,6436.6783974675245,6450.4423828125,333967
2024-04-16,6458.9470656891635,6553.623431797401,6415.000433915098,6532.830078125,268622
2024-04-18,6531.453465298082,6531.994001258438,6203.62464598747,6262.12158203125,1041299
2024-04-19,6262.12157334636,6262.12157334636,6139.72042162619,6186.51806640625,286043
2024-04-22,6267.528903051179,6433.7782755326425,6201.658403207348,6415.294921875,384870
2024-04-23,6459.044532046981,6459.044532046981,6189.270529563212,6201.11767578125,550348
2024-04-24,6259.467603539051,6273.91998136575,6193.842882273492,6236.90478515625,239797
2024-04-25,6266.54596245009,6352.276121198192,6238.526420572175,6323.2734375,260935
2024-04-26,6360.927740821148,6380.541612660109,6270.281870639941,6302.3818359375,163903
2024-04-29,6351.685849683968,6354.97947064125,6242.163951922541,6343.13232421875,158748
2024-04-30,6390.421834090605,6530.519543530284,6345.197310341657,6430.48486328125,393914
2024-05-02,6473.988887354448,6634.19203900902,6434.663214538324,6569.84521484375,317802
2024-05-03,6620.31307475912,6699.393447450656,6549.520515133997,6609.16357421875,337954
2024-05-06,6620.461024000768,6934.217597120327,6620.461024000768,6847.7373046875,689802
2024-05-07,6883.897969285374,6946.057288772973,6735.455401707574,6796.52978515625,384249
2024-05-08,6813.450917743171,7121.682117237233,6712.022404570229,7090.84912109375,545654
2024-05-09,7108.855166392471,7108.855166392471,6868.160286962948,6891.8896484375,412297
2024-05-10,6946.057582407387,7113.78908652802,6936.191023341467,7082.5615234375,509593
2024-05-13,7449.251725075931,8079.675678012254,7301.253346432038,7877.70703125,3294820
2024-05-14,7927.7802845884735,8011.547275498775,7810.269468646747,7973.0185546875,856307
2024-05-15,7972.179447455722,8016.578961705166,7858.911546032255,7976.421875,460611
2024-05-16,7976.421673325706,8265.8577442391,7920.478575845198,8194.3251953125,1059012
2024-05-17,8189.244087499892,8278.141399952936,8125.111453079712,8259.6416015625,319044
2024-05-21,8238.577429415307,8485.04390040582,8238.577429415307,8435.2177734375,375839
2024-05-22,8440.841207380005,8475.374163809964,8272.665516859874,8300.93359375,326374
2024-05-23,8347.107348202439,8376.707019649966,8245.037621788024,8311.1435546875,203242
2024-05-24,8364.671158944964,8395.208351619773,8264.032257594565,8309.8134765625,163314
2024-05-27,8347.058848256092,8356.974546245252,8150.861766179866,8286.2802734375,229846
2024-05-28,8253.474437087358,8262.9469113335,8068.032759775832,8123.779296875,328008
2024-05-29,8024.472131812448,8138.381743874106,8016.529744823468,8088.94970703125,226167
2024-05-30,8033.648281357698,8181.005920700064,8000.940734057888,8154.3662109375,319976
2024-05-31,8216.870777747814,8239.563864670028,8057.92040734388,8206.955078125,516112
2024-06-03,8387.067070419913,8648.037512173465,8283.221554372421,8611.53125,537121
2024-06-04,8633.23881266406,8633.23881266406,6889.225810566378,7564.44384765625,1346607
2024-06-05,7745.248849873222,7794.532505006354,7141.5633383869945,7708.44677734375,1097810
2024-06-06,7696.950922042179,8036.015568109671,7696.950922042179,7880.9130859375,483840
2024-06-07,7942.530642102186,7993.096755622337,7814.314518626327,7965.51953125,323673
2024-06-10,8068.920473001729,8090.577761056138,7887.622465246355,7954.3701171875,271789
2024-06-11,8036.312204627618,8223.185215154435,7964.385086773567,7987.22607421875,434290
2024-06-12,8011.79385974096,8213.910418463105,8011.645957708158,8170.49755859375,436181
2024-06-13,8238.576151321988,8376.609686862557,8194.225779214345,8333.88671875,386195
2024-06-14,8393.13726939859,9022.96871318944,8340.251932064235,8899.63671875,1242412
2024-06-18,9027.853217533426,9027.853217533426,8683.65769543018,8748.6787109375,517839
2024-06-19,8785.184416695927,8794.804312030921,8407.295194818733,8429.98828125,601292
2024-06-20,8485.240792141756,8549.965034167024,8273.701380469385,8425.3505859375,409555
2024-06-21,8475.374597749607,8525.200723149648,8243.510449848425,8287.318359375,318529
2024-06-24,8277.105379213237,8451.05261944988,8140.651062696553,8352.337890625,435447
2024-06-25,8381.5915782003,8483.117878234865,8273.157724284156,8287.5634765625,244800
2024-06-26,8313.562197939302,8322.44210059554,8125.801782258643,8278.880859375,336425
2024-06-27,8268.66856757987,8574.87679620582,8216.42495256553,8527.71484375,654170
2024-06-28,8603.639153220325,8603.787537012702,8324.415543087141,8377.5966796875,400414
2024-07-01,8377.596306898966,8530.47785573802,8348.43985652542,8472.80859375,251582
2024-07-02,8475.32512264577,8554.306735496226,8301.771962749594,8400.5859375,240074
2024-07-03,8422.094168195146,8527.3705380038,8416.174233212816,8502.8515625,235527
2024-07-04,8564.173029426736,8691.155833755913,8465.655825324411,8599.4951171875,329126
2024-07-05,8599.643132813597,8599.643132813597,8489.631007018706,8563.5810546875,222477
2024-07-08,8583.90608808076,8583.90608808076,8378.681666664575,8445.330078125,161299
2024-07-09,8500.040091806652,8598.656536071323,8452.828995107315,8476.3603515625,195613
2024-07-10,8509.857562430627,8509.857562430627,8269.754283319793,8428.8525390625,178905
2024-07-11,8470.489509094083,8475.373648198272,8314.54874660848,8345.0859375,134239
2024-07-12,8287.90919446813,8386.57478011656,8081.698120462911,8099.70458984375,406193
2024-07-15,8100.739942505758,8154.710207608361,8006.46517328372,8141.04541015625,279190
2024-07-16,8178.389865211525,8189.1939388471665,8075.728522693309,8122.4462890625,212920
2024-07-18,8124.815358391761,8139.812720456728,7610.422219592639,7787.82275390625,715249
2024-07-19,7794.581350007791,7804.152104624784,7498.584589880913,7518.81103515625,355166
2024-07-22,7424.732762200579,7656.301070080912,7325.919280647044,7613.9736328125,363722
2024-07-23,7663.306589870493,7707.804381800793,6959.081000549587,7402.927734375,714300
2024-07-24,7449.202418612724,7536.028132144571,7335.78613760553,7422.21728515625,388681
2024-07-25,7350.586295537553,7662.369553173777,7311.169200481431,7522.06689453125,304924
2024-07-26,7596.2139578249735,7764.981241790718,7547.275733188155,7746.4814453125,237187
2024-07-29,7793.594654727595,7887.820289558142,7707.804734811781,7867.8896484375,207473
2024-07-30,7883.3808544475,7941.593554123645,7725.5159061732065,7738.78662109375,136915
2024-07-31,7694.140125972985,7841.940985048367,7686.049354998337,7791.4736328125,274082
2024-08-01,7791.473074505572,7841.940423125144,7631.78273438261,7666.1181640625,143518
2024-08-02,7592.365732125734,7676.133197286607,7446.833997580447,7477.6669921875,195829
2024-08-05,7303.325736817966,7496.512769413071,7140.231227419954,7366.0771484375,335130
2024-08-06,7347.379826418398,7547.917638177829,7328.880028285609,7366.0771484375,271285
2024-08-07,7455.17147882577,7809.380923095019,7370.664503029404,7765.3759765625,470318
2024-08-08,7775.8350810871625,8045.192139472748,7672.236212477323,7836.31689453125,630662
2024-08-09,8041.245218538946,8153.477322049229,7815.301027735827,7865.71923828125,1288936
2024-08-12,7883.3313525591475,7883.3313525591475,7529.023129183564,7572.2880859375,499233
2024-08-13,7684.815988480269,7684.815988480269,7424.585500024269,7444.12109375,485092
2024-08-14,7498.58507686592,7710.716102066733,7351.5733431221015,7653.44091796875,505429
2024-08-16,7736.3688875505195,7819.247982889665,7621.27557353088,7805.63232421875,383686
2024-08-19,7848.798357069984,7877.85508357209,7704.746599108324,7718.21435546875,140445
2024-08-20,7763.945884617484,7775.83489511976,7632.325606423792,7696.65576171875,180753
2024-08-21,7720.581834473727,7824.180696150372,7662.171616898394,7815.84326171875,139006
2024-08-22,7843.914607888319,7843.914607888319,7726.107986734284,7754.67138671875,112842
2024-08-23,7765.4498889827555,7819.592353107174,7675.6411592307795,7702.1689453125,141683
2024-08-26,7726.128076429204,7738.576921476225,7607.568566304971,7696.88330078125,186052
2024-08-27,7734.723502440167,7927.925902899904,7734.723502440167,7812.0341796875,465311
2024-08-28,7834.758169527321,7860.446062564546,7750.876932866027,7843.1064453125,153307
2024-08-29,7858.024898283264,7918.24343758305,7695.795788700237,7781.94921875,261097
2024-08-30,7836.437582493422,7864.447362737902,7749.148048258457,7840.78466796875,328066
2024-09-02,7849.627131777243,7851.949018539336,7544.978510927821,7606.8271484375,278992
2024-09-03,7655.634399075959,7734.822174649584,7588.500366552664,7674.6533203125,199718
2024-09-04,7661.809522351041,7671.788377703635,7484.069151462335,7547.35009765625,301420
2024-09-05,7563.108661581162,7585.832567422621,7520.03194358903,7558.267578125,165098
2024-09-06,7558.168216413757,7558.168216413757,7410.018046445656,7426.171875,170226
2024-09-09,7409.969509803751,7538.408981307016,7342.340995109653,7509.658203125,197525
2024-09-10,7509.6577643793635,7549.128392630168,7419.849035651521,7445.24072265625,175153
2024-09-11,7469.150144484311,7563.0097554437125,7442.128360003076,7478.091796875,137928
2024-09-12,7530.603387951857,7662.8959379468815,7523.637727643507,7627.52587890625,267442
2024-09-13,7680.926797747644,7775.42850506527,7560.4405099171345,7592.1552734375,282303
2024-09-16,7637.207705652912,7802.203007961326,7606.6787312307115,7671.9853515625,355094
2024-09-17,7725.63390778491,7789.013748021238,7669.367348546951,7779.1337890625,157996
2024-09-18,7779.133661150155,7822.457376955822,7666.848025914389,7691.794921875,164835
2024-09-19,7736.008079773363,7738.8239646388665,7261.819243397079,7412.63720703125,438617
2024-09-20,7469.249182279993,7676.530534079545,7426.37025568051,7603.36962890625,474901
2024-09-23,7656.967988431776,7863.459125152064,7656.967988431776,7844.34130859375,267031
2024-09-24,7775.527580316286,8002.766632854119,7775.527580316286,7981.228515625,333336
2024-09-25,8001.778699310972,8096.230720296196,7896.507930380959,8080.17626953125,302067
2024-09-26,8115.39827962899,8115.39827962899,7866.966518921487,7973.52197265625,231382
2024-09-27,7992.886814950749,8088.969416032821,7968.186917500345,8035.8154296875,339640
2024-09-30,7879.26745537273,8097.614553509078,7879.26745537273,7958.30712890625,266470
2024-10-01,8002.7659488522695,8203.576094420692,7987.9952187318295,8168.84765625,368953
2024-10-03,8102.5537975136995,8160.845551452647,7949.216651811447,8012.9423828125,320792
2024-10-04,7992.936086632916,8006.916614639181,7785.407739538671,7835.20263671875,305714
2024-10-07,7808.131160441962,7963.246508055448,7580.052223215485,7665.16796875,193223
2024-10-08,7676.678540231707,8078.842057616308,7652.077057654683,8056.76025390625,190857
2024-10-09,8054.883598459216,8476.80705588187,7983.797100267981,8356.5185546875,567692
2024-10-10,8396.977440479694,8516.22874264472,8342.63766412643,8408.1416015625,321074
2024-10-11,8403.250328358878,8504.6684908498,8320.258674870101,8451.0205078125,226675
2024-10-14,8489.453464800263,8584.696658641926,8436.74426773024,8467.619140625,181469
2024-10-15,8516.524285221796,8573.828044913544,8442.424595965225,8544.484375,192358
2024-10-16,8575.804977697757,8833.2763402858,8514.055229874471,8664.08203125,660651
2024-10-17,8669.663836174557,8709.18367132521,8318.974506038501,8586.3759765625,407941
2024-10-18,8564.986028805906,8743.76408749502,8457.294471118115,8677.568359375,197602
2024-10-21,8724.101916428956,8764.807539104086,8160.845858770976,8180.3095703125,337458
2024-10-22,8171.9606578324965,8277.429214607304,8057.15534732608,8079.38525390625,267921
2024-10-23,8052.215415388377,8101.4675876047,7528.775405006991,7611.322265625,553732
2024-10-24,7681.667590162462,7810.1070482616415,7490.243397803108,7556.291015625,482630
2024-10-25,7624.068267605883,7644.470286759586,7326.08860326119,7431.359375,287311
2024-10-28,7429.729500065535,7496.617018452966,7229.166323401531,7250.85302734375,497757
2024-10-29,7251.39571338917,7417.823811244423,7113.619495864768,7402.55908203125,352099
2024-10-30,7413.377956894358,7440.8932565064915,7301.28963015895,7337.74658203125,262509
2024-10-31,7370.449684447071,7390.061500265671,7230.203468328008,7340.2666015625,520624
2024-11-01,7384.281307280013,7409.969200508442,7295.361676873911,7341.20458984375,39200
2024-11-04,7354.641015226447,7362.544981927389,7173.8377769424005,7272.4892578125,331535
2024-11-05,7312.107849783406,7349.206899819874,6851.751004940623,7047.22607421875,2177411
2024-11-06,7064.170121212047,7111.544713804053,6952.625489488344,7078.05126953125,658234
2024-11-07,7103.690837730812,7153.633839734662,6891.370605838108,6915.724609375,418991
2024-11-08,6945.660453613723,7033.443986694705,6865.583578082098,6960.8759765625,565723
2024-11-11,6955.491108623388,7180.902275837201,6911.377188345994,7150.91650390625,408263
2024-11-12,7208.4672346114085,7221.014975407325,6851.998509757982,6880.650390625,547081
2024-11-13,6856.691579395307,6914.983337779215,6700.58822643501,6720.34814453125,509564
2024-11-14,6726.276314059253,6752.112311231658,6550.264935021836,6599.9609375,599381
2024-11-18,6619.918302770516,6664.477013521434,6525.712798961639,6546.36181640625,327357
2024-11-19,6592.15554459978,6706.911170174373,6546.756940709827,6621.1533203125,415057
2024-11-21,6621.15350950559,6748.012088297962,6536.086964880698,6679.642578125,337186
2024-11-22,6693.62284940496,6855.703379805969,6679.939010045889,6821.765625,254886
2024-11-25,7004.890947932877,7212.320880607244,6966.359107739734,7172.7021484375,745341
2024-11-26,7212.369709176319,7301.289335727808,7163.414707748411,7241.71337890625,456499
2024-11-27,7241.713531170932,7449.587766018107,7228.671792701224,7406.21484375,475285
2024-11-28,7429.729132783696,7429.729132783696,7252.5816617213095,7306.08154296875,358113
2024-11-29,7345.7494943653155,7382.25613572826,7286.469740543941,7332.16455078125,191937
2024-12-02,7289.433543557888,7418.8117959632,7251.9389072478425,7400.830078125,353136
2024-12-03,7442.572682977452,7543.348258931746,7390.258110139123,7447.06787109375,339612
2024-12-04,7484.06881642417,7629.798209219228,7484.06881642417,7572.1982421875,395551
2024-12-05,7558.168532540858,7589.78440091227,7330.929478621329,7398.50830078125,424954
2024-12-06,7449.4886940622855,7483.080552894927,7400.088901661342,7461.73974609375,228818
2024-12-09,7485.007603380535,7548.288546723802,7442.128196119013,7478.8818359375,209644
2024-12-10,7544.337133759708,7617.448834636898,7479.327192704438,7600.89990234375,265407
2024-12-11,7610.532250664624,7693.52390444313,7558.168469113901,7635.97314453125,173332
2024-12-12,7651.039731436219,7661.907685600191,7542.607188754772,7565.13330078125,118184
2024-12-13,7523.589142759854,7625.94561943949,7470.5832566425115,7610.77978515625,132883
2024-12-16,7610.779653926063,7848.39267528318,7596.996917723463,7795.6337890625,340801
2024-12-17,7795.633692699699,7864.447511945244,7687.596242518334,7723.60888671875,213086
2024-12-18,7718.272884488579,7720.940666285206,7529.022469999221,7565.232421875,201768
2024-12-19,7528.528770365281,7528.528770365281,7247.048834476937,7263.64697265625,233391
2024-12-20,7271.451905345108,7318.530295096948,6803.33964903716,6838.16650390625,557249
2024-12-23,6882.3793118400345,6971.2989411919725,6810.255612476795,6875.6611328125,167980
2024-12-24,6923.77657154995,6931.73022822711,6759.720040573923,6795.6337890625,159850
2024-12-26,6797.411795044058,6871.95627870039,6760.90515355476,6861.927734375,119925
2024-12-27,6885.145587266906,6922.838016526754,6740.157189946066,6764.708984375,155724
2024-12-30,6730.227774477375,6802.697367035613,6588.055267211008,6621.4990234375,901044
2024-12-31,6621.499550161734,6864.990858913368,6621.499550161734,6829.27490234375,362642
2025-01-01,6829.027548182575,6864.299194198859,6764.066818828841,6845.2802734375,74460
2025-01-02,6827.545320415565,6854.616310217592,6713.431799757436,6808.97119140625,323524
2025-01-03,6817.171999094977,6848.688973157538,6685.768538822566,6718.5205078125,149381
2025-01-06,6718.421365612747,6744.998841412078,6494.887291947276,6540.8291015625,208851
2025-01-07,6548.0908754390175,6660.969406070871,6548.0908754390175,6625.6982421875,207775
2025-01-08,6619.523485098477,6637.307411733504,6488.614025146195,6577.0888671875,162710
2025-01-09,6558.316848118621,6611.668627238598,6379.9835864305505,6404.63427734375,193962
2025-01-10,6402.213374263114,6467.371896248446,6286.617855005586,6338.6357421875,259956
2025-01-13,6275.750071612719,6307.267044915337,6007.015181896305,6035.9140625,389091
2025-01-14,6061.305374440136,6180.3091859358,5988.292094689179,6072.8154296875,254776
2025-01-15,6116.139708683619,6155.1655486259115,6033.395048046478,6119.39990234375,252993
2025-01-16,6163.217089043009,6276.786924035183,6145.532059580489,6232.52490234375,170841
2025-01-17,6224.37400511059,6475.028751268464,6176.604308127079,6449.14306640625,385172
2025-01-20,6468.952526317676,6500.667291996858,6377.562903247379,6446.92041015625,131130
2025-01-21,6446.920001969854,6463.666724807669,6188.213188882564,6205.7998046875,337700
2025-01-22,6247.740375672992,6263.894205636806,6040.607125120415,6204.2685546875,303115
2025-01-23,6204.268055591814,6411.055876869456,6185.051825722126,6254.2607421875,243034
2025-01-24,6283.654188859563,6303.315211614312,6078.447238812025,6104.72802734375,145838
2025-01-27,6026.774625844738,6103.640509252328,5936.867004377218,6010.27490234375,241956
2025-01-28,6026.774777487923,6110.507427060399,5838.462669104083,5926.93798828125,270318
2025-01-29,5942.79560937213,6065.504898713158,5942.79560937213,6037.4951171875,119869
2025-01-30,6051.474768400754,6060.317524499669,5609.840609792569,5650.6943359375,854672
2025-01-31,5671.096811537057,5876.451868348211,5641.555828811114,5804.13037109375,511763
2025-02-01,5848.935144672243,5872.054149942557,5340.117306917817,5433.48291015625,510445
2025-02-03,5414.316797274169,5432.989824573501,5044.213411412987,5134.9609375,1444875
2025-02-04,5208.072323362443,5582.176877244604,5201.798452865989,5561.97216796875,1337087
2025-02-05,5607.864793622252,5735.859470987944,5572.346147636204,5675.9873046875,699315
2025-02-06,5725.386928874684,5803.833705414809,5574.519764738227,5613.19970703125,384010
2025-02-07,5644.222654103132,5689.720153698521,5533.814114829887,5617.49755859375,284417
2025-02-10,5606.827638062234,5655.584850768677,5491.775320233052,5513.51123046875,376402
2025-02-11,5528.824895647998,5528.824895647998,5343.723772680886,5371.58544921875,350160
2025-02-12,5357.902200475634,5443.8578507506445,5163.563198207733,5384.13330078125,348968
2025-02-13,5384.676416949342,5502.1490300492915,5339.03081453836,5377.41455078125,297830
2025-02-14,5389.517188520393,5429.975810245413,5160.302158687811,5200.56298828125,296054
2025-02-17,5199.821905560952,5212.616644163883,5080.274413527344,5178.97509765625,252290
2025-02-18,5374.697795576795,5448.797489449637,5031.863211925114,5080.32421875,3924895
2025-02-19,5028.849809674056,5131.601380934567,4959.492306105267,5062.3427734375,938108
2025-02-20,5038.779087184057,5291.706037442707,5011.115201999517,5280.4921875,757479
2025-02-21,5263.054097769016,5301.53673059206,5122.807888435702,5227.88134765625,597090
2025-02-24,5185.20059595319,5344.070153528277,5132.540121775226,5325.2490234375,557026
2025-02-25,5324.309681835271,5327.174773341154,5178.5310858711655,5238.15625,415818
2025-02-27,5238.156143090123,5253.865662856644,5043.916547195484,5082.9423828125,541660
2025-02-28,5048.659468391372,5057.551432230026,4858.964239833418,4876.1552734375,784607
2025-03-03,4895.321788431248,5083.238797589983,4831.299848438292,5027.21923828125,558162
2025-03-04,4939.9797046403455,5149.434844117097,4939.9797046403455,5129.08203125,506485
2025-03-05,5038.7784741888245,5291.705393677519,5038.7784741888245,5248.52978515625,445752
2025-03-06,5277.874200200768,5366.793832925978,5220.175335005276,5305.5380859375,532908
2025-03-07,5305.538482142906,5305.587688974586,5216.618842777382,5262.60986328125,482112
2025-03-10,5264.041579464008,5345.798231247162,5077.952475567873,5098.3544921875,342786
2025-03-11,5038.779450091701,5119.795119681411,5019.019530679577,5067.7275390625,549888
2025-03-12,5092.476973735643,5116.43587529905,4974.559561722065,5078.0029296875,222937
2025-03-13,5090.155102601502,5241.022276191985,5049.647268904557,5057.1064453125,367022
2025-03-17,5098.058962339849,5155.8075170033,5039.767202886739,5125.376953125,276511
2025-03-18,5125.376953125,5125.376953125,5125.376953125,5125.376953125,0
2025-03-19,5367.386780520553,5446.623764576652,5282.567233529537,5409.87060546875,580679
2025-03-20,5433.97696824093,5439.509841274378,5276.539739049838,5395.14892578125,442929
2025-03-21,5404.288535276598,5505.755427929638,5368.176994549721,5391.98779296875,685475
2025-03-24,5405.474060422856,5530.801445832133,5405.474060422856,5465.79150390625,310148
2025-03-25,5525.861376155634,5527.788161235789,5332.708166958704,5349.158203125,265207
2025-03-26,5388.727352355168,5555.352761982202,5342.636958354771,5457.39306640625,729146
2025-03-27,5419.157591363855,5511.486002547477,5379.686961609214,5473.84326171875,403518
2025-03-28,5493.208100333396,5557.477041867393,5437.682536742696,5479.67236328125,420034
2025-04-01,5473.00371066264,5481.4016764611115,5308.502380610229,5334.33837890625,380081
2025-04-02,5360.075342965676,5366.694625788516,5148.5453324482105,5249.3701171875,682715
2025-04-03,5186.978211434872,5289.877882707272,5179.7660346992925,5263.35009765625,224578
2025-04-04,5261.077976291257,5267.055158301073,5014.770800341,5034.72802734375,457097
2025-04-07,4628.217991297585,4962.061738606487,4628.217991297585,4903.96728515625,765239
2025-04-08,4980.536158045588,5058.489414533221,4910.339247683956,5003.60595703125,304029
2025-04-09,5013.091169034194,5029.788203168407,4910.3395959992,4975.7451171875,353532
2025-04-11,5087.684849534029,5111.84154207885,4991.404456821039,5081.55908203125,416323
2025-04-15,5157.338130554298,5225.015843570192,5096.576388211561,5183.52001953125,334196
2025-04-16,5216.6182382191655,5391.987506644147,5189.448351561774,5314.923828125,566818
2025-04-17,5357.407276735886,5577.236344338234,5230.943813126444,5504.61865234375,1143784
2025-04-21,5610.334998714456,5630.588915677324,5452.7496447838475,5561.42919921875,684672
2025-04-22,5581.188758919242,5635.528532638583,5524.3789954853855,5614.28662109375,325345
2025-04-23,5646.396401897947,5722.472083953265,5541.668839588028,5644.42041015625,376059
2025-04-24,5651.336715522545,5664.1806626032785,5554.019116487761,5620.21484375,374809
2025-04-25,5629.599928857803,5639.973884500662,5320.357251123073,5432.98876953125,638225
2025-04-28,5432.989561136058,5491.775318344205,5393.469724357473,5469.54541015625,205197
2025-04-29,5514.993103808934,5557.47692743197,5493.257194048312,5516.47509765625,224766
2025-04-30,5522.8972447586575,5536.729187768787,5403.349737313972,5456.20751953125,316444
2025-05-02,5472.111789035219,5497.95645870187,5387.6195997403975,5408.494140625,203903
2025-05-05,5466.147115425683,5471.6142565667715,5383.145972647352,5454.7158203125,241475
2025-05-06,5467.141070256843,5467.141070256843,5278.276196920698,5302.1328125,400370
2025-05-07,5239.012637867647,5412.47012867647,5238.515625,5365.25390625,270305
2025-05-08,5369.727080747636,5407.003046228576,5178.874137485224,5255.9111328125,345691
2025-05-09,5158.993620976357,5435.332778323454,5158.993620976357,5407.9970703125,321841
2025-05-12,5482.0517316811065,5680.856871542615,5439.8056394605355,5553.62158203125,669665
2025-05-13,5556.603974236006,5664.95278160483,5494.974377384015,5602.826171875,638165
2025-05-14,5586.4245750610025,5710.677790698481,5558.094841895658,5601.3349609375,400038
2025-05-15,5606.30534478531,5713.16311509815,5574.496520134046,5700.73779296875,356216
2025-05-16,5710.67804773075,5830.955165881389,5666.94091385779,5785.22998046875,418266
2025-05-19,5834.433880044402,5877.6739982456,5789.205710431655,5803.1220703125,181786
2025-05-20,5862.266891970082,5862.7639048477395,5675.887062848524,5704.216796875,444180
2025-05-21,5715.648005997568,5864.254854153505,5687.815285272711,5851.33251953125,266662
2025-05-22,5858.290613806787,5923.3992988334,5791.690890191778,5888.6083984375,286074
2025-05-23,5914.4529243140305,5953.716939525863,5839.900996696627,5925.38720703125,208138
2025-05-26,5929.363482457866,6011.867618089719,5929.363482457866,5960.67529296875,219984
2025-05-27,5964.15449772425,6013.855785205285,5922.40541624018,5978.56787109375,244514
2025-05-28,5978.567440286004,6025.783659990649,5945.267580073255,5979.064453125,160963
2025-05-29,5979.064797794118,6033.736213235294,5950.735064338235,6007.39453125,160875
2025-05-30,6043.676441341484,6081.4494190998685,5909.979980591414,5935.32763671875,296253
2025-06-02,5924.393754838271,5954.711541670917,5855.805974790647,5938.80712890625,159034
2025-06-03,5938.806555145238,6043.676266680567,5930.357336680307,5959.18408203125,197089
2025-06-04,5973.100900493591,6013.855957394945,5934.3338951484,6005.40673828125,171316
2025-06-05,6004.909553214763,6043.676557448396,5974.094754977773,5995.46630859375,135626
2025-06-06,6033.239142751926,6138.60586968688,5990.496036542464,6015.3466796875,336263
2025-06-09,6057.095508244607,6203.217283859928,6034.729930344303,6177.86962890625,270782
2025-06-10,6222.601248695383,6222.601248695383,6123.19867283763,6131.15087890625,207893
2025-06-11,6153.019242957565,6157.989371586772,5997.9512297263245,6040.6943359375,294907
2025-06-12,6042.6822998574,6062.562814086245,5939.3036258674065,5985.02880859375,369396
2025-06-13,5854.811834687292,5981.550121431371,5849.841705795367,5963.16064453125,220342
2025-06-16,5965.148466160339,6008.885598723421,5905.506921756137,5978.07080078125,133245
2025-06-17,6003.915383679261,6047.652515613348,5978.070714809118,5998.4482421875,101944
2025-06-18,5965.148494536162,6053.119772950834,5964.154468791363,6007.8916015625,165662
2025-06-19,6007.891514538785,6032.245144933589,5815.050522841147,5833.93701171875,130952
2025-06-20,5861.769931299478,5955.208353131283,5818.529810558165,5932.8427734375,241725
2025-06-23,5864.751723801384,5923.3992410393985,5844.871209483414,5888.111328125,88496
2025-06-24,5939.303568279832,6030.753932845814,5905.009681567589,5967.63330078125,228616
2025-06-25,6014.849666006296,6028.766026165623,5905.506836183012,5930.8544921875,138938
2025-06-26,5949.243882780016,5989.004911236357,5917.435060014943,5976.57958984375,110098
2025-06-27,6023.796013237294,6138.108973884536,5993.975240894534,6033.2392578125,241168
2025-06-30,6053.616584104669,6096.856702562559,6023.7958127544,6044.17333984375,157658
2025-07-01,6077.970299417887,6107.791071187048,5886.123334369617,5913.9560546875,365605
2025-07-02,5943.279696858862,5953.716966773065,5807.098175121169,5870.7158203125,284183
2025-07-03,5894.572378225326,5903.021596642681,5827.475643734566,5836.421875,193225
2025-07-04,5856.7992859199085,5866.242529846629,5806.103976418564,5826.978515625,153889
2025-07-07,5826.978889105012,5826.978889105012,5767.337344692473,5809.08642578125,89857
2025-07-08,5813.062068573417,5849.841018049684,5787.217401373877,5805.10986328125,242940
2025-07-09,5805.607676736619,5904.513243697546,5786.224173663874,5862.76416015625,204872
2025-07-10,5862.7636430429175,5893.578440081631,5791.690804711692,5858.29052734375,189571
2025-07-11,5844.871558238513,5861.769996417094,5683.839382654391,5722.109375,280804
2025-07-14,5722.10905739023,5747.95372611118,5543.681440643675,5613.76025390625,456678
2025-07-15,5645.568930893924,5690.7970999855115,5557.100644099389,5574.49609375,454138
2025-07-16,5574.496381564132,5584.43663902056,5469.6266653988305,5517.8369140625,590118
2025-07-17,5534.735521064302,5630.1619955654105,5435.33294345898,5603.8203125,1071876
2025-07-18,5650.042568543567,5693.2826902416045,5596.862188983911,5612.7666015625,425486
2025-07-21,5632.1498998337365,5810.57752196931,5601.83211445694,5801.13427734375,428913
2025-07-22,5815.547622736343,5836.919176259774,5696.76154617588,5720.6181640625,346363
2025-07-23,5737.019908597102,5753.421334308243,5641.096418831942,5676.88134765625,186980
2025-07-24,5676.8809454818,5700.240550142775,5621.215504587564,5664.95263671875,116292
2025-07-25,5664.952549411329,5675.886832275607,5576.981273639631,5609.287109375,340538
2025-07-28,5606.305556025156,5610.2816592563795,5491.992588127479,5512.3701171875,265335
2025-07-29,5511.873044774489,5558.59225723696,5445.273316370541,5545.669921875,209954
2025-07-30,5576.484287963911,5576.484287963911,5437.320687194758,5520.81884765625,331867
2025-07-31,5477.08154296875,5541.1961998692,5456.704016356978,5477.08154296875,255793
2025-08-01,5505.908370613399,5505.908370613399,5328.474782573231,5355.3134765625,382061
2025-08-04,5278.276774208395,5331.954165132548,4984.542162762335,5062.076171875,1957165
2025-08-05,5039.710592514506,5068.537339493386,4989.51229174094,5053.626953125,614211
2025-08-06,5093.388012019938,5093.388012019938,4994.48244855468,5066.54931640625,385429
2025-08-07,5062.07622844446,5109.292452470207,4987.027282887748,5087.9208984375,355953
2025-08-08,5122.549040763609,5122.549040763609,4985.111154572226,5001.5439453125,348746
2025-08-11,5036.401650462218,5101.634853567868,4982.123641771256,5026.4423828125,429040
2025-08-12,5058.809698797431,5068.768965848908,4996.564279725704,5050.84228515625,273262
2025-08-13,5076.736527584099,5081.218197887999,5017.976850266304,5066.279296875,231709
2025-08-14,5079.226593563619,5084.704190870403,5003.038194660165,5009.51171875,237754
2025-08-18,5069.267110925869,5069.267110925869,4983.119447842354,5016.98095703125,307068
2025-08-19,5017.479130119438,5061.299908548429,4987.103363253888,5047.35693359375,204663
2025-08-20,5063.2914200551595,5119.561279463719,5049.348446042419,5100.638671875,312054
2025-08-21,5129.022505857665,5173.839207365159,5091.177291251337,5120.55712890625,377717
2025-08-22,5148.941111526023,5148.941111526023,5030.425832556662,5042.376953125,219900
2025-08-25,5079.226157744952,5092.671168162512,5024.450189377114,5079.72412109375,246352
2025-08-26,5079.724192167743,5088.687532571529,4990.58875148565,5001.5439453125,482397
2025-08-28,5001.544261589466,5018.972980143391,4932.825314148273,4980.1318359375,335387
2025-08-29,4982.621402210129,5039.887188863554,4919.380055210261,4978.6376953125,251338
2025-09-01,5021.4626024494055,5119.561385936368,4997.162087351714,5106.5146484375,242505
2025-09-02,5106.514899847803,5153.423148676997,5076.238822844072,5127.23046875,306762
2025-09-03,5129.022624369662,5188.678537829589,5127.230150784879,5167.26611328125,213167
2025-09-04,5198.737713287307,5200.530186947356,5124.04320591249,5141.7705078125,350954
2025-09-05,5141.770150511685,5164.079297531263,5049.348347659234,5096.55517578125,259197
2025-09-08,5119.063258533572,5166.170397115594,5076.836063542657,5087.4921875,101582
2025-09-09,5090.1813231443075,5129.022464134843,5070.262789303007,5110.99609375,150868
2025-09-10,5108.904678562003,5173.839295030039,5100.140717968975,5140.8740234375,184147
2025-09-11,5160.593580192115,5215.668132230913,5136.093686093304,5196.84521484375,178386
2025-09-12,5202.721296312921,5243.554292704351,5179.81498126407,5227.22119140625,196396
2025-09-15,5227.221406947586,5361.372452750777,5219.851646016886,5317.0537109375,435154
2025-09-16,5348.126374745863,5354.998171711931,5294.943986266634,5327.2119140625,154462
2025-09-17,5353.70365586047,5393.7396173509005,5309.9825710699315,5363.86181640625,196332
2025-09-18,5388.063504126819,5449.013930545211,5374.02083944134,5413.85791015625,293576
2025-09-19,5436.5646042382405,5442.440960941322,5395.930988432542,5414.75390625,272034
2025-09-22,5407.882035841892,5433.0787870904815,5319.24455864301,5340.95556640625,155891
2025-09-23,5338.366681728482,5353.504476331493,5263.4727967077715,5277.1171875,167342
2025-09-24,5276.419743072667,5328.008552461198,5202.322892636797,5215.966796875,137979
2025-09-25,5215.668549175602,5243.554499027981,5162.884429812167,5179.5166015625,308529
2025-09-26,5179.71513298473,5188.778163311554,5100.14068604961,5152.3271484375,348241
2025-09-29,5152.327132574638,5224.631508815184,5146.052988832798,5186.5869140625,228230
2025-09-30,5179.815109993991,5211.2864930582355,5154.020704012925,5162.18701171875,215173
2025-10-01,5163.880267501863,5186.786583056838,5122.051343444953,5177.8232421875,94280
2025-10-03,5168.859754245744,5187.284398841803,5127.528794746476,5162.38623046875,291382
2025-10-06,5169.357620771473,5223.137663449763,5154.916683385636,5196.74560546875,156474
2025-10-07,5211.68475741136,5321.236701480775,5188.280478451076,5198.23974609375,382453
2025-10-08,5215.170440861271,5215.170440861271,5080.222365861424,5107.6103515625,399870
2025-10-09,5099.145050034004,5140.973974272564,5054.32834549269,5125.537109375,212517
2025-10-10,5130.01854131767,5188.7782178732405,5126.532797793187,5164.8759765625,180079
2025-10-13,5138.981798658329,5154.418662588408,5080.222123053515,5126.53271484375,284296
2025-10-14,5148.443309922157,5148.443309922157,5060.80175633416,5098.64697265625,299352
2025-10-15,5098.646716269662,5206.704762702958,5076.736328974432,5152.4267578125,218559
2025-10-16,5168.859631881655,5238.57450167582,5056.817876855319,5190.77001953125,542569
2025-10-17,5187.284559133282,5205.709204298678,5154.916939248126,5180.81103515625,145812
2025-10-20,5206.7051742598915,5252.019842475046,5182.304968297885,5210.19091796875,141485
2025-10-21,5226.623664122138,5240.566638835878,5198.7377146946565,5218.65625,26961
2025-10-23,5222.639954043231,5257.995354189786,5143.9617396325875,5160.39453125,333500
2025-10-24,5176.827239100801,5188.778360083719,5130.516645291992,5159.896484375,245669
2025-10-27,5176.826994439672,5218.655915903017,5150.932900200459,5216.6640625,72330
2025-10-28,5238.5747565150705,5253.513657911977,5120.557435479513,5154.4189453125,236636
2025-10-29,5154.418857654522,5278.411737140173,5154.418857654522,5267.45654296875,193168
2025-10-30,5275.9217143361375,5284.387091319971,5215.668148745323,5257.4970703125,121312
2025-10-31,5262.477106905531,5273.930264878547,5183.300927874686,5198.73779296875,146857
2025-11-03,5193.7578249485705,5257.497134784948,5183.798557786637,5234.5908203125,79178
2025-11-04,5241.562255859375,5249.031706157483,5204.2150043688325,5222.6396484375,101847
2025-11-06,5236.582880792129,5258.991232792476,5150.933179813026,5206.705078125,302941
2025-11-07,5078.230360902771,5130.018550502094,4942.28636320455,4996.06640625,1147124
2025-11-10,4943.780553964469,4988.597259228046,4901.4536656599785,4971.66650390625,207748
2025-11-11,5001.046040503462,5006.025674119417,4920.873939286589,4958.22119140625,202095
2025-11-12,4973.658232477406,4979.633793029041,4890.996311513124,4903.943359375,322415
2025-11-13,4912.906816895227,4938.800913234022,4876.057525951557,4892.98828125,308690
2025-11-14,4892.988042458039,4942.784379140901,4879.045068186838,4932.3271484375,120184
2025-11-17,4934.817177582317,5039.389489115342,4905.935301063671,5020.96484375,201519
2025-11-18,5020.96452226574,5074.2466013971925,4978.13967361803,5059.8056640625,185933
2025-11-19,5060.801520108003,5078.2302373375405,5016.482782010039,5062.29541015625,241340
2025-11-20,5062.29584208641,5150.9333258451525,5062.29584208641,5126.03515625,315841
2025-11-21,5109.10400390625,5111.095857319079,5047.85451146176,5071.2587890625,195539
2025-11-24,5071.25880200094,5079.226215672583,5004.03374914645,5036.4013671875,453211
2025-11-25,5021.960730169455,5071.259105210285,5014.491279405693,5049.8466796875,179842
2025-11-26,5049.846408748948,5185.292441998106,5037.397324810606,5176.3291015625,157689
2025-11-27,5213.676699578404,5243.0565396237835,5167.3661042526355,5219.154296875,123457
2025-11-28,5238.57467164855,5239.07263502038,5148.941264719203,5153.9208984375,82669
2025-12-01,5196.745728491726,5198.239618601488,5127.528820072758,5168.36181640625,68252
2025-12-02,5149.937062968026,5200.231362267947,5139.977795779923,5161.88818359375,149427
2025-12-03,5161.888184549852,5161.888184549852,5067.7731096048465,5086.19775390625,81229
2025-12-04,5079.226462436563,5160.892456538485,5074.246828649861,5151.43115234375,90233
2025-12-05,5151.430831117263,5172.843255064874,5119.561176869654,5152.4267578125,99564
2025-12-08,5150.435060766034,5172.843412089101,5028.434036896008,5036.8994140625,130551
2025-12-09,5030.426060458703,5107.112420913132,4960.711187318314,5096.1572265625,113585
2025-12-10,5088.687761294916,5170.851718689344,5077.234603597511,5131.0146484375,118196
2025-12-11,5133.006478563126,5236.084897370127,5126.034991300817,5221.14599609375,197330
2025-12-12,5248.534050725003,5277.415926905463,5208.696980131264,5256.50146484375,200377
2025-12-15,5266.4604363765375,5276.419703464995,5179.316849352531,5263.47265625,191017
2025-12-16,5258.493165180274,5258.493165180274,5205.709048181306,5220.64794921875,71299
2025-12-17,5216.664101215009,5241.064305583044,5131.014404249661,5149.93701171875,85858
2025-12-18,5163.879913943722,5163.879913943722,5054.825940833435,5076.736328125,362593
2025-12-19,5085.201800972149,5170.353535007229,5079.226240688985,5155.91259765625,351488
2025-12-22,5159.398521000711,5211.6846753009795,5148.941290140659,5159.896484375,67499
2025-12-23,5163.880126390157,5193.757928471488,5130.018617364648,5182.802734375,64953
2025-12-24,5191.267995715484,5244.550074904123,5180.810765220518,5193.7578125,103441
2025-12-26,5193.7578385956795,5223.137676800583,5143.46353929576,5161.88818359375,54254
2025-12-29,5197.243504441327,5197.243504441327,5134.002158741983,5143.96142578125,53679
2025-12-30,5134.002126448927,5147.945100216199,5079.226158077503,5117.5693359375,107504
2025-12-31,5129.022870829303,5186.288660163806,5120.557493275507,5148.94140625,106827
2026-01-01,5161.888074316473,5174.3371580380535,5125.038786500591,5155.41455078125,37884
2026-01-02,5135.496462575641,5198.737813370473,5135.496462575641,5184.296875,63490
2026-01-05,5208.696759063317,5228.117330153515,5110.100013528466,5147.447265625,101498
2026-01-06,5147.447341000409,5233.0970403959855,5139.479927103147,5203.21923828125,122892
2026-01-07,5193.758165971763,5285.8813932684825,5160.394618788628,5277.416015625,123203
2026-01-08,5290.363031517626,5346.134930946276,4963.201085762064,5000.54833984375,681840
2026-01-09,5029.430033026335,5117.0715860770915,4963.200904868661,5072.2548828125,329338
2026-01-12,5054.328009216986,5054.825972567647,4930.833098252866,5027.43798828125,172796
2026-01-13,5029.429815125667,5060.801506051698,4902.947124725477,4945.77197265625,113004
2026-01-14,4940.294569243921,4971.666261398176,4904.939170149442,4914.8984375,107017
2026-01-15,4914.8984375,4914.8984375,4914.8984375,4914.8984375,0
2026-01-16,4914.898250605279,4939.79641803489,4832.236334738969,4852.65283203125,186282
2026-01-19,4857.632761719954,4921.870037605333,4819.289581540309,4845.681640625,238177
2026-01-20,4835.224152993612,4835.224152993612,4653.9654926754165,4672.39013671875,413609
2026-01-21,4673.386293999768,4732.145972496515,4618.610322519749,4688.3251953125,349292
2026-01-22,4705.753630356462,4787.4196192854,4699.7780701909305,4736.12939453125,145026
2026-01-23,4740.61112904729,4755.550029664036,4649.483835285141,4675.3779296875,114255
2026-01-27,4675.378147508132,4757.54210472816,4630.561443569935,4688.3251953125,178884
2026-01-28,4739.615383758954,5054.328235464738,4730.652043045814,5022.95654296875,419235
2026-01-29,5029.43017560285,5524.9037424072885,4963.201045567684,5451.703125,2492153
2026-01-30,5417.841489647755,5582.667365849355,5378.004419870933,5555.77734375,634906
2026-02-02,5467.63792784439,5514.44648569661,5346.632826162588,5445.7275390625,156864
2026-02-03,5618.520622937822,5745.501280462341,5585.157077627458,5645.41064453125,646658
2026-02-04,5637.9414768407905,5843.102392620547,5559.761224953844,5731.55859375,509746
2026-02-05,5726.578536273289,5816.70990280072,5639.932913202719,5746.4970703125,205411
2026-02-06,5745.50150069246,5821.19193474561,5703.174613228526,5792.31005859375,304093
2026-02-09,5821.191850829007,5826.171484576509,5724.586956127483,5791.81201171875,137449
2026-02-10,5826.171309359029,5860.03281782368,5782.350533698893,5846.08984375,155125
2026-02-11,5827.167126966704,5837.1263939757055,5757.452257903694,5801.77099609375,91365
2026-02-12,5795.297640256544,5840.612306458927,5736.537963202903,5764.921875,169801
2026-02-13,5764.922003859622,5831.151132866561,5703.174545236611,5756.95458984375,152957
2026-02-16,5757.452441174051,5889.910696610161,5719.109261968862,5864.0166015625,188248
2026-02-17,5898.376179538907,5915.804897671779,5782.350713111507,5812.228515625,116120
2026-02-18,5812.228303260223,5884.930953386678,5747.991030203286,5857.54296875,178419
2026-02-19,5861.029004392867,5883.935319958038,5671.802919289274,5696.203125,136031
2026-02-20,5701.6804802332135,6220.558302102472,5696.202883265304,5962.61328125,4034978
2026-02-23,6065.19384703739,6065.19384703739,5751.476923914765,5893.396484375,831004
2026-02-24,5857.5432981544,6050.25512816254,5857.5432981544,6031.33251953125,782563
2026-02-25,6076.148804057306,6154.827013452574,6021.870798841584,6142.3779296875,363747
2026-02-26,6144.867843212436,6180.223241662038,6085.61020355747,6108.0185546875,283878
2026-02-27,6103.039155123086,6103.039155123086,6014.40167392107,6048.26318359375,602254
2026-03-02,5816.212354274611,6048.263292381801,5811.23272040965,5958.6298828125,275442
2026-03-04,5875.967886410899,5887.421044155599,5769.901686427381,5806.7509765625,275613
2026-03-05,5820.19583693498,5976.058370898075,5809.738606221802,5904.849609375,268401
2026-03-06,5875.967968041178,6093.080004826429,5845.094238039606,6037.30810546875,377080
2026-03-09,5957.633872557982,5975.560554220644,5829.159320642238,5958.1318359375,249926
2026-03-10,6007.928061922331,6224.542127975892,6007.430098552093,6199.14599609375,474110
2026-03-11,6204.623584917396,6299.236625136843,6155.823174698945,6254.419921875,599883
2026-03-12,6216.574764247543,6403.311029594613,6120.965796389843,6382.89453125,596298
2026-03-13,6413.2704725233425,6527.304088348162,6313.677794947082,6366.4619140625,1070957
2026-03-16,6373.93102685751,6390.861781147601,6137.39843015772,6192.67236328125,371084
2026-03-17,6212.093244038334,6311.685921297465,6151.341710910263,6284.7958984375,297126
2026-03-18,6294.754792745316,6389.367830528847,6254.917724204882,6311.685546875,280678
2026-03-19,6235.497523155249,6296.24905628294,6153.333564416979,6188.68896484375,212355
2026-03-20,6224.542029872856,6354.012504094211,6224.542029872856,6271.3505859375,274862
2026-03-23,6238.485308646445,6238.485308646445,5950.6624711306695,6016.8916015625,274731
2026-03-24,6174.745605627231,6219.064344248266,6020.376965486551,6136.900390625,280421
2026-03-25,6174.745740065393,6264.379145969568,6160.304802447497,6187.19482421875,231844
2026-03-27,6164.786586302212,6164.786586302212,5962.613455927519,6080.1328125,425645
2026-03-30,5970.580909637192,6075.153219147101,5886.923062029265,5917.298828125,342351
2026-04-01,6154.827137323726,6163.29251445435,5987.51144815376,6038.3037109375,339497
2026-04-02,5996.972763454049,6132.916761164167,5892.400457523188,6116.98193359375,275527
2026-04-06,6124.949646365645,6222.052506612906,6063.202186516105,6168.2724609375,259645
2026-04-07,6149.847728530268,6254.420038084224,6056.728576689365,6243.46484375,253657
2026-04-08,6372.935432707183,6557.679849454672,6344.053556234529,6538.25927734375,626418
2026-04-09,6548.218426792362,6614.945519506445,6457.091128533579,6587.0595703125,591302
2026-04-10,6614.945501277881,6877.37220100488,6585.565662029508,6831.5595703125,798909
2026-04-13,6697.6071322742,6850.481882430941,6660.757843962802,6800.685546875,320237
2026-04-15,6861.935148889904,6964.51560176881,6816.12251944884,6845.00439453125,499662
2026-04-16,6845.502646373007,6878.866193132809,6705.076971951156,6855.4619140625,548523
2026-04-17,6851.9761362828085,7054.149269373711,6805.66554175706,7000.8671875,558816
2026-04-20,7025.765330312238,7289.685921783319,6965.013797935876,7128.84375,559841
2026-04-21,7170.672273432116,7270.264943896451,7154.737446157822,7225.4482421875,260767
2026-04-22,7223.456659584755,7790.636939142663,7131.831399322546,7556.09619140625,1729200
2026-04-23,7556.096223988412,7618.839609003738,7502.8141430627,7544.64306640625,376857
2026-04-24,7544.642824214486,7563.067468429121,7274.248721280787,7298.64892578125,343502
2026-04-27,7300.640727709588,7444.55213691142,7252.83624576019,7400.2333984375,267337
2026-04-28,7418.658167415079,7459.491163100945,7221.962639416089,7258.31396484375,296110
2026-04-29,7310.1021354381755,7342.967717246003,7182.6235150926595,7234.90966796875,361430
2026-04-30,7250.0,7305.0,7102.0,7230.0,327820
2026-05-01,7230.0,7230.0,7230.0,7230.0,0
2026-05-04,7269.0,7363.0,7185.0,7236.5,364239
2026-05-05,7248.0,7349.0,7215.0,7328.0,324323
2026-05-06,7389.0,7389.0,7135.0,7182.5,282411
2026-05-07,7183.0,7279.5,7000.0,7188.0,367185
2026-05-08,7210.0,7210.0,6991.5,7012.5,443952
2026-05-11,6662.0,6687.0,6323.5,6387.5,2419336
2026-05-12,6360.0,6403.0,6171.5,6328.5,976463
2026-05-13,6344.0,6395.0,6212.5,6305.0,367052
2026-05-14,6350.0,6439.0,6220.0,6429.0,327209
2026-05-15,6425.0,6433.5,6307.0,6381.0,249403
2026-05-18,6310.0,6445.0,6225.0,6413.5,370285
2026-05-19,6430.5,6463.5,6310.0,6329.0,344676
2026-05-20,6260.0,6624.0,6259.5,6605.0,546490
2026-05-21,6673.0,6718.0,6566.0,6598.0,498808
2026-05-22,6600.5,6741.0,6594.0,6689.5,371775
2026-05-25,6734.0,6826.0,6712.5,6755.0,263153
2026-05-26,6755.0,6822.0,6722.0,6804.0,200573
2026-05-27,6841.5,7244.0,6808.0,7219.0,636096
2026-05-28,7219.0,7219.0,7219.0,7219.0,0
2026-05-29,7280.0,7340.0,7121.0,7253.0,1105117
2026-06-01,7253.0,7254.0,7004.0,7027.5,452205
2026-06-02,6970.0,7169.0,6957.0,7146.0,511846
2026-06-03,7146.0,7247.0,7083.0,7196.0,309040
2026-06-04,7192.0,7327.0,7122.5,7156.0,298566
2026-06-05,7175.0,7217.0,7108.5,7167.5,249982
2026-06-08,7105.5,7129.5,6893.0,6958.0,240753
2026-06-09,7000.0,7063.5,6908.0,6931.0,254364
2026-06-10,6905.5,6951.5,6769.0,6801.0,463997
2026-06-11,6782.0,6815.5,6653.0,6719.0,262862
2026-06-12,6783.0,6854.5,6722.0,6770.5,188800
2026-06-15,6880.0,6977.5,6821.0,6922.5,227935
2026-06-16,6955.0,7079.5,6939.0,7021.0,366666
2026-06-17,7021.0,7187.5,6980.0,7164.0,298071
2026-06-18,7175.0,7254.0,7089.5,7229.0,239735
2026-06-19,7288.0,7304.0,7183.0,7248.0,241827
2026-06-22,7250.0,7290.5,7200.0,7258.0,150159
2026-06-23,7253.5,7285.0,7109.0,7158.5,186185
2026-06-24,7174.5,7199.0,6935.0,6967.5,280561
2026-06-25,7040.0,7098.0,6963.0,6993.0,231515
2026-06-26,6993.0,6993.0,6993.0,6993.0,0
2026-06-29,7000.0,7268.0,6886.5,7128.0,915384
2026-06-30,7070.0,7100.0,6993.0,7031.0,367996
2026-07-01,7046.0,7073.5,6915.0,6937.0,146578
2026-07-02,6950.0,6961.0,6830.5,6861.0,264804
2026-07-03,6881.0,6975.0,6752.0,6950.5,345071
2026-07-06,6985.5,7085.0,6891.0,7073.0,238108
2026-07-07,7107.0,7107.0,6868.0,6978.0,229515
2026-07-08,6908.5,6943.5,6725.0,6771.5,331230
2026-07-09,6780.0,6861.5,6780.0,6820.0,119092
2026-07-10,6835.0,6911.0,6812.0,6836.0,110261
2026-07-13,6800.0,6872.0,6715.5,6807.0,297882
2026-07-14,6778.5,6920.0,6744.0,6892.0,187662
2026-07-15,6940.0,7270.0,6926.5,7204.5,763817
2026-07-16,7210.5,7924.5,7191.0,7667.5,2577801
2026-07-17,7667.5,7706.5,7485.0,7506.0,366304
2026-07-20,7495.5,7574.0,7416.5,7517.0,272955
2026-07-21,,,,,45885
