date,open,high,low,close,volume
2021-08-06,1648.8654653856927,1685.3128729580956,1605.0245179058568,1668.3709716796875,584493
2021-08-09,1648.8652216587507,1651.7632305422412,1583.9955145038111,1597.8536376953125,549069
2021-08-10,1593.878572569956,1606.5107104411397,1525.85081898734,1534.916259765625,447241
2021-08-11,1534.4332827151543,1552.7870609389142,1448.9805817407025,1461.055419921875,719242
2021-08-12,1482.4185766698056,1497.2799157842899,1449.7978889367578,1479.4091796875,724014
2021-08-13,1494.3075409277485,1525.7763758718772,1483.1986665469958,1512.772705078125,410395
2021-08-16,1524.067461857482,1543.3500736292388,1511.3981943966642,1516.2652587890625,350047
2021-08-17,1522.5441956810264,1545.5792713599487,1516.0794889634028,1526.705322265625,411633
2021-08-18,1528.043057431429,1541.9755639572872,1516.674035352811,1539.0032958984375,273831
2021-08-20,1523.2871478764955,1541.7523119996129,1513.1071071388965,1531.7952880859375,227186
2021-08-23,1542.0547998731793,1550.0094999121038,1460.8353292760262,1500.9061279296875,373318
2021-08-24,1493.5459181012923,1493.5459181012923,1453.4008312035971,1466.485107421875,669274
2021-08-25,1468.2694248044409,1493.7689658047263,1466.0391421338518,1472.3582763671875,444583
2021-08-26,1472.3582060908473,1482.952048270496,1447.8993922372533,1465.6673583984375,280474
2021-08-27,1463.808671803372,1492.0589153424924,1452.7688223994937,1473.5103759765625,579737
2021-08-30,1471.1314469118101,1515.588507817508,1467.525871969054,1491.3155517578125,464073
2021-08-31,1509.1580361752203,1524.0265882557642,1494.2894840946763,1517.4100341796875,490675
2021-09-01,1526.5541484079197,1605.8034752199324,1518.0790261106954,1568.8551025390625,964239
2021-09-02,1572.3493031011183,1584.2069969865597,1550.083623284984,1567.2196044921875,621370
2021-09-03,1574.3937337122372,1590.93499711684,1553.7636186795305,1561.4208984375,369247
2021-09-06,1576.364052600289,1601.0457540168668,1565.6586459372322,1573.91064453125,395050
2021-09-07,1576.066459335905,1587.9613005384401,1524.769956649972,1544.5079345703125,334693
2021-09-08,1544.507937526443,1570.5650498855023,1531.98123126128,1541.608642578125,226590
2021-09-09,1535.512601965965,1561.7184255715938,1521.0900577373832,1523.6549072265625,368291
2021-09-13,1532.2044074571038,1597.6260415455197,1505.441011693661,1587.6640625,953861
2021-09-14,1603.573319414957,1603.573319414957,1559.7110913920167,1566.4390869140625,350374
2021-09-15,1573.8362144428515,1588.6304719443667,1553.7636694310627,1579.114501953125,292609
2021-09-16,1589.4482016790907,1602.3838902613718,1570.3420882445712,1581.6422119140625,200105
2021-09-17,1589.4481490554638,1597.6258523480785,1543.9132102670414,1576.6240234375,499590
2021-09-20,1565.9559490331076,1595.0239198669908,1515.1797470231697,1534.4345703125,504043
2021-09-21,1524.0262992127962,1553.7633977340215,1422.1767367775994,1541.7198486328125,520457
2021-09-22,1549.823487524005,1616.1743984952034,1536.2930814787817,1583.500732421875,808223
2021-09-23,1595.6556892602955,1598.3692482447566,1546.366466409887,1568.4462890625,602962
2021-09-24,1582.0137492004274,1619.1851248865278,1559.7109237887673,1579.5233154296875,705117
2021-09-27,1588.7047882533184,1593.1653538731218,1512.4663117349623,1564.729248046875,733281
2021-09-28,1561.383983393881,1569.4129781299134,1527.9297378265796,1564.208984375,461979
2021-09-29,1553.6148933333886,1604.465386924209,1517.7073663243611,1593.4254150390625,1216902
2021-09-30,1604.9485426277322,1656.3566069019635,1583.7981253050536,1606.1009521484375,881290
2021-10-01,1601.3430087785414,1642.9749532964606,1590.9350226490615,1635.3919677734375,417885
2021-10-04,1647.5471185416075,1795.3776478990214,1633.9795648877123,1750.028564453125,2284289
2021-10-05,1753.7458355323954,1809.3541998434353,1743.6352678396954,1758.466552734375,764709
2021-10-06,1761.9233865863039,1768.8000917871152,1665.277799980304,1669.7755126953125,788583
2021-10-07,1682.376696316553,1684.0865556345652,1645.2053154876412,1663.679443359375,688113
2021-10-08,1675.6488438352199,1695.015110702557,1642.9751730932678,1672.22900390625,512390
2021-10-11,1678.6596784903943,1709.140212953683,1676.4293954808852,1688.0640869140625,263459
2021-10-12,1688.3240172417711,1706.1291318042568,1666.6159079234428,1693.2305908203125,402095
2021-10-13,1680.1464833199095,1740.2525602189705,1679.4402028546783,1723.599853515625,432859
2021-10-14,1742.594617971025,1806.5294034426581,1728.9527673781931,1738.3570556640625,900653
2021-10-18,1761.8492248386767,1791.2146168253928,1721.6297166311983,1771.4022216796875,689838
2021-10-19,1772.3314005096079,1806.4547757904593,1658.4754150338506,1672.04296875,830931
2021-10-20,1709.883433579327,1731.4428333940227,1598.8525729338762,1626.5823974609375,1384583
2021-10-21,1626.5822389684977,1635.5405162322922,1543.9873702984244,1611.0445556640625,671047
2021-10-22,1605.9522419894502,1639.257772532859,1585.284979987111,1630.0020751953125,438301
2021-10-25,1634.0536969256332,1656.4308169864873,1550.046386756117,1589.0391845703125,478271
2021-10-26,1601.2313375374079,1618.8134470270475,1559.3763917868348,1582.385498046875,340202
2021-10-27,1598.8527302398668,1617.8101353903612,1587.2180390707963,1604.5770263671875,311322
2021-10-28,1613.9813401597091,1642.7891600266776,1601.3802179790723,1627.8463134765625,499869
2021-10-29,1620.7464580192154,1640.7447088058923,1585.0247861349994,1624.129150390625,212023
2021-11-01,1624.389142550729,1682.3764895159268,1624.389142550729,1661.709228515625,734149
2021-11-02,1661.4863047228998,1665.2405897063848,1636.2840620010704,1655.35302734375,480137
2021-11-03,1654.8696527476493,1683.863325908996,1640.7445299254546,1673.6783447265625,583818
2021-11-04,1686.7627479240111,1686.7627479240111,1673.4553469205487,1678.6221923828125,37889
2021-11-08,1689.0674991725507,1689.0674991725507,1648.922408963344,1684.60693359375,470218
2021-11-09,1684.6067936676668,1716.537030483857,1674.942235716352,1709.25146484375,432533
2021-11-10,1712.1136774683248,1722.4845161715598,1678.6594371356828,1710.0321044921875,318103
2021-11-11,1708.3965933445204,1715.236151338706,1601.4545834538012,1654.5723876953125,754206
2021-11-12,1747.0548333302133,1747.0548333302133,1665.2777985785863,1706.3521728515625,1633037
2021-11-15,1710.6269382906626,1757.3885835698559,1709.8835106773245,1716.79736328125,476978
2021-11-16,1717.3175291082441,1743.3374916704902,1717.3175291082441,1736.126220703125,332450
2021-11-17,1731.6264108424284,1755.168545137642,1695.922773505471,1704.737060546875,794397
2021-11-18,1704.7368821109822,1719.7250183920653,1675.0954763922712,1714.4066162109375,347001
2021-11-22,1713.7744718641545,1718.2374262179674,1636.4165963980643,1657.2808837890625,955342
2021-11-23,1617.8208353098019,1673.6077606653123,1595.803643862311,1656.6485595703125,1091674
2021-11-24,1636.4166136190747,1649.0616510879493,1614.7340450624674,1624.738525390625,347150
2021-11-25,1631.9536298819705,1643.8548414034433,1599.22529819792,1635.3380126953125,323783
2021-11-26,1606.6636015761326,1647.9830973017374,1566.4970115367291,1592.8284912109375,359049
2021-11-29,1561.4016945633698,1596.249878574887,1532.31803839559,1573.823486328125,348566
2021-11-30,1580.6295384082955,1641.6975770895906,1576.910410082629,1634.7056884765625,519005
2021-12-01,1632.6975176481226,1655.0122900988943,1617.5607120951713,1646.904541015625,282925
2021-12-02,1629.7221733134854,1672.045905747644,1629.7221733134854,1661.22314453125,220834
2021-12-03,1669.8887961080293,1681.0461822735617,1642.1441200561494,1658.3594970703125,164363
2021-12-06,1666.1696166014815,1668.1408031901326,1634.9661033632117,1637.94140625,117786
2021-12-07,1650.5862582558354,1655.0120450162565,1629.7219733171316,1641.1396484375,209978
2021-12-08,1655.7560060879316,1677.9964429157142,1652.780703291727,1658.58251953125,201185
2021-12-09,1666.1697673111512,1666.1697673111512,1629.7223036512196,1654.2685546875,169682
2021-12-10,1654.2685042218843,1706.671053669869,1640.1358146624348,1693.54248046875,534671
2021-12-13,1710.055256004739,1738.2834650657398,1654.0080388632712,1661.5206298828125,605186
2021-12-14,1660.2189272783148,1683.3891457693046,1631.1725585208626,1672.34326171875,321513
2021-12-15,1675.0953808886918,1694.4348479859857,1647.7597879723244,1685.1741943359375,338529
2021-12-16,1680.8231082914021,1717.1961156235925,1670.7070052306665,1693.54248046875,266441
2021-12-17,1684.7652763194226,1691.9804101043753,1652.1485665263244,1666.98779296875,359778
2021-12-20,1662.4504366589547,1662.4504366589547,1532.280939381408,1559.802490234375,822107
2021-12-21,1594.1302983571495,1594.1302983571495,1543.810434982046,1565.7532958984375,341985
2021-12-22,1580.6295788790658,1603.6138409463292,1566.4968908796764,1598.593017578125,218638
2021-12-23,1602.7211778367946,1619.1968436079126,1590.2992650705494,1607.704833984375,204270
2021-12-24,1607.4072097745218,1610.605635816899,1573.0424409563652,1575.831787109375,184249
2021-12-27,1568.7283808465006,1599.2252341488745,1556.7900027302326,1588.4769287109375,191615
2021-12-28,1598.0352438602147,1707.45196011864,1591.8242263867467,1663.1199951171875,1262714
2021-12-29,1651.293089892192,1718.237404347281,1651.293089892192,1692.9844970703125,669650
2021-12-30,1692.9844082158932,1713.7743601047182,1681.0460303110515,1689.4884033203125,270897
2021-12-31,1692.2036057196256,1721.212810389105,1681.0462193082874,1697.2615966796875,249965
2022-01-03,1710.7988495840175,1753.5316537573517,1701.6126520134833,1734.712890625,351857
2022-01-04,1747.2094307244981,1817.9100404495262,1711.6172977597735,1782.68994140625,1102866
2022-01-05,1784.9958285788944,1835.7619355902536,1761.4909835023543,1799.53759765625,855319
2022-01-06,1795.5581959073356,1821.5176419789825,1763.6108556876013,1797.1573486328125,658261
2022-01-07,1794.1075693714088,1822.7820255892066,1781.5741548854924,1812.331298828125,503758
2022-01-10,1812.3314314356755,1838.3281654901966,1809.7280413227986,1825.2740478515625,617341
2022-01-11,1836.5427848155366,1868.7877009254873,1812.1453265409598,1824.3441162109375,826099
2022-01-12,1843.4605346927144,1855.101456331214,1818.8027832431844,1848.853271484375,400623
2022-01-13,1852.12594023312,1878.122671920552,1832.9724290038016,1847.25390625,546853
2022-01-14,1852.1258764390009,1866.2213967799948,1822.3728503114667,1835.6873779296875,437658
2022-01-17,1843.7950501697114,1878.1226533331403,1827.9144205104687,1833.6046142578125,570971
2022-01-18,1840.9686377660125,1843.2372819752336,1792.6199664711476,1808.3519287109375,391171
2022-01-19,1808.351794525712,1822.372859734664,1771.9415044007958,1778.7474365234375,357985
2022-01-20,1784.2520897333163,1822.3731609574259,1773.2806594785727,1817.798583984375,357829
2022-01-21,1818.4681077243595,1818.4681077243595,1753.234561454863,1768.0367431640625,374775
2022-01-24,1768.8174665463764,1768.8174665463764,1599.3740009027385,1615.8125,911899
2022-01-25,1614.1017431361408,1620.0523486407901,1519.3011349771198,1571.108642578125,1029425
2022-01-27,1569.4723507431058,1569.50951781796,1524.8428052243444,1542.5086669921875,756723
2022-01-28,1556.0833510342295,1596.2127714176195,1556.0833510342295,1562.257080078125,698841
2022-01-31,1596.547614918847,1620.7962855886956,1580.1834486577404,1606.2545166015625,475515
2022-02-01,1633.0693503958123,1635.6355733148173,1586.4314540489088,1622.953369140625,447141
2022-02-02,1636.8628301085757,1665.648909669873,1617.8209401131676,1651.367431640625,445653
2022-02-03,1662.4505733294823,1662.4505733294823,1614.1390660122656,1624.701416015625,473409
2022-02-04,1614.8456495884413,1635.6727698963532,1591.4151392420408,1621.986328125,446479
2022-02-07,1606.6634515699052,1620.2754371548529,1540.462966759849,1569.47216796875,523653
2022-02-08,1548.01277281427,1587.88177852992,1543.4381967207325,1577.02197265625,456690
2022-02-09,1577.0222512720181,1602.944530874151,1562.6663170898341,1587.658935546875,527630
2022-02-10,1599.597233055709,1606.6635774937602,1564.3771331511552,1579.1048583984375,384173
2022-02-11,1570.6252632477965,1570.6252632477965,1532.28106943686,1542.5830078125,482233
2022-02-14,1510.709928879566,1516.1769991029798,1462.3612605500869,1469.9854736328125,705135
2022-02-15,1472.7748046510212,1487.6513178293144,1424.5377590965554,1443.54248046875,916633
2022-02-16,1463.8488431924036,1471.5473900543864,1413.2687002365685,1417.3597412109375,824757
2022-02-17,1431.864619317891,1437.7780584523086,1388.9086807383544,1395.8634033203125,742549
2022-02-18,1380.019862055138,1393.185601778886,1342.6426188680641,1349.48583984375,977249
2022-02-21,1338.8862159566784,1371.9121243764273,1326.2783465433442,1354.766845703125,805282
2022-02-22,1315.4929002078675,1385.3010138733061,1304.335514854717,1372.3583984375,715697
2022-02-23,1383.515820108465,1435.5836197899664,1369.9038338333776,1424.0543212890625,815189
2022-02-24,1354.5067265998362,1388.7598790808393,1312.926817648182,1326.39013671875,969541
2022-02-25,1376.077531752594,1429.5213593569415,1353.7627609674169,1421.1533203125,676169
2022-02-28,1413.2690036774172,1449.642133303484,1380.540668855414,1444.32373046875,539669
2022-03-02,1432.6083841147477,1449.790710389034,1402.1115285858252,1417.6947021484375,540459
2022-03-03,1443.0218885955717,1443.0218885955717,1383.5529984066104,1390.173095703125,487639
2022-03-04,1390.1731962770236,1398.3924468178482,1359.713506799482,1375.18505859375,464069
2022-03-07,1349.894798179475,1378.3089629123845,1327.7659845547348,1359.75048828125,378529
2022-03-08,1357.4820190712835,1396.1609587927667,1350.7875871964116,1362.874755859375,299338
2022-03-09,1371.6146291266023,1379.6850897709603,1358.4117225826774,1372.9534912109375,485571
2022-03-10,1402.1115386319166,1447.1501635775455,1401.1074222956568,1440.269775390625,1105682
2022-03-11,1450.0882076014614,1464.59280880599,1411.2976487744797,1454.699951171875,443561
2022-03-14,1454.7000470071237,1476.4941173217676,1422.864329043188,1467.9029541015625,440585
2022-03-15,1480.2131698364242,1480.2131698364242,1430.4140141054838,1465.1878662109375,483435
2022-03-16,1469.0930417262607,1524.359271430447,1469.0930417262607,1516.8466796875,459045
2022-03-17,1523.317940397698,1561.1414306507045,1500.8543789553057,1509.9290771484375,635598
2022-03-21,1509.9291893638617,1527.0371825649102,1486.1639311171525,1502.1190185546875,424203
2022-03-22,1491.296149380882,1511.4537768168057,1472.0310159057374,1502.267578125,310031
2022-03-23,1510.1892503440822,1521.383802588715,1484.9736324905305,1490.10595703125,295385
2022-03-24,1480.21317298285,1529.1940478938427,1478.093318121063,1514.6151123046875,306141
2022-03-25,1524.84279389895,1532.355385579321,1428.1826130677412,1455.7413330078125,846971
2022-03-28,1454.179239496201,1496.5773042794663,1443.8400138685158,1487.948974609375,452783
2022-03-29,1502.08172175715,1502.08172175715,1461.6547208493541,1492.4119873046875,313331
2022-03-30,1501.7841516729322,1503.680883074895,1484.192624699445,1496.354248046875,446207
2022-03-31,1495.0898438772854,1562.0341652449251,1480.9571538107837,1504.722412109375,479870
2022-04-01,1512.9414163171773,1512.9414163171773,1469.799527356314,1473.2955322265625,554067
2022-04-04,1492.7837092492903,1498.6226920341949,1469.5391582498764,1473.1094970703125,511042
2022-04-05,1484.3042045673171,1530.4957327403274,1475.006383190674,1521.56982421875,678131
2022-04-06,1524.098821422052,1539.7191607338445,1498.8087482505782,1528.00390625,450138
2022-04-07,1527.855245837949,1554.5958055581148,1521.1236470652366,1547.9757080078125,492802
2022-04-08,1551.9922931811573,1573.154158151963,1522.536844454194,1532.5784912109375,517487
2022-04-11,1544.144915313051,1562.0338983645797,1529.3055690655124,1552.0294189453125,263195
2022-04-12,1553.8518030486248,1588.8116090530698,1518.6317064894456,1583.9395751953125,771571
2022-04-13,1599.2254100914813,1599.7089452695266,1581.4107586357559,1587.10107421875,500426
2022-04-18,1582.1172277318005,1582.1172277318005,1523.3921658462164,1562.6661376953125,376111
2022-04-19,1564.2654239831068,1588.0678460313518,1533.024745044785,1553.814697265625,494963
2022-04-20,1548.3848407540047,1625.2591796105762,1547.1946469763875,1602.4237060546875,862005
2022-04-21,1609.6014966738996,1616.333094414092,1570.996898040623,1576.8731689453125,297359
2022-04-22,1570.6622346535337,1637.1602979060356,1566.2737358444876,1606.589111328125,581814
2022-04-25,1595.5062214904585,1637.9042889146806,1576.9105778833436,1623.697265625,321879
2022-04-26,1630.4659109120048,1647.5739017655521,1592.2705101933884,1595.506103515625,342946
2022-04-27,1595.5061114572402,1617.077056553865,1579.6254813381186,1594.9482421875,353547
2022-04-28,1606.514743813847,1628.0113552532318,1588.291013923737,1610.0850830078125,299371
2022-04-29,1612.6142018927492,1620.573161511847,1574.6790892098477,1601.75439453125,594314
2022-05-02,1594.0186618666676,1602.2007455253392,1498.8461281874943,1536.7069091796875,769586
2022-05-04,1554.2610169431623,1554.2610169431623,1493.6392204538545,1501.9700927734375,526429
2022-05-05,1512.5324637342246,1530.0495355651724,1495.833551784911,1507.32568359375,236275
2022-05-06,1476.6426338194117,1480.9567981695645,1383.515642689799,1432.385009765625,654898
2022-05-09,1422.1947412858572,1429.707332444949,1385.5613254865223,1393.743408203125,710063
2022-05-10,1394.6731421814945,1401.3675732639658,1367.560672084411,1375.9287109375,509463
2022-05-11,1383.5158036652826,1386.9746416005983,1330.4438883325545,1362.948974609375,488819
2022-05-12,1361.1268161710286,1361.1268161710286,1297.9759602791419,1326.947998046875,776419
2022-05-13,1327.0593905364094,1342.2706504015143,1274.7313006681748,1286.0374755859375,879363
2022-05-16,1300.951232170714,1300.951232170714,1256.0985638166712,1273.987548828125,502094
2022-05-17,1281.6115442335035,1323.265778985144,1281.6115442335035,1303.7403564453125,469623
2022-05-18,1317.3153746947282,1320.290677630233,1294.2567769445664,1300.69091796875,432931
2022-05-19,1264.9872695548815,1283.099377559789,1229.2091794892008,1238.953369140625,501267
2022-05-20,1254.1272143141625,1272.5740662408678,1242.1888368319362,1252.3792724609375,351407
2022-05-23,1253.346098520334,1290.5373774081777,1246.316922597459,1265.1729736328125,277957
2022-05-24,1279.3801347181782,1289.0127012246253,1234.7505951349858,1246.131103515625,281773
2022-05-25,1248.58564661335,1253.3461790429842,1220.6550185872165,1223.741943359375,388754
2022-05-26,1234.7505932846775,1249.4783171119861,1197.3733539397647,1236.49853515625,494375
2022-05-27,1258.7019428793071,1279.3802742618575,1238.6186478763595,1256.5447998046875,291909
2022-05-30,1279.3801479718543,1285.8142884212352,1252.26767818112,1263.5738525390625,488234
2022-05-31,1269.8965034418707,1307.6456600092597,1264.5037667893864,1286.7813720703125,592895
2022-06-01,1275.0662390142174,1361.4243678943299,1275.0662390142174,1346.5478515625,913307
2022-06-02,1348.5560507962573,1348.5560507962573,1310.7325607872272,1313.484619140625,280189
2022-06-03,1331.2992102289509,1338.8119224188913,1294.2567146771298,1298.7568359375,288937
2022-06-06,1304.4844635530046,1304.4844635530046,1266.437726425073,1273.950439453125,159845
2022-06-07,1271.941908265644,1280.2356129942289,1234.8249585398116,1240.03173828125,295201
2022-06-08,1236.2013134615788,1257.065602954339,1222.4777032280806,1251.8216552734375,354206
2022-06-09,1245.9079966185113,1263.0159870198402,1217.7914105198374,1250.1478271484375,280725
2022-06-10,1242.188806573429,1246.2798475531617,1210.5762171845843,1225.7874755859375,469815
2022-06-13,1206.4853586768243,1219.5394762916,1191.2740979748803,1216.8245849609375,312870
2022-06-14,1217.0475367924378,1245.5360346009927,1201.2784090060336,1215.67138671875,399882
2022-06-15,1227.3124367099945,1247.0238182692763,1213.2540821906173,1236.9078369140625,222866
2022-06-16,1260.0406874640519,1260.0406874640519,1201.352793559204,1215.5599365234375,273626
2022-06-17,1208.7168391229181,1228.8001342960374,1197.968532863486,1214.2955322265625,264661
2022-06-20,1214.2955450228715,1225.0810184702414,1176.3975985929999,1195.8115234375,311081
2022-06-21,1202.0966877214646,1257.0654564008873,1202.0966877214646,1253.4951171875,235519
2022-06-22,1255.5777520063416,1257.5861055620815,1214.8532958912072,1233.709228515625,345027
2022-06-23,1233.7092556978598,1255.5777796704042,1216.1550176309897,1235.2713623046875,277459
2022-06-24,1244.6434235677634,1260.3753843351328,1234.7505667341127,1240.701171875,147394
2022-06-27,1254.8339743181352,1274.173442801995,1245.9452328595924,1261.7886962890625,578599
2022-06-28,1250.371147244867,1260.040882470437,1201.6505582237255,1214.332763671875,1010930
2022-06-29,1207.2289823110293,1244.4202633434084,1193.988910476576,1240.96142578125,456558
2022-06-30,1234.7506580220288,1262.6812887539693,1213.5516256403255,1231.4034423828125,272050
2022-07-01,1228.0563179346625,1238.4327113998231,1219.7999005043223,1233.0028076171875,167082
2022-07-04,1234.7507369825773,1291.8765299985732,1233.3374196405987,1286.7813720703125,331011
2022-07-05,1286.781261811768,1290.5375572899397,1257.8092273067944,1261.9002685546875,407741
2022-07-06,1269.561622216724,1272.2766343231347,1241.1847457047322,1265.4705810546875,241333
2022-07-07,1276.2190317683546,1285.0706066278738,1257.0655186877573,1265.0616455078125,273570
2022-07-08,1275.2517714997523,1280.8304632695038,1260.040514394492,1265.024169921875,353535
2022-07-11,1269.1155479757,1284.5870997175289,1257.437459219735,1275.6240234375,349299
2022-07-12,1275.6239835388837,1294.2567942079377,1251.8587268114707,1278.413330078125,269274
2022-07-13,1284.6240581553336,1328.3238148729413,1257.2141315169067,1318.95166015625,514901
2022-07-14,1325.497404209778,1325.497404209778,1301.6949816874924,1312.3316650390625,233758
2022-07-15,1320.2905007845516,1333.7165292695965,1308.5380799765574,1329.62548828125,178765
2022-07-18,1338.8863495444532,1342.6054782931878,1315.641794864862,1320.8857421875,389217
2022-07-19,1310.695251460165,1333.6795146110717,1303.1826601219173,1323.5262451171875,256506
2022-07-20,1338.1425230935422,1339.6301745922565,1307.6828344442883,1311.253173828125,595793
2022-07-21,1312.8525359587736,1329.1050812497247,1299.8355844690973,1305.11669921875,418611
2022-07-22,1312.8522783950618,1318.059057969433,1300.9510679393559,1303.7032470703125,154963
2022-07-25,1311.3648214273821,1314.5632479982733,1274.285155532407,1308.9473876953125,288102
2022-07-26,1309.1332031250001,1312.8151644718648,1288.3432510554792,1301.6949462890625,206242
2022-07-27,1301.6949942052102,1338.1052869704838,1285.3308285637731,1334.2745361328125,313963
2022-07-28,1346.3245104447092,1365.626811478802,1327.8404903158607,1332.7125244140625,590915
2022-07-29,1344.6508783011095,1364.9201281607168,1338.9233963295392,1350.41552734375,220782
2022-08-01,1360.8660181190896,1409.549424841871,1342.6422920459363,1403.0037841796875,514419
2022-08-02,1402.1113581610844,1416.9878712450218,1383.5157168061628,1406.2767333984375,298097
2022-08-03,1395.0451989216324,1408.3968953931178,1381.8422918137362,1401.81396484375,443615
2022-08-04,1419.9631893430396,1471.882196358956,1414.4216639457816,1460.278564453125,831253
2022-08-05,1473.0722670631192,1489.101684534366,1456.5593145255962,1483.3370361328125,420241
2022-08-08,1487.614162371608,1498.4368015802218,1460.4645256092958,1467.382080078125,259034
2022-08-10,1475.7500388013389,1485.2709825805318,1437.0711063327553,1445.4019775390625,261749
2022-08-11,1461.6176173218182,1509.2224659267017,1458.04727788953,1471.9195556640625,569733
2022-08-12,1480.6594940781636,1494.234314057418,1467.5310421895156,1476.9031982421875,299563
2022-08-16,1486.9076635131835,1495.8335724487304,1389.4664909667968,1487.6514892578125,1209075
2022-08-17,1496.5772467361455,1513.6852371312407,1487.279425869246,1498.2508544921875,420322
2022-08-18,1503.9784452623505,1525.5865583085933,1490.5895822445277,1517.99951171875,297855
2022-08-19,1526.1515291736837,1546.252061509142,1511.2622459622332,1528.98046875,387833
2022-08-22,1525.4068958355697,1541.0406414737088,1500.1695151234317,1514.8726806640625,306155
2022-08-23,1492.6505260652536,1559.6522953150657,1492.6505260652536,1535.941162109375,429425
2022-08-24,1541.040706796027,1576.2910339161338,1527.9008667945193,1568.1019287109375,418837
2022-08-25,1577.2215845279638,1600.597805598371,1549.2297830000975,1560.13623046875,376441
2022-08-26,1577.3704792212225,1591.6642138885027,1561.141186400463,1569.8514404296875,184631
2022-08-29,1488.9656041055698,1555.5207522825713,1488.9656041055698,1536.8719482421875,236127
2022-08-30,1555.6322003718255,1570.0748529874595,1544.0186083907022,1557.716796875,285423
2022-09-01,1551.165236040235,1636.7042032975232,1548.4852139453485,1623.6016845703125,675946
2022-09-02,1635.5134063160885,1730.8792193533873,1626.4309190817505,1723.025146484375,1983606
2022-09-05,1726.9707797479957,1777.0359958006104,1703.3340420577279,1716.0643310546875,1263122
2022-09-06,1725.6306503942958,1745.619463771057,1713.495909337093,1741.673828125,488777
2022-09-07,1741.3014151161815,1834.0615873938636,1727.6405482493988,1816.045654296875,987490
2022-09-08,1828.4783758249148,1886.0999503055198,1816.0459212821197,1839.8687744140625,1767601
2022-09-09,1857.437805777698,1976.4031367996645,1846.19644708419,1931.25146484375,2296721
2022-09-12,1923.7695715726202,1928.5341901298264,1879.7717931201742,1900.021240234375,804802
2022-09-13,1920.7174108995177,1920.7174108995177,1805.0276393101801,1820.810302734375,1367605
2022-09-14,1794.158508965773,1820.8102999273406,1765.1244086132149,1795.7591552734375,1429754
2022-09-15,1808.3032268846205,1889.4126115833099,1795.7217356279614,1865.217529296875,1494030
2022-09-16,1865.2177076135201,1867.8605310820694,1720.0843989896857,1741.1527099609375,1513987
2022-09-19,1749.4905537473348,1785.0759118407648,1708.582229118408,1767.8043212890625,898226
2022-09-20,1786.7138713042002,1848.8766247433255,1786.7138713042002,1800.0770263671875,809874
2022-09-21,1797.1735876152427,1807.5216873680204,1748.5229057607457,1753.6224365234375,597117
2022-09-22,1753.213069607616,1823.862765763556,1734.6014658962824,1744.0933837890625,928105
2022-09-23,1749.192868869783,1752.4685595047986,1697.5643299960989,1724.1417236328125,493713
2022-09-26,1697.3782091689975,1715.9898123397102,1630.525354813656,1644.2607421875,855434
2022-09-27,1652.8593727245816,1666.7063578042576,1586.750978732166,1609.1593017578125,1457861
2022-09-28,1599.1088016424037,1640.79878902228,1590.547464948322,1626.840087890625,568399
2022-09-29,1660.1549342230937,1666.743393005547,1597.1733201637799,1604.8040771484375,771123
2022-09-30,1596.1310088462722,1668.9767715798675,1584.964047497068,1661.9788818359375,653037
2022-10-03,1654.1992481016707,1680.1437737997264,1625.9468109670668,1638.23046875,545531
2022-10-04,1654.1992935861851,1715.0220371206697,1654.1992935861851,1669.8702392578125,924778
2022-10-06,1686.6952812836873,1704.7857362312673,1670.2797495354619,1674.969970703125,560618
2022-10-07,1678.7665831926956,1689.9335449434232,1643.888487792306,1686.9556884765625,438609
2022-10-10,1675.0444337626013,1675.0444337626013,1628.887653810032,1637.746826171875,521439
2022-10-11,1640.8733302364863,1682.4889233117817,1608.0425107758622,1619.20947265625,642579
2022-10-12,1628.8876162100967,1643.0696345213933,1608.0426192933312,1636.034423828125,310543
2022-10-13,1636.2950178943095,1636.2950178943095,1591.8876824674492,1602.3101806640625,386613
2022-10-14,1630.2274245874548,1638.751562570971,1596.875457905614,1600.5977783203125,312313
2022-10-17,1594.6794069287519,1608.0425626438412,1558.163464635907,1599.3695068359375,364358
2022-10-18,1611.7649851676767,1629.6693248568106,1602.8686137870477,1616.045654296875,404554
2022-10-19,1615.7104828054335,1618.986173456707,1528.4220632549764,1531.69775390625,1021875
2022-10-20,1512.0065864654564,1535.6433216305368,1495.62837627233,1518.8184814453125,990182
2022-10-21,1526.151559404058,1547.6293023942928,1485.8387758428116,1491.1617431640625,770671
2022-10-24,1507.5399243663635,1507.8377584981547,1493.4323042970757,1501.286376953125,73621
2022-10-25,1501.5840605521328,1509.7731654931706,1475.00666846418,1478.9896240234375,356346
2022-10-27,1480.739330769087,1486.620646563645,1445.1911643315686,1458.5543212890625,896929
2022-10-28,1465.1053453689278,1482.2280196288289,1443.5158865194874,1452.85888671875,418497
2022-10-31,1463.8771524768997,1522.2803940495385,1461.1599308089922,1512.1185302734375,602083
2022-11-01,1520.1958016780375,1546.1776491068545,1504.4131373875796,1538.8446044921875,658429
2022-11-02,1544.6887267902919,1563.374728650732,1527.8265651778406,1541.0780029296875,571235
2022-11-03,1533.5959713238028,1552.7659209653502,1529.6503360197871,1545.17236328125,302038
2022-11-04,1545.5076230249422,1570.2982557500084,1536.2390198379703,1553.9200439453125,411186
2022-11-07,1561.6996159174653,1579.380638860161,1547.8526316805865,1561.178466796875,342287
2022-11-09,1570.8193826071536,1577.370643002177,1550.123303127042,1557.791259765625,239662
2022-11-10,1554.9993889438183,1565.9802344193042,1522.7641176462491,1536.908935546875,272445
2022-11-11,1548.8948360433571,1573.9833016947937,1523.9180884801906,1535.0478515625,417557
2022-11-14,1485.0198233557219,1511.2621839388974,1401.5654428482908,1475.751220703125,1932129
2022-11-15,1482.637503793695,1483.2703710014703,1436.8157611373945,1442.064208984375,916235
2022-11-16,1442.0643277917286,1450.2162348653092,1414.519152899523,1431.3441162109375,903711
2022-11-17,1426.2441410452134,1430.6737261849094,1396.800613375536,1403.4263916015625,393545
2022-11-18,1407.970895635461,1433.0014408357677,1390.4643792082475,1402.01123046875,535897
2022-11-21,1401.2662290495718,1420.6351402432397,1392.2149393572686,1407.52392578125,209767
2022-11-22,1404.3206307655628,1420.6352635718017,1393.0718106341212,1413.81884765625,275798
2022-11-23,1424.54617665031,1426.2595560904197,1403.985380869603,1412.7012939453125,252957
2022-11-24,1422.0879238711404,1422.0879238711404,1393.8167370498259,1395.9398193359375,390425
2022-11-25,1400.5212698818639,1417.2083803207595,1397.317974206009,1410.95068359375,347990
2022-11-28,1418.4002008857863,1422.1249913292888,1400.5956540659681,1412.3660888671875,339601
2022-11-29,1415.4203617215305,1421.156563226866,1399.440986545842,1402.04833984375,246705
2022-11-30,1409.088143605955,1409.4606226288486,1395.6788987817906,1403.9852294921875,384270
2022-12-01,1411.3974121094782,1436.9867927722642,1402.0109895845007,1433.4482421875,1103027
2022-12-02,1442.9837695800784,1508.5400791944546,1437.7690631334801,1503.5860595703125,2190511
2022-12-05,1513.6431317673894,1525.3017750312429,1490.6612218986652,1520.236083984375,716983
2022-12-06,1521.2045432457744,1529.9578015137165,1509.508676033563,1515.8408203125,379999
2022-12-07,1522.6942951031683,1534.6136242233497,1487.3460104311935,1491.07080078125,856929
2022-12-08,1496.6209316494492,1542.9945767441125,1487.1599388420439,1538.748291015625,634794
2022-12-09,1549.4757647431352,1564.412151751585,1520.6458594109156,1536.5880126953125,774150
2022-12-12,1528.6540249431932,1541.9888234657224,1503.3254494811715,1522.80615234375,400515
2022-12-13,1531.0751544382777,1594.2103542138009,1526.754421653431,1564.03955078125,1559089
2022-12-14,1575.1766412775492,1599.723034337844,1571.3772823082274,1590.634521484375,1229059
2022-12-15,1594.1731350886712,1595.8492908396875,1546.533039604294,1554.913818359375,532742
2022-12-16,1541.616399633449,1562.9221536088874,1523.439372797986,1528.2071533203125,402103
2022-12-19,1529.51091716411,1534.2413530496942,1501.0907144428909,1510.886962890625,301067
2022-12-20,1511.5200253364842,1521.8004231415694,1479.5986183973926,1495.5406494140625,479129
2022-12-21,1501.090507611106,1515.9152216700181,1456.3930235135049,1461.90576171875,323666
2022-12-22,1470.919692132699,1470.919692132699,1429.0902484881044,1464.6993408203125,531510
2022-12-23,1453.4503177452084,1453.4503177452084,1401.6385118084434,1411.1739501953125,500850
2022-12-26,1411.1742883745173,1468.2753826763662,1397.541577618901,1460.2298583984375,441563
2022-12-27,1470.9196831789707,1487.7556867630906,1450.0980812410867,1469.80224609375,392262
2022-12-28,1471.2178585201607,1480.3808192635122,1452.2958735300729,1470.472900390625,244874
2022-12-29,1466.8225157813913,1469.057390107112,1451.9233536099196,1463.99169921875,285570
2022-12-30,1475.1290080846795,1485.6700937209002,1458.628135680142,1463.0234375,276357
2023-01-02,1471.2921734672404,1485.4463766550266,1458.6278864044846,1462.4271240234375,299626
2023-01-03,1463.842705661011,1507.422755676873,1456.3931244617183,1495.5406494140625,729917
2023-01-04,1498.1107593111706,1518.9323627370152,1481.796128201192,1501.1650390625,818081
2023-01-05,1509.8437782014887,1509.8437782014887,1469.0200999496662,1497.4029541015625,423503
2023-01-06,1490.661277857094,1556.9625540836216,1490.661277857094,1534.800048828125,1272623
2023-01-09,1545.3411753720404,1564.4120547780283,1534.7999694554442,1559.0111083984375,436418
2023-01-10,1560.6500200683467,1560.6500200683467,1536.2526419146664,1554.913818359375,312221
2023-01-11,1554.727630306683,1572.9791046442556,1531.6339280836323,1538.0032958984375,308805
2023-01-12,1542.0632145290733,1552.4554039204022,1528.5795218777516,1537.4072265625,199670
2023-01-13,1545.0430244343331,1545.0430244343331,1501.1277223201705,1525.3016357421875,416631
2023-01-16,1526.3446851476974,1533.0493079842588,1452.6682812549427,1471.8509521484375,630481
2023-01-17,1471.2921294674006,1491.5177887596983,1446.373258771548,1481.6470947265625,858290
2023-01-18,1489.4693414700712,1521.576988542372,1481.7217283773698,1512.82373046875,579853
2023-01-19,1502.9528580595318,1518.2244980051182,1490.69827395082,1495.987548828125,453882
2023-01-20,1495.9131008655995,1512.115939675023,1479.48679887426,1486.265869140625,486143
2023-01-23,1490.2142330417694,1511.1847308252754,1460.1178772756,1506.78955078125,503265
2023-01-24,1508.4285152521877,1529.9206313949758,1492.1512275948314,1497.2169189453125,217023
2023-01-25,1493.6409003937645,1501.4257363190702,1460.117787916099,1473.7877197265625,334011
2023-01-27,1475.0169960410412,1475.0169960410412,1445.144225580691,1462.576171875,650003
2023-01-30,1462.6133449551785,1489.6554192806277,1451.364526854002,1468.0516357421875,336989
2023-01-31,1488.4636467060595,1535.3587877382029,1479.9711963213756,1529.1756591796875,661494
2023-02-01,1542.882593774865,1554.056964705347,1469.8022563893871,1492.709716796875,422703
2023-02-02,1497.8499310441507,1541.1319446514688,1487.1969340765431,1517.06982421875,323599
2023-02-03,1518.1874571641647,1537.4073528186327,1496.099399936934,1529.9949951171875,320897
2023-02-06,1538.3385471407335,1574.0965375827457,1518.4481407074247,1558.564208984375,654241
2023-02-07,1571.8615469438143,1586.7234848722017,1534.6508666418183,1545.4527587890625,554729
2023-02-08,1534.61366915461,1544.1491084800018,1477.2518960842679,1515.281982421875,1265370
2023-02-09,1515.2817437875517,1524.4447026240025,1497.6635604403618,1512.450927734375,386402
2023-02-10,1512.2650001701666,1519.6773577953238,1432.5544804567637,1446.447998046875,1332869
2023-02-13,1434.0442870287661,1442.9465602293494,1411.8073371038047,1417.357177734375,721781
2023-02-14,1415.4204267332364,1432.8897188815406,1408.0452928519594,1423.503173828125,350381
2023-02-15,1424.3225876965,1426.5946855305676,1409.6468896580764,1416.686767578125,346178
2023-02-16,1425.8499723455882,1446.671577957629,1421.380223215978,1436.13037109375,370339
2023-02-17,1428.8297286600553,1438.290721394866,1416.1654401369995,1425.4774169921875,251777
2023-02-20,1425.4772295599064,1447.453492048549,1411.6955056263512,1415.45751953125,549353
2023-02-21,1426.5946527832245,1463.7681076402162,1416.351479688828,1448.53369140625,516297
2023-02-22,1448.012306614091,1448.012306614091,1378.172484751675,1383.312744140625,914845
2023-02-23,1380.407382255802,1413.5580182570882,1343.7181952206709,1398.286376953125,863269
2023-02-24,1405.2890033893846,1428.5315990277538,1387.8569354109172,1390.7249755859375,598299
2023-02-27,1393.0715621037969,1398.8822106797477,1361.7833238105566,1395.49267578125,454809
2023-02-28,1393.07154761757,1413.7813570701837,1387.149106895142,1406.853271484375,589235
2023-03-01,1416.910323118411,1439.259066385263,1410.801642375533,1417.6925048828125,262027
2023-03-02,1422.8700964347804,1433.2622870958542,1413.4091034807973,1420.4862060546875,278946
2023-03-03,1428.0846527612637,1434.0443174571897,1416.2025470238234,1431.2135009765625,255547
2023-03-06,1439.9667502232403,1445.2931277648004,1430.1332792815374,1432.8896484375,278530
2023-03-08,1432.8897678673115,1448.1986334930314,1419.7039844543954,1443.170166015625,307607
2023-03-09,1451.2528382959456,1451.7371095648882,1422.1250248412425,1431.95849609375,292511
2023-03-10,1424.43441017468,1433.6719396052447,1406.1457120981404,1419.1080322265625,793229
2023-03-13,1425.8125702658074,1429.5745843958584,1382.1207294914045,1403.277587890625,1016645
2023-03-14,1414.4270740055906,1418.7478066179594,1363.9685315734937,1380.854248046875,596155
2023-03-15,1389.5951542482871,1404.4943160164962,1335.958171882735,1340.7259521484375,533464
2023-03-16,1340.9743794374378,1347.7783062759188,1320.0658389067185,1325.0322265625,258800
2023-03-17,1336.007960677704,1348.870855906834,1316.4403210196651,1328.5086669921875,223456
2023-03-20,1328.508747013986,1378.4209447989974,1290.2675606513405,1309.4378662109375,377501
2023-03-21,1315.9933689527184,1330.9918347812852,1310.4806303908738,1325.52880859375,185674
2023-03-22,1330.2964580745333,1345.8411522416989,1325.7272850768463,1338.4412841796875,282029
2023-03-23,1335.9580845789662,1342.5136910786368,1320.6615885799474,1327.3662109375,142923
2023-03-24,1321.059021595794,1344.847968259241,1316.1919377926085,1324.585205078125,469411
2023-03-27,1321.0092417817125,1336.9016803279026,1308.2953636945708,1313.4107666015625,288500
2023-03-28,1319.7181161239557,1321.4066392992283,1289.0755308572313,1292.552001953125,437021
2023-03-29,1292.5519945427407,1338.8386994756181,1292.5519945427407,1333.673583984375,390104
2023-03-31,1345.8412447825867,1355.2277895214181,1323.2938949596373,1328.011962890625,407833
2023-04-03,1330.9917879802488,1341.2225942534055,1318.079181081933,1327.21728515625,211331
2023-04-05,1336.9514647336528,1346.2385847595392,1318.1289053162163,1321.5556640625,381875
2023-04-06,1328.5086760465538,1394.5616307808311,1328.5086760465538,1389.346923828125,807435
2023-04-10,1398.48504462981,1404.9413485506475,1377.6759289540673,1394.76025390625,466538
2023-04-11,1399.5279646159042,1437.272508729037,1393.7669067513912,1428.7303466796875,457896
2023-04-12,1426.8431125185484,1440.2026462416952,1411.497023818,1420.23779296875,286684
2023-04-13,1421.4296638143553,1448.645367422287,1417.4565542365922,1439.6065673828125,214959
2023-04-17,1440.25238720551,1454.1582723233564,1423.4163819377102,1444.5731201171875,238001
2023-04-18,1445.7649724170212,1459.96876652992,1435.1865438252773,1440.9971923828125,244777
2023-04-19,1445.2186484353642,1452.270893878823,1419.6914671999882,1423.217529296875,260649
2023-04-20,1430.319515993698,1430.6671388483423,1405.4875799521408,1409.0633544921875,151865
2023-04-21,1410.4540397547469,1412.7882176128528,1387.608657420691,1392.8233642578125,193525
2023-04-24,1399.1306718660987,1412.3413112067717,1380.6557344890618,1384.529541015625,230164
2023-04-25,1389.5951702000054,1397.9387251359192,1375.8383015927097,1381.0032958984375,285483
2023-04-26,1380.9536466838954,1390.8864208922248,1374.2490240932732,1381.30126953125,197615
2023-04-27,1382.64210023339,1390.638031568663,1374.5965777793817,1387.2608642578125,232524
2023-04-28,1397.7895087629197,1441.1956791530413,1390.5882481919257,1437.7689208984375,367467
2023-05-02,1450.1352469892786,1484.9496672874275,1440.2521856633912,1473.5269775390625,581047
2023-05-03,1473.4773849380383,1492.2007618732807,1460.1178517332794,1476.7552490234375,550274
2023-05-04,1479.9833686833806,1487.0853265481408,1461.111097539096,1480.0330810546875,239799
2023-05-05,1480.976575368652,1513.903744805356,1478.096046713237,1496.2730712890625,571178
2023-05-08,1505.3120706710886,1540.3251029978162,1499.9483478519485,1533.22314453125,563133
2023-05-09,1544.5465421992321,1554.479317390224,1529.8459864166853,1537.8419189453125,521655
2023-05-10,1548.171888373781,1554.4791757956023,1519.565449929553,1528.802978515625,308902
2023-05-11,1534.6136068040648,1559.34623869764,1529.7465232186328,1536.898193359375,291682
2023-05-12,1536.8984176296449,1576.6295200436502,1531.6339980599082,1562.9222412109375,425278
2023-05-15,1570.371678601606,1589.2439505139591,1540.7223703997681,1584.9232177734375,933148
2023-05-16,1637.9145699621768,1727.9551980732865,1599.2264604875077,1675.1624755859375,6040726
2023-05-17,1680.6253350217414,1713.8008239228159,1651.0256204558834,1708.2880859375,1209502
2023-05-18,1714.3968529022975,1717.1780782203218,1657.531719745486,1672.8778076171875,729612
2023-05-19,1678.6388615450112,1687.3797514541143,1634.0903929308695,1641.0433349609375,546011
2023-05-22,1642.8311975895735,1677.5959085017116,1623.2636802331886,1666.1732177734375,456249
2023-05-23,1677.447109129038,1710.4238739953887,1666.7693758854546,1701.6829833984375,685664
2023-05-24,1701.4345826136528,1708.43723723125,1690.4589393917197,1702.8251953125,408146
2023-05-25,1702.2789259281647,1745.7348139474711,1694.5313133928476,1740.17236328125,653551
2023-05-26,1753.0849383289565,1767.9345085450366,1736.298646888575,1764.4083251953125,544317
2023-05-29,1777.9666957268105,1804.7851877852595,1759.044711163472,1780.3505859375,499586
2023-05-30,1780.3007907922292,1792.8657746261115,1761.4285194803754,1777.8673095703125,330644
2023-05-31,1777.9667315416193,1813.2280829213553,1775.1855060315086,1809.10595703125,443608
2023-06-01,1808.7581355974405,1824.6505739113113,1789.7865616101933,1796.9381103515625,376713
2023-06-02,1807.765137045797,1867.3617899154387,1805.7785819501423,1853.7042236328125,853520
2023-06-05,1867.3614619967461,1882.1613191103795,1842.529527661683,1872.1788330078125,612285
2023-06-06,1877.2447450345524,1902.0270911771481,1863.3885725392684,1897.60693359375,685189
2023-06-07,1906.4472085342622,1917.0256385096568,1886.2837473660784,1910.3707275390625,297211
2023-06-08,1910.072577144478,1944.5889692691635,1905.1061897884078,1938.7783203125,920008
2023-06-09,1943.7942745381454,1982.8301271696519,1935.0535056503425,1974.486572265625,653794
2023-06-12,1983.0287395283915,2005.4271947852799,1947.8171020177979,1954.1243896484375,733895
2023-06-13,1956.7068642308732,1997.4809520554002,1942.5526605676264,1993.4581298828125,743387
2023-06-14,2003.4404641455938,2010.4431181349184,1951.0947950150874,1955.41552734375,701708
2023-06-15,1955.415905711525,1969.4708075286724,1934.2590450433397,1956.8065185546875,577166
2023-06-16,1961.7230468983778,1982.581874232487,1941.9568005556403,1946.972900390625,339650
2023-06-19,1946.972773060757,1991.1736185685402,1946.972773060757,1956.8558349609375,477269
2023-06-20,1959.7364456595283,1999.3185285355567,1959.7364456595283,1976.671875,430834
2023-06-21,1986.0086061676411,1999.6661714989464,1963.8585911437758,1972.00341796875,431397
2023-06-22,1981.5389651998662,1981.5389651998662,1933.7623401307967,1938.5797119140625,264561
2023-06-23,1948.9593666075702,1958.7431252092101,1914.4429753291627,1947.3204345703125,489311
2023-06-26,1947.121917591387,1966.4908287005462,1920.9986710314643,1929.64013671875,422277
2023-06-27,1929.6400570816404,1966.6893545330734,1929.6400570816404,1941.4600830078125,542165
2023-06-28,1960.531133213655,1972.847676932541,1946.8238555269052,1968.1793212890625,972263
2023-06-30,1971.6557713325185,1993.4581632259665,1954.8197667724016,1969.2222900390625,719579
2023-07-03,1979.1052257365754,1979.1052257365754,1936.9902395939257,1951.4920654296875,371387
2023-07-04,1958.74311678286,1960.630368173714,1895.0740569629286,1911.463134765625,455401
2023-07-05,1910.0726874610152,1910.0726874610152,1851.5190256510523,1856.584716796875,1206128
2023-07-06,1856.5845422913997,1865.8716620607693,1820.6775387582593,1829.666748046875,541865
2023-07-07,1827.630525390645,1829.5673679366994,1771.0634225747617,1775.3841552734375,709460
2023-07-10,1786.8565141234938,1802.7986665340447,1764.1105563223518,1773.64599609375,372301
2023-07-11,1782.9330605992914,1797.8322226655807,1760.832636867629,1767.2889404296875,344369
2023-07-12,1780.4995532907813,1833.7887918364995,1763.3158047920865,1827.18359375,982273
2023-07-13,1854.3992333572105,1854.3992333572105,1807.7649069229997,1833.7391357421875,751133
2023-07-14,1842.5297098694462,1848.34035882853,1825.7432963489991,1837.414306640625,288190
2023-07-17,1851.4194653558925,1851.4194653558925,1817.9460635931864,1823.55810546875,366563
2023-07-18,1831.603695445508,1844.913638089682,1822.713910391027,1827.6802978515625,302525
2023-07-19,1832.596926209719,1901.7787260209075,1827.6802512490326,1895.86865234375,1143323
2023-07-20,1896.1169199106257,1903.3678937199097,1865.8716703733076,1876.0030517578125,418305
2023-07-21,1874.3643492996912,1925.96506677133,1843.3740186420532,1909.4766845703125,753246
2023-07-24,1911.0161931335524,1935.4012042011168,1871.3348056016957,1878.0394287109375,605108
2023-07-25,1882.260794909972,1896.067375914131,1837.1659737793411,1874.3145751953125,353977
2023-07-26,1874.3145408685245,1908.0859740373269,1865.6233632147887,1880.820556640625,419532
2023-07-27,1890.6538464181222,1920.5018812282672,1877.5923454152053,1887.9720458984375,765508
2023-07-28,1893.1868872348434,1915.1880077871176,1879.2810024387848,1896.4150390625,419161
2023-07-31,1860.458530373738,1976.6222892763026,1860.458530373738,1956.111083984375,910329
2023-08-01,1976.6221619918097,2027.3290252503202,1967.781968273667,1987.15087890625,1252369
2023-08-02,1986.5052012078388,1995.8917459243207,1938.877595654621,1967.0369873046875,828024
2023-08-03,1956.7566099843887,1992.0179600627876,1956.7566099843887,1983.3267822265625,491092
2023-08-04,1991.7792287933228,2046.471119748706,1991.7792287933228,2014.3023681640625,1141954
2023-08-07,2026.5334022868276,2026.5334022868276,1974.3772745384513,1979.548095703125,562434
2023-08-08,1988.7959886161282,1993.4696106347865,1947.7770713509206,1954.4892578125,441489
2023-08-09,1969.3059984684987,1988.6967611915488,1944.4460462594602,1966.223388671875,626620
2023-08-10,1953.9919329032837,1978.8021127079526,1952.3015049764779,1963.0906982421875,386802
2023-08-11,1987.8014483104612,1987.8014483104612,1925.4527470856247,1963.2398681640625,1151206
2023-08-14,1920.2323075859033,1990.5859661273525,1889.3562011131228,1978.3050537109375,900596
2023-08-16,1976.8134368002022,2023.500495289375,1955.7322479546951,2011.020751953125,1096560
2023-08-17,2020.5172290209057,2043.4877975038744,1960.50533671457,1980.5423583984375,1034879
2023-08-18,1976.2666421141585,1976.2666421141585,1909.2441915300278,1929.2315673828125,1046930
2023-08-21,1930.0270312008965,1988.795926553251,1924.1600589402703,1970.1011962890625,816060
2023-08-22,1974.824633034861,2013.6559229681698,1969.305797040832,1997.844970703125,715291
2023-08-23,2005.7006201505842,2040.5045476197317,1999.137618105124,2006.79443359375,1078815
2023-08-24,2028.571793554533,2039.1125088066863,1972.4380785080643,1982.18310546875,909899
2023-08-25,1978.8519939852924,2006.2973541471908,1952.6496313070531,1973.0347900390625,1196631
2023-08-28,1973.1341816679078,2028.5718687678125,1969.9023882495276,1977.5592041015625,1558725
2023-08-29,1988.0501574211864,1998.7399356841738,1945.0424448747483,1951.4066162109375,1260238
2023-08-30,1966.919183687511,1993.8176973173,1955.0858235730673,1961.8477783203125,1260010
2023-08-31,1984.7189241445944,2007.6894928764364,1901.686694003345,1943.1033935546875,17916345
2023-09-01,1931.1208422014915,1945.5893811031608,1894.4275331264453,1900.3939208984375,780141
2023-09-04,1916.3542036085635,1918.740783177557,1874.0922869847518,1882.1966552734375,541381
2023-09-05,1885.3785041216786,1912.2272486423985,1881.9975268306646,1903.72509765625,634880
2023-09-06,1909.2440360586806,1916.9008516070378,1877.671901608231,1887.6656494140625,402247
2023-09-07,1888.3616465209127,1901.736249965119,1874.4400756671512,1890.151611328125,353912
2023-09-08,1890.1516215564416,1905.7138519501518,1882.5444531643209,1898.60400390625,838017
2023-09-11,1899.94639567832,1917.1991751818389,1889.7040486256158,1904.8189697265625,711167
2023-09-12,1918.193683723751,1924.1600715424875,1856.8890246089404,1894.6761474609375,488266
2023-09-13,1894.626531779657,1899.3001537604994,1862.9052117406034,1890.499755859375,396559
2023-09-14,1891.3450133125737,1919.1881575674379,1883.837259789261,1897.3114013671875,444154
2023-09-15,1897.3113865911278,1919.1881426210043,1894.4276081098944,1915.85693359375,364216
2023-09-18,1914.2161394574605,1914.2161394574605,1878.0200281795155,1892.041015625,342835
2023-09-20,1899.1013488062895,1903.2777718513735,1865.7392473543048,1882.0970458984375,307241
2023-09-21,1882.3954937507597,1889.0579120784341,1870.2638861913742,1882.544677734375,221982
2023-09-22,1879.4123080925842,1886.0250793798357,1823.378002443416,1830.736572265625,391026
2023-09-25,1834.1172797379645,1866.3855665648553,1800.1089178571356,1857.535400390625,622618
2023-09-26,1863.5018121063379,1914.2161090206512,1846.5970464682334,1909.0452880859375,707542
2023-09-27,1912.1775683567844,1928.7840876393927,1900.3939764400025,1917.3485107421875,438394
2023-09-28,1917.1992413829998,1921.5248481741792,1879.412119405534,1887.864501953125,403244
2023-09-29,1899.3001016800506,1909.144665751393,1882.395336377139,1901.736328125,349688
2023-10-03,1908.24970743893,1908.24970743893,1874.98714384457,1878.8155517578125,321425
2023-10-04,1879.4119888344321,1892.8861286317178,1841.3265015643146,1857.982666015625,291689
2023-10-05,1854.601854881739,1876.1802407912699,1844.6081074163537,1847.2432861328125,153879
2023-10-06,1859.4744383789327,1884.384156121299,1846.2490181889616,1878.8155517578125,318424
2023-10-09,1869.4183709014335,1871.8049502502422,1841.9233647908634,1851.07177734375,345097
2023-10-10,1851.6186137273125,1903.7747337736307,1851.6186137273125,1900.84130859375,285755
2023-10-11,1909.1943243521491,1937.2860668634726,1901.3386775378049,1923.8616943359375,493856
2023-10-12,1928.137725458009,1942.457080960985,1912.625140907483,1916.7021484375,375205
2023-10-13,1916.2050532313267,1933.0600517199468,1904.3220450209403,1926.2982177734375,363379
2023-10-16,1938.8771891292215,1955.980785470461,1917.5970485280498,1938.529052734375,774044
2023-10-17,1952.848356631113,1959.4611271634874,1934.5017633200987,1956.1795654296875,517358
2023-10-18,1960.9527992517862,1968.5599680089365,1937.1370163955835,1952.4010009765625,474993
2023-10-19,1944.0479859440884,1944.0479859440884,1829.6922220650245,1833.5206298828125,2077841
2023-10-20,1844.6580019630896,1873.4457746268922,1815.2734934083821,1832.22802734375,2374492
2023-10-23,1828.6979228130272,1835.7084772707337,1795.5844208437152,1813.2349853515625,724200
2023-10-25,1819.6983584085467,1848.088466537872,1796.6283760652677,1809.058349609375,442617
2023-10-26,1813.7816918163874,1813.7816918163874,1763.067401091258,1771.8677978515625,675909
2023-10-27,1788.5880181331293,1826.2576683570783,1787.0453540684473,1818.2459716796875,252287
2023-10-30,1821.2816014511773,1836.508758517827,1791.1259066677148,1815.2603759765625,822819
2023-10-31,1824.2671821178915,1846.1623692464204,1812.4736624395914,1841.9326171875,792115
2023-11-01,1845.714560199137,1846.2121780880059,1811.329115482799,1815.31005859375,704496
2023-11-02,1820.2862702389232,1848.849488978503,1818.2957986476285,1833.47314453125,308915
2023-11-03,1843.0770913384727,1858.0553163333248,1831.4327602863787,1842.5296630859375,209124
2023-11-06,1848.1527776982794,1861.0908423779117,1839.1956559969951,1846.5604248046875,512282
2023-11-07,1846.560386171488,1867.9081438507549,1835.6127932100721,1863.2802734375,191970
2023-11-08,1875.0241908482144,1885.9717843191966,1861.7875065105302,1880.99560546875,212578
2023-11-09,1885.8722867798033,1895.9241437692306,1866.5148781404632,1890.2015380859375,184803
2023-11-10,1880.9955673634704,1892.9383963626035,1867.1120772474737,1882.339111328125,137779
2023-11-13,1887.962165794846,1887.962165794846,1853.676343746359,1864.3253173828125,364407
2023-11-15,1880.0004081756454,1888.9575302897697,1866.465225723162,1874.526611328125,222223
2023-11-16,1875.2230958999398,1889.8531338839798,1866.7635922760087,1883.8319091796875,167444
2023-11-17,1883.7823398936798,1918.3169729909378,1877.6118051417861,1902.293701171875,279642
2023-11-20,1908.862196189502,1908.862196189502,1879.0051232564022,1883.1353759765625,351051
2023-11-21,1877.1639802969787,1935.733581326248,1877.1639802969787,1932.1507568359375,379527
2023-11-22,1940.6600272924509,1964.4959979356497,1921.8501675951784,1938.6695556640625,517972
2023-11-23,1954.4440385902224,1957.379935493496,1940.7097364750564,1944.640869140625,171925
2023-11-24,1954.593185867006,1954.593185867006,1915.8288023321952,1924.4873046875,184033
2023-11-28,1925.731364114648,1936.7785781205864,1904.9807230437782,1923.3428955078125,247010
2023-11-29,1935.733553648577,1950.6620900520365,1931.7526106076546,1936.47998046875,354178
2023-11-30,1935.584263624159,1973.7515311184793,1920.8050367325402,1940.4111328125,1441205
2023-12-01,1949.5175730348876,1975.5430128418625,1935.2857743494735,1969.024169921875,790565
2023-12-04,1989.4762904015336,2005.847870108741,1953.7971125927809,1981.514404296875,584918
2023-12-05,1989.4763433184496,1993.7559058090294,1943.446688051577,1961.6097412109375,397445
2023-12-06,1962.6049178627293,1984.997722452948,1950.662088747946,1956.9818115234375,319651
2023-12-07,1959.1713839496579,1994.402632303122,1946.9797460140765,1960.21630859375,987794
2023-12-08,1964.5953298414208,1969.9198166959793,1909.1109379272066,1919.5609130859375,253175
2023-12-11,1931.8024559765392,1945.6859464876936,1900.9003364662378,1941.306884765625,313475
2023-12-12,1944.4419657862566,1959.470002234955,1905.8765781091138,1919.262451171875,234803
2023-12-13,1924.736154923738,1925.7313906865652,1889.5545950055525,1911.847900390625,269358
2023-12-14,1923.7905936462962,1948.4724874163508,1902.442836637178,1940.6597900390625,421435
2023-12-15,1952.4038347917015,1967.232872540908,1940.9586230674224,1951.1597900390625,395548
2023-12-18,1958.6241400277806,1964.595555088841,1923.2434571954982,1932.0513916015625,370832
2023-12-19,1930.7573552184426,1940.7097127195686,1893.9336324642766,1899.7557373046875,483766
2023-12-20,1910.8527144772117,1948.5223647851726,1843.92310768107,1856.11474609375,786084
2023-12-21,1841.1861367673391,1880.0003310018938,1814.8621997858097,1875.1734619140625,400698
2023-12-22,1875.1735427600076,1932.7479090591019,1868.8040093901793,1924.6865234375,763251
2023-12-26,1935.733685766373,1936.7289215945304,1907.3694646638837,1912.84326171875,299801
2023-12-27,1912.8431287824656,1923.4424139134774,1882.587937411363,1897.5662841796875,445050
2023-12-28,1909.8076868460244,1912.0469673925436,1869.202139162386,1880.5478515625,844215
2023-12-29,1884.9764216898695,1902.8906643458452,1873.28240217833,1898.4619140625,340623
2024-01-01,1899.9050209062916,1904.8313892062845,1884.031059505215,1895.874267578125,238462
2024-01-02,1893.933618538906,1897.9643718927214,1859.100367541081,1890.6492919921875,279468
2024-01-03,1888.9573762681168,1888.9573762681168,1844.6195768229159,1852.233154296875,450711
2024-01-04,1857.0599710926513,1863.4793141308498,1831.233653756094,1844.4703369140625,448704
2024-01-05,1851.2379644616929,1861.5386300105451,1826.755189703754,1832.3782958984375,391876
2024-01-08,1832.3285035952892,1835.8616390812415,1794.4100460546117,1799.43603515625,972370
2024-01-09,1813.5184326171875,1826.506307016558,1801.376605748519,1813.5184326171875,562377
2024-01-10,1819.1914625104653,1821.1819340222685,1796.251229741435,1802.3221435546875,307426
2024-01-11,1810.2841081480794,1820.2862765243701,1795.8035001646563,1803.715576171875,533209
2024-01-12,1813.2696296801546,1814.3146757575705,1796.8980510588556,1803.2177734375,265406
2024-01-15,1811.3291948715503,1815.160828486029,1779.730457543434,1794.161376953125,719547
2024-01-16,1806.2534373098865,1811.428614758614,1774.7542006468097,1785.602294921875,298260
2024-01-17,1780.5264804850444,1794.6587788518113,1762.5624274762556,1766.2447509765625,319628
2024-01-18,1766.5434657597002,1789.4338881329245,1731.710214322185,1782.8653564453125,876994
2024-01-19,1798.341241490659,1850.1433123606985,1793.0167543730606,1841.9326171875,623395
2024-01-23,1826.207865360206,1830.039620344999,1756.5911704034534,1765.9464111328125,1306351
2024-01-24,1771.320597713895,1825.511134520972,1763.7567089882953,1819.1416015625,489460
2024-01-25,1820.7837646929577,1824.267089741564,1777.988628381508,1791.47412109375,512718
2024-01-29,1801.376819868311,1866.067147653637,1801.376819868311,1859.846923828125,1046879
2024-01-30,1880.945691924955,1880.945691924955,1854.3729469164405,1867.510009765625,773114
2024-01-31,1833.224275986141,1875.024178044457,1798.4905235494589,1821.6795654296875,1742853
2024-02-01,1825.2623757085498,1895.9241143537556,1811.329075130622,1880.1993408203125,1028119
2024-02-02,1880.8959732597848,1933.7429646188898,1880.8959732597848,1893.3861083984375,829998
2024-02-05,1900.9002919712402,1910.703339859836,1851.1385042233019,1865.8680419921875,814203
2024-02-06,1884.9266419886596,1895.874234901052,1865.8679751548918,1879.75146484375,387406
2024-02-07,1885.9717566403745,1903.8860002390693,1877.3132541631678,1885.3248291015625,265200
2024-02-08,1893.9336798089982,1901.895566008931,1860.6927806265307,1864.5244140625,479678
2024-02-09,1870.0479470217003,1871.9886081104482,1826.8050029093226,1843.6243896484375,358812
2024-02-12,1843.624335160087,1945.6858054156169,1824.8144775058793,1929.1649169921875,1545736
2024-02-13,1934.6884736108666,1938.6197276881499,1865.7187095284153,1890.6492919921875,484655
2024-02-14,1871.0432916968841,1945.6361658208978,1871.0432916968841,1941.05810546875,609990
2024-02-15,1945.6361951150943,1956.6335993938594,1935.3355287954853,1945.934814453125,397001
2024-02-16,1945.9347944248689,1974.348825058894,1938.9183334520812,1959.4202880859375,360551
2024-02-19,1960.7637143157385,1964.3963490586632,1939.1670258991144,1957.330078125,421390
2024-02-20,1957.3301123271956,1975.4931648704605,1935.634045744101,1942.7001953125,329238
2024-02-21,1956.6334813732274,1960.6144243668657,1913.5895352545133,1921.3026123046875,649882
2024-02-22,1933.7432217480512,1960.564778827338,1915.9284760559165,1955.7877197265625,305171
2024-02-23,1971.561991540284,2085.0188653593614,1958.6239269819682,2066.009765625,2917191
2024-02-26,2084.0233474082115,2114.328222847384,2032.320906558687,2074.518798828125,2331714
2024-02-27,2084.919392542571,2124.380638032124,2065.114297196598,2085.267822265625,1057268
2024-02-28,2093.975958847771,2106.665214301815,2029.4846354740753,2042.6715087890625,639894
2024-02-29,2042.721420645628,2080.0427620703354,2021.8214694477922,2059.242431640625,2050782
2024-03-01,2076.559636902061,2096.165734890298,2056.207112013428,2063.72119140625,388318
2024-03-04,2104.923754808363,2109.3026952160208,2061.6808071171367,2087.109130859375,763233
2024-03-05,2095.966707875356,2133.586671740414,2078.0524625088997,2096.713134765625,803395
2024-03-06,2100.942809154585,2100.942809154585,2037.894644461362,2083.028564453125,477261
2024-03-07,2070.140424601706,2123.833351312344,2070.140424601706,2090.244140625,415811
2024-03-11,2090.244051643237,2114.826328045042,2067.4034379436707,2090.990478515625,801434
2024-03-12,2091.985596138844,2099.6488630001827,2025.8522275776202,2034.6102294921875,479940
2024-03-13,2039.2879066301314,2073.3249214273214,1966.1877663043474,1991.6160888671875,1066781
2024-03-14,1972.8060981710196,2036.003569344615,1966.1380671308768,2006.0469970703125,563858
2024-03-15,2005.4000529600698,2047.5979519206942,1947.4773804229226,2020.527587890625,514531
2024-03-18,2025.553563491771,2040.233290828218,1935.1861086488595,1961.2115478515625,1769550
2024-03-19,1970.4673272665382,2012.3667289271646,1869.6498950704868,1942.451416015625,2131586
2024-03-20,1942.4514859818598,1955.638360422367,1886.8177800822734,1895.77490234375,1106750
2024-03-21,1905.4782607981751,1940.7096291324808,1892.9383151846043,1933.245361328125,390508
2024-03-22,1930.7574548104071,1947.427654484672,1902.940662755415,1929.6627197265625,519482
2024-03-26,1916.6250994642514,1989.4763094229104,1916.6250994642514,1983.4053955078125,456184
2024-03-27,2000.2248978006894,2009.1820197246852,1978.23009010744,1988.58056640625,327476
2024-03-28,2000.4238538724105,2002.4641357517062,1972.5572529229441,1981.76318359375,379847
2024-04-01,1988.6799818147308,2028.0914138091655,1985.495276082674,2020.0299072265625,445828
2024-04-02,2040.2333186930664,2051.180912110444,2027.2952537452568,2041.9251708984375,490877
2024-04-03,2041.9253078243044,2055.311181168585,2018.7363858330282,2047.946533203125,290457
2024-04-04,2084.0237556818183,2089.9951704545456,2041.2784268625433,2052.673828125,379027
2024-04-05,2052.6736591063927,2058.097645149507,2026.250102317311,2032.5699462890625,301755
2024-04-08,2048.8421516337244,2048.8421516337244,1991.5664023037386,2015.153564453125,670678
2024-04-09,2033.167055448552,2033.3660539949792,1980.519062112733,1987.5355224609375,173393
2024-04-10,1998.38358612094,2005.1014274687504,1980.5191529100364,1985.744140625,180200
2024-04-12,1980.6685999191352,2012.9142649224261,1950.7120259071073,1954.8919677734375,413279
2024-04-15,1930.8071712621652,1967.431774080441,1926.8262282500434,1960.1666259765625,570103
2024-04-16,1935.7335047831527,1994.20360422069,1935.7335047831527,1977.8817138671875,423415
2024-04-18,1980.519100876533,1998.4333440000394,1965.6403753222266,1977.981201171875,500791
2024-04-19,1965.5905074749812,1968.028786344457,1929.0155955004468,1934.389892578125,494224
2024-04-22,1940.6101731218537,1971.5619800095158,1940.6101731218537,1952.3538818359375,332780
2024-04-23,1958.6738499601847,1968.8750168329714,1944.6907384805256,1949.268798828125,507115
2024-04-24,1956.6334001098287,1985.59473488797,1948.671514453227,1979.37451171875,165710
2024-04-25,1996.4429302095866,2023.0156763481862,1976.5382150529606,2001.07080078125,689666
2024-04-26,2007.3408016877397,2033.4657414829428,1976.0406843190801,2030.0322265625,351693
2024-04-29,2047.2000069958078,2079.0475520730397,2031.2264240725115,2045.7071533203125,639029
2024-04-30,2013.3620119694717,2139.1597191842798,2013.3620119694717,2108.009033203125,1100749
2024-05-02,2109.8998371291173,2131.795024118193,2045.557941645395,2053.07177734375,463442
2024-05-03,2069.045310084184,2073.971678442182,2034.3613685578446,2059.640380859375,298394
2024-05-06,2053.8678634217576,2106.615355468525,2050.185539930967,2099.44970703125,445527
2024-05-07,2104.4258495175136,2120.8472382699556,2021.3734804529272,2058.74462890625,386392
2024-05-08,2050.782737562641,2117.861525143592,2040.5815718517758,2079.296142578125,614527
2024-05-09,2087.905167423592,2097.95714657875,2050.4844456999585,2062.178466796875,295120
2024-05-10,2055.4105599463005,2154.5857017329904,2050.1855724437137,2148.365478515625,1055032
2024-05-13,2164.538389279306,2217.3855109917,2109.1038001000147,2204.994873046875,1447510
2024-05-14,2215.3449694863984,2232.6124069427688,2190.0660786231742,2201.013671875,733542
2024-05-15,2203.5016483041795,2226.8398768538136,2171.2062984621725,2201.958984375,532249
2024-05-16,2199.5208499605915,2268.1423073283645,2199.3714188094254,2262.220703125,763037
2024-05-17,2279.090010609463,2340.7946309840427,2255.602348243626,2292.028076171875,1246909
2024-05-21,2189.5188460660547,2194.3954044867473,2051.2308748157006,2068.299072265625,2005808
2024-05-22,2076.310468565176,2114.875851744038,2068.398393385909,2095.4189453125,996545
2024-05-23,2104.9237698365714,2123.2858222119867,2081.5357279494983,2095.17041015625,561757
2024-05-24,2108.7056464026173,2154.9841107683105,2102.2864241344864,2138.76171875,891219
2024-05-27,2156.6263310783443,2191.857826845446,2130.003771417865,2163.8916015625,1501537
2024-05-28,2165.3345073858986,2188.5235503989948,2130.79987330798,2138.413330078125,428424
2024-05-29,2132.690925725911,2134.781018319468,2096.4644359393747,2103.978515625,287874
2024-05-30,2104.92371469673,2112.8856010880177,2078.599776411032,2091.537841796875,325338
2024-05-31,2109.8999638827677,2123.733644756849,2060.138172281759,2086.8603515625,1720844
2024-06-03,2137.766594736574,2168.668716314649,2108.655946274728,2135.776123046875,756841
2024-06-04,2131.8448802878897,2131.8448802878897,1922.198436067169,2002.513916015625,871166
2024-06-05,2010.3765081419622,2117.56336545086,1976.5882980981482,2106.2177734375,636073
2024-06-06,2117.811680002561,2173.5946874964857,2100.4448662826617,2139.06005859375,465552
2024-06-07,2144.73294829654,2159.6614838995324,2134.581592681999,2148.514892578125,408587
2024-06-10,2169.6141001930755,2174.5902793219584,2104.575341787573,2150.455810546875,1119452
2024-06-11,2140.801935553225,2218.927942910647,2139.7568894070882,2184.393310546875,664660
2024-06-12,2196.4854850667343,2247.0435140162845,2189.568644617733,2215.8427734375,706912
2024-06-13,2229.825704912126,2238.235398430671,2211.612842034153,2225.546142578125,292695
2024-06-14,2239.2806508666886,2281.030745961792,2231.7665716427246,2258.637939453125,658492
2024-06-18,2259.284977182771,2286.852961350485,2240.275875451071,2246.4462890625,360927
2024-06-19,2235.4985869811694,2240.225956992295,2188.8221255360036,2194.096923828125,193812
2024-06-20,2210.5677892901062,2234.2046383565475,2188.5732249979255,2201.013671875,314667
2024-06-21,2236.792309728365,2289.9378006750817,2217.8330204208237,2262.817626953125,842534
2024-06-24,2262.1210626682914,2381.997160865168,2232.6622300815598,2373.0400390625,2101515
2024-06-25,2380.6040482036124,2403.4944717440317,2359.8037170470107,2374.085205078125,895010
2024-06-26,2382.99227799085,2441.3131875714357,2378.6133380740857,2394.537109375,1008811
2024-06-27,2373.935609264145,2428.3749499146934,2356.2203663619002,2406.23095703125,451988
2024-06-28,2401.205197997504,2401.205197997504,2357.8130659411336,2369.457275390625,333399
2024-07-01,2368.660863234226,2378.3146005098997,2351.7916674465996,2366.819580078125,221539
2024-07-02,2359.803428049996,2442.308369081023,2359.803428049996,2405.23583984375,713240
2024-07-03,2409.117428536793,2413.4468014334525,2361.2965429975975,2388.66552734375,310243
2024-07-04,2387.670252163182,2387.670252163182,2342.1382153202085,2358.260986328125,322610
2024-07-05,2357.713359070617,2421.8562509530057,2357.713359070617,2394.785888671875,722122
2024-07-08,2402.49891284113,2402.6979113800903,2296.854743421473,2319.346923828125,871732
2024-07-09,2328.8516076589594,2336.7636831151267,2292.0776960394974,2324.373046875,336505
2024-07-10,2327.8564211010653,2357.91249217947,2281.4783379231953,2338.306396484375,305366
2024-07-11,2336.962820588388,2342.9342353219763,2301.5325722889206,2327.30908203125,248612
2024-07-12,2327.3089679484024,2335.2708538695683,2274.1136662331055,2291.381103515625,214191
2024-07-15,2289.042029174728,2289.042029174728,2231.8159784453596,2251.8203125,526725
2024-07-16,2253.114153077558,2274.11372492762,2238.3350477414324,2256.05029296875,210636
2024-07-18,2266.1021091792313,2266.1021091792313,2221.416118891765,2238.98193359375,194539
2024-07-19,2244.903567099486,2304.866524904776,2208.9258896073097,2261.275390625,821041
2024-07-22,2260.18047989696,2303.871233902564,2215.942297611163,2249.431884765625,875601
2024-07-23,2263.166060922557,2263.166060922557,2167.6732407645254,2225.89453125,413108
2024-07-24,2225.3473427681906,2225.3473427681906,2184.094865711749,2189.071044921875,234746
2024-07-25,2165.633264344027,2186.5332177223468,2153.6904338421296,2163.8916015625,281751
2024-07-26,2173.5951328572137,2226.890062114118,2173.5951328572137,2204.994873046875,260079
2024-07-29,2222.2618768218695,2229.3779584380854,2177.5758874737544,2192.255615234375,534045
2024-07-30,2198.475654595096,2203.4518330799197,2178.570940655801,2183.547119140625,382126
2024-07-31,2199.470778974515,2199.470778974515,2169.5638991988503,2178.322021484375,502783
2024-08-01,2194.4950179576413,2198.475961300875,2147.6193129000635,2158.467529296875,330769
2024-08-02,2139.7572035781855,2160.1097293143907,2115.921352161736,2120.30029296875,210897
2024-08-05,2090.244006147636,2111.691386409594,2053.3206604728502,2095.468994140625,471373
2024-08-06,2099.947596322716,2138.2641756868984,2070.836948364214,2080.789306640625,380127
2024-08-07,2101.340915699622,2126.321433191636,2088.004852251838,2114.876220703125,227045
2024-08-08,2114.8759229288526,2121.3947655456104,2065.1141365069975,2072.27978515625,183709
2024-08-09,2065.213929448893,2087.755923386343,2005.4001599921255,2021.6722412109375,632306
2024-08-12,2020.3285454483723,2020.3285454483723,1906.4238639815194,1928.6673583984375,1768080
2024-08-13,1931.752782357771,1949.667027634659,1894.4314380309206,1901.248779296875,601770
2024-08-14,1917.8193637154825,1917.8193637154825,1850.1433301230315,1854.074462890625,810952
2024-08-16,1871.3129212217186,1904.3449068579544,1855.021163726711,1882.77197265625,816779
2024-08-19,1897.4194705621478,1902.8501371680115,1864.3377378709665,1876.0458984375,1593840
2024-08-20,1876.0959364341404,1903.7471266221007,1876.0959364341404,1889.9962158203125,816174
2024-08-21,1892.188259906167,1902.0530327810463,1873.2061652274945,1883.519287109375,673857
2024-08-22,1901.255888510761,1954.017296170751,1888.302178745223,1948.9852294921875,1036936
2024-08-23,1962.98524525606,1964.9781236776396,1924.7718258493971,1939.41943359375,903580
2024-08-26,1960.9923778947445,1985.9033583049927,1949.0849779129044,1966.921142578125,783184
2024-08-27,1972.8998109662891,1972.8998109662891,1943.056504588535,1946.1953125,280917
2024-08-28,1948.038626299074,1974.6933747663375,1939.1205441577424,1951.1275634765625,708790
2024-08-29,1951.4763743423757,1954.963911670614,1905.5405498604243,1923.9249267578125,281376
2024-08-30,1938.0741920517396,1938.0741920517396,1907.1845776797068,1912.5155029296875,441021
2024-09-02,1927.7611775727921,1930.8002442380575,1903.1989262653274,1909.67578125,420363
2024-09-03,1913.5619883582667,1936.7789502456137,1909.7257215160992,1919.19189453125,330865
2024-09-04,1903.9462531988436,1936.579637886669,1903.9462531988436,1928.9071044921875,256231
2024-09-05,1940.0672045986491,1940.0672045986491,1910.0245371186434,1926.2166748046875,368394
2024-09-06,1928.059926026195,1932.9923729059585,1889.2486689548236,1892.7362060546875,312986
2024-09-09,1903.1988605624656,1916.4515504970796,1870.8145867570834,1909.7255859375,484580
2024-09-10,1919.0921185150276,1945.0494095456525,1910.174035911381,1935.1348876953125,352805
2024-09-11,1945.0494383185007,1953.0209524099698,1907.4837268167125,1916.2523193359375,335566
2024-09-12,1923.1276791183802,1941.4621849459127,1919.7896320853815,1932.7930908203125,510533
2024-09-13,1933.0423056119748,1949.0850751046698,1923.1277835685637,1927.5618896484375,286166
2024-09-16,1927.561786136591,1936.579609664771,1890.793276500611,1897.3697509765625,505775
2024-09-17,1903.1988215364747,1909.6258055518047,1893.7326493874714,1902.302001953125,196810
2024-09-18,1902.302191045605,1913.1135328264802,1868.3236361761456,1889.6474609375,273488
2024-09-19,1893.1348809658346,1913.1134141614068,1873.3057163433687,1901.6046142578125,308606
2024-09-20,1916.152579847337,1935.08492463002,1896.2237958655655,1921.03515625,518567
2024-09-23,1940.0671288925462,1974.693391208425,1932.4443446599073,1965.376708984375,1140689
2024-09-24,1979.426497106029,2008.7715832817591,1966.9211363255783,2001.7965087890625,1238922
2024-09-25,2024.7644469415056,2030.6932115054083,1992.9282632730362,2017.739501953125,661747
2024-09-26,2022.5724050029305,2022.67202459916,1992.878467187576,2001.3980712890625,317884
2024-09-27,1979.0778165474237,2019.2841154668206,1979.0778165474237,1997.711181640625,368524
2024-09-30,2002.842831631141,2006.3303689001505,1965.7254706966833,1982.4656982421875,827247
2024-10-01,1982.9140461786212,1994.5723363888299,1951.5262107742863,1967.46923828125,558479
2024-10-03,1938.0742330266633,1964.9780912743342,1900.757633852207,1912.116943359375,492776
2024-10-04,1914.1597435243543,1918.1455004083195,1871.3627276370353,1886.408935546875,544086
2024-10-07,1891.0921744712457,1900.7577080150313,1842.5157618509538,1880.779052734375,603553
2024-10-08,1878.2879993587628,1899.1633531376938,1873.8040227024687,1892.3377685546875,313473
2024-10-09,1892.3376832453573,1915.6045145192063,1888.25230680315,1894.978271484375,340800
2024-10-10,1898.2166876152853,1908.181079676258,1884.2166681153608,1892.6864013671875,269728
2024-10-11,1892.188262388457,1897.2203292479178,1875.298665779717,1890.693603515625,316306
2024-10-14,1888.252242595107,1907.1845869799656,1877.590392043154,1898.615234375,551594
2024-10-15,1900.109984328832,1910.7220864125393,1886.408944971748,1897.718505859375,289324
2024-10-16,1897.7185325686962,1900.3092502655509,1875.3485202850893,1887.853759765625,183555
2024-10-17,1877.2915212723126,1883.867995905054,1841.6189479569337,1856.1171875,528719
2024-10-18,1859.9037135387969,1872.3093334322923,1836.7862501712286,1865.0352783203125,313813
2024-10-21,1868.1740216795972,1891.2416136334994,1828.3164534259934,1843.46240234375,639520
2024-10-22,1854.772053761476,1861.0994187042006,1774.3095839125324,1783.7757568359375,540604
2024-10-23,1783.77557511737,1802.55842883532,1760.259635419891,1786.764892578125,819053
2024-10-24,1802.6085450943008,1803.555113764943,1767.1352090841012,1785.5693359375,591028
2024-10-25,1794.5372159280637,1814.466000898022,1746.957241812288,1792.8931884765625,993364
2024-10-28,1795.5337607187244,1807.7401422303196,1784.323818514198,1788.857666015625,362060
2024-10-29,1797.5763685084817,1800.0175959644475,1733.8042578740344,1753.6334228515625,640667
2024-10-30,1760.0106325813533,1763.64753840443,1727.177887494209,1740.6796875,684713
2024-10-31,1743.7188788983667,1768.6797316528564,1733.8043566625183,1764.0462646484375,514160
2024-11-01,1777.448377294931,1777.7472360876145,1767.7330946375444,1771.9180908203125,47682
2024-11-04,1773.6119012013958,1797.576312559116,1722.8433727354277,1744.5657958984375,351188
2024-11-05,1749.6973328228673,1782.9784258258328,1749.6973328228673,1763.4482421875,1166407
2024-11-06,1763.7969969044452,1807.3912117391333,1762.2525891316884,1799.220458984375,730575
2024-11-07,1808.5371035186402,1811.476550432086,1772.7151638139462,1783.974853515625,499968
2024-11-08,1738.7864550954187,1791.4981146515154,1738.7864550954187,1782.4305419921875,969790
2024-11-11,1781.6333381347915,1782.4305381707663,1703.911078417502,1707.448486328125,806463
2024-11-12,1718.857647727912,1745.5123967578954,1705.7544477094075,1736.44482421875,686585
2024-11-13,1736.444813866435,1748.352213773273,1715.1708610572118,1723.939453125,573401
2024-11-14,1721.3465265967172,1737.5527149264951,1709.27917378863,1726.482666015625,342533
2024-11-18,1722.6431437711246,1731.070313365259,1690.9288297916155,1711.4732666015625,504872
2024-11-19,1711.3734666732837,1754.905805602111,1711.3235527825545,1724.488037109375,390428
2024-11-21,1720.349223722138,1725.485363144099,1699.8047877754932,1709.2791748046875,238429
2024-11-22,1714.3155488004954,1762.4354636201406,1708.9302049493938,1756.8505859375,268430
2024-11-25,1773.405809048975,1805.1201228879067,1767.7711392075084,1777.8936767578125,1046427
2024-11-26,1787.168623704577,1814.9934274062532,1779.53922437233,1798.33837890625,561727
2024-11-27,1804.8707459026703,1804.8707459026703,1778.2427802791606,1785.822265625,544003
2024-11-28,1795.147049353681,1845.012245169061,1788.1160080472323,1803.57421875,1094202
2024-11-29,1803.5741634744734,1810.0566387317995,1777.3949364737339,1785.672607421875,461910
2024-12-02,1785.173935572846,1814.3450739055309,1766.4744879236891,1811.403076171875,538271
2024-12-03,1823.8195025170016,1849.6994899601345,1817.6860591992584,1840.7237548828125,624695
2024-12-04,1852.7412915311586,1853.8383014559292,1826.4124446306798,1831.548583984375,449981
2024-12-05,1832.9946776210961,1839.876098966856,1803.6241260890322,1820.279052734375,351982
2024-12-06,1829.503999737189,1845.0121233079572,1820.3288530096481,1839.42724609375,233858
2024-12-09,1844.0149212656236,1853.7885482359827,1827.0607548721591,1845.560791015625,305785
2024-12-10,1854.8855465906247,1861.966379927164,1835.5378265966501,1842.169921875,256183
2024-12-11,1842.1200658558978,1858.7252006485642,1837.931438043875,1847.6551513671875,252022
2024-12-12,1849.6994082124831,1851.9932557717902,1819.880120388649,1828.4569091796875,510479
2024-12-13,1818.0850057827336,1833.9919542569808,1783.6780213068673,1829.2547607421875,497357
2024-12-16,1840.025784823846,1850.9961282564,1818.3843378397437,1847.30615234375,361951
2024-12-17,1845.0121783289158,1859.4730845914937,1815.093061923582,1823.869384765625,404973
2024-12-18,1825.0661880753773,1837.68210711168,1792.2050723472223,1797.44091796875,353983
2024-12-19,1794.199590937956,1794.199590937956,1759.1941274169449,1777.4947509765625,226679
2024-12-20,1775.2009617558758,1790.8087923128123,1723.0918324009633,1729.92333984375,292728
2024-12-23,1730.322219455812,1741.9408339231636,1712.5203696730505,1716.7589111328125,216433
2024-12-24,1723.3411896589903,1743.2373543500655,1685.4436403493598,1688.9342041015625,234613
2024-12-26,1703.1957118738528,1703.1957118738528,1648.643113489043,1666.9935302734375,429557
2024-12-27,1674.473272682175,1675.6201965322523,1645.5514591575873,1649.640380859375,484231
2024-12-30,1660.5109896361882,1669.1874848495195,1630.5918727058065,1656.2225341796875,367378
2024-12-31,1656.2224569317973,1657.568914523823,1627.7992971736196,1647.7952880859375,424069
2025-01-01,1647.5959162417032,1653.2804996356629,1637.3236376274162,1646.9974365234375,101769
2025-01-02,1653.280541716359,1653.4799538000595,1631.6390957633168,1642.8587646484375,335653
2025-01-03,1645.551483283044,1650.4880890364122,1611.6431496881207,1617.22802734375,580681
2025-01-06,1616.629679858841,1623.610807409126,1542.5299487357638,1552.253662109375,668130
2025-01-07,1555.7940948836088,1590.6000255853346,1554.796790976632,1574.54345703125,817396
2025-01-08,1584.6660806525451,1584.6660806525451,1528.8669727128351,1549.0623779296875,621862
2025-01-09,1547.8156249845035,1553.7994482769695,1532.6067407828195,1546.668701171875,526365
2025-01-10,1546.8183543214834,1574.1445056254993,1541.98145473777,1560.1822509765625,517164
2025-01-13,1545.8210723804366,1545.8210723804366,1463.1944671501483,1467.53271484375,687728
2025-01-14,1472.0205702575745,1508.2725430156102,1472.0205702575745,1489.473388671875,465502
2025-01-15,1491.468023464687,1496.6539551908181,1468.6297391784046,1472.36962890625,731479
2025-01-16,1483.9882732545227,1504.8817422493598,1481.3453934465208,1498.299560546875,240961
2025-01-17,1500.1944773151408,1511.7631788680835,1488.0274177362403,1497.4019775390625,443671
2025-01-20,1508.7212821756953,1508.7212821756953,1477.2562976540808,1479.4503173828125,413278
2025-01-21,1489.972003674278,1494.7091971263885,1447.1876426743477,1460.6512451171875,533853
2025-01-22,1460.8009638933065,1464.7901797018562,1427.2416615556408,1451.4761962890625,462015
2025-01-23,1456.1135230102057,1495.8061428716833,1443.1983652133501,1491.4678955078125,686991
2025-01-24,1495.8562237719038,1500.3938837142985,1454.418195819436,1464.3912353515625,380626
2025-01-27,1461.0501645457077,1462.496206455777,1422.5043457539934,1458.157958984375,592839
2025-01-28,1461.0002492772312,1490.171387347289,1441.6526516767128,1467.2333984375,934814
2025-01-29,1467.03406149543,1489.772639493131,1458.7065981390563,1470.8736572265625,160914
2025-01-30,1476.009696761625,1493.9112521576285,1455.0663159291964,1463.792724609375,253587
2025-01-31,1475.9100550484402,1526.8722596134924,1474.065067195318,1503.2362060546875,1085898
2025-02-01,1545.82103662878,1545.82103662878,1447.9356350256276,1504.6822509765625,561289
2025-02-03,1504.632349722592,1515.353366679578,1469.5772149259637,1490.86962890625,335501
2025-02-04,1491.866865500741,1512.9099525558834,1488.0272699957561,1500.64306640625,665541
2025-02-05,1512.1121232184823,1528.816963529507,1492.3655790597215,1515.7025146484375,1412685
2025-02-06,1516.8992613206246,1518.8439552668628,1463.8427415080603,1474.7132568359375,621641
2025-02-07,1478.1540697458092,1484.68633755549,1456.363002846918,1468.1810302734375,182807
2025-02-10,1468.180980245125,1475.4114336162165,1440.1068507387847,1442.6500244140625,235593
2025-02-11,1438.112303650447,1445.9910292461489,1401.2619711958307,1411.334716796875,260603
2025-02-12,1402.2593116814048,1425.596127452157,1373.0382563312046,1390.441162109375,364276
2025-02-13,1379.2712810855396,1394.43025153042,1363.314418831477,1367.00439453125,274368
2025-02-14,1366.3062682456234,1371.6917333592096,1308.711971171766,1329.007080078125,639364
2025-02-17,1317.6877419584362,1391.2389025786329,1302.0301198516997,1380.7672119140625,1279401
2025-02-18,1377.2766395008205,1388.1970681414416,1346.5098395705652,1359.2254638671875,392266
2025-02-19,1346.3602630816895,1373.536794317968,1341.7726894964655,1368.001708984375,289289
2025-02-20,1366.306366486727,1397.771353769088,1360.1231308969172,1395.8265380859375,275571
2025-02-21,1395.826430837823,1412.1822381705222,1368.450489112138,1383.4598388671875,473757
2025-02-24,1377.8751275784034,1417.6176660589672,1360.2726883260618,1394.6298828125,775950
2025-02-25,1399.366993918911,1404.1539796020106,1374.3844824866262,1385.703857421875,279242
2025-02-27,1385.7038798860976,1395.2281809975364,1370.594822924439,1384.3575439453125,534513
2025-02-28,1381.2659150111294,1383.2106089386723,1320.08134449588,1333.6446533203125,720390
2025-03-03,1344.315775761817,1357.5799666485088,1324.9182631350186,1344.7147216796875,482836
2025-03-04,1334.392702962857,1342.3711346696603,1278.743093111421,1303.32666015625,876471
2025-03-05,1300.7336875859532,1329.3562624920908,1300.4344477019872,1314.2969970703125,732223
2025-03-06,1318.784719829731,1333.943811372957,1312.6014846649737,1327.1121826171875,435999
2025-03-07,1323.7713692923048,1347.8063700593216,1323.6716632458767,1329.05712890625,333456
2025-03-10,1319.4330282688193,1334.1931743336863,1276.648667629777,1285.67431640625,409891
2025-03-11,1264.28214959149,1294.3010954253043,1261.9385096926874,1283.580078125,352119
2025-03-12,1285.52467347807,1293.4033983076715,1241.6932175978513,1261.6890869140625,412080
2025-03-13,1262.1379561257224,1267.9721593927188,1228.977602586137,1234.96142578125,518503
2025-03-17,1230.7727347020007,1253.2120727448093,1230.7727347020007,1234.712158203125,345802
2025-03-18,1234.712158203125,1234.712158203125,1234.712158203125,1234.712158203125,0
2025-03-19,1256.602915825114,1274.7537981349972,1254.9075478891311,1257.6002197265625,548789
2025-03-20,1266.575924512787,1280.5381787987546,1248.6743686068994,1270.8643798828125,698032
2025-03-21,1271.5624432321795,1296.4950401583005,1263.933044224547,1288.06787109375,856583
2025-03-24,1298.0410023621964,1342.271408112741,1297.4924364942528,1311.8536376953125,987825
2025-03-25,1321.4275573273965,1321.926209235822,1278.5434932028093,1285.375,736220
2025-03-26,1287.519366641343,1293.253864207716,1271.5625038479568,1275.402099609375,458146
2025-03-27,1273.5071683928165,1298.0409417640026,1264.4816411284728,1291.059814453125,551070
2025-03-28,1291.6081819646902,1302.0300801626522,1277.3468100628568,1290.760498046875,571535
2025-04-01,1286.5220433197906,1311.4546410585463,1277.5463081338387,1305.9195556640625,545451
2025-04-02,1305.470709908988,1342.071711673673,1293.8023038262927,1337.035400390625,541708
2025-04-03,1317.438467386013,1357.5300359407954,1317.438467386013,1354.687744140625,559179
2025-04-04,1346.3602984986042,1354.3387298971143,1320.4803103461672,1333.2457275390625,882272
2025-04-07,1246.5799281834397,1298.0409054571944,1240.6959327218087,1284.2281494140625,777109
2025-04-08,1290.5612279001016,1316.0422708313088,1254.5086656837636,1265.9776611328125,449764
2025-04-09,1265.9776242775765,1273.3576976564432,1249.023457585597,1262.487060546875,362116
2025-04-11,1281.3858626124447,1289.5139135620223,1242.690545211527,1245.5328369140625,416203
2025-04-15,1257.1016247809798,1294.5005227812073,1242.2417716273153,1290.810546875,548875
2025-04-16,1295.4976672102132,1321.427566630895,1272.2604394175112,1310.2578125,601613
2025-04-17,1321.3279089224864,1323.0232767885993,1280.9371025784174,1303.2767333984375,645710
2025-04-21,1306.468104004239,1342.3710442669508,1302.4788884194932,1333.0960693359375,610013
2025-04-22,1334.392679848346,1393.9316767325415,1334.392679848346,1364.91015625,1052588
2025-04-23,1371.6917950693849,1409.7887549824359,1362.4168201930988,1403.804931640625,1179224
2025-04-24,1404.2038764539334,1405.7995383289372,1374.883117753602,1387.5489501953125,581544
2025-04-25,1386.2523395826079,1395.726726076158,1323.1229577238441,1339.9774169921875,632125
2025-04-28,1331.5004254275934,1374.0853754144362,1331.5004254275934,1367.104248046875,291087
2025-04-29,1373.1877596590077,1386.2524163570104,1352.3440838705799,1360.8211669921875,249868
2025-04-30,1350.9478982103008,1370.096206980052,1331.400765255908,1341.4735107421875,550825
2025-05-02,1331.500472328626,1346.2606194078637,1310.2579713495172,1313.74853515625,328216
2025-05-05,1312.5515803100254,1340.3763822359297,1309.6593747798788,1337.18505859375,236094
2025-05-06,1332.3981057076162,1340.077297590436,1286.621829074959,1296.1959228515625,326306
2025-05-07,1271.5624843251917,1307.4654250590795,1271.5624843251917,1283.9290771484375,581821
2025-05-08,1295.9964024237026,1315.443828239218,1266.775349809552,1279.042236328125,354191
2025-05-09,1246.6298615191224,1310.9559623735092,1246.6298615191224,1269.966796875,473234
2025-05-12,1299.187694868335,1339.0798494262474,1293.203871684648,1326.71337890625,699720
2025-05-13,1335.3898489555818,1353.740264058699,1325.7160503519324,1340.47607421875,406245
2025-05-14,1341.3736333451905,1347.8561081531784,1304.47339213049,1323.1229248046875,785707
2025-05-15,1326.4142100016277,1347.7565381799693,1326.4142100016277,1340.37646484375,581965
2025-05-16,1346.8589104777577,1370.1958459738532,1333.8939598400598,1356.0340576171875,532359
2025-05-19,1367.8022849711754,1425.0475525985585,1352.4437807187753,1415.27392578125,2201575
2025-05-20,1435.1202377420461,1436.0178355537787,1357.3305375725677,1361.5191650390625,1798357
2025-05-21,1372.2902276938803,1380.8670172687262,1343.4681193482897,1373.985595703125,982148
2025-05-22,1382.2632637846823,1444.6944662134408,1369.8966705540965,1438.51123046875,3966338
2025-05-23,1466.0367739447458,1466.0367739447458,1428.7375826947818,1452.7725830078125,1930236
2025-05-26,1465.0394086382125,1510.3170294140725,1449.7806104848482,1504.63232421875,2382277
2025-05-27,1507.8237721625185,1525.5757083188678,1490.9693121121418,1523.281982421875,1265085
2025-05-28,1525.874921679756,1533.7536466039885,1500.842618881484,1520.7886962890625,846899
2025-05-29,1526.872324845201,1530.8615405861422,1493.9612949824373,1497.7510986328125,583619
2025-05-30,1505.4302016266536,1514.7051763748893,1486.182188113087,1494.0609130859375,2396862
2025-06-02,1494.0609126497804,1508.6215248946733,1486.18218767923,1505.5299072265625,517806
2025-06-03,1511.0152015916153,1514.9047113739305,1478.4034108793237,1491.66748046875,932836
2025-06-04,1492.4653360088732,1521.5865621613457,1481.4949927438565,1518.2955322265625,586727
2025-06-05,1525.8749617469362,1532.8560890229026,1503.435624074187,1506.1282958984375,512191
2025-06-06,1506.9261387057172,1531.6593232327057,1499.9450116567828,1522.1849365234375,687601
2025-06-09,1534.3519882970288,1547.7158843665418,1513.0096613491435,1530.76171875,596851
2025-06-10,1543.826420457145,1545.8210282355135,1514.007009822298,1516.5999755859375,441487
2025-06-11,1515.9019388744262,1533.2550512071498,1512.1121353307603,1521.48681640625,472757
2025-06-12,1520.8884483146367,1523.8803600162391,1491.1687433822383,1495.157958984375,286344
2025-06-13,1467.033955294673,1526.1741219714177,1461.8480239996254,1523.97998046875,598913
2025-06-16,1525.8748726222827,1563.5730064070742,1492.764433886694,1548.314208984375,967606
2025-06-17,1559.6834970894067,1572.6484469875045,1547.7158510296242,1559.783203125,1143509
2025-06-18,1559.7832370548235,1586.6107352373174,1551.306154244743,1567.562255859375,1266973
2025-06-19,1567.6620705471341,1569.7563844500658,1507.424888879463,1515.4033203125,924980
2025-06-20,1515.901896354668,1560.7805709177997,1501.141750246315,1554.298095703125,1136065
2025-06-23,1529.864178018872,1529.864178018872,1479.998983168192,1494.6593017578125,2029097
2025-06-24,1515.9018987341774,1518.195746356372,1492.2658454569716,1496.953125,808658
2025-06-25,1496.953147105428,1515.9019211194206,1495.1579513970967,1501.34130859375,372908
2025-06-26,1516.4006050350733,1525.6755801549843,1496.9531786633643,1518.19580078125,867630
2025-06-27,1520.8885110147628,1538.8399819644453,1492.0664027528653,1496.3548583984375,482191
2025-06-30,1505.928872576842,1508.3224262589786,1487.5784566687257,1502.737548828125,407056
2025-07-01,1505.8291821210937,1517.5972950898322,1487.5784720647605,1490.3709716796875,462599
2025-07-02,1494.0608961413561,1499.6457734383623,1479.5002840573486,1490.17138671875,473080
2025-07-03,1490.171472857543,1497.8507861083715,1483.9882372322227,1489.074462890625,567519
2025-07-04,1489.9719696179814,1506.626895414556,1466.6350349022318,1478.2037353515625,1180520
2025-07-07,1478.2036823568778,1488.4759604622388,1470.0258396792897,1484.6861572265625,539073
2025-07-08,1480.9963484054297,1492.8642896196802,1461.149975684618,1481.99365234375,924449
2025-07-09,1480.9963202252911,1501.9397025315075,1473.1175949142362,1488.5758056640625,701160
2025-07-10,1497.3521182477768,1503.3359417214663,1480.9963097381192,1487.5784912109375,413242
2025-07-11,1487.5784387773153,1491.1687083867405,1463.742851765694,1471.1229248046875,617853
2025-07-14,1475.910095508292,1493.9612721114654,1457.2604391601772,1490.9693603515625,533307
2025-07-15,1493.9612554505813,1503.7348824537473,1479.8992946840995,1500.9423828125,374777
2025-07-16,1502.937006450851,1505.8292121651878,1485.8831337783151,1488.5758056640625,213461
2025-07-17,1495.9558885848644,1516.8992710250525,1486.6809133791573,1501.0421142578125,698187
2025-07-18,1504.9315941277612,1509.7187015729576,1493.3628931666028,1502.8372802734375,428441
2025-07-21,1505.8291538868802,1505.9288599267156,1492.9639094770155,1496.953125,435616
2025-07-22,1508.920865250927,1517.7968946888789,1467.0340996590307,1471.0233154296875,335179
2025-07-23,1474.0150930630793,1484.9854354336435,1446.0905852107342,1479.101318359375,998658
2025-07-24,1480.4975789442883,1485.3843922024812,1452.07441895782,1468.629638671875,577256
2025-07-25,1466.036721280462,1470.8238286586732,1430.133781167471,1436.3170166015625,485182
2025-07-28,1436.3170107742153,1444.9936276443711,1404.3035803182545,1408.0933837890625,619739
2025-07-29,1408.193021944101,1423.6512314626093,1403.4059148160864,1415.473388671875,475975
2025-07-30,1416.1715482563834,1429.1364990502798,1401.3116956905235,1426.8426513671875,639913
2025-07-31,1419.9614077959561,1419.9614077959561,1392.2363093853535,1397.4222412109375,850995
2025-08-01,1395.4276289442753,1431.1311588153847,1392.435717113999,1399.317138671875,799571
2025-08-04,1399.3170172570153,1428.1391230694346,1390.141870470086,1424.6485595703125,245571
2025-08-05,1425.0476117786425,1430.5327834007765,1408.1931509914814,1423.1527099609375,451543
2025-08-06,1426.1446034389005,1426.7429614417536,1399.2173976397044,1414.4761962890625,211740
2025-08-07,1413.079945519391,1422.055680779847,1389.2443575350505,1412.0826416015625,535103
2025-08-08,1401.7105741652097,1409.88841711452,1357.2308463912368,1372.0906982421875,701093
2025-08-11,1371.3925248564972,1387.2496807096122,1361.6190199925481,1377.875,508003
2025-08-12,1306.5677310776057,1353.042065482779,1260.292808743138,1265.8778076171875,6627957
2025-08-13,1269.5678530409832,1296.4950580936984,1268.8697890138733,1288.6163330078125,2236725
2025-08-14,1280.7739334449575,1293.2619788178608,1269.0851717573473,1277.9765625,1459328
2025-08-18,1283.1715781877892,1341.415744805726,1283.1715781877892,1312.4434814453125,2809039
2025-08-19,1318.9373307466285,1369.588915161059,1302.7528729772637,1364.79345703125,1853945
2025-08-20,1375.683059482344,1396.662975422162,1367.7905905237947,1392.467041015625,1512987
2025-08-21,1417.6427984313784,1446.6150614014348,1387.4717319819156,1420.04052734375,2230880
2025-08-22,1418.641840763125,1433.6274940106227,1414.1461447888755,1423.7369384765625,811033
2025-08-25,1423.5372252804802,1425.0357906544255,1409.3507332349939,1412.9473876953125,493011
2025-08-26,1412.64767465315,1413.9464801368742,1383.8751696977413,1388.7705078125,904261
2025-08-28,1388.7704179577352,1390.7685050627615,1353.3043718435206,1360.49755859375,880210
2025-08-29,1354.3034555017996,1367.291022069078,1347.6099122831656,1358.49951171875,517230
2025-09-01,1367.690683050729,1410.6495576827094,1364.4937923246582,1405.9541015625,444781
2025-09-02,1405.9541075396112,1427.333543024031,1393.565942504685,1416.5439453125,598869
2025-09-03,1416.543958796562,1431.6294929145788,1413.8464678778284,1424.33642578125,445062
2025-09-04,1428.6323040996144,1428.6323040996144,1406.753225541223,1419.940673828125,464800
2025-09-05,1430.6304222974943,1456.8053156000035,1413.7465612190529,1453.508544921875,989366
2025-09-08,1468.6939130147714,1473.2894889995885,1452.2096942764606,1460.6016845703125,455948
2025-09-09,1458.6035974505173,1472.590207289084,1435.9253574222653,1460.6016845703125,828879
2025-09-10,1487.5758721208265,1491.871808242828,1431.72931230261,1437.0242919921875,1188661
2025-09-11,1440.720786317507,1458.8034515279437,1428.9321447220468,1439.0224609375,561578
2025-09-12,1454.407656976067,1476.9860169411727,1449.6121991279213,1459.7025146484375,1039980
2025-09-15,1459.5028315894215,1464.9975714344437,1450.4115591456434,1457.1051025390625,225412
2025-09-16,1463.5988104922935,1478.684343806997,1450.611244255843,1475.3875732421875,395894
2025-09-17,1475.3875754145292,1477.1857806470114,1453.9081389149273,1458.3038330078125,334619
2025-09-18,1458.3038430715703,1463.598822747576,1444.916756863212,1457.8043212890625,451590
2025-09-19,1458.6036934925783,1468.3943698056678,1445.6161263587403,1451.010986328125,716952
2025-09-22,1438.7226172756427,1460.202053978529,1433.7273994377622,1437.0242919921875,486882
2025-09-23,1437.523854106199,1451.6103444135113,1425.6352109277914,1435.0262451171875,489921
2025-09-24,1428.7321516102772,1449.2125443156967,1420.3401614280767,1438.5228271484375,567946
2025-09-25,1426.6342590643,1426.6342590643,1394.764743872361,1404.555419921875,866669
2025-09-26,1410.5496190209687,1413.8463895787575,1368.689669695766,1372.486083984375,376171
2025-09-29,1372.5860092678197,1386.6724994609685,1362.9952152184562,1365.392822265625,580505
2025-09-30,1377.8808239962807,1380.1786729570756,1348.7088009352528,1365.0931396484375,519075
2025-10-01,1368.2900729879418,1380.1787160693714,1357.4004734939674,1375.0836181640625,345411
2025-10-03,1375.0836680890277,1385.7733860814833,1359.4986119495945,1382.2767333984375,509629
2025-10-06,1381.6773316149147,1396.6629859708248,1367.091319099209,1382.2767333984375,464100
2025-10-07,1391.867465525974,1423.6371001206169,1388.9703367096308,1418.04248046875,950549
2025-10-08,1418.5420035897923,1425.6351886168652,1394.8645975723714,1404.6552734375,543303
2025-10-09,1404.6552469877213,1413.6466390381404,1393.7656477803903,1404.755126953125,580693
2025-10-10,1404.7551916710065,1432.6285327021592,1389.7695375632434,1425.735107421875,734185
2025-10-13,1423.237470831521,1424.6361562451953,1401.258511899267,1419.8406982421875,446670
2025-10-14,1425.7350342879704,1426.634197879026,1401.6581089805838,1417.2431640625,388990
2025-10-15,1417.2431967280959,1447.614145919324,1413.6466642345365,1437.4239501953125,558872
2025-10-16,1436.5247877992251,1447.3143852890337,1430.4306463530977,1443.418212890625,453099
2025-10-17,1447.2145293286446,1455.1069981307774,1433.8273207464092,1441.0205078125,458773
2025-10-20,1440.6207981116106,1450.6112336047563,1431.3296443215618,1446.8148193359375,449269
2025-10-21,1458.6036124443376,1458.6036124443376,1443.6179588918274,1445.3162841796875,32936
2025-10-23,1445.3163205635153,1460.6017363532892,1433.827319217371,1454.40771484375,833768
2025-10-24,1449.6122726901215,1456.1060561308423,1423.737018897152,1429.431640625,621026
2025-10-27,1429.331574481613,1439.2221301299637,1409.6504651038967,1433.8272705078125,487878
2025-10-28,1433.6275742552339,1454.4077300363176,1425.1357036063353,1448.81298828125,571560
2025-10-29,1454.6074157879043,1466.3961785159606,1447.5142309395405,1463.3990478515625,420127
2025-10-30,1463.299141541345,1466.795794211605,1451.6103799679029,1463.4990234375,343690
2025-10-31,1466.5960400258637,1466.9956818661753,1443.6180366739598,1448.713134765625,397294
2025-11-03,1458.6036596857318,1484.5787933513682,1438.6227876352425,1479.2838134765625,693278
2025-11-04,1485.5778654201383,1490.5730835284778,1460.9015367463685,1465.7967529296875,429263
2025-11-06,1481.0821514664922,1570.996076344728,1481.0821514664922,1564.6021728515625,5837826
2025-11-07,1558.6079178925197,1577.4898665888243,1546.5195145531984,1555.8106689453125,613713
2025-11-10,1566.9000244140625,1578.3890259444556,1553.4129356609924,1566.9000244140625,505341
2025-11-11,1568.0,1575.800048828125,1550.0,1555.800048828125,274619
2025-11-12,1560.0,1589.800048828125,1557.199951171875,1585.199951171875,677752
2025-11-13,1592.800048828125,1593.5,1545.699951171875,1550.5999755859375,970265
2025-11-14,1548.0,1554.0,1507.5,1514.0,657446
2025-11-17,1508.0999755859375,1508.0999755859375,1456.4000244140625,1465.699951171875,1764724
2025-11-18,1473.5,1473.5,1436.0999755859375,1449.800048828125,1005948
2025-11-19,1451.0,1457.5,1436.4000244140625,1448.199951171875,931531
2025-11-20,1458.0,1464.800048828125,1449.0,1462.4000244140625,337761
2025-11-21,1462.0999755859375,1467.0,1444.9000244140625,1452.5999755859375,454922
2025-11-24,1448.0,1514.9000244140625,1438.300048828125,1473.199951171875,2705698
2025-11-25,1475.0999755859375,1476.5999755859375,1444.800048828125,1465.5,1562164
2025-11-26,1465.0,1481.4000244140625,1457.699951171875,1466.0,650660
2025-11-27,1469.9000244140625,1479.0999755859375,1460.5,1471.0,369425
2025-11-28,1470.0999755859375,1470.0999755859375,1436.5999755859375,1440.800048828125,527824
2025-12-01,1450.5,1450.5,1423.5,1440.5,437147
2025-12-02,1433.0,1439.5,1413.4000244140625,1419.699951171875,636694
2025-12-03,1421.0999755859375,1426.300048828125,1401.0999755859375,1409.5999755859375,552547
2025-12-04,1404.5999755859375,1446.9000244140625,1404.5999755859375,1440.699951171875,783804
2025-12-05,1440.0,1465.9000244140625,1433.0,1459.5,713691
2025-12-08,1454.0,1466.0,1422.699951171875,1433.300048828125,643243
2025-12-09,1422.0,1440.0,1421.0,1428.4000244140625,495324
2025-12-10,1428.9000244140625,1434.0,1386.4000244140625,1392.4000244140625,402324
2025-12-11,1399.0,1412.199951171875,1388.199951171875,1406.699951171875,510796
2025-12-12,1410.0,1420.5999755859375,1404.699951171875,1416.4000244140625,229029
2025-12-15,1420.0,1431.9000244140625,1403.4000244140625,1430.5999755859375,171895
2025-12-16,1420.0,1471.5999755859375,1417.9000244140625,1462.9000244140625,831639
2025-12-17,1464.9000244140625,1464.9000244140625,1425.0,1428.9000244140625,357425
2025-12-18,1421.0999755859375,1428.0999755859375,1402.5,1407.9000244140625,451710
2025-12-19,1405.0,1427.0,1403.800048828125,1423.5999755859375,1026091
2025-12-22,1425.800048828125,1432.9000244140625,1404.0,1408.0999755859375,366498
2025-12-23,1408.0999755859375,1419.800048828125,1396.0,1417.0,356529
2025-12-24,1419.9000244140625,1423.0,1392.199951171875,1396.5999755859375,342797
2025-12-26,1393.199951171875,1399.9000244140625,1386.0,1390.0,246603
2025-12-29,1391.0,1391.0999755859375,1366.0999755859375,1372.0,348663
2025-12-30,1377.0,1377.0,1350.0,1360.300048828125,608767
2025-12-31,1358.0,1391.5,1357.0999755859375,1388.5,315322
2026-01-01,1397.9000244140625,1437.0999755859375,1392.0999755859375,1434.9000244140625,592945
2026-01-02,1443.0,1460.0,1434.0999755859375,1453.4000244140625,441304
2026-01-05,1450.0,1501.199951171875,1450.0,1492.800048828125,735122
2026-01-06,1490.199951171875,1507.300048828125,1480.0999755859375,1487.199951171875,257834
2026-01-07,1478.0,1509.9000244140625,1478.0,1502.5999755859375,1018655
2026-01-08,1502.5999755859375,1512.0,1464.0,1476.300048828125,361506
2026-01-09,1465.0999755859375,1479.300048828125,1438.199951171875,1449.0,246235
2026-01-12,1455.9000244140625,1457.9000244140625,1417.0,1438.699951171875,202921
2026-01-13,1440.0,1451.0,1422.5999755859375,1438.5,174600
2026-01-14,1426.5,1474.800048828125,1426.5,1462.5999755859375,487267
2026-01-15,1462.5999755859375,1462.5999755859375,1462.5999755859375,1462.5999755859375,0
2026-01-16,1480.0,1498.300048828125,1458.0,1464.300048828125,469969
2026-01-19,1457.800048828125,1462.699951171875,1418.0999755859375,1439.0,239414
2026-01-20,1430.0,1440.0,1387.0,1392.0999755859375,301961
2026-01-21,1388.0,1395.4000244140625,1332.9000244140625,1347.800048828125,635658
2026-01-22,1350.0,1424.0,1350.0,1413.199951171875,637788
2026-01-23,1413.0,1425.300048828125,1378.0,1383.9000244140625,418236
2026-01-27,1394.5,1406.0999755859375,1375.199951171875,1400.5,436449
2026-01-28,1397.0,1455.5999755859375,1397.0,1452.9000244140625,407841
2026-01-29,1441.0999755859375,1464.800048828125,1438.0,1460.800048828125,231897
2026-01-30,1457.0,1483.4000244140625,1444.800048828125,1476.5999755859375,371018
2026-02-02,1465.0,1472.699951171875,1424.0999755859375,1467.5999755859375,243894
2026-02-03,1492.0,1510.0,1483.800048828125,1503.5,460248
2026-02-04,1503.5,1510.0,1486.0999755859375,1501.4000244140625,738217
2026-02-05,1509.199951171875,1514.800048828125,1495.0999755859375,1503.5999755859375,298047
2026-02-06,1495.0,1522.9000244140625,1460.199951171875,1472.199951171875,998285
2026-02-09,1476.800048828125,1498.300048828125,1460.0999755859375,1490.699951171875,452579
2026-02-10,1499.5,1537.0,1493.4000244140625,1532.199951171875,883095
2026-02-11,1540.0,1598.800048828125,1536.800048828125,1592.0999755859375,1584163
2026-02-12,1594.9000244140625,1615.5,1578.0,1591.5999755859375,1241019
2026-02-13,1589.0,1604.5999755859375,1559.5,1596.5,585825
2026-02-16,1596.5,1644.5,1589.9000244140625,1639.800048828125,1221002
2026-02-17,1639.800048828125,1653.0,1612.699951171875,1645.699951171875,490265
2026-02-18,1640.0,1642.0,1623.0999755859375,1636.5999755859375,357889
2026-02-19,1630.0,1645.0,1613.0999755859375,1621.0,525038
2026-02-20,1611.0999755859375,1643.5,1611.0999755859375,1636.5999755859375,679027
2026-02-23,1649.0,1654.0,1628.4000244140625,1635.0999755859375,489915
2026-02-24,1623.0,1672.199951171875,1623.0,1664.0,659604
2026-02-25,1667.0,1687.5,1654.199951171875,1683.199951171875,662060
2026-02-26,1683.199951171875,1693.9000244140625,1669.0,1684.199951171875,615178
2026-02-27,1684.199951171875,1684.199951171875,1650.699951171875,1667.9000244140625,730263
2026-03-02,1590.5,1676.199951171875,1590.5,1669.800048828125,813157
2026-03-04,1635.0999755859375,1661.300048828125,1622.5,1646.9000244140625,461331
2026-03-05,1648.0,1667.800048828125,1622.199951171875,1663.0999755859375,368457
2026-03-06,1669.0,1705.199951171875,1664.0999755859375,1689.199951171875,1096077
2026-03-09,1677.0,1677.0,1595.199951171875,1605.9000244140625,527194
2026-03-10,1625.4000244140625,1668.0,1625.4000244140625,1660.699951171875,818683
2026-03-11,1681.800048828125,1768.699951171875,1677.4000244140625,1746.300048828125,2881726
2026-03-12,1719.0,1725.0,1633.0999755859375,1696.0,1565206
2026-03-13,1679.699951171875,1688.0999755859375,1606.9000244140625,1611.800048828125,535982
2026-03-16,1605.300048828125,1637.699951171875,1594.9000244140625,1619.699951171875,515058
2026-03-17,1624.9000244140625,1660.0,1619.699951171875,1652.0,490078
2026-03-18,1638.0,1679.5999755859375,1638.0,1668.4000244140625,504539
2026-03-19,1653.4000244140625,1653.4000244140625,1625.5,1640.4000244140625,478035
2026-03-20,1645.0,1652.9000244140625,1624.199951171875,1631.800048828125,388331
2026-03-23,1586.5999755859375,1614.4000244140625,1546.9000244140625,1556.300048828125,524399
2026-03-24,1577.9000244140625,1605.699951171875,1558.4000244140625,1594.4000244140625,373533
2026-03-25,1614.0,1678.0,1606.4000244140625,1646.5999755859375,702340
2026-03-27,1635.0,1653.9000244140625,1610.0999755859375,1619.0999755859375,790705
2026-03-30,1590.0,1626.4000244140625,1581.5,1599.0,742218
2026-04-01,1622.0999755859375,1660.0,1558.9000244140625,1570.300048828125,460319
2026-04-02,1539.800048828125,1575.5,1456.5999755859375,1553.5,1346193
2026-04-06,1553.5,1555.0,1472.199951171875,1522.800048828125,1078191
2026-04-07,1519.5,1550.699951171875,1497.300048828125,1544.5,792891
2026-04-08,1599.5999755859375,1614.9000244140625,1515.4000244140625,1525.5,738612
2026-04-09,1527.0,1570.0999755859375,1518.5999755859375,1563.699951171875,908839
2026-04-10,1577.0,1639.5999755859375,1567.5999755859375,1630.0,1127663
2026-04-13,1600.0,1637.5,1587.0,1625.0999755859375,652584
2026-04-15,1649.0,1661.5,1615.0,1631.0,896875
2026-04-16,1637.9000244140625,1637.9000244140625,1550.199951171875,1578.699951171875,2338081
2026-04-17,1580.0,1633.300048828125,1562.9000244140625,1605.0,1631264
2026-04-20,1605.0,1618.4000244140625,1580.0,1591.4000244140625,793939
2026-04-21,1585.0,1606.0999755859375,1570.0,1582.5,697463
2026-04-22,1585.9000244140625,1602.5999755859375,1578.0,1589.5999755859375,555897
2026-04-23,1585.0,1594.5,1562.800048828125,1574.9000244140625,414330
2026-04-24,1578.300048828125,1591.0,1551.9000244140625,1563.199951171875,2390129
2026-04-27,1565.0,1598.0,1530.0,1535.0,535721
2026-04-28,1545.5,1558.9000244140625,1532.0,1548.9000244140625,468230
2026-04-29,1557.0,1601.0,1544.199951171875,1552.800048828125,803166
2026-04-30,1546.0,1548.9000244140625,1520.5999755859375,1529.699951171875,333474
2026-05-01,1529.699951171875,1529.699951171875,1529.699951171875,1529.699951171875,0
2026-05-04,1534.300048828125,1574.300048828125,1534.300048828125,1559.5999755859375,378546
2026-05-05,1570.0,1570.0,1528.5,1531.5999755859375,259756
2026-05-06,1545.0,1588.699951171875,1533.0999755859375,1576.0999755859375,542926
2026-05-07,1577.9000244140625,1597.800048828125,1561.9000244140625,1569.0999755859375,984891
2026-05-08,1565.199951171875,1594.5999755859375,1565.199951171875,1569.800048828125,488596
2026-05-11,1571.0999755859375,1590.0,1560.0,1572.0999755859375,471229
2026-05-12,1565.0,1579.5999755859375,1524.0999755859375,1527.5999755859375,312623
2026-05-13,1521.4000244140625,1571.5,1503.0,1544.0,425281
2026-05-14,1544.0999755859375,1568.300048828125,1526.4000244140625,1561.300048828125,304800
2026-05-15,1568.699951171875,1588.0,1547.0999755859375,1550.800048828125,328906
2026-05-18,1539.0,1568.5,1512.5,1545.699951171875,414511
2026-05-19,1545.0,1545.699951171875,1440.5,1448.9000244140625,2377878
2026-05-20,1432.199951171875,1472.699951171875,1431.5999755859375,1443.699951171875,769323
2026-05-21,1468.0,1488.9000244140625,1459.0,1480.0,862861
2026-05-22,1481.800048828125,1548.9000244140625,1481.0,1541.699951171875,1094826
2026-05-25,1566.0,1566.5999755859375,1540.5,1552.300048828125,434838
2026-05-26,1559.9000244140625,1590.0,1545.5999755859375,1578.800048828125,602697
2026-05-27,1577.9000244140625,1604.9000244140625,1569.199951171875,1598.5999755859375,477086
2026-05-28,1598.5999755859375,1598.5999755859375,1598.5999755859375,1598.5999755859375,0
2026-05-29,1596.0,1614.800048828125,1568.199951171875,1578.199951171875,3173296
2026-06-01,1595.0,1595.0,1526.0,1533.0999755859375,324692
2026-06-02,1494.4000244140625,1535.5,1490.5,1526.699951171875,1003364
2026-06-03,1534.300048828125,1548.699951171875,1517.199951171875,1536.9000244140625,727937
2026-06-04,1532.0,1557.800048828125,1525.199951171875,1549.300048828125,641252
2026-06-05,1555.0,1564.4000244140625,1513.5999755859375,1518.800048828125,391870
2026-06-08,1500.0,1548.5999755859375,1493.0,1511.199951171875,339220
2026-06-09,1520.0,1531.0,1511.5999755859375,1526.0,360987
2026-06-10,1527.9000244140625,1554.0,1495.4000244140625,1501.5,260088
2026-06-11,1500.0,1516.300048828125,1485.5,1490.199951171875,297403
2026-06-12,1514.0,1531.5999755859375,1498.0,1508.5999755859375,833425
2026-06-15,1531.0,1554.9000244140625,1518.0,1544.800048828125,593856
2026-06-16,1557.800048828125,1574.300048828125,1542.5999755859375,1564.0,468642
2026-06-17,1564.0,1575.0,1538.0999755859375,1565.199951171875,453217
2026-06-18,1575.0,1583.300048828125,1561.199951171875,1565.699951171875,618123
2026-06-19,1560.0,1563.800048828125,1525.300048828125,1542.0999755859375,464128
2026-06-22,1546.0,1564.800048828125,1546.0,1557.800048828125,158344
2026-06-23,1560.0,1573.9000244140625,1517.300048828125,1523.4000244140625,270324
2026-06-24,1530.9000244140625,1540.0,1515.699951171875,1536.699951171875,338961
2026-06-25,1532.0999755859375,1536.0,1483.4000244140625,1486.9000244140625,987298
2026-06-26,1486.9000244140625,1486.9000244140625,1486.9000244140625,1486.9000244140625,0
2026-06-29,1417.0,1423.0,1339.0,1368.0,3768791
2026-06-30,1381.5999755859375,1387.0,1329.0,1335.5999755859375,1726032
2026-07-01,1339.0,1369.0,1336.5999755859375,1362.0999755859375,941375
2026-07-02,1370.0,1374.5,1351.699951171875,1363.199951171875,806625
2026-07-03,1370.0,1387.199951171875,1351.0,1385.0,506210
2026-07-06,1402.0,1411.800048828125,1376.0,1389.0,809070
2026-07-07,1388.0,1388.0,1354.4000244140625,1359.5,457636
2026-07-08,1359.0,1359.0,1327.300048828125,1336.0,612098
2026-07-09,1336.0,1348.800048828125,1311.5999755859375,1317.0999755859375,527329
2026-07-10,1323.9000244140625,1337.9000244140625,1312.9000244140625,1333.800048828125,536850
2026-07-13,1333.0,1335.0,1315.0999755859375,1330.9000244140625,269697
2026-07-14,1344.4000244140625,1378.0,1332.0999755859375,1358.5,956486
2026-07-15,1364.5999755859375,1365.0999755859375,1346.699951171875,1359.800048828125,361185
2026-07-16,1370.0,1389.699951171875,1348.699951171875,1377.0,727432
2026-07-17,1370.0,1381.800048828125,1362.0999755859375,1377.800048828125,624569
2026-07-20,1368.0,1403.800048828125,1367.800048828125,1396.0999755859375,704689
2026-07-21,1389.699951171875,1421.699951171875,1386.0999755859375,1415.0999755859375,874822
2026-07-22,1411.0999755859375,1442.0,1407.5,1430.800048828125,716968
2026-07-23,1419.5999755859375,1433.300048828125,1402.0999755859375,1413.4000244140625,414539
2026-07-24,1405.0999755859375,1476.800048828125,1402.4000244140625,1468.0999755859375,1157687
2026-07-27,1480.0,1481.5,1448.0999755859375,1465.800048828125,385986
2026-07-28,1452.0,1483.9000244140625,1450.5999755859375,1471.4000244140625,356512
2026-07-29,1471.800048828125,1480.0,1460.0,1476.300048828125,187215
2026-07-30,1488.300048828125,1504.4000244140625,1467.300048828125,1471.9000244140625,574874
2026-07-31,1470.9000244140625,1471.9000244140625,1444.0,1448.5999755859375,349000
2026-08-03,1465.0,1465.699951171875,1425.199951171875,1435.5999755859375,652477
2026-08-04,1446.0,1466.0999755859375,1435.0,1448.0,245864
