date,open,high,low,close,volume
2021-08-06,3671.985535578058,3690.3643019401698,3633.5740933613843,3676.396484375,54754
2021-08-09,3684.942718425337,3689.5374100941963,3620.617035061304,3677.177734375,54151
2021-08-10,3694.1322427844516,3694.1322427844516,3657.3747080303774,3675.845458984375,93155
2021-08-11,3675.7993558001326,3694.086139046025,3600.446411837865,3676.120849609375,45823
2021-08-12,3674.834546254444,3749.2685543181124,3638.214762423786,3709.38671875,29005
2021-08-13,3717.059800057769,3887.1093941939025,3687.240294137833,3857.243896484375,91001
2021-08-16,3882.51428734257,3891.703670271191,3752.943988049007,3771.32275390625,70865
2021-08-17,3775.0447374989135,3836.5220757914904,3743.5713214585276,3815.47802734375,37269
2021-08-18,3827.378234735325,3850.3059260898167,3778.352783933276,3835.4189453125,48805
2021-08-20,3790.712819684114,3827.378371486004,3755.425451108798,3813.686279296875,48299
2021-08-23,3808.0801636615915,3829.583229285832,3750.187053065385,3787.404052734375,71845
2021-08-24,3786.0261735624,3845.7114015796606,3722.6194245391457,3785.19921875,89292
2021-08-25,3795.215475694149,3918.6287195519462,3795.215475694149,3829.261962890625,149684
2021-08-26,3856.646403450798,3856.646403450798,3746.9710244958696,3806.426513671875,36317
2021-08-27,3831.7887334823195,3859.5408495472957,3795.2151687215073,3854.900390625,21280
2021-08-30,3889.8656535998375,3950.515578744555,3868.7758410580227,3895.65478515625,39517
2021-08-31,3896.298425216618,4040.571739546573,3874.795358553369,4003.58447265625,47450
2021-09-01,4001.976683747082,4039.2856720773157,3937.650996522674,3985.66552734375,20847
2021-09-02,4006.663298037586,4032.6233071278375,3906.452799037115,3937.742919921875,18049
2021-09-03,3946.840362170091,4039.4691718649656,3923.9126699923486,4000.552490234375,24930
2021-09-06,4038.687821698468,4038.687821698468,3897.3548503148454,3904.79833984375,43258
2021-09-07,3903.649978036166,3949.596893973503,3888.257761197158,3928.507080078125,30716
2021-09-08,3928.4608423265113,4011.1652811123327,3895.379066812183,3971.97265625,30546
2021-09-09,3937.6509311403042,3987.5953214888923,3923.177651755133,3937.0537109375,10653
2021-09-13,3947.7593638087715,3960.486750380496,3906.728854015781,3934.3427734375,10999
2021-09-14,3978.957926534718,3978.957926534718,3913.621309625592,3935.07861328125,10442
2021-09-15,3995.543936972282,3995.543936972282,3926.3938262875618,3954.7431640625,42277
2021-09-16,3958.785724653803,3993.0619396791626,3950.4695135099355,3969.123779296875,21353
2021-09-17,3995.4983425992887,4524.760637817119,3937.6509916088025,4042.272216796875,845305
2021-09-20,4089.2758059897533,4410.904240168723,4047.9235787381713,4119.5087890625,413440
2021-09-21,4178.274393267783,4355.721455749677,4054.2177318480653,4302.3310546875,343062
2021-09-22,4347.037142462194,4409.984408979193,4271.224741182598,4336.6533203125,144092
2021-09-23,4374.146833034632,4577.461956313816,4324.983628083508,4550.5830078125,233872
2021-09-24,4590.097866414618,4606.133522925614,4456.851782204384,4494.20654296875,71950
2021-09-27,4575.394440902774,4686.585990882535,4520.028400520288,4588.3515625,181379
2021-09-28,4632.240238164936,4636.030070130622,4473.153199682504,4490.83984375,105439
2021-09-29,4493.740750626185,4507.216266654329,4351.498227907488,4410.03271484375,79366
2021-09-30,4448.821891278982,4531.07915038461,4421.6835162585585,4499.9169921875,62195
2021-10-01,4477.084089127794,4585.40365397884,4407.647088107382,4433.2880859375,74284
2021-10-04,4480.546522992961,4631.304996881314,4456.9644803391375,4599.86181640625,85737
2021-10-05,4632.240443226831,4632.240443226831,4492.805326854953,4526.1201171875,44484
2021-10-06,4560.60499743885,4574.220795140732,4445.079537012782,4461.87744140625,72861
2021-10-07,4503.098971653528,4527.429930353235,4417.004810100717,4436.65673828125,22876
2021-10-08,4485.273123291758,4485.273123291758,4398.289742315337,4413.82421875,21606
2021-10-11,4406.8043061818225,4473.152862907515,4372.1794827660115,4398.990234375,29110
2021-10-12,4398.288624529352,4481.715646094547,4382.37992099382,4442.9267578125,36062
2021-10-13,4482.5107123978,4486.253936374749,4407.646232858797,4428.32763671875,22211
2021-10-14,4450.178985792306,4499.355410089277,4413.916501985949,4441.0078125,27294
2021-10-18,4477.785807948155,4488.687858178464,4413.729694381528,4466.88330078125,29219
2021-10-19,4499.309587512711,4599.955361222548,4442.786527666225,4497.1103515625,60765
2021-10-20,4501.226795718215,4574.219662675808,4385.795035879385,4476.70849609375,21788
2021-10-21,4477.832678134224,4514.516464040087,4400.675273977722,4429.31103515625,20080
2021-10-22,4431.041604291,4491.635045447883,4390.240369514655,4442.6455078125,48576
2021-10-25,4443.301235217897,4477.645046475073,4355.803360921197,4431.46337890625,39884
2021-10-26,4431.5570135951075,4471.282170868162,4401.190375566911,4422.15234375,10372
2021-10-27,4445.032254380019,4632.240077147487,4422.245285037446,4476.2880859375,33423
2021-10-28,4463.79552263135,4477.8326154698125,4426.363275062114,4465.52685546875,16493
2021-10-29,4538.659767757809,4763.253240801494,4427.298837373648,4519.6630859375,165706
2021-11-01,4543.339092942305,4569.027155861396,4430.1065429431255,4457.94677734375,53708
2021-11-02,4476.896188959454,4563.926152499008,4456.63607915718,4554.521484375,22436
2021-11-03,4575.1562664613275,4660.314626094787,4508.526685819631,4609.59375,37958
2021-11-04,4627.560661023145,4650.955810977762,4615.254903534322,4639.4921875,6691
2021-11-08,4632.333848732707,4742.431344576295,4598.59776479878,4699.056640625,48440
2021-11-09,4679.12418852869,4763.253065828603,4660.31439446492,4696.5302734375,28775
2021-11-10,4649.552981258778,4763.253431540139,4649.552981258778,4747.3447265625,28976
2021-11-11,4703.361298591892,4828.759311725858,4559.574787605816,4596.30517578125,48312
2021-11-12,4655.635564545155,4671.59087651936,4576.185714338527,4664.33837890625,27712
2021-11-15,4710.520899399748,4730.500453632783,4528.974492277144,4580.1162109375,31587
2021-11-16,4585.449866800664,4651.89209956451,4557.28201194586,4583.1103515625,14196
2021-11-17,4583.110027153258,4664.010641137143,4583.110027153258,4613.2431640625,13178
2021-11-18,4613.243829826217,4648.570512520133,4496.5486183911435,4576.232421875,11522
2021-11-22,4585.450209213995,4614.460200333511,4538.659900956709,4559.34130859375,69813
2021-11-23,4559.341166349116,4701.162403477697,4482.137160133245,4655.02734375,24505
2021-11-24,4689.980230879444,4689.980230879444,4585.450492989101,4595.69775390625,18142
2021-11-25,4515.638819353338,4654.699701998594,4515.638819353338,4618.7177734375,13121
2021-11-26,4650.957029080106,4771.676034462668,4576.373088716377,4713.37548828125,111567
2021-11-29,4713.373978418866,4758.292663707035,4576.091063732298,4623.208984375,152223
2021-11-30,4647.587344146435,4753.895008962518,4647.587344146435,4714.40380859375,26991
2021-12-01,4736.115137476052,4880.135619030353,4660.3148359278275,4853.51220703125,74613
2021-12-02,4884.908469410418,5048.580885934945,4854.962670364223,5003.755859375,178403
2021-12-03,5003.755227481959,5118.8593780299825,5003.755227481959,5075.53173828125,89750
2021-12-06,5129.152769174886,5171.825614854178,4832.268310860576,4916.02294921875,120745
2021-12-07,4954.158075571507,5062.711595927814,4887.669227127918,5046.990234375,60742
2021-12-08,5059.950518219392,5192.78838549965,5059.950518219392,5150.16259765625,74031
2021-12-09,5192.7882325636265,5207.527179159928,5084.936575724023,5116.84765625,32267
2021-12-10,5053.353595847918,5296.66321342578,5053.353595847918,5220.0673828125,47629
2021-12-13,5297.037268430785,5297.037268430785,5124.47469831884,5161.53271484375,40832
2021-12-14,5155.3554620654695,5200.929398879402,5092.328834034467,5135.60986328125,23287
2021-12-15,5161.906682005778,5201.210539990593,5095.46444588859,5126.486328125,47380
2021-12-16,5183.430271251521,5185.208211551397,4780.144427636325,4807.7041015625,129861
2021-12-17,4832.502699730778,4865.021961701274,4684.78561547892,4713.09375,119799
2021-12-20,4646.137043694049,4708.882660420343,4576.091865168117,4671.40380859375,117829
2021-12-21,4708.039927010152,4753.894420435613,4652.265798721674,4735.27197265625,214270
2021-12-22,4738.922217640665,4884.907973160401,4738.922217640665,4851.49951171875,25735
2021-12-23,4886.779712875945,4941.898603696284,4730.546693436305,4758.0126953125,63676
2021-12-24,4795.912505455323,4810.043268702053,4684.785533050972,4699.29052734375,58359
2021-12-27,4710.660946074082,4799.235366183649,4643.189686332338,4756.89013671875,38067
2021-12-28,4802.557364068603,4810.043813583909,4743.461294594482,4764.32958984375,30905
2021-12-29,4764.3295445025515,4796.5682501956735,4697.747026146778,4709.4912109375,22220
2021-12-30,4729.517697523072,4851.125433143868,4716.837249967066,4827.77734375,29684
2021-12-31,4818.465950515414,5231.1564698739885,4809.8563510103895,5083.345703125,49641
2022-01-03,5083.299238907924,5090.411457359994,4906.104244927225,5006.4228515625,39246
2022-01-04,5029.021907876482,5072.06898784714,4864.741332197867,4953.45556640625,34151
2022-01-05,4950.321282618586,5058.03267103385,4941.103499869616,5019.4306640625,35681
2022-01-06,5011.242344193036,5011.242344193036,4884.908503583128,4908.865234375,29361
2022-01-07,4912.982394430666,4955.093672097215,4809.903436151981,4841.58056640625,41061
2022-01-10,4889.025997767077,4912.046922511957,4842.797261192489,4873.8662109375,26925
2022-01-11,4866.239474247432,4918.925644254738,4848.038315475317,4886.59326171875,23559
2022-01-12,4920.468569391551,4997.204671082328,4912.982120446109,4978.53515625,20239
2022-01-13,5015.92027105128,5025.278331258465,4956.262637230474,5009.36962890625,11714
2022-01-14,5011.241390470822,5099.207159043046,4969.176725809805,5082.5029296875,19882
2022-01-17,5127.7032878545515,5163.778432841059,5086.106520929894,5143.2373046875,24577
2022-01-18,5163.778446938508,5228.3490726794935,5092.001930912654,5117.12841796875,34526
2022-01-19,5146.465688251129,5193.7238966803825,5042.123307263766,5088.0244140625,20601
2022-01-20,5114.835119126861,5164.619724964567,5100.14278191627,5139.5869140625,17758
2022-01-21,4912.982231532465,5100.1434594003695,4912.982231532465,5006.703125,56300
2022-01-24,5035.806288902068,5070.571392150338,4679.030233590772,4752.21044921875,44253
2022-01-25,4772.6114859333675,4898.945319384545,4772.6114859333675,4817.10888671875,65173
2022-01-27,4817.951214253352,4869.233206992715,4772.611224842713,4783.9345703125,272837
2022-01-28,4792.263148994146,4838.866111077921,4753.661146475886,4790.62548828125,33312
2022-01-31,4838.118329582055,4838.586232708707,4800.686079449892,4829.087890625,16286
2022-02-01,4866.192110152141,4936.892083900958,4833.532566030942,4889.07275390625,25069
2022-02-02,4912.982822637424,4931.60527566352,4899.5073039969475,4922.10693359375,9074
2022-02-03,4941.009337854312,4950.414005884823,4842.936589624948,4898.1025390625,15893
2022-02-04,4950.368183820533,4950.368183820533,4799.2820902586645,4832.87744140625,10385
2022-02-07,4908.2565135639,4930.200893012948,4762.130021730732,4774.716796875,21856
2022-02-08,4799.8433520978815,4864.834814196937,4757.685011434004,4841.0654296875,15655
2022-02-09,4856.786877749103,4910.688941631844,4805.410759147498,4878.7783203125,10440
2022-02-10,4884.908047785997,4920.889976621433,4826.888067141796,4880.556640625,18628
2022-02-11,4836.152004387011,4905.49532422241,4806.908065264167,4859.92138671875,15389
2022-02-14,4726.757136480289,4863.80613783295,4726.757136480289,4817.29638671875,21650
2022-02-15,4856.8332009933565,4860.482753051883,4772.610659935668,4845.93115234375,13425
2022-02-16,4845.930954873049,5001.882928989217,4845.930954873049,4973.99609375,72640
2022-02-17,5011.195644783853,5021.5361206251,4945.923161665403,5017.04443359375,16225
2022-02-18,4965.480469996704,5034.6364442657605,4856.833298464554,5019.00830078125,18341
2022-02-21,4927.01958287979,5031.829876000879,4876.67339270877,5009.27685546875,21214
2022-02-22,4866.192439553983,4927.6750921899265,4820.525277895901,4864.97607421875,20940
2022-02-23,4912.045956806259,4941.009336830479,4849.346951451712,4892.06640625,25473
2022-02-24,4819.40109486499,4819.40109486499,4721.655971438208,4776.681640625,26601
2022-02-25,4793.199564821154,4903.578093685356,4791.374559877149,4869.4677734375,16728
2022-02-28,4826.888285201157,4889.4936273694675,4810.043773930583,4868.43798828125,14750
2022-03-02,4824.174596028374,4903.296826857227,4755.4394483906035,4774.20263671875,80782
2022-03-03,4828.759350423937,4828.759350423937,4726.0080260907025,4759.74365234375,57717
2022-03-04,4772.611417859709,4817.436441553855,4590.1292165886025,4615.068359375,19523
2022-03-07,4557.375924392766,4687.874274037336,4446.997406857939,4535.6650390625,43534
2022-03-08,4492.804913424131,4668.736453462401,4473.152986079431,4615.3955078125,110628
2022-03-09,4639.727087976411,4772.611566897882,4578.478390093242,4671.310546875,103423
2022-03-10,4912.982672028079,4912.982672028079,4662.046324652676,4682.02587890625,27643
2022-03-11,4606.038315065884,4726.569976049961,4565.892318741646,4600.93798828125,88030
2022-03-14,4604.166724129141,4693.863844074961,4604.166724129141,4678.3759765625,64027
2022-03-15,4673.369321949398,4684.645603321787,4562.054997242052,4639.8671875,19392
2022-03-16,4725.820745342632,4764.142187428502,4679.498343977392,4743.2734375,19443
2022-03-17,4737.050153941121,4772.610783306937,4666.9583732363335,4687.171875,56609
2022-03-21,4710.848331265355,4717.913485181424,4673.369476362771,4686.8916015625,15955
2022-03-22,4710.567377563543,4713.327731413722,4665.9758510726915,4690.82177734375,37330
2022-03-23,4713.655537437378,4772.611324385672,4661.110113949352,4722.26513671875,19796
2022-03-24,4717.39841246441,4757.778353113965,4691.429793947075,4732.9794921875,321942
2022-03-25,4759.509215775846,4807.0479768001815,4656.710837453235,4678.234375,118798
2022-03-28,4714.590952990622,4734.8510628999065,4660.314201249166,4701.39599609375,15346
2022-03-29,4711.7844335445225,4791.32796420019,4688.389277469326,4723.57568359375,39505
2022-03-30,4772.611726438924,4830.771991678692,4574.127135604991,4659.42578125,82933
2022-03-31,4711.783833188959,4908.256511649396,4662.279780628769,4689.37109375,218364
2022-04-01,4707.105138943342,5128.217924733502,4707.105138943342,5052.27734375,329467
2022-04-04,5076.747703253153,5781.924153065896,5006.562251134446,5454.298828125,331277
2022-04-05,5624.616577707664,6174.44932971209,5568.982716143778,5749.03173828125,793218
2022-04-06,5801.717095462832,5894.642455767702,5633.599168843784,5820.29248046875,346252
2022-04-07,5801.997377979943,5935.6302961046085,5747.72062831497,5842.1904296875,165158
2022-04-08,5783.2822073309635,5904.937011045045,5769.245114594723,5816.08203125,71401
2022-04-11,5801.9981074972975,5872.183568475088,5709.353299006615,5755.58203125,58525
2022-04-12,5759.886610067806,5759.9332175987,5260.446706124501,5332.9716796875,284685
2022-04-13,5409.427474250189,5515.641472749869,5115.116438759888,5162.88916015625,175474
2022-04-18,5137.950136611429,5144.968682930457,4842.7969601292325,4870.3095703125,148805
2022-04-19,4940.120178724507,5031.82917238145,4780.565245882582,4858.0498046875,208772
2022-04-20,4889.586996882285,4955.233705079905,4794.2750517854065,4919.62646484375,108941
2022-04-21,4927.018918957444,5066.781645776149,4881.95994843634,5000.76025390625,103502
2022-04-22,4982.232593906735,5034.637745157444,4893.798901171163,4954.43896484375,38889
2022-04-25,4903.623644078674,5085.263687625462,4835.122459253187,4994.537109375,111511
2022-04-26,5039.269980781838,5145.9984993809585,5013.535309253746,5120.451171875,46172
2022-04-27,5035.573052357515,5090.739009418811,4971.049033500349,5023.5478515625,32665
2022-04-28,5086.105878353682,5212.43969501932,5039.970822894108,5164.33935546875,71126
2022-04-29,5186.237930661222,5254.4115033276275,4789.456104136437,4837.603515625,107854
2022-05-02,4838.1178075040025,5025.279037968374,4833.438776742393,4983.5419921875,135333
2022-05-04,5006.563240720462,5100.1438620423405,4862.87037945537,4925.990234375,58554
2022-05-05,4951.115810137417,5015.920378459869,4719.69115903272,4758.24609375,162684
2022-05-06,4706.169261074679,4728.675216842259,4586.38607049652,4697.98095703125,47197
2022-05-09,4674.351368526566,4772.517334908711,4637.059404859818,4685.25341796875,40070
2022-05-10,4696.810801376148,4766.855979131863,4674.351455045598,4682.16552734375,21680
2022-05-11,4682.165882481023,4921.404637964919,4454.4373600899435,4782.34375,74429
2022-05-12,4681.838088170232,4726.663110599296,4489.108632107837,4546.4267578125,78105
2022-05-13,4611.65265055668,4660.7358652959465,4557.2822225221735,4622.88232421875,32276
2022-05-16,4632.240925818043,4710.053123921981,4566.734488483243,4592.37548828125,23795
2022-05-17,4632.2398972014535,4677.15858711371,4586.385401249358,4633.08203125,22783
2022-05-18,4633.08169948059,4725.820162775022,4552.97661681932,4587.41455078125,54962
2022-05-19,4538.659719357427,4559.294061698634,4475.024902673653,4501.46142578125,31247
2022-05-20,4579.835099635049,4630.368629545203,4536.788018600473,4606.7861328125,26994
2022-05-23,4613.383918157913,4660.314503953989,4538.659707666033,4606.8798828125,24898
2022-05-24,4609.079166844066,4677.814310240944,4562.054908555875,4614.88134765625,19749
2022-05-25,4618.296638575101,4655.494929947254,4562.054602245237,4581.37890625,15410
2022-05-26,4614.272447330986,4632.240106883828,4552.696589896934,4589.38037109375,31101
2022-05-27,4627.936199955397,4735.1796890431915,4603.27761354706,4688.99755859375,22598
2022-05-30,4730.499796297056,4750.993858329902,4669.672400301149,4713.98291015625,16026
2022-05-31,4761.381164448015,4866.191441652845,4738.828147340738,4785.337890625,51982
2022-06-01,4820.337802683583,4842.797151793348,4695.875576366961,4726.8974609375,13959
2022-06-02,4725.820752278171,4730.172159207313,4679.124119796439,4703.455078125,6514
2022-06-03,4764.282745657277,4772.611328942034,4652.032616038209,4672.9013671875,8014
2022-06-06,4674.4455744853385,4771.675745894333,4641.598685945459,4697.41943359375,19018
2022-06-07,4679.030228558782,4688.3882890159,4615.489089442263,4660.173828125,84372
2022-06-08,4660.221067246869,4674.585783382687,4588.25766396583,4621.525390625,25144
2022-06-09,4621.524873140342,4646.2771264071025,4590.7840093638115,4629.4326171875,6669
2022-06-10,4667.801277900006,4710.848362660111,4624.520241592293,4680.85595703125,34808
2022-06-13,4659.331273956735,4659.331273956735,4491.868614401478,4611.55810546875,13298
2022-06-14,4633.176409248161,4688.201630000842,4577.2619898475195,4597.05419921875,210550
2022-06-15,4622.835811274022,4743.741692680866,4597.147749471798,4647.21337890625,25626
2022-06-16,4622.882350661738,4689.464866409962,4446.108661474158,4469.08251953125,32071
2022-06-17,4469.0820140616515,4477.317381358113,4159.657838979118,4184.64404296875,90589
2022-06-20,4184.645187769564,4253.239606346983,4018.398834086557,4207.19775390625,42222
2022-06-21,4207.384972871787,4415.976098222251,4207.291300857835,4301.01220703125,49258
2022-06-22,4300.965277729413,4325.623862386574,4178.936241132421,4198.96240234375,30000
2022-06-23,4225.1648718851975,4280.3774361025235,4156.851021243421,4200.08544921875,30775
2022-06-24,4234.5222019285575,4371.149879604042,4234.5222019285575,4359.6396484375,32210
2022-06-27,4389.866684605016,4480.59327434458,4389.398781526291,4452.6123046875,17701
2022-06-28,4454.436329376581,4461.220922525316,4313.176238215553,4346.5380859375,12779
2022-06-29,4339.33298433278,4631.304494169275,4169.016270261491,4242.47705078125,60047
2022-06-30,4347.397324314279,4575.118136540265,4236.548286283288,4314.65087890625,243411
2022-07-01,4267.318823504504,4380.332433169487,4244.8291312626325,4299.68896484375,59937
2022-07-04,4324.766941708761,4385.037498647764,4286.750369208623,4311.0283203125,23205
2022-07-05,4328.3905941723115,4469.7282915153455,4314.510911582869,4427.80712890625,38128
2022-07-06,4446.202417496613,4516.777059044178,4424.089029811708,4501.580078125,23909
2022-07-07,4552.535169588805,4573.237065771309,4505.48540553766,4567.07373046875,15189
2022-07-08,4575.119482739958,4597.279739885268,4525.246728197543,4550.18310546875,9693
2022-07-11,4550.182218920952,4640.047259125058,4528.962961278681,4615.205078125,20528
2022-07-12,4608.994376005078,4703.093893685868,4499.180055083477,4650.91552734375,25105
2022-07-13,4637.223890632163,4672.558073137327,4497.95661469597,4517.10595703125,18786
2022-07-14,4545.242341098977,4545.242341098977,4443.896968110207,4466.24560546875,53742
2022-07-15,4474.808786176198,4521.341185765441,4447.143617310864,4472.97412109375,9648
2022-07-18,4488.5469223275895,4507.131576775381,4442.767599594555,4484.17138671875,29427
2022-07-19,4506.425773821259,4529.95065257372,4461.258006616536,4488.5,34259
2022-07-20,4518.706600909865,4569.84979080341,4494.288046912503,4522.1416015625,114277
2022-07-21,4545.94749407172,4577.9413286398085,4493.251766547808,4522.9873046875,96239
2022-07-22,4558.180975755064,4586.316641741896,4518.659175387245,4541.0078125,13216
2022-07-25,4556.252763122243,4599.585416574933,4540.302707646082,4570.46142578125,16772
2022-07-26,4582.647012462401,4756.731139219186,4566.650092706372,4593.89208984375,155554
2022-07-27,4590.17524228418,4631.57903700753,4540.443546955353,4603.490234375,15073
2022-07-28,4620.286429781627,4935.5198216302715,4620.286429781627,4881.41259765625,244613
2022-07-29,4987.040122222759,5146.962466258427,4829.376534610674,4897.78662109375,181921
2022-08-01,4897.880390762495,4959.986078714527,4799.075887202445,4946.01220703125,68298
2022-08-02,4985.392714636913,5021.5741649176425,4879.060253943449,4991.32080078125,60851
2022-08-03,4991.9808073484855,5004.2137480639485,4933.121726386488,4969.255859375,26182
2022-08-04,4973.159867371376,5053.144463156914,4973.159867371376,5029.525390625,47523
2022-08-05,5025.85591640609,5072.811490160521,4828.293768631901,4947.47119140625,91652
2022-08-08,4982.570643282832,5084.8570270568025,4982.570643282832,5004.58984375,40684
2022-08-10,5053.755659150732,5053.755659150732,4978.381853523942,5046.60400390625,29517
2022-08-11,5046.557064003244,5081.373885067595,4995.319693540694,5016.2568359375,23126
2022-08-12,5033.38392143255,5033.38392143255,4988.592452709127,5001.2490234375,12330
2022-08-16,5033.383920689125,5044.628998448526,4999.554955456078,5021.38623046875,13589
2022-08-17,5024.914615841631,5127.48309770057,5011.975931203461,5111.15673828125,53154
2022-08-18,5135.763979581528,5363.673225696642,5132.988319120621,5204.64501953125,305032
2022-08-19,5204.644303209363,5264.350630739778,5065.706457774032,5176.17919921875,76121
2022-08-22,5128.658491571793,5145.737460568898,5039.028709209109,5081.279296875,39260
2022-08-23,5048.439134182219,5119.013772591104,4965.584692478309,5061.095703125,50845
2022-08-24,5043.734754931123,5123.719354589545,5043.734754931123,5085.9853515625,28656
2022-08-25,5128.424620111791,5151.808446282892,5071.964899523405,5087.7734375,29322
2022-08-26,5147.197390376506,5150.067242234044,5082.315581090092,5093.8427734375,15064
2022-08-29,5053.144612671663,5116.9912337966025,4988.215938877558,5074.59912109375,32418
2022-08-30,5137.834685704392,5211.797013183885,5092.337467976283,5142.82177734375,27211
2022-09-01,5128.424125961731,5456.831469073776,5095.4892921252795,5395.1494140625,109981
2022-09-02,5446.480379303675,5495.412131156439,5284.29975987454,5316.576171875,58881
2022-09-05,5289.334741747829,5398.254951026838,5251.694928606055,5338.03125,47972
2022-09-06,5377.787776302854,5495.41218085891,5338.0307275629075,5476.54541015625,75888
2022-09-07,5420.132035656338,5495.55270464038,5414.439198816723,5436.22314453125,37033
2022-09-08,5486.002550025987,6295.25850080169,5426.719846655209,5997.1982421875,351890
2022-09-09,6163.519580770077,6426.057285050206,6141.076749639149,6267.640625,556651
2022-09-12,6267.63949319775,6392.509738157332,6168.223443699462,6240.44482421875,184014
2022-09-13,6240.68042569492,6304.950216737149,6173.869763718994,6230.04736328125,140551
2022-09-14,6229.38837910666,6869.265131039067,6195.0889194245065,6722.79931640625,527635
2022-09-15,6812.805710884024,6943.086688963859,6418.57556127063,6691.041015625,428038
2022-09-16,6671.6564536535625,6671.6564536535625,6281.143417226732,6364.70361328125,267398
2022-09-19,6427.938043227587,6549.326420855512,6368.890595970592,6475.03466796875,135196
2022-09-20,6549.326650451152,6624.512075708101,6431.561192014186,6553.74951171875,107295
2022-09-21,6568.1466142323525,6568.1466142323525,6464.637140369092,6531.5419921875,73566
2022-09-22,6540.051841194372,6683.4740306942485,6520.211771646889,6599.2373046875,113935
2022-09-23,6632.797303141769,6664.350180610945,6511.414152918031,6548.17822265625,78763
2022-09-26,6501.758034484574,6539.095422859422,6363.164211014688,6464.37255859375,82758
2022-09-27,6405.616772747277,6453.519873105694,6224.522464466712,6349.77783203125,106340
2022-09-28,6349.777716306314,6441.806944614472,6262.76826408769,6345.953125,89861
2022-09-29,6384.008828347383,6440.756305954062,5870.748764780067,6026.0751953125,149105
2022-09-30,6063.508348102343,6306.75230985702,5910.094212276977,6110.5029296875,149659
2022-10-03,6151.377645561802,6333.476203739806,6129.72098853973,6221.8935546875,111747
2022-10-04,6296.234199325689,6321.094045822646,6197.846669448089,6250.38671875,67349
2022-10-06,6281.652534439829,6361.1085166392395,6182.06982611466,6317.26904296875,109654
2022-10-07,6348.822437549539,6520.92906989275,6293.413476666952,6489.806640625,223486
2022-10-10,6407.147161694228,6471.209071832045,6382.287315969105,6422.7802734375,77722
2022-10-11,6422.7807990922565,6447.353522333256,6332.042448143147,6377.36376953125,75812
2022-10-12,6367.5634274832655,6463.13014166237,6320.998832307002,6370.4794921875,89427
2022-10-13,6390.892404596378,6396.629291853646,6317.269018128107,6360.15234375,87441
2022-10-14,6396.629866609695,6456.484822412483,6272.330631533572,6306.65625,80964
2022-10-17,6306.655515101372,6391.848381973137,6283.373221562854,6321.71484375,83643
2022-10-18,6334.479381004751,6453.997859891633,6334.479381004751,6425.88720703125,87337
2022-10-19,6438.69921875,6549.612362405331,6406.190193885506,6438.69921875,112558
2022-10-20,6438.700409306278,6438.700409306278,6165.289711415009,6183.83935546875,126057
2022-10-21,6214.961312903628,6261.764939076899,6024.687881939348,6151.0908203125,114485
2022-10-24,6151.0914584981765,6214.244846720851,6151.04337097702,6186.99462890625,3020
2022-10-25,6216.873235128744,6286.672027218009,6138.61244130964,6212.52294921875,128602
2022-10-27,6289.541060060959,6315.357054074588,6214.961521799367,6291.5009765625,107344
2022-10-28,6310.576272315604,6372.725887118712,6221.367858122783,6307.08642578125,111374
2022-10-31,6371.960780370826,6406.190687145556,6309.476424100748,6368.5185546875,77196
2022-11-01,6372.72594653904,6468.34073943535,6356.519052395473,6419.09912109375,69437
2022-11-02,6419.099818729161,6440.613149468925,6358.384418641383,6414.36669921875,55937
2022-11-03,6413.935939903774,6504.196209958112,6392.6616487355905,6444.9150390625,193275
2022-11-04,6444.436731074717,6480.674642464658,6377.506379268302,6427.32177734375,51396
2022-11-07,6459.496544998683,6500.849944039677,6419.864025528512,6467.384765625,91178
2022-11-09,6540.051508833201,6588.71934262307,6485.551079592924,6572.751953125,196458
2022-11-10,6593.692326026038,6627.06179790207,6318.321701614583,6501.7587890625,134949
2022-11-11,6597.420280542988,6767.853637790348,6373.92071669126,6405.76025390625,167671
2022-11-14,6437.218276473966,6470.492037475284,6280.027184302569,6369.37939453125,91262
2022-11-15,6394.239116805375,6453.998360887668,6316.838757122351,6355.70654296875,96193
2022-11-16,6396.629359099422,6511.128068479415,6272.3301338852325,6374.49462890625,164884
2022-11-17,6395.673154106869,6448.213666735526,6315.356732377914,6359.9609375,88323
2022-11-18,6390.8928772384925,6400.45435670773,6273.000022130437,6290.16259765625,89165
2022-11-21,6305.221359343738,6348.821795166285,6207.598569390635,6256.02783203125,90589
2022-11-22,6239.821292388628,6310.576238088406,6226.72187920738,6297.33349609375,75194
2022-11-23,6324.91837003883,6382.239623496041,6157.783903561556,6190.57958984375,84510
2022-11-24,6234.27650476448,6261.813380984042,6108.160207471359,6235.2802734375,115427
2022-11-25,6259.901109518365,6291.453994292171,6073.069879110328,6092.3837890625,109908
2022-11-28,6101.419334889804,6231.742118617447,6042.424817413422,6114.85302734375,327886
2022-11-29,6139.234256285827,6158.357214306739,5727.947330024888,5759.9306640625,255091
2022-11-30,5799.036927230703,6333.523595379419,5742.624201969927,6018.9033203125,4050056
2022-12-01,5996.003965122449,6070.583507345308,5914.014276076164,6038.02685546875,252224
2022-12-02,6047.396740654103,6114.566134073756,6012.3059241769015,6094.91748046875,93573
2022-12-05,6101.17975303721,6101.17975303721,5930.029278849204,5982.7607421875,114361
2022-12-06,5975.9247455650575,5977.454675673746,5871.704618002403,5913.91845703125,99310
2022-12-07,5947.2401606686935,5985.868443901144,5912.866455629081,5943.033203125,63133
2022-12-08,5937.678514146074,5993.517458650859,5872.660456342221,5904.595703125,72988
2022-12-09,5954.0760752128845,6014.695756388967,5843.975742097413,5937.48681640625,74044
2022-12-12,5929.073820451504,5971.144332965592,5908.994712206143,5938.1572265625,59836
2022-12-13,5929.12059092322,6033.293088606459,5929.12059092322,5979.4140625,34601
2022-12-14,5991.175785428536,6011.350134861455,5904.213937528137,5973.53466796875,31561
2022-12-15,5947.287903561327,5994.187240897717,5851.816903704744,5891.59228515625,42805
2022-12-16,5889.871459170288,5895.608346955194,5784.695183113676,5831.068359375,41137
2022-12-19,5831.067705472518,5895.607685815126,5823.37090197188,5847.80029296875,55702
2022-12-20,5849.713081304095,5926.204916299898,5823.03664722313,5902.875,92025
2022-12-21,5902.300884499488,5952.020574438573,5822.94061017364,5858.74853515625,18031
2022-12-22,5877.440699045927,5928.068913288992,5804.008732599028,5874.763671875,32874
2022-12-23,5831.546300221029,5861.043557615481,5456.114904042173,5544.654296875,44001
2022-12-26,5545.418965133002,5620.333248931957,5450.043208975923,5532.654296875,32888
2022-12-27,5587.967726208374,5641.2729750831,5530.455519675208,5608.42919921875,74705
2022-12-28,5593.465667970919,5617.369367406692,5577.211152354593,5597.529296875,79283
2022-12-29,5593.465680374423,5617.321759211877,5542.646508635104,5594.89990234375,41964
2022-12-30,5641.2725808601,5661.351686656382,5407.590128681001,5489.81884765625,112738
2023-01-02,5493.11785185366,5524.479786210723,5325.7443320788025,5361.26513671875,141578
2023-01-03,5368.723523248791,5459.0795113340555,5365.902699836034,5412.27587890625,52179
2023-01-04,5411.797549452551,5495.938571422838,5373.504009723953,5467.3974609375,36403
2023-01-05,5476.24151224696,5477.054331354058,5346.826797697602,5438.18701171875,39152
2023-01-06,5445.2623613961205,5454.441474729449,5403.287561413436,5431.1591796875,20655
2023-01-09,5458.361398041084,5603.026380468348,5446.074804839793,5582.755859375,36557
2023-01-10,5579.17082435412,5621.146092218327,5539.01261106267,5602.548828125,21937
2023-01-11,5598.245453927512,5603.026193000038,5478.8226852696325,5522.18408203125,47499
2023-01-12,5554.550325686718,5640.316987046694,5535.475453427866,5609.43359375,50702
2023-01-13,5634.86604686731,5734.974915450157,5575.011563792517,5686.78515625,19097
2023-01-16,5667.041513221991,5688.07676899139,5459.605020148385,5561.865234375,30910
2023-01-17,5568.987524599367,5607.902929404052,5407.972317707629,5443.97119140625,45506
2023-01-18,5472.560136959703,5484.081999298606,5355.480106498048,5394.2998046875,34560
2023-01-19,5372.5477650371195,5445.262630626458,5368.723173198225,5403.33544921875,35073
2023-01-20,5429.964447850627,5429.964447850627,5316.326165600757,5336.4052734375,34072
2023-01-23,5354.428802967165,5562.916687735043,5325.74436295127,5533.51513671875,25617
2023-01-24,5533.5152375905445,5653.081827357895,5498.233469101661,5632.572265625,28854
2023-01-25,5598.246065984313,5637.448130664988,5459.604617723386,5490.82275390625,9566
2023-01-27,5473.94707791993,5684.29962938585,5473.94707791993,5646.0537109375,30246
2023-01-30,5641.272557722764,5782.447700475686,5635.10521707728,5735.453125,47849
2023-01-31,5690.227705628867,5722.210573529077,5574.533806955553,5625.9267578125,39727
2023-02-01,5710.307121221052,5832.50264563942,5626.930831079997,5815.4833984375,103912
2023-02-02,5832.502340642094,5854.685159242669,5664.220305895699,5768.4404296875,52374
2023-02-03,5797.316135295656,5797.316135295656,5698.641485246437,5760.0263671875,18149
2023-02-06,5756.0104368105385,5793.682571212522,5652.985499174934,5661.3994140625,24477
2023-02-07,5689.749087192056,5832.501771675777,5636.5871743911675,5811.89697265625,59468
2023-02-08,5840.9643948404455,5842.063871589754,5800.375728330284,5823.03662109375,16688
2023-02-09,5804.439099589803,5899.43248590934,5760.791041751017,5795.4990234375,11981
2023-02-10,5819.06775753216,5851.624402632527,5760.790363702773,5845.26611328125,21183
2023-02-13,5852.581636317826,5880.309927030654,5693.86107568578,5766.5283203125,15021
2023-02-14,5727.422586380224,5784.6957617883945,5700.554732526018,5765.0947265625,12346
2023-02-15,5754.337613797577,5781.205465564245,5725.41413723589,5747.16650390625,17161
2023-02-16,5747.165587391677,5760.886402169485,5724.074710597788,5734.0185546875,7038
2023-02-17,5734.018969769191,5784.694808588229,5701.557561740303,5749.79541015625,21922
2023-02-20,5761.747406609749,5831.450497096175,5691.85289979033,5785.79443359375,21694
2023-02-21,5874.572680683175,5874.572680683175,5749.364926791095,5812.7578125,27263
2023-02-22,5785.794676996859,5800.28022532273,5736.170690884596,5770.8310546875,9943
2023-02-23,5760.838834984191,5827.7215686932905,5727.039379528969,5756.24951171875,11772
2023-02-24,5813.331546840527,5851.625083062937,5748.886805600415,5835.6572265625,21928
2023-02-27,5832.502193371058,5847.3224858296235,5746.4488823213205,5819.9765625,17275
2023-02-28,5782.782772594978,6248.426821909422,5731.294112371909,5979.892578125,178171
2023-03-01,6100.223921373065,6117.386963824261,5966.888902989765,6027.27001953125,31397
2023-03-02,6023.6361185739715,6052.416264008876,5944.371550291182,5959.765625,10564
2023-03-03,5975.877228167892,6019.907655706339,5846.749163913133,5882.84375,13976
2023-03-06,5899.146861043342,6114.566831794226,5885.091297841042,6035.20654296875,49983
2023-03-08,6023.7318631259095,6099.315169041779,5980.41854933393,6077.037109375,19369
2023-03-09,6028.034223251627,6103.617525337058,5928.977210926449,5979.98779296875,13013
2023-03-10,5933.471494028284,5933.471494028284,5779.627390488781,5800.1845703125,28529
2023-03-13,5817.1078409233805,5904.117295717352,5665.223660802068,5745.15771484375,28975
2023-03-14,5773.890287648122,5985.438002358942,5663.93328339165,5859.8955078125,111690
2023-03-15,5861.186511860124,5925.009382931357,5746.592094922451,5776.18505859375,17665
2023-03-16,5779.865698625635,5875.862842183904,5737.890437667081,5845.26611328125,24489
2023-03-17,5863.099335531262,5896.134061054096,5651.982051097355,5723.2626953125,40044
2023-03-20,5689.079883511955,5908.946275169432,5626.930271339135,5673.54248046875,46701
2023-03-21,5758.640065425435,5805.7303519593615,5583.904027576197,5764.376953125,42622
2023-03-22,5763.659097144573,5827.434343908709,5739.898730286349,5772.025390625,13575
2023-03-23,5746.448843810064,5878.3972532020425,5746.448843810064,5767.91455078125,44559
2023-03-24,5760.79088615572,5793.491329883686,5715.756228344074,5769.63525390625,13838
2023-03-27,5794.161069731672,5818.017148658979,5756.967006560869,5777.380859375,16474
2023-03-28,5753.620136791404,5849.713003222237,5737.0789644419965,5796.025390625,27052
2023-03-29,5775.228793982648,5872.086385644594,5564.780556206588,5609.48046875,89796
2023-03-31,5637.543661601927,5717.764376113718,5584.047000465736,5660.4912109375,31478
2023-04-03,5674.641611298721,5690.274721550894,5516.972928939073,5564.30224609375,41060
2023-04-05,5614.882560806386,5660.347671355978,5548.143627388191,5630.03759765625,24463
2023-04-06,5652.889766486294,5691.948501940454,5614.500521316033,5674.259765625,13631
2023-04-10,5665.176736584231,5708.3948116852325,5625.066142393591,5652.79443359375,13211
2023-04-11,5653.702948060451,5801.905883448471,5653.702948060451,5765.66796875,41425
2023-04-12,5765.715946693472,5793.300910718272,5731.294617631604,5774.5126953125,51074
2023-04-13,5774.559916684878,5813.379617372075,5660.587359571031,5688.5546875,28349
2023-04-17,5691.948454786354,5851.625154257095,5691.948454786354,5829.92041015625,28375
2023-04-18,5842.063362714618,6359.339349495078,5829.920098273624,6071.2041015625,428643
2023-04-19,6071.204836658432,6109.785500445871,5990.314625391381,6038.60009765625,37648
2023-04-20,6071.491305315018,6167.153712196105,6033.293011466266,6120.54150390625,52034
2023-04-21,6133.641299498924,6183.360991447118,6052.416346770531,6084.16064453125,16891
2023-04-24,6085.929314231302,6214.961666658261,6084.1608140214685,6202.43603515625,32240
2023-04-25,6212.092687324323,6228.347201051353,6133.640941642377,6210.51513671875,23027
2023-04-26,6241.733972016591,6286.672926778353,6205.447969668751,6250.9130859375,26571
2023-04-27,6229.207847227275,6388.024106456876,6226.004658395198,6358.62255859375,32817
2023-04-28,6375.594791210475,6640.447784186675,6309.429163618224,6547.65380859375,57756
2023-05-02,6578.298032930226,6731.28170811465,6515.00085057502,6588.86328125,58293
2023-05-03,6588.862888892645,6692.0792428449,6530.872611345112,6640.638671875,48549
2023-05-04,6630.885753164568,6633.2761229386,6520.9287435590995,6553.10302734375,23007
2023-05-05,6583.078354509935,6691.266397056638,6488.084966361887,6515.57421875,21428
2023-05-08,6516.147690540985,6595.986037152896,6505.677684686763,6541.43798828125,24006
2023-05-09,6541.48626695726,6622.519806550131,6541.438646306919,6612.1455078125,17850
2023-05-10,6549.613132571633,6627.156820843489,6549.613132571633,6598.80712890625,16745
2023-05-11,6598.472031928527,6641.355356445808,6561.0865575578455,6617.45166015625,21872
2023-05-12,6597.420586664581,6618.694877686796,6541.055480556959,6588.09814453125,23330
2023-05-15,6520.92884821763,6585.899286466208,6363.260148765778,6406.8125,29542
2023-05-16,6407.099871835073,6438.700375227201,6320.6637225868,6341.8427734375,25344
2023-05-17,6341.842792645349,6371.722416544259,6129.86460210927,6168.92333984375,34563
2023-05-18,6214.961022368161,6224.474880219259,6010.632040162061,6051.220703125,20865
2023-05-19,6089.7052944153365,6089.7052944153365,6003.699613676095,6022.296875,20910
2023-05-22,6042.854716605537,6191.057640826084,6020.432861645179,6165.8154296875,19346
2023-05-23,6190.10157755856,6387.068047280071,6186.276985913482,6350.16064453125,39458
2023-05-24,6354.272162512035,6660.526142193422,6321.619338865189,6630.35986328125,111285
2023-05-25,6597.420276831205,6637.578487211917,6517.199564230217,6618.7421875,36611
2023-05-26,6616.543703901694,6817.2390618933305,6597.420745219898,6784.15625,67649
2023-05-29,6783.821406225354,6908.168247940657,6692.0788328493645,6897.6982421875,62748
2023-05-30,6932.071682557308,6971.560400704807,6707.376945260623,6767.6142578125,74519
2023-05-31,6759.966188830001,7160.544570034559,6627.061620195295,6946.3193359375,181345
2023-06-01,6946.318801352841,6976.294131460775,6621.324222767294,6686.43798828125,73859
2023-06-02,6726.500783601339,6774.308180784006,6628.352290559145,6683.37841796875,48818
2023-06-05,6683.474568216308,6744.81136948498,6597.421247595498,6616.40087890625,26562
2023-06-06,6657.419303119285,6740.843213815082,6620.703314307224,6666.263671875,23430
2023-06-07,6702.596393330571,6712.1578717804005,6639.155890442138,6685.5771484375,20319
2023-06-08,6712.110442178084,6712.110442178084,6511.223680855645,6538.33056640625,17536
2023-06-09,6573.421295614007,6573.51700378061,6438.747766606368,6456.8193359375,20969
2023-06-12,6500.848983287874,6534.314156756777,6453.997740431409,6474.6025390625,14062
2023-06-13,6508.498588248764,6664.254983787203,6474.602959316113,6630.7421875,22553
2023-06-14,6689.210858689733,6721.719888020129,6652.3034555466975,6685.099609375,20170
2023-06-15,6685.099231413396,6715.935000137808,6599.093543991011,6681.41796875,12764
2023-06-16,6714.931291504339,6714.931291504339,6549.613405632347,6588.43310546875,34756
2023-06-19,6623.140832483975,6705.512881159651,6606.982026256674,6683.6171875,21007
2023-06-20,6693.035278840262,6714.548606522249,6603.778779283625,6694.326171875,14894
2023-06-21,6695.04322402854,6719.80736096905,6663.825088840086,6697.43359375,24527
2023-06-22,6720.763954919856,6720.763954919856,6551.525767408002,6582.7919921875,7235
2023-06-23,6587.859376596832,6606.026187649856,6488.372369130415,6532.689453125,7487
2023-06-26,6549.613187395624,6683.473894875242,6522.458680109292,6655.74560546875,14789
2023-06-27,6688.2544643975225,6694.947499601351,6621.3717330059135,6654.9326171875,6752
2023-06-28,6693.035467697047,6773.351893309412,6637.913633254762,6682.37451171875,45092
2023-06-30,6689.223013250735,6739.514321885371,6643.2423882133535,6709.8662109375,16134
2023-07-03,6772.467611462897,6782.142795722138,6610.673366282271,6690.61279296875,13660
2023-07-04,6715.0873032651,6940.200786327482,6702.202961500563,6838.99560546875,92127
2023-07-05,6875.110044087554,6909.500098899686,6716.141870719332,6870.033203125,31695
2023-07-06,6820.459565099459,6895.992416611903,6739.993469106713,6852.83740234375,40825
2023-07-07,6839.618799749721,6883.779457256722,6801.3974941224815,6849.77294921875,25182
2023-07-10,6834.876267001615,6894.795051678527,6749.668698983628,6874.7744140625,29197
2023-07-11,6894.8423105535485,6918.167991277718,6782.14197981809,6875.2529296875,34555
2023-07-12,6887.514785166146,7160.524759265221,6859.208148631525,7089.87744140625,61507
2023-07-13,7089.92614345328,7121.729602159921,7036.042588389524,7096.7275390625,16884
2023-07-14,7134.085972717538,7270.6868494983655,7012.045815326487,7217.76123046875,56494
2023-07-17,7234.956544753092,7255.74334064662,7118.568074741655,7141.65380859375,17496
2023-07-18,7170.39099769839,7173.217077409579,7026.414350856244,7049.212890625,16061
2023-07-19,7078.14292329905,7165.314530555813,7050.410669938745,7142.94677734375,31590
2023-07-20,7184.472675862314,7184.472675862314,7078.046593742719,7154.77685546875,15638
2023-07-21,7117.417585749276,7170.103718618215,7089.733511298692,7104.3896484375,8933
2023-07-24,7115.693054479428,7140.263855905953,7042.7945161929265,7115.59716796875,14960
2023-07-25,7104.964619797367,7227.962700333674,7097.540664585903,7188.400390625,17851
2023-07-26,7232.369611627569,7318.583289117169,7088.680149144902,7114.017578125,20428
2023-07-27,7171.445241819035,7279.308226043598,7136.959770554715,7232.8486328125,22799
2023-07-28,7279.308231361614,7279.308231361614,7176.85745664336,7219.62939453125,13331
2023-07-31,7197.45288330889,7251.8635737319,7113.107355948778,7226.14306640625,23607
2023-08-01,7226.143029426571,7226.143029426571,7050.410630658842,7119.14208984375,48841
2023-08-02,7046.57861591101,7183.514854269195,6946.140060582348,7141.12646484375,46840
2023-08-03,7141.126926805006,7195.9684059370475,7069.52167675924,7131.16455078125,42321
2023-08-04,7086.764028986192,7183.514930165918,7059.941996975971,7083.458984375,11767
2023-08-07,7111.670850675826,7174.894217613407,7035.132353037101,7148.359375,16998
2023-08-08,7148.358588313766,7174.7498321003,7088.679755307295,7146.39501953125,16999
2023-08-09,7146.059449706265,7232.369006497183,7090.35593295901,7139.6416015625,31575
2023-08-10,7151.903678679791,7184.233808488984,7112.724444547737,7136.62451171875,20804
2023-08-11,7136.6246006178635,7145.390032333306,6917.450453121293,6954.23486328125,14144
2023-08-14,6945.6135829221175,7021.625405794615,6855.6640686112705,6992.9833984375,25277
2023-08-16,6992.983180300381,7117.418163391112,6944.990805462391,7073.16162109375,25828
2023-08-17,7110.425142202742,7110.472851593244,6801.301033486516,6846.32373046875,44949
2023-08-18,6849.629088718157,6912.3734884491205,6609.715391506163,6651.09814453125,44951
2023-08-21,6651.0985961961205,6742.772200468924,6644.344910237464,6707.23291015625,16144
2023-08-22,6742.580252128014,6794.595649945947,6692.144877095082,6774.6708984375,14491
2023-08-23,6780.226582246668,6797.469317267923,6721.840578509604,6774.47900390625,11456
2023-08-24,6801.157461059844,6885.598872888355,6774.957989496786,6851.30517578125,17327
2023-08-25,6851.305045213816,6933.8783054067035,6797.277435486903,6919.22216796875,24383
2023-08-28,6935.411444911969,7054.913182170638,6928.801823132463,7015.4462890625,15894
2023-08-29,7015.446216764828,7088.68013307311,6989.103148702732,7059.89453125,12812
2023-08-30,7087.7221863994255,7112.628359780475,7042.028750447001,7105.9228515625,7628
2023-08-31,7098.690847375286,7178.725692520094,7098.2595918833595,7124.79443359375,56012
2023-09-01,7133.1763580148545,7153.819557564282,6999.401090784723,7031.970703125,16812
2023-09-04,7031.251692800538,7066.647382237742,6899.824018876699,6922.62255859375,47769
2023-09-05,6973.7286555542,6973.7286555542,6840.480532337747,6874.8701171875,85742
2023-09-06,6897.09451267209,6911.463459573491,6860.789067049051,6888.47314453125,11332
2023-09-07,6897.094666621868,6935.699051062987,6834.350263751905,6891.01171875,145744
2023-09-08,6924.826728660281,6928.227192312315,6828.123529457613,6841.3427734375,13932
2023-09-11,6841.342467055233,6896.95056940661,6832.865163001667,6882.9169921875,31984
2023-09-12,6908.589538172052,6908.589538172052,6745.93324945218,6832.9130859375,154364
2023-09-13,6802.306972121804,6838.660593807036,6723.709021982293,6794.78759765625,90976
2023-09-14,6799.098358099398,6846.084626515769,6799.098358099398,6825.29736328125,13303
2023-09-15,6831.9078535806975,6862.5616082098695,6688.313797548331,6804.271484375,71560
2023-09-18,6892.2564774946395,6949.205117478032,6851.496288143471,6925.73583984375,42353
2023-09-20,6948.774796694189,6967.933391968759,6884.018651118312,6926.5029296875,75653
2023-09-21,6937.040117376703,7074.790229516643,6932.824852249114,7037.52685546875,45166
2023-09-22,7038.868034297729,7106.881048782641,7002.514411994992,7023.5888671875,21167
2023-09-25,7032.54508167474,7087.674217146179,6947.864188831728,6973.9677734375,142385
2023-09-26,7012.046401563456,7136.577280279747,6997.964645874482,7042.22119140625,87105
2023-09-27,7088.680189916198,7093.661611739903,6889.43080079423,6996.623046875,39279
2023-09-28,7076.471782909862,7138.668285471775,6827.492017046074,6865.08203125,52319
2023-09-29,6867.319086069932,6945.076347321526,6809.061332591486,6913.56494140625,33287
2023-10-03,6905.297906382543,6905.297906382543,6754.548445046023,6821.8994140625,33983
2023-10-04,6821.899020158062,6821.947459057282,6614.4969506497455,6632.294921875,31137
2023-10-05,6647.029912604252,6677.666091998849,6468.610449316389,6489.0830078125,42162
2023-10-06,6564.896180751315,6685.884690941289,6517.385688968671,6656.02685546875,41262
2023-10-09,6652.427748803351,6691.0392518632625,6613.52466255304,6638.22802734375,15307
2023-10-10,6663.077831271829,6703.0019346142335,6599.860314477006,6634.337890625,17024
2023-10-11,6634.920962624374,6903.303802776704,6634.920962624374,6695.70703125,70547
2023-10-12,6726.684120228974,6787.421278797973,6575.594163788736,6597.4287109375,29503
2023-10-13,6601.999717123246,6662.10527203401,6584.347536210465,6651.3095703125,15812
2023-10-16,6651.309687540586,6675.186267874049,6605.112270482644,6662.39697265625,25560
2023-10-17,6688.315676559053,6691.330760688181,6603.944609191364,6652.96240234375,25456
2023-10-18,6681.60546279267,6686.468348864571,6635.602750508969,6676.791015625,30829
2023-10-19,6634.921258487002,6700.083926959389,6570.731167155993,6672.99755859375,16188
2023-10-20,6672.997782388657,6924.749478855922,6640.756944048909,6861.9208984375,101039
2023-10-23,6885.846617621994,6968.515680121693,6816.5504917031285,6904.3740234375,53413
2023-10-25,6904.423374805282,6933.40598742078,6613.8659161347005,6667.98974609375,28693
2023-10-26,6584.347569490545,6646.544070683204,6467.638306811244,6484.80419921875,21099
2023-10-27,6581.381172697051,6651.455166797862,6487.235419105218,6544.4716796875,13991
2023-10-30,6603.799065105558,6632.976380562578,6446.144208941219,6607.98095703125,19034
2023-10-31,6624.757347372488,6759.313483969655,6618.921884779689,6736.5068359375,19889
2023-11-01,6695.707399362344,6734.7078381149195,6526.965263580608,6556.142578125,28739
2023-11-02,6590.668744759351,6696.1933605354,6590.668744759351,6661.47216796875,56156
2023-11-03,6671.927290859118,6793.353635788856,6663.271449717459,6732.47021484375,17745
2023-11-06,6833.667376340488,6841.107496367544,6723.717247438716,6808.38037109375,31959
2023-11-07,6808.040014300497,6902.963638620981,6808.040014300497,6871.4033203125,28285
2023-11-08,6889.736974612565,6939.581556762324,6881.95635691114,6935.01025390625,14575
2023-11-09,6924.749662838951,6973.378522830797,6856.669258850366,6879.81640625,17729
2023-11-10,6822.6771633486505,6953.92664002846,6822.6771633486505,6942.83935546875,14493
2023-11-13,6938.365208492155,6953.9264424893345,6858.662323156384,6930.779296875,23008
2023-11-15,6967.251442510983,6992.8300327856905,6915.169648778528,6986.26513671875,21269
2023-11-16,6897.079197459314,6997.692492114782,6843.052727521836,6942.64453125,21153
2023-11-17,6929.612718890261,7172.757024816236,6913.710986304458,7146.302734375,62674
2023-11-20,7146.302706279181,7155.9316006689705,7044.960444902397,7072.58154296875,12074
2023-11-21,7119.265238416315,7153.305441059016,7035.672036541538,7144.55224609375,11430
2023-11-22,7157.195192309602,7265.151255136938,7129.379391053331,7174.9931640625,27197
2023-11-23,7217.397289379732,7235.973606924127,7128.941687278172,7220.0234375,15089
2023-11-24,7220.023667537444,7283.435411393469,7196.098175193382,7234.85546875,14344
2023-11-28,7216.620370358538,7274.877651223648,7099.813750525753,7119.9462890625,19597
2023-11-29,7124.127475383527,7240.690939361723,7045.883455339055,7108.90673828125,17133
2023-11-30,7169.108959829058,7197.070551498732,7012.280902203494,7154.37451171875,57191
2023-12-01,7203.830659531906,7235.9257061429935,7061.444981926128,7131.81103515625,30157
2023-12-04,7193.813085408675,7755.573773762498,7155.298933128367,7634.6826171875,157847
2023-12-05,7680.441190270616,7680.441190270616,7420.4226133095,7497.83984375,65891
2023-12-06,7566.650406737847,7731.988526165282,7508.295776351694,7662.935546875,43794
2023-12-07,7654.182833183039,8144.215492723587,7586.1024267887815,7858.81298828125,151760
2023-12-08,7858.812516887504,7858.812516887504,7702.811232856874,7765.29931640625,27621
2023-12-11,7765.299166069647,7818.547765417402,7556.924510174551,7603.70556640625,64180
2023-12-12,7683.845641139819,7683.845641139819,7542.919309511997,7623.0595703125,26619
2023-12-13,7634.584982049813,8137.213147726021,7608.714334386351,8007.32470703125,53366
2023-12-14,8007.324697942501,8121.0193487377865,7936.32703960521,8097.2880859375,41327
2023-12-15,8097.239435491155,8140.47067941417,7667.555044065886,7751.2451171875,75533
2023-12-18,7819.37424846935,7819.37424846935,7654.327721348949,7678.107421875,39141
2023-12-19,7722.262873701383,7722.262873701383,7586.102067364079,7612.7021484375,54892
2023-12-20,7644.457009886987,7697.219324490851,7597.77330295638,7653.84228515625,27757
2023-12-21,7563.732762388065,7590.964923548778,7449.9412318236555,7530.61669921875,29668
2023-12-22,7532.609675290107,7657.2942500589925,7532.609675290107,7622.67041015625,17659
2023-12-26,7660.990101405264,7736.851118024486,7620.1418616872215,7674.9951171875,19122
2023-12-27,7682.338390478265,7761.165577724116,7615.376359406507,7704.1240234375,11177
2023-12-28,7750.418628221184,7963.899306001707,7466.279842779408,7501.73046875,87310
2023-12-29,7537.375493797162,7605.407454800336,7411.037818096818,7464.140625,52509
2024-01-01,7498.569865763771,7585.129232567011,7488.844094212845,7550.74853515625,17080
2024-01-02,7595.8277612444435,7633.709832289333,7543.3570325275105,7603.365234375,30786
2024-01-03,7615.231173729274,7995.119454952276,7499.737629157084,7881.18212890625,86219
2024-01-04,7858.423947027884,8019.8717657415755,7749.54373716177,7984.810546875,46150
2024-01-05,8025.706785602577,8048.076060453383,7800.068882759654,7844.90478515625,26527
2024-01-08,7848.697690067568,7905.398748603154,7798.12367769043,7825.1611328125,11458
2024-01-09,8052.8903290514045,8084.985374865707,7746.576966997521,7788.73828125,38473
2024-01-10,7866.204166781666,7913.471512316975,7770.891603929958,7811.69140625,21386
2024-01-11,7812.420679874211,7886.579687724152,7785.723247091756,7820.638671875,19415
2024-01-12,7856.478273726174,7895.332921102229,7804.931684408584,7830.75341796875,9367
2024-01-15,7868.1490744757775,8023.761417110651,7860.173751959268,7997.30712890625,33759
2024-01-16,7975.132781794798,7983.885976311402,7917.507584560488,7953.10400390625,14829
2024-01-17,7926.4558110044145,7926.504249908357,7837.172938322252,7876.65966796875,21311
2024-01-18,7916.583034559635,7916.583034559635,7673.633460457511,7779.98486328125,33821
2024-01-19,7784.020922766754,8266.905459301232,7784.020922766754,8240.451171875,135675
2024-01-23,8169.647545614576,8169.647545614576,7787.959477172823,7899.4658203125,38548
2024-01-24,7974.986421516026,8005.185702069061,7781.589833744916,7966.3310546875,21964
2024-01-25,7998.571715237613,7999.350536818159,7907.052581264114,7969.978515625,14926
2024-01-29,7967.400793054049,8150.196866184686,7953.2984237748515,8020.40625,32525
2024-01-30,8028.624941270035,8099.526200434202,7977.224615168944,8025.3671875,34625
2024-01-31,8025.366669246168,8163.374797813585,7985.831027941689,8136.8720703125,35250
2024-02-01,8225.08584018976,8225.08584018976,8025.026509009778,8113.142578125,21348
2024-02-02,8113.1426407986155,8252.318067060802,8044.234971924853,8229.4140625,16462
2024-02-05,8236.56121177041,8286.357352011271,8080.074117562533,8101.90771484375,18949
2024-02-06,8114.016688793892,8246.968178952364,8056.391491010659,8220.66015625,19163
2024-02-07,8290.248917110259,8479.901490882725,8220.223351409657,8375.689453125,48763
2024-02-08,8461.421184124207,8485.638735012408,8339.849040674146,8436.1826171875,38780
2024-02-09,8446.102858278118,8543.214303842231,8276.6312950395,8397.279296875,27292
2024-02-12,8397.231076749822,8462.296867716112,8286.017260041697,8383.2255859375,11036
2024-02-13,8383.226665846612,8548.95421275082,8336.494517927948,8521.52734375,16594
2024-02-14,8461.566611960036,8635.463198759157,8413.764069980365,8524.0546875,16425
2024-02-15,8524.055623745666,8582.993419609295,8442.796042366406,8528.6259765625,17982
2024-02-16,8583.868607267596,8680.250617969885,8383.809307830303,8543.8466796875,38842
2024-02-19,8636.484077946769,8728.78201855755,8517.246513270002,8632.8369140625,14418
2024-02-20,8616.061171409838,8654.331703235786,8502.950636201516,8575.69921875,18070
2024-02-21,8651.07356405849,8654.866994775235,8510.049880327351,8566.2646484375,11657
2024-02-22,8602.931770178157,8602.931770178157,8378.947427132323,8445.763671875,38170
2024-02-23,8510.050648348153,8558.679509195857,8324.336838814286,8515.69140625,12322
2024-02-26,8524.638301214862,8625.786319848787,8490.598102636137,8560.818359375,17937
2024-02-27,8560.868136234452,8889.356103857865,8394.460547945026,8464.33984375,70693
2024-02-28,8469.347609902696,8578.907849787196,8433.362257386992,8466.5751953125,16018
2024-02-29,8413.765748266393,9092.576226513549,8365.136886006154,8898.6923828125,80740
2024-03-01,8903.26208173567,9033.295825948077,8667.120559101668,8699.0693359375,35724
2024-03-04,8923.395430636556,8923.395430636556,8596.512627526408,8612.75390625,45298
2024-03-05,8587.857237662745,8617.472405296121,8446.833534439518,8486.85546875,41517
2024-03-06,8516.810428138215,8516.810428138215,8412.744663747024,8477.080078125,41202
2024-03-07,8546.95863843914,8546.95863843914,8373.888363205973,8427.5263671875,38774
2024-03-11,8428.596829650169,8507.813429446544,8324.093223643393,8379.87109375,67923
2024-03-12,8380.649179276297,8424.901441273181,8291.22051699864,8358.474609375,23669
2024-03-13,8276.631422978402,8345.927543881719,8050.896649745249,8139.498046875,36711
2024-03-14,7999.447251802921,8072.390539813282,7859.007202931879,8005.28271484375,68591
2024-03-15,7925.23983472169,8072.293693887798,7918.771816579603,8017.68310546875,46749
2024-03-18,8017.682797632237,8017.682797632237,7926.601043452231,7985.14990234375,19087
2024-03-19,8037.960093097289,8089.896088679297,7965.503576090553,7979.60546875,23350
2024-03-20,7966.42809730039,7970.026822812488,7866.204209147003,7907.1982421875,14503
2024-03-21,7898.298660493928,7994.292210601945,7897.326083390062,7977.7099609375,16304
2024-03-22,7989.7216505122815,8215.99211466039,7977.710702076639,8164.833984375,49514
2024-03-26,7986.803614158694,8203.688320193445,7986.803614158694,8182.486328125,29115
2024-03-27,8197.026671563839,8276.437027782962,7746.82031876179,7874.2763671875,108749
2024-03-28,7843.932143144186,8115.232256820262,7843.932143144186,8045.8876953125,74053
2024-04-01,8045.840036473024,8231.990752957845,8033.488115394796,8176.99169921875,23249
2024-04-02,8169.5986927326485,8215.358252483707,8140.518259339304,8189.5849609375,14963
2024-04-03,8246.822378120145,8246.822378120145,8076.378218090745,8128.94677734375,21126
2024-04-04,8128.94647030047,8217.30472864019,7892.463945190572,7901.80078125,61071
2024-04-05,7953.979292306002,7983.886040478094,7902.1895576665265,7970.8046875,20381
2024-04-08,8013.987337610513,8029.597011029404,7965.406918644721,8012.1875,23206
2024-04-09,7999.447470509534,8043.213444512321,7929.908200705104,7947.90087890625,16546
2024-04-10,8022.011280877915,8022.011280877915,7881.960167047905,7925.43408203125,16089
2024-04-12,7963.4128750444215,8044.379918814055,7883.807344239828,7951.3525390625,43228
2024-04-15,7941.092339453148,7941.092339453148,7676.5513576612,7735.294921875,40510
2024-04-16,7727.125770436695,7727.125770436695,7632.785783056915,7686.18017578125,42416
2024-04-18,7702.811153985341,7736.36506620914,7644.456524030907,7703.005859375,28100
2024-04-19,7707.625755991196,7707.674194893988,7527.261126988267,7620.8232421875,31951
2024-04-22,7629.867309999106,7813.879086322915,7629.867309999106,7736.99658203125,36625
2024-04-23,7825.842036631265,8096.704772877061,7749.008441789549,7879.18798828125,109168
2024-04-24,7897.326570568803,8054.446221434418,7880.063325910232,8004.31005859375,34767
2024-04-25,8023.761611234383,8096.218610026743,7928.4006101627965,7975.66748046875,30933
2024-04-26,7975.7158581831445,8022.302683942108,7858.423432897162,7923.24560546875,32513
2024-04-29,8081.727166601628,8114.211625177059,7918.869398481591,7962.830078125,60799
2024-04-30,8023.762075578116,8067.528050535815,7829.246631321677,7893.58251953125,72113
2024-05-02,7964.143129549884,8023.761922117741,7794.525285489359,7888.08740234375,37195
2024-05-03,7907.05213963725,8096.6562428313955,7907.05213963725,8012.5283203125,46486
2024-05-06,8091.842061281436,8091.842061281436,7920.42533492316,7961.71142578125,54469
2024-05-07,7961.710796473674,8082.115650748579,7961.710796473674,8052.50048828125,33098
2024-05-08,7961.711098884708,8163.423025962807,7961.711098884708,8121.01904296875,32647
2024-05-09,8142.999503741253,8203.688701075336,8092.085467115835,8153.6494140625,38823
2024-05-10,8171.496664028603,8237.242502090885,8043.213352888791,8200.3330078125,16630
2024-05-13,8200.333514005684,8201.84081878517,8109.981657441344,8175.2412109375,11773
2024-05-14,8175.289328968878,8262.043406132787,8146.93927314219,8204.8076171875,17962
2024-05-15,8212.636178945631,8261.021892269833,8156.031998728485,8198.728515625,12212
2024-05-16,8235.78293070908,8235.78293070908,8072.389976958592,8107.6943359375,21728
2024-05-17,8107.69477537117,8155.011034038868,7976.105275800059,7995.216796875,29430
2024-05-21,8051.869925730317,8072.342486252691,7806.877344124919,7923.4892578125,60118
2024-05-22,7950.817840045439,7950.817840045439,7853.657482152657,7901.16796875,15810
2024-05-23,7907.052690025851,7956.654127564759,7873.012487793268,7941.28759765625,12988
2024-05-24,7973.5276777940735,7973.5276777940735,7795.206033228864,7811.69140625,59111
2024-05-27,7781.589712627807,7812.955325455234,7747.160576781518,7769.23779296875,26182
2024-05-28,7780.569110083643,7780.665987890039,7610.513892800358,7637.259765625,53389
2024-05-29,7644.456389828609,7644.456389828609,7542.335789201128,7580.1689453125,53870
2024-05-30,7552.061924364631,7839.410046781324,7552.061924364631,7767.24462890625,60364
2024-05-31,7794.233191473059,7800.020215406231,7598.745186545922,7735.294921875,114833
2024-06-03,7906.079691964181,7906.079691964181,7770.939906338075,7794.52490234375,28468
2024-06-04,7794.525556059592,7858.4240704503145,7449.893192239399,7715.89306640625,40557
2024-06-05,7715.89252046348,7875.929903439954,7683.359624249893,7828.17626953125,26432
2024-06-06,7906.080077874684,7921.641313112228,7831.240072197636,7907.34423828125,17926
2024-06-07,7957.577193165119,8184.236090663089,7939.535603479175,8147.861328125,45046
2024-06-10,8218.277400359535,8257.180488645261,8052.939275145202,8192.4072265625,20223
2024-06-11,8198.825052326663,8386.337729521867,8120.532594828171,8152.53076171875,35518
2024-06-12,8217.207361163926,8217.207361163926,8091.84178816274,8121.74853515625,12780
2024-06-13,8208.551267562938,8232.865696673018,8000.906042962857,8027.1171875,27651
2024-06-14,8037.9615180399705,8111.294222216158,8033.779625843523,8075.16259765625,37519
2024-06-18,8111.293674224035,8146.306452673923,8046.471025319824,8056.43994140625,18624
2024-06-19,8119.851689345996,8143.971412024481,7961.321618398519,7974.8408203125,24661
2024-06-20,7975.22998754772,8050.799426605034,7940.995554743078,8019.580078125,19663
2024-06-21,8023.762032456919,8082.116665420242,7975.133171654149,8001.052734375,59500
2024-06-24,8082.067760711312,8746.240133406936,8047.5897104327805,8485.541015625,464475
2024-06-25,8490.597446629577,8610.224420963534,8289.370879808583,8375.3955078125,74272
2024-06-26,8374.862399379123,8407.930024693127,8212.442004454455,8270.4072265625,112962
2024-06-27,8269.9210125475,8490.599164561158,8201.305879358539,8218.1806640625,72022
2024-06-28,8237.776933161884,8480.551990133987,8237.776933161884,8322.845703125,74446
2024-07-01,8285.6498202434,8616.516749394319,8285.601260657257,8537.4931640625,111072
2024-07-02,8512.239536485597,8740.877091185312,8499.564533453202,8674.041015625,71695
2024-07-03,8634.163664178805,9115.277749742854,8600.038653884549,9064.333984375,131187
2024-07-04,9067.501146385262,9730.50123020698,9048.04970349637,9655.3291015625,499552
2024-07-05,9633.002544945655,9652.453990514225,9311.252459942409,9425.912109375,136490
2024-07-08,9520.877743822904,9686.627791590432,9393.396457084058,9657.5244140625,91945
2024-07-09,9613.502737706895,9632.027742982395,9478.952699390105,9601.802734375,74520
2024-07-10,9593.954072030307,9593.954072030307,9447.752591497872,9523.607421875,46700
2024-07-11,9511.567693098003,9546.521076029041,9420.45371672045,9529.556640625,26061
2024-07-12,9547.202655351577,9724.652704705539,9450.677628505191,9655.7685546875,38090
2024-07-15,9672.0019553425,9672.0019553425,9508.201922227829,9661.033203125,23059
2024-07-16,9661.033867436148,9662.25261776634,9491.627571539388,9551.98046875,42229
2024-07-18,9506.301407064204,9603.752876684262,9224.672953565292,9536.185546875,38458
2024-07-19,9438.00228680711,9676.389844567888,9360.050827489955,9471.4931640625,37654
2024-07-22,9505.861909011763,9823.127366297349,9481.341224394027,9729.52734375,77031
2024-07-23,9701.253641996393,9740.44884714055,9250.998663393595,9494.7001953125,31007
2024-07-24,9550.127416148109,9623.300994231075,9241.63695724175,9263.96484375,32368
2024-07-25,9263.964620059225,9329.436265901793,9095.777081569491,9174.60546875,23383
2024-07-26,9174.604968435473,9325.292006421621,9143.210724681656,9243.6357421875,17040
2024-07-29,9243.977880618842,9482.365454905448,9243.977880618842,9401.4404296875,29885
2024-07-30,9477.002796104793,9477.002796104793,9364.974882192584,9433.2744140625,11511
2024-07-31,9433.272809513865,9480.949744181868,9258.942026013092,9379.013671875,46366
2024-08-01,9379.01521967092,9603.75278483898,9126.002646303843,9177.1416015625,51150
2024-08-02,9177.14161967176,9319.296470743804,9114.302660896406,9198.7373046875,33863
2024-08-05,9143.551857464321,9150.376858850783,8851.88016735338,8893.3671875,26071
2024-08-06,8912.868027933626,9133.461843448813,8889.272830496291,8960.2041015625,27023
2024-08-07,9120.54299500864,9208.146389258334,8921.25255702822,9114.107421875,19537
2024-08-08,9114.107285620386,9282.002521662553,9084.662087191256,9166.318359375,20264
2024-08-09,9130.877853708884,9289.80290337835,9130.877853708884,9217.75,9605
2024-08-12,9216.676649518748,9241.24684434579,9088.367007414405,9139.7001953125,13984
2024-08-13,9026.113875825868,9211.802874192745,8892.977774715499,8920.1806640625,38083
2024-08-14,8949.576757355253,9223.503295661989,8922.228188012989,9155.837890625,56696
2024-08-16,9165.002681458975,9360.002738511294,9157.202679176882,9345.865234375,20441
2024-08-19,9340.501801441194,9424.303258033118,9291.848911198456,9367.4609375,11623
2024-08-20,9367.802303354983,9552.711479679821,9356.005181313683,9532.08984375,21525
2024-08-21,9505.325903933466,9555.002356615194,9432.980695660788,9502.83984375,18400
2024-08-22,9496.502936042369,9652.502984273044,9496.454376457043,9633.880859375,29193
2024-08-23,9642.753178922632,9673.3190581399,9579.426717616136,9627.2998046875,29951
2024-08-26,9608.627573034544,9676.877591310791,9516.099667397697,9664.10546875,69355
2024-08-27,9664.105560270138,9747.077702415112,9556.757459218397,9686.2373046875,35085
2024-08-28,9735.377664481708,10148.777777625448,9618.474751627102,9723.1416015625,189405
2024-08-29,9701.252656287768,9958.652726766159,9689.796403150947,9808.1123046875,62522
2024-08-30,9955.239606722345,10030.802122712843,9702.227053179968,9806.259765625,112815
2024-09-02,9944.954251262523,10479.937092899276,9847.55134287328,10365.4716796875,301690
2024-09-03,10335.003654977962,10704.625904835635,10304.29114411647,10631.306640625,201716
2024-09-04,10359.377929689654,10905.378084101532,10337.001482931782,10791.0107421875,139699
2024-09-05,10683.07787251583,10850.387536643459,10579.824963893332,10623.310546875,47122
2024-09-06,10578.753022134526,10624.9684161967,10325.448140200162,10426.068359375,71606
2024-09-09,10383.75276149456,10492.318659507611,10003.59977953586,10098.1748046875,72041
2024-09-10,10222.48813311062,10261.878527510404,10008.525071279782,10085.2568359375,109379
2024-09-11,10158.431875911408,10253.396341969448,10015.15537913473,10056.7880859375,116090
2024-09-12,10188.704655949728,10219.319094322478,10006.37959840857,10133.9580078125,81548
2024-09-13,10173.104657991646,10222.878233304406,10072.045495169155,10112.0205078125,84443
2024-09-16,10251.396711871808,10251.396711871808,10114.750041531966,10140.0029296875,51928
2024-09-17,10217.95484532507,10217.95484532507,10042.698536924989,10110.65625,32624
2024-09-18,10169.252642410012,10622.043140923868,10130.155513110267,10523.177734375,203890
2024-09-19,10578.752607864126,10586.016550084514,10381.46169008753,10497.73046875,37124
2024-09-20,10542.042808139167,11066.252035416377,10448.150481299235,10884.3173828125,116438
2024-09-23,10885.098091780743,10995.077930665457,10676.252845684734,10808.21875,40331
2024-09-24,10920.002496789168,10998.002514623377,10520.25240538885,10571.0009765625,67183
2024-09-25,10564.135070806504,10564.135070806504,10397.336482307763,10482.03515625,38803
2024-09-26,10572.717383377705,10658.643113006035,10387.52728678367,10608.51953125,55743
2024-09-27,10608.520234165517,10688.65838944183,10158.001861159915,10341.8681640625,95510
2024-09-30,10338.48351283707,10354.177605456178,10091.007481427798,10294.0498046875,62295
2024-10-01,10313.324666347384,10434.659824768489,10180.072379774032,10402.9287109375,28112
2024-10-03,10338.484191423377,10544.469170569382,10194.53992623444,10317.9833984375,46736
2024-10-04,10211.950184370817,10368.743599789954,10000.128780390758,10170.115234375,29133
2024-10-07,10298.267775516299,10298.267775516299,9979.923095531214,10137.4033203125,28090
2024-10-08,9965.748167235248,10187.230843389432,9965.748167235248,10135.1953125,23825
2024-10-09,10224.700360530145,10388.703804245843,10117.784364818539,10273.15625,16202
2024-10-10,10273.156777621265,10595.376102346918,10234.803765757768,10541.57421875,29630
2024-10-11,10622.938564873988,10688.657575386136,10523.86960872881,10643.634765625,19967
2024-10-14,10671.981912326328,10671.981912326328,10407.095273442848,10466.2421875,31733
2024-10-15,10515.042314502505,10611.610222112764,10286.93867303624,10502.6337890625,32315
2024-10-16,10502.633126229757,10526.95973516803,10200.669370186164,10304.2998046875,33502
2024-10-17,10279.630461296292,10348.292115140828,10023.768095805024,10203.857421875,36005
2024-10-18,10108.957703146143,10130.634786052016,9813.56506185815,10044.6123046875,31707
2024-10-21,10045.543399882841,10372.765816076288,9971.585560810809,10107.2900390625,57230
2024-10-22,10169.233232428936,10288.507959137121,9907.926194108108,10099.884765625,39686
2024-10-23,10142.16005835903,10183.847492776784,9944.708942918633,10021.51171875,22608
2024-10-24,10023.424636659627,10148.68330776251,9880.216038299473,9923.865234375,19752
2024-10-25,9906.895690998399,10102.974138375796,9818.61642246475,9962.2666015625,23577
2024-10-28,10112.881194992331,10172.862439940729,9946.278971847303,10028.3779296875,18055
2024-10-29,10145.003639953353,10188.456462442915,10004.982923064388,10157.2646484375,24098
2024-10-30,10127.643492330988,10199.198940953182,9941.22728087714,10027.8388671875,29790
2024-10-31,10030.486412065833,10139.805761733749,9871.63258520162,10053.537109375,41264
2024-11-01,10103.072520651374,10152.11656201376,10055.009360116237,10135.0,2117
2024-11-04,10134.99959209502,10494.443548351628,9916.753616816186,10454.47265625,110638
2024-11-05,10446.330970104145,10510.137070305942,10181.639729161028,10397.6787109375,39999
2024-11-06,10397.336072697664,10531.128591733075,10339.267740034134,10387.7236328125,23227
2024-11-07,10519.947693301963,10519.947693301963,10201.16139956554,10298.12109375,39553
2024-11-08,10298.119584815577,10414.991910535726,10191.399949697081,10287.771484375,29146
2024-11-11,10348.291824474425,10689.441954844231,10191.448610727037,10643.978515625,57715
2024-11-12,10642.556221224422,10680.516498126324,10420.877169980486,10587.7744140625,39197
2024-11-13,10451.284486675031,10544.958599155318,10268.88951796891,10327.3505859375,21623
2024-11-14,10328.674738549167,10941.234793081356,10053.047236029479,10642.654296875,106278
2024-11-18,10652.365175469125,10794.690592216863,10402.583503920934,10480.4658203125,39537
2024-11-19,10554.277707982706,10593.41523617167,10318.91516175475,10353.4912109375,18870
2024-11-21,10423.427522655544,10453.589607245509,10154.813698821476,10221.7099609375,33961
2024-11-22,10322.788781973499,10412.048928225835,10201.552307143342,10258.3447265625,21513
2024-11-25,10298.217704562845,10456.139498608014,10103.071296057338,10389.046875,99760
2024-11-26,10470.903196217634,10475.807600524997,10216.315760200772,10275.953125,35282
2024-11-27,10275.952474134852,10328.67481709963,9959.863636546024,10026.416015625,39102
2024-11-28,10122.689728903657,10197.089153492965,9983.69872971049,10129.0166015625,27443
2024-11-29,10180.464152135082,10349.273355219952,9926.562581475804,10268.10546875,56323
2024-12-02,10104.052575528403,10251.82264323046,10004.983620074723,10204.396484375,44838
2024-12-03,10201.160722643452,10501.310259290462,10054.07744929974,10478.75,61089
2024-12-04,10478.74903095476,10509.107481683835,10279.630239109416,10404.349609375,38886
2024-12-05,10446.38064788309,10583.703961564182,10280.611790653773,10537.5537109375,30835
2024-12-06,10495.42400478592,10560.162134161234,10398.316810722947,10471.7353515625,22898
2024-12-09,10495.424740590159,11029.465492917445,10471.736085705998,10909.3564453125,127070
2024-12-10,10867.227458202433,11052.908005866546,10716.122959446373,10983.658203125,74434
2024-12-11,11132.997961834859,11325.152908931843,10820.145814315838,10954.232421875,84627
2024-12-12,10984.638173484385,11231.133311563142,10907.344962846284,11057.91015625,54988
2024-12-13,11061.098786409088,11073.261133679427,10858.35053205078,10918.919921875,35484
2024-12-16,10983.855093153978,11081.649107145042,10593.513360661314,10812.740234375,31261
2024-12-17,10814.211531929348,11123.189004270187,10757.124074032841,11054.52734375,71749
2024-12-18,11065.364179190059,11137.900499516829,10838.731881960453,10970.21875,52623
2024-12-19,10814.21062612725,11303.67013655242,10642.408973930678,11114.8505859375,117845
2024-12-20,11114.850295992464,11114.899148452034,10447.75367643053,10541.2802734375,65090
2024-12-23,10541.27987832275,11005.481679091936,10541.27987832275,10902.63671875,87126
2024-12-24,10902.49024418571,10995.673921486443,10711.267337978186,10837.359375,29202
2024-12-26,10837.3596207106,11043.73733174706,10707.392909949744,10987.8759765625,42464
2024-12-27,10881.891321920042,11180.07907763157,10881.891321920042,11084.8359375,57315
2024-12-30,11083.952661289031,12984.899586738426,10997.586301378236,12389.30859375,685958
2024-12-31,12249.238932004122,12249.238932004122,11427.30970750842,11659.484375,187495
2025-01-01,11672.480464379063,11815.296312786702,11487.094009944807,11616.66796875,60912
2025-01-02,11636.434084111395,11803.232671620055,11609.312346989802,11691.0693359375,39204
2025-01-03,11708.773260698801,11767.332031791497,11304.650400398232,11386.0146484375,57648
2025-01-06,11481.210513850803,11481.210513850803,10742.55837074688,10815.1435546875,60656
2025-01-07,10923.284880651236,11106.513221240017,10833.828360734433,10889.0517578125,46066
2025-01-08,10986.79738026996,11540.014171204844,10925.835253218696,11055.3115234375,220364
2025-01-09,11034.90842054624,11206.464846614208,10905.089236639735,10955.359375,32000
2025-01-10,10986.061628746873,11078.509646679868,10475.807231028062,10620.830078125,42116
2025-01-13,10620.830584388052,10639.271911125496,10049.222255279628,10117.58984375,45192
2025-01-14,10298.266307535087,10512.343516947369,10117.833114026065,10417.541015625,26276
2025-01-15,10397.336791025364,10760.262697881908,10397.336791025364,10641.7236328125,36677
2025-01-16,10886.796093982006,10887.728122328403,10555.307233157735,10728.236328125,23836
2025-01-17,10727.893470688477,10789.640109553939,10573.895182776063,10595.572265625,15135
2025-01-20,10636.622520288516,10846.531011045481,10593.512617641223,10654.130859375,21529
2025-01-21,10701.408859412626,10811.80679497706,10461.632371254758,10590.5693359375,20940
2025-01-22,10691.749020971181,11205.043789752915,10682.577210082338,11070.6142578125,376194
2025-01-23,10985.913807024152,11147.71028648235,10870.807828357685,10984.197265625,42202
2025-01-24,10946.677862838358,11093.76112073441,10889.149782424529,11074.2412109375,28427
2025-01-27,11070.220860408326,11091.751385841471,10889.88630601518,10979.1953125,33246
2025-01-28,10936.82121830497,11111.614373210787,10776.05446764345,10818.4287109375,80284
2025-01-29,10818.427997734623,11278.16700250421,10818.427997734623,11208.376953125,49369
2025-01-30,11379.3942499112,11640.602608977171,10893.759602987231,10991.798828125,101370
2025-01-31,11034.908537396681,11623.388140264835,10979.09603905988,11338.6875,81560
2025-02-01,11340.894502428735,11618.77783034881,11293.909930836004,11529.2724609375,25068
2025-02-03,11476.305577248055,12182.000473745238,11457.766546620545,11971.650390625,100514
2025-02-04,11971.649328355043,12132.366253060118,11338.981256516532,11511.46875,54181
2025-02-05,11546.731943100329,11628.341413939655,11108.670978684928,11164.287109375,101219
2025-02-06,11262.375253435745,11487.928019327306,11142.805504870417,11205.974609375,74724
2025-02-07,11221.276617276304,11259.089381431935,10985.865219711068,11055.6552734375,167122
2025-02-10,11047.266678393979,11476.304283215324,11023.676688945632,11302.884765625,84954
2025-02-11,11280.12915433057,11406.074631697222,11124.021592486035,11293.46875,87425
2025-02-12,11260.5600383934,11765.272044613212,11034.908609908609,11650.0185546875,88894
2025-02-13,11417.010500589073,12139.72325564438,11412.645389612699,11910.4921875,102223
2025-02-14,11868.854051257269,12015.789803562553,11624.46721670825,11844.33203125,120567
2025-02-17,11802.545909187646,11862.772373353293,11380.227873103675,11783.958984375,94605
2025-02-18,11782.341348688042,12010.88659795913,11623.340938253039,11764.8330078125,33973
2025-02-19,11761.741432717896,12236.487730227316,11413.528755825655,11507.791015625,78087
2025-02-20,11515.540627715249,12345.953932414199,11505.731819684826,12216.18359375,118067
2025-02-21,12202.157173783069,12328.690797208956,11893.179721231489,11974.4453125,45778
2025-02-24,12170.621391925471,12362.923838143235,11644.329992823636,11772.3837890625,151381
2025-02-25,11822.556038652652,11865.960013157784,11340.060399923772,11419.462890625,69293
2025-02-27,11534.17710942073,12210.98484864178,11534.17710942073,11837.9072265625,250322
2025-02-28,11627.507838733738,11770.56891189384,10987.8260792529,11353.056640625,182651
2025-03-03,11373.067018519207,11609.802203177376,11087.533016795442,11129.80859375,60270
2025-03-04,11126.865021275169,11226.130335952314,10870.757463313887,10994.8388671875,69989
2025-03-05,11010.387343040387,11373.313251006974,11010.387343040387,11338.982421875,40281
2025-03-06,11452.861877281819,11863.753225820454,11082.972112322886,11144.71875,139333
2025-03-07,11231.233331316282,11680.280396207774,11216.421455636244,11549.8232421875,138683
2025-03-10,11611.765422940893,11785.283631685932,11315.490548272766,11414.70703125,83095
2025-03-11,11365.661609177627,11481.209169859885,11099.204970489907,11166.8857421875,78819
2025-03-12,11235.007990335882,11360.609577451738,11068.061896893183,11239.2255859375,63518
2025-03-13,11323.239668082759,11368.360187135528,11069.485600875096,11103.767578125,40038
2025-03-17,11224.071083404546,11498.277067690191,11095.036410292108,11345.455078125,85256
2025-03-18,11345.455078125,11345.455078125,11345.455078125,11345.455078125,0
2025-03-19,11476.256080904179,11672.481086071159,11307.103001654226,11643.103515625,67825
2025-03-20,11643.103254754498,11819.465420508392,11577.286540152485,11769.2939453125,51283
2025-03-21,11775.474294673466,12153.113411995355,11721.525849341768,12038.8896484375,161147
2025-03-24,12162.921895731977,12310.054015438413,12102.107286253318,12197.7431640625,41834
2025-03-25,12329.671350433504,12550.369524963937,12212.946538126298,12282.0986328125,46286
2025-03-26,12281.706165909678,12555.27420338851,12221.872437284155,12358.166015625,63984
2025-03-27,12358.16660235378,12438.549979074025,11970.031860919833,12224.2763671875,116843
2025-03-28,12322.364027805494,12653.313596248494,12196.958799406426,12234.5751953125,51564
2025-04-01,12260.02921771782,12292.398284377927,11580.376522779778,11683.712890625,57842
2025-04-02,11759.779220083143,11825.007789449688,11186.944866548356,11294.939453125,209700
2025-04-03,11280.08010812525,11475.96219130605,11182.089735128475,11279.9814453125,61864
2025-04-04,11286.357210193935,11417.354605028859,10986.993161644768,11286.8974609375,63954
2025-04-07,10201.159996412494,10745.891748256683,10201.159996412494,10573.501953125,82134
2025-04-08,11034.860247988445,11034.860247988445,10422.446740198811,10605.0380859375,184342
2025-04-09,10570.461675535931,11019.214630257566,10337.257271196984,10880.2236328125,148878
2025-04-11,11083.952674483564,11166.34665896645,10875.319143625407,11066.4443359375,44334
2025-04-15,11122.207528862516,11662.672856352001,11122.207528862516,11599.896484375,74599
2025-04-16,11598.915294899114,11598.915294899114,11301.708416729607,11363.50390625,62520
2025-04-17,11444.91690453785,11787.244295666038,11283.071576354036,11726.4296875,76485
2025-04-21,11799.996397590778,12013.828418760751,11754.875879362251,11973.6123046875,35641
2025-04-22,12015.788849976418,12198.23266435157,11973.610978911194,12088.3740234375,32407
2025-04-23,12108.973156952508,12295.340504042097,11921.624929088763,12184.5009765625,53425
2025-04-24,12319.863655182164,12438.55023975836,11947.128926761046,12142.32421875,56181
2025-04-25,12239.43080784888,12344.38505503912,11641.093510783017,11964.7841796875,57428
2025-04-28,11877.484997584284,12173.71098398039,11877.484997584284,12117.80078125,28811
2025-04-29,12245.316299998478,12290.436818245827,11994.210807143654,12080.5283203125,31643
2025-04-30,12123.686810949637,12295.340952690429,11614.609670586946,11744.0859375,68305
2025-05-02,11767.625960384506,11965.763865193847,11546.927799086972,11723.486328125,47621
2025-05-05,11784.301439840927,11938.299719019804,11548.890057656658,11673.4619140625,56022
2025-05-06,11686.213502850132,11824.517691527477,11501.80791794701,11631.2841796875,31438
2025-05-07,11487.095019933127,11770.569570420761,11476.305331160242,11679.34765625,37189
2025-05-08,11680.328590746492,11739.181438869166,11192.830832130352,11328.1923828125,55182
2025-05-09,10985.86520065848,11226.181001922885,10937.802040405599,11023.138671875,33839
2025-05-12,11475.324542790459,11956.937018259312,11286.995428146834,11862.7724609375,52048
2025-05-13,11771.550542536543,11888.275358348712,11652.863965114084,11693.080078125,31479
2025-05-14,11741.143458818637,11857.868276830284,11582.240765391016,11790.1875,30116
2025-05-15,11835.307646878711,12500.344824450713,11835.307646878711,12388.5244140625,143084
2025-05-16,12388.523521071285,13222.272134920106,12388.523521071285,12860.3271484375,173590
2025-05-19,12898.581824797153,14124.682758713232,12795.589346348203,13705.8466796875,268741
2025-05-20,13732.33170985733,13732.33170985733,12555.274706155273,12684.7509765625,196316
2025-05-21,12839.728577746919,13059.445858221732,12466.99390551286,12890.734375,113427
2025-05-22,12890.735713241353,13137.917679436516,12787.743227326702,12945.6650390625,87848
2025-05-23,12947.625791024147,13580.293869449191,12936.836102864962,13485.1484375,114272
2025-05-26,13586.180090337271,13875.539929096169,13576.37128224375,13710.751953125,83908
2025-05-27,13711.732676716565,13771.566405401,13394.908178928494,13539.09765625,52486
2025-05-28,13659.74547541102,13705.846871170343,13296.819593901464,13356.6533203125,39327
2025-05-29,13523.40239372491,13624.43310719076,13012.3635421161,13072.197265625,56660
2025-05-30,13222.27328956687,13749.987164180147,13009.422154267464,13157.53515625,299062
2025-06-02,13219.330953377692,13289.954373177588,12931.932870025339,13161.458984375,68285
2025-06-03,13286.030560661764,13336.055481931146,12850.519481375399,12906.4296875,47907
2025-06-04,12971.16780276204,13198.732150178917,12870.137079555408,13157.53515625,54760
2025-06-05,13202.655973300049,13279.16467804874,13017.269496408986,13224.2353515625,39215
2025-06-06,13339.978828240124,14458.182935901428,13232.081940658769,13978.5322265625,503230
2025-06-09,14048.174763092284,14111.9320148449,13820.610418375245,13978.5322265625,86582
2025-06-10,14053.078900980827,14181.57428284922,13955.971703996314,14107.02734375,66433
2025-06-11,14221.791242884376,14352.248394088156,13998.150412249322,14086.4296875,51861
2025-06-12,14212.96266814341,14246.312615052786,13767.642788824078,13820.6103515625,167890
2025-06-13,13767.642332944299,13878.48185870824,13612.663173026573,13814.724609375,37393
2025-06-16,13790.203298682529,13928.507492801187,13389.02304765748,13710.751953125,67774
2025-06-17,13811.782425501078,13838.266206872326,13459.646221342646,13525.365234375,36462
2025-06-18,13575.390453723327,13593.046308359671,13320.36144230945,13422.373046875,45817
2025-06-19,13493.976755201564,13524.384059076772,13149.687604872586,13207.5595703125,35924
2025-06-20,13272.296862159932,13461.606838835482,13241.889560206864,13353.7099609375,74560
2025-06-23,13291.914855852729,13325.264800882542,13108.490158188759,13201.673828125,32073
2025-06-24,13287.991438310517,13547.924835457656,13182.05631796376,13510.6513671875,70253
2025-06-25,13574.409954830871,13651.89954124836,13332.132387171125,13458.666015625,41533
2025-06-26,13579.31350599315,13673.478060787671,13419.429938998288,13604.81640625,42047
2025-06-27,13695.24048269576,14153.255558405264,13511.444733430359,13891.8134765625,96693
2025-06-30,13760.109415206203,14202.39864640926,13711.949032252982,14132.615234375,98360
2025-07-01,14225.003792666133,14379.313582996305,13977.321836212608,14095.265625,87116
2025-07-02,14200.432680386002,14288.890525155848,14020.568396020648,14169.9638671875,35886
2025-07-03,14196.501928889946,14275.131128163775,13874.122211867245,13940.95703125,32741
2025-07-04,14048.088813647137,14158.169688699854,13931.127883903626,13983.2197265625,28212
2025-07-07,14046.123399621296,14103.129568341332,13863.310513726006,14043.1748046875,21147
2025-07-08,14086.420074669537,14100.180183589811,13612.679181842945,13644.130859375,35627
2025-07-09,13711.948611410127,13732.588774899456,13466.23237939432,13624.4736328125,33064
2025-07-10,13624.47373240428,13677.548438907657,13504.564210304054,13637.2509765625,22679
2025-07-11,13710.965652865265,13858.395391068118,13475.078071740701,13516.3583984375,21532
2025-07-14,13568.45056604456,14053.985848885995,13424.95228407118,13905.5732421875,57795
2025-07-15,13976.339264045291,14104.111704574538,13767.971899489905,13921.298828125,39811
2025-07-16,13921.299126740421,13976.339563841344,13809.252522642115,13853.4814453125,30787
2025-07-17,13918.350268520056,13918.350268520056,13781.732043301196,13858.3955078125,14426
2025-07-18,13858.394840974328,13903.606625561904,13563.535376272746,13610.712890625,24707
2025-07-21,13701.137594072854,13858.395988265942,13527.17049549675,13794.509765625,61972
2025-07-22,13858.395126765725,13865.275181083978,13709.982526471993,13828.9091796875,22959
2025-07-23,13929.161404751574,13929.161404751574,13700.153882361854,13733.5712890625,21611
2025-07-24,13792.543083745148,13960.612980938935,13662.804917490294,13922.28125,108160
2025-07-25,13907.539267654265,13907.539267654265,13440.678408846083,13614.6455078125,83665
2025-07-28,13661.82271760886,13906.556088593365,13279.488254504555,13565.501953125,50923
2025-07-29,13567.467718852226,13875.104447047006,13329.614401845398,13821.046875,47610
2025-07-30,13857.413231668215,13877.070531096073,13664.77169727521,13818.0986328125,17412
2025-07-31,13606.782236144185,13820.063928230526,13606.782236144185,13723.7431640625,27343
2025-08-01,13735.536730682003,13793.52575873998,13544.860943508313,13610.712890625,21385
2025-08-04,13479.992694224855,14005.825438768077,13407.260688437567,13660.83984375,48902
2025-08-05,13724.726301820305,13747.332195900932,13563.536448375839,13623.4912109375,22438
2025-08-06,13661.82219084157,13734.55419387195,13299.14504059549,13373.8427734375,49939
2025-08-07,13760.10919357765,14197.484092944938,13411.192139026216,13543.87890625,293772
2025-08-08,13670.668612008401,14127.700814509222,13432.815293717653,13482.94140625,94466
2025-08-11,13591.056290655923,13857.412687442715,13283.419566691842,13806.3037109375,45715
2025-08-12,13663.789075799075,13867.242128503032,13519.3079224296,13568.451171875,25155
2025-08-13,13694.25708890206,13780.749202863404,13576.313297136596,13678.53125,22910
2025-08-14,13730.62371090434,13956.68265532152,13661.82316260346,13893.779296875,26389
2025-08-18,13893.778730827826,14510.03504550164,13892.795865892142,14274.1474609375,94360
2025-08-19,14385.211018543707,14385.211018543707,13465.249450262967,13548.79296875,131464
2025-08-20,13615.627661029013,13636.267824234212,13175.30417931812,13408.2431640625,111820
2025-08-21,13543.878214815237,13543.878214815237,13335.510857664234,13465.2490234375,36999
2025-08-22,13465.250322997417,13612.680071059433,13191.030991602067,13312.90625,33115
2025-08-25,13396.449823165993,13396.449823165993,12973.817877167357,13037.7041015625,61206
2025-08-26,13071.121116666947,13121.247229679206,12619.986099556629,12774.2958984375,92529
2025-08-28,12826.386822687702,12973.816556281814,12678.95708909359,12743.826171875,38487
2025-08-29,12806.730436631266,12816.559086237276,12532.51111262358,12551.185546875,38945
2025-09-01,12551.185090201243,12626.86568941389,12267.137126922607,12329.0576171875,89792
2025-09-02,12384.098560073297,12525.631115045562,12329.058122028526,12403.755859375,44479
2025-09-03,12502.04249812831,12843.09664489329,12433.241949789555,12799.8505859375,53649
2025-09-04,12973.817743240119,12973.817743240119,12629.815000048147,12758.5703125,39931
2025-09-05,12854.890048702711,12854.890048702711,12615.071012699695,12704.51171875,50777
2025-09-08,12712.374951672735,12777.244036782555,12499.093262751057,12552.16796875,61431
2025-09-09,12629.814365664948,12875.530598459985,12557.082360757617,12840.1474609375,55948
2025-09-10,12895.187442546347,13069.154529233138,12728.100410135303,12830.318359375,47841
2025-09-11,12914.845314110333,13032.789106933258,12781.17568224435,12874.5478515625,25540
2025-09-12,12962.023012309817,13016.080584775471,12882.410951042219,12984.62890625,66532
2025-09-15,13051.463623157864,13052.446488104259,12886.342312163775,12971.8515625,51240
2025-09-16,13047.531816803374,13366.962915896489,12932.536621129853,13293.248046875,53962
2025-09-17,13357.134647834251,13642.165482850582,13318.802914849297,13428.8837890625,63527
2025-09-18,13429.866581272741,13468.198314050085,13214.619158753805,13236.2421875,25665
2025-09-19,13238.208331854365,13288.334445517188,12926.640135165833,12979.71484375,95999
2025-09-22,13046.880622570177,13254.303207984647,12980.702940556988,13116.021484375,29040
2025-09-23,13164.420135224274,13181.211487437571,13013.297965304608,13102.193359375,28684
2025-09-24,13052.806820582326,13126.886314456231,12990.580045728244,13040.9541015625,14576
2025-09-25,13062.683420604917,13100.21702892121,12692.285970115174,12740.6845703125,31085
2025-09-26,12738.709936788766,12825.629877429024,12390.042447629548,12542.15234375,32351
2025-09-29,12640.924964078298,12744.636256563705,12168.791651620928,12309.048828125,125091
2025-09-30,12415.723187311178,12534.250377643504,11744.069108761329,12096.6875,103078
2025-10-01,11951.49113832215,12150.024172933947,11793.454891864996,11848.767578125,81652
2025-10-03,11891.240276927643,11891.240276927643,11635.419093131293,11673.9404296875,119815
2025-10-06,11682.830305840642,11838.891109723194,11637.39488192547,11657.1494140625,57423
2025-10-07,11734.192092242947,11998.902822943379,11665.051229746567,11940.626953125,102380
2025-10-08,12099.650216518596,12122.367927129202,11867.534477671095,11944.5771484375,38642
2025-10-09,12001.865771816483,12016.681670637752,11738.142772797884,11762.8359375,33143
2025-10-10,11832.96424975671,11998.902312691527,11742.093405768594,11925.810546875,31215
2025-10-13,11764.811153728675,12247.809445574308,11764.811153728675,12202.3740234375,44409
2025-10-14,12151.0120223313,12210.275615351937,11946.5526264101,12061.12890625,39400
2025-10-15,12074.957476726206,12149.036970448453,11976.184818429878,12067.0556640625,25443
2025-10-16,12067.055956148508,12408.80936212603,12067.055956148508,12347.5703125,46094
2025-10-17,12366.336601145793,12525.360578205256,12173.729920856382,12499.6796875,46744
2025-10-20,12438.440250334688,12520.42155270726,12356.458947962119,12450.29296875,24435
2025-10-21,12641.912053536365,12641.912053536365,12468.072181560243,12575.734375,7414
2025-10-23,12578.697576633112,13024.16224935094,12527.335796186711,12982.677734375,102501
2025-10-24,12982.677734375,13005.395444957063,12794.02196388918,12982.677734375,76553
2025-10-27,12978.727332410928,12995.518684363058,12742.660678495691,12794.0224609375,42072
2025-10-28,12794.022179890342,12913.537094100697,12570.795976489182,12630.0595703125,78709
2025-10-29,12629.071424414573,12635.985510131051,12359.422081471886,12464.12109375,22032
2025-10-30,12544.12767059949,12544.12767059949,12198.423364716828,12293.2451171875,23844
2025-10-31,12380.164837844428,12380.164837844428,12122.368202877347,12152.0,29810
2025-11-03,12152.000033177517,12152.000033177517,11866.547053449947,11978.16015625,42681
2025-11-04,11957.417460559507,12310.035834375776,11858.64480682946,11942.6015625,35113
2025-11-06,11990.012698880124,13087.376905853995,11867.53460557251,12977.7392578125,706323
2025-11-07,12840.445756533189,12840.445756533189,12356.459724171553,12425.6005859375,87011
2025-11-10,12439.428086321497,12995.518130199456,12415.722649282296,12459.1826171875,85196
2025-11-11,12459.182462139324,12478.936992759493,11902.104698650615,12006.8037109375,73726
2025-11-12,12345.594166329154,12346.581892880584,11787.52866477095,11850.7431640625,82679
2025-11-13,11852.718953447125,11984.086588514498,11817.160796586782,11833.9521484375,40621
2025-11-14,11893.215314551015,12486.838967407517,11871.485330586218,12415.72265625,174364
2025-11-17,12419.674234408507,12804.887607354214,11941.614561316912,11975.197265625,110495
2025-11-18,12009.767569487949,12039.399367093398,11682.830069241178,11726.2900390625,85666
2025-11-19,11802.34503743448,11812.222303345798,11535.658857828881,11588.99609375,61239
2025-11-20,11535.6588108267,11664.063267150656,11523.806091781411,11602.82421875,39186
2025-11-21,11602.824016407525,11678.878962288463,11458.615937204708,11498.125,54164
2025-11-24,11577.14270384476,11587.019969183762,11211.68388630167,11332.1865234375,161587
2025-11-25,11358.85597045479,11546.524025618824,11212.672432748066,11497.1376953125,41900
2025-11-26,11546.523430009747,11672.9524290723,11284.775892888054,11589.9833984375,65740
2025-11-27,11595.909566456963,11628.50454224002,11083.279492777989,11107.97265625,112924
2025-11-28,11189.954642200544,11472.444449568306,10963.765250986498,11357.8681640625,198137
2025-12-01,11377.622845219841,11700.60944738903,11161.310717161577,11192.91796875,131948
2025-12-02,11161.309988460494,11161.309988460494,10787.949353448275,10913.390625,359605
2025-12-03,10979.568561614464,11181.064782068705,10850.176380832572,11084.267578125,186376
2025-12-04,11110.936125276157,11239.340578675205,10944.010335857392,10981.5439453125,60360
2025-12-05,10984.50691506867,11127.72726419959,10845.237472120672,11043.7705078125,194196
2025-12-08,10963.764669806482,11034.880981178201,10756.342094972306,10833.384765625,62994
2025-12-09,10853.13925924252,10990.433248779716,10746.46479255175,10927.21875,60470
2025-12-10,10926.231172100184,11027.967007457833,10842.274414766202,10965.740234375,43035
2025-12-11,10952.899764803493,11036.856521950962,10833.384851687682,10849.1884765625,31891
2025-12-12,10899.562814919009,10952.90005026161,10746.465194954128,10766.2197265625,37619
2025-12-15,10771.15837200622,10961.789602248971,10697.078878388571,10926.2314453125,52244
2025-12-16,10896.59907150682,11015.126255025749,10810.666863455597,10932.1572265625,65436
2025-12-17,10939.07157809748,11003.273804063741,10852.151641404698,10936.1083984375,26971
2025-12-18,10969.691686874487,10969.691686874487,10667.447345420895,10806.716796875,29991
2025-12-19,10884.746780532383,11131.67842255898,10827.458639582212,11011.17578125,72371
2025-12-22,11021.052829471624,11197.855881674117,10965.740142749057,11116.8623046875,36705
2025-12-23,11116.862920894195,11171.187884079372,11048.70978526188,11140.568359375,25921
2025-12-24,11102.04678938547,11163.285837511972,11060.562272912675,11086.2431640625,16358
2025-12-26,11061.549812654079,11156.37156299025,11012.163484353989,11018.08984375,14887
2025-12-29,10983.519375,11190.941953125,10983.519375,11111.923828125,21182
2025-12-30,11098.095432440585,11279.837116275497,10779.059759186908,10847.212890625,81987
2025-12-31,10884.747007553187,11358.855770132637,10884.747007553187,11188.966796875,135869
2026-01-01,11210.696734551337,11297.61667399103,11082.29227856088,11202.794921875,37154
2026-01-02,11202.794481675108,11202.794481675108,10936.108314327877,11043.7705078125,58889
2026-01-05,11061.55025467558,11252.181489531582,10963.765320733899,11133.654296875,67952
2026-01-06,11133.65355307646,11203.782137379903,10964.752314824502,11064.5126953125,54515
2026-01-07,11086.243391677086,11108.961103545276,10893.636704098946,11060.5625,47399
2026-01-08,11062.537218975824,11516.891426183758,11001.298173656493,11071.4267578125,287380
2026-01-09,11063.525646549286,11133.654235148964,10880.796225550122,10907.46484375,61206
2026-01-12,10997.347708781701,11024.016326361825,10509.410779723126,10613.1220703125,133197
2026-01-13,10652.631047241995,10845.237728207429,10493.607069624382,10597.318359375,128939
2026-01-14,10666.45903847189,10687.201296070549,10469.901454560795,10609.1708984375,88075
2026-01-15,10609.1708984375,10609.1708984375,10609.1708984375,10609.1708984375,0
2026-01-16,10666.459519646807,10677.324512212424,10490.64418540316,10550.8955078125,52028
2026-01-19,10500.521148337717,10655.59421957175,10376.067600723141,10517.3125,42224
2026-01-20,10557.809305641867,10557.809305641867,10390.883515329071,10430.392578125,45417
2026-01-21,10431.380405369593,10530.153063312682,10410.638147201546,10482.7421875,43298
2026-01-22,10518.30062905726,10654.60690070811,10508.423362995603,10603.2451171875,33459
2026-01-23,10634.852316342536,10652.63139516618,10465.951067517926,10537.0673828125,131490
2026-01-27,10579.539124173756,10612.13410046894,10352.362016661855,10478.791015625,76057
2026-01-28,10452.122360799702,10622.011327541106,10450.146907698057,10572.625,50260
2026-01-29,10617.072757684318,10642.753648157832,10510.398289563573,10595.3427734375,37478
2026-01-30,10509.411009837962,10726.71086154514,10509.411009837962,10667.447265625,66246
2026-02-02,10430.39293335522,10565.711478039848,10272.356676789232,10530.1533203125,46807
2026-02-03,10667.446604443427,10899.562340743816,10667.446604443427,10781.03515625,83810
2026-02-04,10781.035382700575,10949.936624151953,10694.115445579397,10755.3544921875,48360
2026-02-05,10864.992274297585,11171.187511118698,10683.250585345699,10757.330078125,211732
2026-02-06,10781.035848340616,10887.710321233038,10543.981464135233,10864.0048828125,53765
2026-02-09,10896.599794641248,11002.286540292682,10822.520300025757,10964.7529296875,52907
2026-02-10,10927.218968737308,11013.151179736147,10869.930828071418,10944.998046875,33459
2026-02-11,10960.801710878437,11057.59891441688,10879.808132407496,10974.6298828125,28692
2026-02-12,10976.605013816945,11043.770418382728,10864.991915053215,10904.5009765625,24946
2026-02-13,10904.501654259719,10904.501654259719,10688.189529052937,10747.453125,32683
2026-02-16,10747.45324578744,11101.059372245662,10728.686440193289,10996.3603515625,46053
2026-02-17,11067.47638254505,11135.629516895393,10897.587409961583,11079.3291015625,34140
2026-02-18,11098.095256300381,11299.591467788925,11088.217991031335,11272.9228515625,58482
2026-02-19,11248.229879041719,11319.346190184238,10963.764634471643,11050.6845703125,68967
2026-02-20,11050.6845703125,11079.328640078236,10814.617926381083,11050.6845703125,61661
2026-02-23,11082.29257238501,11489.235936005563,11013.151709633945,11359.84375,137005
2026-02-24,11382.561343294903,11416.144047709344,11122.78924738319,11190.9423828125,62913
2026-02-25,11260.083099644009,11308.481702440724,10975.617842389845,11028.955078125,114964
2026-02-26,11046.734042553191,11086.243105652451,10746.465162998813,10816.59375,109416
2026-02-27,10845.237330719525,10924.255453347718,10634.85157922196,10671.3974609375,83861
2026-03-02,10272.356022089762,10588.42851507714,10272.356022089762,10563.7353515625,35739
2026-03-04,10370.140956358264,10549.907186861856,10356.312784781065,10520.275390625,54569
2026-03-05,10527.189297065495,10594.354700724762,10410.63756718618,10532.1279296875,36502
2026-03-06,10469.901640920927,10658.557415771484,10413.601226436731,10430.392578125,29688
2026-03-09,10352.3621015625,10360.2639140625,10074.8109375,10124.197265625,53369
2026-03-10,10181.48555496161,10224.945524346389,9986.903419307027,10162.71875,59081
2026-03-11,10173.584123513807,10291.123590571879,9985.916066866464,10052.09375,66296
2026-03-12,9978.01388755874,9979.001614136403,9640.211397997753,9668.85546875,83281
2026-03-13,9648.11347191905,9735.03341310751,9365.623663056556,9389.3291015625,60848
2026-03-16,9389.329096391211,9572.058518107218,9230.30511316809,9512.794921875,46038
2026-03-17,9511.80639201238,9609.59131753774,9414.02146648702,9544.4013671875,31655
2026-03-18,9544.401689208464,9778.492882455117,9538.475329885765,9737.99609375,32315
2026-03-19,9660.953341935374,9660.953341935374,9511.806633558701,9555.2666015625,74131
2026-03-20,9585.886105729112,9673.793768110349,9353.770367980906,9395.2548828125,42855
2026-03-23,9349.819656768446,9381.426906823019,8976.4590154988,9049.55078125,46331
2026-03-24,9138.446558801676,9320.188254307459,9097.949767955279,9222.4033203125,46884
2026-03-25,9285.617098879558,9543.413722941634,9285.617098879558,9436.7392578125,49122
2026-03-27,9347.844389515027,9414.022070632684,9008.066444672131,9037.6982421875,131105
2026-03-30,8915.219678996113,8978.434177052366,8605.073547907614,8638.65625,108922
2026-04-01,8888.551509587789,9053.501848747825,8723.107307136856,8797.6806640625,71648
2026-04-02,8672.238970843759,8909.293339067277,8482.595476264942,8882.130859375,52733
2026-04-06,8926.085339648245,9077.207510387007,8729.527745027242,9018.931640625,48445
2026-04-07,8965.593639308116,9185.856653692352,8823.361020154169,9123.6298828125,46495
2026-04-08,9383.402306528962,9976.53210495745,9334.015978599862,9847.6337890625,101490
2026-04-09,9839.238446760719,9966.16131383985,9757.751002916142,9790.83984375,54813
2026-04-10,9867.387949526445,9994.310807535869,9802.197999109152,9874.7958984375,42980
2026-04-13,9725.156069903569,9898.995950901235,9674.782013478109,9737.0087890625,39203
2026-04-15,9881.71061599215,10042.710049287838,9820.47156774471,9935.0478515625,53511
2026-04-16,10048.14274865262,10134.074963253306,9974.063253307202,10079.75,81617
2026-04-17,10084.688129949061,10273.343902017648,10025.918399906752,10228.40234375,47900
2026-04-20,10272.356625433193,10367.178378898729,10175.559418770457,10260.50390625,38761
2026-04-21,10247.662960380814,10320.754725110279,10178.028238577745,10202.2275390625,20317
2026-04-22,10227.909108252368,10297.543834677455,10173.58414437464,10248.6513671875,25978
2026-04-23,10223.463640987147,10453.110063529972,10126.172575952874,10249.14453125,50640
2026-04-24,10224.451901905322,10321.742972024405,10084.688587977911,10133.5810546875,32677
2026-04-27,10183.461276393224,10292.111202717497,10129.63017653256,10206.6728515625,20642
2026-04-28,10206.672445412,10264.454449385155,10059.995050710913,10120.740234375,65957
2026-04-29,10227.909068864168,10341.497629261985,10163.706839074099,10179.0166015625,23745
2026-04-30,10227.90821587063,10245.193430141777,9996.286344637248,10140.98828125,28916
2026-05-01,10140.98828125,10140.98828125,10140.98828125,10140.98828125,0
2026-05-04,10271.36907935455,10559.785251214491,10149.878705591631,10248.6513671875,48288
2026-05-05,10248.651191911835,10369.153836997923,10105.430835047222,10340.509765625,28968
2026-05-06,10469.901187924048,10666.458766829415,10384.95670658806,10481.75390625,47202
2026-05-07,10667.44697054591,10671.397876831297,10412.613515138424,10466.9384765625,139708
2026-05-08,10415.576578316784,10706.955913603979,10215.068086576784,10501.5087890625,79849
2026-05-11,10501.509210881295,10531.141008880395,10242.724841689149,10297.0498046875,34410
2026-05-12,10282.233612281185,10395.822168036453,9938.504765300027,9973.0751953125,42479
2026-05-13,9936.52941474439,10069.872503312032,9835.78130338217,9901.958984375,32335
2026-05-14,9950.357177852238,10344.460067862467,9818.001821307449,10229.8837890625,57961
2026-05-15,10178.522171890916,10353.34977251437,10103.454953544122,10181.4853515625,21073
2026-05-18,10124.197705911787,10297.049861866379,9976.038715093566,10239.76171875,30521
2026-05-19,10239.76106139551,10346.435527936525,10143.951586817004,10186.423828125,30959
2026-05-20,10111.35665223031,10369.153280757428,10046.16670018897,10339.521484375,39588
2026-05-21,10410.63830122813,10553.85865736457,10074.811259253029,10274.33203125,78531
2026-05-22,10261.491590737682,10445.208737323226,10242.724785441309,10354.337890625,29263
2026-05-25,10519.287554434963,10609.170668749854,10405.699003377684,10511.3857421875,33285
2026-05-26,10549.907842786664,10796.839493446403,10470.889714575549,10573.61328125,47093
2026-05-27,10573.612661415902,10578.55129413959,10371.128719744695,10426.44140625,30861
2026-05-28,10426.44140625,10426.44140625,10426.44140625,10426.44140625,0
2026-05-29,10440.269813445553,10489.656141796762,10143.9518433383,10233.8349609375,103855
2026-06-01,10321.742935849257,10417.55241573226,10074.811286666261,10143.9521484375,66761
2026-06-02,10168.645275115967,10191.362986755372,9949.369971466065,10114.3203125,31461
2026-06-03,10074.810859298332,10139.013085362487,9936.529141621688,10064.93359375,25913
2026-06-04,10024.437015913523,10151.853744167818,9957.271608771724,10002.70703125,24423
2026-06-05,10063.94597653186,10227.90858641549,10006.657835729147,10073.8232421875,68806
2026-06-08,9968.136492719523,9968.136492719523,9695.523960813995,9746.8857421875,45644
2026-06-09,9816.026297943285,10153.82877267629,9748.860893610406,10127.16015625,57488
2026-06-10,10153.82894245142,10156.792122103887,9851.58461789985,9911.8359375,32889
2026-06-11,9853.560369246174,9898.008065378499,9729.106820075662,9741.947265625,29918
2026-06-12,9835.781538134472,10073.823650073657,9782.444301434405,10036.2900390625,29301
2026-06-15,10153.8294997448,10422.491136313922,10128.148608013926,10159.755859375,62629
2026-06-16,10222.970455064686,10371.129447167072,10168.64549129381,10335.5712890625,32359
2026-06-17,10371.12890625,10467.926109375001,10286.184421875,10371.12890625,39333
2026-06-18,10420.515203493818,10573.612820227612,10371.128875515175,10544.96875,50170
2026-06-19,10608.18380777606,10710.907375374638,10452.123003155148,10545.95703125,56613
2026-06-22,10609.171354405691,10804.741220169803,10558.79729807251,10761.28125,97395
2026-06-23,10785.974383979039,10860.0538783745,10469.901874558407,10484.7177734375,67206
2026-06-24,10499.533500624528,10569.662087505463,10393.846757015232,10453.1103515625,60977
2026-06-25,10453.110437157986,10677.324371697801,10440.2699915676,10468.9140625,34737
2026-06-26,10468.9140625,10468.9140625,10468.9140625,10468.9140625,0
2026-06-29,10468.914086102719,10560.772658610273,10425.454116314198,10462.0,52336
2026-06-30,10545.0,10670.0,10385.0,10603.0,92118
2026-07-01,10649.0,10905.0,10513.0,10719.0,88123
2026-07-02,10780.0,10910.0,10753.0,10858.0,46088
2026-07-03,10939.0,11218.0,10921.0,11079.0,65821
2026-07-06,11111.0,11148.0,10787.0,10819.0,43332
2026-07-07,10923.0,10943.0,10710.0,10759.0,37791
2026-07-08,10650.0,10728.0,10276.0,10336.0,56531
2026-07-09,10392.0,10611.0,10388.0,10581.0,48069
2026-07-10,10687.0,10695.0,10493.0,10654.0,23369
2026-07-13,10150.0,10915.0,10132.0,10752.0,83705
2026-07-14,10635.0,10714.0,10459.0,10486.0,29082
2026-07-15,10480.0,10577.0,10458.0,10531.0,42422
2026-07-16,10531.0,10559.0,10380.0,10417.0,60178
2026-07-17,10444.0,10533.0,10345.0,10398.0,68257
2026-07-20,10369.0,10446.0,10285.0,10299.0,67812
2026-07-21,10299.0,10525.0,10299.0,10446.0,109643
2026-07-22,10446.0,10544.0,10304.0,10425.0,41630
2026-07-23,10446.0,10700.0,10378.0,10636.0,108337
2026-07-24,10625.0,10750.0,10555.0,10679.0,73470
2026-07-27,10694.0,10829.0,10631.0,10810.0,69044
2026-07-28,10800.0,10886.0,10741.0,10831.0,50011
2026-07-29,10875.0,10968.0,10810.0,10949.0,25720
2026-07-30,10875.0,10990.0,10875.0,10970.0,39575
2026-07-31,11000.0,11467.0,10951.0,11343.0,89978
2026-08-03,11313.0,11629.0,11257.0,11599.0,46101
2026-08-04,11530.0,11598.0,11364.0,11475.0,26227
