date,open,high,low,close,volume
2021-07-23,61.117243980628814,62.777110751961516,60.90444021536793,61.92589569091797,2440865
2021-07-26,62.053579904393146,62.053579904393146,60.86187750749321,61.1598014831543,1260084
2021-07-27,61.28748086863324,62.09613253239231,59.797854597520626,60.3085823059082,2044140
2021-07-28,60.73418662579333,60.77674997186571,59.03175669097499,59.49992752075195,1878525
2021-07-29,59.88298451015579,61.28749080665964,59.372256718951526,60.989566802978516,2677815
2021-07-30,60.989564610365214,64.01137438800389,60.8618810435904,63.330406188964844,4353217
2021-08-02,64.3518625458579,64.94771703356625,62.64943228541586,63.160160064697266,4479220
2021-08-03,63.24528493815232,65.24563913728306,63.07503802049394,63.287841796875,7526644
2021-08-04,63.41552392135754,63.79856811244198,61.11724578633949,61.798213958740234,4163795
2021-08-05,61.28748086863324,61.8407719253261,60.09577855289212,60.3085823059082,2215337
2021-08-06,60.60650730948077,61.202361724784325,59.4148114673842,60.35114669799805,3527252
2021-08-09,60.43627123779433,60.77675857178799,58.733841062081815,59.329689025878906,2008718
2021-08-10,59.24456138234006,59.9255359648833,56.94628353120272,57.371891021728516,2212138
2021-08-11,57.797506102146244,57.84006296023438,56.180196126914225,57.41445541381836,2024384
2021-08-12,58.18054786686323,59.287130039041344,57.54213657389636,58.60615539550781,1943902
2021-08-13,58.563601351791,58.8615253372993,57.88262667555276,58.223114013671875,1052480
2021-08-16,58.13798590154624,58.563593392789606,57.414447971028565,57.66981506347656,796042
2021-08-17,57.41445424485837,57.62725801373369,56.350435400481786,56.77604293823242,1220698
2021-08-18,56.69092272953342,57.62725801373369,56.52068231213543,56.77604293823242,1481974
2021-08-20,56.18018845496023,56.563232596723914,54.47775850177962,54.60544204711914,2067455
2021-08-23,55.328980712890626,55.45666427492537,52.86045565915667,53.20094299316406,1924760
2021-08-24,52.945575648656586,54.39264185272348,52.775331992802656,54.052154541015625,1519655
2021-08-25,54.477762461472146,55.669464814167924,54.17983849686204,55.2012939453125,1719411
2021-08-26,55.96739196777344,56.47811972109969,55.41410086239677,55.96739196777344,2186113
2021-08-27,55.58434086037115,58.308226202034284,55.073606676336254,57.371891021728516,2313695
2021-08-30,58.35079157481522,58.35079157481522,57.45701321597576,57.840057373046875,1798366
2021-08-31,58.26567318958843,58.26567318958843,56.18019871382318,56.47812271118164,3740761
2021-09-01,56.35043699889178,56.81860790139965,53.796794947080386,54.09471893310547,6550446
2021-09-02,53.20094311991808,53.20094311991808,50.22169030520267,50.732418060302734,20950755
2021-09-03,51.072901953465966,52.349724502302614,50.349370474642924,50.47705078125,10983099
2021-09-06,51.66875676392661,51.66875676392661,50.774981566231496,50.98778533935547,5921285
2021-09-07,51.24314518432046,51.24314518432046,49.15766772242828,49.327911376953125,7600953
2021-09-08,49.32790976409729,50.09400131371905,48.7746187167642,48.944862365722656,7441491
2021-09-09,49.20023045987038,49.327914019385766,48.519259052419876,48.68950271606445,5585134
2021-09-13,48.90230618590197,48.90230618590197,47.71060379477815,47.838287353515625,5607025
2021-09-14,47.92340604124086,48.263893355656165,47.62548207647322,47.7531623840332,5561610
2021-09-15,47.923410537536945,48.85974911646487,47.540363084663156,48.34901809692383,10023714
2021-09-16,48.944865522232064,51.45595057671125,48.689501655889444,51.11546325683594,21060444
2021-09-17,51.924120137619866,52.73277511705755,48.9448673428384,49.58327865600586,17871450
2021-09-20,48.944863273274755,49.327910678751984,47.07218959426307,47.62548065185547,6615910
2021-09-21,47.625481180975335,47.88084503842139,46.34865864661743,46.56146240234375,8907778
2021-09-22,46.98707513919408,47.75316679672874,46.263540340984264,46.3912239074707,6817850
2021-09-23,47.02963233862887,47.45523987110515,46.3061008322703,46.476341247558594,5921861
2021-09-24,46.85939291341602,46.94451637588514,45.49744998519102,45.923057556152344,6334580
2021-09-27,46.00817121540689,46.306098420902536,45.071835991569394,45.19951629638672,6480025
2021-09-28,45.6251310344729,45.96561839551314,44.90159945117256,45.15696334838867,7944198
2021-09-29,45.02928020889175,47.455241951507794,44.85903653901232,46.90195083618164,19661029
2021-09-30,47.327555661796076,49.28535288197108,47.02963169201,47.242435455322266,18235786
2021-10-01,47.15731274597602,48.34901180899867,46.56146159090091,48.178768157958984,13022709
2021-10-04,48.73206201285474,49.32791320217545,48.51925824860646,49.20022964477539,8897221
2021-10-05,49.37046986455503,49.7960773633874,48.7746187167642,48.944862365722656,6895984
2021-10-06,49.28535205177442,49.710959571229715,47.582921973953226,47.7531623840332,8508015
2021-10-07,48.5192573893863,48.68950104719565,47.880846107947,48.00852966308594,3860147
2021-10-08,48.434134665974824,49.24278631605431,47.242432370393175,48.944862365722656,9076192
2021-10-11,49.32791608135675,50.051447623181005,48.94486863392651,49.1151123046875,8307657
2021-10-12,49.02999136208765,50.56218123044448,48.73206735831166,49.88120651245117,14028096
2021-10-13,50.647297790784876,51.41339266966471,50.2216902463245,50.43449401855469,19093199
2021-10-14,50.860100738604444,52.09436324695848,50.47705330537349,50.945220947265625,15139531
2021-10-18,51.498509508255474,53.32862312847429,51.24314564772271,52.94557571411133,24206735
2021-10-19,53.45630771172667,53.96703872077877,51.07290607753401,51.328269958496094,13669837
2021-10-20,51.4985129400807,52.09436415244936,50.051446637793354,50.732418060302734,11046290
2021-10-21,51.2857096457968,53.28606382690617,50.732418533339526,52.136924743652344,16145454
2021-10-22,52.605088951522085,53.41374389092982,51.24314618303471,51.88155746459961,12534305
2021-10-25,52.392286625630604,53.37118524968586,50.73241659868499,52.009239196777344,14912840
2021-10-26,52.2220441301546,53.839354089398746,51.96668025425496,52.64765167236328,13826130
2021-10-27,53.07325523413701,55.07360923364237,52.69021107257936,53.456302642822266,21745209
2021-10-28,53.286061838013225,53.286061838013225,50.2216888989616,50.604736328125,10323547
2021-10-29,50.60473789830674,51.66875676392661,48.39157670954067,50.98778533935547,13745789
2021-11-01,51.413387298583984,51.88155489915605,50.774976048587305,51.413387298583984,5215816
2021-11-02,51.79643725887735,53.92447499748575,51.28570950046249,53.24350357055664,20875822
2021-11-03,53.88190765475628,54.307515145310646,52.94557247438768,53.28605651855469,13309695
2021-11-04,53.881913586263245,54.05215725065149,53.54142950461457,53.711669921875,2090104
2021-11-08,54.0521549387563,54.43520235546436,53.03069624324404,53.796791076660156,8960699
2021-11-09,54.009592041001284,55.79714547741505,53.75422819212147,55.28641128540039,18959426
2021-11-10,55.24385915006725,56.009954009258806,54.52032764193017,54.733131408691406,13374524
2021-11-11,54.90337408594338,55.031057650110704,52.647652766506944,52.98814010620117,8901813
2021-11-12,53.456305690718665,53.49886579474864,52.09436287899286,52.562530517578125,5821598
2021-11-15,53.07325713480122,53.20094069131145,51.62619414569973,52.222042083740234,4614352
2021-11-16,52.17948688107523,52.60509444657687,50.60474018757038,50.90266418457031,5125242
2021-11-17,50.81753674223178,51.75387195430348,50.47704943940885,50.64729309082031,3951051
2021-11-18,50.90265917977034,51.41339015643354,50.008884029519365,50.26424789428711,4595163
2021-11-22,50.51961011311543,50.73241386800998,47.92340495282742,48.4766960144043,7907691
2021-11-23,47.965964171031,50.05144158001659,47.75316042005548,49.796077728271484,4410488
2021-11-24,50.6898546875747,51.37082606618612,49.540715689113426,49.66839599609375,6640369
2021-11-25,49.7960837406035,50.30681150575851,48.859748422109995,49.1151123046875,5157952
2021-11-26,48.68950064488423,49.11510816232705,48.093649471038745,48.263893127441406,4476910
2021-11-29,48.3064540263244,48.51925778855491,46.26353661006048,46.689144134521484,5387964
2021-11-30,46.98706876931154,47.96596407353264,46.05073031864598,46.22097396850586,4918548
2021-12-01,46.81683036019628,46.98707402911348,45.62512792490375,46.05073547363281,6598767
2021-12-02,46.0507307931627,46.561461748005016,45.582563186569594,46.26353454589844,5969700
2021-12-03,46.391222811467216,46.90195057109092,45.96561526273816,46.05073547363281,4572992
2021-12-06,46.34865878441826,46.47633908995709,45.667687413494946,45.7528076171875,3721794
2021-12-07,46.17842144930352,46.39122523478419,45.83793409368324,45.923057556152344,4130803
2021-12-08,46.263532356211705,47.02962712865157,46.13585205889001,46.64657974243164,5244866
2021-12-09,46.90194789675199,47.24243521517189,46.391220166249866,46.689144134521484,4716248
2021-12-10,46.8168289102297,48.94486658796742,46.60402514245593,48.68950271606445,9649608
2021-12-13,49.285354393893265,50.05144601704209,48.56181962815912,48.73206329345703,5895670
2021-12-14,48.30645451175749,48.56181837957471,47.66804321865056,47.79572677612305,5048826
2021-12-15,47.79572949821553,48.17877369819286,47.1573181687494,47.45524215698242,2450234
2021-12-16,47.92340660488395,47.965966707904514,46.43378026927043,46.689144134521484,3348844
2021-12-17,46.64658586613373,46.901949741428375,44.518548160131935,44.85903549194336,6252100
2021-12-20,44.60366862798938,44.60366862798938,41.53929258839795,42.177703857421875,8348746
2021-12-21,42.901241833915016,43.922697344190425,42.560754499071294,43.24172592163086,4840284
2021-12-22,43.41196318680184,44.22061805245207,43.41196318680184,43.880130767822266,3641393
2021-12-23,44.30574438953175,45.19951957662694,44.09294061893158,44.85903549194336,3880884
2021-12-24,45.24207665921406,45.24207665921406,43.70988712550737,43.880130767822266,3560899
2021-12-27,43.41196536941574,43.795012772100804,42.901237663920696,43.49708557128906,3252759
2021-12-28,43.66733216914031,43.92269603912157,43.28428474060452,43.70989227294922,3332730
2021-12-29,43.795015727694825,44.263183363848434,43.539651857713565,43.70989227294922,3053199
2021-12-30,43.752457401324214,43.83757761240004,43.24172639348552,43.28428649902344,2802538
2021-12-31,42.943801684915464,43.92269708432584,42.901241580093775,43.75245666503906,2777199
2022-01-03,43.96525984112818,44.94415522728748,43.75245607277253,44.81647491455078,4204439
2022-01-04,45.02927827504618,45.36976235305454,44.51854728734197,45.07183837890625,4090067
2022-01-05,45.071840059832724,46.178419037102685,44.85903628546819,46.05073547363281,5343001
2022-01-06,45.7528138783422,46.34866512711367,45.41232652272191,45.923057556152344,4967189
2022-01-07,46.09329565314824,47.11475110207872,45.79536844127045,46.34865951538086,6613802
2022-01-10,46.39121993604105,47.412678639104186,46.26353638048526,47.19987487792969,5548302
2022-01-11,47.15731356780296,47.24243377124244,46.47633895177665,46.56146240234375,3094992
2022-01-12,46.987069433336366,47.157313085602134,46.3486581726854,46.51890182495117,3600004
2022-01-13,46.73170781631759,46.73170781631759,46.050733174645025,46.13585662841797,5021357
2022-01-14,45.96561162708474,46.73170645305388,45.79536797163297,46.30609893798828,3221669
2022-01-17,46.561461748005016,47.32755330957713,46.0507307931627,46.26353454589844,4734738
2022-01-18,46.47634038644629,46.604023942674566,45.11439760660735,45.28464126586914,4661053
2022-01-19,45.3697640450919,46.263539247997336,44.944156496362844,46.05073547363281,4250299
2022-01-20,46.17841560942945,46.561463024278815,45.45488412914659,45.79536819458008,3742604
2022-01-21,45.454885573844535,45.540005781126375,44.3057432927731,44.51854705810547,4196698
2022-01-24,44.26318143803418,44.773909155775826,43.07147910046682,43.539649963378906,5174254
2022-01-25,43.497085073913205,44.81647091775582,42.858673825780656,44.56110382080078,5523751
2022-01-27,44.050378938112814,47.668042908875705,43.837575175126766,46.94451141357422,12318436
2022-01-28,47.540356454850865,48.902302403233435,46.81682500364553,47.02962875366211,13957307
2022-01-31,47.66804012162351,48.17876782407561,45.752806366736856,46.22097396850586,14917995
2022-02-01,46.731706138707565,47.582921163112964,45.96561131789165,46.8593864440918,11296542
2022-02-02,47.1998751046009,49.28535262355177,47.02963144541819,49.15766906738281,15904957
2022-02-03,49.58327730394822,50.7324163374633,48.94486600818923,49.75352096557617,17408255
2022-02-04,50.13656428092071,50.56217177652402,47.83828315523735,48.09364700317383,17236563
2022-02-07,48.519257780793424,50.56217519673055,47.83828639119029,49.15766906738281,21473785
2022-02-08,49.45559577013094,49.796083107322765,47.49780169909767,48.81718444824219,12214209
2022-02-09,49.02998422752126,49.32791143507268,48.09364899722285,48.22133255004883,5690067
2022-02-10,48.43413516929373,49.115106525076555,47.668040364583334,47.88084411621094,6821612
2022-02-11,47.45523914588965,48.008530228504476,46.859387960103156,46.94451141357422,4763279
2022-02-14,45.96561579013972,45.96561579013972,44.2631855756901,44.390869140625,7844973
2022-02-15,44.47598397741299,45.62512293443771,43.8801328249408,45.41231918334961,6126993
2022-02-16,45.837922719145254,46.13584989316532,44.859027497120856,45.1143913269043,6023209
2022-02-17,45.284637058722616,45.7102445437724,44.30573854425714,44.43342208862305,4528693
2022-02-18,44.263178545184054,45.19951371555813,44.05037480217836,44.731346130371094,4048923
2022-02-21,44.73135100000205,44.73135100000205,43.41196829915904,43.70989227294922,3767416
2022-02-22,42.560751522706305,42.98635903793337,42.220264211673594,42.730995178222656,4096988
2022-02-23,43.41196823120117,43.83757576287961,43.11404425787737,43.41196823120117,2991216
2022-02-24,42.05002210942547,42.22026251095655,36.72992838339125,37.666263580322266,9879327
2022-02-25,39.32613673027562,41.41161429307959,39.15589306751305,39.83686447143555,10832499
2022-02-28,39.15589353240653,40.17735227398183,38.985649867622676,39.879425048828125,5337520
2022-03-02,39.62406425043838,40.858326857002616,39.45382057244192,40.64552307128906,4888063
2022-03-03,41.15624627135698,41.49673358940316,39.96454715245075,40.04966735839844,4374803
2022-03-04,39.83685969957438,40.305027280746124,39.411252217213274,39.751739501953125,4254099
2022-03-07,39.02820322006009,40.09222188197152,38.34723192586223,39.368690490722656,5200513
2022-03-08,39.58150308422513,40.51783841747389,39.49638287106724,40.30503463745117,4069886
2022-03-09,40.773199084327956,41.24136667669812,40.219908045173,40.94343948364258,3650384
2022-03-10,42.3479476535608,42.81611526965202,40.68807769912133,41.369049072265625,6526938
2022-03-11,41.36905058753233,41.794658117227634,41.1136867191407,41.45417404174805,2835461
2022-03-14,41.45417165594494,41.922339262239866,40.94344070142791,41.581851959228516,3272209
2022-03-15,41.709536444916615,41.922340202288645,40.00710638594043,40.26247024536133,5049202
2022-03-16,41.07112369090733,41.41161098926845,40.7306363925462,41.24136734008789,3188507
2022-03-17,41.62441358339897,41.879777426516725,40.645515063132244,40.90087890625,4434530
2022-03-21,40.98600699171389,41.454174631614904,40.17735202436061,40.39015579223633,3195326
2022-03-22,40.688079833984375,40.8157633937667,40.00710842511019,40.688079833984375,2787479
2022-03-23,40.9008815174774,41.36904913427032,40.17735004126358,40.26247024536133,3644054
2022-03-24,40.347596572732265,40.68808066052205,40.00710923781461,40.17735290527344,2940010
2022-03-25,40.51783587535804,40.51783587535804,39.75174426361816,39.83686447143555,3292493
2022-03-28,39.921986245060516,39.964546347176785,38.90052755863176,39.15589141845703,4142874
2022-03-29,39.32613587892663,39.62405984696571,38.34723727457931,38.645164489746094,4689148
2022-03-30,39.15589081149263,40.77320064386185,38.730283302672056,39.9219856262207,6841967
2022-03-31,40.00710440589645,40.4327118995762,38.9005255717546,39.02820587158203,4568692
2022-04-01,38.985648016950755,41.36904946939975,38.985648016950755,41.113685607910156,6312197
2022-04-04,41.3690493225302,42.220264355891956,41.3690493225302,41.922340393066406,4558914
2022-04-05,42.22025924609983,43.83756891260006,41.879775222239495,43.19915771484375,7772528
2022-04-06,43.11403805261814,44.60366419909578,42.688430582195956,44.348297119140625,6394097
2022-04-07,44.47598893685247,45.71025148021941,42.94380240759222,43.28428649902344,8484966
2022-04-08,43.49708655620762,44.85903254691265,43.49708655620762,44.6462287902832,6653342
2022-04-11,44.518549458431956,45.19952089478622,44.2631855756901,44.390869140625,3817247
2022-04-12,44.34830350204263,44.43342695665499,42.90124049203815,43.41196823120117,3440331
2022-04-13,43.8375705653791,44.007814207291496,43.369402985465584,43.58220672607422,2623329
2022-04-18,43.19916125768974,43.19916125768974,42.34794625753822,42.645870208740234,2064525
2022-04-19,42.98635780964946,43.284281762944524,41.28392779738612,42.09258270263672,3305214
2022-04-20,42.26283160280719,42.81611947724082,42.050027824841656,42.22026824951172,2614259
2022-04-21,42.56075715301479,42.81612104650726,42.39051347497711,42.60331726074219,1733196
2022-04-22,42.305387410077714,42.64587147194723,42.05002355189367,42.177703857421875,1448552
2022-04-25,41.70953838641827,41.87978204966594,41.32649095589295,41.496734619140625,1920086
2022-04-26,42.135147036201516,42.56075458202173,41.62441928006841,41.837223052978516,2380972
2022-04-27,41.66697875720593,41.794659070750825,41.07112755261292,41.5392951965332,1419803
2022-04-28,41.62441617843142,41.87978003746957,41.11368521322747,41.369049072265625,1590974
2022-04-29,41.581855652937264,41.87978288131891,40.85832412867643,40.98600769042969,2023278
2022-05-02,41.07112630894297,41.11368641216918,40.3050314623603,40.60295867919922,1515510
2022-05-04,40.85832410799388,40.94344431770106,39.15589393682747,39.624061584472656,2966841
2022-05-05,39.964551155517114,40.21991504606653,38.68772845564199,38.943092346191406,2431280
2022-05-06,38.64516369880648,39.41125527828231,38.13443273202827,39.15589141845703,2936589
2022-05-09,39.07077681925979,39.07077681925979,38.219561666309716,38.730289459228516,2093620
2022-05-10,38.985646545789876,39.241010397643066,38.30467519180551,38.517478942871094,2160619
2022-05-11,38.56004538444611,38.64516884714652,36.687371417702224,37.325782775878906,3298635
2022-05-12,37.11298039506783,37.11298039506783,34.47421464687441,34.89982223510742,4639508
2022-05-13,35.580787265903055,36.98529335088549,35.3679835104286,35.836151123046875,3817134
2022-05-16,36.432001766637505,37.11297312498887,35.96383416071642,36.900169372558594,2017686
2022-05-17,37.19809476533148,38.26211347574069,37.07041122123141,38.134429931640625,1984117
2022-05-18,38.134435102944806,39.07077364335561,37.66626745630332,37.96419143676758,2214315
2022-05-19,37.198095706785075,37.325776006989216,36.772488211849605,37.112972259521484,1739318
2022-05-20,37.964189218565,38.474920187255265,37.7513854600593,38.34723663330078,1698052
2022-05-23,38.90053093354968,39.96454981440647,38.00675572305557,39.411258697509766,2756798
2022-05-24,39.666617665897625,41.19880726223801,39.15588996520252,40.134788513183594,9403078
2022-05-25,40.77320009661902,40.77320009661902,38.304675279740295,38.81540298461914,3316371
2022-05-26,39.11333171397397,39.368695576395325,37.66626549741606,38.90052795410156,3593193
2022-05-27,39.32613868653922,40.13479368954182,38.77284756681956,39.96455001831055,3164732
2022-05-30,40.390153738098086,41.62441617843142,40.26247018501519,41.369049072265625,3559557
2022-05-31,41.02856532485208,41.87978035961197,40.68807801209706,40.81576156616211,2292211
2022-06-01,40.77320146384965,41.113685529477,40.30503059702958,40.81576156616211,1578253
2022-06-02,40.773201541633256,41.49673302370839,40.51783443301599,41.113685607910156,2277858
2022-06-03,41.45417414539268,41.62441780712199,40.13479144946404,40.34759521484375,2101572
2022-06-06,40.47527528986308,40.56039874379543,39.45381657256904,39.79430389404297,1059376
2022-06-07,39.4963823577705,40.219913901593486,39.283578580513385,39.96455001831055,1220243
2022-06-08,40.177351796960686,40.51783587535804,39.624060704764275,39.83686447143555,1494680
2022-06-09,39.70918456724437,40.00710854479062,39.19845357371503,39.58150100708008,1250659
2022-06-10,39.28357696533203,39.496380733839516,39.070773196824554,39.28357696533203,1257265
2022-06-13,38.38979808974263,38.517481648201034,37.879070350164554,38.17699432373047,1443357
2022-06-14,37.453464093924566,38.43236274977602,37.453464093924566,37.70882797241211,1742941
2022-06-15,37.83650588989258,38.09186973027903,37.62370214838264,37.83650588989258,972030
2022-06-16,38.30467667498232,38.51748043428777,35.83615176818794,36.13407897949219,2138593
2022-06-17,35.96383749555105,36.47456524989116,34.729574967579936,35.45310974121094,2110256
2022-06-20,35.66590988309092,35.836150285790985,34.38908738007517,34.94237518310547,2040547
2022-06-21,35.32542404470591,36.432002943668756,35.32542404470591,36.13407897949219,1798720
2022-06-22,36.09151429101621,37.79394414913721,35.24029936195571,37.45345687866211,4711196
2022-06-23,37.964187436722014,37.964187436722014,36.3894409965414,37.36833953857422,2306111
2022-06-24,37.49602683802528,39.15589703570355,37.41090662158152,38.730289459228516,2295336
2022-06-27,39.58150119687699,39.66662140597613,38.43236213839944,38.77284622192383,1299777
2022-06-28,38.64516240226193,38.772842704327076,37.96418780273768,38.21955490112305,1271193
2022-06-29,38.04931668542734,38.21956035962253,37.453465449308204,37.5385856628418,1358709
2022-06-30,37.538580980688266,38.13443214248743,37.45346077777164,37.75138473510742,1149518
2022-07-01,37.623709312598834,38.3046807656741,37.36834542358661,38.09187698364258,1053018
2022-07-04,38.21955985691739,39.0707749695692,38.09187629116843,38.85797119140625,1497489
2022-07-05,39.15588941853695,39.45381336526178,38.9005255717546,39.02820587158203,1429722
2022-07-06,39.02820811256692,40.00710670308933,38.73028414873541,39.70918273925781,1725570
2022-07-07,40.55405515887073,41.443398503517685,40.37618920400185,40.909793853759766,3191027
2022-07-08,41.13213356726808,41.26553643857068,40.02045428166624,40.687461853027344,1557552
2022-07-11,40.46512214086389,41.532334831885315,40.1538533275798,41.35446548461914,2423291
2022-07-12,41.35446548461914,41.532334831885315,40.731924465475345,41.35446548461914,2124174
2022-07-13,41.71020515526182,41.88807111411482,40.82086179069398,41.04319763183594,1980793
2022-07-14,41.087667074359196,41.57680528150881,40.28725663169549,40.687461853027344,1208839
2022-07-15,40.9097929472603,40.9097929472603,40.109382597783686,40.554054260253906,790116
2022-07-18,40.909794694463905,42.06594038774884,40.731925343364146,41.710205078125,3021071
2022-07-19,41.71020502805659,42.2882761777173,41.53233567717034,42.154876708984375,2337191
2022-07-20,42.688480377197266,42.95528270103963,42.28827519514592,42.688480377197266,2736221
2022-07-21,42.64401843009001,44.155902949641224,42.33274619197819,43.71123123168945,4096964
2022-07-22,43.80016091723211,44.378235464032976,43.31102274286446,43.622291564941406,2748317
2022-07-25,43.62229406468177,43.62229406468177,42.732950644840855,42.91082000732422,1583087
2022-07-26,42.910818805660604,43.044221671931325,41.087665524557025,41.310001373291016,2774840
2022-07-27,41.35446306487788,43.13314964831349,41.176593728019235,42.73294448852539,2848851
2022-07-28,42.86634972395071,43.311021394546515,42.37721156481045,42.688480377197266,2010471
2022-07-29,42.86635214616193,43.311023841884406,42.2438110936353,42.42168045043945,2128517
2022-08-01,42.64401843009001,43.933567090665335,42.24381320541822,43.71123123168945,3184117
2022-08-02,43.53335794957767,46.24585450654243,43.22208573946901,44.822906494140625,16733540
2022-08-03,44.5116349066219,44.64503776890235,43.44442218610547,43.844627380371094,3324877
2022-08-04,44.02249920184796,44.467170910957535,42.777417059310785,43.355491638183594,3217118
2022-08-05,43.755696854897394,44.02249920184796,42.95528642146979,43.355491638183594,2595425
2022-08-08,43.355488765030806,43.80016044467215,42.91081708538947,43.26655578613281,1433148
2022-08-10,43.31102282389934,43.53335866653478,42.7329482760169,42.955284118652344,1320089
2022-08-11,43.3999533586545,44.20036370407514,43.222084016052634,43.66675567626953,3035252
2022-08-12,43.75569296590209,44.200364635489365,43.488890642664856,43.8001594543457,2103438
2022-08-16,44.20036370407514,44.2892966790883,43.3999533586545,43.66675567626953,2116380
2022-08-17,43.80016215856385,45.44544608058618,43.75569566737489,45.00077438354492,4163085
2022-08-18,44.91183942598176,45.979052130460815,44.55610072696352,45.267578125,4653861
2022-08-19,45.71224798192218,45.89011393177184,44.02249431774616,44.333763122558594,2839285
2022-08-22,44.24483505640274,44.28930154879852,43.222088768420356,43.355491638183594,1570820
2022-08-23,43.133151969131156,43.711226496881714,42.95528262270209,43.577823638916016,1918402
2022-08-24,43.48889204227849,44.333765527624585,43.355489180078735,44.06696319580078,1752669
2022-08-25,44.422697502486116,46.60158921641118,44.244828168019204,45.9345817565918,9369040
2022-08-26,46.245854365005805,47.31306706732877,45.890115666706265,46.15692138671875,4897072
2022-08-29,45.089708775490884,45.71224980248497,44.46716774849679,45.267578125,2230074
2022-08-30,45.712249710132156,46.42372371415558,45.53438036098239,46.15692138671875,2617837
2022-09-01,45.84565115420297,46.86839741147821,45.66778179738434,45.89011764526367,2919668
2022-09-02,46.15692147996994,46.423723807945784,45.04524228625752,45.267578125,1944978
2022-09-05,45.267578125,46.067985108927545,45.00077240444849,45.267578125,3405749
2022-09-06,45.623312484793416,46.201387010559536,44.95630498240587,45.356510162353516,4416307
2022-09-07,45.089702620277876,45.75671004545188,45.00076626137622,45.53437423706055,2631352
2022-09-08,45.97905389238319,47.13519961963261,45.801184536058095,46.77946090698242,7345847
2022-09-09,47.135198223179216,47.49093692529009,45.97905253018241,46.290321350097656,4680889
2022-09-12,46.64605712890625,46.91285944248109,46.29031844908947,46.64605712890625,4294747
2022-09-13,46.91286181116459,47.3575334870998,46.60159299504021,46.82392883300781,5055236
2022-09-14,45.80118678433528,47.57987364974636,45.44544805422268,47.17966842651367,6800826
2022-09-15,47.579864501953125,48.424741279101,46.77945420937613,47.13519287109375,5534460
2022-09-16,47.00179300644461,47.0907293738035,45.22310637017309,45.44544219970703,4546535
2022-09-19,45.578843568881275,47.26859717529435,45.35650774659405,46.734989166259766,5056765
2022-09-20,47.090728793863946,47.490933960611464,46.290318460368894,46.42372131347656,4406321
2022-09-21,46.55712225287196,46.912860944075284,45.89011475129744,46.02351760864258,2279941
2022-09-22,45.89010949494156,46.601586795854,45.400971394995665,45.53437423706055,4175237
2022-09-23,45.53438202130843,45.75671786770879,44.02249758727084,44.42270278930664,3019475
2022-09-26,43.800160571386904,43.97802992227316,41.75467151763423,42.154876708984375,3113162
2022-09-27,42.55507762066679,42.866349826372954,41.13212962839055,41.57680130004883,3889659
2022-09-28,41.08766608205637,42.02147598089441,40.90979672214059,40.99872970581055,2669603
2022-09-29,41.39893413060475,44.2448336574375,40.77639307902012,42.86635208129883,4034029
2022-09-30,42.3772138952594,43.93356482793308,41.97700869119958,42.86635208129883,4214203
2022-10-03,42.82188475939513,43.04422060260575,41.84360501372298,42.065940856933594,1949872
2022-10-04,42.688480377197266,42.95528270103963,42.24380870660146,42.688480377197266,3105252
2022-10-06,43.13315200805664,43.5333571897393,42.95528266146706,43.13315200805664,1766243
2022-10-07,42.82188225038627,43.5778227159802,42.688479395245906,43.444419860839844,1640232
2022-10-10,42.86634881260717,43.04421815557909,42.243807808493216,42.332740783691406,2561677
2022-10-11,42.42167908994836,42.64401493067915,41.621268706287275,41.710205078125,1460402
2022-10-12,41.93253707885742,42.510608176274815,41.71020125848718,41.93253707885742,1835280
2022-10-13,41.97700798996344,42.19934383377407,41.04319812447391,41.176597595214844,1699594
2022-10-14,41.71020323310822,42.06593852699639,41.17659520341264,41.443397521972656,1973949
2022-10-17,41.576802216656255,41.9770074084868,41.08766404556367,41.710205078125,3043504
2022-10-18,41.97700546060706,43.53335627350242,41.888069092896295,42.77741241455078,6650448
2022-10-19,43.22208260544012,43.75569061583069,43.04421666121869,43.177616119384766,4604215
2022-10-20,42.86635189454008,44.46716931122917,42.77741552037215,44.20036697387695,4755561
2022-10-21,43.8890960644458,46.245857465385214,43.8890960644458,44.911842346191406,7941385
2022-10-24,45.35651393983422,45.97905500575889,45.35651393983422,45.57884979248047,1271612
2022-10-25,45.445444918281105,51.18171034191872,44.9118402525093,50.203433990478516,33792078
2022-10-27,50.24789570843889,51.715313488812846,49.625354729111294,50.95936965942383,16947608
2022-10-28,50.692571926700886,52.56019164065432,50.425769595075494,52.2044563293457,20684616
2022-10-31,52.96039809759067,54.027610842123075,51.84871886215603,53.58293914794922,17616159
2022-11-01,53.805272479569915,55.450556314063704,53.44953378383176,54.96141815185547,22673305
2022-11-02,55.13928610379578,55.27268895946422,52.69359196209516,54.249942779541016,14712379
2022-11-03,54.07207688190965,57.629453798197574,53.62740519144563,56.91797637939453,45789813
2022-11-04,58.16305257938572,60.47534377859599,58.1185827007823,59.54153060913086,51275333
2022-11-07,61.27575671836709,63.143376352030735,60.56427934118517,62.83210754394531,37785088
2022-11-09,63.36571273618158,69.10197454350174,61.720428920412715,68.43496704101562,66064082
2022-11-10,67.59009383638063,68.9241088463092,64.25505631155923,65.54460144042969,28076509
2022-11-11,67.01201632537038,67.59009082763694,65.81140422690966,66.34500885009766,17506025
2022-11-14,65.90033617631603,67.9902915426781,64.74419397489167,66.7452163696289,12588052
2022-11-15,67.14542401760114,67.14542401760114,65.36673728865806,66.03374481201172,8312658
2022-11-16,65.98927681767074,67.14542593862154,65.36673915879051,65.85588073730469,10919208
2022-11-17,65.67800037318912,67.01201530338992,65.2777986081892,66.07820892333984,8874301
2022-11-18,66.43394939264276,69.2798523491615,65.81141172551612,66.78968811035156,23611698
2022-11-21,66.70075485488269,69.72452376533437,66.38948602259023,68.56837463378906,19948870
2022-11-22,69.81344422651593,71.99233244691389,68.79069814514834,71.54766082763672,28943108
2022-11-23,72.0368071420749,72.0368071420749,69.68004604521141,70.56938934326172,18982148
2022-11-24,70.79173157025284,74.03783625874776,70.79173157025284,72.30361938476562,26150814
2022-11-25,72.97061920735568,75.2384405117424,72.03680604456947,72.74828338623047,17424428
2022-11-28,72.74828920369394,73.94890137674932,70.880662728773,72.25914764404297,11460216
2022-11-29,72.57041623275519,76.03885666576784,72.17021443804852,74.48250579833984,22577829
2022-11-30,74.88270963478608,75.59418705049843,72.74829095795204,73.19296264648438,10057927
2022-12-01,73.41529941167119,74.70484461053042,71.28087392291143,73.90443420410156,16662882
2022-12-02,73.37082835460089,76.21672443732481,73.37082835460089,75.19398498535156,19118072
2022-12-05,75.68311205289888,77.81753728988002,75.5052461102966,76.75032806396484,16512468
2022-12-06,77.81754459900563,84.39868687069468,77.68414173694848,80.30770874023438,64566563
2022-12-07,81.55277723275164,84.66547875743912,80.53003787418929,82.57552337646484,40632070
2022-12-08,83.2425333258786,90.00154119523842,83.1091304709591,89.11219787597656,65938068
2022-12-09,90.53515491106981,91.46896134888732,80.6634383887759,84.70995330810547,64253084
2022-12-12,84.13187856626476,88.13392359432846,82.88679653383691,87.15564727783203,32045806
2022-12-13,87.60032046453868,91.55789568009436,86.5331111526353,90.53515625,38377035
2022-12-14,90.97982814309614,91.33556005780609,87.86712639332464,88.53413391113281,28459879
2022-12-15,88.75646632600736,92.04703390617742,83.59827233990993,83.99847412109375,54070468
2022-12-16,84.04294016661156,85.06568629815604,80.57450000905457,80.9747085571289,31214748
2022-12-19,81.41938797551114,82.21979157781388,78.70688799168079,80.08537292480469,22859602
2022-12-20,80.75237870579559,80.75237870579559,77.77307306212047,78.7068862915039,15966771
2022-12-21,79.15156109660654,83.55380812893023,76.08332913894478,77.01713562011719,36766532
2022-12-22,78.0398762248894,79.01815251854157,72.17021167782536,73.94889831542969,34029343
2022-12-23,73.01507737210997,73.37081601892879,68.16815951279845,68.83516693115234,33696758
2022-12-26,68.83516816465226,78.88474271017866,66.70074303064163,77.77306365966797,44666926
2022-12-27,79.37388321413943,80.48556225075203,77.10605526538959,79.06261444091797,28152129
2022-12-28,79.41836866673918,81.33045155662744,75.68312230000146,77.50627899169922,29300061
2022-12-29,77.10606387621786,77.77307137267356,74.97164531568055,76.66139221191406,26957053
2022-12-30,77.63967700937246,79.81856549833044,77.15053545381801,78.48455047607422,23297296
2023-01-02,79.10709524936618,82.17533414871839,78.4845575634899,81.37492370605469,24017164
2023-01-03,82.0863989657724,84.04295174200172,81.95299609804047,83.33147430419922,28822322
2023-01-04,84.08741287621928,85.28802499056839,81.95298757007028,83.73167419433594,32925860
2023-01-05,84.0429440166026,85.28802602573063,81.90851868454756,83.77613830566406,23254902
2023-01-06,84.35422061288348,84.66548944762404,82.30873485233717,83.10913848876953,14508676
2023-01-09,83.77614008513673,85.3769608144685,82.97573650562207,84.70995330810547,18826588
2023-01-10,84.93229242418968,84.93229242418968,80.88577734855775,81.68618774414062,13471211
2023-01-11,81.99744881877231,84.75441845244377,79.90749343933658,84.35420989990234,26419316
2023-01-12,84.48761275074948,84.66547869511177,83.10912793391375,84.35420989990234,13399632
2023-01-13,84.7099579069532,86.26630883962689,83.73168153487435,85.73270416259766,20195109
2023-01-16,85.91056057108199,90.09047811072453,85.82162759899403,87.0222396850586,29233309
2023-01-17,87.95605496700396,88.93433125376518,79.72962932603068,83.06466674804688,70466402
2023-01-18,81.86406078523864,82.39766545583144,79.15156076409392,79.46282958984375,43303240
2023-01-19,79.41836539945146,80.84131342984139,78.97369371588265,80.08537292480469,20169417
2023-01-20,80.44110109019941,81.10810858443041,79.72963050077699,80.21876525878906,16244437
2023-01-23,80.66343410876011,81.15257563486622,76.97266486417182,77.9064712524414,8169869
2023-01-24,78.35114974783582,78.70688845380988,75.41632069014057,76.3056640625,9460911
2023-01-25,75.81652286498495,76.305664436239,71.81447766976581,73.41529846191406,17793136
2023-01-27,73.41529399875544,74.1712344659771,67.50115954610777,69.27984619140625,22272182
2023-01-30,69.27985189684773,72.17021793348967,67.59009808762674,69.6800537109375,18527169
2023-01-31,70.30259306426906,74.97164555432086,69.54664580442547,73.54869079589844,19018759
2023-02-01,74.70484006127256,76.26119089588241,69.19091410414386,70.88066101074219,25489251
2023-02-02,70.25811767578125,71.76999850664288,68.03475952148438,69.14643859863281,12734571
2023-02-03,69.59111771538714,71.50320729079546,68.16816970060118,70.92513275146484,17282156
2023-02-06,71.32533753427566,72.03681496403044,70.03579232614071,70.34706115722656,7402174
2023-02-07,70.65832720071717,70.65832720071717,69.01304334261417,69.36878204345703,5804796
2023-02-08,69.72451125969059,71.94786935607644,69.10196692161227,71.54766082763672,9001344
2023-02-09,71.54767318395271,72.6148893256169,70.48046382744013,71.68107604980469,8404132
2023-02-10,71.28087433558709,74.79377802533554,70.61386679056004,71.01406860351562,19524652
2023-02-13,71.14745905509946,71.45872783143543,69.76897432184673,70.43598175048828,5646626
2023-02-14,70.25811767578125,70.347050644923,67.63455776777118,69.14643859863281,10354152
2023-02-15,68.65730278271363,69.90238480937448,68.3460339723362,69.54664611816406,5509405
2023-02-16,69.94686142647014,70.43599623698351,68.34604055443113,69.0575180053711,5018615
2023-02-17,68.43497094407991,68.83517953948746,66.70075405276854,67.18989562988281,7763798
2023-02-20,67.32328508477147,67.72349364079562,66.433941784919,67.2343521118164,6669799
2023-02-21,67.36775714636977,67.50116000269973,62.56530181454883,63.054443359375,22735891
2023-02-22,62.38743311633167,63.89931399444258,61.809358621118385,62.4318962097168,11728238
2023-02-23,62.43190270546868,63.943790526035386,60.69768582454237,63.27678298950195,10931607
2023-02-24,63.85485576549735,64.03272172288928,61.942766190353026,62.34296798706055,9112691
2023-02-27,61.80936558335729,62.60977599110735,58.741133602992285,59.497074127197266,23297557
2023-02-28,60.164075765003695,63.499113149037704,60.07514279179298,63.009971618652344,15510921
2023-03-01,63.14338068400172,66.1671495667448,62.07617133016374,65.85588073730469,17157626
2023-03-02,65.98927944413911,67.54563043843628,64.56633132066922,67.2788314819336,17236985
2023-03-03,67.85689535394664,71.94787310757805,67.85689535394664,71.41426849365234,27596572
2023-03-06,71.77000322680749,76.39459256298504,70.96959966674022,72.17021179199219,26494355
2023-03-08,71.59214605572215,71.77001202751413,70.43599688361869,71.1030044555664,9029996
2023-03-09,71.28086669576231,72.5704117638749,69.94685174868685,70.56938934326172,14861735
2023-03-10,70.25812558033427,70.25812558033427,67.14542381411692,67.81243133544922,10309135
2023-03-13,67.85690131905238,69.63558804526448,66.34501353068126,66.92308807373047,12354157
2023-03-14,66.92308350628244,66.92308350628244,62.565299967447814,63.009971618652344,18030771
2023-03-15,64.03272070099486,65.4556686928756,61.36469067178674,62.076168060302734,14039598
2023-03-16,62.254032973729565,63.94378665433245,60.3864133415479,63.499114990234375,17883910
2023-03-17,64.65526167028972,67.45669470284554,63.632522200996924,66.30055236816406,29072424
2023-03-20,66.34501190411115,66.34501190411115,63.67698188020466,64.43292236328125,17859106
2023-03-21,65.36673550607142,65.63354122219751,64.34398930778973,65.322265625,8241954
2023-03-22,65.01099572254185,67.23435403579671,65.01099572254185,66.38948059082031,10284502
2023-03-23,66.16714484005664,66.21160793528522,64.92206282608775,65.27780151367188,7946657
2023-03-24,65.3667367338274,65.76693853038212,61.898296284798114,62.565303802490234,9332025
2023-03-27,63.00997456203829,63.588049092637974,60.11960869419111,61.40916061401367,11732479
2023-03-28,61.76488862118709,64.74419406331896,61.49808970594822,63.63251495361328,12632993
2023-03-29,63.543584834529526,69.32431708177707,63.187852893589614,68.39051055908203,20079281
2023-03-31,68.39050307274968,69.27984639805163,65.9003390478438,66.38948059082031,12444105
2023-04-03,66.70074278863974,67.99028776849327,65.90033251814599,67.54561614990234,8102076
2023-04-05,67.679034021493,69.1909219315262,66.96756334484672,68.87964630126953,10567616
2023-04-06,68.70177464687086,69.72452086919436,67.32328972306728,68.2571029663086,10106794
2023-04-10,68.52389808349332,68.83516685468261,66.70074176129123,67.05648040771484,5221913
2023-04-11,67.72349830666414,69.54664812587863,67.59009544546518,68.2571029663086,8243733
2023-04-12,68.56836117357732,68.61283104881164,66.70074176129123,67.05648040771484,5357265
2023-04-13,67.27882093576878,69.05750750757944,66.47841062142382,68.5239028930664,9394191
2023-04-17,68.5239139388234,71.36981019840626,67.7679665958278,71.1030044555664,16077036
2023-04-18,71.50321479186981,72.83722996789294,71.19194594116149,71.81448364257812,14038890
2023-04-19,71.99233911593382,73.14848814721466,70.79172698969668,71.28086853027344,11415718
2023-04-20,71.54767634092636,72.2146839144657,69.63559339156842,70.21366119384766,7351282
2023-04-21,70.52493608912582,70.52493608912582,68.0792416782629,68.61284637451172,7446780
2023-04-24,69.0130413662406,71.10299684425787,68.43496684206957,70.88066101074219,9303016
2023-04-25,71.32533638654199,73.19296291330741,70.79173171538824,71.19194030761719,13250540
2023-04-26,71.14747434109034,71.81448191303807,70.30260079735065,71.1030044555664,7990462
2023-04-27,71.14746661810914,72.39254864095628,70.83619780868514,72.21467590332031,7354407
2023-04-28,72.65935660934997,75.14952096484957,72.65935660934997,74.70484924316406,17197134
2023-05-02,75.41631708043607,77.15053385947033,74.92717553498993,75.32737731933594,15211839
2023-05-03,74.70484641203673,76.21672749441011,73.54869726540879,74.3935775756836,9115680
2023-05-04,74.61590381634589,77.19500072918078,74.43803108623435,76.79479217529297,12588309
2023-05-05,76.9281979245568,79.32942219773685,76.12778757177973,76.66139221191406,21390482
2023-05-08,72.92615225713965,73.72656260235797,70.39152515157416,72.17021179199219,31978754
2023-05-09,72.92614939405912,73.59315685802918,69.50217910270969,70.3025894165039,12625095
2023-05-10,70.21365071292013,70.34705356474508,68.65729994031449,69.45771026611328,9066616
2023-05-11,70.16919239940934,70.3915282392141,69.23537915816885,69.59111785888672,5788684
2023-05-12,69.36878977129535,69.72452851176833,68.7017821773406,68.92411804199219,5123202
2023-05-15,68.87963859837826,70.34705645851405,67.81242931018016,69.76898193359375,6984746
2023-05-16,70.2581284471431,71.45874067750064,68.3905086682367,68.56837463378906,9467943
2023-05-17,68.74624643089818,69.54665004993286,67.45669445050045,68.07923889160156,7285701
2023-05-18,68.65730771996346,69.23538228660668,67.59009835473877,67.9013671875,4464221
2023-05-19,67.94584007142193,68.25710891792605,66.74522778624777,67.32329559326172,4778259
2023-05-22,67.36776162489683,67.54562758839369,66.52288812055941,66.96755981445312,4437252
2023-05-23,67.32328804105352,67.50116077992524,66.07821279470737,66.43394470214844,4756333
2023-05-24,66.30055249723233,66.70075430902584,65.18887325874856,65.41120910644531,4709974
2023-05-25,65.32225985918194,65.36672973632812,64.03271484375,64.47738647460938,7233513
2023-05-26,64.74420143731656,66.7007541791785,64.56632868841447,66.30055236816406,7290651
2023-05-29,67.05648805289941,67.41222673988119,66.43394365439352,66.83415222167969,5170603
2023-05-30,66.83415036965808,67.14541916771,66.25607586747543,66.56734466552734,2703655
2023-05-31,66.25608070502847,66.56734952580705,65.36673733986031,65.58907318115234,6186430
2023-06-01,65.633535428904,66.789677598048,65.32225985918194,66.25607299804688,7783523
2023-06-02,66.65627764819475,67.05648620444893,66.07820993107912,66.34500885009766,6158885
2023-06-05,66.87861829419911,66.9675580587674,65.9003419503107,66.03374481201172,3887735
2023-06-06,66.12267968318838,66.34501553066727,65.5890750062694,65.85588073730469,2567455
2023-06-07,65.9892807006836,66.52289219415353,65.8558846124681,65.9892807006836,3214305
2023-06-08,66.25608644741855,66.70075816854217,65.81141472629494,65.9892807006836,4211618
2023-06-09,65.98927319025367,66.2116090255108,64.47739222456573,64.65525817871094,4983983
2023-06-12,64.9220599677696,65.41120148980626,64.69972414596216,64.9665298461914,3158863
2023-06-13,65.45566846346469,65.81140715647588,65.18886953256971,65.54460144042969,3543341
2023-06-14,65.81141472629494,66.25608644741855,65.63354875190629,65.9892807006836,3568679
2023-06-15,65.98927315005707,66.47841470138528,64.92206385553345,65.09992980957031,5009673
2023-06-16,65.54460045678469,66.03374200047831,64.7441968909604,65.05546569824219,6492267
2023-06-19,65.45566735405696,67.50115971533886,65.3222644982949,66.83415222167969,12205690
2023-06-20,67.56508210860645,68.2503263773374,67.42803883139239,68.02191162109375,7523953
2023-06-21,68.15895662185034,68.43305709650755,66.87983269122444,67.06256866455078,7530352
2023-06-22,67.33665965264834,67.56507438277355,66.33163623423025,66.56005096435547,3923509
2023-06-23,66.69710185385216,66.69710185385216,65.00683422840112,65.37229919433594,4549019
2023-06-26,65.28092613330239,65.41797636351971,63.49929405247002,64.8240966796875,7102096
2023-06-27,64.4129505574098,66.33163279690197,64.4129505574098,66.10321807861328,6269307
2023-06-28,66.46868805082455,67.51939722857875,65.5093433731654,65.92049407958984,5174057
2023-06-30,66.24027679775647,67.51940077832887,65.55503255502104,67.24530029296875,7980285
2023-07-03,67.79349092750184,70.85425396963754,67.61076192677636,70.62583923339844,19809313
2023-07-04,71.2197105261828,73.5038578422331,70.07763686815764,73.32112884521484,30069423
2023-07-05,73.64090807532901,74.14342327312583,72.59019891581298,73.32112884521484,13088977
2023-07-06,73.27544991833746,74.87435318811995,72.86430615151656,73.64091491699219,9871399
2023-07-07,73.36681881567702,74.09774181661473,71.63086536111965,72.86430358886719,12677351
2023-07-10,73.00135121683846,73.50385945499652,71.08266882339088,71.49381256103516,10973971
2023-07-11,71.81359087550729,72.08769134419155,70.71720294209919,70.94561767578125,6322004
2023-07-12,71.35676813947335,73.0470359340365,71.17403912355603,72.45316314697266,10304142
2023-07-13,72.72725157347934,73.50386029269401,70.16901067661537,70.58015441894531,8681612
2023-07-14,71.12834167480469,71.53949234893105,70.12331831138025,71.12834167480469,8828498
2023-07-17,71.35676487910249,73.04703259643541,70.94562112674159,72.86430358886719,7560542
2023-07-18,73.22977192061896,74.00638069426526,71.99633363651424,72.45316314697266,9588130
2023-07-19,72.81861364741802,73.5038578422331,71.81359022248876,73.32112884521484,8972188
2023-07-20,73.36681319688766,76.65598387586861,73.09271273586246,76.01641845703125,34870282
2023-07-21,76.74735690480557,77.56965140863294,76.38189190636396,77.15850067138672,15655189
2023-07-24,77.4325960166329,78.84877017747432,76.42757256571217,77.06713104248047,17605173
2023-07-25,77.47827465927232,78.34624779408995,75.37685647827897,75.8793716430664,9984464
2023-07-26,76.1077958004831,77.75237778161352,75.55959483610815,76.97576904296875,8179237
2023-07-27,77.43258666992188,78.20919528958774,76.47324209990512,77.43258666992188,9344357
2023-07-28,77.56964705780307,78.072155303143,74.73730567740859,76.74735260009766,10525169
2023-07-31,78.57466889008174,79.30559883081344,77.6610099494994,77.98078918457031,21713178
2023-08-01,78.52898051580975,80.35629833556717,78.1635225283897,78.39193725585938,20269483
2023-08-02,78.11783755182506,78.98581073635737,75.42254652982315,76.29051971435547,12747571
2023-08-03,76.56462439720987,76.97576814503019,75.69664419418457,76.42757415771484,8008032
2023-08-04,76.79303334063931,78.0264714616249,76.42756838647138,76.9300765991211,7655878
2023-08-07,76.74735514322917,77.20418463812933,75.83369615342882,76.0621109008789,4625262
2023-08-08,76.38188692857015,78.80308454345862,75.9250574529559,78.52898406982422,12696187
2023-08-09,79.30559555613874,80.35629771789138,77.93510720185522,80.17356872558594,14066381
2023-08-10,80.03651671293467,80.67608211308367,78.30056344205039,78.75739288330078,10867234
2023-08-11,79.12286375699642,82.54908482300954,78.80308451830146,79.71674346923828,29715786
2023-08-14,79.39696685976675,82.18362257000517,77.75237790535421,81.95520782470703,15929019
2023-08-16,81.31565338711879,83.05160693221279,80.76745936515889,81.81816864013672,18683050
2023-08-17,81.77247198278788,83.09727460653383,81.31564253037007,81.63542175292969,13724577
2023-08-18,81.49837247259686,83.96525572679286,80.76744952261103,83.37137603759766,22087157
2023-08-21,83.55410836425521,83.69115860117522,81.49837572244907,81.77247619628906,10901499
2023-08-22,82.04658175146531,83.14296977339795,80.85882225215076,80.9958724975586,9926681
2023-08-23,81.22428887856967,83.05160693221279,80.81313813410085,81.81816864013672,12574484
2023-08-24,82.41203729532675,82.91455252312679,79.3056023365569,79.89947509765625,10811228
2023-08-25,79.39696756965793,80.26494082128552,77.98079334788146,78.71172332763672,8544973
2023-08-28,79.16854267938461,80.63039548094025,78.80307773632971,79.39695739746094,6758273
2023-08-29,79.62537725999408,80.03652099082913,78.62035382965827,78.89444732666016,7258228
2023-08-30,79.2599156842913,80.58471840314034,79.07718667847237,79.94515991210938,6583569
2023-08-31,80.2192550756168,80.44766980308648,78.11783679463005,78.39193725585938,5857331
2023-09-01,78.39193832751137,80.85881462964144,77.88942313194275,80.40198516845703,10411546
2023-09-04,80.85881972073855,82.9602381627638,80.58471923850402,81.68111419677734,15278755
2023-09-05,81.90952572508036,86.34077020942034,81.90952572508036,85.33574676513672,39876277
2023-09-06,85.70120921864988,86.24940317481797,83.78251991606503,84.8332290649414,12765884
2023-09-07,85.06164721221327,86.29508540582006,84.65050347123255,85.2900619506836,10326143
2023-09-08,85.56416322802937,85.74689223225447,84.6048185291859,84.97028350830078,11270995
2023-09-11,85.79257079652422,90.63495871032038,85.65552056948023,90.26950073242188,49237004
2023-09-12,91.45726097598717,92.91911392543257,87.16306662999168,89.94972229003906,48918012
2023-09-13,89.90404511310425,95.52304923967291,88.3508206632028,94.60939025878906,51789143
2023-09-14,96.02555344958296,99.04063074768952,95.61440971377958,97.98992156982422,48219117
2023-09-15,98.35538387966913,99.99996574904911,95.43167116077524,96.61943054199219,31986443
2023-09-18,96.43670678750142,103.88302179452027,95.93419156721677,100.22838592529297,55632514
2023-09-20,99.90860830581178,103.97439495885315,96.02555763160268,96.93921661376953,38895249
2023-09-21,97.44172668317887,100.86794768490341,96.80216124712493,98.03560638427734,33573298
2023-09-22,99.13199457251005,102.0557003799312,98.21833563635789,99.77155303955078,24986113
2023-09-25,100.36543506164071,100.95931477799715,96.89353520642513,97.3503646850586,14756857
2023-09-26,97.76150604318526,99.95428888127745,97.76150604318526,98.90357971191406,13880012
2023-09-27,98.85789909933854,99.99997282724524,97.12195260945222,98.99494934082031,14479172
2023-09-28,99.40609465445267,101.37045578299741,94.19823455627031,95.97987365722656,24324010
2023-09-29,96.8478504181208,100.59385078544348,96.8478504181208,99.95429229736328,13059779
2023-10-03,99.13199379746474,103.33482347677275,98.85789333049631,103.06072998046875,23964066
2023-10-04,102.7866268157959,103.9743861805997,98.76652623953414,100.50247955322266,23703834
2023-10-05,101.41614098010157,102.55821463978741,99.63450885925745,100.41111755371094,13307549
2023-10-06,100.50248364723143,100.9593131183552,97.6244565850187,99.17768096923828,10844920
2023-10-09,97.76150835246777,97.98992309160906,94.56370200448985,95.29463195800781,11296760
2023-10-10,95.29462958289771,98.40106438126305,95.29462958289771,98.03560638427734,9813428
2023-10-11,98.58379437647451,99.5888177486121,97.39603504625296,97.67013549804688,8100970
2023-10-12,98.12696668859844,99.26904030701634,97.48740127988592,98.492431640625,5295195
2023-10-13,97.76151109185265,98.3097050870198,96.43670835597666,96.93921661376953,5427301
2023-10-16,96.84785043253301,97.25899417912221,95.88850572960524,96.1169204711914,6200368
2023-10-17,96.80216033027092,98.30969895088408,95.97987287417685,96.8935317993164,5475020
2023-10-18,97.12194745613499,97.57877692305817,95.11189361927428,95.66008758544922,4623981
2023-10-19,95.38598957204292,95.75145452241296,94.10686573107988,94.38096618652344,6123613
2023-10-20,94.33528370585742,95.29462836231833,89.90403932785075,91.00042724609375,10264340
2023-10-23,91.36588675995925,92.37091012018601,82.00088336706344,82.9602279663086,22089801
2023-10-25,83.78251878516053,86.43213100331668,80.85881307795226,81.63542175292969,19966700
2023-10-26,81.4070087387175,83.554105816102,78.9401324320484,82.45771789550781,17580514
2023-10-27,83.37137475695098,89.12742862432673,83.37137475695098,88.44218444824219,27867753
2023-10-30,88.8990181457223,89.03606141095445,86.52349931195131,87.3914794921875,9072361
2023-10-31,88.25945534998527,90.54360278125127,87.1630673712435,87.57421112060547,13279697
2023-11-01,87.75694121076687,90.17813174896347,86.84328229954875,89.58425903320312,11806551
2023-11-02,90.726337149192,93.51299278351856,90.45223667403513,91.45726013183594,13718201
2023-11-03,92.46227918059277,92.91910863696066,89.90403840733124,90.45223236083984,9467653
2023-11-06,93.10184556772164,93.19321006581015,91.457256719471,92.18818664550781,11697575
2023-11-07,92.27954974742416,94.92916197588899,91.7313557965228,94.28959655761719,11403064
2023-11-08,94.7464251094411,96.29964942131024,94.51801038451896,94.92916107177734,7833095
2023-11-09,95.29463209802987,96.39102005925314,94.65506664509574,94.97484588623047,7545149
2023-11-10,94.74642335889902,94.83779482371106,93.65003548779534,94.10686492919922,5236922
2023-11-13,95.15758432312853,98.85789901602902,93.78709585079542,98.1269760131836,21374622
2023-11-15,99.68018668598368,101.23341103095056,98.30969830724698,98.67516326904297,13710851
2023-11-16,98.85789224813726,98.85789224813726,96.84784541459075,97.4874038696289,5727373
2023-11-17,95.8428260786415,96.34533432309189,94.42665190561884,94.97484588623047,8836732
2023-11-20,95.20326218384575,96.93921562641452,94.92916867438633,95.5230484008789,6618098
2023-11-21,96.07123565673828,96.7564798383546,95.38599147512198,96.07123565673828,6732684
2023-11-22,96.2082823979458,96.2082823979458,94.60937936549621,95.02052307128906,9377801
2023-11-23,95.4773567411798,95.97987193334649,94.88347705152763,95.15757751464844,3203905
2023-11-24,95.43167776505267,96.07124323407027,94.19823953499242,94.60939025878906,3629578
2023-11-28,94.60938370245304,97.48740371626141,94.01550401190084,96.02555084228516,7248889
2023-11-29,96.80215703677649,97.48740120731713,96.2539630944768,96.7107925415039,5188935
2023-11-30,96.80216112127864,97.1219473242221,94.56369952466115,94.7921142578125,4169016
2023-12-01,95.47736113792241,99.6345121862605,95.20326066217926,98.21833801269531,23926731
2023-12-04,102.32980084904264,102.32980084904264,99.22335907199238,99.77155303955078,22576787
2023-12-05,101.32477661430184,102.1470710444866,99.40609425764704,100.68521118164062,17447010
2023-12-06,103.06073762092848,107.53766112843948,100.59385414732216,106.57832336425781,48116745
2023-12-07,107.81175471650256,108.04016945107142,103.47187475969419,103.88301849365234,29741220
2023-12-08,104.11143479854938,106.07580293960335,102.6952676052609,104.43122100830078,17984221
2023-12-11,104.97941528399835,109.63907455860618,104.93372954799975,108.222900390625,31923235
2023-12-12,109.54770644318323,110.46136536769573,104.8423615878109,105.71033477783203,28197994
2023-12-13,99.17767953051775,103.24345897627336,98.85789332883846,102.46685028076172,165698665
2023-12-14,104.88805311219046,104.88805311219046,101.59887522584916,101.96434020996094,37411189
2023-12-15,102.78662780364142,103.97438717986034,100.36543028791166,102.83231353759766,40633750
2023-12-18,103.24346670655392,103.24346670655392,101.23341970053302,101.87297821044922,24936286
2023-12-19,101.87297239666849,104.79667823323977,100.13701900653852,103.56324005126953,37200565
2023-12-20,104.15711233249021,104.52257727866686,97.76150017172327,98.5381088256836,33538886
2023-12-21,97.76150693849885,100.6852127689545,96.39101852347318,100.045654296875,24228179
2023-12-22,100.73089769923945,103.79165374086575,100.6395331997676,102.1470718383789,20798348
2023-12-26,102.55821639108875,102.74094539149303,99.68018932540191,100.045654296875,12596950
2023-12-27,100.73089443461957,102.51252651390496,100.59384420452125,101.37045288085938,14699470
2023-12-28,102.14707701293123,104.24848848989485,100.86795304353413,103.7002944946289,27428060
2023-12-29,103.83734305624468,105.07078126830487,102.10138962376583,102.87799835205078,22161483
2024-01-01,103.42618968842926,104.33984863256968,102.64958098004281,103.28914642333984,16485079
2024-01-02,103.38050934507561,105.07077697179331,102.28411444644954,104.5225830078125,23191028
2024-01-03,104.61395023008336,106.85241187905511,103.60892677484432,106.16716766357422,30456365
2024-01-04,106.25854243407812,108.67973316073974,106.25854243407812,108.4056396484375,31814561
2024-01-05,108.7254062435987,111.83184781612005,107.17218894267005,108.5883560180664,38103338
2024-01-08,108.72541811951248,109.59339135825107,107.03515040842612,108.13153839111328,23456985
2024-01-09,108.7254154648337,109.82180342075104,107.85744224728785,108.54268646240234,13742428
2024-01-10,108.26858441809082,108.26858441809082,106.53263103750753,107.9944839477539,10101844
2024-01-11,110.18726179198303,111.32933541538804,109.82179683836058,110.55272674560547,24879727
2024-01-12,111.23797067334161,118.86702803732597,110.5527265008159,117.953369140625,54706093
2024-01-15,118.68428725374906,121.69936445571707,116.4001469413056,119.59794616699219,54780976
2024-01-16,119.59795199122075,125.0799057376418,118.4102064992263,122.93281555175781,33801884
2024-01-17,120.0547856832337,124.53172309805329,118.82135441180111,121.2882308959961,28568989
2024-01-18,120.60297984204458,123.43532812698783,116.90265835407968,122.75008392333984,28936853
2024-01-19,123.75511000375724,125.53674228337196,122.06484920159153,123.52669525146484,14991995
2024-01-23,126.90721998668619,127.6381499200245,117.67927314494287,120.42024993896484,24563193
2024-01-24,120.42024772421547,125.03422803089202,115.6235384228973,121.65367889404297,19268806
2024-01-25,122.11050979458079,124.16624237658606,119.32386122537005,120.14614868164062,12029308
2024-01-29,121.05980454335793,124.85148341101474,120.96843307660514,123.80078125,16380958
2024-01-30,124.89717792334729,127.91225530084743,123.34396046867431,126.6788101196289,21776835
2024-01-31,127.22700421096465,129.19136530627213,124.53171319368393,126.9529037475586,18743903
2024-02-01,127.68382604496999,133.57692292031842,125.07989271009777,132.8459930419922,39021958
2024-02-02,133.85101652933085,142.75918998435458,133.3485013923205,138.46499633789062,43049310
2024-02-05,134.3992338187213,134.3992338187213,125.62810253773688,126.63313293457031,72223881
2024-02-06,126.99859172900572,127.54679266551862,119.27817653086794,122.15619659423828,41258558
2024-02-07,124.25759812117488,128.18633379121275,123.84645444506876,125.49104309082031,32381185
2024-02-08,127.72950879558584,132.29780300185624,127.50109408527233,129.41976928710938,44308819
2024-02-09,130.3334493184876,130.7446070169616,122.47599037100251,125.39969635009766,21954850
2024-02-12,126.3133571639599,126.45040043787705,113.70486013437278,117.40518188476562,21067330
2024-02-13,117.45086086371633,121.47095466899704,116.94834565272394,119.7350082397461,18000556
2024-02-14,116.94834023593144,124.48602622770046,116.03468132783823,124.07488250732422,13531486
2024-02-15,125.03424732998124,131.0643887318818,124.76014682504695,130.60755920410156,25972974
2024-02-16,133.85104106674453,136.59201801691677,130.74460609974787,131.61257934570312,34806902
2024-02-19,132.4805517227525,133.3942107001508,129.10001629464475,130.4705047607422,10942695
2024-02-20,131.65825317524727,131.88666790043587,129.0086339982623,129.69387817382812,8657283
2024-02-21,130.3334545333506,133.80536162177478,128.27772172404644,129.00865173339844,15922241
2024-02-22,129.55684581548695,130.01367530429943,124.71445044580867,127.22701263427734,17728329
2024-02-23,127.91225321404607,128.59749742769276,124.25761740793047,125.03423309326172,15595124
2024-02-26,125.17127912969313,125.9022090953587,124.07489115185953,124.89717864990234,7667258
2024-02-27,124.25761150067716,125.8108288561699,122.43029368449072,124.07488250732422,10123884
2024-02-28,124.53171945719183,124.89717746589537,119.00407994224214,121.15118408203125,11162257
2024-02-29,121.15118000417026,122.65871166599166,117.67927327303097,120.1004638671875,27788093
2024-03-01,123.25258139801078,125.35399967954149,122.33892248789556,124.6230697631836,10702960
2024-03-04,126.45038438429044,127.86655844740633,124.16623716679005,127.40972900390625,13083002
2024-03-05,126.13061825902173,132.6632740415333,126.13061825902173,131.29278564453125,30920424
2024-03-06,130.9730216898338,134.30787142417427,127.86657276148362,132.75465393066406,35383879
2024-03-07,132.29780860676246,135.35855748983826,132.06939388677196,133.3485107421875,17449961
2024-03-11,134.58195825677626,136.54631930792513,130.4704932220967,131.4755096435547,16358360
2024-03-12,131.56687719515153,132.16074988373737,126.17629544215916,128.094970703125,13318583
2024-03-13,128.59749732392075,129.83094248402114,115.94332224958971,117.35948944091797,21197858
2024-03-14,116.03468607263325,121.97346921808298,114.29873268213811,119.14112091064453,18478220
2024-03-15,119.50660023176559,123.89216622896734,114.75556923968618,122.70440673828125,25112860
2024-03-18,122.43029680005668,123.57237046423631,119.96342047369446,121.6080093383789,10652375
2024-03-19,121.60800462955194,123.06985049829987,119.8720443624203,122.33892059326172,11009392
2024-03-20,122.47598266779042,123.89215680117566,117.03971480866215,120.1004638671875,8243643
2024-03-21,122.56734268524745,124.48603205864634,122.38461368333547,122.97850036621094,8302052
2024-03-22,123.98351103998348,125.8108288561699,123.2525811252432,124.07488250732422,8881966
2024-03-26,124.12056898931564,125.12558542948028,121.5623212429653,121.97346496582031,9406196
2024-03-27,123.02416630442272,123.34395249854296,120.05477485538373,120.51160430908203,8724839
2024-03-28,121.6993795230513,125.94790236042928,121.33392148903894,125.21697235107422,13378241
2024-04-01,122.43030368293094,130.37913404422844,122.33893220812821,128.68887329101562,19130984
2024-04-02,128.50611693804777,130.65322089999862,127.27268580483772,128.5974884033203,11621470
2024-04-03,128.46045946931355,133.6226271822142,126.35904100570338,132.75465393066406,27889662
2024-04-04,134.4905946618968,138.23660193371154,133.16579197256252,134.71900939941406,31794824
2024-04-05,134.7190001068969,136.59200361361005,132.5719100871321,135.6783447265625,13754759
2024-04-08,135.6783548252641,137.68840173811327,131.06437431398422,131.74961853027344,10648467
2024-04-09,132.9830433737382,133.8510164601289,129.00862195009773,129.60250854492188,8617456
2024-04-10,130.01366625511127,132.8460005238153,129.0086358731439,131.97802734375,10630745
2024-04-12,131.2927735355353,133.57692065320757,130.6532151308526,131.201416015625,7894694
2024-04-15,126.0849355336782,128.59749765482036,124.48603236567867,126.77017974853516,8646073
2024-04-16,125.90221334545262,127.82088888609796,125.21696909350857,126.49608612060547,4486047
2024-04-18,126.90721521338004,129.6938776374213,125.03422562764275,125.9021987915039,5817755
2024-04-19,123.34396868120899,125.62811624937953,121.69937964386014,124.02921295166016,8745605
2024-04-22,126.998603753284,129.64820933419452,125.62811522357231,129.05433654785156,9355760
2024-04-23,130.33344253962127,132.75464710145906,128.64318186120187,131.8409881591797,14355630
2024-04-24,132.02371307771736,132.80032873117656,131.20142563161943,131.97802734375,5045213
2024-04-25,132.02372632502812,139.01321214217407,131.65826829927633,137.36863708496094,26477024
2024-04-26,138.51071084209786,141.06894490502052,136.31792086359692,137.36863708496094,16215350
2024-04-29,138.55636302955554,142.71351370544195,137.7340756173266,142.21099853515625,27238149
2024-04-30,143.30741454472485,144.3124310435868,140.79485238557578,141.70851135253906,15978504
2024-05-02,141.98258682592962,142.89624572169834,138.05386472718675,138.55636596679688,9130409
2024-05-03,139.78982536224598,139.78982536224598,135.4499451630913,136.86611938476562,9411856
2024-05-06,137.50567431625277,137.64271758455445,128.55181366553322,133.48558044433594,19028324
2024-05-07,133.4855796712969,134.67332516657834,127.27269595322676,128.7802276611328,12901348
2024-05-08,128.78021341332814,132.61757783362373,127.63813983935162,129.9222869873047,12838726
2024-05-09,130.92734039632901,131.93235695385374,126.22198807701918,126.99860382080078,10552927
2024-05-10,127.9122534399634,128.73454092126005,124.80581857581026,126.77017974853516,10533907
2024-05-13,116.94834550821841,119.68932235606728,111.00956233787919,113.84190368652344,57308261
2024-05-14,115.48648814951001,115.85195310932444,111.46638753287984,112.24299621582031,24312119
2024-05-15,113.38507421188196,117.03971697967837,113.06529497376584,113.84190368652344,17075065
2024-05-16,115.121027527132,115.7605860029058,110.37000378253207,111.19229125976562,20908061
2024-05-17,112.19732073839234,113.38507317924415,111.78617003256073,112.42573547363281,11055315
2024-05-21,114.02464221576405,115.1210301912241,112.15163853946632,112.56278228759766,16225214
2024-05-22,113.4764328766258,116.40014554636453,113.24801815105234,115.8519515991211,14805581
2024-05-23,116.58287915346803,119.50659193894137,116.58287915346803,117.9990463256836,13782938
2024-05-24,118.09041530396706,119.87204740810161,117.7706291057227,118.68428802490234,9755587
2024-05-27,119.46090462271621,122.15619566723831,117.86200150157087,121.01412200927734,16918404
2024-05-28,121.5623254808946,122.88712816353679,116.94834501808705,119.14112091064453,14334121
2024-05-29,118.18178821411477,119.50659087482074,117.26812928378942,118.36451721191406,8418504
2024-05-30,117.17676281908058,119.64363924805848,116.4915185920684,116.99403381347656,7601982
2024-05-31,117.4508626157147,118.59293632076573,114.66419998712428,117.58790588378906,15463943
2024-06-03,123.34395088369831,125.5824123892479,121.65367635061259,123.84646606445312,34037315
2024-06-04,124.12057047697529,124.12057047697529,100.6852106974089,106.30421447753906,49514325
2024-06-05,108.72541296259934,110.18726586040054,100.09133883912929,106.85240936279297,39376239
2024-06-06,108.72540698466709,111.69479835189539,107.26355416724135,107.67469787597656,35581829
2024-06-07,108.35995056935994,110.91819842927654,107.72039208971309,110.59841918945312,15029332
2024-06-10,111.46638946656094,114.6185099869807,111.46638946656094,112.69068908691406,16610021
2024-06-11,113.52212583297066,113.59522022276428,111.8318581503149,112.38919067382812,11182412
2024-06-12,113.01960061727576,114.48146040115435,112.04198589493879,113.34851837158203,17063890
2024-06-13,114.20736499124529,115.3037529068955,113.33939180557756,113.75967407226562,10097817
2024-06-14,114.11600899926086,115.47735893964155,113.39421756223622,114.9017562866211,11737543
2024-06-18,116.71460817060884,116.71460817060884,113.83645602901882,114.21024322509766,19283739
2024-06-19,114.75222822738978,115.92030869741859,113.42528339509501,114.8363265991211,12551561
2024-06-20,114.75222917019158,115.8268575079293,114.52795258493728,114.9204330444336,8706010
2024-06-21,115.40635849810096,115.54652959017257,113.16364241314898,113.63087463378906,9886490
2024-06-24,113.44398510298937,113.49070404762291,111.54702341943825,112.61231231689453,10217149
2024-06-25,113.30381222829178,115.49980221467189,111.90211558216858,115.21946716308594,12003890
2024-06-26,114.93911675504305,116.30343387075409,114.22892184227658,115.78013610839844,10064059
2024-06-27,115.0419116847811,115.64931496448547,112.02358856653187,112.96739959716797,10452879
2024-06-28,113.70563400701052,115.49980403121079,112.22917847215078,112.61231231689453,9504554
2024-07-01,112.8832997740319,113.4439769752498,112.05162704752257,113.07953643798828,5636426
2024-07-02,113.29446299864375,113.58415181354616,109.61267807362353,110.07991027832031,11457472
2024-07-03,110.73403205816037,111.48160643436269,110.16400820042055,110.5471420288086,8004538
2024-07-04,111.20126830324811,111.4816104868642,109.79957164396347,110.86486053466797,8346070
2024-07-05,111.10782069720489,113.49070068484698,110.78075957686943,112.55623626708984,8038993
2024-07-08,112.69640626838006,113.2570834877456,111.66849684464361,113.0328140258789,7363153
2024-07-09,113.44398602543573,117.64907606413428,113.03281938468896,115.55587768554688,20126207
2024-07-10,115.87359239011666,116.15393457830356,111.20127011632164,114.44386291503906,12071610
2024-07-11,114.65877791623791,114.798949000758,112.50951409472081,113.98596954345703,7049342
2024-07-12,114.00465628369652,116.06047510262711,111.80866637952121,112.40672302246094,7470847
2024-07-15,112.6309947135727,116.85477785862257,111.85538753865724,115.6119384765625,19866405
2024-07-16,115.86424043644853,116.29409321039925,113.82710773330953,114.96715545654297,7294961
2024-07-18,114.95781513513163,116.89215628893456,113.53743228788906,115.53718566894531,16067348
2024-07-19,115.53717667104239,115.77079276866733,112.60295905522484,112.96739959716797,7642979
2024-07-22,112.13572455641365,114.42515941434814,110.54713797695673,114.01399993896484,7851832
2024-07-23,114.19154722771034,114.27565273129132,109.33233518247069,111.47225952148438,7691292
2024-07-24,112.12638431183895,114.4345125813111,111.56570708295692,112.45344543457031,8868180
2024-07-25,111.95817896675092,112.68706006770961,110.73403286793042,110.99568176269531,5203991
2024-07-26,111.06109446947816,112.50017052634246,110.4630378133005,111.5470199584961,7556629
2024-07-29,112.93002019907058,117.89203096206697,112.50951407498161,116.93887329101562,24362585
2024-07-30,117.50889808003272,118.63959914638843,116.82673593237473,117.57431030273438,7669460
2024-07-31,117.7425159462226,118.16302207998575,116.83608432561552,117.55562591552734,5064752
2024-08-01,118.2377797345684,118.3499180294771,117.13511145419119,117.84530639648438,7225687
2024-08-02,115.92964897777836,119.79833094984981,114.51861289378049,117.96678161621094,14492663
2024-08-05,115.4997989502462,116.34081834002956,111.66849631834162,114.33171844482422,20938121
2024-08-06,115.03256375258375,116.7146024883495,110.46303350471715,111.13584899902344,8017235
2024-08-07,114.00465144668708,114.23826753571718,110.54713618080055,111.07978057861328,7853002
2024-08-08,111.1078194145198,113.44398043194285,109.56595171714105,111.55635833740234,10734357
2024-08-09,111.79931607961082,113.2103592672617,110.22006902105191,111.15453338623047,8235427
2024-08-12,111.005029439243,111.66849832270373,109.79956948048275,110.24811553955078,4432969
2024-08-13,110.35090607183388,110.96765604543963,107.47276091653474,108.14557647705078,8949764
2024-08-14,108.39786717250149,108.76230770729862,106.52893842814801,107.26716613769531,4845249
2024-08-16,108.35114622013604,109.08937396455379,107.9680195167331,108.40721893310547,3826316
2024-08-19,109.28560852111124,111.01437336135278,109.04265291073798,109.63136291503906,3373191
2024-08-20,110.33221480668136,112.27590252934912,109.79957036752121,111.43488311767578,5367129
2024-08-21,111.94884215412691,111.94884215412691,110.8742066280994,111.61243438720703,2412949
2024-08-22,112.14507443543218,113.30380829308478,111.67784223628544,113.05150604248047,4976967
2024-08-23,113.47201370369655,113.53742592728533,112.21982768577139,112.65902709960938,4407329
2024-08-26,113.07019588082778,113.52808145469231,109.42578318275625,109.86498260498047,12124682
2024-08-27,110.26680405669592,111.01437846138182,109.91171013563896,110.77141571044922,3507110
2024-08-28,111.1545360363187,111.3881521331831,110.07990769426048,110.20138549804688,2033737
2024-08-29,109.79956926755399,110.40697256597744,108.86510484825565,109.32299041748047,6780777
2024-08-30,109.79957238713806,110.76206962565782,109.7528463130865,110.02384185791016,2452499
2024-09-02,111.00502831387425,111.00502831387425,109.00527504332311,109.70612335205078,3784509
2024-09-03,110.26679921750261,111.56570416335698,109.48185254348886,111.10781860351562,5373501
2024-09-04,110.02383498302275,110.5004138168574,109.19216224853731,110.20138549804688,4975266
2024-09-05,110.44435433755383,110.68730995855097,109.33233937362841,109.57530212402344,3748813
2024-09-06,110.26680589185678,110.35090427084968,107.69702863590248,108.16426086425781,5934006
2024-09-09,107.46340860199938,108.00539967817797,104.94969702372794,105.99629974365234,8367849
2024-09-10,106.63173677163537,107.43537675249551,104.8469062866513,105.06183624267578,4932265
2024-09-11,105.78137205659448,105.78137205659448,103.63210811613064,103.94048309326172,6176713
2024-09-12,104.66000772711901,105.11789326469393,102.99666231644514,103.59471893310547,5439526
2024-09-13,104.2395079222916,106.38877179043716,103.65079078041445,104.99642181396484,5278568
2024-09-16,105.49168250942564,107.69701900030428,105.1459281247939,105.60382080078125,5555617
2024-09-17,106.01498301062213,106.06170908224118,104.68804527765303,104.92166137695312,2727821
2024-09-18,105.02444844320321,105.05248123319106,103.25831137999668,103.50127410888672,3149002
2024-09-19,104.51049536828333,104.51049536828333,102.33319872849229,102.79108428955078,5563088
2024-09-20,103.47324636963452,103.52931195234687,102.52943532739013,103.07142639160156,4333880
2024-09-23,103.86571836223939,106.1458066255826,103.07142505671173,105.02445220947266,6797090
2024-09-24,105.54775266089761,105.54775266089761,104.47312428881102,104.62263488769531,4405905
2024-09-25,104.9216662029274,104.9216662029274,103.07143060382992,103.29570007324219,3870712
2024-09-26,103.67882919296748,104.51984863453212,102.47337631102258,103.26766967773438,4939056
2024-09-27,103.63210505395739,104.13671669360741,102.95928953442403,103.5106201171875,6063334
2024-09-30,103.55735181683612,104.00589789736419,102.51074904853603,103.35176849365234,5267144
2024-10-01,103.49193251209151,104.37033133129889,103.26766305186322,103.62275695800781,3541577
2024-10-03,102.01547984884331,102.74436096165914,101.48283541029346,102.10892486572266,3787250
2024-10-04,102.1276120834484,102.45467318780749,99.80079779312534,101.6323471069336,5400033
2024-10-07,101.8566222560985,102.28647503578,97.10954126925424,98.60468292236328,5658321
2024-10-08,98.39910521325609,100.24934075237711,94.44631762248322,98.99716186523438,5918241
2024-10-09,100.361483885765,100.64181894460633,98.11876776804439,98.47386169433594,3576172
2024-10-10,99.13733154440119,99.52046539667788,98.21221372145226,98.55796813964844,2888761
2024-10-11,98.55796334696869,99.04388170758995,98.16549000230563,98.61402893066406,1870268
2024-10-14,98.96913229694688,99.33357285832186,97.49267677017767,97.84777069091797,3004596
2024-10-15,98.11876863846575,98.67009924965653,97.52071195235456,97.81974029541016,2454679
2024-10-16,97.80104267328157,98.35237321981404,97.51135387566539,97.95989990234375,2453578
2024-10-17,97.97859754310261,98.48320920877106,96.96003470030008,97.81974029541016,2476072
2024-10-18,97.18429340430033,98.9597771135276,96.0816251747295,97.95055389404297,3787617
2024-10-21,98.39910137259002,99.22142745461412,96.53017262575564,97.2870864868164,3539723
2024-10-22,97.63284557359708,97.63284557359708,92.79231960099861,93.35299682617188,8322247
2024-10-23,93.24085881721783,93.86694826843745,90.1758166560375,92.4278793334961,5957517
2024-10-24,92.45591029042596,94.33417860680616,91.90457258551113,92.7269058227539,9111566
2024-10-25,93.24085669687182,93.24085669687182,89.70858240536421,90.23188018798828,6505468
2024-10-28,91.57751354999931,94.42763289489615,90.26926193054834,93.62399291992188,6797633
2024-10-29,94.04450100596601,96.20311158864149,92.988558751591,95.90408325195312,5039745
2024-10-30,95.7826004167381,101.52021122744749,95.53963767798628,100.30540466308594,16153252
2024-10-31,100.45492536404053,102.32385420802268,99.43636256618117,101.56694030761719,5828107
2024-11-01,102.13696343199746,103.52931341439881,100.18392909696409,102.95928955078125,2774089
2024-11-04,103.20225023214752,103.20225023214752,99.85686598158061,101.23052978515625,4062781
2024-11-05,101.14642703868446,104.14605697770662,100.29606812197117,103.1368408203125,6602415
2024-11-06,104.66001289941734,106.89338224718702,103.58537741251702,106.30467224121094,10552466
2024-11-07,106.2392597146689,107.46340579492562,105.23938309375289,105.6598892211914,5585389
2024-11-08,105.58513395310133,105.96826779152546,103.1368417092317,104.3236083984375,3799518
2024-11-11,103.75357932268761,107.46340406457705,103.75357932268761,104.8469009399414,9862906
2024-11-12,104.64132911149555,106.86535186925113,100.92215757503607,101.56694030761719,11559079
2024-11-13,101.20249926050234,101.20249926050234,97.42726215851734,97.87580108642578,6511151
2024-11-14,99.05323210548607,99.89425153980848,96.99741315882952,97.46464538574219,3862235
2024-11-18,97.55808596004492,97.93187315042317,94.84813774154968,96.31524658203125,6355112
2024-11-19,96.70772612299399,100.54837566976884,96.65166053613244,97.71694946289062,5196762
2024-11-21,97.94121784985398,97.96925064297282,94.10056834581754,94.86682891845703,5927171
2024-11-22,95.8760477972636,96.81051221464315,95.12848054099858,96.30590057373047,4958015
2024-11-25,99.60455994906609,101.06232930459984,98.43647941417565,99.9876937866211,6394173
2024-11-26,100.45491848212492,100.89411787107592,99.61389913406954,100.72591400146484,3020229
2024-11-27,101.39873810181297,104.8469070279409,100.31475593228264,104.22081756591797,7682086
2024-11-28,104.56656646728516,107.1176502546531,102.64156497956925,104.56656646728516,11794214
2024-11-29,104.79083708331318,107.18306366220007,101.68841556529514,103.25831604003906,13029139
2024-12-02,103.11814394747688,103.4452050578971,100.40819579225679,102.9032211303711,11469057
2024-12-03,102.65091537952519,106.71583419127431,102.65091537952519,106.5476303100586,10340458
2024-12-04,107.08962093396835,111.06109471258401,106.77190645379001,110.1546630859375,25931163
2024-12-05,110.92092031787786,111.67784132229113,108.58475934126378,110.56582641601562,11603457
2024-12-06,110.73403137448523,112.60296017405459,108.93051479772488,110.08924865722656,12310232
2024-12-09,109.89300830910442,110.62188937582675,108.03342621203109,108.28572845458984,5912817
2024-12-10,108.58476361439463,109.17348076648355,107.46340915325027,107.83719635009766,5298245
2024-12-11,108.24835698433616,108.48197309363874,106.63173750042506,106.80928802490234,3907762
2024-12-12,106.97748456994859,107.25781960424153,105.1085558237394,105.60382080078125,4084044
2024-12-13,105.17397262707493,106.16450262431569,102.61353500004485,105.64120483398438,6821762
2024-12-16,105.16462471068446,108.0240835008676,105.16462471068446,106.76255798339844,4725717
2024-12-17,106.51959290597951,106.80928171238442,102.79108201809973,103.00601196289062,6740261
2024-12-18,103.00601202703498,103.25831427339256,100.41754169486836,100.87542724609375,10177305
2024-12-19,98.8943765188886,100.38017160329225,98.40845100228248,99.56719207763672,4796423
2024-12-20,99.56718111167936,100.12785830575253,95.96948759679883,96.27786254882812,7041416
2024-12-23,96.71707027675642,97.88515083565444,95.31537360607878,95.71719360351562,7040251
2024-12-24,95.78260425715004,96.17507760744093,95.18454759116453,95.6424331665039,4645820
2024-12-26,95.60505144381828,97.62349799022284,95.33405590956596,96.40869140625,7724432
2024-12-27,96.10966144691994,97.17495028517281,95.88539198870816,96.06294250488281,3177526
2024-12-30,95.88539117562138,96.80116228103584,93.82957237908495,94.31549072265625,6848363
2024-12-31,94.38090444187237,95.72653545987659,93.6520233502526,95.221923828125,6050468
2025-01-01,95.12848255514636,96.43672706365894,94.43697373847787,95.9134292602539,3260501
2025-01-02,97.44594618780263,98.29631221126502,94.20335358919802,96.97871398925781,14259943
2025-01-03,97.3618516897504,100.12786555971162,97.23102723930207,97.85711669921875,12858263
2025-01-06,99.05322735397517,99.35225567967919,92.7549392335481,93.26889038085938,12258443
2025-01-07,93.60529787534627,94.5023828499368,93.00724122561924,93.6426773071289,6149090
2025-01-08,93.64267749785827,94.38090523592442,92.06343036646378,93.54923248291016,7748353
2025-01-09,93.44644444160957,93.59596217482715,91.91392332311901,92.21295166015625,4710225
2025-01-10,91.86719417700614,92.23163472778933,87.83965483766514,88.09195709228516,10132531
2025-01-13,87.15749019357243,88.1854067222599,84.14852085767927,84.4288558959961,9889266
2025-01-14,84.57837975816773,89.1852898032193,84.57837975816773,88.41902923583984,17015919
2025-01-15,89.5777606076726,90.3720539453203,87.73686454444109,89.83006286621094,7021894
2025-01-16,90.91404105602764,94.00711589522538,90.91404105602764,93.20347595214844,8542663
2025-01-17,92.51197498246792,94.07252880899556,92.26901224385841,93.66136932373047,5277338
2025-01-20,93.66137223394696,96.11901109932168,93.06330844431051,95.00699615478516,5601585
2025-01-21,95.31536559791093,95.53963505014534,93.34364520979842,93.50250244140625,3640500
2025-01-22,93.44644015513025,93.68940289576491,90.50287586436413,92.54000854492188,4809029
2025-01-23,92.51197668041988,93.76415556893286,91.49341389463522,93.17544555664062,3393691
2025-01-24,93.39971960255575,94.38091013392507,91.57751676361046,91.92327117919922,4111994
2025-01-27,93.44643867342907,98.86633496824695,92.61476593958734,97.45529174804688,62764655
2025-01-28,97.01609382438961,103.92178517726732,96.99740767330498,102.33319854736328,52405075
2025-01-29,101.77251926694231,103.88440363712128,100.84739439558513,103.55734252929688,13568733
2025-01-30,103.55734924966288,105.77203254533444,103.02470480252641,103.94048309326172,11344654
2025-01-31,104.66001668947055,105.68792614179114,103.09946279453125,105.14593505859375,9417605
2025-02-01,105.50103560765307,105.50103560765307,99.3616045857054,101.18380737304688,10476590
2025-02-03,99.05322280989313,99.4550427725054,96.67968246439254,97.10953521728516,13485224
2025-02-04,98.07203452856139,102.31450369954078,98.02531558686671,99.85686492919922,12915454
2025-02-05,100.87542440565159,102.92190362725074,100.45491829709707,100.8193588256836,10574281
2025-02-06,101.57628508441894,101.96876558034381,100.17458837876791,100.57640838623047,9397668
2025-02-07,100.91280795366018,102.43598947932601,98.01596975693886,99.20274353027344,13415003
2025-02-10,99.81013601595838,99.81013601595838,96.43671910581172,97.11888122558594,5384683
2025-02-11,97.17495004305262,97.455292212167,94.10056134052766,94.58648681640625,5308829
2025-02-12,94.6145274464677,96.20311419134052,91.50275905495056,95.78260803222656,8692391
2025-02-13,96.70771933450715,96.91330264443255,93.96039883017005,94.47434997558594,6063347
2025-02-14,95.01634301631466,95.31537134712976,91.27848531642722,92.79232025146484,6099055
2025-02-17,92.51197575357895,92.70821242237702,89.98892472114947,92.54000854492188,5421187
2025-02-18,92.5119731426239,93.11937641236909,89.24134782950082,89.70858001708984,8872125
2025-02-19,89.70858692668695,93.41841192258798,89.1572563249777,92.85773468017578,8383145
2025-02-20,92.41853231068755,98.10941719078576,92.04474511783205,97.87580108642578,12657368
2025-02-21,96.99740723423767,97.57677059740722,93.96973745560678,94.85748291015625,10401247
2025-02-24,94.56779600627429,95.12848035914838,93.31561711149028,94.27811431884766,6007057
2025-02-25,94.73599561070111,95.05371720495043,91.34389250177084,91.65226745605469,4698591
2025-02-27,91.66161604442536,92.4372232622321,89.75531480772646,90.25057983398438,8392622
2025-02-28,90.17581628745786,91.01683568907536,88.56853634867727,88.92363739013672,9648668
2025-03-03,89.6151413336607,90.34402245706622,86.62485084429204,89.26004028320312,8400268
2025-03-04,88.7741158275725,90.95141953734624,87.74620643860641,89.6151351928711,9010467
2025-03-05,90.08236689992188,92.18491173723096,89.89546974785598,91.46537017822266,9515677
2025-03-06,93.25020524180636,93.6800580190844,91.11028086644119,91.50275421142578,10401338
2025-03-07,91.15700853264636,91.95130187692315,90.35336854778338,91.02618408203125,7561031
2025-03-10,91.25044986599607,91.27848265722491,87.83965338833545,88.20409393310547,6998486
2025-03-11,87.27897554818387,89.14790433024605,86.58747389505216,88.7647705078125,6909115
2025-03-12,89.65251931174096,89.66185882283455,87.08274214024401,87.80227661132812,6578981
2025-03-13,88.58722591840423,89.13855647951415,87.6060354693881,87.95178985595703,5522916
2025-03-17,88.07326860232233,89.04511242173773,88.04523581137532,88.58722686767578,4495889
2025-03-18,88.58722686767578,88.58722686767578,88.58722686767578,88.58722686767578,0
2025-03-19,92.51197362555027,97.17494888579874,92.23163145977448,96.4460678100586,14730072
2025-03-20,97.11888496382454,97.60480331282147,95.12847836687912,95.68915557861328,6730020
2025-03-21,96.23114776673198,99.1466721536647,95.34340230247166,98.9037094116211,9871684
2025-03-24,99.4270204547124,101.76318161610416,99.08126603624312,100.58575439453125,9980825
2025-03-25,101.85661886342614,102.03416937954941,97.94121077433309,99.0158462524414,8193377
2025-03-26,98.97847144890774,100.37082859310465,98.1187658779847,98.50189971923828,7981147
2025-03-27,97.46463477736282,101.51086000367927,97.24970483944156,100.73526000976562,13735931
2025-03-28,100.73526671434793,101.95006617531196,99.75407622756363,100.0998306274414,9918716
2025-04-01,99.53914557372227,104.19278146111793,99.29618996088058,103.06208038330078,12089356
2025-04-02,103.77227736947265,104.75346073923244,100.96888409119133,104.23950958251953,7907441
2025-04-03,103.02470187469868,110.40697218774483,102.39861242696911,107.3886489868164,27606403
2025-04-04,107.22978946045899,108.22031943899152,103.37979358165721,104.18343353271484,15100808
2025-04-07,97.17494951632129,101.38003925385843,96.2498317702944,98.83829498291016,10220616
2025-04-08,101.28660048654802,102.79108881132008,100.17458551709095,102.09024047851562,7718332
2025-04-09,101.76317332586811,101.94071671167946,97.66087523101376,99.76342010498047,9301804
2025-04-11,101.48283001049789,102.51073940027231,100.10916623432952,101.07167053222656,4886516
2025-04-15,102.09958445816079,104.45443165807424,101.71645062410231,104.06195831298828,5998656
2025-04-16,104.660017395389,108.67821734357827,104.22081796740112,107.91195678710938,14837452
2025-04-17,108.39787182239134,110.079910616222,107.27651737943602,109.42578125,17071220
2025-04-21,109.43512793388402,113.56545892666952,109.43512793388402,112.01425170898438,14653740
2025-04-22,112.74312906411355,113.67759344569858,110.77140864861732,111.04240417480469,9232904
2025-04-23,111.60308598080594,111.73391042927175,107.29520443367397,110.06121826171875,10905130
2025-04-24,109.97711998211096,111.37881661352448,109.13610057738332,110.79944610595703,5724055
2025-04-25,110.79944772227759,110.79944772227759,106.2486033593184,107.73440551757812,10250155
2025-04-28,107.73440321735322,111.38815537124032,107.73440321735322,110.62189483642578,7601791
2025-04-29,111.85538516045605,113.58414999365326,109.4818518724961,110.09859466552734,10126876
2025-04-30,110.07056209604406,110.07056209604406,107.07093223943951,107.60357666015625,6188498
2025-05-02,107.65964066635982,109.64070772410167,107.27651397677145,107.52881622314453,4396901
2025-05-05,108.30443065786918,109.07069121799293,107.19241568633183,108.73428344726562,4171126
2025-05-06,109.14544840679217,109.14544840679217,101.48283579395424,101.92203521728516,9655744
2025-05-07,100.37082653517211,103.53866034107276,100.22130880621744,102.03417205810547,10750031
2025-05-08,102.96863214302412,104.89362648122791,98.58599192667745,100.79132843017578,9753681
2025-05-09,97.37118634808628,103.93113034230429,97.37118634808628,102.99666595458984,9757040
2025-05-12,107.4914395557037,108.21098114128326,101.6884164459642,102.87518310546875,35316475
2025-05-13,103.25831706370789,107.594231345624,103.25831706370789,105.18331146240234,24284878
2025-05-14,105.71595491706488,107.36996089614519,105.33282822067181,106.39811706542969,10275111
2025-05-15,106.84665673877738,107.08961948052062,105.68792287179811,106.57566833496094,6667061
2025-05-16,107.18306569160649,107.79046898804563,106.62238846773869,106.83731842041016,8365646
2025-05-19,107.54750231384308,111.9488358274065,107.06158397208567,110.21073150634766,22160038
2025-05-20,110.92091827237131,111.47225595997165,108.16425122256173,108.55672454833984,10161179
2025-05-21,108.39786658946723,110.5471374856725,107.566193873055,110.22941589355469,9954905
2025-05-22,109.51923060011967,110.78076331012299,107.65030170162345,108.8183822631836,8075716
2025-05-23,109.33233163582669,110.0238332755827,108.25769618104806,109.38839721679688,9294500
2025-05-26,109.70612241035045,110.64058681396604,108.92116860402659,109.62201690673828,5189915
2025-05-27,109.8930201359186,110.00515843878946,108.49132343232424,109.07069396972656,9834280
2025-05-28,109.51922100843728,112.36934018079006,109.28560491658533,112.07965850830078,18821556
2025-05-29,113.07953783835397,113.48135781125909,110.73403022305212,111.39749908447266,8543658
2025-05-30,111.80866877202155,114.57468258715475,110.07991102873801,113.94859313964844,17477465
2025-06-02,114.73353595380856,117.55562238661506,113.8364510004852,117.04166412353516,20837438
2025-06-03,117.74251738796566,119.10683459106039,115.48111519363322,116.42491912841797,13925152
2025-06-04,116.75197967093364,117.54627295276266,115.03256153754869,116.70525360107422,5810092
2025-06-05,117.27528111171914,117.73316666723878,115.54652341364104,116.1072006225586,4686895
2025-06-06,116.3408217700895,118.4433667418381,114.85502674549811,116.22868347167969,12062024
2025-06-09,117.36873196834259,121.4710374095593,117.18184193253133,120.8355941772461,23756753
2025-06-10,121.5738265729695,121.704651021232,117.65841837731932,118.00416564941406,15719168
2025-06-11,118.58353275416235,118.58353275416235,115.31290738261791,115.82685852050781,13176717
2025-06-12,116.079175117812,116.94822734147377,114.27565844416547,114.72419738769531,8820490
2025-06-13,111.20126240382518,113.49069730743905,110.65927134659988,113.24774169921875,8562642
2025-06-16,113.71497666911306,113.71497666911306,110.60320846359579,113.58415222167969,9464721
2025-06-17,114.83633278923114,114.83633278923114,111.43488284750808,111.80867004394531,10245273
2025-06-18,111.99556531771209,112.78985869143241,111.05175420666187,111.83670806884766,10339326
2025-06-19,110.87420695614856,111.48161026651759,106.96814532148655,108.09884643554688,21418540
2025-06-20,108.03105762485173,111.36224362440325,108.03105762485173,109.59981536865234,14597819
2025-06-23,108.4571400220913,110.97489358070715,108.4571400220913,110.79090881347656,9318649
2025-06-24,112.3209286883817,113.64759463920325,111.21699048243491,111.62370300292969,10047772
2025-06-25,112.57270348166413,112.90194483160144,111.55591481757489,112.47586822509766,7116589
2025-06-26,112.57270276608779,113.54107010171005,111.75927775043219,113.25055694580078,8706576
2025-06-27,113.68632430600569,116.59142625221678,112.81479224453109,113.07624816894531,17380242
2025-06-30,113.83158563762927,115.91356954230244,113.6379077336215,114.80963134765625,14142517
2025-07-01,115.35192032247063,117.65663193440724,113.85094798866095,117.25959777832031,18672483
2025-07-02,117.25959436046668,117.78251359594445,114.99361839478591,115.48748779296875,9878461
2025-07-03,116.01041041795405,116.01041041795405,114.07367573577154,114.7418441772461,6579528
2025-07-04,115.04204009750681,115.5746376884799,113.23119055686318,114.0833511352539,7342255
2025-07-07,114.65469062580219,115.37128036432264,113.68632331880734,113.99620056152344,10444935
2025-07-08,114.04462147938708,114.82900406997537,112.37903581530436,113.26024627685547,6656174
2025-07-09,113.67664113073027,113.67664113073027,111.94326271045554,112.24346160888672,6151277
2025-07-10,112.53396895978779,112.77606079750906,110.20020748594418,110.80059051513672,7637030
2025-07-11,110.5778660484191,111.79800354574634,109.97747565350359,110.9361572265625,6809477
2025-07-14,110.64565458059973,112.20472659247595,110.23893468198156,111.34288024902344,5246766
2025-07-15,111.60433903608443,112.67922740439624,111.1201553526307,112.12725830078125,5544394
2025-07-16,112.15630740840162,114.6546969718661,111.88516572952454,114.28671264648438,8212544
2025-07-17,114.56753535023276,114.72247766781504,112.19503836969074,112.42744445800781,7477336
2025-07-18,112.70827295758122,113.05688578745642,111.26540770440994,111.38160705566406,4493397
2025-07-21,111.3622418218039,111.89484680313072,110.23893218411692,111.04267883300781,3793957
2025-07-22,111.35255539711464,111.50749771366189,109.3286712565962,109.5513916015625,4405528
2025-07-23,109.86127374841544,109.95811639460656,108.78638539059226,109.64823913574219,4181125
2025-07-24,109.71601988716958,111.84642502771302,108.69923124987695,111.06204986572266,6534344
2025-07-25,111.07173162816079,112.66953922663158,109.03816167922366,109.56108093261719,11398412
2025-07-28,109.52234773544569,111.70117431130227,107.68244826044436,107.97296142578125,8540528
2025-07-29,107.78896861501117,109.14468439835304,106.81092289956351,108.62176513671875,6272053
2025-07-30,109.32867600967089,112.42744859477234,109.32867600967089,110.52944946289062,22481500
2025-07-31,109.13499506756,109.98716304578343,107.51782340060439,107.85675048828125,7807247
2025-08-01,107.85675473525895,108.0794824805347,105.36805089624139,105.83287048339844,6982193
2025-08-04,106.31705245796655,108.4377793229313,105.74571187852229,108.15695190429688,5251839
2025-08-05,108.11821805566807,108.57335190046817,106.7334524246633,107.21763610839844,3565443
2025-08-06,107.6824458926268,109.01879755812355,106.52040803294456,108.17631530761719,8129316
2025-08-07,107.0530149127353,108.69923647427223,105.84255570923563,108.3699951171875,8568226
2025-08-08,108.45714384233091,108.5055651653403,106.6947155504153,107.13047790527344,3578107
2025-08-11,107.14016077200213,109.86127060440904,107.05301125859211,109.61917877197266,7458908
2025-08-12,109.70633818847122,110.30672860637779,109.35772535072631,109.91938018798828,3083473
2025-08-13,109.91938238995041,111.00394911749974,109.24152079717534,109.9677963256836,3141791
2025-08-14,110.04526705989197,110.29704464411668,109.03816411104978,109.60950469970703,2291942
2025-08-18,110.42292267474727,111.64306754845093,110.2389305225065,111.22666931152344,4616495
2025-08-19,111.29445646062527,112.96004943427417,110.78122296275687,112.80510711669922,5680882
2025-08-20,112.80511193809379,113.5991728794634,112.23377874074366,112.65017700195312,2600256
2025-08-21,112.86321472116391,113.29897706233496,112.08851790568607,112.28218841552734,2228690
2025-08-22,112.1369422226382,113.14403776638254,111.55591590148094,111.80769348144531,4478996
2025-08-25,111.80768883166127,112.48555038213543,111.1298346692434,111.33319091796875,2758723
2025-08-26,111.12015227424598,111.36224410926613,108.55397734542116,108.82511901855469,3769151
2025-08-28,108.87353729386638,109.20277863401256,106.56882574867417,106.7818603515625,4000540
2025-08-29,107.36288619656827,108.2053610269484,106.3751474041868,106.80123138427734,4167804
2025-09-01,107.25637161964599,108.55398034494186,107.17890045716534,108.35062408447266,2212254
2025-09-02,108.7476547002473,110.27766947496944,107.89548671689899,109.34803771972656,4219395
2025-09-03,109.42550894147978,110.17114853927423,109.31898794350107,109.97747802734375,2145524
2025-09-04,110.47134739722605,111.16857306081357,108.46682730844019,108.59271240234375,3068333
2025-09-05,108.83480308302033,109.55139283497854,107.80833608253506,109.00910949707031,2803336
2025-09-08,109.42550826124612,110.49071084635493,108.9510103383266,109.61917877197266,3338930
2025-09-09,110.1808347592678,110.19052050132328,108.95101148825555,109.2027816772461,3781116
2025-09-10,109.46424397938013,114.0833528973607,109.32867314408888,113.77347564697266,10642889
2025-09-11,113.8315839137265,117.36611879867509,113.58949207842556,114.36418151855469,15107871
2025-09-12,115.09045634979404,115.57464001755763,112.81479458891646,113.62821960449219,4937371
2025-09-15,113.78316198609974,115.17761331419257,113.2989783180738,114.25765991210938,4276523
2025-09-16,114.34481506491122,114.75152756669765,113.39581183935323,113.81221008300781,3693614
2025-09-17,113.97683373351812,116.20408158580193,113.31834364234298,115.85546875,11992878
2025-09-18,116.39775158854943,116.93035658203388,114.47070264603964,115.24539947509766,8424454
2025-09-19,115.235716623505,117.41454319831917,115.15824546104467,116.65921783447266,8984418
2025-09-22,116.65921599692638,117.85030370175174,116.0878754178517,116.71731567382812,7134399
2025-09-23,116.71731223121337,117.9955568017457,115.49716733586912,117.5888442993164,6971134
2025-09-24,118.30543928993448,119.95166824439586,116.5430109799498,117.16276550292969,11500294
2025-09-25,117.0756102094455,117.3564376181978,115.48748839916487,115.97167205810547,4855466
2025-09-26,115.7586353476094,116.08787670444372,112.33061399933865,112.65017700195312,6173940
2025-09-29,112.92131562582131,116.10724504737149,112.58238853588117,115.01298522949219,6351712
2025-09-30,115.23571440582468,120.0097657267311,115.13887914864118,119.50621795654297,18078558
2025-10-01,119.78704012511591,121.72377485559834,118.46038156309172,120.6876220703125,14344547
2025-10-03,120.7069900984905,121.9658632044223,119.73862276097843,121.55915069580078,9233400
2025-10-06,121.96585976289153,122.45004341798527,120.10659630046506,122.05301666259766,7570833
2025-10-07,123.70892556982797,125.35514706445832,121.98523291618865,122.24668884277344,17946269
2025-10-08,122.64372247622524,122.68245805556691,119.78703445124053,120.88129425048828,7459860
2025-10-09,120.88129658672833,122.42099710802202,120.56173359202555,121.81092834472656,4607824
2025-10-10,122.01428623271899,123.62177958173466,121.57852387996762,122.75992584228516,8734998
2025-10-13,122.98265488494745,123.32158198379071,120.85224964531275,122.84708404541016,8765224
2025-10-14,122.97296803492101,123.21505987306492,119.80641004274366,120.3680648803711,6962918
2025-10-15,120.61015767420321,122.98265475158996,120.42616551157782,122.3435287475586,6501734
2025-10-16,122.9536014102044,123.28284275704246,121.05560232475332,121.45262908935547,4927467
2025-10-17,121.45263210132838,122.49847061967341,118.33448803073854,119.21570587158203,9571915
2025-10-20,120.57141725397828,126.32351411911141,119.98071259689051,125.66503143310547,27195370
2025-10-21,126.42036117481497,127.33062885286834,125.88775617423977,126.1395263671875,3759439
2025-10-23,126.85612536863492,132.27898854674714,126.64308336531609,131.24282836914062,32054251
2025-10-24,130.73927128975203,131.79480293663366,128.98652874123798,129.6643829345703,8071441
2025-10-27,129.94521193906496,136.49136964765637,129.4997564741322,135.2906036376953,26494042
2025-10-28,135.29060104920563,137.5081556493859,134.91293839586098,136.62693786621094,23439322
2025-10-29,137.24670202927885,137.82772835671392,135.4552312758952,136.31707763671875,14121917
2025-10-30,135.57142979605052,137.22734447576352,133.8767869235999,134.4481201171875,14652512
2025-10-31,134.40939219352242,138.19571210810196,134.02203638480464,135.45523071289062,19520445
2025-11-03,136.0943332319536,138.42810196078494,135.76509189769283,137.63404846191406,10891336
2025-11-04,137.77930054585931,138.79608918293695,136.53979156340114,137.66310119628906,21244500
2025-11-06,137.50816753991677,137.9536230348459,135.34871242642564,135.73605346679688,8872753
2025-11-07,135.57142201295065,140.29705916575804,134.167292383039,140.0065460205078,15852911
2025-11-10,140.94586943256067,142.0594859642243,139.44489709884357,141.3235321044922,13305840
2025-11-11,141.32352537133085,141.73991621557286,137.5081558655318,140.90711975097656,12078028
2025-11-12,141.38162598800812,143.1246900855485,140.60692919175546,142.020751953125,7678828
2025-11-13,142.15632120406795,142.485562536579,139.5610891818867,140.04527282714844,6531155
2025-11-14,139.4933242567603,142.15633455581778,139.44490293246383,141.88519287109375,4683129
2025-11-17,142.59209168113844,145.3035232048309,142.10790800819737,142.68893432617188,11822101
2025-11-18,142.747036336361,143.99622373148074,141.58499845752823,141.85614013671875,5679286
2025-11-19,141.8658100939475,144.06400801223685,140.72314376729472,143.8896942138672,6008229
2025-11-20,143.909072301568,144.51914845969088,142.56304227773043,143.04722595214844,6792534
2025-11-21,142.834181731477,143.57013558574363,140.1808499175391,140.8587188720703,6836506
2025-11-24,140.8587264706565,142.93103208567558,140.4035926171422,141.23638916015625,5975367
2025-11-25,140.89744536309976,142.93102264991947,140.51978269853183,142.55335998535156,5835383
2025-11-26,143.31836137116488,146.63985414013828,142.85354920132664,144.1414794921875,11556248
2025-11-27,144.6353501288316,144.9549131321973,141.23638599939983,142.96975708007812,7775331
2025-11-28,143.01817016045896,143.12469115544138,141.57529755135397,142.48556518554688,4416863
2025-12-01,142.83418290918274,144.32546211399907,141.7205663766072,142.58241271972656,6729070
2025-12-02,142.58240704847168,144.67406919362483,140.68440063263162,141.1201629638672,10708531
2025-12-03,141.468778779553,141.468778779553,134.6805291595053,135.8619384765625,9346948
2025-12-04,135.57142772426576,138.2344379117067,135.30028605090627,137.04335021972656,8328312
2025-12-05,137.02398154700515,139.23185794744026,136.30738438064475,138.5830535888672,4937787
2025-12-08,137.84709226028403,138.37000410532713,132.44360090631386,133.77993774414062,7093668
2025-12-09,133.56689665848438,137.41131608092388,132.38550212826928,137.1595458984375,10059178
2025-12-10,135.96846896450236,137.63406205969852,133.1505163094318,133.78964233398438,11795693
2025-12-11,134.60306702105737,137.30480553387488,134.37065352838266,136.30738830566406,7263380
2025-12-12,136.5397912512813,137.0917677127035,135.40680326722332,136.65599060058594,3210687
2025-12-15,136.63664180229773,137.79867969094622,135.70700262571089,137.2854461669922,2748359
2025-12-16,137.31448590803123,137.50815641254474,134.08014267670737,134.97103881835938,5150925
2025-12-17,134.97104708869173,138.28286167997447,134.6999054105362,137.4694366455078,6426422
2025-12-18,137.74057586084535,138.95103503672277,136.65599439150233,137.79867553710938,5612515
2025-12-19,137.50815494388047,138.86386323710764,137.2951129583573,138.6798858642578,4035757
2025-12-22,138.6992453081782,139.20280044536162,137.7599278378666,138.20538330078125,7693720
2025-12-23,138.48620733845212,139.00913397427553,136.14276015954033,136.4332733154297,3701448
2025-12-24,136.74315613368705,137.16922534372085,134.96134903015508,135.35838317871094,4090710
2025-12-26,135.57142946039,136.22991216809183,134.7483112996495,135.3487091064453,2470349
2025-12-29,135.34871260534513,135.92004581228773,134.2738242243634,135.48428344726562,5185660
2025-12-30,135.48427502206525,137.9923428296851,133.74121089425722,137.51783752441406,15268073
2025-12-31,137.9923502395264,140.30674766302548,136.73346970317118,139.29965209960938,9324922
2026-01-01,139.54173582667067,143.11499880259782,138.97038788169274,142.34031677246094,7447505
2026-01-02,142.83417816359113,145.54560958564792,142.17569548560826,144.49977111816406,9401609
2026-01-05,146.12662048824765,147.51139341867923,143.3183612127668,145.14857482910156,9650550
2026-01-06,145.24542173362784,148.39261556885842,144.89680890237315,145.89422607421875,11879226
2026-01-07,145.89422089753106,147.1627796957728,144.97427491817433,146.69796752929688,5035903
2026-01-08,146.22347361214904,146.60113629732132,141.67214990527174,142.28221130371094,6830925
2026-01-09,141.86581315539146,145.30352011540336,140.6069326772883,141.4010009765625,6843545
2026-01-12,141.37195861489246,145.2454281208995,138.37969219165575,141.27511596679688,8324371
2026-01-13,142.25316219103274,143.2990007344155,141.18796693885457,142.8922882080078,5614349
2026-01-14,143.08595910157757,148.86711355649587,141.49783718551328,148.03431701660156,16837377
2026-01-15,148.03431701660156,148.03431701660156,148.03431701660156,148.03431701660156,0
2026-01-16,148.64438796776471,152.59532852206104,148.59596664512588,152.3629150390625,17659016
2026-01-19,152.6147042276738,159.14149087919796,152.0336778921628,157.89230346679688,35194066
2026-01-20,157.89230103487898,160.1001774340326,154.06725291733474,154.69668579101562,19736674
2026-01-21,154.93877929102828,157.39842591078343,151.29772329708996,152.4984893798828,17533985
2026-01-22,155.907136395073,163.07304855496054,155.907136395073,161.1556854248047,42718644
2026-01-23,160.9039190291072,161.03948986420372,154.02850507865142,154.59983825683594,15396336
2026-01-27,155.1324469262896,159.05433765941564,153.6798958974365,158.0084991455078,17486540
2026-01-28,158.7638204329071,162.37582642818305,157.23379828189468,162.0465850830078,15122267
2026-01-29,162.3952046414723,164.52560989562784,157.9600803233604,159.69346618652344,18770105
2026-01-30,158.81224548926596,162.1337384090986,156.87551078817734,158.90908813476562,11736534
2026-02-02,145.6811810183723,147.57917267835592,141.76896879690705,146.8722686767578,17969570
2026-02-03,153.00204039595792,155.78124994568023,150.6876430341775,153.01171875,19569935
2026-02-04,153.00204613610236,156.43975329248437,151.2589818957848,155.83935546875,8224127
2026-02-05,155.8587255973161,159.65472392313214,155.74252624101067,158.28933715820312,12318378
2026-02-06,158.21186003707388,159.6353612026604,155.90714104972187,158.48300170898438,12267604
2026-02-09,160.748979561142,165.10663262153437,160.44878804782638,163.08274841308594,14437299
2026-02-10,163.1698921349264,163.59597611654874,160.11954101139506,162.26931762695312,6303083
2026-02-11,162.20152237298313,162.29836501320298,157.95039052690885,161.84323120117188,8276865
2026-02-12,160.9426540202172,161.6205082243375,158.36679326844654,160.0517578125,5243794
2026-02-13,158.90909068580615,159.2480103982696,156.1589161362645,156.67214965820312,8120034
2026-02-16,155.90714841233873,160.95234897114725,154.51269701888248,160.37132263183594,9299801
2026-02-17,160.36163179213287,165.5908093343516,159.78060549805858,164.8258056640625,15325479
2026-02-18,165.84257951676807,167.80836396598482,165.05820436303588,167.09178161621094,11782447
2026-02-19,166.87874365731793,167.96331033794624,163.024645823417,163.80902099609375,6852486
2026-02-20,163.6540727592752,167.15955763676885,162.84064777821794,166.26866149902344,7073597
2026-02-23,166.956217893647,169.14472277913626,166.3945630590815,168.62181091308594,9288166
2026-02-24,168.4959200345553,172.58243146116058,167.54692416247698,169.94847106933594,22315167
2026-02-25,170.23898193906095,170.77158693319774,168.2054046073071,170.02593994140625,9784182
2026-02-26,170.02594562440555,172.27255025279229,169.22219892931864,171.59469604492188,8488762
2026-02-27,171.40102515138963,172.71800537071604,169.63858943865444,170.4810791015625,6371509
2026-03-02,165.10663670524227,168.8832635405473,164.69024582837346,166.84970092773438,11169455
2026-03-04,163.46041332223393,163.6831336777209,155.54885376421538,158.22154235839844,13624211
2026-03-05,159.29642638735282,161.99816474677934,156.90455789111934,158.98654174804688,11180767
2026-03-06,158.32805683750652,159.01560413627212,154.09629637699467,154.5320587158203,7458169
2026-03-09,149.1285697010199,150.17440819673203,143.1731164967815,146.50428771972656,13124009
2026-03-10,149.12856416620346,151.98524474533357,146.74637410725387,151.22991943359375,6865878
2026-03-11,151.9852501671182,152.7115256678621,148.91552749044084,149.41908264160156,6073597
2026-03-12,146.2234685067385,151.64633152736735,145.07110900664637,149.88389587402344,6364616
2026-03-13,149.18667489017847,149.7580080931003,144.96459255936372,145.4487762451172,9551217
2026-03-16,144.2867285194336,147.03688812078536,142.23379456013055,145.90390014648438,10444439
2026-03-17,146.3203042621974,146.9497370938348,143.84127157375423,146.59144592285156,8579109
2026-03-18,146.9691113134666,149.31255843910293,146.93036834630192,147.62759399414062,6122539
2026-03-19,143.90906460667154,145.16794504806796,140.14211641216465,141.15890502929688,7145447
2026-03-20,142.301570512919,147.86000408483477,142.301570512919,145.72959899902344,12913188
2026-03-23,144.0930551367155,144.0930551367155,138.48620027519186,139.1834259033203,9048350
2026-03-24,142.34999144410833,143.88969188693073,140.31641422731906,141.70118713378906,5828421
2026-03-25,143.31836876502405,146.0298003185039,143.13437660310703,144.7709197998047,8785495
2026-03-27,143.82191508824684,143.82191508824684,138.52494479154961,140.40357971191406,14692046
2026-03-30,136.64631542599753,138.39905794064637,131.89162825816132,132.65664672851562,11661437
2026-04-01,138.2925397232135,140.20022459630573,135.2228169783369,137.2176513671875,13202443
2026-04-02,135.0872369377598,135.37775007994517,130.26477197148668,134.75799560546875,9218922
2026-04-06,135.93940914812475,140.88776674575865,133.518490847445,138.5249481201172,14321009
2026-04-07,137.55658180610874,137.55658180610874,131.82384900129617,133.1989288330078,27177315
2026-04-08,139.44490008665292,142.83418585264795,138.55400388701068,141.85614013671875,17553137
2026-04-09,141.8464502006884,143.85097777710922,138.9122982107121,139.72572326660156,12609816
2026-04-10,141.86582156922208,143.79287798024586,141.1395460321783,143.25057983398438,9728052
2026-04-13,138.42811011875023,140.75220063099061,136.58821805899228,140.38421630859375,11779572
2026-04-15,143.03754041975336,145.18730223225998,142.49524231968527,143.02784729003906,9048315
2026-04-16,143.94780517188818,146.22347442605027,143.16342995801932,144.1511688232422,9550976
2026-04-17,144.15116075763217,144.74186541761136,142.01106246541192,143.4152069091797,8807839
2026-04-20,143.31836927360715,146.22347135347755,141.3913129078923,143.61856079101562,9439402
2026-04-21,144.77092161434993,146.46556450950118,144.33515925367658,145.09048461914062,7154993
2026-04-22,145.0904815938039,149.45781301598512,144.46103395163308,148.08273315429688,15080884
2026-04-23,147.20150710312097,148.62500820798547,144.60628984664916,146.087890625,14160285
2026-04-24,145.9813706736925,146.66891795911775,141.16858400405292,142.7760772705078,13803000
2026-04-27,143.8993884109894,145.0614262296609,142.59208662991358,142.84385681152344,4845169
2026-04-28,139.44488937933275,140.994282949548,137.1885918266587,139.68698120117188,15483742
2026-04-29,140.41325680889202,142.5920832076507,138.2053805735722,138.6798858642578,9711019
2026-04-30,137.71153229208448,137.79868181044804,134.4384458031472,135.44554138183594,10512024
2026-05-01,135.44554138183594,135.44554138183594,135.44554138183594,135.44554138183594,0
2026-05-04,135.58110601363379,138.0891886551828,133.85741332976465,134.27381896972656,11205255
2026-05-05,134.31254945213263,135.2712384549024,132.41455770715677,134.19635009765625,8548754
2026-05-06,136.05561000103555,138.71862016119817,134.02203269555716,137.83740234375,21321991
2026-05-07,138.71862066933875,139.0478620168069,135.28091367658632,135.92971801757812,10811865
2026-05-08,135.81352129871212,135.81352129871212,133.7896370766063,135.3487091064453,10454713
2026-05-11,138.47652966814096,141.76897271484037,137.12082130211485,139.309326171875,31970908
2026-05-12,138.48621031688387,139.4255278346641,135.40680921612136,135.70700073242188,9840646
2026-05-13,135.76509855767569,137.89550375743437,134.26412622053445,136.14276123046875,7974427
2026-05-14,137.16922138318859,139.92907408351599,135.4261720736263,139.39646911621094,9541746
2026-05-15,140.40358696792276,141.46878218400795,137.50816328084787,137.7599334716797,8539888
2026-05-18,136.5397925193296,136.5397925193296,133.1408285355894,133.8477325439453,12262451
2026-05-19,135.27122891592384,135.47457777191786,133.6540573170091,134.2544403076172,12748150
2026-05-20,133.92521005406272,135.46491062411624,132.18214583508075,134.76768493652344,12319759
2026-05-21,136.78188123131628,137.21764356143248,134.40938429969466,134.82577514648438,7439205
2026-05-22,135.08724500662336,135.76509919480316,134.6999039779815,135.49395751953125,5789870
2026-05-25,137.1208228560726,141.8658169670509,136.6850457270922,141.3913116455078,12177599
2026-05-26,141.3913037160566,142.35967101305994,139.44489076848032,140.40357971191406,12544549
2026-05-27,140.88777666634303,142.8245114432616,140.49074249080743,142.35000610351562,12172304
2026-05-28,142.35000610351562,142.35000610351562,142.35000610351562,142.35000610351562,0
2026-05-29,142.47999572753906,144.16000366210938,139.5,139.91000366210938,12099858
2026-06-01,140.3000030517578,140.86000061035156,136.38999938964844,136.74000549316406,7863805
2026-06-02,136.6999969482422,138.17999267578125,134.60000610351562,137.2899932861328,7422302
2026-06-03,137.67999267578125,140.52999877929688,134.6999969482422,139.9199981689453,7726413
2026-06-04,139.85000610351562,140.6300048828125,138.35000610351562,139.69000244140625,6349575
2026-06-05,139.89999389648438,143.3699951171875,139.8000030517578,141.4600067138672,12702704
2026-06-08,139.2100067138672,144.24000549316406,139.08999633789062,140.0800018310547,7531562
2026-06-09,140.1999969482422,148.0,140.1999969482422,147.72000122070312,22007536
2026-06-10,147.32000732421875,149.19000244140625,144.14999389648438,144.86000061035156,12647039
2026-06-11,144.39999389648438,144.39999389648438,140.2100067138672,141.3800048828125,11181743
2026-06-12,144.0,145.9499969482422,141.91000366210938,145.67999267578125,9184204
2026-06-15,149.0,151.0,145.83999633789062,146.22999572753906,7545257
2026-06-16,146.8000030517578,148.3000030517578,144.1199951171875,145.6699981689453,6079628
2026-06-17,145.99000549316406,147.83999633789062,144.77999877929688,147.13999938964844,8514850
2026-06-18,147.75,148.5,146.2100067138672,147.6699981689453,6679500
2026-06-19,147.39999389648438,147.44000244140625,145.3000030517578,146.57000732421875,10500090
2026-06-22,146.60000610351562,147.25999450683594,145.25,146.08999633789062,7688929
2026-06-23,146.08999633789062,146.39999389648438,143.44000244140625,144.50999450683594,10393055
2026-06-24,144.1999969482422,145.77000427246094,143.3300018310547,144.14999389648438,7017990
2026-06-25,145.36000061035156,146.10000610351562,144.1699981689453,144.72000122070312,6879658
2026-06-26,144.72000122070312,144.72000122070312,144.72000122070312,144.72000122070312,0
2026-06-29,145.0,145.10000610351562,141.5,142.5500030517578,13540640
2026-06-30,143.0,143.5,140.10000610351562,140.39999389648438,7187490
2026-07-01,140.64999389648438,142.5,140.1300048828125,141.63999938964844,3923577
2026-07-02,141.8800048828125,145.64999389648438,140.05999755859375,144.9600067138672,14023902
2026-07-03,145.63999938964844,147.11000061035156,142.75,144.0500030517578,8081817
2026-07-06,143.63999938964844,144.61000061035156,139.39999389648438,139.8000030517578,12694277
2026-07-07,140.5,142.89999389648438,139.99000549316406,142.41000366210938,11079712
2026-07-08,141.72999572753906,141.75,134.00999450683594,135.1199951171875,14342743
2026-07-09,135.60000610351562,139.22999572753906,135.44000244140625,138.52999877929688,8302820
2026-07-10,139.8000030517578,146.89999389648438,139.5,144.89999389648438,14184717
2026-07-13,143.99000549316406,145.89999389648438,142.55999755859375,145.58999633789062,9795111
2026-07-14,144.88999938964844,146.1300048828125,141.35000610351562,141.8699951171875,7245592
2026-07-15,142.6999969482422,147.47999572753906,142.55999755859375,145.2100067138672,14148660
2026-07-16,145.3000030517578,146.4499969482422,142.85000610351562,143.3300018310547,4441430
2026-07-17,143.5,144.1999969482422,141.77000427246094,143.1699981689453,4520145
2026-07-20,143.0,147.77999877929688,142.66000366210938,146.9499969482422,13068497
2026-07-21,147.10000610351562,149.3300018310547,146.3300018310547,147.10000610351562,12651707
