date,open,high,low,close,volume
2021-07-23,774.2145639348743,780.0498555627713,758.4930144775881,760.904296875,555945
2021-07-26,760.0361263945622,766.6912886124454,752.320023588526,755.8887329101562,1256853
2021-07-27,756.371002635655,758.9751991523233,748.5584130856503,752.6575927734375,634528
2021-07-28,754.2491652775547,756.6604477752451,739.7332564152988,750.39111328125,421472
2021-07-29,752.3201528646141,766.2091638497958,747.1600317740572,757.3356323242188,1155947
2021-07-30,758.878691643798,761.8204440354702,742.9160158965867,744.266357421875,1406463
2021-08-02,749.6676893727866,759.0716906225579,743.6394834434461,757.4320068359375,1360852
2021-08-03,761.1936432265585,790.9006307542185,759.5539594133501,783.37744140625,3313907
2021-08-04,786.9943442675424,788.7786696568241,760.2291102131269,762.7850341796875,1011634
2021-08-05,763.9424811716071,772.7195844633352,750.0052570714473,753.4775390625,1036871
2021-08-06,754.8278039592601,776.9633877255405,749.2818545493892,751.9342651367188,1514625
2021-08-09,756.178121553435,761.7722846584348,744.8450948592349,747.5939331054688,900246
2021-08-10,751.8378444720463,752.0307588358723,719.526660649322,724.1563110351562,1480912
2021-08-11,724.4456711110694,758.107197446115,720.2018493476493,754.92431640625,2435357
2021-08-12,759.0716282040692,814.820460280542,747.5456876411089,798.1343994140625,15755004
2021-08-13,804.1145103000839,805.3683654425012,785.78876306247,790.611328125,3470286
2021-08-16,794.4209913041756,803.9214188369364,773.7321799693872,775.8058471679688,1928149
2021-08-17,772.5748240365,787.4283460737686,762.4474387026883,782.0270385742188,2634226
2021-08-18,785.5957354527054,793.7940948773193,771.1280423504456,774.4074096679688,2465802
2021-08-20,769.6814571970735,771.514055642845,720.4912888799673,726.1336669921875,2732904
2021-08-23,734.9588545118349,745.857838874457,691.5557725524747,694.1117553710938,3655328
2021-08-24,701.4419884932669,719.2372628146488,694.4974840179478,714.7040405273438,2855082
2021-08-25,716.826037546021,721.6486023049833,702.6958992545814,705.1553955078125,1821422
2021-08-26,705.1552924542801,709.5438728389346,698.307275045023,701.2972412109375,878476
2021-08-27,703.1780751244252,708.5793823568248,696.619399577904,703.5639038085938,856128
2021-08-30,706.6504821307319,747.4975846609765,706.6504821307319,732.8369750976562,4252860
2021-08-31,731.5348767140679,742.0963055504637,719.5748922918954,739.974365234375,3404792
2021-09-01,743.3501994898677,757.046296206705,735.7305230513642,753.3328857421875,2545047
2021-09-02,756.5156761406158,758.0589321155423,747.9797604491263,753.67041015625,1481791
2021-09-03,762.9297130761403,782.6540138922136,757.4319777061771,763.2190551757812,3896373
2021-09-06,771.5620253879724,776.3363755171949,758.5893164666752,760.1807861328125,1572573
2021-09-07,764.1835049803982,766.7877014005023,740.456512862097,749.619384765625,1957784
2021-09-08,749.6195188114528,753.4775708291452,738.8651752644548,744.9898681640625,929880
2021-09-09,747.4974579529005,748.9442272263577,731.6312098134811,746.3882446289062,1203910
2021-09-13,749.4264798641512,752.7540609501278,737.9970262092668,747.0151977539062,1287735
2021-09-14,748.4620813266378,763.7495886926521,746.5330553438371,752.3683471679688,2152450
2021-09-15,752.3682651693022,762.9296930479131,747.4974868674243,759.6021118164062,1287314
2021-09-16,764.5693198133939,766.7394736459775,749.4746707190809,750.8250122070312,1224948
2021-09-17,752.2717785034059,756.3227440823138,729.2198987792613,734.5247192382812,1928495
2021-09-20,733.0298921357588,741.1800388945298,708.000767597546,713.8360595703125,1924787
2021-09-21,713.2573419346377,723.0953860110244,701.3938441671713,712.7750854492188,1884073
2021-09-22,712.7751227005641,724.2045784546443,704.6731897744191,714.5594482421875,2727267
2021-09-23,716.1991484397334,740.408461145083,716.1991484397334,737.1773071289062,1539670
2021-09-24,740.7459193015585,747.401081967962,711.8587457007899,723.1917724609375,2047990
2021-09-27,723.1917630970187,757.9142276146913,717.9834287408853,752.947021484375,3984098
2021-09-28,755.8888272412898,764.8587860988742,724.3974551865124,729.0753784179688,2304265
2021-09-29,725.9888871695283,725.9888871695283,710.7495947966268,717.79052734375,3149740
2021-09-30,723.3846540677703,725.2654659421852,708.9169609864148,711.280029296875,2547525
2021-10-01,710.846047369524,714.9452274255897,695.4138400996292,701.7796020507812,2280554
2021-10-04,704.094540448757,718.5622364853754,704.094540448757,715.6204833984375,1193970
2021-10-05,709.6403661425361,709.6403661425361,694.7386300643786,697.2463989257812,2455538
2021-10-06,700.2363177309215,706.0233947369622,691.8450442983243,696.0407104492188,2086669
2021-10-07,704.0945016831381,723.5294625033057,702.0207751510478,715.1864013671875,3925051
2021-10-08,718.5139978121891,743.6395506216077,707.6632261591501,731.6795654296875,4161240
2021-10-11,736.8878552030857,768.1380966939314,735.4892997249998,765.8232421875,3765565
2021-10-12,768.0415542375121,775.8541434767612,755.7440156633004,762.49560546875,2179096
2021-10-13,763.8942463095627,784.8241888219345,762.7368190110117,775.6613159179688,2937616
2021-10-14,777.3975164101514,788.0071599343594,766.7878728859433,772.574951171875,2153914
2021-10-18,788.9714957417475,788.9714957417475,767.7522134601846,770.645751953125,1659447
2021-10-19,771.6103730296661,784.1490415913981,755.7923368348781,763.0261840820312,2459112
2021-10-20,763.8942570336701,770.6458476892707,734.8141680193679,746.5812377929688,2743887
2021-10-21,753.9598899157418,759.0235836092879,742.7232889338092,754.53857421875,1647655
2021-10-22,757.142619620308,777.3973903362653,751.017986308637,759.6503295898438,2050915
2021-10-25,761.965230864779,765.1963257011464,729.1717905490797,733.6567993164062,1113840
2021-10-26,732.8369191620757,760.0361958113994,731.1490215190936,758.0107421875,1298265
2021-10-27,761.9170314379024,771.4656745070076,750.1499614453126,753.5257568359375,738857
2021-10-28,744.6039103812803,756.563893111247,735.1516963497604,738.1416625976562,972969
2021-10-29,733.0299166535789,751.2592368127773,721.7451022154657,739.9262084960938,1232532
2021-11-01,739.829685889286,765.8233230487222,739.829685889286,763.3156127929688,910765
2021-11-02,762.929678835769,763.7012773565808,751.6448665026654,755.3582763671875,791841
2021-11-03,751.1144287751754,759.9879593223457,739.9743164368434,747.5939331054688,946203
2021-11-04,746.5328641537903,756.9495900193083,744.6520525284028,753.6220092773438,121651
2021-11-08,754.2491079419799,791.7686843016063,753.7668514791014,785.740478515625,3228051
2021-11-09,785.7404505596044,807.5384183584795,785.7404505596044,804.4519653320312,2985897
2021-11-10,800.5456447601318,817.8586617429391,798.6166191101074,802.4746704101562,3143770
2021-11-11,793.0707326294863,794.7104163345753,750.1499085467717,754.2973022460938,3738001
2021-11-12,762.9297702336015,779.230063208523,738.4311168958662,747.5457763671875,7646975
2021-11-15,747.9798955363266,770.887081247465,743.6395866647425,749.7642211914062,3370631
2021-11-16,752.3200890389812,785.1135288176035,748.7995932797736,772.2373046875,4019030
2021-11-17,770.1635763856785,795.7231690897744,767.7522940551036,774.2627563476562,2867176
2021-11-18,773.539429298756,773.8287714261496,740.9871154099368,751.114501953125,2535600
2021-11-22,754.2489998743794,754.2489998743794,703.5156507962334,714.65576171875,2416974
2021-11-23,708.9170860387452,722.0827126128607,698.3074425742197,719.478515625,1923996
2021-11-24,723.384682202639,727.9661185232558,708.9169885585862,714.3182373046875,1145860
2021-11-25,716.1545965700733,719.923854884333,702.7690045616355,710.3557739257812,1887358
2021-11-26,704.798538836857,704.798538836857,667.8310460559043,674.7413330078125,5054410
2021-11-29,666.8645572899952,682.3280832561401,656.0883890368699,673.6781616210938,2413024
2021-11-30,673.629925466103,693.5875645004188,666.0431557833688,670.3922729492188,2584353
2021-12-01,673.9197288396907,682.4730263935688,665.124872699318,676.3842163085938,1269839
2021-12-02,681.748240981457,686.1939812078987,668.3142788806506,682.18310546875,1357075
2021-12-03,681.3615913458871,694.8921761385712,677.0124748053813,680.1535034179688,2088737
2021-12-06,661.8390170410753,679.4287927477868,658.263064228877,664.8834228515625,1986204
2021-12-07,673.629808692833,675.8043668987998,662.9986352414396,673.1948852539062,1187456
2021-12-08,677.4957423037825,698.758090849693,677.4957423037825,697.1633911132812,1225465
2021-12-09,700.691136753615,703.5905483539748,693.2493018482888,700.546142578125,605970
2021-12-10,692.9592938702042,710.5490673812411,692.9592938702042,705.47509765625,863269
2021-12-13,711.3221616792089,720.7935590994866,706.8280510568284,713.8349609375,1168364
2021-12-14,710.3556780276597,715.1397178610894,698.9513401645407,711.2255249023438,586248
2021-12-15,711.3705041411879,716.20285599187,700.0144772920848,704.1702880859375,455424
2021-12-16,708.3261764047911,712.6269224735094,695.9069964303359,702.2373657226562,481949
2021-12-17,702.6239229608419,704.5568636017246,672.8566488889826,677.5440063476562,1063648
2021-12-20,671.6968035312088,672.2283503549761,630.6218191426098,641.9778442382812,2735289
2021-12-21,640.7698516068089,653.0923487530937,634.5361059586015,650.8211669921875,2385554
2021-12-22,655.846726401635,665.1731884549146,652.8023803293308,661.4039306640625,641613
2021-12-23,668.7974858083519,675.2728489860222,662.6604226482083,673.9680786132812,1062346
2021-12-24,680.1053077656699,683.2946486419347,654.5421510505662,667.7344970703125,1368268
2021-12-27,658.4562559797547,670.198894654478,654.7353686241831,663.9651489257812,943024
2021-12-28,666.8162303965341,679.4286566779574,664.2067486513886,678.510498046875,865783
2021-12-29,678.4139479786625,682.3281415253718,672.3735076322977,678.2206420898438,578098
2021-12-30,676.529296082333,677.9306899933811,667.1545211817431,670.6338500976562,661932
2021-12-31,670.8754616387266,679.2837070516583,668.8941500986007,674.4513549804688,1117696
2022-01-03,674.1131155952073,690.3981185198518,674.1131155952073,687.0638427734375,1177051
2022-01-04,688.1268768523362,698.7580505115717,686.9187889365139,692.959228515625,1192385
2022-01-05,699.5311782337446,700.6909543697448,689.0933109870731,696.8250732421875,1426330
2022-01-06,695.8587416937954,726.3508733688925,691.0263893209219,723.8380737304688,2639418
2022-01-07,722.6299191960712,730.1200646853546,717.845878989053,723.2097778320312,1144890
2022-01-10,723.9829728052457,743.2157578856627,723.9829728052457,741.7660522460938,1134669
2022-01-11,741.2828519126318,747.1782981954756,737.46528175107,743.892333984375,861216
2022-01-12,719.0539112580128,740.0746405185797,710.9839077580433,735.0006713867188,3136263
2022-01-13,734.5174439748129,745.3419233679646,730.8448685526722,742.2492065429688,942527
2022-01-14,738.3833536158741,757.7127607785933,735.4839425414661,754.9099731445312,1183085
2022-01-17,755.7798603975258,761.0954476509611,744.2788389264423,749.497802734375,1070495
2022-01-18,751.9139699015659,753.4602989434269,729.8784566173521,735.6289672851562,1330065
2022-01-19,731.6180791072311,738.3833717806136,723.8380043305752,732.9227905273438,627399
2022-01-20,736.5471055270776,737.5619466893844,717.6043083236998,725.046142578125,687357
2022-01-21,721.9533880693255,730.4583157829834,707.4563320839976,715.57470703125,1316006
2022-01-24,710.3557430862342,715.5747068349896,686.1939831173147,694.7955932617188,1334962
2022-01-25,691.026287799555,709.0509830977657,681.4098961925829,704.8468017578125,926048
2022-01-27,702.4789808965153,704.2186747932177,679.8636091147681,694.8922119140625,1167077
2022-01-28,698.5647010238698,723.8379222400948,697.7432248878767,704.460205078125,864318
2022-01-31,713.0618793620494,719.0540078922194,704.8468806159689,710.3557739257812,913742
2022-02-01,719.0538503499896,728.4286233686828,705.6198905719109,723.113037109375,834026
2022-02-02,730.6517233720157,736.4022348444389,719.0540769692852,727.9456176757812,704701
2022-02-03,729.6851143554806,737.4168771565982,714.704823928315,717.1693115234375,595479
2022-02-04,715.1880858443384,722.3399902982502,703.8803705271735,706.151611328125,372365
2022-02-07,706.7797750859554,712.336979755149,687.4503675409345,699.6279296875,875013
2022-02-08,705.1367836736712,715.0914760330193,690.0598689558196,699.1447143554688,1610975
2022-02-09,708.4228693230737,724.8528676566239,701.6575758916119,722.8233032226562,656286
2022-02-10,724.5628596433412,741.4277796642391,688.1269143204911,705.4267578125,4738129
2022-02-11,704.556964258658,731.8597547117541,692.3310893629518,707.7946166992188,3758227
2022-02-14,695.8587631963138,703.0589802521225,669.9573654750756,676.6259765625,2124421
2022-02-15,686.145680856493,697.5500199213451,671.0687070347851,693.78076171875,1380986
2022-02-16,697.7915930653647,708.5677610689747,691.7028416549105,697.8399047851562,962465
2022-02-17,701.1742595271288,703.5904354731217,676.5775765991874,680.2985229492188,1418393
2022-02-18,680.2018927558224,681.1683632084419,667.9277062098206,670.87548828125,1187208
2022-02-21,669.7640147647284,675.4662139548761,654.3004877283133,661.452392578125,1604938
2022-02-22,630.138708619754,672.7117184703326,628.6890030017638,667.8310546875,1639090
2022-02-23,675.8527347453976,688.0786088253086,667.8793539946741,680.7333984375,1064201
2022-02-24,664.9316576275023,665.1249635117567,636.904015082157,645.2156372070312,4866256
2022-02-25,663.8685181975633,670.9237400737197,645.263963646551,649.2747802734375,1946167
2022-02-28,644.6357381714654,659.1327937525328,630.670229497303,655.8951416015625,1962564
2022-03-02,644.6358150829446,647.5352265450869,633.0381692343759,640.6249389648438,3323853
2022-03-03,642.8961632187522,648.8882918818066,619.604189687774,622.5036010742188,2398493
2022-03-04,612.2590579196511,622.8419216261793,602.5943529801144,611.67919921875,2726367
2022-03-07,597.2786861237951,601.8694203618015,582.9749365062665,592.1080932617188,2197227
2022-03-08,592.4462914433919,597.4719487802859,575.0498261155273,594.620849609375,2905793
2022-03-09,599.21159018729,610.4226221501664,590.5616691441112,607.8615112304688,2503180
2022-03-10,626.2728923449697,632.7482565789884,611.727522923891,616.5598754882812,2912874
2022-03-11,616.559791500723,619.4108909230732,608.0548639436703,611.1475219726562,1394422
2022-03-14,613.4670680824154,630.6702288910097,604.0922936846034,627.6741943359375,2124004
2022-03-15,629.9937599598449,646.3754464239338,623.7117018282048,631.105224609375,2128873
2022-03-16,639.8034102822104,654.2038429610704,635.1160523975151,652.3192138671875,1094758
2022-03-17,666.8645187853834,670.2471648951644,653.3339343462598,659.0361328125,1125022
2022-03-21,661.0656861631596,663.6751677746948,643.6692207378134,646.616943359375,690631
2022-03-22,651.7876083630747,670.5854089238165,645.6021747105013,666.3812866210938,1249429
2022-03-23,673.3882031279835,675.369455508811,654.5903433921958,658.0213012695312,1081529
2022-03-24,652.947290734578,675.4177245092576,652.947290734578,670.9719848632812,1613089
2022-03-25,675.5628457432111,677.3507924833991,660.4375595785261,667.154541015625,1200801
2022-03-28,667.8310826964852,680.2502044159933,656.2817489910469,676.0460815429688,2140301
2022-03-29,682.0382708780248,685.8074705853028,676.5776887395406,684.2128295898438,595518
2022-03-30,686.3390750338813,700.9810682674307,677.4958460301694,679.0421752929688,1082631
2022-03-31,680.9750737985564,688.4652199876051,673.4366158834426,677.1091918945312,952386
2022-04-01,676.5293393039975,680.5885271375569,670.923822290357,678.4622802734375,643003
2022-04-04,685.8073318512254,687.9335784037262,681.7482036012411,685.3240966796875,491203
2022-04-05,690.4947865177078,707.8429419311234,688.32022812577,702.9622192382812,1419805
2022-04-06,699.6762552836672,707.8429419311234,679.2353828039835,702.9622192382812,1218028
2022-04-07,705.5234162339785,711.5638564414612,694.9888649166592,704.5569458007812,1254802
2022-04-08,705.5232875183797,728.5735795493711,702.4788826137598,721.0834350585938,2157135
2022-04-11,720.9869895573058,723.1132364448886,710.4041258351031,715.2847900390625,608494
2022-04-12,715.0914512081134,715.0914512081134,692.4277092069511,704.8951416015625,962218
2022-04-13,706.4898169411549,717.8458434104552,702.2373238593113,708.4710693359375,866681
2022-04-18,697.308348942285,707.6495933577351,690.0115096873308,704.0253295898438,1084412
2022-04-19,710.8872840493613,717.6042650621555,694.2156698105435,701.6091918945312,1118319
2022-04-20,703.5904774305556,726.7857678952992,698.7581252504007,706.7315063476562,1528988
2022-04-21,708.4228037856006,724.756177154571,706.4898629840029,714.0283203125,1266140
2022-04-22,712.2886917840466,713.6417739527824,697.6466414850113,699.7728881835938,1088115
2022-04-25,694.4089674396511,703.4454418895006,675.5144833244483,678.0272827148438,1354015
2022-04-26,685.7107369416696,706.9247736525392,685.6141134988093,703.97705078125,1434098
2022-04-27,695.9552322982864,701.2225071770096,686.1939059638444,690.736328125,1054075
2022-04-28,700.690999845009,700.690999845009,683.1979102029665,696.4868774414062,876171
2022-04-29,704.7502678888131,704.7502678888131,675.3695424486245,678.2206420898438,1054623
2022-05-02,664.5450118745528,667.2994878597995,651.497661701712,655.7018432617188,1339651
2022-05-04,656.2334168218028,671.8419377393224,643.2826895659327,649.1298828125,1556102
2022-05-05,653.9621740181874,668.5558524420554,651.4010040418436,654.3004150390625,457345
2022-05-06,637.8704208339266,647.5351241798951,629.7520464278458,636.4207153320312,1231990
2022-05-09,631.2018627960063,634.4878861062701,606.8951650047918,615.931640625,1855922
2022-05-10,616.4146781610716,627.3357795595367,608.8762224428444,610.325927734375,968280
2022-05-11,612.7421828460087,616.753058269253,602.6425562048356,608.39306640625,1294267
2022-05-12,603.077641569226,610.6644120223401,576.9829359244037,583.7482299804688,1626401
2022-05-13,590.996647262781,629.8487689868667,590.6584062195875,607.9581909179688,2123113
2022-05-16,603.2708596585237,647.4385705066239,603.2708596585237,639.2235717773438,3467849
2022-05-17,625.4996555500801,657.68310811723,625.4513438277471,655.4119262695312,2243124
2022-05-18,662.9986290401487,676.5292133062742,655.9434076134022,667.3960571289062,1798987
2022-05-19,657.1998983424166,661.5007035925394,629.4621849528768,639.2235717773438,1202929
2022-05-20,652.3675248796113,667.3961279142886,647.63179628872,651.5943603515625,1095756
2022-05-23,657.1998349063482,675.0312245776439,655.315205934986,667.4443969726562,1589614
2022-05-24,666.864631480528,675.5628658041871,646.1821396043568,652.6091918945312,1139190
2022-05-25,657.1515564817164,666.864572147875,634.0045787376898,642.8961181640625,975233
2022-05-26,646.5686781400443,653.5272766083439,631.1051522054544,644.7323608398438,1024439
2022-05-27,651.4010331550904,657.9730199114433,646.1337578103308,650.6278686523438,471460
2022-05-30,656.2333640565145,665.3182088922341,651.0144005996257,662.2738037109375,788371
2022-05-31,674.596466108735,699.4347718591856,665.7532366896301,681.26513671875,5763035
2022-06-01,683.2944808042346,688.5617555728062,665.8980159464181,670.9719848632812,1072943
2022-06-02,671.6968763065673,673.6298169578092,652.3674697941481,661.8388671875,967421
2022-06-03,664.9316969366464,667.5894907834136,635.2127293773414,636.904052734375,1188031
2022-06-06,632.0716662400819,637.8704888661376,618.6377035609163,627.3359375,1718692
2022-06-07,626.0795465711142,634.052927794552,617.5746183971822,631.5884399414062,1486747
2022-06-08,633.0380697204749,643.669243410437,621.6337315598854,641.59130859375,1348733
2022-06-09,638.8851763036827,662.5636985160489,633.086354537389,656.4266357421875,1343002
2022-06-10,652.0774992149821,657.1997798187781,643.2342726998963,653.9137573242188,734112
2022-06-13,642.7027573179658,647.3901147345175,627.7224674857425,636.8073120117188,2008760
2022-06-14,632.4582780106219,642.7028410545175,623.6150499104172,627.3359375,1712813
2022-06-15,631.5400953053727,635.889212109695,620.7156150168807,631.63671875,771115
2022-06-16,637.8704495096512,643.2826600312345,608.8763381683034,611.9690551757812,1438872
2022-06-17,607.5232798995228,622.3586361782628,604.9138569672723,612.8388671875,1386139
2022-06-20,612.8388871528903,613.1288754780747,594.3793252014533,602.0144653320312,921751
2022-06-21,607.9099626438598,629.1723142784622,602.5943747352092,625.1614379882812,940086
2022-06-22,624.2915284569375,624.2915284569375,610.3743319535167,616.2698364257812,675173
2022-06-23,618.0577593790364,633.9078959593601,611.7757024033308,629.4620971679688,992371
2022-06-24,632.7965253149958,638.257106937239,622.1170386709887,623.5184326171875,1051323
2022-06-27,634.9227407681799,634.9710524904219,623.5184018514744,625.7412719726562,1787237
2022-06-28,623.3733859849383,639.1751528714142,619.7974338334923,636.662353515625,1555945
2022-06-29,630.1387437920899,635.9858783132844,622.7452211321879,633.5697021484375,1214583
2022-06-30,631.6367578767624,637.8221924215354,623.518441399008,629.9454345703125,2548802
2022-07-01,623.5184970181015,627.5776261247233,613.7087973701767,624.1466674804688,650298
2022-07-04,626.2728333413222,632.9898145707269,616.704752569805,627.6259155273438,657612
2022-07-05,632.7964255403551,640.6248113330171,626.8042979146721,635.5508422851562,1138202
2022-07-06,636.9040914101176,640.7699736038057,629.4139446598468,634.4879150390625,655634
2022-07-07,637.097217592846,655.0735411269148,637.097217592846,642.5577392578125,1401791
2022-07-08,646.568709800914,652.7541440731034,642.7028281279638,646.23046875,1048845
2022-07-11,643.6693142869865,649.0815251660019,627.7708637204514,633.2314453125,1171380
2022-07-12,634.0045708402143,634.1495649930395,608.8763408983766,611.8723754882812,1206735
2022-07-13,611.9207811790207,620.2324033471434,610.4227048097594,616.9947509765625,883658
2022-07-14,620.5529286140242,647.8005325139274,617.0921551261339,642.731201171875,2475429
2022-07-15,638.7342429617847,642.0487621841032,624.7448357473784,626.3533935546875,1232480
2022-07-18,630.7403806199154,645.1684330676854,630.1554828928105,639.0755004882812,517785
2022-07-19,638.3444226262498,653.016194079111,635.6148004143015,651.797607421875,1212124
2022-07-20,662.0337305431057,675.584437873852,654.6247475213444,664.9096069335938,2197339
2022-07-21,667.5904754319412,673.6346769079306,664.7145991367777,670.8563232421875,1398681
2022-07-22,676.3642158650549,696.9339909804281,673.6345940989212,688.842529296875,4168816
2022-07-25,687.2340404040443,698.2013186800464,679.3375643445473,687.5264892578125,1522712
2022-07-26,683.6270674299566,691.4747530595525,676.2180848668853,686.356689453125,1263196
2022-07-27,684.35823477047,696.8852812218031,683.4320970539254,696.0079345703125,1441206
2022-07-28,695.5691871395104,718.9660483747567,695.5691871395104,712.3856811523438,2329846
2022-07-29,718.673502591605,723.840296850686,712.9704827338275,714.5790405273438,1300749
2022-08-01,714.5791495241764,733.2966507434863,714.5791495241764,731.2493896484375,1597850
2022-08-02,728.2273283097102,737.6348403541228,723.2067278816212,733.0042114257812,1353677
2022-08-03,727.9836007636427,727.9836007636427,698.5912695469558,708.5836791992188,1987237
2022-08-04,708.729920409094,713.6042664916874,682.5059146842231,692.7908325195312,1819561
2022-08-05,693.3270044206878,698.4937994106963,685.8204994911721,688.6476440429688,940681
2022-08-08,691.182343265071,695.7155093733243,685.820562040871,694.545654296875,919501
2022-08-10,697.0314269765389,702.100758345717,692.1570813333464,696.6902465820312,1074813
2022-08-11,701.9058660265509,722.0856715750738,697.6164174892031,717.4063110351562,3518498
2022-08-12,731.1518620627118,777.9455812347253,731.1518620627118,770.3416137695312,11297733
2022-08-16,776.9707410467145,779.1154651556341,757.765806187083,759.423095703125,2050237
2022-08-17,761.3728185317323,767.2220335268545,742.4116013556196,744.4588623046875,1316850
2022-08-18,745.7749185919863,749.3332148799029,728.6172449190144,731.1031494140625,2067453
2022-08-19,736.0262377365775,738.1222302935632,713.9454268039628,717.5037231445312,1544351
2022-08-22,714.5791786230177,714.5791786230177,700.0536026240222,702.9782104492188,1080828
2022-08-23,702.978107996045,723.0604478363407,700.1997547675494,719.35595703125,1627890
2022-08-24,719.3559981373018,719.3559981373018,706.0977414702969,715.2615356445312,746398
2022-08-25,716.4800401351628,720.0382765659065,706.3413779325215,708.0961303710938,810543
2022-08-26,716.8213283328456,721.4032255847919,711.6545333471596,714.3841552734375,722599
2022-08-29,701.613240925557,708.1448752163506,692.5957025505618,704.8790283203125,1171405
2022-08-30,707.3163249011119,725.6926447293852,707.2675933421464,722.2318115234375,1585747
2022-09-01,718.4786033440705,734.9539166920981,714.0916919260945,732.711669921875,1457864
2022-09-02,731.6392977955936,749.6743770883564,729.3971106486434,747.4321899414062,2036208
2022-09-05,756.985818171208,765.1259509472936,743.1426657454763,748.406982421875,2608302
2022-09-06,750.6979790353433,760.3004758889206,748.796972287576,757.2296142578125,1255892
2022-09-07,753.5738734291391,753.5738734291391,730.5669846644198,746.213623046875,2868201
2022-09-08,749.6743967231669,760.3979576645905,741.5342628999667,746.213623046875,1098505
2022-09-09,748.6995102154553,772.5838044866515,746.7497719076025,767.855712890625,2406973
2022-09-12,773.7537129943822,781.0165005947184,764.346201206516,765.2723388671875,1551719
2022-09-13,769.123088319564,773.5587314008726,763.9075022558444,767.2708129882812,788139
2022-09-14,752.5503129048361,767.7095175090412,748.6995675516745,758.886962890625,739366
2022-09-15,761.3728051454483,768.9767726051575,753.9638234157401,765.028564453125,639751
2022-09-16,768.0994629121376,768.0994629121376,718.283611322792,727.0574340820312,1937270
2022-09-19,730.7131807803955,732.5167244612381,715.6514400736316,717.9911499023438,1180189
2022-09-20,725.2052026387969,753.2814229613406,724.4740507579947,750.1130981445312,1513887
2022-09-21,751.5754055407918,764.2974364280149,743.2890175182941,747.627197265625,1478319
2022-09-22,743.8251255865424,766.1008607895036,738.5120770749523,761.908935546875,1355130
2022-09-23,763.2251336286736,764.2000028454677,726.1313123286194,728.3247680664062,1205048
2022-09-26,725.3026714662889,725.3026714662889,690.3048440291592,705.7078247070312,1093066
2022-09-27,709.2661148033259,713.5068317647195,682.408478719689,685.7717895507812,3483488
2022-09-28,677.5340337810505,690.0123465317243,668.3215087595972,676.754150390625,1508897
2022-09-29,679.4838287947455,688.2576515481927,660.3276253158682,669.4426879882812,1939514
2022-09-30,667.9316727405161,685.2356014695316,663.3010439257091,678.0215454101562,1321666
2022-10-03,679.8737671696641,684.4556045612254,665.8356276471579,674.4631958007812,1370936
2022-10-04,687.2828054900217,696.0078969777073,677.6315763358137,689.2325439453125,907951
2022-10-06,704.3429686287776,753.5738612457371,704.3429686287776,744.7025756835938,6396270
2022-10-07,740.9005921130183,752.5990225148029,736.0749776720235,748.0658569335938,1933521
2022-10-10,744.8000596115368,761.762807282788,734.2227527225447,758.594482421875,2064561
2022-10-11,764.9311956833665,766.149782269556,749.2357647524674,754.695068359375,1389766
2022-10-12,754.7437903293841,760.1543028030353,731.2006739829295,745.385009765625,807532
2022-10-13,746.408609299657,747.4322100354254,726.6187174021003,729.4458618164062,811464
2022-10-14,740.9005566866675,747.5296550304479,725.4001133449432,729.0071411132812,643056
2022-10-17,728.7147273774825,756.4984995918747,723.450409894238,753.37890625,1768267
2022-10-18,757.1809713810972,767.9532648783697,752.0141761676083,757.765869140625,2248106
2022-10-19,761.4703129425749,777.9456263231185,754.8412142425866,761.5191040039062,2075839
2022-10-20,758.3994608123625,770.1466220715502,751.4291226475278,769.1717529296875,1458841
2022-10-21,769.1718253346718,774.3386203726557,752.9890198569195,758.6432495117188,1062437
2022-10-24,761.4215233736159,768.879296031241,761.4215233736159,766.5883178710938,191350
2022-10-25,769.951653750732,792.3736445205127,755.8647824320681,786.3782348632812,3021828
2022-10-27,794.5184209554232,809.0927278167665,790.1315094286755,800.5626220703125,2921733
2022-10-28,805.5831222552926,815.6730539585824,801.5374508632726,812.2122802734375,2998664
2022-10-31,818.8413987950262,825.7142147745318,804.8032584741387,813.2359008789062,1805765
2022-11-01,813.2358864661625,831.5634152537953,811.6273285095272,829.3212280273438,1860855
2022-11-02,827.6639323080359,843.2618391595419,822.8870495342452,825.9091796875,1816118
2022-11-03,831.5634961068015,849.9885493052326,829.6624891099318,835.657958984375,2739843
2022-11-04,836.4377199396688,840.0447476485244,824.8367534033928,833.4156494140625,928799
2022-11-07,834.7804852723948,855.3502611230521,833.1719867908346,853.4979858398438,1243388
2022-11-09,854.1316198990156,867.6335336730749,851.0607583107802,856.9099731445312,2484874
2022-11-10,859.6396835784112,864.7090155245869,848.1362384513986,858.27490234375,1108075
2022-11-11,866.2199841477162,874.1651916382796,862.028058640956,864.6602172851562,1364047
2022-11-14,866.6587311847633,869.4858757056815,821.2298496160911,837.6563720703125,3132699
2022-11-15,818.8901510985935,837.5589206057047,818.4027164848444,831.6121826171875,1561020
2022-11-16,830.5884992678765,831.5146368422007,809.238841507306,817.72021484375,1569160
2022-11-17,814.3081823490343,827.615169936816,810.4087057813374,816.4041748046875,1117392
2022-11-18,818.6951052508392,820.3523947161807,806.216791955177,815.6730346679688,758344
2022-11-21,812.7971777744478,812.7971777744478,795.4932498518134,806.070556640625,1355380
2022-11-22,806.021866708017,822.0584774267403,800.3676370795775,817.915283203125,1053580
2022-11-23,821.814742608093,827.4689721160511,817.2328454287616,822.7896118164062,916467
2022-11-24,823.2778809194917,827.3796331729208,820.152733507011,824.1079711914062,798206
2022-11-25,823.9614909876584,830.0164527374912,818.0530438023709,827.2330932617188,815980
2022-11-28,827.2331342648779,840.9544206185253,827.2331342648779,838.952392578125,1026517
2022-11-29,841.6379910585806,845.8862576339662,826.2076473904639,828.893310546875,1039792
2022-11-30,828.8932932654977,843.5911830390698,828.1608396926563,839.4406127929688,1443604
2022-12-01,840.319598442869,843.0540799170425,824.254437822165,828.893310546875,926801
2022-12-02,828.8934625990746,836.8528168928469,819.3715642069202,834.9484252929688,974544
2022-12-05,835.4366179764472,839.2942189959317,825.3287221704135,827.623779296875,792068
2022-12-06,821.0805143969972,826.0123568885218,814.732582974362,821.4223022460938,1357304
2022-12-07,823.180276357307,825.5729106250873,814.1466812264986,817.4671020507812,654168
2022-12-08,819.3715157915293,857.8985912385729,814.4884912635703,850.9646606445312,2618796
2022-12-09,852.7714099397047,859.4123113331049,828.1609545573556,837.341064453125,1025490
2022-12-12,849.1579695869733,855.0664173734061,832.7998373378855,848.913818359375,1855409
2022-12-13,853.5038594865147,880.8976148563322,849.6462582317173,868.6412353515625,2384699
2022-12-14,874.0125303213302,889.6870263839259,867.2251146310936,887.3920288085938,2285450
2022-12-15,888.8081146462663,897.9394064207963,871.668710206341,878.2119750976562,2009684
2022-12-16,872.1080395230215,872.9381297155124,847.1069818297526,861.5119018554688,1872329
2022-12-19,864.2952450217575,867.7621801283657,843.0540906949517,865.5648193359375,1420325
2022-12-20,864.1487033898671,878.9442894383017,854.5779886040949,876.0632934570312,1218798
2022-12-21,878.895541900143,883.8273844443812,847.693005190854,852.7713623046875,1554591
2022-12-22,859.4123080602094,863.6116971895117,833.0927942044191,838.512939453125,1365071
2022-12-23,837.8781491747568,839.5872076748947,808.0428827080816,822.6919555664062,2265831
2022-12-26,824.0591317311873,860.2912061652474,813.7559628449352,855.3104858398438,1300649
2022-12-27,857.7032458843402,865.6625995922572,846.7164408559328,852.3807373046875,1025722
2022-12-28,852.52731190487,861.2679382198697,846.8141371235134,853.259765625,803964
2022-12-29,849.6462067276036,860.3888599161136,838.4640694417543,857.4590454101562,909834
2022-12-30,861.3655325094679,864.2953472458946,852.6737249485085,859.2658081054688,599455
2023-01-02,862.342069520221,870.9849984692366,857.8497111209913,863.3674926757812,718239
2023-01-03,865.1254188069769,867.9087785105295,854.52927958304,858.2891845703125,473048
2023-01-04,859.4122528953675,860.3888577282031,839.0988842938317,840.6126098632812,1287231
2023-01-05,842.8100103344167,861.1213518103963,835.3878370990456,859.1193237304688,1022049
2023-01-06,858.4356438152539,863.3186679552724,845.1049640701121,849.1578979492188,477770
2023-01-09,854.5292743612024,864.4906561094879,850.6228548212654,861.8049926757812,402350
2023-01-10,865.5648755776141,867.1762974396571,856.0429781917225,862.5862426757812,550315
2023-01-11,863.3186630900165,869.5689577969079,839.880147350016,845.59326171875,1336137
2023-01-12,850.0369099742874,859.3146563187821,848.1325185400237,852.9178466796875,564899
2023-01-13,855.5058333312952,857.4590429964351,844.0795448687808,853.0155029296875,581572
2023-01-16,852.5759976103275,859.3145946302071,837.2921085181794,841.1008911132812,722718
2023-01-17,841.8333788542267,848.5719761473438,838.9035643106505,844.81201171875,955031
2023-01-18,844.763160865104,855.0175113727151,840.1731063354898,852.3318481445312,553751
2023-01-19,852.4295019348383,857.9473430666616,845.0073290704939,853.8944091796875,415181
2023-01-20,853.8944721229831,861.707311338088,839.8802156237816,841.1986083984375,956488
2023-01-23,845.7398554954062,860.8284133376428,843.8354639917239,858.6798706054688,799262
2023-01-24,861.3654673194941,863.3186769959555,845.300305809153,850.085693359375,527017
2023-01-25,849.5485243230914,849.5485243230914,829.1374605215436,842.4681396484375,795188
2023-01-27,845.7398157332876,852.5760498096537,819.9574233738148,835.1436767578125,1391478
2023-01-30,835.0947912518341,849.49971292491,830.2606448846199,844.86083984375,542054
2023-01-31,846.7164585587268,863.3187420598782,844.2749462791456,853.6503295898438,1355161
2023-02-01,864.1487299474196,882.6554027541296,825.279870985829,847.8394775390625,1510298
2023-02-02,841.8333787132407,863.6116548953972,839.9289873387893,850.720458984375,904253
2023-02-03,851.5993209201193,863.7580616780953,832.2137409553656,847.25341796875,1069217
2023-02-06,854.5292237047076,863.3186671485274,842.8099657796145,855.3593139648438,680364
2023-02-07,857.4589729463784,858.3379410667754,839.0988155154405,845.88623046875,646067
2023-02-08,847.6929759836811,848.8160953592693,838.4640485978972,846.1304321289062,586262
2023-02-09,844.2748835573021,854.4315977287025,842.8099762983825,849.2067260742188,560265
2023-02-10,849.20663438888,864.2951894481482,844.9096093243188,862.3419799804688,623404
2023-02-13,867.1762655285751,888.7103899797148,865.2718742000301,869.2271118164062,2309490
2023-02-14,869.1783731653817,882.5578724040932,838.5129550332827,853.0643920898438,3793347
2023-02-15,830.114056936006,836.9502903460673,792.6612877394891,816.1486206054688,5995432
2023-02-16,817.4181933893497,853.7479027947658,815.4649838472006,835.9248657226562,2868392
2023-02-17,837.9269748064378,845.7398137323719,828.1121078271791,842.2240600585938,1692410
2023-02-20,845.5932502792095,853.8455728391394,836.0225350696317,840.221923828125,895226
2023-02-21,845.3490157566329,850.622705049888,832.8973056654893,834.8016967773438,1381249
2023-02-22,834.6065086368136,841.979923184548,817.467104872537,822.2036743164062,977266
2023-02-23,824.0103173416303,824.0103173416303,799.7417113937782,810.728515625,2341872
2023-02-24,817.3206614712227,818.0042372127755,804.2829503426364,809.556640625,1096876
2023-02-27,804.7223951271098,809.9960851516599,793.9797417941023,802.5738525390625,1144982
2023-02-28,802.7204180722646,807.5057463691679,793.8332776227583,796.9096069335938,1104103
2023-03-01,797.8860667190817,808.5799004649741,795.9816755686259,804.7711181640625,732485
2023-03-02,809.6054206368267,817.3206227945931,802.2320659408927,813.8048095703125,1262632
2023-03-03,825.1822626861699,825.1822626861699,795.444633703613,805.747802734375,1475015
2023-03-06,809.5077938266893,814.9767572101324,806.6756158844449,808.5311889648438,440453
2023-03-08,808.5311266290788,816.5881161181308,800.3764408970363,815.0255126953125,483070
2023-03-09,824.2544452964285,825.2310500894337,803.6481080069082,805.894287109375,1183815
2023-03-10,802.7692488995605,804.2829746128999,795.2493790504657,801.6950073242188,618539
2023-03-13,801.6949153012282,805.5036383098087,773.4710123462091,777.32861328125,1325529
2023-03-14,776.4008201785502,776.4008201785502,761.7517480997096,769.0274658203125,1194923
2023-03-15,772.006109981201,789.7803296213789,772.006109981201,774.3988037109375,812807
2023-03-16,775.5218807496768,776.0590610982556,757.942993603642,770.0529174804688,960790
2023-03-17,788.0713097185015,806.9685900609653,774.5452965398385,781.967529296875,1760495
2023-03-20,786.1668774644455,788.1200870978976,760.8239705489598,769.3692626953125,1055771
2023-03-21,770.1017633108706,771.7131851997124,752.1322693506837,759.847412109375,825685
2023-03-22,766.6347908024766,774.6429623221137,762.2400690717617,764.0956420898438,425557
2023-03-23,763.8026942545655,763.8026942545655,749.007165283992,752.0834350585938,776317
2023-03-24,752.0834036754238,755.5503987286813,743.196322998882,746.9074096679688,490579
2023-03-27,747.1027257559081,751.4974476721193,737.0925258356492,739.4364013671875,588990
2023-03-28,742.219764471991,742.219764471991,730.2563537946464,732.6490478515625,607955
2023-03-29,732.6490147304502,742.219730918212,727.9613230882028,739.5828857421875,1341232
2023-03-31,740.2664293653842,753.9388963985178,740.2664293653842,752.4251708984375,613531
2023-04-03,762.4842179763885,766.2441227139765,750.9114746300129,753.1576538085938,1059247
2023-04-05,742.219627242044,745.784258505241,729.5725835143036,740.5593872070312,2446994
2023-04-06,740.3640891915888,747.1026862833097,734.5533382062786,744.5635375976562,1153433
2023-04-10,745.0518597508309,745.0518597508309,726.154520244432,738.7527465820312,1153620
2023-04-11,742.2196792682428,747.2980363636292,737.8249574831019,746.1260986328125,653069
2023-04-12,748.0792993598728,758.3336500691139,745.1494848715183,751.1067504882812,1952959
2023-04-13,752.4739373619384,752.4739373619384,743.1961925145167,746.5654907226562,1017640
2023-04-17,750.7649793075171,761.1658448149619,741.7802027556594,759.749755859375,865797
2023-04-18,761.751754635111,774.4476172123628,754.7690063747316,770.8341674804688,1349083
2023-04-19,775.2289553149,775.2289553149,757.8942183932003,762.2889404296875,885865
2023-04-20,762.3866053573884,772.4944417830867,757.8453689300572,769.2228393554688,739652
2023-04-21,769.1739485987704,769.1739485987704,757.4058721912141,764.4374389648438,691874
2023-04-24,759.5056138325172,773.080385663092,757.9430102874695,772.2014770507812,749433
2023-04-25,772.103708982655,772.103708982655,761.1657832208683,765.9511108398438,909544
2023-04-26,764.6816350563811,774.9359864843402,762.4354557126557,773.5198974609375,643599
2023-04-27,772.4943945722111,779.2818098340823,769.6133984990743,772.543212890625,881296
2023-04-28,772.4943377866238,784.9948663502221,771.0294306985329,782.6021728515625,906746
2023-05-02,784.5066593576479,789.5361981477415,779.3306656052742,780.9909057617188,1356601
2023-05-03,778.3541158234765,778.3541158234765,763.8026787738456,766.4883422851562,1399263
2023-05-04,769.4669490010541,771.0294928447391,755.7456038175291,756.9175415039062,1306888
2023-05-05,756.7710904492061,766.8301080619522,730.8910630068685,742.4638061523438,3963420
2023-05-08,749.397657389689,765.6581508911737,749.397657389689,760.0914916992188,2222652
2023-05-09,761.7517997132192,768.2950642732276,754.4272631775151,755.9898071289062,841271
2023-05-10,756.8687824734551,761.6541702313411,754.5737848469121,758.0895385742188,810393
2023-05-11,758.4312929799958,764.5839511421942,755.4038418265559,759.993896484375,735837
2023-05-12,761.7518181837958,762.7284230789032,737.727361607046,739.8270263671875,1888833
2023-05-15,741.1454433603865,751.9857333357107,739.2898703053676,748.811767578125,1888769
2023-05-16,751.9857593624861,755.6968459937377,746.1261300687524,751.3021240234375,1204503
2023-05-17,751.3021211624615,760.6775637610724,745.4913102135237,758.6754760742188,699753
2023-05-18,761.751763576704,765.6581828770974,744.5146645708271,747.5421752929688,796524
2023-05-19,750.0325701910353,750.0325701910353,735.2369819752329,739.5828857421875,1096316
2023-05-22,740.3641015237329,745.6377914752904,738.3620735335554,742.5614624023438,439329
2023-05-23,744.1728203172764,754.8666542629655,738.5085246825005,750.813720703125,739813
2023-05-24,750.8138449124965,750.9115411681001,742.5127031550973,744.3194580078125,950395
2023-05-25,744.6610899011697,747.1026016713375,736.4087681965585,739.729248046875,860993
2023-05-26,740.4617669805951,750.618421077266,738.3132245116293,749.495361328125,924717
2023-05-29,755.8920696554405,770.541140772794,748.3722012270879,768.7832641601562,1359781
2023-05-30,773.0316534817995,774.9360450981952,761.8983925679823,763.75390625,1542396
2023-05-31,763.8026379085662,775.3266229535976,758.6754623885622,772.7874145507812,1354337
2023-06-01,772.9339296839901,780.6979502556507,767.8555724819006,778.4028930664062,1065254
2023-06-02,780.4048735833127,782.9440818333302,767.2207087538122,770.4923706054688,1249805
2023-06-05,779.5260303832915,785.7274475542209,773.8617339771524,779.6724853515625,1708483
2023-06-06,780.4048009006498,785.2390061426803,777.8168341802242,783.7252807617188,730992
2023-06-07,784.2136855547616,791.4405852047581,780.3560845200639,789.5361938476562,992533
2023-06-08,793.003103093005,810.5819896147711,791.5381958828578,798.8627319335938,1857339
2023-06-09,800.8160676026489,802.4274896303536,793.0032279187205,796.5189819335938,577794
2023-06-12,798.4232470784008,806.6755696090428,795.249281459479,805.650146484375,931494
2023-06-13,808.0429231423867,812.3887672887042,803.3551719073647,810.19140625,725398
2023-06-14,811.314508650038,812.4376281112847,802.9157304774143,808.6288452148438,346936
2023-06-15,808.7753577653264,812.5352627222904,801.0601553461042,803.5993041992188,506666
2023-06-16,805.1131245221662,822.0083778139063,805.0642465900979,818.2484130859375,1044724
2023-06-19,818.3461313001668,825.9148196767825,803.6970570228463,806.2362060546875,1579210
2023-06-20,807.6521546918763,809.410031377983,793.1495975224638,798.4720458984375,1690477
2023-06-21,802.6715210919964,804.722367360096,790.610415865406,794.760986328125,1120347
2023-06-22,798.3256674623816,808.2870491147197,792.3195236346867,795.8841552734375,794796
2023-06-23,797.6908328353694,799.5464059008837,782.895305061429,788.1201171875,522363
2023-06-26,788.2665976617056,799.7417041999837,781.088516530872,796.2258911132812,767301
2023-06-27,800.7671712734244,804.4782578403465,792.0265458070057,800.5718383789062,578957
2023-06-28,800.8160362403751,804.1365168188995,794.4681042457867,797.54443359375,568288
2023-06-30,797.8860773102751,823.2778007008102,797.8860773102751,817.2228393554688,1418152
2023-07-03,824.2056217611316,824.2056217611316,812.5840009550418,820.9339599609375,700921
2023-07-04,823.2779228739007,826.9890095371765,813.511873966737,817.5159301757812,511943
2023-07-05,817.4181448068385,837.6338742880217,812.7304541057346,834.8016967773438,1489107
2023-07-06,838.9035710203317,839.1477222342492,829.137522463634,835.3878173828125,758345
2023-07-07,837.4519148037712,839.6634955646966,824.6738926295352,828.5564575195312,1019335
2023-07-10,828.8021891737037,840.2040926613735,825.1653554773541,836.7147216796875,739590
2023-07-11,841.8259150706327,848.165791713764,835.5843069054242,838.582275390625,718175
2023-07-12,841.2853584963467,846.986310325414,836.5181372308833,839.9583740234375,715091
2023-07-13,840.4989794816953,845.8067974430813,835.7318181591864,843.44775390625,918372
2023-07-14,850.2299484699158,854.1616476535918,840.7447001921103,852.3923950195312,722002
2023-07-17,855.0954510208928,856.6189724788017,847.3794552615327,851.5077514648438,894465
2023-07-18,850.3282303258464,860.0592099556757,849.0995743116241,855.5869140625,856007
2023-07-19,856.127484041006,857.7984681668897,838.4348379873458,840.9412841796875,1353387
2023-07-20,844.3815789742513,844.3815789742513,830.8172280656513,837.0587768554688,899448
2023-07-21,835.9283811298106,840.8430049709019,829.5885043762095,837.599365234375,473811
2023-07-24,837.5501700626646,840.4006758844888,825.9516698092849,837.6484985351562,687269
2023-07-25,843.349409055435,854.1615809664021,839.4177101787196,852.736328125,881239
2023-07-26,855.1445592011062,864.9246727675745,852.2940533399155,861.4844360351562,899574
2023-07-27,864.9737416929943,898.6389128895682,856.1274193347705,882.3715209960938,1482538
2023-07-28,905.2246301240856,905.2246301240856,882.1258967227619,887.4336547851562,3143050
2023-07-31,886.5981416402216,919.9684495464486,886.5490074003649,915.5452880859375,2257553
2023-08-01,919.0347501252511,922.2783901859221,906.7481892946996,917.6094970703125,945998
2023-08-02,918.0517455993562,918.1008798398204,879.7176791342868,890.1858520507812,1726166
2023-08-03,885.5169799850897,897.1646149161479,883.6002646185567,892.888916015625,874836
2023-08-04,895.4444961310513,903.4061630434812,888.760619464781,896.968017578125,709770
2023-08-07,897.4103194609004,911.7118629367386,891.5127708116503,894.6581420898438,463759
2023-08-08,894.6582072528726,897.3121163369278,884.1408993970812,890.2841796875,325241
2023-08-09,890.2841905886335,958.3517370399311,872.0509464620067,946.6549072265625,6270873
2023-08-10,959.3346018542873,962.9223013604584,930.2891861020672,934.27001953125,2372341
2023-08-11,933.7784970523552,966.7064756326224,930.977185558384,954.8131103515625,1979567
2023-08-14,952.9456389067955,952.9456389067955,931.8618889457971,935.203857421875,800530
2023-08-16,935.7443275733201,951.3728545205221,919.8700694476587,943.7551879882812,1435461
2023-08-17,950.291659268689,955.7960739975028,936.5307124361053,939.8726806640625,875435
2023-08-18,940.4624423295674,957.4178952321183,934.0734310909249,954.1742553710938,1561756
2023-08-21,958.3025372492002,974.3733335893096,950.7831385987823,963.3154296875,2824960
2023-08-22,973.1447746430063,993.9336600486802,966.1168976803671,989.510498046875,2871799
2023-08-23,994.5232690684419,1025.6328020050314,992.7540164832038,1018.2117919921875,3273142
2023-08-24,1020.2759514738407,1034.1351672799103,1009.365510093996,1023.5687255859375,1863812
2023-08-25,1024.2076188369756,1030.1051675059025,1002.583273717577,1005.2371826171875,1421983
2023-08-28,1007.4979354386237,1038.7549925519734,1005.5812200506587,1031.28466796875,1884969
2023-08-29,1037.96842324645,1057.626916110966,1034.0367246735466,1051.82763671875,1751500
2023-08-30,1054.6782095461604,1062.3941444911347,1036.2975655381886,1039.098876953125,1944316
2023-08-31,1041.900239122558,1062.4924647221642,1039.5903899481048,1052.073486328125,1758962
2023-09-01,1054.6289452537462,1061.6568804319952,1037.9192263617028,1060.379150390625,890014
2023-09-04,1066.4733850162334,1077.2855575832182,1060.1335681872388,1066.7191162109375,1903517
2023-09-05,1066.473451153689,1080.6766670940317,1056.6442027559592,1078.6617431640625,629423
2023-09-06,1082.1999800511119,1091.0463014139275,1072.9113906145203,1080.234130859375,889082
2023-09-07,1086.1319377806053,1092.9141431087314,1075.3689588802329,1087.4588623046875,746876
2023-09-08,1088.0487302423828,1091.0466993475852,1075.5164370742011,1086.5252685546875,669736
2023-09-11,1088.1959265892929,1098.6149045577986,1081.2171851188928,1096.1575927734375,879928
2023-09-12,1097.9270125982375,1100.8757870277761,1053.0073967826404,1056.3001708984375,1093620
2023-09-13,1061.3128462832012,1065.3920074066402,1045.8809779204041,1062.6397705078125,1051830
2023-09-14,1081.217407434415,1099.2540556430624,1072.3710831917697,1089.27734375,1338948
2023-09-15,1110.705014147738,1128.4468546247379,1091.243055285996,1115.0299072265625,2341714
2023-09-18,1125.4489538121352,1125.4489538121352,1098.8607886119776,1102.3994140625,824581
2023-09-20,1100.777465511631,1116.3567989999376,1089.7195619335994,1108.98486328125,967266
2023-09-21,1108.395198898342,1123.8270706006342,1073.3539050166808,1080.037841796875,1276809
2023-09-22,1082.200219714264,1094.9290480553104,1068.9799289664445,1072.32177734375,860021
2023-09-25,1072.3219181569686,1091.0466863082627,1058.3152377246329,1087.3607177734375,1424185
2023-09-26,1087.3113126836975,1096.6490978278318,1066.7190871233734,1068.734130859375,1029816
2023-09-27,1068.7340942428568,1076.007641169813,1061.8044269842055,1071.093017578125,808201
2023-09-28,1073.5994906255432,1078.1209201938218,1058.462426430937,1065.1463623046875,1353886
2023-09-29,1076.1061247275786,1082.1510162908096,1062.8366398573755,1072.960693359375,907502
2023-10-03,1072.3218843200668,1072.3218843200668,1054.6784301511545,1065.1956787109375,545460
2023-10-04,1062.3451390224186,1062.443407502196,1033.8403207028282,1042.784912109375,788586
2023-10-05,1051.7294939612932,1058.6591615186824,1044.5540952137262,1051.58203125,464238
2023-10-06,1053.6953876786015,1076.0077326882415,1053.6953876786015,1073.255615234375,993174
2023-10-09,1071.3388274862489,1071.3388274862489,1055.3172253915368,1065.83447265625,493176
2023-10-10,1075.3197212305074,1096.8457981481226,1069.0289785716427,1090.4075927734375,1268718
2023-10-11,1098.8605261036353,1102.7431503271152,1093.4544407174026,1095.322021484375,660234
2023-10-12,1098.91003975736,1103.5789330389766,1091.0466405462162,1098.5660400390625,648613
2023-10-13,1092.078756023361,1107.756360153604,1092.078756023361,1098.811767578125,441654
2023-10-16,1100.3843571516281,1107.7562934433986,1093.0124208598575,1103.1856689453125,575772
2023-10-17,1104.8567296730514,1109.5256227276075,1099.2049117649046,1102.0552978515625,261269
2023-10-18,1104.8073892436198,1106.625775984958,1084.608238180782,1087.2130126953125,366909
2023-10-19,1081.3156309196545,1083.1832121792218,1065.5397586685033,1076.0570068359375,830150
2023-10-20,1071.3879726128505,1076.3025963404325,1046.8640482065894,1052.7615966796875,747206
2023-10-23,1053.4990046452936,1066.6210286713247,1033.250654777999,1038.4110107421875,1581681
2023-10-25,1031.088064104268,1044.013548580931,993.933520504061,1011.183837890625,2363189
2023-10-26,998.7990502117156,1005.4337925499019,991.672845478108,1000.2242431640625,1236865
2023-10-27,1007.4979248046875,1019.8336790978908,1005.1880755108594,1007.4979248046875,615619
2023-10-30,1007.4979363130907,1016.3442596563276,985.1855309932215,1010.7907104492188,1536810
2023-10-31,1010.987315773666,1021.5537570051349,997.6686372038132,1001.9443359375,346106
2023-11-01,1006.5150279873449,1014.6241578515007,1000.0768823362152,1009.7095336914062,595750
2023-11-02,1017.3272535544647,1022.2418779677713,1006.6133483362669,1014.3292846679688,468806
2023-11-03,1016.7864910519629,1025.1905459184393,1009.7094806277246,1013.2479858398438,438050
2023-11-06,1024.0109805562208,1065.2938171540302,1014.8697330294796,1057.33203125,3643475
2023-11-07,1055.1697071215317,1055.611975259628,997.6686099006564,1036.7890625,5358480
2023-11-08,1044.8491200902706,1045.8320449445418,1009.758750787167,1016.3442993164062,1848097
2023-11-09,1017.3272407890926,1028.1886086005914,1011.5279600569703,1015.2631225585938,1185106
2023-11-10,1014.3784759242851,1025.1906496017727,1000.6175276074829,1022.7333374023438,1066829
2023-11-13,1026.1734650947785,1026.664927482276,1010.5449371751711,1013.5919799804688,1398118
2023-11-15,1023.2246727106299,1045.8319421365131,1019.0472424906297,1043.6695556640625,1213644
2023-11-16,1043.6696215489987,1045.7337396731753,1031.1864043472788,1039.197265625,614110
2023-11-17,1040.9174602560645,1051.729634064201,1036.3960297516699,1042.2935791015625,595745
2023-11-20,1042.8832092785563,1051.7295324486852,1038.2635107285303,1049.0264892578125,974108
2023-11-21,1054.1376187076316,1062.5416734625087,1049.2721891038186,1059.34716796875,950378
2023-11-22,1062.5417607909376,1079.5954829082011,1052.6633180732033,1078.0228271484375,909485
2023-11-23,1080.1852488098853,1088.0978420877386,1070.061194538126,1075.663818359375,1142761
2023-11-24,1077.2857227584225,1101.7605775007635,1074.8284104346121,1096.501953125,1312834
2023-11-28,1102.301017219611,1102.8416738776534,1069.86449739968,1078.3668212890625,1267193
2023-11-29,1085.099817845449,1098.762496976632,1081.3647754838353,1095.666259765625,492071
2023-11-30,1095.6663010261389,1109.0832494551303,1091.9803327756438,1101.12158203125,1157006
2023-12-01,1110.7050555369785,1143.5838430361525,1105.3972374690827,1136.7525634765625,2714425
2023-12-04,1151.9877634316908,1155.7229253347991,1135.3272375436663,1137.4404296875,1606671
2023-12-05,1144.1244168157305,1165.6995672312419,1138.5217936968304,1150.513427734375,1129629
2023-12-06,1154.8382181083018,1159.5071102880854,1143.8293898191537,1149.13720703125,520319
2023-12-07,1152.823366943912,1157.7379911112869,1140.9300004560534,1144.468505859375,573632
2023-12-08,1146.5325596385799,1160.0969695733154,1144.320978887434,1157.0499267578125,756528
2023-12-11,1161.52217083729,1180.001204795983,1154.9858170035536,1172.9241943359375,1031436
2023-12-12,1179.5097151219684,1190.223619031513,1160.1461452930894,1166.53515625,874194
2023-12-13,1172.4328446177801,1178.281199658201,1154.199540103143,1173.46484375,675591
2023-12-14,1178.0352401175232,1185.40717528722,1167.9602620522712,1180.5908203125,593147
2023-12-15,1182.1144654196526,1184.424314567058,1167.7145939466097,1176.2659912109375,486937
2023-12-18,1177.150624073956,1194.9415375601434,1160.8340976720258,1186.193603515625,1027677
2023-12-19,1186.1936414077552,1208.9974477116841,1177.1015874310617,1200.0528564453125,751405
2023-12-20,1206.0487182124461,1206.0487182124461,1129.9212411656192,1156.0670166015625,1218390
2023-12-21,1145.0580734063885,1167.2230732335297,1133.3613655454615,1163.733642578125,717489
2023-12-22,1167.7146426272884,1183.3431706798406,1162.9474814251973,1181.2298583984375,517014
2023-12-26,1184.4735550095745,1208.9974802943418,1181.524780667393,1205.99951171875,768606
2023-12-27,1208.997603971883,1217.3524654627456,1183.834751008357,1197.792236328125,878725
2023-12-28,1202.657755769433,1228.557801732501,1201.9205621273002,1224.38037109375,1803621
2023-12-29,1223.7414302617076,1225.707279948875,1207.9163642771987,1217.2049560546875,603888
2024-01-01,1220.792643881513,1236.5194412262024,1212.8800509730895,1226.19873046875,609955
2024-01-02,1234.160365141013,1237.5023334859786,1204.623546647069,1220.202880859375,703395
2024-01-03,1220.792568066338,1223.0041488055886,1194.9907927750808,1214.8458251953125,565828
2024-01-04,1208.0637447854003,1243.4981109935193,1198.4802282126714,1239.2716064453125,872939
2024-01-05,1246.3486475586806,1248.3144971605082,1229.6389259431462,1245.4149169921875,671381
2024-01-08,1250.2803862788328,1254.5560853007585,1227.2799212133075,1234.602783203125,1003414
2024-01-09,1245.3657420068112,1267.9730127772584,1240.4511179262793,1252.197021484375,1187562
2024-01-10,1257.7014738737762,1265.024215627986,1234.062084476252,1261.927978515625,731879
2024-01-11,1263.0582545563054,1276.819200520343,1248.6093092884369,1252.93408203125,430781
2024-01-12,1250.2803031380408,1253.2290774378948,1213.174893198213,1231.80126953125,1262925
2024-01-15,1238.4851457014097,1243.1048438854486,1226.837511780689,1235.9295654296875,430152
2024-01-16,1235.1432762386069,1237.551513983454,1200.6426398519998,1204.7218017578125,568277
2024-01-17,1204.6725273087843,1212.3884624563048,1182.7041835500233,1185.4072265625,822748
2024-01-18,1179.5096763322344,1216.3693537176168,1166.6333863627935,1201.969482421875,1184472
2024-01-19,1204.082635424739,1220.202622867608,1200.4458623978214,1212.781494140625,409600
2024-01-23,1203.0506138672204,1210.9632055341135,1168.7466385303574,1173.0714111328125,522523
2024-01-24,1173.0715734402786,1204.082899373624,1159.8512826619399,1195.0400390625,495413
2024-01-25,1205.0656821170069,1205.0656821170069,1171.6954365486752,1179.75537109375,792922
2024-01-29,1180.590931256852,1228.655977077303,1179.9520061515848,1222.4144287109375,1842394
2024-01-30,1228.655997707433,1234.6027407307117,1184.4243817899653,1188.2578125,613893
2024-01-31,1190.2725970491758,1222.709111592664,1183.4413184957498,1214.15771484375,892789
2024-02-01,1220.7925409388001,1224.4785087556443,1196.2194221598388,1208.55517578125,346050
2024-02-02,1216.7626805314162,1230.5727025089163,1210.0296693906619,1217.6964111328125,570679
2024-02-05,1224.3311610995581,1253.0817127727114,1208.5552893525216,1249.88720703125,1419072
2024-02-06,1262.0752955896296,1282.7167139754413,1253.4747045955412,1263.5496826171875,1223155
2024-02-07,1264.6801958416042,1274.5094436700301,1254.2120229071436,1263.3040771484375,654867
2024-02-08,1264.0411924221403,1273.2315145751468,1246.4960101325958,1260.4044189453125,728305
2024-02-09,1263.0582929497882,1298.689314832613,1251.0666590966994,1291.6123046875,1936968
2024-02-12,1301.392481301692,1307.290030310612,1097.8778462578323,1111.6387939453125,7363983
2024-02-13,1141.1264909274464,1141.175685161492,1044.8490554062585,1073.796142578125,6017374
2024-02-14,1066.030951390917,1101.7602375578244,1056.1033166770858,1086.22998046875,2028786
2024-02-15,1095.9611252564912,1096.354319164084,1075.6146303873588,1091.48876953125,856004
2024-02-16,1102.694160240761,1116.602570124624,1087.4588258772649,1114.4892578125,1009339
2024-02-19,1130.3635291349467,1130.3635291349467,1097.9270104728134,1105.544677734375,883522
2024-02-20,1105.6921735894537,1106.4784414678093,1081.217321140983,1103.38232421875,1337593
2024-02-21,1106.6750873905057,1122.8933470458835,1096.649182157435,1104.1195068359375,1137612
2024-02-22,1104.2175124635019,1116.1108760490526,1090.4565681529016,1113.7027587890625,508795
2024-02-23,1116.1656518428556,1128.47938031625,1108.235562605488,1115.229736328125,443601
2024-02-26,1115.229884267214,1164.238530092489,1102.7191825791595,1158.0816650390625,3694478
2024-02-27,1156.407030095789,1177.3895537613407,1152.3681507260014,1160.3966064453125,1178342
2024-02-28,1158.2292768362936,1163.9428948331588,1124.1449011599561,1135.0794677734375,770303
2024-02-29,1127.9375547248317,1140.743832638738,1118.8746984554932,1133.84814453125,1187019
2024-03-01,1132.9122288468168,1170.1981715295342,1132.9122288468168,1166.6025390625,740159
2024-03-04,1164.3863318208037,1175.911935228166,1152.56515078709,1171.4298095703125,1806324
2024-03-05,1172.2670035249885,1192.9540682930765,1162.366717285471,1168.129638671875,1251169
2024-03-06,1171.2819779284891,1173.0059000995361,1132.96162676182,1164.1400146484375,674420
2024-03-07,1164.041526694049,1175.8134042539266,1152.9098668812119,1161.283203125,557070
2024-03-11,1152.6143593859651,1172.8580580970652,1126.3614646073186,1142.5662841796875,2315091
2024-03-12,1142.7633395337832,1153.4516321182034,1122.026972063709,1138.6258544921875,942567
2024-03-13,1138.6258731286348,1147.0976946601957,1098.3846306652756,1110.205810546875,1538078
2024-03-14,1094.4442454386908,1110.2058187303371,1080.3572912087775,1096.4637451171875,1500630
2024-03-15,1101.290554475417,1113.801374560078,1082.7214762773056,1102.8175048828125,1004065
2024-03-18,1102.325007270654,1104.2952038877597,1074.0527339156902,1097.7935791015625,1199978
2024-03-19,1095.1831011433821,1116.1164412821695,1077.3035418687061,1096.118896484375,830859
2024-03-20,1093.45911889964,1101.9309402750973,1071.7869561827101,1076.4168701171875,1044847
2024-03-21,1081.4408826139197,1105.2802116269424,1077.6974612476606,1085.5782470703125,2400850
2024-03-22,1085.5782379964098,1116.7073176854403,1084.8887173431906,1112.1265869140625,1129996
2024-03-26,1115.032882128653,1123.9479503309358,1110.2058760087962,1113.3089599609375,728614
2024-03-27,1115.5253924637889,1126.0167139121377,1090.7501449804734,1094.6412353515625,1811541
2024-03-28,1098.3352542488446,1118.283493965939,1087.055927299433,1112.7669677734375,1391471
2024-04-01,1115.3282505001093,1136.2124066734157,1104.2951976075663,1131.48388671875,1247843
2024-04-02,1142.6155461622163,1142.6155461622163,1118.2343631531025,1138.13330078125,713289
2024-04-03,1108.23556571344,1127.0509188233018,1088.829177685449,1124.7359619140625,1586014
2024-04-04,1135.3258803487201,1155.0278479035787,1122.2733268436266,1134.1929931640625,2867983
2024-04-05,1132.813731358889,1137.6900400489044,1119.0716583032904,1128.577880859375,838396
2024-04-08,1135.769099743912,1162.4160583341973,1119.071730735295,1156.406982421875,2521920
2024-04-09,1165.6175926791816,1165.8145642436136,1123.0613931534524,1131.5823974609375,1115923
2024-04-10,1136.7050464337847,1165.9132374947596,1132.8631386957802,1159.8548583984375,1060445
2024-04-12,1159.7563338363907,1169.3117397167214,1145.6693793517666,1151.6292724609375,970493
2024-04-15,1137.7885435196345,1158.968157100303,1137.7885435196345,1152.860595703125,1166614
2024-04-16,1147.6397036358476,1171.8731016537827,1145.1769574907062,1163.0565185546875,1425666
2024-04-18,1170.001329250313,1178.965820950102,1156.8995925951763,1168.523681640625,1051256
2024-04-19,1162.4161573582637,1178.4733100053325,1140.8424775061903,1175.3209228515625,780402
2024-04-22,1187.8808841832747,1196.8945586132083,1179.3105761850707,1186.551025390625,757775
2024-04-23,1193.9391723520844,1193.9391723520844,1176.9462262109348,1188.5704345703125,475098
2024-04-24,1201.8200863402722,1212.656169085963,1191.0333066166618,1203.790283203125,1274760
2024-04-25,1222.2606841883653,1306.1418263193248,1218.7635372130953,1292.3011474609375,6402642
2024-04-26,1298.35952096699,1306.2403071337092,1286.8831020614543,1290.3802490234375,1068859
2024-04-29,1292.6953440411787,1297.276075540311,1254.5720849864988,1262.8961181640625,1178300
2024-04-30,1271.762077154356,1281.6130614855283,1247.7256513360405,1252.257080078125,621752
2024-05-02,1252.5525761649776,1265.8514041462809,1243.9822684553105,1255.2615966796875,492405
2024-05-03,1255.9019668322053,1261.8617399664317,1223.689177190684,1233.5401611328125,683589
2024-05-06,1243.0958268810869,1243.0958268810869,1220.3892582518074,1229.7969970703125,1136733
2024-05-07,1231.0773652039236,1231.668520417484,1205.464807993461,1221.47265625,713704
2024-05-08,1223.4921214849567,1452.4289966085614,1191.1316655104254,1384.2109375,12388890
2024-05-09,1389.9737098003948,1441.4943993059728,1370.2717436799073,1391.6976318359375,9267970
2024-05-10,1399.4307250407041,1416.5714607861444,1369.2867388683871,1376.8719482421875,2132506
2024-05-13,1369.7299805368787,1401.7949805825444,1348.5011828130396,1394.8992919921875,1603773
2024-05-14,1392.8797370943746,1428.1956084636968,1387.1169359079565,1419.37890625,726933
2024-05-15,1417.6057202475222,1445.5824150468145,1409.6756310360213,1440.9031982421875,888218
2024-05-16,1446.222889181214,1470.0623418239027,1435.4852929259184,1460.90087890625,1258685
2024-05-17,1466.8114963703629,1468.5847215652063,1449.5722746198717,1457.206787109375,523810
2024-05-21,1467.8459333424717,1487.4985985137175,1445.188669921402,1479.6671142578125,1171767
2024-05-22,1485.528494659971,1488.4344870496766,1438.2437680394946,1456.2711181640625,766715
2024-05-23,1458.9305926146828,1477.5489746665667,1442.036132599987,1470.998046875,399306
2024-05-24,1470.9979880508408,1563.35095063565,1458.4379851393066,1550.0521240234375,3141428
2024-05-27,1566.2078692343457,1567.2914533542314,1510.2542356212575,1548.5745849609375,2895264
2024-05-28,1555.4701498799611,1576.1572133045838,1536.4085226318093,1541.925048828125,1009029
2024-05-29,1531.8280407405819,1549.5598122732704,1522.0755423473488,1545.274658203125,740468
2024-05-30,1536.8519376782472,1556.1598416133018,1525.7695810540272,1531.1876220703125,919313
2024-05-31,1545.6193894026749,1563.3018575799097,1525.0308087950493,1531.384765625,2388880
2024-06-03,1625.362976985902,1625.362976985902,1565.2227947765127,1584.284423828125,1873076
2024-06-04,1584.2844187638423,1589.948734266962,1391.7961774423602,1424.698486328125,3325214
2024-06-05,1467.7965878039124,1492.374744311263,1385.2945983887596,1479.0267333984375,2791709
2024-06-06,1492.4240977553427,1555.322607461972,1474.7908120880452,1533.8475341796875,1052271
2024-06-07,1526.6560546822893,1566.2077745515394,1515.7706706216397,1559.6075439453125,779819
2024-06-10,1570.1481716132387,1580.9842526868272,1534.14278140004,1557.243408203125,2285921
2024-06-11,1566.3062913742083,1595.3173881045045,1560.3957015954377,1578.718505859375,788578
2024-06-12,1581.5261522357623,1620.4375383974507,1581.1322090832402,1607.2864990234375,995791
2024-06-13,1615.5613608877147,1630.3378367494927,1599.4550262486305,1612.5567626953125,1143028
2024-06-14,1614.576105964961,1713.5291816253982,1602.7549264215934,1691.7093505859375,3052519
2024-06-18,1694.369222308413,1708.1605996992957,1666.2939183341168,1671.4163818359375,1438259
2024-06-19,1694.3692105912082,1707.569552910021,1662.8460624871857,1678.0166015625,3289884
2024-06-20,1678.6075807475618,1773.8665426577898,1671.7118923289977,1764.7052001953125,3677708
2024-06-21,1777.6099237900012,1777.6099237900012,1720.474221058042,1726.0892333984375,925218
2024-06-24,1722.937104620443,1749.8303390880967,1708.1606285945388,1717.125,1489126
2024-06-25,1726.6805203570475,1738.4523981142906,1689.8378162164272,1693.827392578125,1133078
2024-06-26,1693.4825263274643,1701.0678556697217,1649.0546153989283,1654.47265625,2063096
2024-06-27,1655.9502041320932,1671.1699244157917,1649.694854121524,1655.5069580078125,1401014
2024-06-28,1659.8906990729788,1667.6236969738973,1641.6170768076054,1645.458984375,1106864
2024-07-01,1648.168111409658,1671.5150156746986,1637.972367004942,1641.1246337890625,1139145
2024-07-02,1643.8827834568353,1656.1965121718679,1616.5956087248262,1620.979248046875,1389017
2024-07-03,1645.0649887735506,1645.0649887735506,1614.6255450845026,1632.8990478515625,1034534
2024-07-04,1625.4122458232778,1655.3592591299102,1603.0012587975325,1645.4097900390625,1511383
2024-07-05,1659.4528017664263,1667.3643765066715,1642.1462320221399,1653.766357421875,1214143
2024-07-08,1664.3481030073092,1674.5343041572814,1628.0538008084598,1655.595947265625,1498080
2024-07-09,1662.4196752491112,1663.2602559377153,1644.0746626680839,1651.541259765625,613813
2024-07-10,1660.0462307213547,1660.0462307213547,1585.281869742346,1641.4541015625,936230
2024-07-11,1647.2394839709732,1647.2394839709732,1613.9613955136276,1622.565185546875,836449
2024-07-12,1628.7955509386736,1630.3778418409113,1596.1108074720337,1601.0555419921875,1108682
2024-07-15,1610.005514906131,1619.4005102326719,1584.9357357316255,1615.741455078125,1267534
2024-07-16,1616.1864559171006,1645.3603891889713,1615.9887148274088,1635.0753173828125,814531
2024-07-18,1643.580246250717,1647.4371632910459,1594.3307632406186,1603.577392578125,1232254
2024-07-19,1608.9176007618014,1616.2358313519942,1557.5912368140066,1561.942626953125,945152
2024-07-22,1552.5970912581254,1628.1032814076164,1532.3236804101975,1607.483642578125,1555103
2024-07-23,1611.983381883015,1616.1864060382316,1483.4202900763942,1581.029296875,1886680
2024-07-24,1580.8314790649974,1594.4294977307113,1567.4806971022965,1573.562744140625,1093834
2024-07-25,1552.646517144079,1586.1718386966863,1541.3231242724348,1574.7989501953125,447267
2024-07-26,1586.8641290965209,1675.5727360833685,1586.8641290965209,1666.276611328125,2755566
2024-07-29,1676.2153963152712,1727.6901275687474,1672.556341299739,1717.8006591796875,1776427
2024-07-30,1721.2125077163278,1733.6238390510064,1700.197387020473,1724.574951171875,867925
2024-07-31,1716.9600887516922,1725.7122441840027,1703.0159623841575,1714.33935546875,620610
2024-08-01,1720.7676055086756,1751.6227004914426,1684.819409848151,1698.5657958984375,1134832
2024-08-02,1688.1322951187287,1688.1322951187287,1629.7844302024985,1637.1026611328125,1338199
2024-08-05,1562.486484084009,1579.9909152767198,1521.0990837022612,1535.8839111328125,2625461
2024-08-06,1550.6686803502548,1590.968264995837,1493.7053652162926,1500.6773681640625,2039941
2024-08-07,1541.7682675961291,1559.0748389129553,1513.0888065568167,1540.2353515625,1457651
2024-08-08,1544.7350184909403,1624.8397153525063,1519.1707659206884,1587.7047119140625,4108498
2024-08-09,1610.0550111172277,1636.6575855272058,1600.0171761731565,1618.4610595703125,2016949
2024-08-12,1611.9339724205165,1611.9339724205165,1548.2458878055136,1575.9364013671875,1651574
2024-08-13,1577.3207275060115,1587.2596916204666,1558.8274697300687,1563.574462890625,479156
2024-08-14,1556.701198755471,1566.4423009981247,1536.0816812584521,1549.87744140625,464424
2024-08-16,1565.4039153174276,1584.0950339989881,1558.3824171751182,1566.9862060546875,744491
2024-08-19,1592.204318353726,1595.8633731571776,1542.9053454358643,1570.1507568359375,1185925
2024-08-20,1582.315019252734,1586.913646421648,1533.9061174208928,1559.96484375,1042184
2024-08-21,1559.569284439087,1592.204532623291,1555.7618629618082,1582.3150634765625,853929
2024-08-22,1590.1275974583068,1629.7348447042846,1576.3812126765793,1603.280517578125,955957
2024-08-23,1618.4115156381536,1618.856493431027,1584.1939788651134,1602.390625,868264
2024-08-26,1604.0716499811597,1620.0431643517522,1595.8633435578215,1616.6312255859375,713146
2024-08-27,1626.7186853031064,1626.7186853031064,1584.391712157491,1589.6331787109375,659375
2024-08-28,1596.1601366817706,1602.093817487279,1561.7942353498677,1566.9862060546875,927975
2024-08-29,1566.9862534549131,1571.4365141936619,1539.0485054838805,1560.459228515625,816590
2024-08-30,1562.0417599308469,1572.4751988918097,1557.6903690606468,1569.4588623046875,931250
2024-09-02,1579.3480930248547,1581.3259866917613,1528.417331102012,1545.179931640625,931058
2024-09-03,1559.223177851154,1573.4640375729387,1546.7624708649898,1549.7786865234375,878145
2024-09-04,1550.6687756492488,1597.050410493684,1536.8235187238092,1587.9520263671875,1095011
2024-09-05,1607.0386611512538,1611.884524950628,1572.6232618424856,1591.166015625,1562878
2024-09-06,1588.2486575176883,1588.2486575176883,1530.0985338481717,1534.0543212890625,1243240
2024-09-09,1518.033390505918,1543.7955038253992,1507.8966854553087,1537.960693359375,950996
2024-09-10,1547.7017331085165,1560.5580414346575,1535.8838672048275,1553.289306640625,424183
2024-09-11,1553.635486326358,1564.118298690779,1535.0927330681661,1544.438232421875,1122926
2024-09-12,1551.6575981442243,1576.480139782946,1548.9874899540023,1573.4144287109375,445898
2024-09-13,1570.4476269455724,1611.6866630674976,1569.5575506198434,1598.3853759765625,1776046
2024-09-16,1607.0385693255257,1607.0385693255257,1569.0629876046394,1583.5015869140625,1739277
2024-09-17,1588.2486055525817,1592.2043928640453,1560.6569649109144,1578.4580078125,1441523
2024-09-18,1582.2654075164248,1595.1217161044826,1544.7844198250016,1558.283447265625,366662
2024-09-19,1562.4864850762358,1577.1724419780621,1517.0939224667468,1568.420166015625,887601
2024-09-20,1568.4201610740408,1583.254363375776,1555.6133480419617,1573.760498046875,976662
2024-09-23,1583.1061780514353,1608.0275905763754,1559.668065091953,1564.711669921875,2341523
2024-09-24,1565.4040459486737,1570.843253807619,1540.2847709649698,1555.3662109375,1095753
2024-09-25,1559.5691426758126,1563.920532849048,1536.674999537979,1542.2625732421875,1014215
2024-09-26,1534.8455989838894,1537.9113102500194,1485.9915976555258,1511.6053466796875,1967406
2024-09-27,1517.0445200251436,1521.9892544450431,1503.1992636494253,1505.671630859375,1217594
2024-09-30,1503.6937089116402,1520.753042340595,1495.5843929033988,1499.8367919921875,753983
2024-10-01,1502.2103420250398,1537.8124304469632,1497.66121042645,1513.2864990234375,472946
2024-10-03,1512.0996988836662,1533.8565290834313,1456.768172186774,1472.7890625,1217926
2024-10-04,1471.5530076523787,1482.3819280694618,1444.0108602487956,1457.510009765625,1162303
2024-10-07,1461.613879054056,1469.5749491057995,1409.348064665128,1418.1002197265625,1454350
2024-10-08,1417.1610008851098,1469.9707929618176,1413.600815955222,1464.9765625,501482
2024-10-09,1468.6355378604324,1503.6936546878862,1465.9653089873839,1493.6064453125,1303802
2024-10-10,1503.1992350407047,1510.022992554508,1472.5418822207957,1484.458740234375,978224
2024-10-11,1488.4145562596173,1493.3097950476758,1463.591892890921,1475.8548583984375,532795
2024-10-14,1469.6739731175007,1488.7112010613055,1457.954976423578,1473.6297607421875,760996
2024-10-15,1489.1068312542889,1489.1068312542889,1459.537294073714,1464.08642578125,1222899
2024-10-16,1467.5971772378177,1472.0969338526766,1440.3516422695425,1458.6966552734375,762827
2024-10-17,1456.2242714470058,1462.454685039411,1426.8031019559712,1454.8397216796875,1026919
2024-10-18,1455.6802414016697,1468.5860458505945,1438.7198998058907,1458.4493408203125,888822
2024-10-21,1458.6965577441235,1479.4644409391246,1420.770471386986,1426.5557861328125,1263428
2024-10-22,1421.1165930384675,1426.2590682599994,1386.0089806147614,1390.656982421875,684238
2024-10-23,1390.5089015659912,1415.5786825002513,1377.1581177963906,1389.470458984375,841615
2024-10-24,1389.4703361845293,1417.0619776807316,1381.855493662544,1413.847900390625,475970
2024-10-25,1422.1549997078846,1424.033902058552,1374.6360574896967,1384.7232666015625,591131
2024-10-28,1376.6140750869645,1393.4261722683427,1342.891010179117,1350.406982421875,1700514
2024-10-29,1351.8903138195844,1371.669250378759,1325.979955215485,1368.0595703125,714147
2024-10-30,1368.0596151049663,1414.1940102839649,1361.1369870825972,1404.8485107421875,1095800
2024-10-31,1399.3599673094125,1425.270329723111,1379.8282645854827,1394.5635986328125,844545
2024-11-01,1412.2159885130948,1412.2159885130948,1375.6249579983996,1402.9693603515625,95867
2024-11-04,1406.4802721399208,1419.1388411015857,1380.0754374615071,1407.172607421875,715523
2024-11-05,1433.9730116653689,1448.5599785081718,1401.8322372659727,1444.6536865234375,1623271
2024-11-06,1444.752569958023,1466.5094020532408,1435.5553153748028,1454.7904052734375,990250
2024-11-07,1458.696529740172,1463.0972947109703,1425.5668119460734,1430.659912109375,584800
2024-11-08,1434.0224090106724,1440.4999383591748,1400.4970870984653,1404.35400390625,811080
2024-11-11,1398.4697162194414,1404.3540224086407,1364.9443938655374,1382.05322265625,692395
2024-11-12,1382.0531973926154,1382.1026930226233,1325.1887545660857,1345.56103515625,745108
2024-11-13,1344.9677656782064,1348.2807136038646,1298.1905296570055,1306.893310546875,584312
2024-11-14,1306.8933671838254,1341.9021126283078,1287.1639242309955,1314.063232421875,1860816
2024-11-18,1314.3103165621678,1321.5790515050405,1272.378947480234,1290.130615234375,1548457
2024-11-19,1281.675106354344,1340.3690772426419,1281.675106354344,1308.7227783203125,1521514
2024-11-21,1299.624594110506,1303.3825199017213,1274.3569525011999,1281.8729248046875,571103
2024-11-22,1284.6418339400445,1312.0356107479638,1282.0211008967287,1301.602294921875,325496
2024-11-25,1313.3213962130867,1335.0782265720386,1300.020109577511,1304.96484375,1609259
2024-11-26,1305.4098728904753,1318.8595262245299,1300.7123752418163,1307.5361328125,471592
2024-11-27,1310.6018779615565,1317.6728724339514,1298.6850195396219,1310.750244140625,359994
2024-11-28,1311.3437186776953,1345.264648980184,1302.2948295064068,1314.50830078125,1254378
2024-11-29,1317.2771773550385,1330.9740668041977,1311.29400074605,1317.5244140625,705598
2024-12-02,1314.8049669331394,1334.8806382593555,1290.9218740025897,1328.8974609375,982093
2024-12-03,1331.122486582345,1340.9624596471883,1323.309782167703,1335.473876953125,791810
2024-12-04,1349.813491593942,1371.1252223875904,1336.4627099904756,1362.6697998046875,2021679
2024-12-05,1379.5313571903703,1379.5313571903703,1345.8082938211737,1363.9554443359375,1249730
2024-12-06,1367.7136302102556,1369.6915241078843,1336.3640602212656,1339.77587890625,637711
2024-12-09,1339.775727408195,1359.8019008571825,1326.1777083996233,1348.3795166015625,909119
2024-12-10,1354.8573224702827,1360.840499810493,1335.3751158297557,1346.154541015625,714858
2024-12-11,1350.0608275834888,1369.6913985740764,1329.0950817575215,1364.1533203125,1760051
2024-12-12,1363.6589393073953,1363.7578098557035,1335.1278446594847,1337.501220703125,937430
2024-12-13,1337.0561498066957,1341.061432863398,1304.371407915382,1333.3970947265625,580701
2024-12-16,1342.2481987223468,1357.774616980205,1333.5949132268076,1349.0224609375,1080759
2024-12-17,1349.022355143355,1355.5493801181965,1318.266132681126,1325.7821044921875,1074430
2024-12-18,1325.7820794475144,1335.0287080472872,1288.943810494216,1292.009521484375,637487
2024-12-19,1275.74148823439,1302.3441837224036,1261.4017583278794,1283.455322265625,1019636
2024-12-20,1283.4552799065495,1301.1573320783323,1260.2644036663633,1264.76416015625,1495889
2024-12-23,1269.807777585477,1295.5203961347156,1258.1381562631705,1284.8397216796875,915584
2024-12-24,1286.6197567034087,1316.0409233151893,1279.5982587318647,1310.15673828125,805397
2024-12-26,1313.321407765836,1317.128828967935,1293.6413414420024,1299.723388671875,962802
2024-12-27,1305.4099955520487,1332.111563642886,1297.1028168906862,1300.31689453125,1037735
2024-12-30,1294.2347446522608,1300.6135245155256,1267.0882008521817,1287.9549560546875,3744544
2024-12-31,1286.6198949340492,1298.1411502665628,1264.7146973288166,1285.136474609375,558405
2025-01-01,1288.894425719976,1290.2294797692239,1273.9118574047486,1285.531982421875,358152
2025-01-02,1285.6309310614913,1306.3493197005607,1280.6861967112548,1301.1573486328125,749880
2025-01-03,1303.629567834528,1307.3876138025578,1276.73026431097,1281.8233642578125,1816419
2025-01-06,1281.9718048344664,1287.2626461515865,1237.3208319838975,1246.814697265625,758114
2025-01-07,1257.890865280555,1275.741403753274,1244.4412126100015,1256.011962890625,823200
2025-01-08,1256.0121151663916,1257.891017784115,1211.460007027683,1234.749755859375,855048
2025-01-09,1234.205524106623,1240.584182252894,1211.4597492232476,1213.734375,636615
2025-01-10,1211.5093591301825,1215.51452134831,1190.1480110826428,1196.477294921875,868167
2025-01-13,1191.4831979936762,1197.911352436807,1154.6449283003487,1156.91943359375,1720272
2025-01-14,1156.919524251016,1189.6042680768692,1156.919524251016,1177.242431640625,1507971
2025-01-15,1185.7473208066058,1195.4884235264021,1157.8590668041638,1170.4681396484375,1300950
2025-01-16,1176.8469033184895,1209.4326579412764,1176.8469033184895,1191.9283447265625,1506184
2025-01-17,1195.6368628081327,1204.339644258437,1184.2144772447414,1194.1534423828125,745195
2025-01-20,1199.5925651434486,1212.3500040365059,1182.928834363779,1203.74609375,424789
2025-01-21,1209.7786418096746,1220.706431273894,1186.291155832294,1188.367919921875,986443
2025-01-22,1197.5650023412309,1215.514409753887,1172.9403251778747,1212.8936767578125,1450962
2025-01-23,1206.1689983598571,1225.7995683518186,1193.1148280633781,1214.179443359375,503606
2025-01-24,1216.4541766388966,1230.1015713590098,1197.8619267220938,1203.1033935546875,459008
2025-01-27,1197.2190241875194,1221.9426952665656,1167.995717404717,1184.115478515625,526050
2025-01-28,1196.6256835902361,1213.7838872231257,1168.5890646519806,1197.7135009765625,749314
2025-01-29,1196.6752414585205,1206.910817702153,1177.0940446020486,1184.1650390625,604487
2025-01-30,1186.736177822535,1191.730407525957,1166.957241525493,1170.9625244140625,2102523
2025-01-31,1169.429715605752,1224.3162688540558,1169.429715605752,1210.5205078125,627704
2025-02-01,1224.3161726462577,1227.233517499443,1135.8549272002604,1162.160888671875,872295
2025-02-03,1153.111970445931,1153.111970445931,1110.587257985232,1126.50927734375,1589240
2025-02-04,1150.0956310642625,1185.8460819754,1147.1287906686669,1158.94677734375,1501122
2025-02-05,1161.8147587446788,1171.4074944973106,1136.2998828006837,1143.7664794921875,2461419
2025-02-06,1149.897922143665,1150.1451588502107,1119.8834101132368,1125.124755859375,855048
2025-02-07,1125.124811718259,1135.8054862597105,1113.208074303761,1126.85546875,1231822
2025-02-10,1132.2452972652284,1135.706611315297,1118.0044381721639,1122.2569580078125,460118
2025-02-11,1121.3669672131148,1122.2075479737514,1095.8027127804412,1100.0057373046875,793322
2025-02-12,1100.5989972352577,1104.6536552634554,1058.9643580969337,1092.440185546875,1217773
2025-02-13,1063.1178774827788,1086.902097820931,1033.152739252285,1064.3045654296875,3020065
2025-02-14,1076.7159805194635,1094.0720475983514,1047.8387781707647,1066.430908203125,1776818
2025-02-17,1066.4309513786966,1076.666528474027,1039.927244756286,1070.6834716796875,425715
2025-02-18,1072.8640500898885,1073.2605686122579,1041.8384419720294,1067.5113525390625,976428
2025-02-19,1048.727529273391,1073.359715945172,1038.4186522335585,1066.619384765625,346156
2025-02-20,1081.4382523563177,1093.7790896040117,1058.5902188811433,1071.872802734375,1894343
2025-02-21,1073.5083359865766,1088.575071249362,1044.316491039757,1049.6690673828125,564026
2025-02-24,1038.9637625272023,1041.1444327496595,1028.0601694140046,1032.421630859375,486862
2025-02-25,1030.3895554430726,1045.109382035025,1029.5965184480322,1036.03955078125,660269
2025-02-27,1036.0891348078715,1040.7975044709544,1015.3227949045612,1029.2991943359375,942500
2025-02-28,1025.978658937405,1025.978658937405,993.3669770524909,1007.5911865234375,2472393
2025-03-03,1009.0780643351128,1023.6491824827908,993.6148097497171,1021.220703125,549605
2025-03-04,1001.4454903255762,1023.6987455508873,997.430997541109,1013.8359375,708878
2025-03-05,1011.0606214049968,1050.412638367334,995.2008469515852,1047.83544921875,677352
2025-03-06,1065.5784989277768,1080.4470361221177,1057.5990022332942,1076.9281005859375,896629
2025-03-07,1077.12641204567,1089.3681500412176,1073.5579873466286,1078.266357421875,1212897
2025-03-10,1083.0738329296562,1089.3681561284857,1053.5845675567514,1059.531982421875,717330
2025-03-11,1045.753627872632,1065.3801424641647,1036.0890801268897,1054.97216796875,725140
2025-03-12,1060.6222283084448,1085.4031214932218,1051.9985258803247,1080.6451416015625,770987
2025-03-13,1085.4031151098675,1085.4031151098675,1022.9552646514915,1030.1417236328125,1894793
2025-03-17,1028.0105033226353,1070.0885306942287,1028.0105033226353,1066.91650390625,628264
2025-03-18,1066.91650390625,1066.91650390625,1066.91650390625,1066.91650390625,0
2025-03-19,1092.8375437561895,1134.370350798356,1088.7735009001385,1126.0439453125,1209976
2025-03-20,1136.9473871148623,1191.465352495261,1136.9473871148623,1183.8328857421875,2766980
2025-03-21,1196.4216110841865,1196.7190302244924,1158.9528494288375,1170.9468994140625,2395430
2025-03-24,1174.6144360385208,1196.025105356092,1174.6144360385208,1190.8707275390625,1330920
2025-03-25,1196.421659312434,1199.395366833509,1160.2911613315625,1175.853515625,1298776
2025-03-26,1175.8534526011895,1191.6636150073177,1167.6757573565446,1172.5328369140625,812349
2025-03-27,1171.640555460718,1188.4915617575302,1119.9475913559952,1148.9908447265625,5362970
2025-03-28,1164.1567972733546,1171.1946680141048,1143.8860742537047,1158.9033203125,2164434
2025-04-01,1149.8335097639776,1168.666989665284,1134.0233474049078,1138.5830078125,900487
2025-04-02,1143.8860607862432,1157.1686440977176,1128.5219065902406,1142.84521484375,1275536
2025-04-03,1120.0964138033978,1125.8456296372628,1073.0623251814832,1107.3094482421875,2078500
2025-04-04,1087.3856235549472,1090.3593308208222,1005.1130558657397,1017.0574951171875,4793116
2025-04-07,916.8931010516699,951.4376439560647,911.0447857205452,943.2599487304688,3849870
2025-04-08,986.2300792667106,986.2300792667106,939.0968286964974,961.8456420898438,1980407
2025-04-09,956.5920560481292,964.1750337960511,932.5050392315379,961.3499755859375,1791396
2025-04-11,1001.1481198931058,1001.1481198931058,967.9417218570474,993.366943359375,2146554
2025-04-15,1031.8764247082331,1066.5696762594225,1030.9842883253964,1063.695068359375,2570787
2025-04-16,1066.2722148200244,1069.0477232341657,1040.7975052349318,1045.852783203125,1152520
2025-04-17,1039.9054334813213,1062.505657684705,1031.876447856593,1058.8380126953125,1223336
2025-04-21,1060.6223700830217,1090.8550638096872,1057.351243345194,1084.6102294921875,1241237
2025-04-22,1084.6100942537364,1102.4523375070453,1075.8872923746146,1093.927734375,698419
2025-04-23,1093.3330552215778,1129.6122602337339,1086.295305448802,1125.5482177734375,1365780
2025-04-24,1116.1314654791995,1119.1051727584513,1088.2777648302988,1096.8023681640625,1987515
2025-04-25,1095.9101896478076,1105.9216462363056,1071.3276163513474,1078.9600830078125,1392564
2025-04-28,1072.5170971108641,1110.18405615912,1072.5170971108641,1107.3094482421875,1193121
2025-04-29,1125.052514992904,1145.8684646095128,1107.3093718338948,1124.061279296875,2134718
2025-04-30,1125.052570275557,1125.052570275557,1088.3768477203187,1094.5224609375,1270756
2025-05-02,1094.3243066812051,1110.7787965127325,1090.359363541056,1094.7208251953125,634781
2025-05-05,1099.1813018999178,1114.5454553892741,1085.5022007156645,1109.7874755859375,672694
2025-05-06,1115.1402938444367,1120.0964729281898,1070.534682090659,1077.770751953125,1383512
2025-05-07,1082.3303276917686,1134.3702039929985,1079.0592013526516,1130.90087890625,1768753
2025-05-08,1141.9036455869348,1148.6440974506545,1076.680281319023,1103.6419677734375,2683717
2025-05-09,1119.2042934927201,1166.585412113183,1101.2629500989412,1155.3843994140625,5531033
2025-05-12,1194.4391575356535,1202.4681434401568,1163.0170305882214,1188.68994140625,2499123
2025-05-13,1184.5267324244965,1220.9050363924962,1181.5530251464434,1193.3487548828125,3252512
2025-05-14,1199.3952680365212,1251.9307632480381,1195.5294243774688,1235.2779541015625,3139778
2025-05-15,1246.974596987645,1252.1289745845484,1233.0972962262565,1234.7823486328125,1297070
2025-05-16,1239.0447210340583,1258.8694365706033,1229.5288817766088,1251.9307861328125,1693383
2025-05-19,1259.860643146344,1267.7905291771629,1240.6306453215166,1246.28076171875,1427244
2025-05-20,1251.9307918826526,1256.986070167597,1213.4707951649327,1216.642822265625,786186
2025-05-21,1216.048211326412,1237.4588818762413,1208.415622542128,1218.2288818359375,805567
2025-05-22,1218.1296654742753,1231.1148298987189,1206.333935577086,1228.73583984375,968052
2025-05-23,1230.1235796494834,1240.9280736466578,1220.508641166025,1234.1876220703125,691587
2025-05-26,1234.088554655014,1248.5605729432452,1229.9254127503384,1238.747314453125,786355
2025-05-27,1235.0797007637302,1248.6595816576605,1227.447234159192,1239.441162109375,1239119
2025-05-28,1236.1701380111506,1248.2632873326036,1231.1148596474736,1238.251708984375,1299910
2025-05-29,1245.586883066614,1265.1143009423613,1239.6394682619027,1244.89306640625,1200243
2025-05-30,1248.9569918822112,1251.3359817811252,1227.1498063096647,1230.0244140625,1020675
2025-06-02,1227.149896882686,1252.9220271887846,1219.2200106346559,1245.88427734375,1572954
2025-06-03,1247.8667794503701,1274.531046812138,1242.414982521403,1259.2659912109375,1513075
2025-06-04,1263.7264952161006,1269.376490650564,1234.9806581626344,1259.563232421875,2282886
2025-06-05,1265.9071686124512,1267.4931216330156,1245.983353978049,1258.472900390625,1340532
2025-06-06,1266.7993234344394,1288.3090914024297,1251.3360695081017,1285.0380859375,1728190
2025-06-09,1293.5627591304665,1350.162300866273,1287.0206268476013,1332.815673828125,2575104
2025-06-10,1348.080655588818,1348.080655588818,1319.533016834988,1326.96728515625,1606742
2025-06-11,1330.238514740384,1338.7631188761823,1313.7840237805,1321.912109375,779516
2025-06-12,1323.1014950970807,1330.8330611574581,1287.2186892255854,1293.5626220703125,1186291
2025-06-13,1259.8606939388872,1303.4750688667477,1259.8606939388872,1297.8250732421875,883872
2025-06-16,1299.5100155201837,1313.387315457089,1283.8484429054956,1310.01708984375,744549
2025-06-17,1310.0172242740516,1313.288350852177,1283.6503758883302,1289.1021728515625,560014
2025-06-18,1308.4312902562535,1309.521625464707,1279.28893277318,1286.4259033203125,1099732
2025-06-19,1287.615292876982,1295.9416977238543,1261.8431623036167,1265.80810546875,555035
2025-06-20,1261.8432034923396,1273.044216699646,1257.878260197784,1267.0968017578125,904701
2025-06-23,1263.9248264526586,1293.5628029972886,1263.9248264526586,1284.4434814453125,2877325
2025-06-24,1298.1223529563529,1305.358422548689,1276.2160664240403,1283.94775390625,1239813
2025-06-25,1285.2362512757802,1294.6529909156234,1259.4641217351564,1263.9246826171875,896447
2025-06-26,1268.781820831714,1280.0819331235891,1264.123060983533,1275.224853515625,993564
2025-06-27,1276.6125684280962,1312.89177329761,1276.6125684280962,1298.221435546875,1393640
2025-06-30,1305.4575206782783,1311.900553240472,1294.1574085998775,1296.635498046875,578990
2025-07-01,1303.3760824676162,1303.3760824676162,1258.8695672672845,1272.945068359375,1356145
2025-07-02,1277.6038113304708,1307.4399838815807,1263.8256098931126,1299.9066162109375,1905720
2025-07-03,1300.4022561120762,1324.3901138116473,1285.6328186522167,1287.31787109375,1616581
2025-07-04,1299.5667739003363,1312.512649808922,1285.824180080234,1309.0272216796875,1039888
2025-07-07,1308.5291700582877,1308.5291700582877,1287.6166034135204,1300.7615966796875,436455
2025-07-08,1300.7615850687505,1302.2553398157572,1271.9820075260761,1275.76611328125,1030390
2025-07-09,1278.6541250185792,1281.641634656473,1254.7540479154281,1256.247802734375,755470
2025-07-10,1257.6419163547312,1261.5257029436239,1215.4184252416246,1229.658935546875,1081155
2025-07-11,1216.9121614302444,1231.3517901869861,1205.758841636071,1209.7421875,916202
2025-07-14,1205.8585444870348,1213.5264375628742,1196.1988566801062,1203.9664306640625,973388
2025-07-15,1204.9622232146478,1235.8331562060973,1195.003857733535,1232.2481689453125,1117950
2025-07-16,1232.9451995393274,1233.3435584689312,1218.9039285958593,1226.173583984375,675810
2025-07-17,1228.8623314432102,1236.5302244327315,1216.5139336219643,1219.70068359375,824491
2025-07-18,1219.9994011865124,1232.9452770590829,1210.041035130689,1211.5347900390625,517976
2025-07-21,1211.5346987905702,1220.4972275657856,1205.7589198504552,1215.71728515625,418077
2025-07-22,1216.9122244804944,1217.11134315918,1197.9913306465096,1199.6842041015625,652973
2025-07-23,1202.1737999369507,1221.1943747442072,1200.1821268942704,1218.6051025390625,514972
2025-07-24,1219.0035208020429,1225.1777804721646,1208.3481181298207,1211.93310546875,366807
2025-07-25,1208.945547921317,1212.8293347023427,1180.7633254858,1198.9871826171875,1123836
2025-07-28,1197.6924648855882,1222.5883764493701,1182.0578810483605,1183.5516357421875,435067
2025-07-29,1183.5517589517478,1218.4060387694265,1180.0663309699798,1215.3189697265625,478123
2025-07-30,1220.3977623112473,1220.3977623112473,1174.0913600693273,1183.6513671875,1273567
2025-07-31,1159.0542422537148,1177.2779790839058,1139.834547262125,1164.2325439453125,1929438
2025-08-01,1163.1370918550099,1163.1370918550099,1137.1457821799122,1141.3282470703125,580962
2025-08-04,1140.232797743887,1174.6887164899338,1135.6519741352345,1172.4979248046875,596728
2025-08-05,1170.107841573877,1172.7965513935176,1146.8052440760773,1155.668212890625,384753
2025-08-06,1146.904967282125,1168.0167762072442,1128.0837527312883,1134.65625,1375068
2025-08-07,1123.3035892729029,1160.8465772753677,1097.4118398747687,1156.763671875,2555948
2025-08-08,1154.1745919537252,1165.4275938909627,1124.299494664155,1130.4736328125,740040
2025-08-11,1132.0670781345636,1168.415113476845,1124.7974224412742,1161.0458984375,630216
2025-08-12,1161.0458440451596,1169.4108952773408,1145.2120187774728,1147.60205078125,518053
2025-08-13,1153.2783320684252,1180.6638383290876,1153.2783320684252,1176.5809326171875,425145
2025-08-14,1177.477074555955,1181.06206156025,1162.2407278351136,1175.5849609375,638001
2025-08-18,1194.8047067743657,1195.1033847934839,1175.0870950295482,1179.568359375,335523
2025-08-19,1179.9666487894165,1189.4270951836536,1170.5062023951793,1183.5516357421875,217082
2025-08-20,1189.4271471365923,1189.4271471365923,1152.1828374979684,1154.074951171875,598367
2025-08-21,1155.9670996033872,1175.5850307375824,1144.1166205126767,1149.294921875,2558248
2025-08-22,1145.212050155137,1152.282465456722,1115.5360718828063,1118.324462890625,1414231
2025-08-25,1121.2124558567823,1152.9796678113214,1119.9178196477862,1134.65625,1825618
2025-08-26,1131.469472606786,1138.4403286608447,1105.378602857857,1117.62744140625,1196400
2025-08-28,1110.3577183423404,1127.685298080008,1100.4989124948677,1119.917724609375,1103861
2025-08-29,1112.3494504684822,1123.2040934112536,1095.9181470372112,1102.09228515625,1414573
2025-09-01,1102.092154014922,1127.187305570145,1100.0009217758368,1121.710205078125,588447
2025-09-02,1120.3162133284732,1138.440391443707,1110.9553246557998,1129.876220703125,624504
2025-09-03,1134.2578167838083,1135.95069027358,1125.3948472831787,1130.8719482421875,245821
2025-09-04,1160.1496612856397,1160.1496612856397,1123.3037063778554,1126.6895751953125,683551
2025-09-05,1140.2328995775918,1145.1125231982446,1123.3036774877935,1131.9674072265625,775351
2025-09-08,1139.236999278823,1209.8418341234662,1135.8511307377817,1197.792236328125,3849812
2025-09-09,1197.9913969195347,1201.8751838653561,1165.228349366343,1176.780029296875,748250
2025-09-10,1199.9830389515078,1233.5426819554446,1193.2113018081118,1194.904296875,2479810
2025-09-11,1194.306853578758,1213.3273078577033,1189.0288711039661,1206.8543701171875,610937
2025-09-12,1223.883222927739,1230.4557203983345,1209.9415100546812,1217.908203125,1086138
2025-09-15,1218.605156561242,1234.8373412035075,1212.2318997917916,1232.0489501953125,818690
2025-09-16,1234.8374344591982,1259.9324691798233,1233.8415978185053,1257.9407958984375,1396380
2025-09-17,1264.1149551785293,1270.089974546102,1256.0487033447223,1263.3182373046875,1638765
2025-09-18,1272.6791252929672,1273.1770435735984,1261.5258044316638,1263.3182373046875,622251
2025-09-19,1261.7249033613984,1270.289073341728,1248.3806693370313,1267.401123046875,1013984
2025-09-22,1260.3307588658279,1268.4966918078671,1247.0862052099435,1250.770751953125,402246
2025-09-23,1250.7708091339427,1268.4967497990524,1241.9078388013882,1245.7916259765625,1451840
2025-09-24,1245.2936489209349,1245.2936489209349,1202.0743168410902,1203.9664306640625,926067
2025-09-25,1205.3606286762101,1219.899818527468,1198.9872502098542,1202.2735595703125,463260
2025-09-26,1194.0081171436807,1204.9623200532558,1174.091384580817,1176.1826171875,705082
2025-09-29,1187.833870668437,1223.7835453632097,1177.2779061202655,1208.945556640625,9224344
2025-09-30,1198.8876839847417,1218.6051753481086,1188.2321596325125,1207.352294921875,1252243
2025-10-01,1214.8210163829494,1224.7793817577387,1197.3938769770684,1214.522216796875,843754
2025-10-03,1214.5222733386752,1224.8789981230263,1205.161385138164,1215.1197509765625,434862
2025-10-06,1216.912201227565,1233.4430627910733,1206.9538362420694,1229.459716796875,313008
2025-10-07,1231.8498592399337,1235.3352872976054,1207.6509815289805,1211.7340087890625,686058
2025-10-08,1211.9331332446145,1215.9164796151804,1178.0746890948062,1186.0413818359375,824378
2025-10-09,1185.5434819321206,1207.7506869173803,1174.4897198947297,1204.2652587890625,469286
2025-10-10,1209.9414712874616,1221.991069857825,1203.1697337698251,1214.920654296875,423694
2025-10-13,1214.920588589581,1222.887280973775,1195.2029763138696,1221.0947265625,290988
2025-10-14,1220.4973039259526,1228.66323692485,1196.995584646312,1217.80859375,970885
2025-10-15,1221.8914791335126,1235.8331912018657,1212.7298312562848,1227.4681396484375,373500
2025-10-16,1228.8623208527401,1270.5878972265257,1224.8789745938982,1259.932373046875,1695549
2025-10-17,1264.5133283433158,1264.7124470329766,1231.3519218553351,1236.4306640625,674285
2025-10-20,1239.8165388892335,1249.0778676840823,1235.235714945513,1242.5052490234375,587947
2025-10-21,1252.762456811762,1253.8578527715965,1229.9577741042815,1238.2232666015625,93642
2025-10-23,1263.6169614864357,1305.5416539011283,1259.733174816878,1294.68701171875,3449100
2025-10-24,1294.6870688463703,1305.5417115077057,1271.6832689514417,1278.5545654296875,852230
2025-10-27,1284.5295693139533,1301.7574684121569,1278.654109451876,1295.981689453125,621215
2025-10-28,1296.7782269278405,1315.1016426318758,1283.633233902158,1302.6536865234375,1303001
2025-10-29,1302.6537969907465,1318.9855411023923,1290.3053991715958,1316.695068359375,643943
2025-10-30,1319.4833938217148,1321.2759481890953,1299.566663348934,1311.7158203125,430914
2025-10-31,1311.7157965206754,1323.2675972350228,1301.8571123651259,1319.1845703125,793616
2025-11-03,1318.5870586686328,1350.0554671197572,1311.1182850696919,1335.117919921875,797023
2025-11-04,1335.4167322287456,1337.3088458709394,1314.1058070440754,1319.3837890625,547122
2025-11-06,1314.5042439252975,1326.0559235746496,1293.6912357507313,1314.2054443359375,1108499
2025-11-07,1309.5249786300487,1315.2011979734266,1295.98162673762,1311.6162109375,457443
2025-11-10,1312.8114592582763,1330.4377187334278,1301.3593381763642,1322.869384765625,723187
2025-11-11,1328.2468853703922,1405.1254210886068,1298.272106919615,1396.262451171875,4813720
2025-11-12,1404.1295873246513,1404.1295873246513,1372.8602941881254,1383.4161376953125,1721977
2025-11-13,1390.3869153421028,1405.0257852785708,1371.2669025801943,1383.017822265625,1046952
2025-11-14,1371.2669559052335,1399.1503798452093,1362.30442678167,1390.8848876953125,1232599
2025-11-17,1396.1628220589364,1396.1628220589364,1374.25441828911,1377.93896484375,1511212
2025-11-18,1382.2211084449566,1398.1544929803451,1365.789805642837,1390.7852783203125,1361221
2025-11-19,1393.0757169909812,1447.448366079274,1390.8848037335617,1440.1787109375,2476584
2025-11-20,1453.9212591220003,1454.1203777929425,1426.9341148575609,1429.4237060546875,903044
2025-11-21,1426.2370167431234,1429.921684808047,1400.4449480990327,1404.32861328125,796865
2025-11-24,1404.328761318372,1424.145934487597,1396.8599866235954,1406.3204345703125,3019271
2025-11-25,1404.1296101525925,1416.7766863851612,1393.474207125914,1403.830810546875,668177
2025-11-26,1402.1379014960073,1430.0213256734849,1399.4491913608692,1425.3409423828125,567619
2025-11-27,1429.0254430669402,1439.1829272081598,1422.9508644506393,1427.43212890625,463627
2025-11-28,1427.432085417382,1432.3117086550196,1406.8181966123593,1427.8304443359375,1148404
2025-12-01,1432.0129963568018,1443.963035269376,1418.9675615229914,1427.0338134765625,495952
2025-12-02,1422.7515893321831,1427.9300121801,1403.3327771671647,1415.4820556640625,1579879
2025-12-03,1409.1087539178004,1409.1087539178004,1379.2336566615925,1400.84326171875,1946889
2025-12-04,1399.150397921364,1413.3909096709483,1383.9140495896293,1388.4949951171875,805774
2025-12-05,1388.5945601465648,1402.436713007529,1379.9307089091449,1400.146240234375,483518
2025-12-08,1394.1712135696405,1399.1503964752465,1358.5202153406694,1367.881103515625,662073
2025-12-09,1362.3044233874461,1385.0095457354025,1341.8897737679706,1377.540771484375,700847
2025-12-10,1381.3248840378174,1386.6028664916862,1369.9723228101154,1378.0386962890625,570470
2025-12-11,1369.2751570091855,1408.311898315092,1369.2751570091855,1401.540283203125,550022
2025-12-12,1409.0091613601744,1424.0462689789347,1398.8515555952451,1420.660400390625,509588
2025-12-15,1420.0630043730712,1420.6604820260284,1391.681661017789,1408.2125244140625,546507
2025-12-16,1408.2124699894907,1418.071276349562,1389.1920158059263,1411.498779296875,425601
2025-12-17,1409.10864490643,1413.49034981078,1394.6690156830073,1407.415771484375,282655
2025-12-18,1413.8887303174918,1413.8887303174918,1378.2377345137654,1401.639892578125,431008
2025-12-19,1395.5653232812476,1436.693298615312,1394.6690461009348,1433.905029296875,503965
2025-12-22,1444.759786645605,1457.3073034822517,1434.9009800017807,1450.13720703125,605327
2025-12-23,1457.1079930519575,1458.900547468901,1431.515042311635,1454.1204833984375,477398
2025-12-24,1461.3901591046192,1464.4772281436335,1440.9755095225785,1444.4609375,406574
2025-12-26,1441.2743685508378,1453.9214448227494,1432.013039489804,1437.7889404296875,544143
2025-12-29,1436.8925168570654,1449.340473165062,1432.2120123480147,1439.6807861328125,587076
2025-12-30,1435.0004704566088,1460.6931021055768,1435.0004704566088,1448.5438232421875,791722
2025-12-31,1484.692725289883,1484.692725289883,1448.9421691073949,1464.278076171875,1952667
2026-01-01,1473.838126799243,1473.838126799243,1453.3239177251294,1458.3031005859375,368504
2026-01-02,1460.8921985730035,1481.7052064915374,1456.3113748190005,1471.0496826171875,1005873
2026-01-05,1480.7094862230717,1487.7799018727,1459.7969173212466,1476.128662109375,918595
2026-01-06,1476.8256730422684,1500.2278330668762,1462.6848419926584,1468.5601806640625,841560
2026-01-07,1469.4563036885515,1484.8917693188137,1458.004184027389,1477.223876953125,483951
2026-01-08,1473.8382135574861,1479.5144337281085,1440.7764860403565,1448.0460205078125,1960058
2026-01-09,1452.8259099116167,1460.991720675308,1433.3075386124444,1438.48583984375,725796
2026-01-12,1429.0254768774973,1454.0209504533218,1413.0920917694557,1450.5355224609375,533588
2026-01-13,1451.2325832668664,1461.4896263021835,1441.9712551716666,1454.2200927734375,476748
2026-01-14,1448.8425746744338,1458.5021402763628,1434.0045862405025,1441.174560546875,306790
2026-01-16,1438.0876000748758,1471.8464849002276,1438.0876000748758,1451.332275390625,513291
2026-01-19,1448.8425945468402,1450.3363493446625,1406.1211830167076,1409.208251953125,435724
2026-01-20,1403.133765983475,1412.8930132645462,1379.7316059404577,1388.2957763671875,634730
2026-01-21,1380.2295362389605,1399.8474687569167,1361.009841113829,1374.2545166015625,878004
2026-01-22,1389.192004535234,1436.3946819049763,1375.2502926617622,1425.5400390625,682858
2026-01-23,1429.0254391125816,1438.4858862704696,1392.876523979188,1402.9345703125,650137
2026-01-27,1421.9551267740294,1438.2868715713341,1389.2916371794204,1412.59423828125,662750
2026-01-28,1418.7683434210778,1462.9835124003287,1408.511299464896,1453.025146484375,1434750
2026-01-29,1455.0168123321414,1457.0084855052912,1419.4654948162515,1431.9134521484375,993700
2026-01-30,1428.7266259991875,1444.8592507792641,1413.2911597298125,1435.3988037109375,1048256
2026-02-02,1379.5324504853543,1447.5480153500787,1378.6361732590028,1437.689208984375,638162
2026-02-03,1553.504974186769,1581.3883968003777,1526.7169474348514,1532.5924072265625,5756431
2026-02-04,1533.5883116946889,1590.2514366145258,1522.6341094682982,1584.3759765625,1510124
2026-02-05,1591.3468196771887,1592.3426562351844,1554.9987853103444,1566.6500244140625,1823030
2026-02-06,1566.6499656082156,1567.1478838685236,1534.9824371898728,1551.015380859375,638178
2026-02-09,1578.4009008058222,1608.6743556447339,1571.430045092484,1583.7784423828125,1122123
2026-02-10,1583.8779930294372,1610.2676609422194,1575.6125012470186,1607.2801513671875,918399
2026-02-11,1613.2552046450799,1681.3704487091766,1600.9068071613067,1669.42041015625,2361480
2026-02-12,1669.022001500729,1749.5851999905956,1612.856797662872,1719.5108642578125,5012665
2026-02-13,1749.585286470831,1776.7715517753293,1718.7143529362468,1731.5606689453125,4313855
2026-02-16,1731.8593692255456,1765.8173722374029,1713.038033580907,1720.2081298828125,2443341
2026-02-17,1720.4072170392521,1758.64736526224,1718.9134621989954,1743.908935546875,1658775
2026-02-18,1747.9966435775539,1773.5191840176772,1742.014792457162,1766.0418701171875,1977808
2026-02-19,1774.41647512921,1795.8514415123143,1746.501170072144,1752.8817138671875,1767490
2026-02-20,1744.307774498883,1778.603745501229,1732.9422329508689,1774.6158447265625,2389917
2026-02-23,1792.5613405985603,1832.4403470634893,1777.6067131742118,1826.45849609375,2598731
2026-02-24,1829.050691705314,1859.0596211168543,1812.3015812366073,1852.6790771484375,1733890
2026-02-25,1862.3496694474566,1903.1259793767513,1843.6064870488192,1896.246826171875,1539022
2026-02-26,1896.346474067764,1914.092681032017,1879.0988763968253,1906.216552734375,1444595
2026-02-27,1916.186326106326,1920.4733681282005,1895.3495201762976,1905.4189453125,1401713
2026-03-02,1854.4734823039885,1923.6635831783178,1846.5973541508133,1873.615478515625,1490881
2026-03-04,1864.3435324143795,1864.3435324143795,1804.9238377535787,1836.2288818359375,1688493
2026-03-05,1894.252850798945,1912.1984041223036,1854.2741702354556,1892.65771484375,3038129
2026-03-06,1889.168286287785,1929.6454541134217,1874.2136586403028,1918.08056640625,1711572
2026-03-09,1903.425032425566,1903.425032425566,1804.4254665640487,1856.6669921875,1166675
2026-03-10,1879.2982732702587,1880.7937360871845,1821.5733841967024,1836.627685546875,959909
2026-03-11,1844.1049323603283,1857.1654045125752,1787.5764886230616,1791.6640625,807896
2026-03-12,1784.4859342527895,1786.978372251997,1714.797343454734,1774.217041015625,1253973
2026-03-13,1758.6641979085466,1770.129412350694,1661.060304534746,1670.0330810546875,1361265
2026-03-16,1670.0331617654354,1712.205262127717,1645.009108157318,1691.866943359375,905203
2026-03-17,1702.8335718808169,1749.6914043623149,1686.0843405261517,1740.7186279296875,1099383
2026-03-18,1754.6762948237492,1806.519003534451,1754.6762948237492,1798.9420166015625,2118929
2026-03-19,1754.8756778977577,1767.6370089893906,1695.8547954263695,1707.2203369140625,874537
2026-03-20,1712.803336631336,1752.582670128471,1701.1387758597346,1706.322998046875,939720
2026-03-23,1694.8578305855665,1694.8578305855665,1629.057467751068,1643.61328125,1394239
2026-03-24,1694.8577953765014,1719.184013956237,1644.410875924921,1703.6312255859375,1227249
2026-03-25,1733.2413869254226,1746.1023913584404,1714.7973457070616,1731.2474365234375,1733055
2026-03-27,1715.7942620937604,1733.739815096484,1679.2053221519682,1719.8818359375,2212093
2026-03-30,1684.8881105948592,1702.6343180732708,1648.6978616691074,1669.53466796875,1836256
2026-04-01,1704.8275361764263,1725.2655271071962,1656.6735869127692,1663.3533935546875,957975
2026-04-02,1639.7250933454002,1652.3867516422229,1608.5198420239724,1637.6314697265625,1002002
2026-04-06,1632.0484103859874,1674.9183441957598,1611.7100918662525,1665.5467529296875,1211548
2026-04-07,1662.8548890315612,1670.531549061562,1605.3293494405675,1666.24462890625,1247449
2026-04-08,1711.3078836424756,1785.9813484049569,1711.3078836424756,1776.0115966796875,1961222
2026-04-09,1772.6218899142511,1775.6128154877847,1718.8849027695494,1734.138671875,1861562
2026-04-10,1745.7035463365673,1799.540206246433,1745.7035463365673,1793.3590087890625,1462504
2026-04-13,1764.6460686149935,1816.9872655654383,1733.939184390304,1795.8514404296875,1138866
2026-04-15,1824.4645564550879,1843.7062258675285,1806.0205158570445,1826.0596923828125,1709299
2026-04-16,1842.310516999618,1854.3738927141562,1824.4646363800568,1850.1866455078125,1279566
2026-04-17,1850.1865798076035,1870.3254296770021,1815.4917950116314,1854.872314453125,1036045
2026-04-20,1858.3617569700502,1876.2076372382498,1826.1594096039275,1860.5550537109375,742005
2026-04-21,1869.3284198069928,1909.2074260962086,1867.334469492532,1890.0655517578125,971441
2026-04-22,1882.3888143459674,1919.177222854139,1882.3888143459674,1897.443115234375,1054785
2026-04-23,1893.2558585576267,1906.6153502515388,1840.8149886586987,1868.43115234375,1398269
2026-04-24,1878.301292156351,1886.3767670021587,1830.4464821651065,1850.385986328125,680205
2026-04-27,1859.7575221164489,1913.5941817497269,1859.7575221164489,1895.3494873046875,890710
2026-04-28,1904.22257744101,1909.2074532981853,1884.2830740123084,1889.068603515625,546155
2026-04-29,1899.935551636373,1944.0019276081641,1891.4612626073063,1902.029296875,1752427
2026-04-30,1898.340388491779,1900.7331532294495,1841.113989645732,1875.908447265625,2076179
2026-05-01,1875.908447265625,1875.908447265625,1875.908447265625,1875.908447265625,0
2026-05-04,1906.5156449381373,1910.3040775211036,1831.9418543761656,1840.216796875,1030440
2026-05-05,1840.21684657846,1872.6185401160515,1812.800028969729,1860.953857421875,1019363
2026-05-06,1879.2982758497137,1899.237780102761,1825.660960728586,1868.1322021484375,1389306
2026-05-07,1881.6909465024285,2020.4698404759056,1850.4855752281267,1986.871826171875,7055670
2026-05-08,2003.322003132116,2037.8173209170127,1969.1257048883524,1983.6815185546875,3399059
2026-05-11,1977.0018452460527,2001.3280647572226,1946.4944281013816,1980.98974609375,1307321
2026-05-12,1992.9533656310239,1992.9533656310239,1901.4309963078101,1907.2135009765625,1099257
2026-05-13,1907.1138569596674,1980.8900206973638,1906.0172085956729,1940.0140380859375,1225143
2026-05-14,1966.0351078197968,1970.7208426113511,1932.9355796342952,1943.0050048828125,1194716
2026-05-15,1953.7722524416588,1953.7722524416588,1899.3374308150082,1907.313232421875,822275
2026-05-18,1904.2225573543265,1904.2225573543265,1859.7574895175753,1885.280029296875,472953
2026-05-19,1879.298169990382,1897.044376456395,1842.4100892001197,1851.6820068359375,1020594
2026-05-20,1839.4192453983137,1899.935591403888,1822.0718525649115,1882.488525390625,953954
2026-05-21,1896.2467904470404,1926.0563726391824,1886.4763850124682,1893.0565185546875,589383
2026-05-22,1894.2528083505692,1911.1017129334805,1886.277007052251,1891.959716796875,636410
2026-05-25,1909.0081454233925,1937.0231239651903,1890.564104380075,1912.49755859375,831690
2026-05-26,1920.7723587190014,1934.0321773022058,1902.5277859335697,1924.5609130859375,1012118
2026-05-27,1933.0352252225766,1955.0683526382545,1910.2044689724098,1932.736083984375,561943
2026-05-28,1932.736083984375,1932.736083984375,1932.736083984375,1932.736083984375,0
2026-05-29,1950.4822780281763,1961.847819487611,1914.1923569213282,1951.27978515625,3127027
2026-06-01,1964.1408037710419,1964.1408037710419,1909.5066362046614,1916.8841552734375,758736
2026-06-02,1908.1107696516624,1912.9959722415372,1864.8420236715947,1897.14404296875,1291251
2026-06-03,1902.328336309385,1943.0049727548703,1888.17133728727,1930.6424560546875,808066
2026-06-04,1930.6424291204637,1982.4851382938507,1925.6575532384072,1931.639404296875,1347808
2026-06-05,1922.2678377126188,1946.0955690716926,1911.301110632809,1923.9627685546875,380703
2026-06-08,1904.122888649752,1925.1590402543159,1876.5066036068188,1887.3736572265625,402580
2026-06-09,1902.2286572069256,1948.6876765909474,1897.6425956859493,1919.5760498046875,1005803
2026-06-10,1919.5760190235296,1969.4247775849535,1871.322396395857,1943.303955078125,1923743
2026-06-11,1941.3099914754205,1959.0561980824991,1922.9657458109746,1937.0230712890625,801831
2026-06-12,1946.0955838611635,1976.7026737178946,1906.4159223540564,1939.2164306640625,893592
2026-06-15,1965.5365229481313,2029.8414206048162,1948.8870864988435,2014.3883056640625,1665028
2026-06-16,2033.829421377148,2033.829421377148,1999.4337767509169,2006.2132568359375,925881
2026-06-17,2015.8838791827307,2032.8324577910919,1995.0470729063538,2028.3460693359375,670471
2026-06-18,2033.82933761914,2042.9019089860421,1999.8325088158183,2013.7901611328125,840631
2026-06-19,2024.9563263745933,2053.2704467023523,2013.7902526937387,2035.2252197265625,1726725
2026-06-22,2053.768959976976,2107.206929306171,2035.524264710342,2097.4365234375,1846475
2026-06-23,2108.6025708779703,2151.97099254851,2097.43649719725,2145.789794921875,1891131
2026-06-24,2138.5117059952577,2160.943646967236,2092.949990123712,2116.37890625,1303397
2026-06-25,2133.327427811018,2159.4481274870836,2116.478402104674,2138.810791015625,1291633
2026-06-26,2138.810791015625,2138.810791015625,2138.810791015625,2138.810791015625,0
2026-06-29,2138.8108341994653,2231.230381760876,2089.75970558649,2164.333251953125,7505450
2026-06-30,2107.7052476563254,2159.547955104111,2049.880689349179,2137.614501953125,2138525
2026-07-01,2144.493692204299,2161.3424760141734,2081.9833947660823,2102.42138671875,1124785
2026-07-02,2128.54204447361,2147.1854319672584,2091.853308562909,2142.39990234375,773217
2026-07-03,2160.0,2175.0,2129.60009765625,2136.699951171875,537585
2026-07-06,2139.89990234375,2176.10009765625,2134.0,2138.699951171875,648594
2026-07-07,2136.0,2143.89990234375,2096.60009765625,2111.60009765625,773390
2026-07-08,2108.10009765625,2149.89990234375,2083.0,2100.5,861054
2026-07-09,2102.0,2140.199951171875,2085.39990234375,2130.60009765625,585560
2026-07-10,2143.39990234375,2159.89990234375,2108.10009765625,2117.0,495091
2026-07-13,2108.0,2153.0,2096.300048828125,2145.60009765625,628327
2026-07-14,2137.39990234375,2149.0,2098.10009765625,2119.699951171875,568854
2026-07-15,2124.0,2152.39990234375,2095.5,2100.39990234375,719809
2026-07-16,2102.300048828125,2126.699951171875,2082.0,2104.699951171875,832197
2026-07-17,2101.0,2196.699951171875,2101.0,2190.5,1942065
2026-07-20,2194.699951171875,2215.39990234375,2169.10009765625,2209.0,864497
2026-07-21,,,,,76665
