date,open,high,low,close,volume
2021-08-06,13861.097152087521,14009.249508042207,13829.323960477202,13884.6708984375,39646
2021-08-09,13860.165731173209,13975.705936259963,13666.263541288845,13707.3544921875,29425
2021-08-10,13734.74906508512,13785.623662378572,13351.043043173258,13458.197265625,31050
2021-08-11,13334.644544974946,13507.302432597131,13175.310870375635,13334.4580078125,51436
2021-08-12,13336.508155830348,13509.958599677293,13300.168896550156,13330.87109375,22560
2021-08-13,13350.857372556862,13732.000099712106,13338.696969837854,13451.861328125,43632
2021-08-16,13464.161902101916,13696.174103736752,13185.560904958078,13236.9951171875,36817
2021-08-17,13240.626811093378,13297.139376823941,12998.318698496245,13039.9228515625,49220
2021-08-18,13108.595659512202,13230.285220873275,12984.2963978357,13024.595703125,21023
2021-08-20,12998.272811712623,12998.272811712623,12700.10454649771,12743.2919921875,33217
2021-08-23,12811.870831535616,12890.326535811664,12497.02342502728,12719.251953125,31017
2021-08-24,12718.740810437148,12966.82613943194,12646.062291520364,12936.7763671875,40176
2021-08-25,12942.366071327957,13114.698190312693,12889.254849868945,12919.7705078125,28155
2021-08-26,12919.771119011342,12943.624217030641,12672.151684442188,12717.25,22624
2021-08-27,12728.104892254252,12766.634370747666,12644.198656480778,12711.9853515625,15023
2021-08-30,12755.964504195454,12923.730557746727,12719.345896642943,12882.732421875,17752
2021-08-31,12908.496794799426,12973.06867884915,12872.390480817592,12913.66796875,21977
2021-09-01,12950.753335429827,13087.304912655758,12905.096315972594,13055.578125,22207
2021-09-02,13086.792333274218,13244.216051374668,13007.591382877044,13124.6220703125,33332
2021-09-03,13184.302964561148,13365.393243140881,13146.518724619511,13334.0859375,37460
2021-09-06,13417.571406141884,13473.43154686533,13296.44055316977,13312.3271484375,27334
2021-09-07,13347.689494176708,13483.821586404143,13156.25595745425,13380.8603515625,24389
2021-09-08,13444.594480574398,13444.594480574398,13221.946446959413,13298.3056640625,18720
2021-09-09,13231.216521640632,13400.287424603566,13231.216521640632,13351.08984375,14711
2021-09-13,13434.297797544677,13594.609650538367,13283.209979502923,13572.33984375,28821
2021-09-14,13589.94942775006,13715.739155055255,13510.748488335677,13575.041015625,24239
2021-09-15,13575.044395676527,13659.836010750078,13524.355417855362,13585.48046875,22586
2021-09-16,13661.04527538874,14534.771683930589,13661.04527538874,14237.162109375,229057
2021-09-17,14337.235422816064,14387.085432247446,13940.624656701537,14047.453125,74362
2021-09-20,14032.77824432496,14377.255982589857,13892.871726508894,14120.64453125,65331
2021-09-21,14088.45171930575,14232.876984946783,13845.258207484403,14138.6748046875,47581
2021-09-22,14138.674123300523,14298.0542025862,14116.404316212873,14257.568359375,37973
2021-09-23,14295.305863969003,14418.53322679718,14181.629204119947,14320.7431640625,40458
2021-09-24,14349.3476748315,14386.38576379738,14130.380356416863,14214.51953125,30453
2021-09-27,14302.75891520997,14852.413838408507,14237.534607453312,14719.076171875,104132
2021-09-28,14764.732750166979,15121.789417759557,14535.70244112694,14661.6787109375,75531
2021-09-29,14582.29262503671,14847.10351399131,14461.161759780814,14571.2978515625,42636
2021-09-30,14571.297516109738,14678.405333794246,14349.348323047594,14418.765625,26957
2021-10-01,14374.133410223536,14477.933607113435,14179.765325849676,14393.654296875,28274
2021-10-04,14503.09167042152,14581.360844871593,14307.83821543265,14423.0517578125,30173
2021-10-05,14442.526085276635,14509.613948382437,14349.34849762969,14417.7412109375,23529
2021-10-06,14484.454772115723,16254.781470623344,14452.168376757476,16098.6162109375,645475
2021-10-07,16119.723111577172,16468.720503772252,15886.498875255702,16318.564453125,212870
2021-10-08,16288.791223775766,16622.274144376286,16120.653009722002,16489.49609375,81400
2021-10-11,16552.999614414402,17070.13526237387,16541.305098388966,16575.828125,80381
2021-10-12,16575.82565157777,17040.315889488418,16505.66220564463,16859.1328125,73119
2021-10-13,16957.39067396444,17303.079554674412,16619.669205652062,16688.107421875,71000
2021-10-14,16837.191445144268,16958.32231885034,16594.97701447966,16645.10546875,30860
2021-10-18,16771.734534394425,16876.744958378575,16417.89260939901,16454.837890625,28231
2021-10-19,16529.702825877026,16623.95231278529,16013.31340128454,16080.9599609375,38110
2021-10-20,16082.450126982225,16246.024094780943,15841.95915968402,15975.576171875,33419
2021-10-21,15970.638222688556,16066.37819219738,15737.694257946892,15949.9990234375,22924
2021-10-22,15984.615719015319,16268.80737126246,15679.644736047396,15776.130859375,24198
2021-10-25,15840.18897845941,15840.18897845941,15374.301067328252,15476.283203125,27959
2021-10-26,15553.203483308745,15913.800760330101,15523.386654201036,15860.50390625,22206
2021-10-27,15933.366464994184,15975.622134305075,15700.841081995246,15783.7236328125,16029
2021-10-28,15765.55495318721,15842.937847493606,15467.479487522001,15571.978515625,27756
2021-10-29,15579.291887232304,15877.785910582423,15389.116804186659,15795.744140625,19471
2021-11-01,15874.712437281294,16622.555368824615,15858.21891284878,16364.96484375,93824
2021-11-02,16375.961761971177,16681.91002072982,16343.34960483496,16535.0625,22481
2021-11-03,16612.63177217975,16668.491006916618,16353.272326081991,16525.23046875,22119
2021-11-04,16585.611586501265,16645.99139483353,16499.562443172115,16566.8359375,3175
2021-11-08,16573.49798708368,17098.08782048606,16512.093591099452,17000.669921875,42094
2021-11-09,17098.088775267162,17600.31601504204,17024.478474817784,17481.98046875,107274
2021-11-10,17237.854975885253,17936.686934367088,16684.33274802045,17503.130859375,291611
2021-11-11,17424.16103456616,17496.328165892526,16820.417602022444,17004.81640625,119078
2021-11-12,17092.96178425831,17424.208093195804,16772.1051398433,17299.1171875,69916
2021-11-15,17299.118901186866,17559.270011822027,16958.369172938485,17028.578125,53207
2021-11-16,17004.912593549354,17652.87001054104,16964.893540902507,17347.29296875,85141
2021-11-17,17347.28714797942,17661.80877017196,17168.526340096883,17603.33984375,54984
2021-11-18,17428.86477979511,17517.290659279355,16408.337426142578,16566.646484375,143050
2021-11-22,16585.60964278852,16748.903355704177,15544.069900304445,15779.1103515625,113635
2021-11-23,15805.993470835478,16399.25440655927,15654.81284427501,16123.2158203125,56937
2021-11-24,16207.310180554352,16318.89034579072,15747.012880957143,15846.9931640625,36851
2021-11-25,15894.51460796352,15894.51460796352,15588.751962300063,15719.24609375,29632
2021-11-26,15607.245423031189,15607.245423031189,14918.75588633519,15073.7109375,51884
2021-11-29,15002.522971024884,15374.301535427028,14621.47305492148,15190.6015625,66281
2021-11-30,15094.767929828835,15527.996359223062,14974.52244506664,15065.4169921875,33552
2021-12-01,15094.769529290834,15278.189250614696,15050.044286241084,15212.5927734375,18165
2021-12-02,15195.401166438623,15560.657314172493,15113.125537597274,15505.8681640625,39236
2021-12-03,15544.631032484565,15747.012021161676,15327.246996573906,15374.4873046875,58734
2021-12-06,15369.64246189885,15420.84281629401,14973.68413719032,15020.3193359375,58479
2021-12-07,15169.312660769721,15303.62852966178,15104.08834343226,15185.1064453125,17842
2021-12-08,15218.694739539658,15593.221309119814,15218.694739539658,15555.7646484375,19804
2021-12-09,15652.808647648611,15652.901461252486,15475.445490393135,15544.72265625,13292
2021-12-10,15551.337046989462,15803.80095492234,15495.43050278219,15654.6240234375,15426
2021-12-13,15732.89592319008,15818.153417942809,15464.033079476714,15599.2333984375,38018
2021-12-14,15629.466821878723,15759.636990423549,15430.43987901005,15720.7353515625,14190
2021-12-15,15700.422652488138,15820.621733922617,15486.998671805193,15550.546875,38083
2021-12-16,15641.535745234858,15664.083993112303,15325.89667244521,15368.15234375,15834
2021-12-17,15374.303000146352,15438.92129756896,14941.260132308897,15002.7109375,27342
2021-12-20,14959.661135325467,14992.226882973455,14162.992790840679,14586.0654296875,32386
2021-12-21,14586.95201761624,15364.984910283732,14572.509490866127,15176.16015625,59826
2021-12-22,15186.409178484066,15420.890944647575,15186.409178484066,15337.962890625,27634
2021-12-23,15445.349139813265,15746.079789681282,15374.301232601998,15707.50390625,31315
2021-12-24,15653.834772731016,15747.012360663939,15290.627807018576,15359.30078125,35956
2021-12-27,15356.59880531066,15537.363332234405,15022.557140866518,15489.5625,24531
2021-12-28,15541.554619907589,15784.282218365932,15467.478443026828,15542.0205078125,26060
2021-12-29,15629.4228353786,15648.94281192921,15439.526184889146,15538.154296875,17589
2021-12-30,15653.74169385924,15932.435490669082,15299.806996068548,15721.0625,87023
2021-12-31,15737.696161623497,16231.537426612274,15583.953126296801,16138.5927734375,52947
2022-01-03,16138.589171913374,16306.028548707593,16073.31755171359,16113.10546875,26614
2022-01-04,16230.604669373488,16230.604669373488,15938.027031955538,16047.603515625,21725
2022-01-05,16045.18251918519,16371.11848785591,15979.95820000151,16149.8671875,28716
2022-01-06,16245.512477712315,16374.982008367406,16054.498422195766,16096.009765625,53694
2022-01-07,16127.17674305111,16238.989847347742,15840.189775356417,15915.7109375,30563
2022-01-10,15979.957181573518,16392.360843753908,15933.368385125781,16230.9306640625,35333
2022-01-11,16231.539083909696,16332.17089912567,16063.120559832963,16107.287109375,17202
2022-01-12,16203.581514704896,16259.488063921819,16119.72169087951,16217.60546875,14693
2022-01-13,16180.242325152627,16321.501017431046,16054.499886550655,16209.7333984375,14882
2022-01-14,16166.30974422395,16536.13191439382,16136.492919335467,16293.03125,37139
2022-01-17,16427.207451864324,16706.6928767895,16398.78828979502,16485.2578125,36236
2022-01-18,16631.730737746966,16631.730737746966,15843.774235035655,16017.1318359375,30371
2022-01-19,16063.815810069238,16142.96944134588,15774.080834646678,15812.236328125,34034
2022-01-20,15840.189639309963,15958.52517367422,15478.70792193219,15670.326171875,23497
2022-01-21,15388.278934994136,15728.377137311598,15215.946800900863,15347.0478515625,29796
2022-01-24,15347.046780914705,15400.99696554838,14723.269268357388,14964.0869140625,40889
2022-01-25,14945.685245617067,15225.21801205629,14697.22684107205,15159.57421875,22180
2022-01-27,15001.592861163645,15206.583571067744,14742.605552731406,15125.47265625,36739
2022-01-28,15178.628576822008,15514.067882387135,15153.004740980228,15184.0791015625,13654
2022-01-31,15355.667537706915,15462.821771131448,15290.583352075775,15405.890625,9687
2022-02-01,15583.951015183111,15700.4229958646,15297.61556992586,15676.244140625,16446
2022-02-02,15737.694526442414,15866.186783561025,15500.091678352253,15558.0947265625,17997
2022-02-03,15551.338884255663,15722.08680819454,15420.005806589255,15454.015625,22185
2022-02-04,15484.903249621177,15557.721899373431,15281.124590501415,15311.2216796875,9011
2022-02-07,15295.65959135294,15319.327062400755,14871.142869406729,14966.509765625,15529
2022-02-08,15018.87531423146,15113.357748573559,14871.188843292653,14962.7822265625,13313
2022-02-09,15067.515269773432,15576.079288494806,14945.685569758103,15113.498046875,67238
2022-02-10,15206.674722378386,15583.90381218805,14943.448044116927,15499.951171875,33726
2022-02-11,15279.259341103112,15335.491645821668,15122.721009031802,15150.9072265625,25471
2022-02-14,14907.48315797464,14933.199809760657,14628.928560706416,14744.5625,48691
2022-02-15,14744.421545543737,15020.227206405778,14472.389395013444,14951.7880859375,35897
2022-02-16,15159.994534378231,15169.31229377244,14838.671965643905,14905.2939453125,19365
2022-02-17,14964.927206387694,15041.612182169702,14815.237041736316,14911.2099609375,18033
2022-02-18,14861.82619589489,14934.458312175168,14703.936581374839,14774.2392578125,11702
2022-02-21,14768.64817138409,14798.651537669273,14517.208806081579,14709.9462890625,16251
2022-02-22,14517.067870882654,14980.114065606656,14348.416440546982,14880.6005859375,37505
2022-02-23,14880.461527611275,15106.975891085414,14759.330657317632,14863.130859375,20424
2022-02-24,14442.525842082845,14596.82756065299,13953.343515173587,13992.15234375,50909
2022-02-25,14272.011438706992,14597.201227314992,14185.1697429709,14529.4609375,21886
2022-02-28,14209.58194296924,14722.058668781245,14135.459354886994,14674.3515625,23677
2022-03-02,14435.164878907897,14667.03785473403,14367.984201318968,14459.9970703125,13753
2022-03-03,14575.677214802294,14600.835163454547,14069.815727741841,14135.0400390625,17555
2022-03-04,14139.69917146199,14153.396459071908,13697.105622437644,13726.41015625,24004
2022-03-07,13510.750773493852,13584.873365577503,13095.132308411203,13199.4912109375,28624
2022-03-08,13199.489487252105,13750.541145704787,13075.28395593465,13672.412109375,23021
2022-03-09,13697.104372286969,13715.832702045578,13104.494958628839,13253.765625,102323
2022-03-10,13557.338956417683,13642.736579179966,13262.012411389893,13331.5234375,49214
2022-03-11,13346.75710108269,13346.75710108269,13186.631787326472,13244.1689453125,28496
2022-03-14,13254.510228106117,13302.729623839297,12942.365347514513,13066.2451171875,68198
2022-03-15,13098.906679181078,13310.373419060175,12919.865561300507,12971.6728515625,68263
2022-03-16,13138.041526654284,13262.806696332758,13050.454583143255,13120.896484375,104762
2022-03-17,13285.168024499255,13695.242235840204,13250.644999309034,13590.650390625,95719
2022-03-21,13622.562862141642,13644.832668825553,13231.217007004878,13276.8740234375,31935
2022-03-22,13323.46233120948,13417.571688189142,13005.30729832395,13330.68359375,34108
2022-03-23,13417.572970412644,13452.095085546953,13173.540498038303,13220.828125,21070
2022-03-24,13173.447068756588,13259.077634006022,13044.862000466279,13188.1689453125,16425
2022-03-25,13231.309458251684,13327.143147305747,13054.179238835985,13094.10546875,17789
2022-03-28,13138.040298086276,13184.349742684744,12974.047738337114,13068.90234375,20939
2022-03-29,13072.815702752516,13249.853121392785,13072.815702752516,13144.841796875,22986
2022-03-30,13277.805289973932,13494.862646859601,13213.652889442563,13472.126953125,44166
2022-03-31,13492.114009419261,13529.292228986447,13278.783751295292,13453.4453125,31457
2022-04-01,13436.207018165422,13615.527452624861,13395.907714868912,13560.83203125,16286
2022-04-04,13617.905138930808,13930.050073692479,13577.978904534024,13847.4013671875,41357
2022-04-05,13948.684021614494,14055.838240885414,13820.191772096436,13878.521484375,22667
2022-04-06,13878.521389498268,14023.225991328298,13778.588433513552,13976.4970703125,24737
2022-04-07,13967.319825327535,14069.209149337892,13886.62840165248,13953.6689453125,23081
2022-04-08,13976.63764267366,14037.295886067925,13898.647822640072,14010.6474609375,17007
2022-04-11,14107.086391389337,14133.12970842564,13887.233697245438,13935.826171875,13198
2022-04-12,13887.186365008747,13920.683886624633,13549.510454960347,13652.4716796875,18977
2022-04-13,13659.786683731054,13737.776499393658,13476.273259780395,13568.47265625,14284
2022-04-18,13533.484601716807,13603.926487223678,13324.393751184836,13578.955078125,10940
2022-04-19,13603.928660278487,13689.792176722274,13085.022277748094,13163.7109375,25638
2022-04-20,13313.214302784869,13473.47976051716,13236.202659265866,13390.8310546875,14664
2022-04-21,13494.909307107619,13651.354832489951,13436.20742998632,13638.822265625,10746
2022-04-22,13594.608695171984,13631.833319748348,13466.489524809673,13511.8671875,8985
2022-04-25,13466.025292302553,13503.575679044647,13071.278068717575,13194.3662109375,23722
2022-04-26,13280.134969947501,13576.02020172652,13280.134969947501,13531.2021484375,34502
2022-04-27,13478.137553937926,13491.182415725352,13270.817429102033,13405.1796875,12430
2022-04-28,13405.180431477695,13506.883224309551,13347.689676850658,13400.0556640625,22006
2022-04-29,13464.160365535045,13780.964138841751,13417.571575342881,13502.921875,24674
2022-05-02,13436.20788185637,13606.164162450634,13259.170468711243,13473.9912109375,18509
2022-05-04,13566.656310590732,13566.656310590732,13143.071375197913,13199.6767578125,23857
2022-05-05,13305.759627433717,13497.193164845303,13145.214824560773,13182.439453125,15579
2022-05-06,13044.860758779592,13091.449547203805,12865.819680890432,12904.1162109375,20697
2022-05-09,12850.773188751627,12904.117356231869,12578.973990974,12684.078125,23929
2022-05-10,12684.078272066165,12943.81079359498,12578.974136821527,12598.8671875,19109
2022-05-11,12707.279485555522,12718.600015987111,12177.890680984137,12480.4384765625,26773
2022-05-12,12402.869379201507,12417.219092469522,12050.145783599275,12232.9130859375,20938
2022-05-13,12299.441447740259,12578.275376015734,12134.191361657879,12205.052734375,28821
2022-05-16,12392.619153741682,12420.572430028316,12183.342655917357,12308.33984375,17260
2022-05-17,12439.208808849606,12739.194254957629,12373.98449299796,12699.220703125,14982
2022-05-18,12690.787193530266,13324.394777348225,12690.787193530266,13218.4052734375,49824
2022-05-19,12825.893474476085,13146.703690110287,12278.428802781853,12479.87890625,73307
2022-05-20,12771.852226201303,13284.702044126887,12578.974615431356,13208.0634765625,69654
2022-05-23,13334.1796892702,13394.419368217496,13048.217287166783,13196.13671875,32397
2022-05-24,13194.878954163998,13298.213268849853,12897.828969455102,13100.490234375,20099
2022-05-25,13086.791861823744,13191.989719654144,12758.760354601172,12801.5283203125,13882
2022-05-26,12951.870998075592,13044.862046965774,12560.478729861066,12918.9794921875,22958
2022-05-27,13091.404472873299,13323.463069646257,13016.908810613204,13217.939453125,29521
2022-05-30,13315.077319357499,13533.998244254915,13283.443346257904,13451.8154296875,13313
2022-05-31,13468.773085496625,13697.058161637306,13408.254063936354,13629.4580078125,26185
2022-06-01,13678.469005808354,13766.987708502618,13458.569912799447,13545.4580078125,9840
2022-06-02,13545.458980857395,13817.071651267543,13510.75032914975,13757.578125,10731
2022-06-03,13835.939909955563,13856.438979119752,13338.930296336173,13368.4677734375,11194
2022-06-06,13368.467606454267,13445.525652019147,13216.58814136216,13389.7119140625,8304
2022-06-07,13325.326499759654,13364.228141698328,13059.491030367402,13158.119140625,10559
2022-06-08,13296.440681239084,13296.440681239084,12990.53886773595,13146.7978515625,12830
2022-06-09,13119.77868171466,13418.226341775122,13082.833400670672,13382.4921875,14211
2022-06-10,13254.512468217472,13370.984458272107,13185.235292507943,13246.080078125,6282
2022-06-13,13120.335001350304,13180.341726669374,12863.257694908758,12914.83203125,9177
2022-06-14,12886.45957970349,13118.891239793416,12812.989420333546,12855.6181640625,8777
2022-06-15,12880.868166547898,12988.534674132537,12817.414600969716,12924.8017578125,13446
2022-06-16,13119.404634515331,13119.404634515331,12578.974614059443,12626.029296875,13252
2022-06-17,12643.965066337896,12724.237918049525,12383.300777953214,12420.3388671875,17576
2022-06-20,12485.79665417353,12521.483487996118,12266.829324790635,12379.7607421875,11196
2022-06-21,12434.548912219525,12793.329026871252,12396.67185935123,12730.1083984375,14668
2022-06-22,12718.740082925167,12774.600225936178,12490.501411317737,12521.0634765625,13706
2022-06-23,12578.975484603752,12921.310336952325,12532.386686512627,12878.9609375,38229
2022-06-24,12951.68474967457,13350.111752531333,12951.68474967457,13293.4599609375,28919
2022-06-27,13487.363397781357,13646.649760632004,13348.90095247428,13597.5458984375,28254
2022-06-28,13557.340066379891,13697.106458816797,13470.777716688986,13656.7607421875,20876
2022-06-29,13616.971834259042,14563.656067433203,13566.655939976165,14463.9560546875,128714
2022-06-30,14461.161315309735,14628.880969739874,14153.675282187814,14190.5732421875,46647
2022-07-01,14231.012460178881,14657.952333730154,14164.436894162092,14616.115234375,71619
2022-07-04,14591.609853905315,14908.413643836848,14586.904567836451,14850.830078125,33501
2022-07-05,14852.505688111767,14950.249329795766,14527.874647741743,14567.4287109375,29221
2022-07-06,14579.496295117879,15048.179533850178,14535.749238262657,15008.671875,48854
2022-07-07,15015.569156927704,15196.193557524275,14871.889126103839,15067.4228515625,25335
2022-07-08,15038.861395711996,15178.62776556062,14931.70717882805,15038.3955078125,17133
2022-07-11,15001.59220583346,15472.139042103392,14908.41461449288,15425.5029296875,47938
2022-07-12,15425.502349384873,15434.867424912223,15301.623474307788,15386.322265625,11692
2022-07-13,15388.277255428138,15528.695139793952,15217.482934180964,15250.7001953125,16505
2022-07-14,15328.714015213785,15509.94019076311,14990.236745627779,15110.865234375,23633
2022-07-15,15110.864524844854,15597.720887154346,15110.864524844854,15512.1572265625,27102
2022-07-18,15573.181067141604,15674.978842450251,15421.073411390122,15447.7861328125,24177
2022-07-19,15447.832568932638,15574.124374965926,15343.816111481581,15487.0029296875,18990
2022-07-20,15574.124707471043,15668.513342061775,15366.988664508875,15467.5595703125,35675
2022-07-21,15555.245847518434,15555.245847518434,15314.790818413136,15456.845703125,20935
2022-07-22,15526.930951278364,16166.507993672212,15451.42004087701,15884.00390625,109380
2022-07-25,15884.002859478738,16046.01947110912,15536.368791216695,15582.5712890625,33185
2022-07-26,15666.625846325234,15761.202522445872,15397.66524295144,15446.275390625,26746
2022-07-27,15545.8079113353,15663.793703012101,15309.836327981697,15507.7685546875,38519
2022-07-28,15537.313139838217,15998.873562982673,15462.746118512221,15641.896484375,30048
2022-07-29,15846.908290151301,16263.162179957526,15695.462459264549,16155.37109375,72333
2022-08-01,16234.843595400725,16743.550355416402,16025.820721521079,16658.978515625,74234
2022-08-02,16629.296235535392,16895.56621482997,16518.011662543267,16803.11328125,89734
2022-08-03,17168.30077648269,17168.30077648269,16047.011731722288,16329.091796875,168277
2022-08-04,16518.01189018748,16791.73894436773,16282.040291756231,16576.296875,99421
2022-08-05,16611.45580326159,16815.335253997684,16142.95818412988,16423.48046875,70018
2022-08-08,16329.235521528199,16612.40145542753,16234.846876895088,16342.921875,53429
2022-08-10,16376.426629557109,16617.11762612985,16202.563517679235,16267.2197265625,51020
2022-08-11,16470.817608625024,16554.303622931995,16315.076353299917,16449.91015625,58850
2022-08-12,16442.50086731633,16522.731210239515,16235.78974849071,16292.375,24628
2022-08-16,16338.674047393906,17077.73711955505,16338.674047393906,17031.72265625,95435
2022-08-17,17084.342663476917,17202.04455204006,16854.83633241638,16949.4609375,61622
2022-08-18,16895.56307828986,16940.303653135685,16584.080630477813,16617.3046875,41793
2022-08-19,16761.060390872273,16829.25617368182,16341.36099342947,16401.345703125,47005
2022-08-22,16368.546856808724,16557.89008721356,16099.869242406287,16130.6875,38621
2022-08-23,16094.206452190734,16491.582612906957,16047.484076999635,16322.626953125,62061
2022-08-24,16310.356773089907,16442.452935585723,16249.004157913352,16292.375,63336
2022-08-25,16346.222535618634,16480.254386875007,16221.677478851772,16240.6953125,41923
2022-08-26,16348.113617177025,16447.599619557644,16234.847241076492,16284.0712890625,28888
2022-08-29,16093.263554119794,16206.529925175184,15858.377785849318,16102.6083984375,43541
2022-08-30,16153.670937695493,16602.960838732248,16153.670937695493,16555.814453125,45150
2022-09-01,16508.569909245132,16865.310966985497,16382.98511086061,16671.91015625,52573
2022-09-02,16724.71990847669,16893.675541617235,16483.556979608482,16582.287109375,43637
2022-09-05,16607.493485863713,16810.56917388643,16565.15870519127,16604.0,25136
2022-09-06,16640.71427988055,16753.93269606397,16423.62044639374,16477.751953125,19596
2022-09-07,16437.779306353645,16546.278295113352,16282.793919038792,16338.529296875,16691
2022-09-08,16456.660881324606,16518.01350290683,16173.494935560488,16276.8984375,31682
2022-09-09,16376.426671333447,16469.823479693394,16178.210556003187,16217.3818359375,35223
2022-09-12,16355.331239858084,16390.537091493512,16236.731561727383,16271.607421875,28905
2022-09-13,16406.257845923097,16706.697667752247,16291.575631795664,16503.2421875,37983
2022-09-14,16282.982810128013,16609.473454992858,16200.864700773127,16536.322265625,32140
2022-09-15,16584.085011553798,16695.793604778566,16316.54113334045,16368.5009765625,20307
2022-09-16,16348.110341340438,16376.42692969149,15866.822359294822,15983.8642578125,73191
2022-09-19,15905.429368566862,16182.931963923735,15764.932249793328,15910.7626953125,27328
2022-09-20,16046.066830833042,16281.944381951867,15904.483888208046,15925.86328125,42108
2022-09-21,15951.68043594649,16070.610124403844,15663.51117563023,15736.1904296875,18761
2022-09-22,15776.729403274954,15880.886887049963,15586.678266797326,15661.52734375,35868
2022-09-23,15668.513204648729,15890.326493991648,15243.906304371725,15312.998046875,36144
2022-09-26,15289.070983001071,15289.070983001071,14723.966045127912,14966.21484375,36710
2022-09-27,15045.54888628295,15141.825296973093,14814.296723350748,14922.1357421875,30976
2022-09-28,14913.404741805962,14955.407685540795,14724.627466593227,14780.552734375,18018
2022-09-29,15003.072528216517,15003.072528216517,14441.46018758809,14791.123046875,57959
2022-09-30,14791.12426050293,15031.296330230844,14631.18253173349,14927.4208984375,18069
2022-10-03,15003.1664740194,15062.112356689795,14630.331392586986,14742.4658203125,36325
2022-10-04,15007.792152293418,15043.659831651099,14819.014892516141,15012.55859375,12884
2022-10-06,15092.741928213687,15295.677482595547,15008.736047562592,15050.8330078125,30447
2022-10-07,15101.236708486298,15212.70931029589,14960.597651697472,14975.0859375,28071
2022-10-10,14819.016657000931,14941.532928831475,14707.072097329472,14873.6201171875,13100
2022-10-11,14908.686250406372,14951.16114000867,14597.203726656191,14698.435546875,19107
2022-10-12,14701.974995310655,14811.890754150114,14529.809742222336,14781.7333984375,12892
2022-10-13,14819.015579123601,14856.677012899716,14611.360583747348,14671.486328125,10921
2022-10-14,14819.01595164548,14995.569712117851,14570.726827330747,14599.9873046875,28592
2022-10-17,14592.484454875952,14757.381601341765,14535.945288056011,14695.0380859375,16787
2022-10-18,14762.38351630422,14858.6129205731,14730.338388193188,14790.3701171875,11193
2022-10-19,14819.015177862884,14913.403809569018,14722.077868747889,14796.880859375,15358
2022-10-20,14770.877522723027,14903.965498357506,14645.434657834285,14887.73046875,10560
2022-10-21,14903.964878730585,14960.551047534293,14631.181734338366,14682.8125,9445
2022-10-24,14734.066041317641,14819.015813496922,14687.437686549181,14746.478515625,2298
2022-10-25,14757.662259230545,14804.856574098567,14670.824719873384,14768.375,8065
2022-10-27,14819.014103727899,14946.438747294986,14715.611549541612,14859.7431640625,14228
2022-10-28,14866.210519560278,15256.932471822418,14856.771655738334,15210.1630859375,23435
2022-10-31,15333.433909354748,15626.038680785956,15217.901850251785,15563.3642578125,30738
2022-11-01,15583.563726681823,15715.70781642958,15461.04746211135,15667.853515625,53465
2022-11-02,15667.853840435586,15720.427574106778,15574.125185995907,15648.0322265625,26775
2022-11-03,15526.92968979003,15724.389967035639,15526.92968979003,15628.775390625,19015
2022-11-04,15660.018083719597,15660.018083719597,15204.639939961668,15406.3486328125,50207
2022-11-07,15456.13880350157,15699.283555759754,15306.296847162279,15523.3427734375,32977
2022-11-09,15467.938988911132,16527.735417962343,15423.104383146172,16257.1220703125,151023
2022-11-10,16141.40080427849,16330.178078172163,15838.413279679144,15869.939453125,38820
2022-11-11,16045.123959305189,16112.091957990971,15731.423701628353,15827.3701171875,28041
2022-11-14,15906.512506058509,15913.9216441683,15725.144400465237,15877.2041015625,15577
2022-11-15,15960.17478864321,16130.970291577649,15911.516708375832,15942.712890625,21179
2022-11-16,15942.71282140076,16140.45701701862,15686.495602246512,15739.0693359375,12774
2022-11-17,15753.46120071234,15904.482997723362,15669.455326124958,15766.015625,13940
2022-11-18,15822.31974273593,15822.31974273593,15513.292811150235,15607.7275390625,15665
2022-11-21,15593.00100788505,15593.00100788505,15393.841007118479,15439.4775390625,19098
2022-11-22,15487.192198516714,15558.737673053172,15460.85740236754,15500.642578125,18998
2022-11-23,15577.616685831568,15815.759953456269,15500.643858777936,15713.490234375,59286
2022-11-24,15791.218680191247,15875.460537167162,15622.35704299274,15704.6650390625,20170
2022-11-25,15783.147099800874,16034.740734718485,15670.920491661267,15986.224609375,27789
2022-11-28,15925.25092701982,16090.431042728005,15904.485426759364,16021.1494140625,17734
2022-11-29,15955.077417752613,16047.95620609591,15825.199020786027,15852.759765625,24072
2022-11-30,15932.04406188427,16117.187718623736,15878.526448892537,16050.2197265625,28048
2022-12-01,16069.665030828226,16240.508459349807,15979.051941667609,16082.3134765625,37807
2022-12-02,16138.568360568142,16272.60021851648,16039.980171481418,16181.3271484375,29867
2022-12-05,16182.931228674406,16301.766887067384,16066.455286121129,16233.6171875,26790
2022-12-06,16220.688334692946,16356.607980907422,16162.969310667757,16316.2568359375,30608
2022-12-07,16333.955386131196,16352.739095616045,16055.508877092843,16130.5478515625,9071
2022-12-08,16234.844684787427,16517.066694133442,16098.029100276526,16475.34765625,59599
2022-12-09,16518.013063797458,16848.32539333907,16384.737032945428,16533.87109375,71665
2022-12-12,16533.869273248103,16635.997039649086,16336.501161206343,16408.568359375,12681
2022-12-13,16408.521500631905,16664.974703149404,16345.375130523125,16591.3515625,16680
2022-12-14,16591.63552505793,16674.69753018963,16427.11538430057,16599.89453125,35770
2022-12-15,16654.87315813543,16772.245046568656,16578.560322259804,16673.04296875,22428
2022-12-16,16593.52030723748,16627.406192383878,16283.641713349323,16489.880859375,31397
2022-12-19,16423.62033598272,16590.688198021166,16296.195695444923,16546.18359375,19232
2022-12-20,16456.66001484274,16697.35105606929,16404.794192585785,16613.533203125,25213
2022-12-21,16668.08966996043,16893.348524409073,16353.161608951605,16433.25,30969
2022-12-22,16443.11350630923,16541.559742872094,16179.155329546486,16276.1396484375,24046
2022-12-23,16244.283798686854,16244.283798686854,15762.901768626987,15903.96484375,30648
2022-12-26,15857.339966304886,16360.383502097491,15685.12678091966,16311.443359375,33905
2022-12-27,16375.437152024615,16392.99491381223,15862.860750807718,16255.1875,17196
2022-12-28,16255.139587223184,16484.881904976806,16102.749865826709,16319.087890625,22164
2022-12-29,16211.249425620415,16333.670758107424,16020.536435140928,16128.2353515625,27430
2022-12-30,16208.839836719937,16374.539816975837,16150.082913523791,16295.44140625,9551
2023-01-02,16364.959184968951,16374.53999989307,16131.017327540498,16206.1982421875,9526
2023-01-03,16253.674764704509,16282.039286495952,16135.73690450135,16172.3125,6877
2023-01-04,16172.263419848236,16172.263419848236,15857.289309487012,15911.46875,24307
2023-01-05,15998.8730084537,16088.354168354641,15811.039632130261,16052.390625,14393
2023-01-06,16140.457094926569,16233.901846528775,16015.392149600384,16108.0810546875,21331
2023-01-09,16188.35730556476,16281.943997133572,16131.772061577502,16254.94921875,8080
2023-01-10,16234.847197813038,16516.125364379797,16234.847197813038,16429.00390625,15811
2023-01-11,16470.81493537705,16541.558471857414,16282.037686834046,16377.322265625,8578
2023-01-12,16330.17570201914,16447.217594802816,16187.64888096805,16403.798828125,10485
2023-01-13,16403.79891965075,16423.620530636,16215.965558409569,16360.2861328125,10030
2023-01-16,16347.120152683001,16391.860735442613,16079.104354637851,16130.07421875,8833
2023-01-17,16160.230145379355,16160.230145379355,15962.06194509482,16045.171875,6812
2023-01-18,16046.069334506681,16220.688324323371,15937.616414828408,16105.5341796875,14160
2023-01-19,16095.196076933926,16210.01836307021,15976.21847911324,16178.8701171875,11012
2023-01-20,16178.870926077969,16178.870926077969,15867.62442324929,16003.16796875,13266
2023-01-23,15970.559067490422,16102.751104984589,15886.505239951457,15976.31640625,9369
2023-01-24,16041.348233899364,16187.60268382813,15976.36202855942,16092.7900390625,9194
2023-01-25,16069.6637187984,16083.727992902512,15734.584093531239,15782.1083984375,10286
2023-01-27,15782.10994737916,15951.585480907268,15447.69119403097,15759.220703125,14922
2023-01-30,15810.095220543135,15904.011905584572,15616.598532769323,15659.7333984375,8527
2023-01-31,15669.456119203413,16187.601754699715,15668.51223292432,16073.0615234375,13928
2023-02-01,16140.458206010147,16366.990952761167,15838.414543675455,16157.49609375,13466
2023-02-02,16157.495386299342,16315.0764839471,16034.648202182336,16205.3017578125,7224
2023-02-03,16140.45494358345,16466.095701217153,16124.502897185102,16438.203125,17688
2023-02-06,16594.463731941523,16612.303550310564,16339.614451034622,16470.390625,9895
2023-02-07,16499.13413542574,16499.13413542574,16301.012013000103,16437.6875,7133
2023-02-08,16429.284853601675,16511.544912930687,16312.242953001502,16468.408203125,11346
2023-02-09,16348.111263746981,16635.004776833237,16348.111263746981,16541.419921875,19549
2023-02-10,16536.886063132177,16577.18926606902,16423.61972023401,16517.064453125,7263
2023-02-13,16536.84089752166,16664.313486325005,16244.331992881484,16431.267578125,16189
2023-02-14,16440.705586371554,16675.639255047783,16020.77020297356,16435.326171875,71926
2023-02-15,16442.687692002957,17037.148032222667,16267.974703325479,16853.326171875,70046
2023-02-16,16857.810511900167,17157.02249019089,16782.29960255235,17117.615234375,31924
2023-02-17,17084.341846055435,17196.0504197521,16851.15400073996,17003.6875,19869
2023-02-20,17024.830293596184,17278.689635489536,16896.509680742223,17163.015625,27323
2023-02-21,17164.572524600244,17485.493869574897,16942.75924204423,17439.52734375,37541
2023-02-22,17504.41332617056,17623.69024448231,17397.254197278544,17473.54296875,24230
2023-02-23,17473.54410406863,17602.316591665913,17280.602493952178,17474.259765625,33232
2023-02-24,17506.989940863314,17553.89000050584,16901.44522086528,16994.86328125,27827
2023-02-27,16985.03446961152,17175.87755353974,16679.73399157815,17059.796875,16150
2023-02-28,17202.928769610233,17308.89513486531,17018.718605549282,17172.298828125,22621
2023-03-01,17172.29914578894,17533.708233874935,17172.29914578894,17464.2890625,17785
2023-03-02,17462.14033128326,17596.256039800144,17300.92639867817,17347.873046875,18731
2023-03-03,17371.491249695904,17543.154971835924,17118.672626508353,17160.37109375,20886
2023-03-06,17161.567371553927,17359.08999851593,17080.45904647291,17267.341796875,16396
2023-03-08,17270.343552323007,17963.103893722342,17199.780072946338,17866.6796875,70670
2023-03-09,17913.436049056694,18081.377948216847,17567.152794533955,17625.16796875,52910
2023-03-10,17509.8521059609,17635.521525186137,17225.686022215556,17547.353515625,29144
2023-03-13,17509.901425869197,17583.994762323997,16986.083752461545,17143.529296875,26039
2023-03-14,17233.128827540237,17433.514046465123,17032.74360861535,17178.5,29189
2023-03-15,17271.300548811727,17408.659124546415,17140.047461314898,17217.482421875,12219
2023-03-16,17217.480991057415,17381.033886894922,17126.830526096943,17288.80859375,24600
2023-03-17,17366.721934906687,17462.669048000444,17242.673921085927,17284.27734375,15709
2023-03-20,17323.730807032476,17510.80546738877,17152.068960650824,17308.798828125,49184
2023-03-21,17364.812715622833,17622.832945397222,17292.864498132563,17528.69921875,40044
2023-03-22,17538.428317784234,17772.259516664035,17538.428317784234,17580.65234375,16984
2023-03-23,17581.41924819773,17646.49599485951,17463.096535211214,17584.091796875,24300
2023-03-24,17584.090855016813,17700.695228507677,17470.634274046268,17607.802734375,21757
2023-03-27,17654.894147998937,17796.11803373582,17463.145299974163,17502.076171875,24228
2023-03-28,17538.480090501267,17796.118263756725,17524.930976499767,17683.7109375,40504
2023-03-29,17683.70980412035,18168.261127357004,17608.995856886053,18108.2890625,50052
2023-03-31,18091.923388303112,18611.92230793078,18034.718922437412,18483.056640625,46121
2023-04-03,18607.200601065128,18608.011311427854,18320.935976433357,18544.4609375,29923
2023-04-05,18513.68594015454,18755.05396379875,18230.332441746556,18266.162109375,46684
2023-04-06,18266.545476169693,18379.191350076628,17877.225591393155,17934.478515625,72459
2023-04-10,18072.837790609858,18072.837790609858,17647.686418011614,17693.82421875,46233
2023-04-11,17699.739995834396,18063.247577024285,17610.1388044187,17752.9375,51741
2023-04-12,17786.574098745037,18044.21224287922,17786.574098745037,17906.328125,43141
2023-04-13,17986.816200173373,18091.92339580658,17786.5744777339,18041.3984375,25704
2023-04-17,18041.399926619695,18177.709230588538,17903.038686697808,18020.548828125,21810
2023-04-18,18020.54849553664,18179.66391851017,17901.08146916566,17952.84765625,13612
2023-04-19,18034.528661711607,18035.626382229366,17759.476055781888,17830.66015625,13542
2023-04-20,17843.82730588603,17973.790692975417,17830.658388382748,17882.521484375,5156
2023-04-21,17972.599541213145,17986.86618040927,17819.019310044525,17907.712890625,9208
2023-04-24,17915.393615338602,17952.846568702225,17787.91081433681,17874.505859375,13782
2023-04-25,17938.294991798506,18010.81536093392,17816.060373930377,17916.681640625,13444
2023-04-26,17824.888518057058,18166.11559802795,17824.888518057058,18092.974609375,17670
2023-04-27,18092.975265055822,18301.85341214023,18030.235595512117,18242.501953125,14870
2023-04-28,18301.850175840085,18535.584477313056,18282.001751336542,18484.916015625,24308
2023-05-02,18484.91746904882,18941.55800025933,18475.518819974488,18891.84375,29017
2023-05-03,18840.98440733338,18843.752004929775,18393.028701559586,18433.15234375,22537
2023-05-04,18430.621405612197,18579.288905660804,18206.42925002931,18314.494140625,27882
2023-05-05,18349.512948811418,18511.778016545446,18344.838784500702,18440.068359375,10241
2023-05-08,18444.933678384004,18644.031077631902,18387.777671680444,18427.47265625,18577
2023-05-09,18467.55245193857,18547.56304570012,18158.768701124587,18346.080078125,22253
2023-05-10,18472.034411906523,18565.165457648694,18104.327898250915,18468.599609375,43422
2023-05-11,18320.936886981242,18770.61092385572,18177.804567551702,18582.296875,61928
2023-05-12,18635.824595112223,18740.73982066238,17930.707952750716,18109.384765625,59933
2023-05-15,18231.000746551086,18454.382197333336,18063.34584746575,18348.65625,25309
2023-05-16,18273.22505107408,18415.403146771732,18000.414493367523,18137.439453125,41812
2023-05-17,18225.513100190426,18339.970485409576,18077.704770422857,18259.53125,13967
2023-05-18,18368.599346363917,18434.345165005652,18102.134676292168,18143.978515625,13824
2023-05-19,18282.769085017546,18282.769085017546,17859.19244939406,18019.595703125,25164
2023-05-22,18020.406612853083,18072.840004555514,17882.999592755088,17968.06640625,10716
2023-05-23,17972.645126704945,18163.059534783682,17932.3295303894,17991.30078125,17174
2023-05-24,17991.30362314835,18044.16566801349,17834.286725676622,17892.732421875,12145
2023-05-25,17968.782482534436,17997.505858221117,17825.078010105633,17921.263671875,10507
2023-05-26,17921.264711170952,18119.120921258178,17912.53326665395,18074.462890625,11558
2023-05-29,18130.089803611445,18130.089803611445,17410.324492927404,17458.322265625,62648
2023-05-30,17462.14086867284,17772.21240052954,17452.59871519269,17692.01171875,23849
2023-05-31,17692.012982305474,17822.787086869634,17595.732274074075,17718.25390625,14053
2023-06-01,17748.359519029942,17862.00807396241,17638.14763079632,17750.31640625,43911
2023-06-02,17786.572341141808,17927.1755861304,17753.174807239448,17892.490234375,13726
2023-06-05,17893.63785191496,18101.46671817694,17874.84055341326,18008.57421875,20032
2023-06-06,18068.06870187548,18072.934827702797,17951.702878663702,18015.158203125,8268
2023-06-07,18034.672457607885,18247.844567228174,18016.73246121683,18104.90234375,13222
2023-06-08,18104.903575149026,18188.49248361168,17870.930670504345,17907.66796875,10888
2023-06-09,17940.203891152516,18076.608238285964,17862.91244308149,17899.5546875,6743
2023-06-12,17915.298526727416,18167.25797700786,17880.993365947554,18125.130859375,23105
2023-06-13,18120.54933044335,18401.85275852623,18101.46502361824,18187.439453125,27247
2023-06-14,18187.44338959568,18462.162418543416,18152.519473287197,18199.0859375,9755
2023-06-15,18199.751078875375,18400.1363211846,18118.117202539546,18153.328125,9818
2023-06-16,18273.12715679133,18319.02453799816,18015.63254195073,18125.939453125,23506
2023-06-19,18127.229565837257,18287.72784720146,18047.647630440097,18076.369140625,7450
2023-06-20,18129.139269620944,18272.79715058476,17945.214242292168,18186.05859375,18548
2023-06-21,18225.564081397766,18559.395993550344,18197.032665872437,18322.55859375,40492
2023-06-22,18430.670834832545,18444.840561077246,17893.496009696257,18014.919921875,18492
2023-06-23,18014.919985372457,18091.637414439,17643.491631878,17764.580078125,30239
2023-06-26,17764.67653453921,17938.00827075824,17681.611338598363,17737.337890625,10300
2023-06-27,17765.5815155706,17867.11040228974,17638.67087309714,17722.259765625,10360
2023-06-28,17753.177285474903,17929.70713217272,17662.526823657106,17864.294921875,25510
2023-06-30,17864.293880370184,18368.645139539407,17864.293880370184,18170.501953125,32352
2023-07-03,18225.562295401898,18369.600362173485,18037.533408454907,18145.408203125,16376
2023-07-04,18257.00531846683,18397.226541916538,18065.208001317827,18181.240234375,18105
2023-07-05,18225.514252754954,18392.50194878805,18150.131235688586,18285.201171875,44656
2023-07-06,18411.346713810588,18700.71252010313,18288.63499194512,18621.369140625,46120
2023-07-07,18621.51360694645,19074.765923795007,18621.51360694645,18836.927734375,46319
2023-07-10,18941.177088748456,18979.345707567096,18292.359025085992,18355.52734375,23190
2023-07-11,18359.10325659309,18572.41884266694,18287.537105644835,18415.068359375,17815
2023-07-12,18540.310802140793,18654.57810016707,18378.85643276263,18622.419921875,16452
2023-07-13,18622.42057305013,18748.425470781407,18172.07932947685,18255.14453125,27463
2023-07-14,18446.785846025494,18482.858322510867,18147.60293519236,18304.046875,87365
2023-07-17,18331.935876954885,18483.634338699892,18244.538800459486,18369.4609375,19450
2023-07-18,18398.36507558719,19028.835204133164,18398.36507558719,18576.83984375,63808
2023-07-19,18607.538975996486,18746.697561643497,18394.9303799517,18497.384765625,23023
2023-07-20,18525.179244705178,18538.783971017354,18303.514694502435,18455.939453125,19877
2023-07-21,18349.995615407413,18457.486750206623,18185.4660136857,18309.953125,40717
2023-07-24,18310.29395171623,18496.224586301036,18216.36024570203,18422.869140625,20082
2023-07-25,18496.220992323768,18593.05984568672,18273.10389589876,18418.5078125,19520
2023-07-26,18496.222647402672,18651.16482664793,18398.222475583658,18537.087890625,19083
2023-07-27,18593.062413131247,18623.22809839604,18215.390832864516,18289.23046875,16906
2023-07-28,18301.57920596332,18433.230901552608,18245.703930971238,18353.7265625,12540
2023-07-31,18495.25586973223,18573.695354807278,18314.797012901232,18370.625,20246
2023-08-01,18534.960805068953,18593.06413047669,18327.72561111468,18395.3671875,39655
2023-08-02,18399.385814658654,18399.4349906487,17536.45499822801,17684.95703125,71009
2023-08-03,17684.957063013735,17827.648763929486,17509.533066509946,17663.119140625,31358
2023-08-04,17808.667040031323,17808.667040031323,17538.583070810266,17679.580078125,22731
2023-08-07,17817.383518232014,17817.383518232014,17562.69729260589,17621.333984375,26010
2023-08-08,17691.491350060893,17691.491350060893,17445.52064542925,17582.451171875,28087
2023-08-09,17585.93870381618,17807.60325441149,17518.151495156097,17731.48828125,23710
2023-08-10,17721.562838266316,17757.344045090827,17581.53231556521,17607.29296875,20259
2023-08-11,17642.05616890185,17745.722935839236,17527.835478236844,17579.935546875,15586
2023-08-14,17595.622206551314,17595.622206551314,17364.322950043617,17527.447265625,15806
2023-08-16,17556.838153375797,17642.0090753336,17421.31290983325,17610.875,10178
2023-08-17,17610.874843635993,17735.94262282044,17588.11770913093,17634.50390625,19190
2023-08-18,17595.671134724984,17731.196371188704,17547.541083474636,17709.98828125,18326
2023-08-21,17740.395689120825,17758.214418372274,17600.512706637168,17685.923828125,12593
2023-08-22,17685.922756708154,17850.30671837715,17685.922756708154,17781.501953125,13006
2023-08-23,17781.500785248427,17876.40285997887,17759.277025321717,17790.798828125,27636
2023-08-24,17886.139787299802,17886.139787299802,17686.748170138006,17783.44140625,34364
2023-08-25,17760.152317404696,17920.855665796975,17643.607115505303,17701.515625,28473
2023-08-28,17692.46298129065,18006.220945490877,17692.46298129065,17945.01953125,22053
2023-08-29,17982.929081325023,18080.252146207094,17888.12534018407,18039.87109375,26259
2023-08-30,18041.081114493816,18152.445812731432,17945.210635141433,18037.642578125,22726
2023-08-31,17991.692657929794,18094.583951589575,17920.128358698086,17986.705078125,21914
2023-09-01,18011.061617332434,18446.787360844282,17922.115492595563,18386.603515625,24442
2023-09-04,18386.603123601588,18583.378948724887,18248.9935777369,18464.07421875,20109
2023-09-05,18464.075267349497,18646.32527248269,18398.85277231003,18545.419921875,20402
2023-09-06,18554.327553175503,18718.034420003933,18487.55790864403,18665.837890625,14855
2023-09-07,18665.835735670422,18781.896730072112,18564.97768560002,18683.12109375,11157
2023-09-08,18724.762583265692,18810.94917149028,18602.745615666834,18789.88671875,13230
2023-09-11,18840.002065674904,18883.483096367505,18670.534044009873,18829.833984375,29532
2023-09-12,18877.76928306228,18881.593661866573,18303.56396100757,18554.666015625,36608
2023-09-13,18498.40170221705,18820.63301875896,18498.40170221705,18750.037109375,16344
2023-09-14,18786.741408144026,19125.628288486205,18780.543341979952,18873.654296875,21565
2023-09-15,18932.725884324773,19070.770453765977,18841.116689124534,19042.9765625,25736
2023-09-18,19077.254334943096,19094.685328751675,18920.27893008818,18967.53515625,16545
2023-09-20,18967.539138820015,19004.62918443175,18680.218953767562,18704.81640625,14856
2023-09-21,18777.055056712627,18777.055056712627,18476.854589070495,18581.294921875,9683
2023-09-22,18581.296319418027,18662.737428972097,18394.59211710466,18514.865234375,13390
2023-09-25,18514.6236809247,18592.04560146135,18400.499450132185,18501.599609375,6836
2023-09-26,18564.011152144416,18593.01363680133,18436.717215638644,18538.4453125,15216
2023-09-27,18593.06297687232,18728.637394412013,18414.44443831744,18611.02734375,23854
2023-09-28,18593.00974041608,19077.25315900827,18244.439061711462,18709.0234375,78557
2023-09-29,18883.578764862006,18883.627940848375,18360.64889137352,18418.4609375,33903
2023-10-03,18457.485548185257,18457.485548185257,18036.332994415003,18169.728515625,28949
2023-10-04,18169.730873870536,18302.545757472086,18012.029158147132,18149.87890625,15586
2023-10-05,18149.879666000164,18351.595789795563,18149.879666000164,18332.033203125,8247
2023-10-06,18370.333907953987,18730.57450962815,18302.546697961538,18693.7265625,18284
2023-10-09,18593.062279113194,18689.90114515024,18449.063641869743,18647.921875,20739
2023-10-10,18680.071430693686,19147.657512288843,18598.04966855382,19094.4453125,26329
2023-10-11,19094.44523080183,19319.353493907594,18993.34507785013,19075.416015625,26535
2023-10-12,18981.6293751178,19914.67190571794,18981.6293751178,19809.068359375,81609
2023-10-13,19609.870866717953,20270.408410326967,19576.026438738685,19880.486328125,60488
2023-10-16,19902.758055000046,20103.747870830677,19852.016004117315,20020.515625,25227
2023-10-17,20045.64519595984,20118.951460726697,19634.08001681574,19692.474609375,30590
2023-10-18,19807.179791759914,19851.918591834234,19424.23124812893,19485.044921875,18121
2023-10-19,19367.773372338717,19644.683355576082,19317.27152499352,19592.681640625,12124
2023-10-20,19464.613471076613,19590.504005964172,19303.13465036507,19453.669921875,12024
2023-10-23,19464.516496907785,19499.42577486921,19096.963807616816,19198.88671875,21454
2023-10-25,19198.838318411847,19499.473817653332,18988.164611469332,19073.3828125,22214
2023-10-26,18886.53254872366,19189.781933846094,18864.21043434091,19027.23828125,23748
2023-10-27,19115.023596894294,19333.686511013093,19086.649052844383,19118.55859375,23336
2023-10-30,19118.55907456704,19297.274069911608,18786.740316423082,18862.37109375,17238
2023-10-31,18948.070683948463,18988.98509945136,18750.422962718923,18836.076171875,8370
2023-11-01,18844.842985941283,18965.891566272352,18689.90080311751,18746.455078125,10874
2023-11-02,18883.578733301245,18932.966554603725,18767.421270928753,18839.08203125,12097
2023-11-03,18893.26319814,18988.165289037883,18818.020154053193,18902.462890625,6856
2023-11-06,18988.163389230125,19051.931399324447,18906.915208609575,18946.619140625,8576
2023-11-07,18906.819198053923,19198.25499331626,18894.230146139627,19133.130859375,14641
2023-11-08,19130.51796368671,19266.62574629938,18708.396968838337,19025.8828125,31879
2023-11-09,19086.94067339071,19086.94067339071,18746.744977285456,18917.47265625,32754
2023-11-10,18714.209647744243,19174.09785797838,18704.622220538386,18953.740234375,35887
2023-11-13,18936.839577084327,19077.2559278221,18840.00071450655,18860.724609375,7171
2023-11-15,18931.998632582774,19159.569971644512,18883.57919873985,19098.94921875,27938
2023-11-16,19125.578683095453,20045.644327806524,19048.833885367014,19938.298828125,72642
2023-11-17,19929.438882412174,20239.27408166162,19882.37557119992,19999.06640625,32860
2023-11-20,20006.91062634354,20240.195843433838,19837.442603129108,19928.6640625,21881
2023-11-21,19997.22464158795,20174.052022127325,19929.486615396796,20063.220703125,19085
2023-11-22,20060.172801366087,20546.933781072177,19963.38310310461,20163.11328125,59486
2023-11-23,20162.818932398906,20578.25763956951,20162.818932398906,20536.908203125,42759
2023-11-24,20578.25869778359,20658.634955285517,20335.9686154579,20371.265625,26207
2023-11-28,20481.420817303722,20675.631925862603,20336.162513634903,20601.11328125,24561
2023-11-29,20626.679148428535,21159.292929256502,20583.101657269883,20979.076171875,55002
2023-11-30,20984.9819892811,21110.87251344384,20818.903336251024,20916.759765625,14343
2023-12-01,21014.034696710238,21425.938450149795,20810.673070613044,21385.4609375,49102
2023-12-04,21498.22833899304,21498.22833899304,21021.830292331928,21250.755859375,32269
2023-12-05,21250.756000532343,21428.45532154177,20917.195279583557,20968.470703125,115959
2023-12-06,21008.321160663545,21110.196787908895,20878.509788762054,20909.982421875,15706
2023-12-07,20994.617988771064,21139.925470789327,20834.932204116936,20981.060546875,19313
2023-12-08,20981.157859552564,21059.256891784968,20781.57144384753,20942.615234375,14151
2023-12-11,20942.61668014121,21265.816417358583,20903.58985794,21197.787109375,25624
2023-12-12,21208.67698962477,21411.07019042983,20940.191272288877,21047.5859375,23219
2023-12-13,21096.34773956138,21352.970743967337,20928.0902036537,21255.744140625,19356
2023-12-14,21304.550851224634,21540.837687938216,21159.292549966285,21364.4453125,28367
2023-12-15,21382.022697588112,21463.27088856095,20978.204605880946,21021.927734375,34392
2023-12-18,21064.535486932175,21346.240122632178,21028.559470417917,21275.93359375,9700
2023-12-19,21323.916559731657,21430.43930367219,21130.288019458792,21196.669921875,12777
2023-12-20,21275.50076624227,21379.74819310747,20690.20622942573,20814.693359375,30828
2023-12-21,20814.69075247783,21014.033172754545,20656.69776995517,20940.677734375,18909
2023-12-22,21009.191194539977,21203.78813195008,20826.988496684804,20950.0703125,20236
2023-12-26,20960.19214360546,21302.61399963498,20881.315751466584,21213.42578125,10747
2023-12-27,21300.58223116254,21366.190568195034,21092.620749572463,21312.734375,15391
2023-12-28,21352.970578925688,21536.96442971915,21168.976728132224,21404.00390625,21913
2023-12-29,21498.17839379508,21595.066432707095,21286.973212028235,21501.908203125,25019
2024-01-01,21596.03650075754,21920.397540801714,21507.186837112655,21724.298828125,19391
2024-01-02,21691.90712840988,21759.210143830616,21402.35890379405,21628.33203125,10969
2024-01-03,21561.173582385978,21674.862789702645,21433.346278865884,21584.560546875,6363
2024-01-04,21584.5612098357,21837.165022069144,21500.699127318247,21777.900390625,14386
2024-01-05,21691.95419508177,22098.482601636046,21691.95419508177,21974.3359375,28782
2024-01-08,22079.260780930108,22088.944667237534,21691.90532863309,21756.49609375,10072
2024-01-09,21854.40300280281,22210.42959105377,21805.353737449146,22035.296875,13943
2024-01-10,22078.777523144952,22103.278513095633,21817.84595207688,21900.302734375,9397
2024-01-11,21900.30245459892,22530.095532378327,21900.30245459892,22351.669921875,35821
2024-01-12,22321.40785257039,22546.701961853872,22255.508247516034,22495.330078125,13938
2024-01-15,22615.556967906152,22734.86170019106,22375.008834535925,22660.44140625,19671
2024-01-16,22660.487424428586,22823.903009788573,22332.88267761588,22368.1796875,22573
2024-01-17,22272.937703838434,22448.361676247852,21982.421125092715,22194.982421875,27741
2024-01-18,21993.07508383261,22305.138332732484,21842.0064513163,22092.72265625,21477
2024-01-19,22263.253451748144,22527.332260931482,22051.1763527515,22451.412109375,19057
2024-01-23,22294.632035078164,22390.11478112202,21673.507154374463,22054.859375,56122
2024-01-24,22099.791942111096,22170.00012444389,21609.78724886427,21734.662109375,35408
2024-01-25,21797.267661523743,22114.511411679716,21674.233124391987,22059.216796875,10866
2024-01-29,22080.180626189052,22610.615513875633,22055.1008730415,22513.875,64222
2024-01-30,22513.100519502088,23407.940855161312,22466.37576468163,23120.66796875,37640
2024-01-31,23115.438614563005,23289.748583168843,22757.13479020656,22823.130859375,31087
2024-02-01,22853.972523603174,23096.069690166765,22843.562345440936,22931.15234375,18754
2024-02-02,23094.133044444676,23505.406956793056,22955.99202213942,23199.4453125,24154
2024-02-05,23415.63763088846,23589.9475884385,23000.198898727536,23399.271484375,14936
2024-02-06,23338.167191889912,24166.720168359185,23252.85252744452,24104.59765625,19634
2024-02-07,24103.193443709057,24500.232789306512,24006.063305781216,24425.8125,20225
2024-02-08,24425.620508533582,24583.759149537324,24122.613178748103,24499.31640625,21046
2024-02-09,24499.264969145075,24712.310476604336,23967.61958916718,24652.416015625,23943
2024-02-12,24585.501598463918,24848.804974031176,24313.528117779282,24440.09765625,36672
2024-02-13,24490.54883326759,26437.01000981436,24324.27725946645,25469.34765625,85754
2024-02-14,25807.55759140098,26632.62472340374,24799.173730910163,26533.4140625,152203
2024-02-15,26533.46051106367,27502.236866861906,26485.720086825906,27071.400390625,89838
2024-02-16,27037.460292032134,27730.631753077963,26921.204478011405,27433.53125,48546
2024-02-19,27502.239554710846,28180.111656411467,27187.513221778416,28077.26953125,54538
2024-02-20,27986.432346704274,28276.94894545899,27899.423003654058,28226.98046875,44221
2024-02-21,28247.899663013402,28276.902149343045,27042.448597905735,27167.419921875,66555
2024-02-22,27356.979499743844,27648.46448485616,27039.348020950358,27544.943359375,45835
2024-02-23,27760.414704873,28005.147624527413,27375.173872130006,27584.7421875,42212
2024-02-26,27721.397638607712,28247.09875050024,27465.887488921173,28065.4765625,32625
2024-02-27,28128.196119814293,28579.76540535932,27945.889999738098,28155.896484375,32611
2024-02-28,28350.54040394917,28433.450981425023,27517.679648763133,27631.21875,28212
2024-02-29,27701.888613701594,28043.285128307074,27514.65777295161,27888.046875,28396
2024-03-01,27888.047851532447,28628.537298663723,27888.047851532447,28228.322265625,47200
2024-03-04,28325.131159968074,28774.84866702855,27848.29815892734,28592.8359375,38585
2024-03-05,28599.273662332766,29506.4129701762,28560.354078747558,29309.28125,67247
2024-03-06,29457.64105475383,29519.530601480386,28826.691928615535,29370.390625,59027
2024-03-07,29394.481472837386,29719.10152405976,28726.07592022834,28775.822265625,50513
2024-03-11,29086.934229603146,29282.06749002938,28537.872602790783,28707.740234375,46917
2024-03-12,28752.803941511505,29067.473593416005,28582.10569054346,28748.51171875,26775
2024-03-13,28823.62052523459,29116.24611432327,27424.87020939072,27604.640625,58216
2024-03-14,27731.100289736074,28901.16439226132,27543.966618930353,28678.28125,54457
2024-03-15,28677.306802343945,29032.164850603764,28243.24552591391,28844.640625,53434
2024-03-18,28774.89852991188,29223.541557565768,28669.94196337724,29081.423828125,34319
2024-03-19,29067.523566673593,29213.78682245846,28658.188773629183,29015.6796875,28685
2024-03-20,29000.1707955167,29455.05688486107,28823.66955946459,29136.14453125,44864
2024-03-21,29197.008892008733,29457.63996434956,29172.768217151894,29327.177734375,35457
2024-03-22,29326.934371783078,29701.49509814391,29164.283327198005,29436.86328125,38966
2024-03-26,29501.53548825245,30093.71173790961,29438.23044023708,29926.18359375,39017
2024-03-27,29945.352139077313,30384.290525480727,29488.46566874028,29595.76171875,51920
2024-03-28,29750.216270427405,29843.662129652355,29000.119404761335,29293.087890625,36810
2024-04-01,29311.426576136357,29683.695472012776,29311.426576136357,29537.919921875,17643
2024-04-02,29584.396396514996,30237.92685390895,29555.183371696672,30155.89453125,23277
2024-04-03,30042.89447332749,30140.436338500633,29840.348409272552,30058.16015625,18469
2024-04-04,30058.159188978476,30379.510091404496,29876.340777123743,30034.017578125,25484
2024-04-05,30033.138406789472,30220.712163821463,29886.67892437719,30035.91796875,19278
2024-04-08,30218.46887955517,30628.291394204443,30047.77062087466,30323.1796875,34117
2024-04-09,30372.534583768207,30523.57967682622,29182.62296751627,29328.7890625,153880
2024-04-10,29530.79946352196,29599.372156279107,28652.972216411817,29063.330078125,86951
2024-04-12,29215.103319847098,29482.02699907668,29067.474096690985,29115.66015625,39244
2024-04-15,28999.19538295318,29419.600805423845,28774.849101820346,29067.865234375,28572
2024-04-16,29067.86365874264,29390.239493069912,28843.176374297174,29249.388671875,25386
2024-04-18,29262.556132412872,29701.300152737247,29070.05766501135,29188.521484375,51782
2024-04-19,29068.448828741355,29160.382029040302,28697.93646564164,29054.79296875,22176
2024-04-22,29248.853475655706,29386.583729136568,28287.140240457404,28425.69921875,32663
2024-04-23,28613.904433073476,28840.395868381023,28339.421259909228,28557.720703125,51227
2024-04-24,28716.274969760176,28823.620552170323,28092.54428808059,28148.630859375,30991
2024-04-25,28238.761531170338,28454.572915623405,27837.3767415548,28190.625,36654
2024-04-26,28190.62072499363,28472.4176167831,28101.857637956025,28167.35546875,14760
2024-04-29,28384.680501614504,28969.93164597769,28295.72308971706,28567.23046875,29397
2024-04-30,28583.717683270537,28921.163003554553,28531.970961786654,28634.439453125,23608
2024-05-02,28643.217397377168,30140.38591772854,28634.438629770164,29916.52734375,87649
2024-05-03,29933.64485288859,30013.579642058106,29197.00951636482,29353.708984375,46475
2024-05-06,29506.4109759008,29565.57049165717,28769.62895921634,29296.2578125,36056
2024-05-07,29443.98750423752,29443.98750423752,28443.257497716044,28880.048828125,26812
2024-05-08,28880.047941115197,29796.990981145584,28880.047941115197,29308.98828125,35553
2024-05-09,29165.064517192186,29691.399991871123,29031.723656787683,29147.1640625,25858
2024-05-10,29457.64109445524,29832.201828901292,29022.116698803773,29683.888671875,30547
2024-05-13,29683.889624103816,30268.214904815773,29242.85562342299,30040.748046875,31139
2024-05-14,30237.977640204506,31310.938137114987,29428.72118985271,31098.296875,82044
2024-05-15,31115.853241302677,31115.853241302677,29822.05763334362,30174.96484375,101787
2024-05-16,30336.543265796106,30508.1674055956,29847.85854954444,30278.505859375,66955
2024-05-17,30280.45729803286,30388.19152197932,29791.429651467617,30265.044921875,56789
2024-05-21,30055.96405681543,30237.39191754152,29828.300973139467,30123.90234375,52316
2024-05-22,30237.977706855567,30574.447603196204,29835.66705260484,30175.013671875,85634
2024-05-23,30106.44248067415,30237.92776793328,29894.532784912128,30102.6875,51535
2024-05-24,30198.960180066606,30548.501058104655,29984.318552787496,30082.056640625,74133
2024-05-27,30141.410402547404,31437.254023135225,30141.410402547404,30790.501953125,121384
2024-05-28,30774.456822764776,30790.501696685224,30063.91390580761,30302.3046875,76953
2024-05-29,30201.40034699019,30547.235795932276,30064.403557845555,30361.90625,52833
2024-05-30,30374.53513826991,30530.602113932182,29721.541919958756,29857.904296875,68887
2024-05-31,30335.423126274047,30385.169477870284,28777.483301450215,29646.630859375,868375
2024-06-03,29803.915843625993,29939.84004688748,29131.60856183188,29252.169921875,44990
2024-06-04,29555.183028235595,29605.22276352719,26824.010999223727,28821.912109375,72953
2024-06-05,29016.75387729508,30378.388773949344,28595.178700596545,30108.296875,49866
2024-06-06,30091.615023497034,30402.579242936805,29745.1470902281,29898.23828125,20538
2024-06-07,29760.02131823906,30237.97642954477,29760.02131823906,29844.4921875,19067
2024-06-10,29847.760016203232,30169.64815840027,29812.50015744505,30008.509765625,12586
2024-06-11,30008.850175041964,30822.20258780732,29896.579876008454,30407.69921875,39791
2024-06-12,30486.70927486413,30774.457770659523,30394.044505031718,30639.16796875,18859
2024-06-13,30775.141042957763,31879.8522187585,30677.698242000548,31635.900390625,56576
2024-06-14,31876.678371713977,32118.532640337336,31193.885383335768,31533.13671875,57427
2024-06-18,31560.253319500513,33505.62853456523,31560.253319500513,32558.69140625,156530
2024-06-19,32578.98126629878,32766.749346950353,31804.8894457368,32084.005859375,42616
2024-06-20,32237.58516957861,32482.659096170337,31409.992009169666,31461.833984375,45408
2024-06-21,31461.833512504487,31993.730036405508,31276.747833406684,31804.83984375,45227
2024-06-24,31798.64715531341,32281.47937438949,31408.479705554964,32203.93359375,27730
2024-06-25,32261.973593095845,33086.15286392939,32261.973593095845,32986.66015625,54500
2024-06-26,32986.65918009031,33580.63961950003,32627.804174063756,33309.9609375,35727
2024-06-27,33456.85767954037,35776.40308950967,33144.723730343496,33895.453125,107957
2024-06-28,33929.93445154411,33929.93445154411,33130.872332960134,33246.5546875,58629
2024-07-01,33164.28346717528,33632.29009515133,32873.70396665556,33408.0390625,30255
2024-07-02,33612.92547165886,34236.21796662085,33456.908026241166,33793.18359375,35059
2024-07-03,33920.18662091154,34218.1770454317,33573.61958118313,33697.25390625,23302
2024-07-04,33895.798946223564,34462.9553725887,33721.19900345021,34409.2578125,27710
2024-07-05,34139.65105473428,34802.93570379768,34085.0276130467,34211.83203125,33743
2024-07-08,34307.52225594743,34611.7537948878,33498.31345679558,33566.3984375,28099
2024-07-09,33847.02309048133,34874.13880559017,33706.56282174849,34737.04296875,30550
2024-07-10,34773.62446764125,34798.05946625692,34010.40892613071,34520.015625,30144
2024-07-11,34578.588753554,34898.3317269796,34432.90846414954,34735.875,23755
2024-07-12,34773.67454878203,34820.98235286663,34044.20619407872,34275.28515625,21287
2024-07-15,34372.82749657631,34495.43685939284,34139.65290518805,34222.7578125,14038
2024-07-16,34520.012080096116,34528.84037979649,34139.697921143335,34245.82421875,14283
2024-07-18,34305.52300692771,34515.23801394788,33929.643910951345,34285.8203125,48057
2024-07-19,34501.598334931645,34501.598334931645,33274.43921233692,33397.25390625,24779
2024-07-22,33397.25563517287,33962.51261913366,33046.06386591894,33458.3203125,20371
2024-07-23,33519.430587085466,33739.47630148388,32443.265686359275,33389.21875,36942
2024-07-24,33453.46335996683,33888.94878397128,33164.71080616351,33439.49609375,18849
2024-07-25,33413.62365616417,34227.15570763429,33129.42729140291,34061.55859375,20428
2024-07-26,34061.555324074674,34305.56514238824,33877.38114996259,34224.26171875,18411
2024-07-29,34209.51543942621,34458.621361624435,34129.14238727926,34242.890625,19618
2024-07-30,34251.660675887804,34354.577384171345,34119.33919380898,34231.6171875,10838
2024-07-31,34211.523006944015,34334.87373245579,33737.51653459066,34284.4453125,32525
2024-08-01,34161.4854100496,34484.74264979639,33586.23156074431,33688.75390625,23238
2024-08-02,33688.75277896546,33893.90083926821,33139.17835094442,33236.94921875,28189
2024-08-05,32835.37883777475,33119.47564886187,31509.859179118062,31713.2421875,35807
2024-08-06,31713.243319563087,32560.88568496185,31713.243319563087,32050.615234375,29693
2024-08-07,32247.23460584254,32594.846501485637,31169.059588625918,31787.392578125,60281
2024-08-08,31786.559122343006,31874.52840021011,30991.650104513214,31204.001953125,44900
2024-08-09,31296.5284000223,31855.16928767333,31217.085742864856,31383.41796875,32494
2024-08-12,31355.23898938134,31355.23898938134,30460.353755223918,30971.06640625,36237
2024-08-13,31155.335993809615,31247.470945782752,30747.197376875258,30966.998046875,16810
2024-08-14,31020.95808737753,31021.00594670915,30286.916545887503,30378.21875,26467
2024-08-16,30822.03113955691,31412.529096874798,30468.24350278627,31306.8671875,25740
2024-08-19,31306.867986668985,31445.903166001066,30899.611898569656,30978.662109375,25158
2024-08-20,31120.051320675528,31703.44124929052,31102.603723004722,31418.509765625,29425
2024-08-21,31639.386732167168,31639.386732167168,31121.9125273888,31574.548828125,22620
2024-08-22,31574.551555428916,31913.736389780846,31465.166178858264,31858.259765625,32048
2024-08-23,31855.170667888382,32174.802081073078,31519.661443073914,31953.333984375,39122
2024-08-26,32011.996993983445,32251.056272859354,31783.669691767405,32163.33203125,32218
2024-08-27,32247.235090225444,32267.868205477775,31604.643153186673,31659.08984375,45779
2024-08-28,31874.722807854003,31874.722807854003,31183.56517926999,31306.427734375,26366
2024-08-29,31306.427662787417,31561.07183697263,30875.010271312214,31102.259765625,17160
2024-08-30,31208.216103019156,31855.170885474847,31208.216103019156,31746.9609375,50047
2024-09-02,31746.95931447666,31984.795291818722,31288.979996467566,31686.189453125,26466
2024-09-03,31754.605057389665,32134.123788596477,31580.72445976759,31756.41796875,29277
2024-09-04,31737.550563343637,31875.11550540925,31330.78455087336,31807.974609375,16544
2024-09-05,31850.26922928112,33465.521615598125,31780.335261963137,33051.69921875,92016
2024-09-06,33051.69989024224,33256.798181414095,31374.745307291512,31715.302734375,65916
2024-09-09,31633.655928648994,32515.848924012884,31516.771951779334,32448.853515625,65068
2024-09-10,32448.853329068625,33276.40244788871,32443.267187779566,32868.65625,90744
2024-09-11,32868.65544167973,33122.17206280206,32329.46838628096,32550.693359375,51904
2024-09-12,32776.519211034545,33599.85282757967,32774.45934549464,33437.046875,38720
2024-09-13,33737.026985828685,34349.136353531445,33520.461594982444,33661.75,50320
2024-09-16,33668.46558409782,33868.36826975686,33178.38602683293,33361.67578125,28975
2024-09-17,33423.42452750479,34104.58531235344,33237.24407656786,34031.41796875,57197
2024-09-18,34012.499083681345,34175.59601757359,33375.39570324871,33682.0859375,18444
2024-09-19,33824.45619059553,34099.05006227644,33374.417667120324,33753.59375,22135
2024-09-20,33815.48763940748,35285.7262324252,33740.06516533494,34978.69140625,73949
2024-09-23,34854.55653943386,35851.2290057502,34796.822872196404,35738.4609375,70172
2024-09-24,35738.46151503854,36216.878702688206,35648.48597276084,35975.07421875,40922
2024-09-25,35989.77735770372,36606.00263028848,35760.22485770174,36227.90625,41395
2024-09-26,36231.58014144656,36461.91752365243,36023.346112091,36404.96875,37856
2024-09-27,36285.53923140337,37422.37445299702,36167.87036707502,37222.62109375,67836
2024-09-30,37222.52321601593,37368.17639460484,36766.798993106975,36931.31640625,32053
2024-10-01,36951.996836698425,37324.40750856463,36902.9888833341,37090.39453125,21533
2024-10-03,36646.187420403796,37344.06068036227,36310.4331642068,36386.25,49118
2024-10-04,36412.91237630838,36412.91237630838,35697.936050997196,36005.65625,35351
2024-10-07,36005.65215794017,36388.40426202967,35501.65514667836,36054.46484375,68090
2024-10-08,35972.03405810054,37393.019706295265,35845.39826875636,37214.3359375,35793
2024-10-09,37214.33637907041,38313.2440588857,37111.66471263511,37840.16796875,42324
2024-10-10,37840.16827135366,38265.16679495112,37221.932909807656,37463.88671875,26527
2024-10-11,37463.88564789004,37873.05229284294,37248.30042254112,37723.1875,16882
2024-10-14,37723.185499360116,38127.20628768121,37556.94899559008,38025.859375,11537
2024-10-15,38030.172125450874,38163.52353340808,37454.62348212631,37935.2421875,17392
2024-10-16,37736.12441586012,38020.32077412068,37325.24249706061,37502.40625,18602
2024-10-17,37502.40580472944,37651.29043506755,35664.312746075164,35761.00390625,53057
2024-10-18,35762.96538004321,36194.28515588719,35344.6824859223,36070.58984375,21112
2024-10-21,36079.65255308604,36526.11497465438,35785.60485501688,36108.22265625,18769
2024-10-22,36020.84857577677,36320.1876471364,35197.51489404473,35349.734375,16532
2024-10-23,35349.73281612701,36154.784197056695,35092.490825636334,35536.453125,18922
2024-10-24,35873.5785536925,35873.5785536925,35236.72016899693,35333.85546875,10745
2024-10-25,35478.279428175214,35849.319424772024,34668.52251147764,35219.02734375,16693
2024-10-28,35089.69582803689,35597.8087746739,34922.283887778416,35406.58203125,9154
2024-10-29,35625.20921810066,35864.02346460556,34624.221681527044,35694.015625,43179
2024-10-30,35815.01443677569,35963.01846468902,35199.86503826774,35455.640625,14672
2024-10-31,35455.640158934766,35810.16294412955,34131.44519812339,34424.7578125,36099
2024-11-01,34637.84496631926,34844.4135117408,34268.91458561551,34484.10546875,3850
2024-11-04,34550.55854442558,34822.456976352885,34065.57505539087,34639.90234375,29676
2024-11-05,34452.78676377447,35125.42092921693,34414.315520067925,34905.96484375,32121
2024-11-06,34991.67928358654,35658.18746041676,34991.484017519106,35553.015625,16879
2024-11-07,35553.01625433877,36043.095804800796,34526.15410375428,34667.8828125,18762
2024-11-08,34756.44137421381,34935.465900724266,34306.54835134963,34422.59765625,14426
2024-11-11,34403.58439672513,34893.66394653603,34233.82160641993,34296.6015625,32585
2024-11-12,34570.21352703322,34645.83127462755,32454.049903419247,32618.2265625,56027
2024-11-13,33325.41031385493,33795.88669475642,32179.11421497101,32553.044921875,124257
2024-11-14,32835.32896174258,33276.400544810764,32482.081163157192,33190.24609375,25998
2024-11-18,33190.24461046162,33738.348774110025,32943.144987580534,33123.7890625,19760
2024-11-19,33325.409915967,34138.35235459494,33221.513049758396,33621.41796875,23271
2024-11-21,33621.41472317305,33717.37075978719,33146.52767771281,33431.94921875,13115
2024-11-22,33529.23318589579,33826.416663403936,33349.91384180357,33636.66015625,11065
2024-11-25,33766.48041457574,34501.59972693951,33766.48041457574,34347.32421875,52738
2024-11-26,34526.05366872493,34648.62332689367,34178.19674424853,34294.05078125,19667
2024-11-27,34306.548403609275,34555.363320789875,34053.66735769255,34197.015625,21638
2024-11-28,34442.59254948557,34442.59254948557,33878.21622243333,33987.69921875,22971
2024-11-29,34183.04775806367,34354.57559627618,33717.47219720116,34272.4375,34200
2024-12-02,34031.22548161458,34442.597514096335,33902.824632035656,34235.14453125,13448
2024-12-03,34235.14219220176,34468.274563286235,33938.058269233166,34230.78125,19833
2024-12-04,34158.54473661945,34593.68560460967,34069.40003195855,34482.6328125,19108
2024-12-05,34540.80543085334,35587.61531167489,34273.07651390019,35451.86328125,35438
2024-12-06,35530.71402119464,36263.28715596791,35389.0312718164,35534.33984375,35941
2024-12-09,35646.227577911995,35753.260175959535,35040.68457632353,35182.953125,14815
2024-12-10,35285.72660278884,35326.40320428927,34756.440703747,35214.71484375,26238
2024-12-11,35383.74247292269,35612.06976282625,35149.189641418,35498.9609375,13857
2024-12-12,35628.78307697146,35802.86086361365,35234.808894776084,35551.10546875,10448
2024-12-13,35334.73543034235,35806.142182074975,35079.45375939726,35746.01171875,9544
2024-12-16,35749.93361456941,35952.23692772405,35587.66750467111,35774.828125,11736
2024-12-17,35589.57543544781,35850.15225280461,34958.98857328568,35058.76953125,10906
2024-12-18,35058.332215714916,35259.46010604545,34914.24882173957,35062.0078125,10725
2024-12-19,34942.66925849924,35125.41914305147,34660.38345915989,34829.265625,19139
2024-12-20,34829.46624744018,35221.48014422058,33782.116393939425,33890.9140625,19486
2024-12-23,34085.02903745276,34262.487589175544,33669.2961313887,33840.0390625,8983
2024-12-24,33795.88407655808,34153.64213015274,33612.349294268766,33722.6171875,10858
2024-12-26,33884.09918189498,33945.5543900741,33403.87100942703,33511.73828125,15783
2024-12-27,33511.73738307323,34040.873947644315,33325.40761663582,33413.27734375,13919
2024-12-30,33325.410064472344,33913.505536198325,32873.851523848054,33127.22265625,78500
2024-12-31,33055.862296213214,33619.45372157489,32975.09872605983,33423.6171875,9597
2025-01-01,33444.01071825423,33605.9322458332,33090.27280869849,33357.31640625,7620
2025-01-02,33374.418957958114,33910.91059860915,33231.07068269816,33745.5546875,35540
2025-01-03,33914.24016311493,34226.42083815672,33501.83821955502,33573.9296875,18369
2025-01-06,33585.005171071265,33719.43245654309,32453.11670690864,32807.00390625,11515
2025-01-07,32807.00369117318,33007.73720517241,32220.5239817169,32305.748046875,11801
2025-01-08,32394.158091461155,32503.690868802863,31943.43423514672,32359.70703125,16497
2025-01-09,32364.85411671757,32565.786736158127,32104.22942404173,32178.279296875,23782
2025-01-10,32247.233245579628,32541.231191441653,30997.28539766396,31084.6171875,31884
2025-01-13,30875.0117579326,31068.298367378993,30204.337891413063,30365.083984375,19575
2025-01-14,30384.932715926996,31100.351240393753,30365.672206346924,30994.296875,12720
2025-01-15,30997.531168173497,31136.61612568099,30669.03046684784,30839.67578125,13843
2025-01-16,30993.856807101063,31166.46244656045,30678.980687425807,30732.251953125,16830
2025-01-17,30762.293660675845,30884.763775694468,30433.990132601877,30776.80078125,14832
2025-01-20,30875.011541827582,30923.67682384673,30327.690319430505,30518.96875,11609
2025-01-21,30661.33715068215,30924.01979106265,29924.062236975435,30003.650390625,12806
2025-01-22,30255.15983071628,30255.15983071628,29604.82424253587,29975.912109375,21434
2025-01-23,29955.622912414692,30740.190511309134,29850.10840067015,30375.62109375,17809
2025-01-24,30286.915680640883,30496.179644971526,29640.0106855204,29754.19921875,15495
2025-01-27,29747.828309401717,29747.87808310539,28713.122985676335,29114.6953125,32267
2025-01-28,29062.108898752558,29545.915033275236,28774.970150307854,29205.849609375,29454
2025-01-29,28424.663310122727,28625.546149348924,27473.614181808356,27597.064453125,183316
2025-01-30,27542.46911022497,28375.554523131796,27424.899798758157,28016.42578125,27625
2025-01-31,28015.88803408722,28326.598474097213,27871.11929829244,28159.138671875,26318
2025-02-01,28325.61766690975,28542.183053051656,27885.085927714492,28120.029296875,9383
2025-02-03,28140.366441264447,28475.090758216444,27696.206983055126,27912.4296875,24413
2025-02-04,27934.48383726911,28287.390877637,27793.488337338895,28053.328125,17251
2025-02-05,28076.65585837979,28316.647417796114,27735.120204724175,27800.30078125,14484
2025-02-06,27850.241351378816,28014.27059791759,27378.882445737985,27597.212890625,14983
2025-02-07,27738.5021446653,27836.518053303695,27287.628964928692,27488.708984375,17579
2025-02-10,27660.088912489064,27933.55329259482,27042.588699347034,27147.123046875,33234
2025-02-11,27258.22361251351,27258.22361251351,26476.251944280844,26683.310546875,41878
2025-02-12,26683.852331898834,26880.76668529504,26111.73420967691,26847.048828125,17532
2025-02-13,26847.048138113554,27086.892306899812,26638.17661436978,26807.744140625,12420
2025-02-14,26808.233576549323,27016.027303156454,26365.299301911644,26468.755859375,15110
2025-02-17,26287.86712254401,26597.792664928507,25975.246142628304,26377.306640625,13329
2025-02-18,26444.6926084727,26738.690565774228,26104.577399609094,26442.33984375,36286
2025-02-19,26377.060458904296,27042.490827492955,26247.532056274016,26753.833984375,15846
2025-02-20,26758.344121914888,27002.061071306547,26612.10514616275,26873.953125,17645
2025-02-21,26846.558856950873,27047.001401173085,26627.003209489863,26791.767578125,20941
2025-02-24,26693.749285569993,26693.749285569993,26263.11678845846,26462.7265625,26865
2025-02-25,26514.28419808387,26772.556124674204,26381.71767788902,26625.58203125,25766
2025-02-27,26746.58134015139,26798.62740513522,26165.346997777095,26289.974609375,19778
2025-02-28,25960.492572032523,26289.580972737043,25788.719698693825,26017.341796875,30508
2025-03-03,26017.341611350854,26493.601272742482,25742.89707958555,26161.96484375,17747
2025-03-04,25978.479904550393,26119.035104774528,25549.415251170085,25738.68359375,31707
2025-03-05,25489.03690488678,26583.434292676106,25489.03690488678,26536.287109375,37194
2025-03-06,26757.36172535867,26770.05401922125,26317.270314878948,26532.955078125,31682
2025-03-07,26532.956416752055,26848.420237906408,26317.271642624382,26497.033203125,18774
2025-03-10,26469.19509109472,26709.334057853404,26082.17967386867,26267.625,17291
2025-03-11,26121.238747610758,26493.846594271665,25876.198984499963,26447.19140625,18143
2025-03-12,26366.27785972335,26586.81364107791,26013.420609556048,26275.220703125,17579
2025-03-13,26219.256996019834,26275.223700041348,25760.98282434568,25854.98046875,8806
2025-03-17,25855.66547611302,26228.71362943527,25690.899207529113,25823.123046875,16075
2025-03-18,25823.123046875,25823.123046875,25823.123046875,25823.123046875,0
2025-03-19,26794.607310066567,27122.81317724776,26768.143016348462,27010.537109375,20377
2025-03-20,27013.234576154016,27321.934919023424,26957.365507440678,27075.767578125,17337
2025-03-21,27125.90236514504,27287.578838605543,26816.122324147196,26887.96875,76189
2025-03-24,26982.162443076148,27794.32189243201,26982.162443076148,27715.763671875,18555
2025-03-25,27934.53361945097,27934.53361945097,26823.57308235931,26903.50390625,31106
2025-03-26,27080.8139923147,27620.881620884877,26846.850796285904,27515.07421875,35123
2025-03-27,27443.475612232414,27895.231340286475,27052.39211749043,27792.90234375,45542
2025-03-28,27611.082746089647,27993.344807537105,27558.15415296615,27795.79296875,21915
2025-04-01,27542.61961960926,27787.462227525208,27101.98830641181,27330.85546875,46358
2025-04-02,27330.853898272457,27646.31772081908,27187.653037051885,27468.076171875,18267
2025-04-03,27040.628000733734,27541.34187094649,27040.628000733734,27458.078125,15941
2025-04-04,27199.41389644546,27229.3585214573,26586.42203786499,26747.658203125,21549
2025-04-07,25885.511406956666,26268.26353041287,25407.291405556334,26060.71484375,40276
2025-04-08,26268.263728694008,26552.460092352732,25827.192136234597,25990.193359375,11659
2025-04-09,25974.216186111687,26068.75176568882,25559.95155904609,25663.2109375,10681
2025-04-11,26154.761711858748,26317.077596656054,25778.185336682094,25836.259765625,21080
2025-04-15,26552.509765625,26626.02169742352,26052.628629395072,26552.509765625,18573
2025-04-16,26552.508591751917,26939.67141544118,26493.699048913044,26826.953125,13059
2025-04-17,26939.672209101187,27032.787321339303,26488.799034053467,26959.275390625,10197
2025-04-21,27052.39006294964,27375.842552832735,26969.076542828236,27248.421875,13857
2025-04-22,27346.439499130087,27787.511103954763,27106.300514281094,27464.05859375,20011
2025-04-23,27640.484559211684,28032.548169980644,27361.1392365388,27851.21875,18101
2025-04-24,27851.219489205945,28032.548913999297,27640.48529282448,27865.921875,19139
2025-04-25,27792.409994041904,28057.052938792083,27297.429671453607,27439.552734375,29555
2025-04-28,27307.23268502781,27831.61780658165,27307.23268502781,27753.205078125,12875
2025-04-29,27900.228481136422,28669.65336635308,27831.617344875063,28586.33984375,34323
2025-04-30,28615.74457461594,29096.022527743593,28488.323893173907,28870.5859375,30652
2025-05-02,29007.809023576796,29345.963918428424,28757.86844912124,28860.78515625,10630
2025-05-05,29159.731486317512,29963.461900394163,29007.806834876195,29762.529296875,21026
2025-05-06,29870.348071162563,29992.867956606216,29208.740689766837,29321.458984375,15039
2025-05-07,28998.006084008408,30237.90730747539,28841.18063281891,29870.34765625,26296
2025-05-08,29904.6537625479,30144.792739008873,29189.137628602966,29414.57421875,17004
2025-05-09,29272.450012695313,29635.108861002605,28973.501502604166,29404.771484375,19095
2025-05-12,30071.280332809223,30468.244757020035,29816.438974056604,30389.83203125,14375
2025-05-13,30497.651866207958,30703.48528712725,30389.83436001214,30527.056640625,18815
2025-05-14,30429.03800885682,31124.950941254574,30429.03800885682,30796.59765625,19016
2025-05-15,30963.224995937402,31188.661581852743,30683.87966121622,31100.447265625,24393
2025-05-16,31100.447477565747,31252.372134326626,30845.606117837822,31026.935546875,18391
2025-05-19,31007.332242900426,31443.503029942964,30826.002814579373,30933.8203125,19249
2025-05-20,31169.058223762495,31365.09003649056,30830.90334680658,30889.712890625,25442
2025-05-21,30889.71327625227,31218.066566670943,30629.97112114496,31026.935546875,14371
2025-05-22,31026.936476055453,31262.174661310648,30683.880789224953,31110.25,10408
2025-05-23,31213.166376706933,31556.222059917716,30982.828989408263,31492.51171875,10400
2025-05-26,31492.510333495266,32056.101788265256,31237.668980034054,31840.466796875,22230
2025-05-27,31864.970773169345,31962.986678346737,31673.839758073438,31840.466796875,21918
2025-05-28,31796.360493894244,31796.360493894244,30580.963237037624,31002.431640625,79649
2025-05-29,31012.232327827547,31252.371294967805,30546.656779290315,30634.87109375,17502
2025-05-30,30826.002833165883,31379.792709183013,30394.73284122334,30791.697265625,51998
2025-06-02,30826.0041457783,30894.615283781623,30463.345273475024,30610.369140625,14075
2025-06-03,30737.78946738957,30933.821287972412,30576.063215408725,30732.888671875,10737
2025-06-04,30924.018740425552,31208.26487147859,30678.978972276378,30791.697265625,55704
2025-06-05,31051.440092989986,31051.440092989986,30629.9716826369,30830.904296875,62802
2025-06-06,30997.529771324578,31100.446470960596,30698.58126285805,30968.125,29686
2025-06-09,30977.92671528627,31247.470453514517,30977.92671528627,31061.240234375,18145
2025-06-10,31061.24221164705,31335.686762586185,30826.004025127793,30919.119140625,21674
2025-06-11,30924.01894583301,31311.181782080363,30894.61417345979,31262.173828125,9731
2025-06-12,31169.0578154743,31306.280082586454,30816.200557185915,30894.61328125,9072
2025-06-13,30482.948993044563,31100.449245958327,30331.024327645144,30958.326171875,12905
2025-06-16,31066.142093474096,31732.65026900848,30781.895959790312,31639.53515625,21513
2025-06-17,31727.74887353523,31752.252850113495,31365.090020176936,31575.82421875,10902
2025-06-18,31468.006233839536,31938.482576846636,31468.006233839536,31747.3515625,15987
2025-06-19,31835.567094594593,32144.31720650338,31566.0233461028,31732.650390625,20928
2025-06-20,31732.651415577093,31972.790399262543,31512.115614233317,31649.337890625,23579
2025-06-23,31610.130826900237,31649.337190716546,30855.408323436262,30948.5234375,13460
2025-06-24,31365.089285714286,31365.089285714286,30811.299428013393,30875.009765625,15696
2025-06-25,31075.945168575814,31448.40563739962,30845.607773382144,31124.953125,28913
2025-06-26,31262.17331854823,31757.15364542915,30899.514465189935,31575.82421875,40409
2025-06-27,31845.36822702747,31850.269022384047,31384.693463509375,31619.931640625,83020
2025-06-30,32011.996427239523,32242.333817331415,31796.361423749237,32031.599609375,32831
2025-07-01,32011.994717526693,32021.796308070945,31482.70882813709,31673.83984375,13798
2025-07-02,31757.154559639388,31899.277627884687,31575.825127740212,31801.26171875,18343
2025-07-03,31899.275315974242,34183.04583329549,31806.160209044832,33722.37109375,120903
2025-07-04,33697.870551245476,35305.331508314775,33648.86259523727,35217.1171875,173114
2025-07-07,35050.49058468581,35618.98288164101,34673.12931860348,35329.8359375,90278
2025-07-08,35275.92326183432,35614.078125,34678.02625739645,34785.84375,83073
2025-07-09,34795.647586417595,35378.842243147694,34565.31020098638,35089.6953125,40693
2025-07-10,35016.1845882546,35579.77608267717,34913.26788057743,35476.859375,40853
2025-07-11,35481.756908795345,36667.74933585729,35437.64975241701,35800.30859375,81825
2025-07-14,36055.15244903141,37231.34336758076,35800.31108334572,37094.12109375,75464
2025-07-15,37236.24282155206,38079.17961614366,37133.326119886806,37559.6953125,69592
2025-07-16,37804.73620756173,37804.73620756173,37094.120865314326,37711.62109375,42632
2025-07-17,37834.13893695821,38084.07949211169,37515.5872490175,37878.24609375,40326
2025-07-18,37878.24878574346,38280.11402062908,37393.07002655228,37491.0859375,32786
2025-07-21,37731.223148608755,37799.83428305226,37255.846002821636,37559.6953125,24276
2025-07-22,37736.12476824262,37750.82715451596,36682.45375198649,37005.90625,26390
2025-07-23,37050.012773992894,37304.854131697604,36770.6674395858,37226.44140625,20844
2025-07-24,37226.43925580322,37589.0980900488,37074.51460902466,37157.828125,19341
2025-07-25,37358.763306341694,37358.763306341694,36863.7829713108,37079.41796875,17581
2025-07-28,37383.26769893422,37765.52974409899,37059.815199179415,37476.3828125,37336
2025-07-29,37453.53530549292,39857.714494864085,37369.090995122446,39654.0546875,89125
2025-07-30,39738.49772216675,40150.78463603423,38869.21808449435,39798.10546875,100405
2025-07-31,39241.766213089635,40225.294024506315,39067.910286829116,40120.98046875,46071
2025-08-01,40111.047281679406,40463.726459016776,39842.812414408734,40125.94921875,59925
2025-08-04,39887.51580456494,41010.12832907698,39773.26762729159,40846.20703125,66056
2025-08-05,40876.013738991875,41020.06579858973,39187.127523017,40329.609375,114355
2025-08-06,40235.22946346883,40289.869898542674,37900.59269213175,38004.90625,103119
2025-08-07,37975.103102415254,38496.670901729,37652.22779807817,38317.84765625,54977
2025-08-08,38317.847524257995,38894.05575770548,37970.135659246575,38074.44921875,32516
2025-08-11,38288.041078694136,38824.51077725394,38069.47934965125,38456.9296875,31256
2025-08-12,38745.03630050505,38754.97092519749,38288.043564652944,38357.5859375,20383
2025-08-13,38541.3752414883,38655.62342173759,38258.23844695745,38407.2578125,13806
2025-08-14,38625.82143319943,38695.363807178954,38178.76331475962,38332.75,23267
2025-08-18,38745.03384390492,39634.18269750223,38615.883731091904,39077.84375,28210
2025-08-19,39236.80026087399,39981.89711353017,39107.650139746926,39599.4140625,25516
2025-08-20,39659.01993865031,40016.66641104295,39569.60832055215,39673.921875,18625
2025-08-21,39813.00714950127,39842.81102260133,39102.681507283094,39216.9296875,21473
2025-08-22,39465.29512923156,39519.93556301653,38908.956167057375,39067.91015625,14967
2025-08-25,39067.911460498755,39276.53857827891,38695.36303589133,38829.48046875,33832
2025-08-26,38943.72587636042,39395.75126599674,38546.34091843837,39251.69921875,32640
2025-08-28,39440.45713830465,39698.75736137667,38814.57582855322,38968.5625,33810
2025-08-29,39197.05929660129,40086.20815151089,38804.641645551805,39698.7578125,46252
2025-09-01,39957.06088712149,40682.288496460096,39748.433766626826,40518.3671875,45616
2025-09-02,40632.61541472528,41303.20258844018,40409.08635682031,41044.90234375,38339
2025-09-03,41228.68964796229,41561.49955234945,40731.95844738443,40831.3046875,31045
2025-09-04,41387.64560896846,41387.64560896846,40274.967666528595,40473.66015625,27591
2025-09-05,40806.46817136702,40826.33741941151,40488.560202655215,40642.546875,16404
2025-09-08,40831.30769405151,41486.99292709467,40731.96144662072,41084.640625,16171
2025-09-09,41179.016847850646,41367.77470553681,40826.337692700174,41223.72265625,25999
2025-09-10,41427.38215042373,41670.780438837486,40687.252661165556,40736.92578125,29476
2025-09-11,40920.71724053776,40930.65186477678,40135.8819256549,40389.21484375,24790
2025-09-12,40513.39889682838,40622.679766829635,39529.8710668171,39624.25,24810
2025-09-15,39778.23513753327,39778.23513753327,39003.33445303587,39187.125,21503
2025-09-16,39346.07887112115,39788.169644953974,39336.14424699007,39659.01953125,34458
2025-09-17,39733.53048790069,39927.255664676304,39465.29562774984,39514.96875,29814
2025-09-18,39738.49818227404,39798.10592954745,39519.93644227153,39624.25,19976
2025-09-19,39723.596272520575,39867.64832852947,39142.42073620885,39529.87109375,31662
2025-09-22,39529.87032967684,39788.17056304492,39142.41997962472,39311.30859375,32201
2025-09-23,39311.30760900609,39793.1368784114,39043.07275799695,39132.484375,30113
2025-09-24,39261.63694852941,39336.14663403396,38412.226533777575,38506.60546875,22613
2025-09-25,38635.75441677482,38745.03528552888,38114.18663408501,38273.140625,34109
2025-09-26,38178.76324541285,38466.86736566186,37801.247501638274,37900.59375,28075
2025-09-29,37915.49317106615,38347.649322760466,37388.958089691456,38094.31640625,67770
2025-09-30,37751.57294534015,38218.500294927246,37657.1940129768,37895.625,16286
2025-10-01,37895.624542809725,38213.53252167194,37647.258934323625,38069.48046875,31571
2025-10-03,38069.47977608077,38451.96280619014,37761.506427161534,38377.453125,22284
2025-10-06,38446.997503221646,38645.68999677835,38134.05682586984,38546.34375,11383
2025-10-07,38546.342935904046,38869.21823111459,38437.06206675587,38516.5390625,15407
2025-10-08,38496.67013832301,38690.3953170836,38004.90622300766,38099.28515625,14990
2025-10-09,38198.62931398674,38302.94286607955,37855.88478568179,38213.53125,17549
2025-10-10,38228.43622168285,38635.75583838997,38064.51491252023,38372.48828125,11241
2025-10-13,38402.28970872665,38556.27638327981,38119.15292003211,38283.07421875,14360
2025-10-14,38283.07559996547,38387.389157458565,37095.88796944883,37761.5078125,32330
2025-10-15,37821.11647606989,38342.6842761733,37736.67216557696,38129.08984375,22583
2025-10-16,38228.43440827058,38412.22495831034,38019.807297414634,38258.23828125,16716
2025-10-17,38238.369173130886,38596.015650198366,38094.3171198676,38501.63671875,19212
2025-10-20,38332.747579947885,39256.66763306053,38332.747579947885,38958.62890625,19865
2025-10-21,39251.69991031569,39251.69991031569,38764.90332828444,38943.7265625,1943
2025-10-23,39231.83219083215,39261.63606436279,38571.17966090298,38665.55859375,11758
2025-10-24,38933.79480368019,38933.79480368019,38148.959440196966,38332.75,11903
2025-10-27,38521.50753659387,38834.44821677509,38183.73029449349,38750.00390625,9671
2025-10-28,38600.98364169126,39112.616805388876,38193.66403564073,38288.04296875,16377
2025-10-29,37667.12739098448,37845.95062533441,36559.41680042804,37135.625,49599
2025-10-30,37254.84239577735,37324.38476824947,36728.30728991703,36966.73828125,24286
2025-10-31,37165.42911170962,37304.513850432944,36768.04414392872,37001.5078125,19072
2025-11-03,36956.80123227549,37006.47435221134,36281.24680114788,36782.9453125,36510
2025-11-04,36782.94814543428,37677.06437314234,36564.38640088342,37602.5546875,29198
2025-11-06,37701.90056156301,37701.90056156301,36604.12453730669,36777.98046875,28881
2025-11-07,36743.20748544044,36857.455663372726,36370.6590791395,36569.3515625,13122
2025-11-10,36758.11175563304,37249.87568317462,36474.974948866686,37036.28125,17223
2025-11-11,37036.28060250818,37120.72491182184,36261.37988174755,36440.203125,36836
2025-11-12,36370.658163543485,37100.85302151138,35516.28050660146,37011.44140625,53670
2025-11-13,36907.13007389327,37403.861299652264,36703.47027133209,37140.59375,24679
2025-11-14,36991.57574668516,37041.24887109322,36415.36750355162,36713.40625,23119
2025-11-17,36758.10987566756,37339.285396674735,36673.665569196426,37205.16796875,24671
2025-11-18,37205.168697909634,37225.03794688048,36479.941110473745,36802.81640625,17257
2025-11-19,36822.68611739727,36941.90161271867,36360.72607302685,36628.9609375,18670
2025-11-20,36728.308157262145,36951.83721691548,36564.386846849695,36807.78515625,18123
2025-11-21,36897.19486515411,36897.19486515411,36181.90191138699,36261.37890625,12455
2025-11-24,36261.37857173688,36445.16912066212,35844.12435255525,35963.33984375,30421
2025-11-25,36162.03369618395,36162.03369618395,35446.74072197372,35536.15234375,14140
2025-11-26,35690.137604709125,36350.79011708579,35570.92211375394,36246.4765625,14212
2025-11-27,36460.070402842786,36460.070402842786,35814.31983712486,36082.5546875,12118
2025-11-28,35968.30862187587,36216.67423865446,35834.19118881543,35873.9296875,14473
2025-12-01,36042.81659814917,36246.47639425227,35923.60110774735,36097.45703125,16521
2025-12-02,36122.293307590015,36658.76301017799,36107.391371407015,36420.33203125,26398
2025-12-03,36609.09032322137,36609.09032322137,35923.60125068343,36340.85546875,22910
2025-12-04,36340.85744334374,37006.47730356901,36330.92281856426,36604.125,38002
2025-12-05,36743.20787026848,36792.88099162886,36355.75752365757,36678.6328125,9244
2025-12-08,36758.11009871567,36837.5870935237,36157.06532547992,36355.7578125,17000
2025-12-09,36420.33138764274,36643.8604264376,36047.78298965131,36539.546875,15770
2025-12-10,36609.08932864011,36708.43556833791,36077.586946256866,36162.03125,8636
2025-12-11,36350.79042566262,36728.30615022539,35978.24201326515,36638.89453125,7160
2025-12-12,36638.893955127336,36708.43632434802,36047.7838167515,36474.97265625,11065
2025-12-15,36628.95857657967,36628.95857657967,36102.423506181316,36162.03125,4956
2025-12-16,36162.033147598675,36171.967772089774,35714.97504549924,35993.14453125,11179
2025-12-17,36142.16480194579,36142.16480194579,35615.62969075747,35739.8125,9258
2025-12-18,35854.05764671403,35854.05764671403,35317.587956239506,35486.4765625,10780
2025-12-19,35511.31389229445,36057.718218515234,35382.16377882408,35705.0390625,40192
2025-12-22,35565.95508676715,35993.14393278139,35565.95508676715,35923.6015625,16457
2025-12-23,35928.56760809031,36261.37751127599,35605.692328880315,36067.65234375,11103
2025-12-24,35973.2769374223,36231.577186075425,35774.584438458354,35958.375,16626
2025-12-26,35809.355529759625,36102.42696494562,35521.25140703441,35620.59765625,14945
2025-12-29,35764.64750561325,35794.45137853459,35307.65478748597,35397.06640625,13152
2025-12-30,35397.067464593594,35516.28295984342,34761.25148992787,35292.75390625,88747
2025-12-31,35466.60948555425,36072.62158040545,35466.60948555425,35804.38671875,13573
2026-01-01,35804.38812603763,36032.88449865108,35521.25131649488,35903.734375,6055
2026-01-02,35933.53615907217,39341.11230022831,35913.66691043569,39162.2890625,185984
2026-01-05,38754.97178265413,39291.44152791517,38506.606159848096,38913.92578125,47881
2026-01-06,38456.93126363578,39117.583789864606,38442.02932695393,38705.296875,31988
2026-01-07,38446.995166208966,39008.30142638747,37855.8850338086,38889.0859375,39290
2026-01-08,38769.87160198687,38943.727528453186,38153.924891077666,38407.2578125,27794
2026-01-09,38248.3040017601,38640.72166619374,37418.76286302062,37746.60546875,33463
2026-01-12,37950.26661245353,37955.23392483736,36628.96151835502,37413.796875,30844
2026-01-13,37498.24131566581,37766.4761853235,37056.150511970714,37657.1953125,28392
2026-01-14,37652.22751677012,38004.90669271876,36688.568923333,37210.13671875,22519
2026-01-15,37210.13671875,37210.13671875,37210.13671875,37210.13671875,0
2026-01-16,37175.36300393647,37274.709243925616,36489.8739480114,36594.1875,34171
2026-01-19,36301.11637222679,36633.926278759245,36087.52195460148,36271.3125,19572
2026-01-20,36112.359160883694,36142.16303364371,35193.40641744993,35342.42578125,40077
2026-01-21,35277.85166924637,35421.90372478117,34383.73546247865,34900.3359375,34584
2026-01-22,35074.19068921083,35774.58169433457,35074.19068921083,35476.54296875,21264
2026-01-23,35630.530592035306,35630.530592035306,34910.27031936764,35034.453125,26686
2026-01-27,35163.60446701979,35605.69527046163,34701.64441398506,35079.16015625,18829
2026-01-28,35267.915745474646,36047.78374153655,34805.955722329694,35948.4375,15229
2026-01-29,35724.91034551576,36097.458770976504,35516.28322725774,35779.55078125,16931
2026-01-30,35665.30224515809,36509.74533452813,35322.557697119664,36291.18359375,24729
2026-02-02,35764.64665004781,36479.93958304876,35436.8040557557,36365.69140625,11666
2026-02-03,37746.60636613176,37746.60636613176,36991.5748925626,37493.2734375,28817
2026-02-04,37453.53567233043,38367.52115823345,36082.55744347589,36470.0078125,33811
2026-02-05,36470.00774250517,36504.778929402135,35834.191753532046,36037.8515625,16466
2026-02-06,36037.85072137709,36221.64127639997,35541.119491585545,36102.42578125,18833
2026-02-09,36390.52883696148,36440.201958497055,35292.752851025296,35397.06640625,31240
2026-02-10,35416.93546315003,35690.13763011683,34969.877371749826,35342.42578125,19847
2026-02-11,35347.394047374895,36405.43155891099,35208.30930407438,36330.921875,24918
2026-02-12,36330.91983597924,36509.74306732943,36072.619612917864,36256.41015625,9373
2026-02-13,36176.93355818392,36181.90087021992,35367.26169631601,35461.640625,13848
2026-02-16,35461.642742972384,35570.92361429125,35044.388507027616,35253.015625,9980
2026-02-17,35253.01380274597,35421.90241332697,34989.74626272264,35138.765625,12706
2026-02-18,35198.37308709203,35541.11761757599,34974.844045472055,35461.640625,10776
2026-02-19,35565.953921533626,35724.90790554049,34661.90313749464,34786.0859375,10448
2026-02-20,34825.827253123665,35431.83936621468,34502.95194696862,34984.78125,25449
2026-02-23,34935.105018879105,35397.06503121463,34910.26845907612,35108.9609375,9208
2026-02-24,35089.09271953722,35257.98133115447,34627.13269364297,35099.02734375,11570
2026-02-25,35198.374679552915,37210.136145149714,35198.374679552915,36330.921875,62472
2026-02-26,36350.78923367753,36584.25289779106,35963.33889748911,36499.80859375,16218
2026-02-27,36554.4522139885,36594.19071347375,35724.911037234044,36186.87109375,32321
2026-03-02,35620.594896363444,35938.5028692218,34771.184531382525,35138.765625,20579
2026-03-04,34671.839224880205,34671.839224880205,33082.29931772237,33171.7109375,50693
2026-03-05,33231.31955546569,33494.58710949255,32789.22875719418,33012.7578125,22632
2026-03-06,33087.2664394124,33390.27248246963,32704.783401454926,33117.0703125,17779
2026-03-09,32635.24215041535,32635.24215041535,31264.263941356807,31393.4140625,23866
2026-03-10,31731.19064764846,32059.033256093167,31443.086537197047,31870.275390625,17509
2026-03-11,31964.654843737684,32217.98777256917,31413.283175104447,31507.662109375,18909
2026-03-12,31413.28246660877,31413.28246660877,30613.545199511358,31100.341796875,27041
2026-03-13,30797.335959499753,31120.211255849346,29903.219754223956,29987.6640625,20427
2026-03-16,30062.173801422745,30380.08178610402,29620.083010225353,30156.552734375,16874
2026-03-17,30394.983128365147,30707.923794664708,30191.32332966226,30444.65625,11579
2026-03-18,30578.77368695573,31070.53759127812,30434.721634174428,30802.302734375,14836
2026-03-19,30320.473268728223,30399.95026287954,29749.23237326562,29937.990234375,12551
2026-03-20,30101.912597174236,30623.480389699533,30082.043347935178,30191.32421875,30424
2026-03-23,30022.43405965763,30101.91105253561,28810.409918268404,28944.52734375,25264
2026-03-24,29456.160768549493,30052.238220864154,29207.79516341838,29883.349609375,27727
2026-03-25,30141.651095652353,30504.26489426518,29982.697101739883,30191.32421875,17887
2026-03-27,30196.29134043137,30280.735649164275,29322.044379431874,29421.390625,31803
2026-03-30,29028.97278874587,29277.338401243695,28422.960694251175,28557.078125,39061
2026-04-01,29252.502321308348,30881.780766101885,28929.627019748652,30434.72265625,70699
2026-04-02,29838.644858543546,32113.673882218085,29704.527427016885,31924.916015625,85448
2026-04-06,31944.78539615866,33315.76359073801,31944.78539615866,33241.25390625,65114
2026-04-07,33141.9072544476,33579.030731424726,32342.169984068994,33226.3515625,57128
2026-04-08,34026.08993995235,36062.68802394949,34026.08993995235,35700.07421875,107352
2026-04-09,35943.47045187993,37324.38321937891,35590.79129183522,36529.61328125,262676
2026-04-10,36748.175893215914,37423.730356784086,36609.09115071659,37085.953125,83719
2026-04-13,36425.302030524545,37140.595020078006,36181.90372157927,36375.62890625,57408
2026-04-15,36857.45518557848,36991.57261010821,36176.93343889058,36837.5859375,92805
2026-04-16,37130.65931532118,37319.41718207465,36708.43777126736,37195.234375,31261
2026-04-17,37200.200847699474,37686.99744044544,36956.80255132649,37259.80859375,28289
2026-04-20,37453.5336936028,37945.29759753738,36981.63903831205,37542.9453125,36644
2026-04-21,37542.94462044784,38109.21819635827,37542.94462044784,37850.91796875,24080
2026-04-22,37860.85326584565,38143.99005883348,37518.10872696565,37637.32421875,26733
2026-04-23,37637.323518592835,37657.192766853936,36966.736389780635,37135.625,20767
2026-04-24,37249.87397845547,37443.59915316673,36057.71905715539,36450.13671875,30157
2026-04-27,36559.41907320349,37215.1043065816,36489.87669996642,36981.640625,30944
2026-04-28,36936.934784884106,37319.417837390305,36758.111539556536,37076.01953125,21761
2026-04-29,36922.02978616385,37225.03581562113,35953.4039542922,36107.390625,34734
2026-04-30,36261.37820791082,36261.37820791082,35441.77171417037,35759.6796875,32877
2026-05-04,35913.667641867156,36251.4448755666,35243.080486728555,35615.62890625,21982
2026-05-05,35863.99244450446,36047.782987502615,35575.88835007492,35635.49609375,14802
2026-05-06,35764.64643880475,36509.743239613184,35560.98664658378,36405.4296875,40352
2026-05-07,36638.89347209394,38129.08707860536,36405.42980707382,37647.2578125,54499
2026-05-08,37503.207333857645,38600.9833366103,37403.86108926465,37895.625,30045
2026-05-11,37771.44179828822,37771.44179828822,36976.67184987606,37071.05078125,19312
2026-05-12,37071.04973808546,37379.023084428925,36107.39120275267,36271.3125,17005
2026-05-13,36271.31502671933,36638.89614312268,35998.11284560874,36077.58984375,19079
2026-05-14,36306.083785864124,36936.93241642983,35829.22182890107,36703.46875,20799
2026-05-15,37145.5615746721,37731.70442915342,36539.549470886326,37493.2734375,25058
2026-05-18,37488.30588234676,37493.27319464069,36688.56860302281,36912.09765625,21448
2026-05-19,36961.771404419436,37403.862206058104,36678.63459887557,36887.26171875,20017
2026-05-20,36753.14396328995,37135.62701304982,36132.22992147197,36589.22265625,38556
2026-05-21,36946.8681305027,37354.187730758305,34602.29677293383,34979.8125,115544
2026-05-22,35193.40669895068,36619.02529070775,34597.329238982566,35829.22265625,93254
2026-05-25,36162.03271309557,36519.67919047783,35963.34022566098,36072.62109375,21720
2026-05-26,36191.83671471676,36355.75801743233,35501.380318429954,35600.7265625,21187
2026-05-27,35764.6467843763,35898.76420981771,35615.627422774734,35799.41796875,14903
2026-05-28,35799.41796875,35799.41796875,35799.41796875,35799.41796875,0
2026-05-29,36127.26226109215,37701.900255972694,36052.75257679181,36385.5625,168254
2026-06-01,36912.09716298018,37105.82233985492,36276.28119785281,36465.0390625,45064
2026-06-02,36311.052042752555,37254.841357133264,35521.249405981325,36976.671875,53220
2026-06-03,36976.67092326536,38099.283447265625,36494.8416541148,37513.140625,41647
2026-06-04,37508.17349873311,37850.918032094596,36633.92657305743,36758.109375,30639
2026-06-05,37076.01996760875,37230.00665289759,36360.72697787997,36996.54296875,26904
2026-06-08,36653.796953423756,36956.80299952199,36097.45798353848,36370.66015625,32707
2026-06-09,36614.0587321523,37741.63861713379,36504.7778622422,37572.75,46439
2026-06-10,37552.87993682191,37999.93803130789,37254.841207164594,37542.9453125,48524
2026-06-11,37552.88165097165,38099.28601361806,37225.0390333838,37319.41796875,34810
2026-06-12,38069.48229486687,39192.09489907354,38059.54767005088,38804.64453125,78501
2026-06-15,39142.42073521884,39514.96915592207,38705.297254927056,38814.578125,45458
2026-06-16,39043.07511765271,39639.15260036496,38705.2978774491,38789.7421875,22828
2026-06-17,38993.40049866174,39211.96223394086,38615.88477408871,38973.53125,26887
2026-06-18,39172.22474377888,40235.22957451292,38988.43418893234,39773.26953125,53616
2026-06-19,39738.497481029975,40120.980519284894,39579.543491105855,39932.22265625,41782
2026-06-22,40185.55451787376,40523.33173755428,39827.90804997674,40036.53515625,27709
2026-06-23,39962.02509029376,40185.55413057508,39808.03841809996,39927.25390625,35585
2026-06-24,40036.53821960548,40215.361467236464,39872.616909277065,40101.11328125,29152
2026-06-25,40200.45765476246,41114.443100020864,39917.32085922045,40175.62109375,64902
2026-06-26,40175.62109375,40175.62109375,40175.62109375,40175.62109375,0
2026-06-29,40364.37952864485,40761.76451046759,39246.734267268395,39624.25,175135
2026-06-30,39937.191083176695,40453.79156484963,39490.13297403666,39639.15234375,32837
2026-07-01,39688.82601791406,40582.94224860549,39644.12020637949,40518.3671875,44664
2026-07-02,40483.59497320245,41402.54774253282,40245.163984403225,41243.59375,43251
2026-07-03,41129.34546186896,42286.72921701575,41119.41083736126,41621.109375,44049
2026-07-06,41621.10910654673,41983.72289873887,41238.62606546736,41849.60546875,44661
2026-07-07,41904.24595542208,42242.02318692619,41387.64548370991,41660.84765625,33064
2026-07-08,41725.4230127974,41780.063447695116,41039.9339204443,41337.97265625,64656
2026-07-09,41337.97370115453,42043.33206039076,41337.97370115453,41948.953125,25168
2026-07-10,42048.29866768056,42207.25266146269,41447.25387869186,41541.6328125,12016
2026-07-13,41427.38528113383,41775.097148001856,41039.93491519517,41422.41796875,18121
2026-07-14,41328.03786782441,41586.33810449831,41129.34537807525,41188.953125,11517
2026-07-15,41198.887342223126,41765.16093241042,41094.573786135996,41174.05078125,17566
2026-07-16,41228.69255123449,41278.3656747902,40717.05937861074,40841.2421875,21013
2026-07-17,40841.23916136336,41278.362616264836,40493.527322237176,40587.90625,13320
2026-07-20,40533.26866149902,40851.17665100098,40135.88367462158,40692.22265625,26595
2026-07-21,40731.95870672254,41054.83398915387,40453.789232627845,40602.80859375,8634
2026-07-22,40563.07316887482,41362.81046745293,40448.82498336366,41288.30078125,15755
2026-07-23,41268.43172755386,42703.98502188018,40856.14479527329,41963.85546875,39162
2026-07-24,41924.11421536343,41924.11421536343,41228.69051984792,41482.0234375,20543
2026-07-27,41631.042094223485,41889.34231960227,40861.108730113636,40980.32421875,22295
2026-07-28,41432.35125943703,41432.35125943703,40657.45055251074,41039.93359375,25733
2026-07-29,41084.63926425712,41357.84143564319,39445.42623594074,40796.53515625,46738
2026-07-30,40796.534010698706,41328.03640192539,40637.580024537456,41278.36328125,27710
2026-07-31,41318.10480558598,41442.28761637459,40652.48493975904,40816.40625,19054
2026-08-03,41054.83656174334,41328.0387409201,40836.27481840194,41030.0,14910
2026-08-04,41160.0,41555.0,41000.0,41200.0,14478
