date,open,high,low,close,volume
2021-08-06,896.797802318932,908.0546784986676,893.4207623671846,898.6082763671875,2015510
2021-08-09,899.2382391186704,909.4158168733584,893.4345941735646,902.9254760742188,1501605
2021-08-10,907.5159232809767,923.1021024744591,895.4759223617251,905.1361694335938,2392260
2021-08-11,908.6446312241259,915.04087594511,877.4440857902651,882.4575805664062,2174405
2021-08-12,889.8321886381879,913.7146963593029,887.9603520994749,911.8616333007812,1881125
2021-08-13,912.4072153528326,918.3895829036614,901.1102879645706,905.1549682617188,1677905
2021-08-16,910.5257940967352,912.407045737431,894.1777127461899,900.1694946289062,1270485
2021-08-17,902.229436761529,930.8432571673959,900.5457372684644,916.01904296875,2769455
2021-08-18,923.4782290338758,950.9727033618493,916.6022565908843,936.0825805664062,3793265
2021-08-20,930.8433127540413,945.3289737238604,904.1013268842173,923.0737915039062,2222885
2021-08-23,928.7552899099369,953.4184756858137,922.1238881961689,938.3402709960938,2331820
2021-08-24,943.0243678196377,950.0132105020937,905.9260846198254,929.84619140625,1570470
2021-08-25,934.9821255142401,987.6195130605556,933.4771470694607,940.437744140625,7104395
2021-08-26,940.6258598663521,964.141506363011,924.6352202486241,934.7469482421875,2551440
2021-08-27,939.7041152622933,964.8093656929409,930.7023184115371,955.111572265625,2406600
2021-08-30,964.3109257255707,969.663032065256,955.976936489025,963.4737548828125,1264855
2021-08-31,968.1957628882586,1003.9488500238666,963.4832176385464,979.8970947265625,3253910
2021-09-01,978.4577415704878,986.9610355409197,967.5747515924778,972.1461791992188,996990
2021-09-02,975.2409488273673,978.2320747960771,947.4454084147212,970.3402099609375,1906175
2021-09-03,975.4289545326657,999.4995366027082,965.2326030116654,986.3872680664062,3104845
2021-09-06,991.0433484507992,997.4396500039632,986.1521400789597,993.4889526367188,1562865
2021-09-07,996.4992890649555,999.4528687258132,970.726111587376,974.4039916992188,1136640
2021-09-08,978.2415477769804,980.9599704823264,956.0615723626229,966.229736328125,1530295
2021-09-09,969.8699011136979,975.1656293818116,956.240241373414,962.2508544921875,1121805
2021-09-13,963.2009924335664,983.1422170510401,959.4384885568728,974.083984375,1939460
2021-09-14,979.1914765043662,1004.5225803041307,972.6070957785923,996.2261962890625,1981835
2021-09-15,1000.6378275017288,1017.3526524444694,990.5448156567059,1010.1004638671875,2226230
2021-09-16,1020.6922022868534,1038.2443176909717,1012.1325276302603,1028.18896484375,3290835
2021-09-17,1031.8664104954423,1039.391416223759,1016.8163990388086,1024.284912109375,1501845
2021-09-20,1024.1535065384428,1043.0883101413244,1001.9546438590074,1006.5919799804688,1565750
2021-09-21,1010.60874922049,1045.5530333357865,999.8761727974901,1040.61474609375,1978205
2021-09-22,1047.857573322377,1062.7195130202354,1034.7546000029934,1046.0421142578125,1742350
2021-09-23,1057.3575765235291,1067.54462875066,1045.6468297173403,1063.4246826171875,1101165
2021-09-24,1074.2794530626393,1097.324788708444,1049.7856315412575,1062.71923828125,2340985
2021-09-27,1070.4321398541495,1071.3915965233314,997.3173161951114,1018.716552734375,3112105
2021-09-28,1027.1633595226926,1027.2385682495672,968.8445607219536,981.0350341796875,2611770
2021-09-29,973.5479441024855,997.0447640339559,940.8141696381026,989.6702880859375,2904110
2021-09-30,997.0633848921424,1001.1644997531887,979.0128302370505,986.0204467773438,1779880
2021-10-01,979.9442876358506,1001.766766574955,973.5573998644345,993.2070922851562,1321155
2021-10-04,996.7997953086411,1009.8556840420491,987.8450206677632,1004.2025146484375,945250
2021-10-05,1000.8261296334852,1018.011386152084,986.3498807654416,1012.5651245117188,1284895
2021-10-06,1020.7012973978356,1027.1539767237807,992.6142242808115,997.4019775390625,1533735
2021-10-07,1006.0841248926073,1034.5005142540554,1003.2810778017531,1025.0848388671875,1164840
2021-10-08,1029.0070709557913,1077.9572794462713,1022.460351446856,1062.1265869140625,2844105
2021-10-11,1053.500859344649,1053.500859344649,970.6035058820675,1008.7365112304688,2501120
2021-10-12,1011.8312035587054,1018.5003236566405,981.0727835043919,993.1880493164062,1896525
2021-10-13,999.885312445829,1006.4696936190377,994.2415571545073,1004.1746215820312,902630
2021-10-14,1019.6384234520691,1089.244736492155,1019.6384234520691,1054.272216796875,4070165
2021-10-18,1065.3153896693796,1070.7991976661638,1036.8707550744475,1054.4134521484375,1563700
2021-10-19,1062.9075450797318,1126.8701230137333,1061.0357082348185,1102.67724609375,4652055
2021-10-20,1103.297430728285,1134.3945708448373,1068.5507732004437,1094.9635009765625,2753345
2021-10-21,1098.651332961417,1100.4008838054092,1016.6099484803862,1024.9908447265625,2833255
2021-10-22,1036.4942640484262,1046.916354979338,1003.7227835258631,1015.4053955078125,2088835
2021-10-25,998.9447085987536,1005.5290899172011,889.1924851686094,953.6629638671875,5763730
2021-10-26,962.8245861738195,979.7464358375693,933.4864639486631,957.1902465820312,2449410
2021-10-27,961.9685821163295,967.7910579962551,937.4558765637671,948.6869506835938,2132460
2021-10-28,952.6657342416535,964.7528093998424,931.2383098226003,946.8809204101562,2224895
2021-10-29,936.1109330147726,946.8340341241626,909.4159646426393,916.2543334960938,2252140
2021-11-01,927.4571782018139,959.429044763559,919.9321706707647,955.1962280273438,2396685
2021-11-02,963.3890936858743,968.9764717779884,944.2850395236528,948.8094482421875,1375160
2021-11-03,953.392732842405,960.5976431215896,944.7543002340992,955.2976684570312,971555
2021-11-04,959.0887633048204,963.4740004381739,955.3731172193276,958.4097900390625,108085
2021-11-08,961.9180007956484,997.3769158403447,947.7721478427712,990.5208740234375,2033905
2021-11-09,993.9818682397295,1021.1325103782859,982.8726314954918,1015.096923828125,1887080
2021-11-10,1013.7859815492943,1013.7859815492943,997.357891921638,1009.8533935546875,1175190
2021-11-11,1006.2605513942078,1019.4161485725062,991.6526098101497,1014.012451171875,1032505
2021-11-12,1024.348348230857,1031.7042380231458,1012.8147808811772,1021.8964233398438,1222580
2021-11-15,1020.4534251865547,1040.8423086829612,1017.7751760967527,1036.645751953125,1249510
2021-11-16,1056.2234824948277,1107.9030346502998,1050.9423881061982,1079.1868896484375,8258485
2021-11-17,1085.4678731886322,1119.8894481838424,1071.6898264363656,1101.3677978515625,3446585
2021-11-18,1103.3767388599972,1104.8102039825562,1038.871614179713,1050.961669921875,2993690
2021-11-22,1057.7512506600858,1057.7512506600858,1003.2332027254487,1023.8295288085938,1304240
2021-11-23,1011.8997359532392,1038.2393575518015,988.7570900561042,1029.0445556640625,1465375
2021-11-24,1034.1937623763038,1036.9286499599234,1003.7896221351212,1014.2952880859375,1605925
2021-11-25,1018.1241963566413,1043.963978190259,1009.2594385586374,1037.8907470703125,1041030
2021-11-26,1035.2875228480325,1043.0205404820429,981.1560540523383,993.5383911132812,2199500
2021-11-29,980.7788375027475,1010.7962868268628,949.2996044404389,998.2725830078125,1246875
2021-11-30,1008.6933031237721,1031.7039068862102,997.0182579639294,1024.461181640625,1866165
2021-12-01,1018.3788581158279,1028.7430443199019,1001.168069553639,1014.4651489257812,1737125
2021-12-02,1022.0473205905905,1025.6686267307373,1001.9225192585484,1021.1702270507812,2277090
2021-12-03,1025.4609478931777,1033.4863692193483,1005.6756377332919,1009.0989379882812,1046860
2021-12-06,1005.2985498754944,1012.8430042835656,962.1253818966894,966.680419921875,1249415
2021-12-07,980.53378677659,997.7540117272815,943.2453447157291,982.3821411132812,2446190
2021-12-08,999.6401093518718,1007.6560913608256,985.1170130412163,990.671630859375,1223510
2021-12-09,998.4992553160413,999.734599997147,983.1368215256953,994.0291748046875,645250
2021-12-10,988.3235240655031,1006.9488958215085,984.5512968744133,1002.5353393554688,865795
2021-12-13,1009.0707124878631,1053.771625018181,1004.647831631479,1032.920654296875,2007730
2021-12-14,1006.9582797112612,1036.6551274153542,1006.9582797112612,1025.9420166015625,1169075
2021-12-15,1026.6114379781307,1032.4584582330283,999.6400410270926,1002.0543212890625,1091080
2021-12-16,1013.7859142224281,1028.8748208527154,1002.6295953255793,1010.0796508789062,1484725
2021-12-17,1023.5937802678059,1037.0794222047348,1008.3161924314339,1017.1715087890625,1803535
2021-12-20,1008.1277016885653,1008.1277016885653,954.37346502229,977.3746337890625,1610350
2021-12-21,989.2667345111516,1024.1598414481512,983.1179848156048,1017.9168090820312,1650015
2021-12-22,1023.971061115378,1042.0777045954985,1018.5012859394917,1032.4962158203125,1717310
2021-12-23,1037.3625897836623,1050.5653863809089,1025.1500489789094,1028.9693603515625,1022140
2021-12-24,1031.326825017793,1069.1905760490201,1030.0726009999487,1064.82421875,2589040
2021-12-27,1066.9744198832161,1070.3034378078485,1046.6798203960698,1059.6468505859375,1473275
2021-12-28,1066.974329918107,1081.2993053500481,1060.7312994233178,1066.7291259765625,1356135
2021-12-29,1062.8248837311064,1074.1415639482966,1057.1665436225114,1065.4842529296875,803805
2021-12-30,1063.786794221716,1114.6929744142135,1061.6932360608203,1105.385009765625,2721840
2021-12-31,1110.920853086118,1117.2298474953943,1097.8312207726601,1110.98681640625,1382600
2022-01-03,1116.5790630659315,1132.6110259646823,1114.6929497837255,1126.603759765625,1565055
2022-01-04,1136.3834179388823,1157.1306670630777,1129.8103398222424,1151.5477294921875,3346085
2022-01-05,1151.9813958416996,1151.9813958416996,1111.0998001420226,1120.2569580078125,3480935
2022-01-06,1103.376216710388,1128.7255826016312,1085.769308629879,1118.6820068359375,1719990
2022-01-07,1126.952866824346,1126.952866824346,1077.1123383739953,1085.6846923828125,1259050
2022-01-10,1096.4919082224549,1096.4919082224549,1048.6789826682707,1052.554931640625,1901720
2022-01-11,1059.3731016777795,1110.5244792107617,1059.0430549125374,1087.749755859375,3841550
2022-01-12,1093.9456935965363,1101.2543824977201,1081.1201464195929,1091.7484130859375,1230480
2022-01-13,1097.7182420586828,1106.1679951250292,1072.3783075190227,1080.111328125,1046130
2022-01-14,1065.6539969442454,1076.9706765578126,1060.9387137719257,1072.9249267578125,916430
2022-01-17,1077.1025861902563,1078.8566575009095,1058.7318636232121,1061.50439453125,853150
2022-01-18,1070.3692919010587,1070.3692919010587,1015.049556880967,1020.425048828125,1393010
2022-01-19,1022.273411085607,1029.6575032301419,996.0941492084158,1020.0572509765625,1693990
2022-01-20,1018.1239984180155,1026.0456977850542,985.0227310078026,1001.6865844726562,1461985
2022-01-21,990.2095131447388,1015.6720434827464,972.2442373585662,980.8449096679688,1248565
2022-01-24,980.7789760610676,980.7789760610676,905.5230622944584,910.040283203125,1940435
2022-01-25,883.6442309036257,920.0933996312358,877.3069167695191,901.87353515625,1319185
2022-01-27,900.6192936866931,900.6192936866931,824.4203115547592,830.0408935546875,2717755
2022-01-28,867.895000957988,910.0496436308409,860.0676424780589,888.9723510742188,6720665
2022-01-31,906.6548360043839,926.0817831775395,898.3747696218982,907.8807983398438,2333095
2022-02-01,928.911017266838,933.3622180661371,889.3120684915712,903.6182250976562,2125050
2022-02-02,907.0318590704629,917.1980372136085,897.110942421304,909.6347045898438,2065345
2022-02-03,910.8042610533248,913.2562433098151,878.9383919736078,882.4182739257812,1737845
2022-02-04,881.7580876682753,893.8292029180137,865.348876702794,885.5491943359375,2057605
2022-02-07,887.0432095385075,900.0935138705621,872.4797904732395,881.1516723632812,1635785
2022-02-08,884.5844764025516,892.1498769012883,859.6186316689506,866.503173828125,1383345
2022-02-09,874.7495134535382,903.1197679439232,871.9219539911054,901.00146484375,1611105
2022-02-10,905.9568593945885,911.4701620803208,891.4880400942822,894.5236206054688,941430
2022-02-11,878.5322018705253,881.2084786684496,855.8359985929229,858.9756469726562,1775005
2022-02-14,826.5200999797986,853.604250747132,813.2806475773762,823.7303466796875,1288900
2022-02-15,830.3027081674292,856.4033169081567,819.23829834842,851.9397583007812,1755420
2022-02-16,864.7253970048771,868.2338149389295,837.8871311102366,843.901611328125,1318130
2022-02-17,846.0009027869031,849.7836031038031,825.3851976036837,830.0379028320312,1118710
2022-02-18,819.9194423936934,835.967525024895,814.2359244300874,817.1486206054688,1086800
2022-02-21,813.2806710506106,852.9990294042451,801.932568663858,834.634033203125,2397775
2022-02-22,795.3316952564529,841.3954926793607,795.3316952564529,835.617431640625,1416055
2022-02-23,842.5965883237842,849.9917751835527,830.3028109408334,839.1259765625,733475
2022-02-24,813.7062708589136,816.9499300020224,792.2016251613443,799.294189453125,1792400
2022-02-25,818.0088719186357,854.322814869613,805.7150969649452,851.4668579101562,1664145
2022-02-28,826.5200752580789,862.6826835033694,826.5200752580789,857.8218994140625,1471030
2022-03-02,851.1074828508661,860.5264264400736,847.3247829270844,849.6795043945312,1149115
2022-03-03,860.5643142765242,887.7335405856096,849.793061369346,884.8492431640625,3152420
2022-03-04,878.7214518502747,894.0508106775565,861.4628785769303,881.8327026367188,1631635
2022-03-07,853.6325881633907,898.0131168934608,847.5424377696522,893.1712646484375,2467275
2022-03-08,896.7837010411935,915.9430881282199,883.7523279556207,910.2785034179688,2302850
2022-03-09,918.666665904998,921.8157803018163,856.025153485024,861.7180786132812,4306000
2022-03-10,822.6900900714887,822.737362284056,799.5493896492351,805.7152099609375,18311435
2022-03-11,805.488065197231,818.8599221879864,801.0244496377451,812.9588623046875,3857190
2022-03-14,811.3891968524039,831.2011007902956,797.6012383948017,827.5034790039062,3609870
2022-03-15,829.7354157817987,834.0854984683507,772.4463979228377,785.2130126953125,4969165
2022-03-16,794.5561480394468,824.6096695819164,794.5561480394468,822.8223876953125,4301735
2022-03-17,836.9225316170902,838.8138819710271,825.5744294934686,834.2841186523438,4807090
2022-03-21,840.5161206837593,848.2706690011235,831.0499025337095,838.6058959960938,1428255
2022-03-22,836.9224832136886,847.3249095587175,829.9244642210795,843.107177734375,1089810
2022-03-23,848.4408784023123,850.5403073836594,833.4802896463594,838.8990478515625,827815
2022-03-24,837.8587979857339,850.9185707621377,832.4022333720316,847.1264038085938,1579895
2022-03-25,849.2163774670627,855.8361042401913,832.5725160966857,836.5537719726562,1536150
2022-03-28,837.8681417503166,839.7972981825761,816.1176143685362,820.4015502929688,1154430
2022-03-29,823.6829083913282,836.3549762235782,821.3471188937491,833.6976318359375,990615
2022-03-30,837.1115872549722,857.1599103725978,831.938714584816,855.2590942382812,1637480
2022-03-31,863.5715647970634,863.5715647970634,839.7594731491868,843.0693359375,1230430
2022-04-01,849.2163336462385,850.7293908856742,822.9360404920175,835.0028076171875,1650485
2022-04-04,843.5422006166152,859.6186775341965,835.0027266427156,853.3015747070312,1596040
2022-04-05,858.6540432856932,870.9667513350436,853.3015477131244,862.0017700195312,1795365
2022-04-06,859.8078311535314,861.3208882586498,841.6508572949678,844.3460083007812,1222695
2022-04-07,843.9205225994311,849.953934642898,828.4398250912506,830.1420288085938,1790400
2022-04-08,837.8492343793065,838.5396164743843,824.969143708242,827.1158447265625,931325
2022-04-11,828.2222685592524,830.7945349308352,812.3349378951767,815.6069946289062,1277825
2022-04-12,788.6930858488756,812.1458183446202,776.427706691541,784.3618774414062,2028475
2022-04-13,793.2701021635733,801.7433138615373,784.9103091371794,786.9529418945312,1152325
2022-04-18,770.1579256398809,779.2079867419445,755.5945041001146,770.110595703125,2060760
2022-04-19,779.2362244468428,788.1917392724804,752.1993499520743,761.7034301757812,1646955
2022-04-20,769.7795773587277,769.7795773587277,744.2747460943189,753.0789794921875,1795945
2022-04-21,762.2142698544136,776.7587601672054,754.8380142706778,774.1392211914062,1459790
2022-04-22,771.6710225304984,784.9199423362608,756.918511364014,780.9859008789062,1394285
2022-04-25,777.3354929750506,777.3354929750506,755.2161377718897,756.8143310546875,1078155
2022-04-26,763.1598143997435,767.8881899536452,756.9183817563644,764.64453125,554235
2022-04-27,756.9277718888601,765.9968213805179,749.1921565943361,762.7720947265625,782125
2022-04-28,772.616569390016,783.0284616471369,760.6537560907591,775.6710815429688,936520
2022-04-29,785.8560249185964,803.8238522031371,778.3000899429954,794.4049072265625,1644240
2022-05-02,789.6386841208439,789.6386841208439,768.0205658549402,778.583740234375,650650
2022-05-04,781.0709020451354,791.5300664446956,762.157399860077,767.5950317382812,692650
2022-05-05,777.2976098538155,797.5634190133558,767.5949747185192,788.99560546875,1261345
2022-05-06,765.9969845001432,767.2547487966295,679.1367322467606,738.6480712890625,9471025
2022-05-09,730.7515353254631,743.0926421263663,712.4716763556223,729.5978393554688,2411595
2022-05-10,728.169863487502,738.4115414951369,687.4018217363391,690.21044921875,1709820
2022-05-11,697.9082142190297,712.6039842922905,679.9403875656943,703.8848876953125,1718220
2022-05-12,695.108910194608,706.4002716618317,671.8547949708994,691.0803833007812,2573040
2022-05-13,710.2018662008977,718.5237939680236,692.0732941132383,707.9795532226562,2299395
2022-05-16,709.3791784206933,733.4654924918183,708.1308805189051,717.8997192382812,1659875
2022-05-17,722.4957368399939,749.787904878958,720.7462610885568,745.3148803710938,1171455
2022-05-18,746.6766985809459,770.1010893706339,741.4565535381217,747.1495361328125,1431600
2022-05-19,724.3869851626517,725.2759218918629,685.4251671061037,693.1419067382812,2393815
2022-05-20,710.958584461393,718.7131324341744,694.5416772889813,716.2449340820312,1152750
2022-05-23,724.6049385922706,738.4593898462203,715.2010416417318,731.2854614257812,989935
2022-05-24,735.2234950681091,735.2234950681091,701.8590491215576,704.8766479492188,917500
2022-05-25,704.8766143913299,707.3533145491992,652.220354274248,655.5131225585938,1965075
2022-05-26,662.355032840278,671.0282917265623,636.3542533695032,660.0491333007812,2096885
2022-05-27,667.0997241452573,702.0204378084695,667.0997241452573,696.7918090820312,2415750
2022-05-30,716.4441935692713,743.0143093572708,712.1834949830452,739.8448486328125,2353215
2022-05-31,742.6252641706632,749.6568299651648,727.0911826497546,742.3500366210938,2278985
2022-06-01,742.3501523655177,750.1693497340821,714.9260279216265,719.9458618164062,1627080
2022-06-02,719.9458409348024,737.3207984898204,714.1763131928263,728.8088989257812,1255295
2022-06-03,747.569176238601,761.0440322841409,709.3082024783148,713.6163940429688,3123375
2022-06-06,711.519139172099,711.519139172099,678.4108673843276,684.531494140625,2978330
2022-06-07,682.2826169157129,690.8135126920079,670.4304566620813,673.8086547851562,1440245
2022-06-08,680.1949886976664,681.3147224008403,656.0351977698691,663.96826171875,2041880
2022-06-09,659.4701685189631,675.6304593045388,651.9166447683137,673.780029296875,1524445
2022-06-10,663.8732566925172,667.0996508597086,643.6040692524093,661.064453125,1726700
2022-06-13,647.172136192724,647.172136192724,626.4949123986645,628.4781494140625,1822030
2022-06-14,619.2734852764154,636.7338709251229,611.131684037863,613.7317504882812,2032605
2022-06-15,626.2765675794662,626.2765675794662,610.752042935022,622.015869140625,1519350
2022-06-16,634.8359434931065,643.376337351758,618.9413215895047,625.5269165039062,2376050
2022-06-17,626.2955421173422,658.540254676149,621.5603775127995,640.6813354492188,6981435
2022-06-20,646.0239088746816,654.3840041223683,633.5929129620915,639.5237426757812,2165955
2022-06-21,645.2743037271141,687.9762797090555,644.6669728349881,682.1403198242188,2943285
2022-06-22,677.5380110488959,677.5380110488959,657.2308262058963,664.831787109375,1915020
2022-06-23,664.8317220133451,703.8993227952445,663.3134528675745,698.1962280273438,1571635
2022-06-24,708.9097093696028,709.5834724835785,679.3409898851658,692.2179565429688,1863505
2022-06-27,705.8161619364498,726.5028841289991,703.3204641914567,719.499755859375,2246030
2022-06-28,711.9557168395645,717.7441828290536,704.1080253013541,708.890625,1547735
2022-06-29,690.3675450480317,703.3489375957436,690.3675450480317,695.0457763671875,1994865
2022-06-30,697.4654708077842,701.9349642672042,669.9464250208104,671.71142578125,1367215
2022-07-01,671.4646907756213,671.4646907756213,649.0509071906927,661.98486328125,2681085
2022-07-04,666.15078957821,670.8669575384199,646.6027981225632,665.3631591796875,997635
2022-07-05,671.4457467006945,680.2708083151244,662.3549561569604,672.3282470703125,1671945
2022-07-06,673.9129915942153,687.7863824924783,668.9975273505394,684.7877807617188,1255740
2022-07-07,688.3558487107051,706.005974916309,677.7467294636525,685.0250854492188,2292405
2022-07-08,698.4144790722771,698.4144790722771,679.0562284959059,684.49365234375,1902540
2022-07-11,671.844386620514,675.621120429538,653.814664380698,664.7938232421875,1794550
2022-07-12,660.4571110153864,674.5013023671208,655.5226497517361,667.7069702148438,1022425
2022-07-13,670.5159786634163,679.4739077524114,663.3041116327144,665.2589111328125,1592075
2022-07-14,667.8587281781487,671.6449598484976,635.5950209432791,648.5479736328125,2490795
2022-07-15,653.2453715138197,659.4988063160882,632.3213566564895,641.2223510742188,2274990
2022-07-18,649.0700596820299,661.2163883965203,646.2991920186298,653.178955078125,1928330
2022-07-19,651.9167056902724,651.9167056902724,638.4513495835206,647.4757080078125,2425015
2022-07-20,652.8655820594372,674.6910302968894,651.9166495273741,671.0661010742188,2407070
2022-07-21,673.7423159256787,707.9038981416285,668.1625861969457,687.1697387695312,3903380
2022-07-22,690.6331580016139,720.9990022263025,675.7728984681875,707.22998046875,6784000
2022-07-25,700.312262903914,727.8313084651788,699.3728288913287,719.196044921875,3109580
2022-07-26,715.106286225296,718.6552855906177,700.0087331121948,702.6752319335938,2521590
2022-07-27,705.6074386494687,720.9991002322981,697.949544317921,718.8070678710938,1893570
2022-07-28,724.5006633647457,733.3542222289833,718.7216952929697,729.9285888671875,3251015
2022-07-29,743.9632359762145,752.4941316728474,738.5448094146423,750.472900390625,2288000
2022-08-01,751.554685468269,758.7665506968748,740.1579946704469,748.527587890625,1282525
2022-08-02,743.9442534142562,743.9442534142562,721.7582018431868,724.97509765625,1735430
2022-08-03,729.174180646451,742.485600692817,727.3364934559977,736.8486938476562,1710915
2022-08-04,741.7428566757235,751.835868449544,727.4602599489765,742.9044799804688,1474645
2022-08-05,743.0758896718037,757.7012541302784,741.7332930934327,749.2650146484375,1176665
2022-08-08,750.1315349806627,754.5686363359497,736.9820259635006,740.0289916992188,752610
2022-08-10,740.0289213043033,743.8376135826414,725.555879023412,727.9649047851562,910245
2022-08-11,734.8870989386335,755.8349046296939,732.4114724215553,734.5252685546875,1827410
2022-08-12,736.9344142922099,736.9344142922099,720.7950679248465,722.2233276367188,830770
2022-08-16,726.6414325901444,735.0776727623401,723.0803143030482,728.7171630859375,734365
2022-08-17,732.0307408681624,752.2168242302064,726.0891894285054,741.685791015625,1873720
2022-08-18,741.5525724816434,746.5038853854709,724.280134451021,742.8094482421875,1163975
2022-08-19,746.6942824197598,772.8980510267377,740.9812428574296,747.2084350585938,4856375
2022-08-22,735.0776105407577,735.0776105407577,714.1298029864874,716.58642578125,1989105
2022-08-23,696.9906990278386,711.2732953193927,688.0497798014778,704.6176147460938,1792810
2022-08-24,708.0358555002547,711.2542050529312,699.6567442980565,704.2366943359375,928190
2022-08-25,708.7881383494265,714.1012223326144,698.1428502081426,701.5992431640625,1057555
2022-08-26,707.0836680317203,713.1775986632387,695.3243543709345,697.3429565429688,875930
2022-08-29,653.3811987479454,678.7089801904242,653.3811987479454,668.730224609375,1673060
2022-08-30,677.9472569237448,682.5081452163892,673.6338848231821,678.013916015625,1310340
2022-09-01,676.0428413290791,676.0428413290791,658.7514049303627,666.7020263671875,935480
2022-09-02,672.0438533193507,675.3098005204795,659.0943206530176,660.3511962890625,830030
2022-09-05,660.9032463402857,671.2819551341609,659.3988548659358,661.788818359375,675495
2022-09-06,668.0447405752312,671.7201735523637,654.7143148433283,660.1512451171875,920815
2022-09-07,656.8090641311032,670.8822119741043,654.0763316864246,667.33056640625,1146440
2022-09-08,674.1384548119684,680.6036882802746,664.1311077166899,667.2637939453125,1258255
2022-09-09,672.2343438915536,684.612596682758,664.87406294438,679.4613647460938,1584990
2022-09-12,683.4699121973553,696.5813557749968,682.1559085304176,688.9830322265625,1409885
2022-09-13,695.0863697266178,696.8955218805393,684.6695935871693,686.840576171875,609120
2022-09-14,662.712496196293,666.5211887031683,654.5333034667228,660.9985961914062,2195345
2022-09-15,666.5211327650513,669.1967367019383,648.4298448757143,651.0673828125,1029400
2022-09-16,648.4298603518324,649.3820334213652,621.1977338096074,624.8731079101562,1722225
2022-09-19,624.4349497449629,628.4340873787588,611.3045069319525,616.2367553710938,1126050
2022-09-20,624.4351361882452,652.0481573631951,623.5972191722742,635.7374267578125,2984515
2022-09-21,631.2908630282133,641.4505353055116,628.4343432860042,633.1761474609375,1023720
2022-09-22,628.4246814261033,653.761992316789,623.7304752675968,647.0015869140625,1731965
2022-09-23,645.2401491216494,657.9516372460523,632.7857082251675,635.3946533203125,1237680
2022-09-26,632.2428716868463,652.2385046769424,629.5196708560419,644.478271484375,2269315
2022-09-27,653.9524741237249,663.6646513768366,639.8603238525598,659.332275390625,1699300
2022-09-28,658.1419906364453,666.4830354329206,652.4289526241776,657.0755615234375,1556480
2022-09-29,660.3701013426825,664.5025581082288,638.1464140536899,640.593505859375,1424795
2022-09-30,643.8024613559877,646.3066817544999,633.7760487304848,640.2318115234375,1192575
2022-10-03,641.7645876741936,644.9162779091988,627.4819929930172,633.92822265625,1574495
2022-10-04,641.926606904764,664.6073801009803,641.926606904764,662.6173706054688,1746595
2022-10-06,665.9307915919057,692.4869118736915,665.5689611840397,689.78271484375,1730045
2022-10-07,689.7827437141087,693.0868145524319,678.5661749488918,686.0407104492188,850870
2022-10-10,672.2341625757624,695.8480422158409,667.8922558616706,692.8106079101562,1007915
2022-10-11,696.2766221870642,709.1785568621606,681.7559815192315,684.1935424804688,2008380
2022-10-12,693.362897583427,693.362897583427,675.6334399910986,689.316162109375,924920
2022-10-13,689.3733166582183,694.515074586889,681.7559319437628,692.0203857421875,684880
2022-10-14,700.7994743995695,719.7667482494145,697.9524858333876,712.6064453125,2444480
2022-10-17,709.9401775138558,720.6045269167222,701.5705976246246,716.6244506835938,1139470
2022-10-18,720.2142441555868,732.0211560390637,718.890709563641,730.6500244140625,1504425
2022-10-19,732.9828632786925,735.6965915666959,724.6037513644396,726.00341796875,642230
2022-10-20,724.6037058653659,742.6949941852633,711.6541753670101,734.7538452148438,1610975
2022-10-21,734.106468377643,752.2168210719769,721.547301660673,735.4776000976562,2876945
2022-10-24,747.4559648589385,747.4559648589385,735.4871407152342,738.3722534179688,119175
2022-10-25,741.514469503772,748.3796016274956,732.2212490341088,741.8001098632812,900545
2022-10-27,740.8478334593649,748.3223693869271,729.3646276772342,740.4479370117188,711910
2022-10-28,735.0776476153613,737.9151049118749,705.5507499067538,711.5589599609375,1048310
2022-10-31,715.1201481681701,728.7933996597149,713.8442686091631,725.4797973632812,766820
2022-11-01,732.7924005997384,736.7820082465151,725.9368007156269,732.1735229492188,793765
2022-11-02,720.7950488951622,735.0776456368101,720.7950488951622,730.8309326171875,648820
2022-11-03,722.289614581264,731.6335479032657,720.0157352036077,725.0411987304688,484385
2022-11-04,725.0412466923982,728.1463279128662,711.3502107063491,714.2833251953125,492730
2022-11-07,716.1750487764735,724.563573475975,707.0031394816026,709.6113891601562,536615
2022-11-09,714.8373961615774,720.932913407661,700.0571809438451,703.334228515625,455035
2022-11-10,696.8566588522064,709.5349629070812,695.5381889388573,702.4362182617188,488590
2022-11-11,717.5125250747349,748.0856286731257,717.5125250747349,744.7703857421875,2910880
2022-11-14,750.7607605333789,771.9708627315381,746.0219668155119,767.8339233398438,2215680
2022-11-15,770.4421360609176,771.37841857925,747.5409432350517,759.0345458984375,1235920
2022-11-16,762.7990281202582,768.913614413035,749.041106912758,753.7130737304688,996740
2022-11-17,751.9073425415512,753.7130806504092,736.0666353124305,738.6844482421875,844280
2022-11-18,741.3978509856006,752.7481217198991,718.1336505075517,727.7832641601562,1187770
2022-11-21,716.5571742334353,725.9106128882097,714.6463551021461,718.611328125,861665
2022-11-22,722.0984746843401,729.9328440978419,717.6749241185048,727.6112060546875,569835
2022-11-23,731.2704760302116,743.1175191888418,730.1239729339391,740.3181762695312,1111300
2022-11-24,744.0251521492054,758.2894090637282,739.4869569996596,754.3722534179688,985620
2022-11-25,757.4199537934692,762.4167264606843,749.9964038491695,753.7798461914062,791835
2022-11-28,749.0409670530713,762.4166986075904,749.031403628934,760.3912353515625,740215
2022-11-29,758.59517667666,766.2384530159715,753.1206986589708,760.0760498046875,965080
2022-11-30,760.2862095444897,777.3593720396389,756.6842971967349,771.2638549804688,1635765
2022-12-01,780.7605966964419,803.4993294338793,774.0631672719418,786.6554565429688,3463435
2022-12-02,790.5058860708655,812.6713410101634,787.2765971223865,809.7095947265625,2603030
2022-12-05,814.9643832963616,814.9643832963616,797.9771727325644,800.9771728515625,1242145
2022-12-06,793.9451768926001,796.7922781205161,772.9357344299076,779.5949096679688,1262610
2022-12-07,771.9804406170239,777.4167230129597,762.7989693031051,768.9039916992188,1001340
2022-12-08,769.1045711364402,774.1013436649744,759.550477085056,761.6141357421875,1107090
2022-12-09,769.1046972843118,771.7798323947602,737.0793501109624,740.86279296875,2081660
2022-12-12,736.047526200428,749.0410725,724.6399340647603,746.4136962890625,1069540
2022-12-13,752.862617779975,757.6205379984982,745.1142614323422,748.7734375,1090775
2022-12-14,756.3020593941889,775.7637442503249,754.7734276762188,761.5186157226562,2393040
2022-12-15,757.6396618350678,759.1587884543441,737.891365665853,740.4900512695312,995670
2022-12-16,732.7990157413442,758.7288410628313,726.1302767356156,755.270263671875,2253695
2022-12-19,754.9645734039257,754.9645734039257,740.5474188713996,744.38818359375,969275
2022-12-20,741.3596025081761,747.8563756723912,731.8437025629063,744.445556640625,971140
2022-12-21,750.5696754540022,764.0791796996926,744.7321374386394,749.1174926757812,1500595
2022-12-22,758.9773388121246,758.9773388121246,729.2640680339075,742.4678344726562,1297950
2022-12-23,730.1238967922146,733.744877532701,707.7672928438759,713.77685546875,1310045
2022-12-26,716.3658690919161,725.8435128562598,707.4423790397872,720.5028076171875,506765
2022-12-27,723.2450126698736,741.3977937012179,723.0539191015665,740.3181762695312,977185
2022-12-28,730.9837767486977,750.9518583953235,729.3596272681623,747.9901123046875,951735
2022-12-29,739.4870159898593,753.2449372871928,737.7768538320713,748.152587890625,1608930
2022-12-30,758.595141560123,776.7479220256675,726.4169566588281,742.1812133789062,2692020
2023-01-02,745.8976646422253,783.4356775146493,728.2130280062067,755.002685546875,1710480
2023-01-03,756.4931771519344,770.4421898575442,750.2352570304392,768.0631713867188,1597525
2023-01-04,766.0569068697679,767.1938465340361,752.0696974657213,754.6301879882812,652480
2023-01-05,756.302091318367,759.1492511100935,746.6047204656336,750.8467407226562,478035
2023-01-06,752.8246329835193,754.5825541403709,741.4074756366468,745.41064453125,818915
2023-01-09,752.862665689865,771.8753375523835,752.862665689865,767.642822265625,1023335
2023-01-10,764.327666521747,768.1493048543558,756.0347183376149,759.4359741210938,936885
2023-01-11,762.5983040817076,775.6014132611418,747.3977647353184,752.117431640625,1999240
2023-01-12,756.6841931035216,759.8274688218914,735.8658446927084,746.0218505859375,1040360
2023-01-13,750.3785287595786,750.3785287595786,724.2958067861538,742.2479858398438,1759165
2023-01-16,745.219472539464,754.773568341252,736.9265243811408,744.932861328125,1262625
2023-01-17,744.9328731133731,752.2799752337262,741.436041338996,748.658935546875,697925
2023-01-18,749.4231078086203,754.3911897137561,747.321195602993,750.149169921875,407225
2023-01-19,745.2194749011567,763.1811634027264,741.0156494096184,757.9359741210938,993520
2023-01-20,772.1619252353273,812.0980283800077,772.1619252353273,783.8179321289062,9934110
2023-01-23,788.4039305763722,844.008775104785,777.3593990957279,832.9069213867188,7309560
2023-01-24,832.906957427365,852.2253103508583,822.0343921885207,826.2381591796875,5847690
2023-01-25,828.3400931219346,833.4993281000261,812.0981305117007,816.4356689453125,2606415
2023-01-27,822.5788756764653,835.2571781929931,812.0980616245989,820.5247802734375,3724065
2023-01-30,823.5629459206941,851.1647389271433,815.1935498083134,844.323974609375,2892290
2023-01-31,845.5374244360845,845.5374244360845,813.4738833063956,836.7285766601562,1729260
2023-02-01,840.7603821640064,846.4355170761562,825.4833931864474,831.7317504882812,812250
2023-02-02,838.8494535482267,862.161466243329,831.6456876621186,847.2379760742188,3172095
2023-02-03,853.9738490567642,861.1222935510995,823.6913629990851,826.8385620117188,2244295
2023-02-06,828.2587123996957,833.4305457284696,817.5120632358033,828.6041259765625,876845
2023-02-07,826.9154737482258,840.3775861722909,823.8449937671875,825.6873168945312,743805
2023-02-08,833.6512951402647,858.579639541765,827.4911848496266,830.8399047851562,3700720
2023-02-09,830.7534401096773,836.7024832401155,820.3906229017188,832.9603271484375,1645050
2023-02-10,830.9550601939965,838.6216261011866,825.1883277425864,831.7706298828125,1126240
2023-02-13,777.21219685917,791.5570509708962,767.674553483527,773.805908203125,41334880
2023-02-14,770.8792788773687,785.8477846836297,769.5359259050928,782.9500122070312,2318580
2023-02-15,782.9693254955195,791.5954120028968,780.0907617988447,789.6859741210938,1872570
2023-02-16,797.3429849848424,814.2401994565885,792.0848270420397,811.6206665039062,4202805
2023-02-17,805.038271355354,811.2655544535595,796.7864126194763,806.7846069335938,1761170
2023-02-20,806.7845718524911,837.6331413605694,801.2001517907102,831.9912109375,2913870
2023-02-21,832.8644019456094,841.1162608432231,824.228711142026,832.8547973632812,1853670
2023-02-22,825.1882250520532,838.4296057876578,821.1390737331191,833.353759765625,1492050
2023-02-23,839.5810675595499,850.2989031896423,829.8323577320505,848.3894653320312,2298380
2023-02-24,850.1358251479065,852.0548676425971,836.3571140915155,840.0608520507812,1640725
2023-02-27,840.9244466643132,840.9244466643132,797.554074464894,820.1891479492188,2323110
2023-02-28,820.1986450351321,832.4517485285545,818.404345218517,824.9290771484375,1241920
2023-03-01,823.9600433284099,826.9153851177967,813.9330933166294,825.2554321289062,1543245
2023-03-02,825.1883042353418,825.2075134016718,810.9010182611748,815.5355224609375,947930
2023-03-03,823.2692596527501,824.871643795031,813.6740468362844,817.205078125,1616065
2023-03-06,822.3001463554498,837.7004514483389,821.3502296424268,830.6287841796875,1089700
2023-03-08,821.3501545595991,829.0263242283804,815.7945478450483,821.2733764648438,957805
2023-03-09,824.2287474027231,824.9387837519305,814.4416190151867,816.6197509765625,678620
2023-03-10,807.7249550275204,813.6451845842975,790.252111011618,793.7831420898438,1783110
2023-03-13,797.7556055292898,800.8356900907888,780.1004481446137,783.8617553710938,1384600
2023-03-14,786.8074045269809,786.8074045269809,737.9486001463732,752.581298828125,4411195
2023-03-15,759.940832055973,771.2440205225273,739.7908857514586,758.0217895507812,2359070
2023-03-16,751.1323607906613,756.9854164353326,736.1542495526706,739.2246704101562,1726900
2023-03-17,748.618408203125,756.87026661507,744.5884076857358,748.618408203125,1258810
2023-03-20,739.8003929645572,746.5074362671221,719.6408447305162,724.3712768554688,1325135
2023-03-21,727.3171154897049,729.1977982435951,710.6406312963485,712.4637451171875,1235525
2023-03-22,721.5598814380243,728.1038224968936,712.7226708494187,717.4627075195312,960825
2023-03-23,713.5095320168919,721.5599287885158,701.9856732519534,719.3721923828125,1190175
2023-03-24,723.4789072026435,734.5326089817175,704.2884852609288,710.1415405273438,1351835
2023-03-27,703.5209730390375,714.4594798522002,695.2595093571838,697.7158813476562,1364705
2023-03-28,701.7363653230553,701.7363653230553,687.017282141188,690.4811401367188,1110185
2023-03-29,687.0171935100487,705.056180732882,684.0906655019967,702.4367065429688,1744095
2023-03-31,708.894238018833,733.9185668600561,706.2171950025066,731.9419555664062,1382440
2023-04-03,738.831425636429,744.3966376490952,723.7285692411474,739.0905151367188,846070
2023-04-05,739.0233498340008,790.6455863565064,733.2853723809762,782.81591796875,4230245
2023-04-06,780.0907358733089,782.0097782739812,761.4760011609766,767.6361694335938,1498720
2023-04-10,775.2835021258602,781.0502337379099,765.8898109384575,779.3806762695312,971570
2023-04-11,779.3807621959547,781.3094093339644,766.657500686576,768.5477294921875,959375
2023-04-12,771.4551595705589,782.7774997020954,766.6575528568117,780.1292114257812,821890
2023-04-13,777.2122649956323,792.564606032583,766.0818411696563,773.1246948242188,2178410
2023-04-17,746.1235547376618,750.3454708382623,720.024628690554,746.8720092773438,3673645
2023-04-18,752.1303457128266,778.9393729475145,739.1096347557382,773.0287475585938,2834085
2023-04-19,773.0286921300234,773.0286921300234,745.1354031505066,748.80078125,1909035
2023-04-20,752.2645933914553,768.1926213053116,729.2840497758395,731.8171997070312,4489060
2023-04-21,731.1743797026231,741.1725744292289,723.4886053506638,735.13720703125,2054405
2023-04-24,737.8718905551641,749.9522896682786,725.3981134716568,746.8146362304688,1440115
2023-04-25,748.5608359889734,758.4055322527232,736.9122352974065,754.1740112304688,1938500
2023-04-26,754.7594155806626,767.2331922232817,745.5863944845178,756.8128051757812,2078380
2023-04-27,753.4160705891644,781.8946532550626,753.4160705891644,777.461669921875,3500850
2023-04-28,784.6964850194631,809.8359540744922,782.9789630247401,803.0233764648438,3246775
2023-05-02,803.8676537604389,807.2163731894618,784.8690882191173,792.689208984375,5793040
2023-05-03,785.8480044775246,794.8579242253749,778.3445403130106,786.66357421875,2210350
2023-05-04,789.4460909516694,794.3492303750803,783.9576576342096,787.75732421875,1581815
2023-05-05,790.069798661808,791.9504227781086,779.5246112239276,790.1849365234375,989870
2023-05-08,790.6454221075007,791.8544281184257,786.8073375341634,789.92578125,899105
2023-05-09,790.6454982050703,800.6245424820137,785.1762154487558,791.6146240234375,1772995
2023-05-10,797.1960040866657,800.0878880192654,790.4675729641863,795.34521484375,579195
2023-05-11,803.9436189830753,805.6787373288844,793.5328500727009,795.2294311523438,1645675
2023-05-12,797.5429451310588,802.1025217342402,785.5898612403411,787.681640625,1058915
2023-05-15,788.5492229878587,799.0660139830904,782.7365086053172,796.4826049804688,582330
2023-05-16,800.0781173238461,819.9164545585941,796.2319216920675,810.49853515625,2487140
2023-05-17,814.932848173642,816.2920076216413,796.3765944779843,812.426513671875,1666095
2023-05-18,817.4391222859479,820.3310059732802,805.0039988962089,810.9130859375,1021380
2023-05-19,815.1256296353331,829.6718311453968,810.8938843581218,824.794189453125,1719045
2023-05-22,824.794124224847,845.3939703111048,822.4805938163546,842.6852416992188,1793365
2023-05-23,844.507192361963,852.1417490240685,827.0787564057135,829.874267578125,1380455
2023-05-24,825.9219720977497,829.681444438067,816.118502838847,820.4081420898438,792835
2023-05-25,819.3671163220199,832.6697706787304,811.9639004959856,828.4765625,1401875
2023-05-26,832.8239478874175,868.9435461727072,829.9706015260056,859.84375,3170645
2023-05-29,869.4929466744841,869.4929466744841,849.249762771863,852.1705932617188,1073600
2023-05-30,851.177755913758,861.5499880382368,846.0301771194692,848.3148193359375,1353600
2023-05-31,851.5634427061456,887.904736935868,850.0210693125991,878.1880493164062,3534745
2023-06-01,880.289449185818,885.0899575138864,873.0693886408228,879.5471801757812,1101505
2023-06-02,881.2629571104237,896.3875101302516,879.1325817567391,885.070556640625,1514490
2023-06-05,893.3993714820327,893.3993714820327,879.5183632801283,885.3888549804688,732410
2023-06-06,879.5181559454588,879.5181559454588,845.0179495500448,851.2740478515625,1864985
2023-06-07,857.9254805008089,861.7716763311682,851.3994442543511,858.3206787109375,639970
2023-06-08,860.8174198379048,860.8174198379048,843.514303159164,845.5000610351562,644365
2023-06-09,846.367598211323,854.9179295059333,836.01466414636,849.8281860351562,1047745
2023-06-12,853.4817237766861,880.0966815935047,844.4397619248853,868.77978515625,2424035
2023-06-13,874.6887784268717,882.6028623240111,867.5650909484473,880.6557006835938,1314065
2023-06-14,880.674899526098,896.7152274816967,868.529012343844,890.6229858398438,1993650
2023-06-15,894.363342289062,894.363342289062,877.397645806689,883.557373046875,794525
2023-06-16,890.189213773829,892.4160206095468,878.9976384547485,885.7357177734375,1071920
2023-06-19,883.5668566710052,891.4617016481233,878.2265325361311,879.6917724609375,682035
2023-06-20,877.2047323415719,882.9884998075603,846.7917668500214,878.988037109375,1285430
2023-06-21,886.8443437453029,902.0363823518412,883.0366850675523,887.7793579101562,1520735
2023-06-22,883.9235671861886,884.1453182938915,863.709326916703,874.2550659179688,1398220
2023-06-23,873.7345650953483,873.7345650953483,859.853498535452,867.4591674804688,867090
2023-06-26,856.9615748280831,891.606345459706,856.9519258016336,888.1361083984375,1263525
2023-06-27,889.9290404957893,908.8997908936941,889.9290404957893,905.2463989257812,1765795
2023-06-28,910.9433633534941,913.3725644831378,896.2911408742483,900.1277465820312,1326715
2023-06-30,901.8725190506001,916.7271358158848,900.1373417566613,908.3021240234375,1096360
2023-07-03,913.6424120804837,914.0762063868701,896.4839145159918,903.1063232421875,715765
2023-07-04,903.1063666728979,915.5607294812698,899.5782944047018,907.7815551757812,723920
2023-07-05,909.5937997022116,919.4165670606974,903.241328098253,911.0301513671875,672110
2023-07-06,909.9794748337218,915.8596152788383,904.9379760197984,914.8571166992188,420235
2023-07-07,913.8351596135687,929.0850318901671,901.7856453781577,904.513671875,1537140
2023-07-10,911.3290276021627,911.3290276021627,886.8443872884656,889.02294921875,696700
2023-07-11,889.6012756035884,908.051508267902,881.060592947837,905.5355834960938,1621200
2023-07-12,907.0875457003971,909.9794294805258,887.0371632586093,896.4454345703125,1448910
2023-07-13,901.1109903094119,928.5260513909632,897.6889395418879,916.8235473632812,2190395
2023-07-14,923.0892964221408,957.4834866017935,921.3445288621106,949.6560668945312,3269600
2023-07-17,954.3217436519758,974.5359850719123,946.6197018214394,955.8930053710938,2515455
2023-07-18,962.0333296931551,963.5178088407501,939.9104071881162,957.3773803710938,2262775
2023-07-19,957.1750210596823,957.3774152752864,936.9703712962087,940.04541015625,1911945
2023-07-20,948.8078334741358,948.8078334741358,918.7804161769606,929.1526489257812,1504110
2023-07-21,929.441753493399,947.8148516458203,888.7818770627686,894.6138305664062,5653675
2023-07-24,899.9541581365942,915.377537428296,895.0572775730552,911.0783081054688,1690000
2023-07-25,913.6425051455668,914.9052920906851,901.9111126399545,903.7619018554688,875690
2023-07-26,905.9308024750136,919.6190644679524,904.2053329583217,909.2371826171875,804430
2023-07-27,911.5216892220635,916.3414952328307,898.9516563267711,904.7161254882812,797975
2023-07-28,906.1138779605644,909.266049908405,892.6377192270087,900.783203125,571700
2023-07-31,904.1957304586156,911.8110485244089,901.4195171124119,906.8369750976562,821685
2023-08-01,911.3289780827363,935.2352050217911,904.4944670166105,934.1652221679688,1764270
2023-08-02,934.0784125547334,936.7389549082014,906.1331864885805,917.1319580078125,732525
2023-08-03,918.4675815610744,927.9329554872043,911.6927943419727,922.3872680664062,1303210
2023-08-04,929.1137225620243,947.250787236437,926.9167368360158,946.176513671875,1231175
2023-08-07,951.1800211270223,959.6968838445632,945.6150178817918,956.7257080078125,918490
2023-08-08,961.4294841862729,971.4948475173877,954.3933644096638,964.1296997070312,1169040
2023-08-09,965.8814803955005,985.2477045503252,959.8713136381143,980.9796142578125,1719320
2023-08-10,980.9795720521786,1011.3789852242721,976.0436200306968,996.2615356445312,3125480
2023-08-11,1001.3134087060929,1022.9927488669525,999.5713916562029,1019.6827392578125,3023815
2023-08-14,1019.6829638615052,1035.1875688066436,1010.6144310581291,1021.4541625976562,2600010
2023-08-16,1006.927073236912,1049.1049246135046,975.801728819519,982.5281372070312,3491965
2023-08-17,985.8477866806688,992.3999933943215,961.4392217428024,968.8333740234375,3566720
2023-08-18,967.8267706415963,973.3723991345062,947.7056733456825,952.37060546875,2266285
2023-08-21,957.5581545685166,971.7948487341562,952.0705341799835,967.1492919921875,1188555
2023-08-22,975.5693607456352,976.2081004070634,958.5356336310401,960.2777099609375,858910
2023-08-23,963.9555089722835,967.6332390596928,940.07923795572,951.0059814453125,2192815
2023-08-24,919.4354142133328,1045.640046277093,910.337819117797,1043.4818115234375,110682455
2023-08-25,1020.0506733730989,1044.0818878879118,999.571543808742,1017.418212890625,9174495
2023-08-28,1017.4181919403889,1026.6996174724381,998.7972145621935,1001.1006469726562,2580495
2023-08-29,1006.3463307130023,1020.7379101717329,984.8895685198711,1011.4951171875,5092830
2023-08-30,1016.0151016839995,1036.4652900652554,1007.1400859333608,1025.557861328125,3536980
2023-08-31,1029.7677916338032,1062.6739052762366,1025.557768369901,1058.115478515625,5969630
2023-09-01,1055.8893103433854,1065.8482855368934,1050.5468877106339,1055.2989501953125,1820690
2023-09-04,1057.0604218895546,1065.3838271845768,1047.4015289794906,1062.4803466796875,2785555
2023-09-05,1064.4157949467653,1090.7406325206261,1061.0187139601537,1086.19189453125,3126200
2023-09-06,1090.5473878782846,1115.459242597588,1079.3495645909923,1088.92138671875,5622585
2023-09-07,1083.9657671776872,1093.450514897649,1069.3806726325531,1085.9691162109375,1970325
2023-09-08,1088.8049514064223,1088.8049514064223,1070.3291742443464,1074.4036865234375,1404345
2023-09-11,1081.6432984623514,1081.7208002242983,1063.1190777848235,1067.6485595703125,1571345
2023-09-12,1077.965572853197,1081.9336392362336,1049.9953537768433,1056.7701416015625,1228175
2023-09-13,1054.7378368981433,1060.7286288937712,1039.0977206096443,1052.444091796875,1467350
2023-09-14,1060.5445368225237,1072.3422874946564,1053.9632680568334,1056.21826171875,1010745
2023-09-15,1066.7773633375916,1089.7729367110992,1063.6125509151468,1087.6243896484375,2311365
2023-09-18,1082.6109029953795,1089.0857249331004,1070.1743537586667,1073.3004150390625,1405155
2023-09-20,1070.4165283387092,1073.126490857498,1045.6401838610827,1048.7371826171875,1330315
2023-09-21,1044.3817644980031,1046.5981254385772,1023.9606448317361,1032.9227294921875,1889400
2023-09-22,1032.8646328433986,1039.5232854318322,1016.479392562178,1024.62841796875,1484625
2023-09-25,1029.7677634303836,1033.6293830918137,1018.1732167262066,1023.167236328125,951070
2023-09-26,1018.1538463889042,1018.1829095487118,1000.7910894052873,1005.2236938476562,1477730
2023-09-27,1007.6915039378275,1019.2571047938279,1004.4203628529822,1007.4979858398438,2144405
2023-09-28,1013.692104193072,1016.537458214617,982.83778175408,991.6934204101562,2240020
2023-09-29,995.8743631628935,999.765045650965,977.5050301137218,988.044677734375,2836805
2023-10-03,984.2798575918077,1005.0300075171966,974.9209889568777,988.4608764648438,2898935
2023-10-04,990.8610772598952,996.668097197194,972.6659450278944,994.1033325195312,1668680
2023-10-05,997.8294107446588,1014.9986483801414,997.0551020630537,1007.6431884765625,1560675
2023-10-06,1014.4567679417394,1014.8534918749458,1000.0070615395118,1003.7428588867188,976695
2023-10-09,998.9908031171124,1009.811159020929,990.8417768489558,994.6840209960938,898735
2023-10-10,1002.6685278596343,1011.9596411687467,992.1870065332463,1005.81396484375,1349295
2023-10-11,1014.2630324924595,1022.5863186999427,989.3124902359226,997.7616577148438,2787570
2023-10-12,1001.100653421087,1004.4106634872319,980.9891848998371,986.583251953125,3095590
2023-10-13,979.053616272106,994.7227943829716,967.3913145624728,969.1140747070312,2185450
2023-10-16,969.7624259153366,985.0153852993305,968.0881045020021,975.5984497070312,1707085
2023-10-17,982.9054634340748,986.0218370756795,972.1528638271983,979.7697143554688,1079970
2023-10-18,982.5280522331881,996.8615642061483,972.6658951720185,985.6541137695312,3131985
2023-10-19,977.5631333971146,1022.0250988679202,977.5631333971146,988.88671875,5232700
2023-10-20,991.6353320112686,1000.297452899927,963.9555087031949,967.84619140625,2368615
2023-10-23,967.846035794009,971.6785915632976,948.4701271507787,951.4510498046875,2691720
2023-10-25,957.9549572582429,963.3748227948815,941.3180121611383,948.286376953125,1692820
2023-10-26,944.598900187409,959.4743924861601,920.7032555646869,949.3218994140625,4392730
2023-10-27,953.5029302902348,973.6337149683303,953.4157998908938,969.5591430664062,2701340
2023-10-30,967.5944773915961,972.8594572546489,957.7710122874666,965.6297607421875,1334300
2023-10-31,973.6239652864962,973.6239652864962,958.6710310677074,964.7780151367188,1121165
2023-11-01,967.4396469520543,981.8893530783655,961.0907054983771,972.9756469726562,1659310
2023-11-02,986.4406416414528,987.042966266984,975.7929914463327,982.45751953125,956705
2023-11-03,988.2088107389662,1000.2553629576282,983.6039148913316,987.6453247070312,778665
2023-11-06,996.932925956621,1001.226875767289,988.6362862981384,993.9017944335938,1315040
2023-11-07,995.766997704866,995.766997704866,984.2547586007533,988.5196533203125,322725
2023-11-08,996.1653304696874,998.5746289102011,985.8577407594039,993.2022705078125,468430
2023-11-09,993.0662231554243,1003.3641474431485,991.9004125743777,996.3887329101562,585800
2023-11-10,990.9288531305843,1000.4495895481114,985.8770471182524,998.506591796875,783300
2023-11-13,996.52484703844,996.52484703844,977.6194547097832,988.0533447265625,1334465
2023-11-15,999.8083320251964,1040.387857611387,995.8252104930689,1038.1922607421875,2335170
2023-11-16,1035.4721600634186,1115.0768478405764,1031.2656121893033,1107.7225341796875,5522040
2023-11-17,1104.5943239707983,1117.1946370937,1089.0503405200218,1102.6416015625,2436475
2023-11-20,1101.6894676184222,1135.9250790732196,1098.026897822277,1109.1505126953125,2411915
2023-11-21,1113.3377152556975,1124.918024585385,1090.488042648637,1093.013916015625,1181265
2023-11-22,1097.5801071209676,1100.7277542171278,1084.7756988390172,1094.7724609375,984720
2023-11-23,1095.9284762946893,1101.660343731479,1086.2523848477992,1091.8968505859375,955385
2023-11-24,1095.3940530964637,1098.4154000857259,1078.36365094001,1091.682861328125,722630
2023-11-28,1092.8584709128304,1095.8506445188757,1067.1817054927956,1081.53076171875,1194685
2023-11-29,1083.561296667931,1110.3940920937966,1083.561296667931,1106.4886474609375,2760080
2023-11-30,1107.3147142766184,1121.1099539686968,1102.6514711910493,1119.3321533203125,1758790
2023-12-01,1128.8818596986184,1129.0470572246209,1106.5373822691276,1110.2291259765625,887890
2023-12-04,1125.9672619188436,1125.9672619188436,1098.7750163059582,1102.8358154296875,924305
2023-12-05,1099.0568657823515,1102.5445139856956,1069.8146510188244,1089.215576171875,1613345
2023-12-06,1089.244407075095,1118.2727959614506,1089.244407075095,1107.8486328125,2301060
2023-12-07,1108.0333575072661,1118.195197723327,1097.8326193872879,1107.635009765625,1016800
2023-12-08,1111.200625893144,1150.2451145614118,1105.5756086212987,1123.6357421875,4134550
2023-12-11,1128.4930429957785,1147.9230200397524,1126.6763448858137,1139.51953125,2422230
2023-12-12,1141.5111221000184,1157.793451933181,1134.7203547843508,1137.9456787109375,1801080
2023-12-13,1138.5869696835275,1141.4722929124773,1106.0612059614716,1132.8551025390625,2028865
2023-12-14,1144.425762632152,1205.7953939713889,1144.0468638108655,1196.2454833984375,6216300
2023-12-15,1204.0175933719158,1268.7777529250643,1199.811045199381,1251.2615966796875,6301270
2023-12-18,1249.347451525609,1258.693265198507,1230.1214524056038,1251.504150390625,3017720
2023-12-19,1251.2808546727615,1251.2905791490239,1216.5108712051515,1218.9202880859375,1637195
2023-12-20,1226.0315752983006,1235.2413656215167,1168.6936929527897,1173.3861083984375,2427650
2023-12-21,1158.0170411915383,1199.801221141418,1150.6531217335526,1190.649658203125,1833485
2023-12-22,1191.0673116901946,1228.683718609181,1187.181316299609,1222.1844482421875,2385155
2023-12-26,1224.0888212022546,1232.3854611618078,1213.402331493346,1219.435302734375,1282880
2023-12-27,1227.3918634320153,1242.5374996749063,1220.3776690961058,1223.97216796875,1743700
2023-12-28,1228.9462214125308,1228.9462214125308,1212.4404630723166,1218.71630859375,1604550
2023-12-29,1219.8137083942065,1227.97432095422,1207.1842256628734,1219.1142578125,1102815
2024-01-01,1222.1358383410948,1222.1358383410948,1200.966840285576,1203.2110595703125,918210
2024-01-02,1206.6017199171426,1208.0395194171729,1165.993015562363,1173.240478515625,1578815
2024-01-03,1175.3972719476349,1175.5138470896488,1135.0121087364232,1151.84814453125,2001430
2024-01-04,1155.1122575067277,1172.9878619971455,1148.6225923071422,1156.8707275390625,1050200
2024-01-05,1156.8804441147847,1194.7204031876463,1156.8804441147847,1180.6336669921875,2494015
2024-01-08,1192.0193427816928,1192.0290672573092,1167.547344119298,1177.5537109375,1656085
2024-01-09,1202.7157052234734,1219.153510220322,1176.0578308456795,1178.98193359375,2117425
2024-01-10,1182.8388930666079,1199.5000055176624,1173.386227069621,1195.380859375,1041225
2024-01-11,1216.316693610872,1231.8606769158034,1209.2149793146648,1212.0615234375,2156150
2024-01-12,1233.8038453989639,1285.293297214826,1231.4722238626475,1280.96044921875,6263855
2024-01-15,1301.7892044249338,1319.101382927954,1279.0173249045138,1285.108642578125,3656810
2024-01-16,1294.036639782024,1294.036639782024,1265.270569250244,1281.7957763671875,1316845
2024-01-17,1261.9964483698627,1294.425084553529,1259.4511261400867,1287.6148681640625,1496950
2024-01-18,1281.4946460230253,1282.854768408466,1216.9094082864633,1260.3450927734375,2706900
2024-01-19,1268.758172658504,1272.4499160843523,1238.078278681722,1246.5010986328125,2004735
2024-01-23,1243.1299882760159,1246.8994088109553,1198.285565141091,1204.969482421875,3445010
2024-01-24,1209.1274408282954,1247.9679457429663,1197.0808314115427,1237.5340576171875,1727660
2024-01-25,1251.2904909665747,1251.2904909665747,1201.7537751942518,1205.6397705078125,1960480
2024-01-29,1208.9721628599846,1228.7519869293328,1204.707386595329,1215.296630859375,2118880
2024-01-30,1224.0885443748118,1248.0262901401927,1210.3904343821844,1213.3631591796875,2734175
2024-01-31,1215.1411395291893,1229.9175997571913,1212.0517208662704,1214.39306640625,1686460
2024-02-01,1214.393183066497,1220.6010758262205,1185.7436874186176,1198.7811279296875,1452080
2024-02-02,1213.4021771788816,1256.9253771674862,1210.031104315856,1248.444091796875,2593560
2024-02-05,1262.7870483068525,1262.7870483068525,1237.4629151724178,1240.639404296875,2153925
2024-02-06,1251.2988545473281,1280.530257026486,1241.9448295425739,1278.5426025390625,2174960
2024-02-07,1294.9512321342254,1294.9512321342254,1269.0327436769264,1282.96630859375,1188930
2024-02-08,1292.0184744998476,1299.0437181293455,1280.1018229227084,1287.8092041015625,819815
2024-02-09,1294.357066444393,1294.3668197628667,1261.0429419967,1266.840576171875,914395
2024-02-12,1276.4185487515615,1312.2367742334063,1266.986615072453,1299.0826416015625,4405265
2024-02-13,1304.2858608969307,1316.1538645737255,1282.674173747668,1298.2447509765625,1783135
2024-02-14,1276.438014589063,1288.929515954215,1246.2322295110012,1261.2669677734375,1679355
2024-02-15,1284.2331839174637,1298.6540593565205,1268.8574348535512,1294.912353515625,855410
2024-02-16,1301.7622375937217,1303.7207513769172,1271.7416444739824,1298.9267578125,1598340
2024-02-19,1305.6692461743808,1334.4037038751317,1280.7251410808183,1316.367919921875,1852195
2024-02-20,1316.3195885238113,1326.1315454932073,1282.9373110079403,1296.5980224609375,1426065
2024-02-21,1305.6694035207197,1306.624277038701,1266.6941974454744,1275.658447265625,1516810
2024-02-22,1283.2586194620399,1301.196990795126,1272.9886149241358,1289.631103515625,992895
2024-02-23,1300.7974452268122,1310.1417171660444,1284.2622433270378,1287.3509521484375,980260
2024-02-26,1285.9870530342573,1301.7231983240465,1263.6444624093908,1284.895751953125,3776895
2024-02-27,1283.258750987401,1295.6528388515535,1271.5661883360353,1278.68896484375,564300
2024-02-28,1280.1406055035936,1284.4277827308351,1251.152797923816,1259.8052978515625,963435
2024-02-29,1260.8480280971892,1282.2843933353176,1245.2579442876413,1277.2274169921875,1012390
2024-03-01,1283.599596035394,1291.0243676112716,1257.9247042872023,1267.6099853515625,2378335
2024-03-04,1271.5659675512425,1274.079825265356,1248.3756747421223,1255.5277099609375,2231405
2024-03-05,1252.0788091687675,1256.1711592558088,1224.9909865761197,1230.925048828125,1326225
2024-03-06,1228.6936223075174,1240.9902975763837,1191.4138205720324,1232.2598876953125,2146995
2024-03-07,1239.4018684353362,1243.0070276195656,1215.363865939288,1218.6962890625,1167230
2024-03-11,1223.8214227028718,1228.2451464804158,1202.9696644828923,1217.5172119140625,2434635
2024-03-12,1220.3041199889465,1236.8003113435107,1205.9027510594785,1220.6353759765625,1385110
2024-03-13,1231.6067968834132,1232.659084660662,1192.6413429158347,1203.086669921875,1821000
2024-03-14,1197.5132581720093,1198.7214800968816,1149.768628676136,1186.327392578125,2196890
2024-03-15,1184.4565271923007,1196.022415211932,1170.8737245278367,1191.9398193359375,1051870
2024-03-18,1178.0550019264788,1178.0550019264788,1103.9923483686093,1110.2381591796875,7168195
2024-03-19,1111.767912545069,1119.7577833578007,1079.0287585409121,1083.033447265625,2974985
2024-03-20,1086.4337878763463,1096.177588664475,1067.043600519394,1077.6156005859375,1674610
2024-03-21,1089.3570118478847,1116.464215389228,1087.6030799940506,1112.1087646484375,2961975
2024-03-22,1091.5299571680584,1098.9644831565913,1064.4422578631954,1079.6328125,5279335
2024-03-26,1080.8799514159464,1087.4082508645906,1077.0798450302611,1081.0357666015625,1030135
2024-03-27,1080.8994434773808,1097.4639076796022,1077.8302408530549,1081.4158935546875,1240445
2024-03-28,1085.2648353681134,1090.1367369114378,1068.8951986053796,1072.2957763671875,1310940
2024-04-01,1081.3866609164854,1086.5899372067995,1064.607861182351,1068.7100830078125,2519550
2024-04-02,1075.1311682890719,1085.93701172288,1070.5028622020886,1082.780029296875,911175
2024-04-03,1081.562064946941,1111.6704381110712,1074.7901698651992,1103.505126953125,3503930
2024-04-04,1138.0760995730595,1149.5445738196552,1120.683436394705,1134.0714111328125,3238120
2024-04-05,1138.1539806934848,1138.4365890130862,1119.41666848663,1126.9486083984375,1113845
2024-04-08,1135.152940755658,1135.152940755658,1091.7735149244152,1107.3245849609375,1955720
2024-04-09,1114.885806967957,1125.6917693127568,1108.1431719277589,1113.063720703125,1532080
2024-04-10,1114.8857865337711,1117.5459444139242,1104.4697192017452,1111.2708740234375,723350
2024-04-12,1107.8702616178987,1114.593508630016,1091.305798603383,1094.4725341796875,1617440
2024-04-15,1074.7413711860945,1088.4314607080987,1047.2443902175469,1051.590087890625,2734590
2024-04-16,1043.1617340989558,1043.3664348356813,1013.3554751110017,1015.2847290039062,2957755
2024-04-18,1018.8119904864412,1034.9866792427774,1008.4835833728462,1014.7001342773438,2657490
2024-04-19,1008.4835447220865,1008.912214933531,992.1237219618724,997.4048461914062,1707445
2024-04-22,999.5193243128706,1010.4128290773394,989.9703501301233,993.8776245117188,1663210
2024-04-23,1004.5859124340955,1021.9299262976973,995.8651983901607,1016.697509765625,1311865
2024-04-24,1019.2017487109819,1026.3731731285725,1010.4420797169382,1011.9231567382812,1028735
2024-04-25,1004.6833080434278,1017.2528352561468,997.8237529473831,1015.4014892578125,1384955
2024-04-26,1015.6745874997027,1047.458869555858,1007.5092754611694,1023.294189453125,2578225
2024-04-29,1030.894348496602,1033.7979827346594,1007.0025247160804,1010.2764282226562,1431600
2024-04-30,1011.7867167314778,1019.8058471157968,992.9032228284094,994.501220703125,1152285
2024-05-02,997.7458376336618,997.9504194179273,968.1441618223431,971.593505859375,2245685
2024-05-03,874.4380391325278,919.9903147006285,869.1569149593122,873.5416259765625,24963640
2024-05-06,884.7372706211229,885.516762930023,858.9454538443564,859.9977416992188,6533635
2024-05-07,865.2495498309436,873.4343666584622,845.9665885929668,861.1864013671875,5439190
2024-05-08,866.2239330266638,871.8168654410114,856.0222016418102,859.3155517578125,4448275
2024-05-09,859.5981765405203,862.1023406518622,835.4822679313679,838.3176879882812,4319315
2024-05-10,843.813266429263,871.2908003943439,838.3859614936002,870.1799926757812,5118395
2024-05-13,872.265167028317,887.2705864270658,857.9028123942004,883.7335815429688,3735995
2024-05-14,884.3475557086601,893.8965304333265,876.9422890563222,888.5081787109375,2368155
2024-05-15,892.4317419100014,905.0733990430537,888.6353211450385,903.106689453125,2467700
2024-05-16,912.5096493616742,921.4136504807772,898.0969862000668,916.0223388671875,5213650
2024-05-17,917.7932946032209,928.9477359310883,912.0301645931456,922.2159423828125,3448525
2024-05-21,926.599368426981,939.3193175183756,925.2295038674744,937.3917846679688,2280030
2024-05-22,949.1040093572282,982.1660749467587,944.6128620463181,960.9140014648438,5513400
2024-05-23,968.2817208232499,1010.2967567782855,964.925618062081,991.5787963867188,10093475
2024-05-24,998.0268386355416,1003.8975847451625,994.4163273893121,999.0933837890625,4285250
2024-05-27,1006.8330035128032,1039.7091593312157,1001.7548055086052,1030.0419921875,7908550
2024-05-28,1036.7738683052526,1039.3178347150679,1004.8957559550188,1007.0776977539062,4198605
2024-05-29,1006.6275385361781,1017.2046041969578,1000.1207709228045,1006.1578979492188,3405655
2024-05-30,1004.778223085615,1006.0599405469867,973.5653989692282,977.88037109375,2353690
2024-05-31,977.8803801863771,982.1562952627936,966.7162041462037,972.7826538085938,1746525
2024-06-03,998.9367402404715,1001.5492053888202,968.2523233207825,981.7061157226562,4274130
2024-06-04,992.1561112387042,997.8996531799851,924.2413883232593,971.9901123046875,3130210
2024-06-05,968.252403278685,1012.3123229066725,966.1976062554351,1003.721435546875,2013675
2024-06-06,1021.5098984755526,1031.7249401287988,1012.517929018757,1020.0715942382812,1604930
2024-06-07,1042.840282364516,1069.17049352692,1042.2531121819118,1062.8203125,6181555
2024-06-10,1068.4759616092895,1070.041470265641,1016.5296683110636,1021.5393676757812,5088070
2024-06-11,1028.3591218065137,1028.3591218065137,1011.3339326287238,1012.8701782226562,1870075
2024-06-12,1023.4667372411218,1030.3159410276303,1011.4512482184659,1013.5255737304688,1591970
2024-06-13,1025.4040641734762,1040.6875684140532,1017.5959909686605,1031.930419921875,2647075
2024-06-14,1037.1652570528506,1037.1652570528506,1013.4278615201439,1017.9385375976562,1772345
2024-06-18,1019.7486346104735,1037.1652305986713,1010.1598201806463,1031.901123046875,1999835
2024-06-19,1033.4763941890667,1067.008159873494,1021.372876786376,1055.7852783203125,4288780
2024-06-20,1063.5737178152572,1063.5737178152572,1039.1220696303365,1040.286376953125,1346075
2024-06-21,1061.0883554879501,1080.2172504068235,1044.9927748500793,1053.48583984375,5443680
2024-06-24,1052.820481144069,1063.4661056566827,1043.72077679287,1047.2725830078125,1803715
2024-06-25,1048.9067376337548,1056.519167809576,1039.4157449668724,1047.0770263671875,754355
2024-06-26,1055.7559460097261,1069.0335655479194,1038.1437059465427,1042.1259765625,2002155
2024-06-27,1052.155201261007,1067.4876781651574,1037.1652801433872,1064.366455078125,2588010
2024-06-28,1061.6364987692214,1085.6967424382826,1055.0319086712552,1068.2410888671875,3371570
2024-07-01,1067.4974001108465,1094.6985732061517,1061.7734461890313,1079.904296875,2398040
2024-07-02,1086.8709287250197,1126.1852946763224,1080.608775166318,1106.39111328125,5516645
2024-07-03,1115.441879834161,1118.3674590690007,1099.982198986516,1111.7042236328125,1857385
2024-07-04,1115.5298116938927,1155.8423408130866,1113.4848685333745,1154.32568359375,5586295
2024-07-05,1161.2335705875319,1161.2335705875319,1142.8483133796549,1148.7386474609375,1601880
2024-07-08,1158.092782502385,1169.3254584358224,1125.7450311835871,1145.862060546875,3750055
2024-07-09,1154.580159942803,1154.5899540756811,1120.3537265153407,1127.310546875,1506105
2024-07-10,1130.0989722455704,1134.0323910212178,1100.7746257957856,1109.394775390625,1015255
2024-07-11,1115.4416768931321,1115.4416768931321,1086.2933864312138,1088.729736328125,2507525
2024-07-12,1106.048560643386,1181.9768510264983,1102.14452414268,1169.7755126953125,10862510
2024-07-15,1180.0201909174814,1185.646323668539,1147.936519147396,1157.7113037109375,2374055
2024-07-16,1164.1689603891325,1167.3587418851444,1137.2613749992734,1153.973388671875,2447050
2024-07-18,1154.5801726520658,1182.69124537232,1136.0090632227927,1173.6796875,3378415
2024-07-19,1177.4761285441316,1202.309392035543,1164.7659714054482,1170.9693603515625,3864545
2024-07-22,1160.4607330652486,1196.536467004677,1142.95610886939,1189.06103515625,5000235
2024-07-23,1195.8319644185926,1239.705976750666,1178.0729322605155,1209.24658203125,8592440
2024-07-24,1203.307379848628,1256.6039444321682,1199.8044246874601,1239.52978515625,3754390
2024-07-25,1214.853031331037,1257.318118521767,1212.4068871315785,1237.1031494140625,2186170
2024-07-26,1237.1032093777715,1253.805549668011,1237.1032093777715,1241.408447265625,1089620
2024-07-29,1246.5550609457348,1254.8523628060498,1226.2226820708368,1235.4886474609375,1965655
2024-07-30,1234.8137060619135,1242.4359303132073,1226.1249962844227,1235.4007568359375,745135
2024-07-31,1232.8273214181843,1247.5335693365873,1226.7315490487122,1233.9329833984375,1029050
2024-08-01,1241.1639287904181,1244.011274440113,1219.1780106259846,1230.146484375,1064450
2024-08-02,1215.002949764854,1222.8346943598438,1189.485924971731,1193.41162109375,1243530
2024-08-05,1138.4519889663618,1164.381257568189,1128.441510777585,1157.50146484375,3375805
2024-08-06,1163.2524769557313,1197.1410773987166,1152.4568126466202,1157.295166015625,1871555
2024-08-07,1160.0431402222066,1184.774976508897,1160.0431402222066,1180.9866943359375,872730
2024-08-08,1177.7382895812252,1181.379334340334,1144.6348767206741,1147.3043212890625,1343745
2024-08-09,1169.857486280744,1176.6391601193038,1146.4308986252686,1153.8406982421875,1284175
2024-08-12,1157.0893729098464,1157.8843840617867,1131.7784030345074,1153.085205078125,1708405
2024-08-13,1153.173420934909,1167.463014617945,1141.3080360464019,1147.82470703125,845485
2024-08-14,1151.9955525946716,1162.9874536021375,1136.5969475571499,1152.250732421875,1173440
2024-08-16,1172.350383611857,1195.1783177788418,1163.1837962531476,1192.8228759765625,2040310
2024-08-19,1201.2629712480627,1207.151515224769,1184.4904686991767,1189.417236328125,2075115
2024-08-20,1195.3745708500837,1218.9483972367657,1194.3833229107254,1200.330810546875,1628350
2024-08-21,1204.2072845334671,1209.8897680027385,1188.3965577901265,1195.443115234375,992425
2024-08-22,1201.6555849544245,1215.984351577437,1192.4498229243843,1194.2359619140625,1098970
2024-08-23,1195.1782790371144,1195.2862213083652,1173.9892471314186,1182.076171875,890210
2024-08-26,1187.9843271824336,1213.354114618221,1180.1132872248807,1182.8416748046875,2173385
2024-08-27,1187.1304104380308,1203.2257875104626,1182.8415924802048,1193.5882568359375,1319435
2024-08-28,1195.3744444907366,1245.4270690137475,1193.588305505276,1227.8497314453125,3479685
2024-08-29,1224.424771610894,1246.1829886079677,1214.051170838061,1233.1103515625,1526970
2024-08-30,1234.6314710318131,1253.8477110529077,1224.4148129930538,1245.24072265625,1966685
2024-09-02,1245.427256684089,1265.5857472292373,1237.3991543572636,1244.5635986328125,1554095
2024-09-03,1245.2307932708723,1261.2377560811558,1239.3127779210704,1257.7144775390625,981430
2024-09-04,1225.2294542796474,1244.9658775270668,1221.4215241777345,1242.69873046875,1906150
2024-09-05,1251.7080461205564,1291.553831866533,1239.283186199328,1285.91064453125,4142650
2024-09-06,1285.9108793377673,1317.807161404913,1283.702675194657,1300.3182373046875,3139855
2024-09-09,1286.7843332570978,1313.7341991230262,1262.3370268175065,1274.03564453125,2549810
2024-09-10,1297.4425864702807,1349.0262917402538,1296.2747493629636,1336.1107177734375,6368025
2024-09-11,1336.1106959191702,1356.7794236551304,1330.222151750115,1342.803955078125,2205830
2024-09-12,1353.9726150711685,1360.0575161511297,1336.7093993258754,1349.7525634765625,1464825
2024-09-13,1354.3651090631126,1382.6203441318185,1337.6612535495635,1376.6925048828125,3249865
2024-09-16,1376.9379667004591,1391.2863817751781,1359.0269774686108,1371.8934326171875,2389345
2024-09-17,1359.0267985249804,1383.6115160998359,1358.3300258656784,1373.7088623046875,1241110
2024-09-18,1373.9936460986742,1373.9936460986742,1328.8481405840034,1346.6610107421875,1647970
2024-09-19,1375.9565372071659,1390.2754807507379,1340.0560880886223,1357.42724609375,3357435
2024-09-20,1368.1050746617027,1369.861861982541,1343.3732374454405,1363.2666015625,1498370
2024-09-23,1368.1052478548652,1374.749508435054,1348.4767651022846,1351.47998046875,1122985
2024-09-24,1352.2062220136386,1377.0558284149754,1342.8826927250052,1373.6011962890625,1503945
2024-09-25,1373.601240467895,1390.1775090284184,1346.9065510408589,1355.7000732421875,1281740
2024-09-26,1367.1729037618154,1369.0768090290683,1332.1556388190406,1349.3109130859375,3208525
2024-09-27,1376.3293696175845,1403.2400583515498,1358.5459718436005,1361.3037109375,3488310
2024-09-30,1361.5296945592652,1379.7448634602836,1349.4483064476503,1377.22265625,1511795
2024-10-01,1373.9935916278005,1401.2772265826459,1370.07771947588,1398.8138427734375,2368575
2024-10-03,1364.5720850116975,1422.5644012134132,1364.5720850116975,1385.80029296875,2590065
2024-10-04,1383.8081456329483,1420.1110178267152,1380.3045138923264,1398.637451171875,2660410
2024-10-07,1412.1613656944744,1429.9349421224254,1393.690896675804,1414.830810546875,3321265
2024-10-08,1427.7756774223315,1442.114267628773,1388.7247782813226,1437.1875,1501585
2024-10-09,1444.8524916481103,1456.0309263652177,1437.0109227843216,1448.061767578125,1455130
2024-10-10,1458.2000594885687,1458.2000594885687,1425.616705614697,1429.248046875,963000
2024-10-11,1421.8679308241763,1461.3259718708732,1421.1003885111452,1452.48974609375,2129580
2024-10-14,1452.4503180195118,1468.1155079683392,1433.6758010119775,1462.6248779296875,1640085
2024-10-15,1474.9248623355118,1492.7153887900135,1463.3923884785859,1470.07373046875,1141300
2024-10-16,1464.1796567323618,1464.1796567323618,1408.436502632589,1417.784423828125,4368245
2024-10-17,1422.851893286263,1432.6918095607184,1408.8792602230023,1428.214599609375,1749215
2024-10-18,1419.122430543495,1423.6291887665514,1403.1818153041072,1418.9945068359375,1458725
2024-10-21,1418.9945340017123,1424.1801888452794,1326.5485731360288,1343.19775390625,4684635
2024-10-22,1344.1819042771667,1362.63174857593,1320.5267054697367,1338.2779541015625,2821410
2024-10-23,1367.5419727689482,1505.2515741729176,1364.79659726877,1487.3626708984375,18125670
2024-10-24,1482.87545381669,1531.7011159120989,1478.9887347479787,1515.1602783203125,7589385
2024-10-25,1512.493590416355,1532.6064428573416,1499.3671750106787,1523.1895751953125,2554910
2024-10-28,1518.3974341462156,1532.8621829284345,1493.325347063099,1516.39990234375,2126760
2024-10-29,1523.2191936487386,1529.7135150247805,1492.351377972274,1525.9251708984375,1477015
2024-10-30,1525.9250865658012,1553.6441752298756,1515.7407967757476,1523.69140625,2628130
2024-10-31,1525.186995775068,1525.186995775068,1460.2435495033553,1500.4100341796875,2738450
2024-11-01,1499.6033767931456,1502.555351944313,1469.8671759315994,1486.35888671875,227700
2024-11-04,1488.7793630820834,1504.8283245130383,1479.6675908144025,1484.4990234375,2613505
2024-11-05,1482.2456739120034,1494.427495560881,1470.0835513150644,1485.138671875,1193625
2024-11-06,1503.3424624006066,1556.3303877247818,1496.080599356705,1540.83251953125,4255360
2024-11-07,1564.5466373522383,1564.5466373522383,1523.3173654641892,1545.526123046875,2837565
2024-11-08,1550.7710712790986,1580.2908251740052,1545.2213431329137,1565.2947998046875,2684930
2024-11-11,1564.6844130505542,1590.12057181925,1547.4054629450382,1587.5523681640625,2344495
2024-11-12,1603.9064851790279,1605.8646190700442,1579.306692461558,1593.9189453125,1951690
2024-11-13,1593.9189314681184,1605.3430606929433,1576.3547036436387,1585.44677734375,2643950
2024-11-14,1586.1947261816622,1604.998794408745,1572.418841462963,1588.949951171875,1564270
2024-11-18,1589.146606273374,1592.4725030465681,1555.7794138676372,1575.685546875,1890055
2024-11-19,1575.6853625526537,1621.5197677620624,1573.4025549113353,1597.3135986328125,1720995
2024-11-21,1603.7096595018463,1621.3230141667038,1595.4638045658976,1615.7340087890625,1651020
2024-11-22,1621.4216509370501,1642.1346051695914,1616.7476901325047,1638.8382568359375,2027685
2024-11-25,1646.42471709014,1700.3376608741291,1645.0865027895038,1694.74853515625,2726845
2024-11-26,1694.4335695720927,1708.2094522515406,1690.2122070852893,1695.72265625,1391695
2024-11-27,1697.3856587471118,1720.9030840712483,1681.0906987673766,1706.812255859375,1464925
2024-11-28,1707.8159708870783,1710.1677254645567,1693.2823942561688,1704.480224609375,1939545
2024-11-29,1697.3857392826326,1713.70027897258,1680.854630123148,1709.3609619140625,1134725
2024-12-02,1709.3999673120047,1726.5214447576989,1701.0261893909217,1714.2510986328125,1185985
2024-12-03,1710.177483714099,1721.7787836777338,1691.4816424076735,1715.737060546875,1255050
2024-12-04,1715.7370328738493,1726.9053138719532,1707.8552502935506,1725.114501953125,1473405
2024-12-05,1725.1439594865594,1750.9147632190463,1720.6077724012905,1735.328369140625,1843620
2024-12-06,1725.921348511835,1755.4410979162565,1723.0775982386024,1751.79052734375,1341275
2024-12-09,1759.6722858986661,1768.2329650620159,1750.7375649938451,1755.16552734375,1640065
2024-12-10,1745.6111533009152,1780.621535306158,1743.6333203429251,1772.86767578125,1984440
2024-12-11,1771.184977055335,1778.6534400760577,1762.5652005577053,1770.4371337890625,1204175
2024-12-12,1782.5993826395886,1840.2612736254289,1777.1775786326834,1809.7476806640625,3366405
2024-12-13,1804.6309357713374,1835.5282993029405,1789.3298167262967,1830.3721923828125,2085325
2024-12-16,1828.0597174191457,1841.0385094991084,1818.4165512976158,1827.21337890625,1158075
2024-12-17,1828.256404457726,1853.8401862208586,1826.2884212451772,1850.4847412109375,1472610
2024-12-18,1851.478583877599,1871.158416019402,1844.0002716869465,1863.94580078125,2166950
2024-12-19,1808.2224537331929,1903.5023232051149,1808.2224537331929,1900.501220703125,3270965
2024-12-20,1916.8155963718068,1928.0528234486171,1839.2967109309045,1844.0887451171875,2766050
2024-12-23,1859.6656048157358,1874.5041561538615,1846.214395267025,1851.154052734375,1558340
2024-12-24,1851.1540786019611,1863.6802736832612,1833.2257787146848,1848.66455078125,1205330
2024-12-26,1850.8883819011774,1884.147349303447,1834.4753475454827,1868.255859375,1494590
2024-12-27,1875.1043394746316,1879.4240772913515,1842.0422436041538,1859.960693359375,1097480
2024-12-30,1847.9560153975601,1973.2574783164173,1847.444320521625,1932.1561279296875,6871995
2024-12-31,1908.953604860161,1910.3213676348819,1865.6481237703133,1901.65234375,1806665
2025-01-01,1906.9757416222812,1917.789799815067,1877.987387206929,1894.8824462890625,798575
2025-01-02,1893.003125268578,1920.2497955514198,1889.263909068747,1908.284423828125,1858400
2025-01-03,1914.847795979929,1917.7997709994252,1875.6947288675017,1902.9710693359375,1501210
2025-01-06,1902.9709402823653,1919.1772532124571,1889.2638843536254,1895.51220703125,1655670
2025-01-07,1897.13582615519,1924.2939705976644,1882.425199616064,1893.2392578125,3033345
2025-01-08,1892.6194121218298,1892.6194121218298,1844.5907220558897,1880.9984130859375,1219475
2025-01-09,1882.4350317054607,1891.2023103953065,1820.8863089562635,1826.8787841796875,1249660
2025-01-10,1844.9843192640799,1879.2764037882348,1824.3106453626594,1850.720947265625,3126025
2025-01-13,1834.849294859207,1834.849294859207,1705.8381560858454,1713.23779296875,4296765
2025-01-14,1722.7725240917068,1733.783332329796,1680.5789599011682,1690.9698486328125,4304205
2025-01-15,1689.9073816415914,1715.5599925922158,1669.1156320678308,1689.1890869140625,3338060
2025-01-16,1692.829897044607,1764.0019777068003,1692.829897044607,1718.3153076171875,1870420
2025-01-17,1710.177399063561,1726.9052562465763,1692.8099233179628,1700.642578125,1539025
2025-01-20,1700.6429418661185,1718.4334705393542,1662.9855560994379,1704.6871337890625,1751100
2025-01-21,1708.0128558321596,1718.5809171732162,1622.041505056535,1625.770751953125,2384255
2025-01-22,1636.5355732979974,1646.2081678991458,1602.4500883977469,1619.2960205078125,1743890
2025-01-23,1714.113481737869,1834.160464959465,1702.7189014902963,1809.8460693359375,11712525
2025-01-24,1790.8650242442664,1855.80848116741,1785.453069500671,1817.3541259765625,4203395
2025-01-27,1789.9791477509623,1796.9261863053673,1721.9853502307967,1732.1597900390625,2747535
2025-01-28,1724.789766495361,1735.092130403156,1660.6532570162553,1672.5496826171875,4544885
2025-01-29,1672.7858318583749,1728.6766065222287,1663.96930496999,1721.3065185546875,1885050
2025-01-30,1731.6509419483082,1732.5483574064294,1637.0314525823221,1642.376220703125,2721965
2025-01-31,1641.7255067353458,1655.7186878946418,1618.2653445783924,1629.8524169921875,1847675
2025-02-01,1636.9821841900102,1657.7895842629162,1579.9835997460625,1592.8724365234375,937265
2025-02-03,1572.8835796837577,1648.7961484885684,1542.343041513079,1645.679931640625,2057765
2025-02-04,1646.4490812333315,1674.0608295255263,1639.319352631167,1668.3511962890625,2373995
2025-02-05,1668.6468618137956,1700.883638562871,1666.585875862792,1676.8515625,1488925
2025-02-06,1693.8722675261008,1700.0750882289467,1674.455348969801,1680.638427734375,1204375
2025-02-07,1682.5808894943364,1699.1085012610172,1666.5167317131595,1683.498046875,1508765
2025-02-10,1686.288883803301,1686.288883803301,1652.7208490224098,1659.5548095703125,1345735
2025-02-11,1659.6631926737457,1670.323356879743,1591.817138785335,1596.895751953125,1279875
2025-02-12,1556.9870615280704,1603.9763648726894,1543.6939961180408,1578.6820068359375,5689675
2025-02-13,1580.772540817012,1591.6101420561556,1544.2954598141491,1553.24951171875,1720920
2025-02-14,1568.9389141743923,1569.3432627480272,1513.9125986374493,1537.0572509765625,2360225
2025-02-17,1525.1546235863375,1528.3103242058774,1478.046989222582,1515.480712890625,2375535
2025-02-18,1518.6362383411001,1537.0867639145226,1486.5375337887156,1517.1175537109375,2664345
2025-02-19,1516.4767839021742,1549.7588035611675,1491.261272263107,1533.3692626953125,1992460
2025-02-20,1526.5351597372467,1553.1607729884777,1501.881814134255,1537.0572509765625,2927410
2025-02-21,1518.656115396368,1527.9060564275298,1466.3811464044202,1478.451416015625,3057110
2025-02-24,1449.6165580298425,1519.9180689465732,1428.9077500579874,1504.5245361328125,3253465
2025-02-25,1494.9985159730215,1521.7029747485,1481.6264844609102,1505.5797119140625,1271640
2025-02-27,1522.580712323812,1522.580712323812,1461.539006184954,1477.03125,1368470
2025-02-28,1459.418938395766,1470.2566606463843,1399.9452658005682,1452.01318359375,7373890
2025-03-03,1452.2005077240601,1463.1169570964425,1427.6753622988817,1451.00732421875,1711805
2025-03-04,1439.7553550048592,1457.4860215546987,1408.7118820902488,1422.478271484375,2133295
2025-03-05,1485.3245497144426,1578.9973895783046,1479.2006973482723,1541.1693115234375,16970990
2025-03-06,1548.8710864049274,1565.9804838627826,1493.3615759466475,1503.8836669921875,5258055
2025-03-07,1497.9372716403282,1526.5351524023883,1471.3806349182155,1520.075927734375,3535940
2025-03-10,1517.068235773158,1520.046379058107,1475.4139544113611,1486.014892578125,1325145
2025-03-11,1469.3098645407526,1511.536184586014,1420.0327835736334,1505.2545166015625,2961420
2025-03-12,1516.6740190151438,1526.5452295103396,1435.6237272367066,1459.5374755859375,3819490
2025-03-13,1464.4087074398572,1471.3116441079237,1434.8246931481428,1438.226806640625,1455270
2025-03-17,1442.5363161271905,1459.2513576980275,1426.1369048109266,1452.5850830078125,2070180
2025-03-18,1452.5850830078125,1452.5850830078125,1452.5850830078125,1452.5850830078125,0
2025-03-19,1493.0066960873621,1498.4600453408586,1452.4568757088678,1489.15087890625,1967245
2025-03-20,1508.7846793489873,1534.4241575601468,1489.4564813884144,1494.6435546875,1799675
2025-03-21,1471.6173607156327,1540.3409661420649,1453.5809353377151,1527.876220703125,5739725
2025-03-24,1535.508868122522,1551.937890425029,1503.8539982030902,1532.3631591796875,2805970
2025-03-25,1552.1746531004014,1594.085341001778,1540.3410471047184,1569.570068359375,4540895
2025-03-26,1576.3052651771382,1602.5660130659494,1569.5700146643014,1583.1785888671875,3309815
2025-03-27,1564.9944071182488,1610.3565638463137,1564.9944071182488,1599.0357666015625,2713415
2025-03-28,1611.825812839459,1627.1207575910275,1582.6461476257382,1599.3511962890625,2518165
2025-04-01,1591.6102330419474,1591.6102330419474,1530.4798026178564,1534.5821533203125,2221335
2025-04-02,1534.5821137773141,1545.1534399519414,1509.5836442983202,1530.7855224609375,2470850
2025-04-03,1498.1542334396147,1508.7749142272046,1408.5936104636376,1411.630859375,6409960
2025-04-04,1390.5176073031923,1399.097043422604,1294.0343118970811,1303.254638671875,11705110
2025-04-07,1178.4299424090034,1265.1998496261276,1177.4536795346269,1250.5557861328125,11740295
2025-04-08,1281.579340108755,1319.4567694580169,1256.373825182395,1276.56982421875,4082910
2025-04-09,1252.3899375986182,1261.0679632700515,1217.8752542789712,1247.1929931640625,5467845
2025-04-11,1286.6383415779346,1301.2922754913238,1239.550452336458,1245.8123779296875,8440465
2025-04-15,1265.40685042655,1286.904615526642,1249.4315309365943,1275.2681884765625,2791565
2025-04-16,1275.268106822232,1279.6071193619468,1249.924517807493,1263.8289794921875,2153440
2025-04-17,1250.3191068188598,1315.1080512825401,1232.8644658056398,1301.6966552734375,8477320
2025-04-21,1315.4039153967078,1392.6181206200301,1314.7135495019756,1368.3592529296875,4754435
2025-04-22,1367.7675879266912,1388.9694647402628,1355.6380939706528,1371.9093017578125,2141160
2025-04-23,1420.6243618800072,1465.3948615368126,1407.9032114829233,1457.9002685546875,8121570
2025-04-24,1459.4780218716473,1476.143707142876,1426.1466513291898,1430.0911865234375,3868135
2025-04-25,1441.7275967114026,1481.961903375343,1416.3840065345028,1457.5057373046875,5022010
2025-04-28,1461.4502749001929,1473.0867017582893,1430.880127449514,1455.0404052734375,2291125
2025-04-29,1470.5225637393867,1490.0480596609887,1449.7151662008557,1476.2421875,2852330
2025-04-30,1474.4671822615392,1481.1729401282298,1435.7121968669364,1440.741455078125,2021165
2025-05-02,1447.4472913240536,1486.399577810859,1443.995822901172,1454.64599609375,2079045
2025-05-05,1463.4224814867223,1497.937162653862,1459.477946496192,1478.5103759765625,2420060
2025-05-06,1548.2302853397757,1577.6171248941116,1457.5059628867443,1464.6060791015625,11503675
2025-05-07,1459.4781076531663,1501.8818634836298,1446.8555461386122,1498.9234619140625,2994720
2025-05-08,1503.0650534119231,1563.8109903230775,1502.8678748077623,1529.3948974609375,5923215
2025-05-09,1493.7081868640514,1531.273316646205,1493.7081868640514,1518.6197509765625,2793100
2025-05-12,1581.8871900189883,1655.6335607585738,1550.5500145327042,1643.276611328125,6150415
2025-05-13,1660.5763719602483,1665.7168147512734,1623.7031858925618,1634.379638671875,3061420
2025-05-14,1628.1516545009815,1679.5565640541392,1627.163098548036,1673.32861328125,3161205
2025-05-15,1673.3286285669253,1689.4421390164632,1653.1621834812893,1672.8343505859375,2536890
2025-05-16,1676.5908811764414,1680.4462734930585,1662.751097959183,1665.9144287109375,1186730
2025-05-19,1666.5076757426846,1666.5076757426846,1631.6116022925412,1636.158935546875,1391245
2025-05-20,1656.4243955813206,1684.4994098806662,1617.8707119044745,1622.3192138671875,4093215
2025-05-21,1623.6044291216233,1643.9686589705955,1610.5554172717902,1634.28076171875,1140780
2025-05-22,1621.2317503075583,1654.7438209882166,1615.3992460955658,1633.4898681640625,1588285
2025-05-23,1643.1777200598042,1674.8115117735165,1629.2391047206174,1645.2537841796875,1916425
2025-05-26,1653.4586631088591,1677.5794525004565,1637.6417678584128,1671.7469482421875,1328450
2025-05-27,1670.6594394174044,1676.4919432518107,1660.7738806042837,1672.5377197265625,823720
2025-05-28,1687.464966347045,1695.175750842216,1671.8457344407568,1674.0206298828125,1397865
2025-05-29,1689.244368824378,1719.8896016996157,1683.6095277949344,1706.3463134765625,1920635
2025-05-30,1714.5514993680845,1716.9240578319493,1673.6252580547598,1690.529541015625,1536140
2025-06-02,1690.3319080462325,1703.3807988187316,1671.1538977440202,1697.449462890625,1574265
2025-06-03,1708.2247650624117,1711.4870481261378,1676.9864196507995,1680.3475341796875,910355
2025-06-04,1699.3275909910483,1710.6959838336295,1674.613693507176,1704.7646484375,1812516
2025-06-05,1704.7647232971538,1771.4922494337486,1693.3963299553634,1745.789794921875,2409185
2025-06-06,1759.1352539406264,1763.089477607815,1724.0415188943255,1755.1810302734375,1206610
2025-06-09,1768.0323026693252,1784.343475716037,1751.7211296226137,1773.4693603515625,1439693
2025-06-10,1796.2060094738033,1873.3133670626623,1796.2060094738033,1809.551513671875,6550333
2025-06-11,1814.0001994520715,1826.8514270231215,1789.780578260477,1795.7119140625,2303047
2025-06-12,1800.6546958181564,1807.080309610535,1746.2841175749509,1764.078125,1603658
2025-06-13,1748.755507022533,1801.1489733154638,1724.5358858116501,1771.986572265625,1328872
2025-06-16,1771.9864206035204,1827.8398280032966,1764.5722514796562,1808.56298828125,1346285
2025-06-17,1814.0001980450709,1841.185487116591,1794.7233567034475,1819.437255859375,1357037
2025-06-18,1810.0458222059713,1828.8283839874641,1785.8262030666779,1812.5172119140625,1254949
2025-06-19,1817.9543777516853,1818.9429336939104,1757.6524652759633,1773.4693603515625,1334241
2025-06-20,1774.952133178711,1817.9543151855469,1759.6295166015625,1811.034423828125,1770433
2025-06-23,1794.2291246431892,1826.8514723639746,1784.8378427235693,1810.0460205078125,655286
2025-06-24,1837.7254942864276,1853.5423893421473,1814.4944296733395,1840.691162109375,1519443
2025-06-25,1848.5995483398438,1873.3134460449219,1841.6796569824219,1858.485107421875,1087112
2025-06-26,1862.4393310546875,1872.3248901367188,1839.7025451660156,1866.3935546875,2528144
2025-06-27,1874.3018953384114,1932.626690604744,1871.3362277824963,1877.7618408203125,3971962
2025-06-30,1894.0731049257924,1907.4186095794971,1861.4507602167366,1902.475830078125,1701327
2025-07-01,1907.9129487869798,1938.85479772835,1884.2864378771794,1900.498779296875,2376579
2025-07-02,1898.1261597163718,1933.51650921057,1884.1875456591204,1904.0574951171875,1567953
2025-07-03,1912.3614811210139,1934.0108805136545,1904.354202078074,1916.1180419921875,1090866
2025-07-04,1920.764220556388,1930.6497801063438,1901.6850423556398,1928.2772216796875,859326
2025-07-07,1928.277298461021,1944.6873038327044,1914.5363460047702,1919.4791259765625,932234
2025-07-08,1922.6425314962348,1971.180605521603,1919.08375413648,1927.2886962890625,1511062
2025-07-09,1931.6384150137694,1937.5697509861761,1900.5977326235068,1909.1982421875,939038
2025-07-10,1913.8443472526385,1916.8100151461085,1853.9378799392118,1866.0970458984375,1659275
2025-07-11,1866.096971053173,1871.6329807709476,1825.0719001722682,1846.4248046875,2092630
2025-07-14,1841.6796873046874,1869.1615902745405,1820.920012890625,1853.5423583984375,1090630
2025-07-15,1853.5424641161048,1893.0847033505815,1850.7744591003564,1872.2261962890625,1579538
2025-07-16,1870.5455642192935,1872.6216283016822,1847.8087768356984,1860.8577880859375,1256821
2025-07-17,1868.370898982745,1871.7320136235205,1834.7599939216798,1843.95361328125,851068
2025-07-18,1843.9535527895418,1860.2647267693753,1817.559035218171,1838.022216796875,1092144
2025-07-21,1838.6152340639464,1863.2303013338565,1821.9086143876889,1852.8504638671875,746077
2025-07-22,1856.5079958878123,1861.9450533837562,1826.8513186372081,1837.13232421875,1001823
2025-07-23,1846.3259903974613,1847.7099929302303,1817.9544815057236,1828.531982421875,1602723
2025-07-24,1812.0231132416282,1816.4716151562966,1651.7782128501267,1656.81982421875,11480454
2025-07-25,1655.8311467944618,1705.258942221162,1634.5771947609805,1669.4732666015625,5036489
2025-07-28,1669.4732206720819,1712.1787864765313,1648.4169321302631,1704.9622802734375,2064973
2025-07-29,1690.4307091870096,1707.1373292194899,1674.6138136624527,1700.810546875,3254411
2025-07-30,1705.2588965150758,1732.938461212132,1691.8145606540277,1729.478515625,1877573
2025-07-31,1709.7612706240138,1740.1795581630997,1685.5852058722287,1732.15380859375,2814159
2025-08-01,1728.7851724999066,1730.469520446759,1684.7926795393414,1690.6385498046875,1167544
2025-08-04,1689.350515693776,1733.442068742675,1674.488194441338,1730.4696044921875,1391708
2025-08-05,1728.9832970300442,1731.955761151013,1683.0091611024222,1691.0347900390625,1980437
2025-08-06,1691.0347801128685,1694.7008917438015,1619.0021150508376,1623.2626953125,2517229
2025-08-07,1623.2627640400735,1692.3229679225346,1617.912304237228,1688.458740234375,2503589
2025-08-08,1666.5613454961997,1666.5613454961997,1586.6021188573902,1592.0516357421875,3441538
2025-08-11,1592.0517406901529,1611.9672249738132,1569.758261055488,1599.0865478515625,1857927
2025-08-12,1604.7342667752075,1636.8369033554466,1599.0866333457589,1610.4810791015625,1170688
2025-08-13,1619.992913794435,1625.0460785098744,1592.4480317732107,1606.81494140625,873679
2025-08-14,1611.075447928165,1634.7561013958034,1606.7158099799606,1626.9285888671875,1241786
2025-08-18,1648.7267913772275,1651.302902798779,1627.027778767083,1640.3048095703125,1056549
2025-08-19,1649.6184885384548,1649.6184885384548,1624.649717967702,1637.5303955078125,844413
2025-08-20,1627.325028418206,1705.2035632469474,1617.7139886411378,1692.71923828125,2185643
2025-08-21,1699.2587300901139,1717.4898683521938,1662.697395614234,1712.3375244140625,2306077
2025-08-22,1712.3374306923638,1739.8823129562445,1705.4016811532445,1731.658447265625,2262754
2025-08-25,1740.8730885339162,1781.00135266916,1740.8730885339162,1747.808837890625,2137912
2025-08-26,1736.8108400839747,1762.6712541932936,1718.5797023036919,1723.335693359375,1692453
2025-08-28,1714.121017132708,1737.0089672177414,1695.2954105861638,1721.2548828125,1147193
2025-08-29,1716.1024198422906,1741.3683619358114,1704.4106806112268,1708.47314453125,868677
2025-09-01,1714.1210456595966,1755.0420184243699,1713.1302242459205,1748.4034423828125,1050753
2025-09-02,1761.6802372780867,1765.9408171655098,1735.4234733366527,1738.4949951171875,1084460
2025-09-03,1728.9833350555787,1743.0529504909798,1702.3302153280704,1715.904541015625,915451
2025-09-04,1725.0200475875877,1731.658502549875,1671.020281594754,1676.9652099609375,1208094
2025-09-05,1690.1431159303293,1695.09722270589,1624.9470223839978,1643.0791015625,1573984
2025-09-08,1654.5726398114648,1670.5248397735384,1640.99831439166,1647.1414794921875,1245512
2025-09-09,1659.6257490081516,1698.2677813731177,1651.6991782666203,1681.0274658203125,1705824
2025-09-10,1696.286114153206,1762.4730272676363,1694.304471496485,1752.3665771484375,2946800
2025-09-11,1752.3666334518061,1758.5097984549423,1728.9832735411667,1754.74462890625,900505
2025-09-12,1765.6436219507334,1774.4619560370943,1744.7373159369138,1747.808837890625,1155805
2025-09-15,1749.6913790054916,1757.6179495012864,1724.3263776089213,1738.1978759765625,570950
2025-09-16,1742.8546090152179,1768.6159619625719,1737.306034108837,1763.2655029296875,782670
2025-09-17,1770.597710100213,1800.9168184950552,1762.4730236044907,1775.4527587890625,1223772
2025-09-18,1789.4233451962439,1810.6269461233164,1786.54993911199,1807.7535400390625,2107488
2025-09-19,1813.2029840285284,1813.2029840285284,1775.6508324644124,1778.821533203125,1490876
2025-09-22,1704.2126351196903,1730.568457496103,1686.5759676088542,1701.14111328125,2928020
2025-09-23,1702.2310674832402,1707.383290087525,1646.9431881570956,1652.5909423828125,2038607
2025-09-24,1657.9415190926268,1657.9415190926268,1603.149046562546,1608.30126953125,2635426
2025-09-25,1608.895910830887,1631.88291997579,1572.8299860415668,1576.6942138671875,1465683
2025-09-26,1576.8921941807412,1579.3692475803339,1517.6410284825336,1524.378662109375,1851852
2025-09-29,1539.6373497569034,1560.4445985096581,1511.0025879976615,1537.952880859375,2271394
2025-09-30,1569.3619212961323,1596.2131550211639,1544.0959775015701,1576.396728515625,6590593
2025-10-01,1576.3968355666882,1591.7545671514047,1540.033738839601,1586.10693359375,1603862
2025-10-03,1580.3601025084915,1604.9325211343419,1573.9197635327516,1598.2939453125,1434833
2025-10-06,1600.0774641367645,1651.0057070481867,1583.4316166416334,1647.1414794921875,1432985
2025-10-07,1655.0679426787074,1676.4696588140193,1631.8826998030083,1671.0201416015625,1937983
2025-10-08,1667.0568819749506,1717.2914748527326,1657.9413741503397,1697.970458984375,2733508
2025-10-09,1704.2125875706006,1712.6345683812692,1683.4053408618897,1704.3116455078125,1167579
2025-10-10,1719.0749593063533,1731.3611676435303,1697.2768906580882,1706.4915771484375,1374406
2025-10-13,1694.3044617126038,1707.08608096462,1670.9211026882983,1700.2493896484375,857446
2025-10-14,1711.2475476337422,1719.0750605721432,1672.5064566258086,1684.8917236328125,836488
2025-10-15,1694.304635885228,1755.537448298927,1694.304635885228,1749.1961669921875,2653260
2025-10-16,1750.7813044690693,1758.7078751740794,1732.74840449512,1745.331787109375,579027
2025-10-17,1740.8730793838379,1740.8730793838379,1695.2952981364524,1718.9759521484375,1237165
2025-10-20,1724.0291040658133,1741.368477238889,1721.9484034750178,1731.3612060546875,456862
2025-10-21,1746.52074509741,1748.4033298522038,1713.1301139855639,1725.515380859375,106674
2025-10-23,1759.6987821908544,1765.9410053049278,1730.0731985484542,1738.59423828125,1981822
2025-10-24,1752.7629732305354,1758.7079013477673,1731.0639614126646,1743.8455810546875,1609152
2025-10-27,1833.0194431617185,1849.4670528941688,1803.2948035428797,1813.7974853515625,6887265
2025-10-28,1824.9938168021097,1829.056160031491,1784.9646112116634,1793.1884765625,2276191
2025-10-29,1793.3865458197304,1805.2764013721264,1765.8416654100668,1780.9022216796875,1754243
2025-10-30,1792.990250728557,1796.3590674332982,1772.4802976215387,1791.107666015625,1236877
2025-10-31,1797.3638441610865,1800.0449461596106,1761.9131251143217,1765.6865234375,697258
2025-11-03,1765.5872568064672,1785.4476308987785,1745.726882714156,1782.27001953125,1055825
2025-11-04,1774.524313269865,1781.8726754643499,1747.7128099356253,1754.6639404296875,1067437
2025-11-06,1738.7757280014096,1764.5942139683066,1736.3924588993063,1751.585693359375,1453706
2025-11-07,1737.7826567556963,1739.272184747201,1703.0270036205823,1728.051025390625,1410909
2025-11-10,1728.2495963342437,1759.8275150952772,1711.2690025114694,1745.3294677734375,1401690
2025-11-11,1756.451477292723,1787.4336114031375,1745.5282718897038,1784.5538330078125,2162659
2025-11-12,1795.3778868724685,1819.2103366982094,1788.426755673294,1814.9403076171875,1138331
2025-11-13,1817.2241964108819,1817.2241964108819,1785.844830159101,1797.5623779296875,1550251
2025-11-14,1788.4266273368178,1792.398702022741,1743.7407871201845,1787.036376953125,1575511
2025-11-17,1793.4909721913255,1802.4281401044611,1778.9929240425247,1788.52587890625,518247
2025-11-18,1777.5034196516299,1782.468513002612,1759.1325742529957,1771.84326171875,785781
2025-11-19,1770.9495690912245,1852.6749351519732,1763.4026512350122,1845.227294921875,2324817
2025-11-20,1864.888988485346,1874.8191747925098,1827.6507898334821,1833.211669921875,1733072
2025-11-21,1824.0760094376283,1836.985252078775,1778.5957061069648,1784.9510498046875,1342531
2025-11-24,1789.419748387439,1822.1893664211714,1787.4337109308492,1795.576416015625,1409000
2025-11-25,1802.3288683068085,1821.3947780958729,1780.681013026683,1818.9122314453125,1612174
2025-11-26,1832.8144122684064,1859.9238689902586,1817.4226237102914,1858.037109375,902345
2025-11-27,1864.8889843905667,1901.6306736463978,1858.9308726193508,1896.8641357421875,1702344
2025-11-28,1902.6237183640135,1918.9092483389322,1887.7284387317275,1895.3746337890625,1344163
2025-12-01,1905.6027908587005,1922.4841079220657,1884.7493991921906,1889.3172607421875,957784
2025-12-02,1894.67949607202,1913.745404777961,1888.721384449152,1900.538330078125,789262
2025-12-03,1908.5818706597222,1920.4980946180556,1881.869644376172,1899.148193359375,1033164
2025-12-04,1908.5818897368924,1972.135084816581,1904.411259797028,1952.4732666015625,3120396
2025-12-05,1956.246802975531,1974.319694495476,1943.337560113256,1964.0916748046875,1822538
2025-12-08,1966.1769553426484,1975.809187899259,1919.2071240333344,1937.6773681640625,1538773
2025-12-09,1924.5692633674612,1924.5692633674612,1842.2479997951411,1860.4202880859375,2178634
2025-12-10,1870.5492399210157,1875.8122874147664,1803.5204789890429,1807.4925537109375,1182576
2025-12-11,1815.2382027702283,1850.9868763477602,1811.1668503008525,1828.544677734375,1305450
2025-12-12,1837.0846180063143,1841.7517574675207,1813.0536136526084,1838.07763671875,1341771
2025-12-15,1842.0496659712358,1861.8107621031727,1822.685801558061,1856.9449462890625,774833
2025-12-16,1853.9658892345992,1858.3351957024468,1828.643912707828,1853.767333984375,810515
2025-12-17,1853.7673432774911,1874.1242264696918,1828.0481349032368,1831.821533203125,728993
2025-12-18,1836.7867037712356,1857.1435878179993,1815.2382457309286,1841.8511962890625,983034
2025-12-19,1858.136533227865,1864.5911547440835,1824.175342352848,1832.5167236328125,2031217
2025-12-22,1837.084530117145,1868.861127394847,1834.8999375415424,1855.6539306640625,824181
2025-12-23,1834.105421932529,1834.105421932529,1727.157363250231,1767.771728515625,3815131
2025-12-24,1767.7717746041624,1768.5662380214508,1720.0076011785895,1725.5684814453125,2702033
2025-12-26,1717.92227331931,1732.5195990620098,1647.3186711854712,1661.6181640625,4261704
2025-12-29,1699.0549079254981,1702.729028438449,1625.6708055429574,1671.54833984375,8071211
2025-12-30,1673.1372408472778,1673.1372408472778,1621.8974998960807,1643.3466796875,8204848
2025-12-31,1659.2347635754209,1665.6893843221183,1635.2036412953255,1651.389892578125,2650044
2026-01-01,1658.3412961392664,1660.3273336196728,1640.367681185211,1644.240478515625,1009599
2026-01-02,1651.2908199662852,1651.2908199662852,1616.932397200462,1638.77880859375,2358220
2026-01-05,1647.4179381209083,1649.5032530394674,1618.6203973098736,1630.53662109375,1643132
2026-01-06,1636.4948041479008,1650.7942975539786,1622.6918200877417,1645.53125,1387735
2026-01-07,1648.4109422637196,1693.096781060025,1638.4807558645405,1689.6212158203125,1845212
2026-01-08,1688.1316971909155,1695.7778922733062,1632.2246989672954,1635.501708984375,1508881
2026-01-09,1636.3954280088233,1673.2363950144847,1636.3954280088233,1669.860107421875,1700004
2026-01-12,1673.2364515150107,1690.3163240758768,1656.653088286938,1685.251953125,1476570
2026-01-13,1698.0619156915332,1705.0130463405628,1671.3496893823565,1696.5723876953125,2425785
2026-01-14,1698.0618608158866,1717.1277700641253,1661.7174031262532,1669.860107421875,1903405
2026-01-15,1669.860107421875,1669.860107421875,1669.860107421875,1669.860107421875,0
2026-01-16,1688.1317471451275,1723.6818641898944,1684.1596724459625,1720.206298828125,3448276
2026-01-19,1727.8525034586587,1729.7392631945613,1704.1193327594858,1715.936279296875,1311096
2026-01-20,1718.9152538524907,1718.9152538524907,1674.2294153641244,1681.8756103515625,1719928
2026-01-21,1681.8757108944098,1682.670174335601,1581.8787770531792,1657.5467529296875,3976423
2026-01-22,1669.2643041861793,1728.0509581426195,1662.3131738296634,1675.91748046875,2134697
2026-01-23,1662.2140314462463,1698.0619823863371,1618.0246991560755,1624.975830078125,3575484
2026-01-27,1632.522702671699,1672.640681409198,1621.8974513301148,1652.6810302734375,3017548
2026-01-28,1659.3340871882656,1685.3511261243282,1657.0500959119609,1682.3720703125,1311827
2026-01-29,1678.6980995846727,1682.9681284494434,1648.6095847162337,1666.3846435546875,1643016
2026-01-30,1647.4721584747156,1660.8104265374857,1637.0205495573387,1646.17822265625,1487848
2026-02-02,1657.724696013473,1670.1670872686664,1630.4509500805436,1660.51171875,790021
2026-02-03,1732.9763064093938,1750.8933503584858,1694.653740184947,1704.20947265625,1260061
2026-02-04,1654.340333145527,1654.340333145527,1557.3891966608444,1606.4620361328125,4759330
2026-02-05,1590.6353709974437,1612.533980610675,1580.283276696915,1592.4271240234375,1684388
2026-02-06,1596.6076972833118,1596.6076972833118,1524.1431596763384,1538.875,2751610
2026-02-09,1544.9468127750515,1565.1533047726755,1531.210485736606,1542.1597900390625,1542877
2026-02-10,1553.8058418554308,1570.4288282036434,1535.2915877082187,1543.8519287109375,3139868
2026-02-11,1550.8197576947691,1552.8105404389216,1506.0271459513388,1513.39306640625,1685032
2026-02-12,1493.087076193172,1494.0824675773006,1405.7913004081727,1414.9488525390625,5303522
2026-02-13,1353.1349623511778,1386.082390197229,1327.851998939392,1355.52392578125,12847607
2026-02-16,1351.1441868246886,1392.5524409679365,1328.8473972067156,1386.0823974609375,5116779
2026-02-17,1388.5709704093713,1426.2963278854813,1363.6861859934327,1372.4456787109375,3467546
2026-02-18,1377.2234200622968,1378.6169922260208,1332.8289910401745,1366.4732666015625,2353241
2026-02-19,1400.5156643746268,1411.4649694976695,1348.7553128838802,1354.7276611328125,3014508
2026-02-20,1334.2226011907753,1365.9756098274208,1312.8216869837338,1334.421630859375,2423179
2026-02-23,1334.620641722755,1339.2989320126126,1271.7118415768014,1283.059326171875,4790112
2026-02-24,1272.1102058720637,1276.2908011380312,1193.3747706395893,1206.6134033203125,10454471
2026-02-25,1222.2410507650088,1260.065921687406,1202.432738796207,1207.3101806640625,5227982
2026-02-26,1224.3312323559132,1233.7874491911825,1190.4879299981076,1194.86767578125,6063557
2026-02-27,1211.4907586078696,1229.3082876453277,1176.6520621968684,1180.3350830078125,3210664
2026-03-02,1124.792183342121,1191.2843716330474,1124.4935173452218,1157.3414306640625,2447816
2026-03-04,1134.746049929888,1170.4806208915054,1130.7644848424145,1164.6077880859375,3036423
2026-03-05,1180.5341541671758,1185.5111109722652,1131.8594923118558,1147.3875732421875,3099614
2026-03-06,1147.3874635275758,1176.3534465696198,1142.8086880062688,1157.54052734375,1741522
2026-03-09,1131.759919819079,1168.987579126107,1112.349789268092,1163.11474609375,2207760
2026-03-10,1174.661361477303,1176.5526294302192,1130.7646252391955,1133.9498291015625,2443222
2026-03-11,1140.6189349825877,1154.0567177683404,1099.9074057967982,1103.68994140625,3030604
2026-03-12,1101.8983128646946,1122.9010477333763,1073.5296571134354,1102.794189453125,4181637
2026-03-13,1094.9304354898081,1094.9304354898081,1068.0548702550584,1084.6778564453125,2704974
2026-03-16,1071.0409755684273,1096.0252714218718,1065.566323741637,1075.6197509765625,3504696
2026-03-17,1082.886284702218,1082.886284702218,1003.4540055816377,1068.9508056640625,6318399
2026-03-18,1079.302959192847,1142.9083733642112,1076.416299789657,1126.7830810546875,6762954
2026-03-19,1104.8843690329659,1115.7341587601509,1082.4880642552705,1087.2659912109375,2611603
2026-03-20,1104.8844607289525,1125.7876802562569,1072.335210353817,1084.2799072265625,2721237
2026-03-23,1072.0364325073988,1102.395867225575,1059.9922220518974,1095.32861328125,3639224
2026-03-24,1121.8060244301178,1122.7019009250862,1078.00880608502,1104.98388671875,3020611
2026-03-25,1124.792195518211,1160.3276171629068,1105.0833987104636,1157.7396240234375,4460380
2026-03-27,1156.644757566664,1174.8604680143962,1135.1443285433918,1139.4244384765625,3106962
2026-03-30,1129.7691138551288,1131.1626859623102,1105.879722901364,1109.5626220703125,1568667
2026-04-01,1144.700102583915,1182.027279842086,1139.8226604539661,1148.5821533203125,1991196
2026-04-02,1128.0770402812047,1229.308289704817,1124.7922002967152,1207.807861328125,6403645
2026-04-06,1207.8078280782622,1222.2410019325248,1194.4695603527773,1214.576416015625,2994825
2026-04-07,1211.1921402401417,1238.565400036344,1196.4603009103691,1224.928466796875,3163487
2026-04-08,1269.024426986747,1269.1239418178925,1220.3497667990086,1264.545166015625,4123786
2026-04-09,1266.4363542280028,1274.1008183603628,1232.2943852579135,1259.0704345703125,4331623
2026-04-10,1265.1423169488785,1266.1377082289325,1207.4096227057353,1218.6575927734375,4067185
2026-04-13,1206.7129313578967,1232.9911646843605,1194.4695696657318,1225.6253662109375,2000659
2026-04-15,1244.2390842375596,1281.7652864150753,1239.66030870911,1276.788330078125,2626157
2026-04-16,1293.013319068867,1328.74789160334,1285.0501885434237,1307.1478271484375,3695658
2026-04-17,1303.9626137433295,1322.8750485991488,1287.3396274994636,1310.7313232421875,2822554
2026-04-20,1310.7313788814308,1313.717552932794,1274.100928581616,1282.16357421875,2018128
2026-04-21,1284.0547747071985,1297.9902528823152,1274.100861724972,1286.8419189453125,1636421
2026-04-22,1267.033607099648,1268.0289983973132,1202.63171723607,1230.1046142578125,6289853
2026-04-23,1231.7967468251068,1237.3709138627291,1210.1968039889214,1214.974609375,2115050
2026-04-24,1205.418944052045,1208.902813832542,1131.0632576256692,1145.595947265625,5331848
2026-04-27,1150.6723399987065,1200.342390049331,1150.5728251704943,1196.8585205078125,1701923
2026-04-28,1200.441950022632,1208.2060510388064,1186.5064713324855,1195.365478515625,1325561
2026-04-29,1201.2383162266392,1224.2318318506016,1194.4696065199337,1198.451171875,1174935
2026-04-30,1196.4604127893429,1202.1340949290939,1172.6705350221841,1190.3885498046875,1424354
2026-05-01,1190.3885498046875,1190.3885498046875,1190.3885498046875,1190.3885498046875,0
2026-05-04,1204.2244493948308,1205.617900015652,1141.8133416665523,1146.2926025390625,2133159
2026-05-05,1160.62630778052,1175.85584395569,1142.211567905786,1163.4134521484375,1607889
2026-05-06,1255.3874378935254,1289.8280735018486,1241.1534154469857,1274.4990234375,26656460
2026-05-07,1288.9323198425668,1306.5506986323799,1271.8115152340824,1279.3765869140625,5846100
2026-05-08,1273.2049749779535,1367.667632718342,1269.123894989728,1361.7947998046875,9375709
2026-05-11,1369.4593925301722,1381.404088072493,1353.3339806434033,1368.862060546875,5641233
2026-05-12,1367.0705631535857,1367.0705631535857,1310.8309494611872,1314.3148193359375,4590660
2026-05-13,1314.9119474097256,1321.8796867222675,1285.4483883325224,1291.1220703125,2151407
2026-05-14,1299.881628910377,1299.881628910377,1244.040196730911,1268.725830078125,3004315
2026-05-15,1278.5802478310168,1307.3470834695177,1269.3230592475177,1276.1912841796875,3346591
2026-05-18,1276.1911382821515,1345.569983538462,1268.7257036675521,1341.886962890625,4392898
2026-05-19,1358.7091613423722,1440.3312501556138,1354.0308707086078,1405.4925537109375,8133656
2026-05-20,1404.4971360528123,1437.7432300525604,1387.1773029863348,1395.8372802734375,4869095
2026-05-21,1398.4253744757966,1416.9396298477072,1359.8041403173165,1370.6539306640625,2273142
2026-05-22,1371.6493599514852,1395.4392388995068,1363.3875626636304,1380.7073974609375,2494600
2026-05-25,1391.55712890625,1408.677811788984,1370.2557293839634,1391.55712890625,1369562
2026-05-26,1393.5478274865477,1421.8169648599633,1388.6703857887992,1416.2427978515625,1780000
2026-05-27,1418.4326410418073,1426.7939524905473,1375.8298436411087,1382.0013427734375,1709429
2026-05-28,1382.0013427734375,1382.0013427734375,1382.0013427734375,1382.0013427734375,0
2026-05-29,1403.5017702684534,1443.1183936635202,1399.0225092995115,1415.2474365234375,3533060
2026-06-01,1431.5718188171136,1491.2953009789912,1431.472303981724,1454.4658203125,5877548
2026-06-02,1465.4151318022866,1546.8381947764992,1455.2621883933346,1512.4971923828125,10654328
2026-06-03,1483.1330789750837,1483.1330789750837,1410.469512018586,1414.3515625,4844251
2026-06-04,1403.5017685536677,1436.4491971167504,1384.5893333745757,1429.879638671875,2111985
2026-06-05,1447.000351239895,1466.5101188298759,1418.0344873695828,1428.88427734375,2525034
2026-06-08,1403.5017180982318,1440.3311958071927,1396.5339790722123,1414.550537109375,2143995
2026-06-09,1433.2639960355255,1433.2639960355255,1387.0778141616086,1405.4925537109375,1845056
2026-06-10,1408.3793216649092,1427.988483718438,1391.8558486618901,1396.2354736328125,1190652
2026-06-11,1380.8067849519675,1402.7053939039652,1349.9496541559706,1387.37646484375,1646487
2026-06-12,1403.501721680749,1403.899902499083,1357.7137222500294,1360.89892578125,2484998
2026-06-15,1392.5523854410371,1408.4786457462956,1371.6491687903854,1396.0362548828125,2234241
2026-06-16,1413.3561015995176,1461.632578639416,1398.624262064665,1458.0491943359375,4085487
2026-06-17,1487.6123881424642,1490.8972282349323,1446.6023126963978,1458.945068359375,4831921
2026-06-18,1452.1764975000758,1487.5128912203772,1429.3820107705033,1476.1654052734375,4808752
2026-06-19,1397.2307330689941,1462.0308045480647,1391.358021546912,1456.55615234375,8297808
2026-06-22,1468.2021504578481,1498.063889111228,1467.704454813625,1477.0611572265625,3965449
2026-06-23,1473.5774170305672,1484.5267221643278,1463.5239884365706,1474.3736572265625,2646004
2026-06-24,1471.2879070773201,1497.5662626070662,1471.2879070773201,1490.9967041015625,2312701
2026-06-25,1505.031725933878,1514.686973456154,1478.5543402421436,1486.019775390625,2997232
2026-06-26,1486.019775390625,1486.019775390625,1486.019775390625,1486.019775390625,0
2026-06-29,1486.5175161650955,1516.5782873385367,1475.6677257852618,1484.5267333984375,6361979
2026-06-30,1490.0013517090106,1495.9736998715096,1450.981937476043,1458.945068359375,4539593
2026-07-01,1463.5238836361943,1467.7044785120797,1355.9219864115953,1364.3828125,4675747
2026-07-02,1388.5708837885395,1451.1810217748875,1383.6934420457294,1435.2547607421875,5761491
2026-07-03,1453.669423375411,1485.9201245668442,1444.4122360354097,1457.2528076171875,4053069
2026-07-06,1460.1395646370975,1484.1284713615837,1454.9634568222777,1475.0704345703125,1513526
2026-07-07,1475.1699455184123,1515.8814750640227,1475.0704306873324,1509.2122802734375,3465445
2026-07-08,1510.0086263919911,1510.0086263919911,1426.3957558468842,1439.236328125,2843349
2026-07-09,1443.317410829281,1472.3827887063376,1421.2197721769176,1461.8316650390625,1647511
2026-07-10,1488.9064977435785,1515.981095093566,1483.1331790475463,1496.86962890625,2750522
2026-07-13,1487.2141009738536,1540.766200938845,1463.2251952043614,1533.7984619140625,5132000
2026-07-14,1537.879587361773,1561.7689790101113,1523.6454429015464,1527.427978515625,2837341
2026-07-15,1512.9947944159758,1552.0140852478225,1497.0685334221232,1526.1339111328125,2948151
2026-07-16,1529.0205229629619,1550.222405858568,1520.2611525918155,1523.6453857421875,1803970
2026-07-17,1542.5578294517125,1553.4076187857138,1488.3090042894316,1501.4482421875,2927353
2026-07-20,1497.8648877620549,1522.9487001018172,1484.1284391188296,1500.452880859375,1208116
2026-07-21,1500.0547111133335,1524.7404643186883,1484.1284500796153,1487.1146240234375,1450155
2026-07-22,1487.1145933587743,1489.4040419382538,1461.2344197126376,1464.6187744140625,1016082
2026-07-23,1465.2159515265826,1466.410372449194,1427.490598038314,1433.263916015625,1075336
2026-07-24,1423.4095660966325,1482.1376530894306,1423.4095660966325,1477.857421875,3441351
2026-07-27,1488.607681204806,1531.110840884862,1482.5358186087592,1521.3560791015625,3779933
2026-07-28,1562.7643452165814,1684.9984457894789,1560.076837302421,1678.229736328125,15625771
2026-07-29,1712.073053411331,1756.7661475373934,1697.3412134184211,1706.99658203125,8196676
2026-07-30,1693.8573605281085,1756.1689543621426,1693.8573605281085,1738.84912109375,5650262
2026-07-31,1706.0255665310865,1734.758677418879,1677.7912935282448,1717.0,3381070
2026-08-03,1739.0,1771.0,1719.0,1768.0,2365023
2026-08-04,1772.0,1774.800048828125,1733.199951171875,1749.9000244140625,1189895
