date,open,high,low,close,volume
2021-08-06,810.0013292735894,831.9994840136316,806.2151448057351,822.7017822265625,678138
2021-08-09,822.4141926205892,830.513738036533,814.1229305638998,815.9920654296875,260041
2021-08-10,815.7044785038046,828.1173844426463,775.6381597680478,792.8436889648438,573623
2021-08-11,797.0133587680739,800.3681955157447,752.9691331943397,782.970947265625,595364
2021-08-12,785.7985880944966,803.0520338084687,781.2935100128844,789.7764892578125,418391
2021-08-13,793.6585261628591,807.5092210798491,791.5018453852426,801.1829223632812,303945
2021-08-16,801.0391893684377,805.1608343195695,782.8272181159713,790.63916015625,547360
2021-08-17,787.9552046294359,795.2879418621027,783.4980999519182,791.93310546875,224327
2021-08-18,793.4667489793862,818.5801082638667,788.8179275037261,813.4999389648438,617351
2021-08-20,805.1129050378079,810.8640537490674,776.500905097066,787.044677734375,575895
2021-08-23,788.3386836026208,793.5146820930405,747.8410133638774,761.7875366210938,437060
2021-08-24,764.9027481822603,772.2834004356378,748.7036565548623,751.339599609375,494276
2021-08-25,751.8188688072725,758.1451672977523,740.0290260117207,740.9396362304688,526696
2021-08-26,741.6106419296796,751.1000022510885,733.2235500148506,735.955322265625,468386
2021-08-27,735.9553509995649,750.477025540552,733.4152953084142,734.996826171875,437541
2021-08-30,738.3516960891226,758.0493704783207,738.3516960891226,754.2152709960938,599309
2021-08-31,760.8290659466022,763.8963570313182,746.786654115363,760.0143432617188,631601
2021-09-01,759.6309115978005,769.5995930189912,756.3239893039826,761.9793090820312,378137
2021-09-02,761.9793055633297,785.1276445057366,761.9793055633297,768.209716796875,962376
2021-09-03,770.1745598595851,774.7275519682759,758.7201785380332,766.100830078125,390599
2021-09-06,773.4336760805803,773.4336760805803,759.2474623924335,764.5673217773438,202824
2021-09-07,765.525799058343,768.545116855786,754.2631334802197,755.9405517578125,226039
2021-09-08,757.3303508830312,760.7810749454169,746.8345520988353,756.371826171875,317531
2021-09-09,756.3718954136663,795.2880373513954,756.3718954136663,780.6226196289062,2171045
2021-09-13,787.428138110124,804.777413917152,773.577442787116,800.4161376953125,954243
2021-09-14,799.8888813750914,801.2787539242375,787.5718620855374,792.8916625976562,258280
2021-09-15,792.8437497933536,801.2787556737626,790.8787273038705,796.8695068359375,721095
2021-09-16,796.8695682026557,810.2889153879062,796.2944767247723,798.930419921875,813103
2021-09-17,798.7866281504907,802.2373525736358,769.1203320416779,774.1046142578125,609235
2021-09-20,771.612451525702,780.8622390976493,752.4419558356224,760.5894165039062,1206318
2021-09-21,754.3590039044182,775.0152012686574,749.5663799914295,772.8585205078125,480093
2021-09-22,772.66681324421,791.3580467321035,772.66681324421,784.7921752929688,376351
2021-09-23,790.6390245795783,798.8823715720058,769.455653472504,772.7146606445312,730935
2021-09-24,774.1045609781438,793.4188579993017,750.2373299200752,773.9129028320312,2068309
2021-09-27,774.248413288888,781.4852638850582,760.5894347814702,764.0880737304688,813403
2021-09-28,764.9028033088235,773.1940663702347,752.6336973625071,765.861328125,804322
2021-09-29,758.7682142456632,781.1498036039044,755.3175483400107,764.0880737304688,856874
2021-09-30,768.0658711417227,774.4879986730452,758.6723402843012,761.5,294773
2021-10-01,758.0014487173604,768.7369388661089,755.4134198907591,766.7240600585938,236040
2021-10-04,768.7367878209528,777.3635098787939,765.0464912310242,767.6824340820312,364074
2021-10-05,766.8197816047615,795.5755234149401,766.1488025951161,792.7478637695312,883386
2021-10-06,796.5341048357507,829.1239478735552,794.8087719050795,821.4557495117188,1275895
2021-10-07,833.9164861452399,838.6132805606433,806.598532288758,822.2224731445312,1452929
2021-10-08,822.4142746460473,843.3101034899249,809.7617356430582,823.5166015625,1623091
2021-10-11,824.1394274083423,840.3864308430885,815.5127061336485,821.3597412109375,404050
2021-10-12,806.1193507857524,849.6363997825674,806.1193507857524,817.429931640625,1221391
2021-10-13,824.2833525207546,846.0418755728703,821.2639762224953,833.5330810546875,756920
2021-10-14,835.6418488561309,851.1220466645802,824.8105310956511,827.3985595703125,515540
2021-10-18,827.6860880703123,840.3865404929314,815.5607270728956,821.7911376953125,300400
2021-10-19,821.4557787371706,833.6769703111482,800.8474949065414,806.26318359375,308991
2021-10-20,805.160773395422,810.6243760584894,786.5174556916556,800.847412109375,659487
2021-10-21,799.4096429151385,813.2124227410558,790.5912034987863,796.1986083984375,748364
2021-10-22,800.3681051192372,811.8224867076125,785.9902349673946,790.06396484375,220480
2021-10-25,790.7829663677295,792.2207535793071,759.1516477130202,780.3829956054688,400605
2021-10-26,781.0059363975441,782.3958089533941,765.9091719368814,774.3921508789062,292120
2021-10-27,775.3506837900306,783.1147107645488,768.0179461445467,769.98291015625,279588
2021-10-28,769.9829734306988,774.9193996373957,741.9461225467269,763.8484497070312,756578
2021-10-29,752.441998342044,759.1516722126099,745.732324471478,753.01708984375,611035
2021-11-01,748.7036338231565,761.9792362695886,744.0548123423708,752.1543579101562,284657
2021-11-02,752.9212611039582,769.4558145782335,746.2115872303391,751.0042114257812,560428
2021-11-03,754.9339955539377,754.9339955539377,735.2363255767531,741.4667358398438,915885
2021-11-04,743.3360338875705,751.4355807093322,736.147097389625,748.2244873046875,36513
2021-11-08,746.6909020995167,752.1065912222646,739.7415965279872,745.2052001953125,251305
2021-11-09,746.6908157461987,763.3691705905377,743.9590434803189,758.2410278320312,585222
2021-11-10,759.0557030152286,762.2188226981543,752.9690363111037,755.7008666992188,681698
2021-11-11,758.0972881638062,765.5258553681405,755.3175428406998,762.2189331054688,370305
2021-11-12,764.9027311553092,766.2446891728538,749.0391586447467,758.0972290039062,699888
2021-11-15,759.2474064643023,765.8612504264133,749.1828969155198,762.314697265625,190631
2021-11-16,762.2189367646199,777.1719003236441,762.123049181877,768.209716796875,619466
2021-11-17,770.4621902696748,771.516602607739,755.7488586074036,761.2603759765625,261838
2021-11-18,760.9248947114496,760.9248947114496,750.8124696973322,757.9534912109375,356935
2021-11-22,757.9535304892597,760.1581259590831,712.5674019227828,724.1176147460938,710120
2021-11-23,723.6862129309899,736.8180141908771,712.0880864298713,729.9645385742188,277297
2021-11-24,729.9644842599577,736.530413653207,722.9193510134048,725.651123046875,336384
2021-11-25,728.430873358146,732.3128867771001,717.1682078874248,725.4594116210938,312754
2021-11-26,723.3986996255059,728.9581319289553,716.9765715750934,720.7627563476562,449958
2021-11-29,718.8935609814918,731.4981848188503,700.0106117456363,706.4327392578125,857568
2021-11-30,705.6659618763645,712.9986414153275,699.771011018238,709.5000610351562,331663
2021-12-01,712.950737451365,735.0926955240323,706.432780485484,713.1903686523438,557862
2021-12-02,716.9764924678185,720.9543934678859,707.0078119518103,715.2511596679688,502877
2021-12-03,716.9765713073058,726.5618195868153,713.1424719955021,718.701904296875,166753
2021-12-06,718.7018272148772,722.4400970444351,706.5285515047623,715.2032470703125,747900
2021-12-07,716.0181330067595,729.2457655302368,713.621820647299,725.9388427734375,360216
2021-12-08,729.7248295724115,733.7027304089168,723.7340503027974,726.4179077148438,169662
2021-12-09,732.2170523998002,740.3165394298449,724.4050525794983,737.9682006835938,269211
2021-12-10,741.8022636954709,741.8022636954709,725.8907191102666,728.9100952148438,130658
2021-12-13,732.3128579176256,736.3865878209631,723.6861357693813,726.4179077148438,311082
2021-12-14,726.178251737877,731.977372675729,713.1423398939838,717.0243530273438,270254
2021-12-15,721.0023238002904,723.4944647320416,710.2189204353343,714.676025390625,493062
2021-12-16,716.5451456969424,717.9829327828852,700.8732898616486,709.0686645507812,198988
2021-12-17,704.515649237939,709.739620514662,692.0548282310095,697.5663452148438,810467
2021-12-20,697.5663929476684,701.6401231709973,679.9295139910671,687.7894287109375,518135
2021-12-21,693.9719807331508,708.2540241801111,689.5148168476751,706.2890014648438,185182
2021-12-22,712.183912978835,716.6889911546785,700.7774446723064,703.5571899414062,331213
2021-12-23,709.8355065708397,718.1746837687967,701.8797626822842,707.91845703125,145273
2021-12-24,712.6631008151836,717.6953553939054,704.5156410210625,714.2446899414062,117216
2021-12-27,715.970022643656,724.0695679041633,704.8511012345352,718.2704467773438,216448
2021-12-28,721.2419883415668,722.7276900620398,716.5451934794673,719.7562866210938,93506
2021-12-29,722.2483553952827,722.2483553952827,714.1008955135842,718.0787963867188,86606
2021-12-30,714.148897404856,724.5009536436352,714.148897404856,721.2420043945312,176223
2021-12-31,722.4879708750773,732.0253030537044,719.0852199932554,724.6925659179688,152912
2022-01-03,727.4723089233139,730.8271452633613,721.3856421755776,724.740478515625,244607
2022-01-04,724.7405128279039,751.387546679112,724.6925982929469,737.9682006835938,861764
2022-01-05,741.898136199801,749.0391570926462,734.4216550551179,741.8023071289062,363756
2022-01-06,740.7479236908202,752.6815686674742,735.0926627024525,744.9175415039062,465855
2022-01-07,749.4706168356869,754.1673535812998,743.3839488286015,746.2116088867188,329214
2022-01-10,746.6907867198179,751.2916938589416,737.105539136765,740.8917236328125,343075
2022-01-11,726.5617508496788,749.5663445441278,724.6926159112634,741.4188842773438,1169211
2022-01-12,741.5147009718949,751.4833814745706,730.6833833223011,741.8502197265625,487434
2022-01-13,747.4096685881997,759.8225757146766,742.8566760575245,755.55712890625,493780
2022-01-14,753.3525390625,762.9857011005276,749.1829212972259,753.3525390625,335183
2022-01-17,753.3524189467828,785.7984531638268,751.2436531319884,771.7081298828125,965554
2022-01-18,778.2742212935187,782.8751286223293,741.4189311164637,750.045654296875,378963
2022-01-19,747.6494279828083,760.0144226932418,739.8374265838087,749.1830444335938,501982
2022-01-20,754.5506896265264,757.234547207025,746.4511438448997,755.55712890625,163312
2022-01-21,754.3589200644898,759.3432600807772,728.478753810689,738.8787231445312,583737
2022-01-24,739.5018217689037,739.5018217689037,709.3082930771079,721.3856811523438,414108
2022-01-25,721.3857407652649,736.3387627409983,700.8254306171616,717.4078979492188,434946
2022-01-27,714.0529979132436,733.1755776721624,704.6594674099678,727.7119750976562,411586
2022-01-28,733.2714091790577,760.0142722094234,731.8336221022361,754.167236328125,465768
2022-01-31,761.8833961583255,762.2189149327484,749.6142907044274,756.7073974609375,223234
2022-02-01,762.0271709235252,768.4972129408004,751.3395966342468,755.55712890625,494044
2022-02-02,757.2345028311535,764.9027003281778,754.9340201805645,761.1165161132812,227248
2022-02-03,766.7240149676167,797.4926378085036,752.4419719707636,786.5175170898438,803416
2022-02-04,782.1562221595116,798.4511434545014,753.5442808165575,760.6373291015625,806749
2022-02-07,758.8640306710844,783.785673330209,753.4004280796889,768.4971923828125,450258
2022-02-08,773.529432703493,781.1497157672981,761.0206970724116,770.9893188476562,453395
2022-02-09,775.0631557975631,776.7405742536581,764.9986450609938,767.4908447265625,219508
2022-02-10,763.9441509618733,777.6989563763308,763.2731720018188,774.248291015625,140942
2022-02-11,774.2483765104829,775.3507033882735,754.4069022362135,757.1387329101562,289484
2022-02-14,743.7131777266804,755.448415735043,724.5891363754359,735.5033569335938,584919
2022-02-15,733.0887504467449,763.7548477151036,728.8389370084838,761.7265625,414359
2022-02-16,766.8939308491192,781.7682195872461,761.3402279493932,773.84814453125,245992
2022-02-17,774.6208243124622,778.5808323773499,765.0104918215276,773.7998657226562,430157
2022-02-18,763.99630819529,786.3076812257042,763.99630819529,776.2144775390625,446439
2022-02-21,775.5866809402829,775.5866809402829,756.2694535196033,759.5534057617188,259292
2022-02-22,753.3718705878694,770.2261633291415,731.0121562327705,763.8031616210938,266131
2022-02-23,764.479212815091,770.370943117212,757.283534397537,763.8513793945312,146408
2022-02-24,725.6516564652128,750.039656762633,704.6441710605045,708.79736328125,416197
2022-02-25,717.6349218137664,738.8838697005805,716.8139633169187,732.654052734375,335928
2022-02-28,732.1228839003948,749.1703598567744,721.8847774422809,747.4801025390625,271221
2022-03-02,737.0970799716184,768.7773190489409,737.0970799716184,759.2635498046875,317907
2022-03-03,757.235388459576,766.4110723758591,746.1762628964916,754.9172973632812,287460
2022-03-04,750.3294134751212,757.0421620711593,729.2253652276117,734.3927001953125,279164
2022-03-07,727.6799403843149,748.5425212674279,716.1378858467308,733.185302734375,260450
2022-03-08,737.8698575711089,737.8698575711089,726.4727043896006,732.5093383789062,283870
2022-03-09,737.9663676062295,742.1678999346253,727.2453299849427,729.4185180664062,422520
2022-03-10,735.9863777347579,748.3976729912857,731.4950986994769,739.1254272460938,393270
2022-03-11,744.196159173784,759.1670098774748,733.3785004233985,751.5850219726562,650333
2022-03-14,757.2352598391232,760.0362811920854,735.9863112211885,740.7190551757812,394873
2022-03-15,739.8980273252655,755.0137800516875,734.0545783275621,751.0054321289062,341088
2022-03-16,754.9172219496128,774.3310708250638,752.1645406303136,772.4959106445312,495585
2022-03-17,782.347686049445,826.5358423911266,773.9446805941699,820.450927734375,1124743
2022-03-21,823.8798108342169,838.2228296813856,812.627501443277,825.570068359375,991267
2022-03-22,830.6407861339995,831.1237168236123,797.0771032059106,802.4376220703125,625966
2022-03-23,803.5967015266914,810.0679848316901,790.6541349166941,794.4692993164062,441619
2022-03-24,795.0970222635804,799.5882418716691,774.717313762234,781.2368774414062,440707
2022-03-25,786.2110960568406,786.2110960568406,763.5616368432824,766.6524047851562,160900
2022-03-28,768.8257028559408,772.6891485989355,753.4684824469355,771.2403564453125,256855
2022-03-29,775.2968834186721,791.0404109426155,772.4958620459693,780.8505859375,694681
2022-03-30,787.3219267235984,787.9014199704359,765.9763548754115,769.4534912109375,262687
2022-03-31,767.8597956161857,779.8365002856419,759.988001803797,772.302734375,276685
2022-04-01,778.4359723717192,778.4359723717192,765.9280560097594,769.8397827148438,377033
2022-04-04,780.4159800526774,783.0238175188958,772.9305545014296,779.8364868164062,481349
2022-04-05,784.279472507515,806.397722591099,777.5184425721054,795.9180908203125,984765
2022-04-06,788.7223009905958,818.0845076069079,788.7223009905958,802.8721923828125,498253
2022-04-07,802.6307047248398,810.6956226417788,786.2593446251718,790.4608764648438,594427
2022-04-08,794.9038788603069,819.0504122400247,782.4442440557737,804.7556762695312,549611
2022-04-11,809.0054034027701,820.7889230837056,806.639090372814,811.1303100585938,246185
2022-04-12,811.2270565560284,823.8315367056362,793.9381129965479,799.58837890625,541765
2022-04-13,804.5624921859174,815.4284322064356,799.7331855101316,811.9513549804688,234571
2022-04-18,811.9513351626467,832.813915912236,803.7415140141933,826.7772827148438,737870
2022-04-19,835.4700260491938,836.8222554522994,791.0404061668089,803.9829711914062,511141
2022-04-20,803.9830659080263,814.221173332556,798.4776440489293,808.908935546875,268339
2022-04-21,811.1304068667049,825.8115122073584,792.3443905004592,810.3094482421875,622832
2022-04-22,808.4260487611002,821.4168972967261,798.7674340805614,802.14794921875,274186
2022-04-25,798.767250019342,804.8038828036479,782.3476088460303,799.2984619140625,402407
2022-04-26,806.2527528009116,819.9679956062132,798.7673274230056,817.6016235351562,222419
2022-04-27,811.3718206641149,828.5641410179596,798.6224389691687,818.71240234375,255284
2022-04-28,830.6406712502599,889.5582072342899,826.6806637237333,868.4541625976562,3652818
2022-04-29,879.0787024046707,886.6606901724971,858.5058091643077,864.01123046875,1189484
2022-05-02,862.5143096964553,886.6125656378501,858.3128357998132,879.030517578125,1040924
2022-05-04,888.5925199036467,893.4218270770361,864.2045186780304,875.8914184570312,526256
2022-05-05,883.0387706351102,893.4217805167917,876.0362755986272,881.3002319335938,478009
2022-05-06,869.2752261957035,896.9954590880218,865.4117807459447,880.3343505859375,900475
2022-05-09,880.3343149288197,890.6207026512623,850.6823605126467,872.5591430664062,550509
2022-05-10,877.871340434162,881.8313480991354,844.983716709138,851.8896484375,447871
2022-05-11,851.8896531780947,877.6781612720843,849.0886318716279,870.4824829101562,923598
2022-05-12,870.4824823111626,875.0703234107222,834.3109654306522,846.0462036132812,335412
2022-05-13,851.8896660197398,878.4508517516477,850.0062246957236,852.90380859375,568345
2022-05-16,857.3951258969855,868.6473751710602,847.060397737483,859.1819458007812,239089
2022-05-17,863.6731808327239,916.8438332739006,859.1819022352984,910.5657348632812,1475489
2022-05-18,917.8096881146198,923.6048558375219,888.9304120482265,897.76806640625,1235218
2022-05-19,890.5241693569872,890.5241693569872,864.639096831921,877.6299438476562,468053
2022-05-20,885.6949631016084,902.5975387333185,879.9963568794583,898.202880859375,526525
2022-05-23,906.750666535359,911.8697201425086,892.8905790870149,899.6998901367188,327228
2022-05-24,906.4609214103905,944.1295159069331,901.2452462841148,939.8314208984375,2138218
2022-05-25,945.5781352429321,947.509857684695,847.1568532545169,866.0877685546875,1875393
2022-05-26,876.4709900994118,893.0354787000789,852.4692975452135,888.35107421875,970840
2022-05-27,895.3533981102636,910.2759665357335,888.4958066675786,906.7505493164062,429300
2022-05-30,914.6707034841246,927.1303385482988,911.5316540793481,919.258544921875,463901
2022-05-31,918.5341255565929,924.3292935411772,907.0403521399021,912.6423950195312,202406
2022-06-01,915.636505918028,933.939589213756,912.6423594898223,929.303466796875,605171
2022-06-02,933.7464899748568,950.359317516455,882.7973021329393,921.57666015625,1843877
2022-06-03,927.2267743430484,936.7404838117012,902.1626638087898,913.559814453125,486455
2022-06-06,917.7614519697136,943.6465239478925,906.0744944496139,932.6356811523438,960521
2022-06-07,925.1504292236903,933.9880856728632,905.3019868665491,909.9381103515625,284129
2022-06-08,910.1311375430903,913.7048363253602,884.7289958499259,893.518310546875,338169
2022-06-09,883.9563725408818,910.5658425454661,883.9563725408818,908.0546264648438,206975
2022-06-10,888.592458276883,917.2302714095584,888.592458276883,894.580810546875,211814
2022-06-13,869.3717836896373,893.4217550549595,861.7415143416888,887.6265869140625,262268
2022-06-14,887.6265710388835,915.6365498855947,871.7381402131218,911.0004272460938,527328
2022-06-15,915.8780747083532,931.1869543538294,915.6366093577841,928.2410888671875,517593
2022-06-16,936.0160997600245,936.0160997600245,889.1718298373952,896.0294799804688,672812
2022-06-17,887.9163344018685,905.9296723047611,886.5641638718987,891.9246826171875,382105
2022-06-20,896.3192663497757,899.0236661389805,857.443349894411,873.4766235351562,341299
2022-06-21,874.1045401745956,906.9438267667904,874.1045401745956,894.5325317382812,509547
2022-06-22,895.0154169338025,901.6798246796553,878.9338023540879,894.1461181640625,285339
2022-06-23,894.146070634835,912.738900080928,880.8654781733401,890.958740234375,417477
2022-06-24,892.0695362787096,909.213575567907,892.0695362787096,900.2793579101562,210922
2022-06-27,911.7731088278689,921.1419756559125,905.7847567041658,913.7531127929688,393321
2022-06-28,908.0062697166516,918.5341824547245,899.2652359220776,905.5433349609375,186507
2022-06-29,896.319311535075,934.9537646184834,896.319311535075,931.3800659179688,982939
2022-06-30,931.6215629410245,943.1153367049249,912.2560544645024,920.6107788085938,862391
2022-07-01,920.4658644776714,936.4025767167916,900.9071721842056,932.345947265625,366177
2022-07-04,934.4708383025458,965.7647690262997,933.0220463051775,948.5241088867188,1562173
2022-07-05,951.5666460085752,962.8672359762543,913.704868017142,917.2302856445312,769866
2022-07-06,921.2386361348185,949.0554340113697,918.2444892304467,945.8681030273438,533968
2022-07-07,944.8538706929422,955.0919774771219,934.0362117247626,940.7972412109375,436681
2022-07-08,951.37335490055,951.37335490055,931.2351709180242,941.2318115234375,202317
2022-07-11,941.2317890477009,979.2384056918623,939.8312784435295,959.0519409179688,772195
2022-07-12,959.1486013969746,963.9296268676297,941.7148158275942,948.1378173828125,295555
2022-07-13,948.1378626158441,957.3135458744748,932.5391774955715,949.9246826171875,313037
2022-07-14,951.090802325383,960.808701482047,938.5546886879466,942.1017456054688,242755
2022-07-15,944.2396307166196,954.2490543008811,933.8414674673331,952.2568969726562,210277
2022-07-18,959.8855361075415,990.6912898022637,951.0422711681609,972.1300659179688,736720
2022-07-19,971.7899690485248,979.515711165131,959.2052770866759,972.615966796875,292328
2022-07-20,976.6003519752421,989.282199347826,965.0360274913162,967.3683471679688,237762
2022-07-21,969.8463002953139,1015.5204246579189,967.9027205352031,1005.6082153320312,630355
2022-07-22,1014.2571091725762,1014.2571091725762,983.9373106074996,991.4201049804688,320528
2022-07-25,991.420067661293,1004.1990692559461,985.2491662094129,993.3636474609375,255170
2022-07-26,996.910665154722,1010.0784660141113,971.7899194619699,974.0250244140625,571571
2022-07-27,974.0249939512946,1040.7869711930118,969.6519394504836,1034.4703369140625,2137156
2022-07-28,1044.7712688054548,1044.7712688054548,1011.7304131212886,1029.0283203125,856916
2022-07-29,1042.7790954861578,1042.7790954861578,990.3509644420005,999.728759765625,912617
2022-08-01,1009.3496517890916,1019.4076540113367,1003.6647043266663,1016.2979736328125,650278
2022-08-02,1018.4358913389461,1024.5582156173339,1001.9154618038677,1014.7430419921875,939177
2022-08-03,1014.6457660251054,1014.6457660251054,995.5987085521786,1003.6646118164062,472640
2022-08-04,1008.9122602906392,1014.1599496505422,983.2570416652312,1009.106689453125,578553
2022-08-05,1009.6896666098926,1032.040833435713,1009.1066164180356,1019.6505126953125,608959
2022-08-08,1024.2180338174376,1038.4547811924574,1016.5895059625767,1019.8936157226562,499305
2022-08-10,1028.0077695944844,1060.2226237291904,1013.4795601938717,1045.840087890625,784266
2022-08-11,1049.533152039059,1054.3921018170174,1033.9845127495914,1040.3011474609375,494230
2022-08-12,1039.8153250560806,1051.6711158910819,1036.2682677452665,1045.6947021484375,375980
2022-08-16,1047.3951209983647,1057.161537565119,1036.7054329217042,1050.3590087890625,393092
2022-08-17,1055.3638129861295,1062.1177052226096,1023.3433837904971,1029.562744140625,324443
2022-08-18,1032.0408154731665,1042.098816644389,1018.6300681604097,1021.302490234375,267992
2022-08-19,1022.3230078180378,1029.368484820586,992.6348372768665,1002.449951171875,291937
2022-08-22,1005.3651932452839,1005.3651932452839,976.6487569702603,980.29296875,328616
2022-08-23,966.0563142363646,1022.3229730768661,966.0563142363646,1016.8323364257812,521915
2022-08-24,1019.8934305736901,1032.5753353554628,1015.3260658055029,1028.7366943359375,430260
2022-08-25,1020.3793389758797,1020.3793389758797,952.3540497108211,981.4591674804688,1339753
2022-08-26,990.1080677570874,1030.097243923415,987.4842826053174,1009.83544921875,1106673
2022-08-29,1000.9435771180604,1034.9562229424605,983.694306735686,1032.1866455078125,871452
2022-08-30,1035.9278964459816,1042.244529960896,1016.6864115191079,1023.3917846679688,533580
2022-09-01,1026.2587983113453,1063.1381785346982,1025.2870083858109,1051.1365966796875,1168060
2022-09-02,1051.9626242582688,1057.842000925359,1011.8762886918452,1015.9092407226562,625345
2022-09-05,1017.4640022406859,1025.2383212644925,998.9999945591453,1002.935791015625,349910
2022-09-06,1010.9531572609098,1019.7964222977268,996.8622026398887,1015.180419921875,655050
2022-09-07,1016.2005657399752,1028.9311072634894,1006.3369939836933,1015.3260498046875,548606
2022-09-08,1023.1002828611988,1035.7820677567233,1014.3055382881256,1020.4763793945312,566553
2022-09-09,1025.8214817694598,1025.8214817694598,1008.5722095806261,1014.3544311523438,320630
2022-09-12,1020.3794141278219,1027.1819435553407,1009.2038300683267,1016.9781494140625,224877
2022-09-13,1016.9781433354601,1025.9185630789386,1000.1661304001144,1005.8511962890625,285290
2022-09-14,999.0000460484729,1018.9217395737586,973.7335079188422,991.8087768554688,978524
2022-09-15,996.9592531086494,1010.272726900346,992.8291461538984,998.0281982421875,471724
2022-09-16,991.1771479847656,992.7805657764325,964.5015026238344,985.1520385742188,873213
2022-09-19,992.294655420321,1000.2634038747597,982.4796010344362,985.929443359375,273462
2022-09-20,991.1285664747351,1015.2775223428088,988.8448245670262,997.9796142578125,526690
2022-09-21,998.0282532267369,1005.656780414571,979.7100368612064,1000.6520385742188,298049
2022-09-22,992.2946037960207,1019.5047199164771,992.2946037960207,1015.2288208007812,216641
2022-09-23,1015.5205543933752,1026.2102444396212,973.8793764385676,979.9530639648438,354498
2022-09-26,971.7898658158236,977.572027380097,936.1737435083352,942.1988525390625,592820
2022-09-27,946.6204979283324,966.6394050347327,942.5390278849691,957.7960815429688,532011
2022-09-28,948.5155400442741,976.5030778920902,943.6565904417591,954.5406494140625,505410
2022-09-29,959.1565946145952,972.2757577628191,943.1706395083494,959.8854370117188,214512
2022-09-30,957.2130247253771,967.9027133263712,950.1675481474492,966.1535034179688,361237
2022-10-03,954.2976722744215,985.3463711321702,953.3258823841217,960.079833984375,349283
2022-10-04,965.7161579140359,979.5641631973315,962.0719459973791,970.3807373046875,349882
2022-10-06,970.8181924019171,996.8135744306973,970.3808750471735,983.7915649414062,503967
2022-10-07,986.1237816909953,988.2617312917482,960.8086671549947,969.3118286132812,566761
2022-10-10,954.0061731626544,970.4780241146944,943.122114232082,948.7584838867188,218628
2022-10-11,953.5202712781248,957.213061072384,928.1079414136555,933.6471557617188,387485
2022-10-12,937.7772466497255,949.778828101717,930.9747173994166,946.3775634765625,151489
2022-10-13,949.4387471727426,955.0751168183654,939.7694256536053,942.5390625,372965
2022-10-14,947.7380853941759,950.1189824752157,935.2506090966333,939.6722412109375,284351
2022-10-17,932.9183565473112,943.1221510720475,931.1691464914554,939.7208862304688,439603
2022-10-18,936.611031814721,939.6721935226109,924.172133780035,935.7850341796875,321219
2022-10-19,935.7850673015436,942.976276752476,934.9590103239276,939.5750122070312,203775
2022-10-20,938.0687421046159,954.2976446657765,935.5906898187131,952.3540649414062,377336
2022-10-21,957.1158484750848,969.846271804495,948.4668950713299,966.4450073242188,268934
2022-10-24,970.8180082501183,977.6205368364555,966.4935317861355,973.5875854492188,48218
2022-10-25,973.7334700786632,982.4310014595004,947.1064033591571,952.1111450195312,423662
2022-10-27,954.2976667873766,970.8180948274838,949.5845095718614,959.1566162109375,354672
2022-10-28,959.1567036061344,964.8902881737007,942.6362740607401,948.2726440429688,295589
2022-10-31,945.8917157224301,951.8196699528935,933.5013939697625,935.2020263671875,226908
2022-11-01,935.347735139839,941.7129468253942,928.0593112296584,936.805419921875,349668
2022-11-02,936.8054221315781,968.9716426723759,932.9182627036462,939.4778442382812,1095371
2022-11-03,939.4778298071024,978.592370949834,916.5436132599318,956.192626953125,2245885
2022-11-04,974.7052720315206,980.5360114454679,923.2004072083197,926.5045166015625,1370009
2022-11-07,927.0876258684817,933.0155209248994,906.7286142553451,919.4104614257812,746667
2022-11-09,923.2004244099708,930.537426446559,911.6361006314955,916.0091552734375,678234
2022-11-10,916.9809310173466,924.1722000427029,898.9056625021033,901.723876953125,538782
2022-11-11,911.5388741308884,931.946460865162,896.8162342615387,898.6626586914062,575391
2022-11-14,894.0953178631819,914.3571735966017,884.3288408787841,893.9495849609375,637948
2022-11-15,898.3225566461352,899.8773966731482,892.5889728340028,894.6783447265625,365723
2022-11-16,898.9057273413623,901.8210972678748,891.617302525081,899.5374145507812,298014
2022-11-17,901.7237793042743,901.7237793042743,883.6970310604231,890.8397216796875,322795
2022-11-18,894.5325180496337,895.1642051500195,864.8929289127366,878.0606689453125,563156
2022-11-21,876.6516222582134,877.5262568707988,861.2973541003306,870.5293579101562,482881
2022-11-22,870.4808675137684,876.8946576043256,862.9494952299485,871.5984497070312,279488
2022-11-23,872.5701679434185,890.6940138451827,867.2253235362467,877.2833251953125,672710
2022-11-24,883.3084164392395,889.9651533402823,874.124990281781,875.8256225585938,651040
2022-11-25,876.5545192809026,899.8774776653169,875.8742544653537,894.3868408203125,1029178
2022-11-28,895.3585874868718,902.4040641583739,885.3005858949629,892.7348022460938,385944
2022-11-29,892.8319367235877,895.4557812166282,885.8350378465948,892.5889892578125,291117
2022-11-30,895.9902956891553,907.2144572703139,889.6736612835377,903.5216674804688,323867
2022-12-01,906.4855724374804,908.4777297941673,889.1877247369607,892.5889892578125,247057
2022-12-02,892.5403578405185,895.6014601368073,885.3005119340424,888.2158813476562,365533
2022-12-05,892.8806049091809,897.9339245724756,884.6203902350834,895.0185546875,423257
2022-12-06,894.0466722569439,901.286518585172,879.6156165442218,889.479248046875,502955
2022-12-07,889.1391618908885,898.9056383147743,881.461998119402,892.2489013671875,316997
2022-12-08,895.0185107864045,942.3446914604727,893.755195760885,938.9920043945312,2015997
2022-12-09,940.6925980368444,947.300757317409,923.6376976107259,934.27880859375,744536
2022-12-12,932.7724653677082,939.2348916064274,922.2285692027931,926.6016235351562,666942
2022-12-13,930.9747398359037,936.8054793338322,916.1549436120024,918.1956787109375,560069
2022-12-14,919.0216889184322,934.8618518849995,909.935418075617,929.8085327148438,395696
2022-12-15,932.9182635063154,945.3571618237305,919.6047305915249,938.6032104492188,466445
2022-12-16,939.5751099587699,943.02501180732,908.7694153214484,916.349365234375,684603
2022-12-19,918.3414575609111,918.3414575609111,897.2050271884774,903.0357666015625,438819
2022-12-20,903.8131909432809,915.8634095127619,890.8883970457022,900.4119262695312,365054
2022-12-21,900.6547879541891,905.0764197462106,880.1986242275776,887.389892578125,338730
2022-12-22,889.1877209620818,893.7551451619333,857.6045505453959,866.8851318359375,417780
2022-12-23,856.9728876181933,864.2127341347261,824.1264013197115,840.9383544921875,1047277
2022-12-26,840.9383364506386,861.2973459971199,829.1311251719011,847.8866577148438,412689
2022-12-27,849.2472640346028,865.864848513048,847.6923645210915,861.7347412109375,255358
2022-12-28,851.6281360275079,880.3931553876255,840.5983433402349,872.6188354492188,948721
2022-12-29,873.8334308402561,882.3851695191829,855.2236317886053,859.645263671875,748766
2022-12-30,864.8929905099847,874.3193641793359,860.0340411250971,862.1234130859375,442378
2023-01-02,866.4478669283889,874.3679784832799,856.3412873719406,872.1328735351562,396209
2023-01-03,876.5059153324393,878.2065476635797,866.1563291347311,875.1453857421875,335419
2023-01-04,876.554414060471,881.8506804205117,861.7346193659897,870.140625,459211
2023-01-05,871.6955206897443,884.9118393070817,862.9979894177402,877.1861572265625,729644
2023-01-06,877.526321906081,883.3570615865201,869.557632480144,876.3115844726562,395416
2023-01-09,882.6282235581924,882.6282235581924,866.8366368443795,873.687744140625,302765
2023-01-10,868.0027049513878,879.8099160282127,864.8443879422764,876.1171264648438,337509
2023-01-11,877.526258931109,879.4698386851093,860.0340411451069,865.2330932617188,249798
2023-01-12,864.8930118083669,868.780171412,849.3443733938344,856.972900390625,239803
2023-01-13,856.9729240628575,861.0058759883688,845.6516069925555,848.2754516601562,341782
2023-01-16,848.2754139512243,857.5559954860313,842.5418299070255,853.7659912109375,236373
2023-01-17,850.3161167690237,861.9290173121383,848.5669069057678,860.6170654296875,122319
2023-01-18,865.1359511494369,865.1359511494369,855.3208969678856,861.7832641601562,186188
2023-01-19,860.0340704060129,862.4635451811711,853.2315410355699,857.0215454101562,183919
2023-01-20,855.1750647739065,857.1186444665744,837.1969526167277,842.00732421875,221348
2023-01-23,843.1249400847346,846.137524529144,836.7111501158078,839.140625,182394
2023-01-24,838.6547507774181,846.2347007410093,835.7393808442406,839.2864379882812,145716
2023-01-25,840.6467303617883,841.8614675767245,819.5588804478275,831.3661499023438,448402
2023-01-27,835.6421662258902,835.6421662258902,814.3599434997807,830.0057373046875,263739
2023-01-30,830.8317250800928,844.485360297025,825.049563742433,835.2533569335938,240414
2023-01-31,838.7517791217967,873.639057768015,837.2455167469345,869.8004760742188,578144
2023-02-01,873.1532156264368,890.1595386909472,869.2660560688344,875.0482177734375,829130
2023-02-02,880.4415813864201,889.1876898107886,838.1687240019728,856.4869384765625,1151231
2023-02-03,865.5246861035561,865.5246861035561,841.8129891485213,848.9070434570312,408248
2023-02-06,841.5701153330665,872.5702391497757,841.5701153330665,867.6140747070312,341513
2023-02-07,859.7425594780827,878.9839881520751,859.6453448974634,875.728515625,422809
2023-02-08,880.4415829245933,896.9134323485996,876.1656839620944,892.3460083007812,416846
2023-02-09,894.0466613225462,900.8491902673917,886.2723425284371,892.4918212890625,219226
2023-02-10,894.0467383180271,905.7082175134797,888.6533160528004,898.8085327148438,239019
2023-02-13,901.8210892422832,903.764669175995,875.3398126454597,877.3319702148438,316355
2023-02-14,879.3726405889297,894.8726409214064,876.408634157777,882.6281127929688,201109
2023-02-15,882.6280717557353,891.8600747083138,877.5747530137609,887.1954956054688,197364
2023-02-16,888.2160161168606,893.4150686346547,880.8790138420229,888.3131713867188,373857
2023-02-17,892.030378255179,892.6661793991808,883.1775234868425,886.2589111328125,149997
2023-02-20,886.1610766332485,895.0627699164411,873.8355862735493,890.3673706054688,281936
2023-02-21,890.1718047616349,893.0086398896775,878.6778281616907,882.7374267578125,164297
2023-02-22,881.8081496130119,884.2047780467085,865.716569792763,870.5098266601562,421421
2023-02-23,869.1891580056115,879.5582278746034,861.608024623037,867.183837890625,187125
2023-02-24,867.281609895004,873.2976297704802,865.3251884337428,868.944580078125,132870
2023-02-27,864.6404400831356,877.4060774592313,858.9178718074779,872.4661254882812,336552
2023-02-28,876.819115976955,892.0792383531219,873.1019273473954,878.97119140625,391761
2023-03-01,873.737865276192,896.0410587270383,873.3465570889723,893.2042236328125,142392
2023-03-02,894.7204370693928,897.655069157691,882.3460478816386,883.7644653320312,111049
2023-03-03,886.7968878613165,890.1717266782329,879.0690592440683,887.3838500976562,122344
2023-03-06,890.122898331232,918.931217326725,888.2642739940079,913.69775390625,768559
2023-03-08,912.5728831275561,916.6813207410295,902.3994668816954,908.9534912109375,307023
2023-03-09,911.6924109397125,915.4095998157997,896.5790430447809,900.1495361328125,136665
2023-03-10,900.1495070481271,901.8124771957418,882.4438573786018,894.7693481445312,156616
2023-03-13,890.3674354788578,895.3562864155276,853.0975701272654,858.771240234375,220740
2023-03-14,853.4888644254236,868.4065781016272,851.9237511349362,862.0971069335938,187442
2023-03-15,868.4065066189258,870.2651307404766,846.2011128696553,853.6844482421875,311374
2023-03-16,849.0868355010701,858.330937989912,839.3047291012883,842.337158203125,179044
2023-03-17,843.2175851757428,850.9943718292585,837.1526671696256,839.989501953125,251589
2023-03-20,839.8427843747907,858.5755431581147,829.7183275139271,833.9246215820312,183415
2023-03-21,838.0820333107282,845.5653691914569,823.1643198494052,843.6089477539062,292070
2023-03-22,848.059814453125,852.9997667576333,841.6035877347938,848.059814453125,176788
2023-03-23,852.3150886456639,878.9224353003128,851.4836333179644,874.960693359375,941282
2023-03-24,873.1020490525505,876.0855800906395,859.1136463700964,862.0482788085938,272703
2023-03-27,861.7057957661497,868.5043121007133,852.0214863333075,859.5048217773438,208832
2023-03-28,861.7547084460624,861.7547084460624,846.152236195967,849.3314208984375,213717
2023-03-29,842.4839981538227,849.038022039871,830.0607098394169,838.9624633789062,351954
2023-03-31,842.288349388742,862.6351209279317,842.288349388742,860.091796875,177384
2023-04-03,862.7819007905074,863.271006176443,845.1741068968236,861.2656860351562,279637
2023-04-05,860.8255036207486,880.2919224142719,855.0540360211917,878.3843994140625,379044
2023-04-06,877.4550010444183,904.7960021484452,871.8302894992618,902.9373779296875,811978
2023-04-10,904.8448735761459,915.605190991646,898.0462974498498,913.5020141601562,534891
2023-04-11,913.6487837064996,915.605205084886,902.7417106398979,909.1979370117188,279636
2023-04-12,906.3122191960136,919.5180637282815,902.5461318596493,907.486083984375,342883
2023-04-13,907.339349715142,916.1921448712723,904.8449242973173,907.0458984375,204898
2023-04-17,902.8884973829599,913.5020598460464,899.2202071714906,905.7742309570312,179611
2023-04-18,905.7742389798913,912.377161419021,902.3505014188611,910.6163940429688,170110
2023-04-19,919.5180495156127,936.0498340751711,910.1761493578589,926.1209716796875,785878
2023-04-20,926.4632908070712,933.1640696411126,907.2903857820745,910.3228149414062,317673
2023-04-21,909.6870304187685,926.3166119168288,906.8990941680077,920.0071411132812,277074
2023-04-24,935.0717214741527,935.9520753652339,917.561724386804,920.3985595703125,322038
2023-04-25,919.5180057615106,924.0177508437796,912.0346704495471,917.5615844726562,164275
2023-04-26,911.6924659989928,922.941890203916,910.9099092997002,918.735595703125,206972
2023-04-27,919.518043089939,935.6096207850615,918.8821822631525,928.7621459960938,335681
2023-04-28,933.164095739218,933.164095739218,919.028939387159,921.9146728515625,276226
2023-05-02,926.4633176334626,932.234784567974,918.539834952075,927.4415283203125,203660
2023-05-03,924.5069318585558,930.1806018249478,915.9965463194568,921.7190551757812,314317
2023-05-04,923.9689249405635,960.6029283973779,919.7137321846484,953.3152465820312,893607
2023-05-05,955.6140503143433,958.3530283149576,936.8323930590363,940.109375,163744
2023-05-08,940.0605078304707,962.5593545319283,939.3757483811165,957.5215454101562,292507
2023-05-09,956.6900992897912,957.4726559371182,936.0498766534694,938.5932006835938,345094
2023-05-10,937.1258785563133,946.4188804835419,933.0662801481103,939.2779541015625,136724
2023-05-11,940.0604801839587,952.2392153074113,938.5442655440653,948.228515625,184978
2023-05-12,949.4513374370304,952.0436198267487,942.5549635370537,949.5491943359375,306907
2023-05-15,947.8861466265466,955.711832047612,933.5064377242907,939.8648071289062,354564
2023-05-16,919.5180344720007,965.4939361956008,919.4202372866002,941.1854248046875,965270
2023-05-17,932.234840106891,982.4170393909034,932.234840106891,958.4019775390625,1311805
2023-05-18,967.2547362445955,967.4503903272675,900.687509498313,922.4526977539062,1385832
2023-05-19,924.4090707874137,925.8274881809928,897.2148264661442,906.7523803710938,344422
2023-05-22,899.9538392767306,921.4744745637829,888.313108125728,911.4478149414062,389600
2023-05-23,916.2899976225242,919.0289757102018,892.4216320615238,900.8831787109375,367173
2023-05-24,899.9049313884113,904.6003307342235,890.171723133975,902.0570068359375,302517
2023-05-25,902.0571233861851,912.4750327018072,895.4052421061498,907.29052734375,245117
2023-05-26,907.779578090785,919.4203099246942,901.2255541096406,917.023681640625,365098
2023-05-29,919.8115491069024,941.4789409324358,912.3771713470092,928.46875,329241
2023-05-30,929.3002558021433,944.9027299327132,928.5176991067281,937.9573974609375,263278
2023-05-31,939.0823023668428,943.9733560250035,933.0173838896746,938.935546875,356528
2023-06-01,939.0822824678461,941.9680160060616,922.6483544657075,926.023193359375,278264
2023-06-02,927.9306418702217,940.060478376532,923.2352424728651,932.28369140625,419656
2023-06-05,939.0822811500643,946.9079668263148,926.21878643763,939.375732421875,276457
2023-06-06,939.4246299678148,945.6852023839252,925.9253341323979,934.8270874023438,448092
2023-06-07,936.1476871925964,952.4838186489187,934.8760251594028,944.70703125,375230
2023-06-08,950.820862209481,950.820862209481,928.3220146469109,938.4464721679688,1423245
2023-06-09,938.104056376505,938.104056376505,908.7577355305248,911.4478149414062,645957
2023-06-12,914.6270508757251,916.2900210910938,900.9321003813292,913.4531860351562,856019
2023-06-13,915.6052303668126,930.7674964679725,911.0565266543672,915.898681640625,426509
2023-06-14,916.5833873431308,935.0715926775057,914.2846161769278,925.6318359375,450746
2023-06-15,925.9742369049802,929.3001772107795,914.6270165179777,919.1757202148438,269672
2023-06-16,920.4473392945806,923.7243211477883,910.8119283989749,916.1431884765625,465272
2023-06-19,917.5615898480288,928.0773543372252,911.3010178049228,919.8114624023438,409707
2023-06-20,921.4745170952721,926.3166721994013,911.6924096951099,923.9200439453125,300459
2023-06-21,927.3437668417519,927.3437668417519,915.6052381475524,921.7190551757812,330585
2023-06-22,927.3436849372026,947.7393528598967,925.3872636609638,929.6424560546875,2225708
2023-06-23,932.2348244212691,936.3922200181111,896.0410274605272,908.0241088867188,759784
2023-06-26,907.8284258490461,919.0289502761639,893.6443707356833,915.9965209960938,583323
2023-06-27,919.4203187597327,930.2784343319821,912.181535241402,918.9312133789062,390876
2023-06-28,923.4797920847378,924.4091041834309,913.1596812224686,921.2299194335938,396003
2023-06-30,929.3979568028893,934.191213087214,918.8332932451506,927.7350463867188,497354
2023-07-03,933.2130438674467,946.9079941967384,923.8711432624432,943.1419067382812,440000
2023-07-04,947.8861297945829,948.8643404548455,932.2347592303793,936.0498046875,406496
2023-07-05,935.2672201263692,944.8047743875162,928.1262940052258,940.109375,232384
2023-07-06,939.0333243245659,957.9616764981198,935.1693803204784,954.34228515625,560948
2023-07-07,957.6682198425787,958.6464304859317,936.2453828710524,940.6962890625,359447
2023-07-10,940.9898532947528,942.4571694359561,930.3762307169006,939.76708984375,292382
2023-07-11,943.8755270273682,947.0057534989132,934.1423186345677,943.3374633789062,290711
2023-07-12,944.9515456693829,946.7612116004204,934.2401264559949,938.3975219726562,134151
2023-07-13,942.0168862731307,942.0168862731307,912.964017091883,914.7737426757812,326072
2023-07-14,915.6106172858342,933.1844099361324,906.9960012629837,929.492431640625,1073070
2023-07-17,929.3939276740557,958.9297516467482,929.3939276740557,945.5894165039062,420915
2023-07-18,950.0690637354675,958.5852508819518,927.4249306101663,943.4727172851562,319680
2023-07-19,943.1773369725946,945.146391955836,934.1196720315266,936.28564453125,216858
2023-07-20,940.9621684224805,951.2504929282295,932.6428989382802,949.7244873046875,313158
2023-07-21,943.2758225027269,969.7596376588648,939.2884979396484,965.2308349609375,634531
2023-07-24,970.005745917348,973.6977241433719,945.7863927909477,955.139404296875,577849
2023-07-25,955.0408856731508,957.8468250918019,938.2547038810548,952.3334350585938,401687
2023-07-26,957.3053041306279,984.42908521195,952.0381059674346,977.4389038085938,751121
2023-07-27,981.6231238880677,1008.4022836888336,968.7750521355257,989.007080078125,1699982
2023-07-28,989.0070668542191,990.926907456122,961.8833468302347,964.3446655273438,518758
2023-07-31,973.5993300574571,1017.2138289432833,966.0676701721542,1013.5218505859375,1366440
2023-08-01,1015.0972119092658,1033.6555328012446,1006.2364035768437,1027.256103515625,534657
2023-08-02,1023.9086605023734,1023.9086605023734,1005.3010656165418,1011.1098022460938,578333
2023-08-03,1006.1870553178409,1023.0224507002492,1001.3136324153162,1018.0506591796875,402447
2023-08-04,1022.9240687967568,1033.7538712575501,1014.8509913986152,1026.5667724609375,349206
2023-08-07,1031.7848987369837,1035.7230090375065,1018.9860402602845,1030.455810546875,355982
2023-08-08,1036.7075956735462,1048.5219272481736,1031.7849575174514,1040.1534423828125,460082
2023-08-09,1045.863693242692,1053.4445075138478,1042.1717148285081,1046.35595703125,293518
2023-08-10,1043.5991923758354,1062.6990506877098,1037.7413015856048,1058.2686767578125,343123
2023-08-11,1062.945162770244,1064.9142178135155,1045.2236673808025,1048.6202392578125,264965
2023-08-14,1048.3249759135626,1052.3122403539692,1026.9115018521989,1046.8973388671875,187168
2023-08-16,1046.7986963273283,1055.4133105693825,1030.8494014603777,1053.64111328125,200384
2023-08-17,1049.5061445326614,1057.4807919510536,1044.878914106877,1053.3458251953125,128462
2023-08-18,1052.9028778557454,1063.2896909651195,1044.3868111983709,1053.3951416015625,299417
2023-08-21,1063.2897872301633,1076.8270414657325,1048.5218735186334,1054.6751708984375,399610
2023-08-22,1053.444442641919,1056.5948826220474,1048.5218050594804,1051.9676513671875,194268
2023-08-23,1048.5218772904977,1058.0225925154105,1046.5528221218772,1051.032470703125,231392
2023-08-24,1059.5978108416132,1097.7482546698245,1049.2602712236462,1078.4515380859375,798875
2023-08-25,1082.9801870885065,1082.9801870885065,1043.6975180841632,1048.3740234375,420440
2023-08-28,1048.5711369293463,1079.1406458813772,1043.8946309699365,1073.3319091796875,287196
2023-08-29,1068.5569896677282,1080.076034513898,1062.10840609901,1066.9324951171875,246925
2023-08-30,1068.212393216316,1087.902944243345,1066.2433381136132,1079.140625,304541
2023-08-31,1086.9183219272732,1086.9183219272732,1057.5302011180004,1074.0701904296875,383769
2023-09-01,1079.0422664336747,1100.6525995181714,1070.1815178954419,1093.8101806640625,388422
2023-09-04,1101.6369377223186,1110.0546954589604,1085.4415093068772,1099.12646484375,278885
2023-09-05,1104.639806316118,1120.3922456218736,1094.7945317500205,1115.7650146484375,461765
2023-09-06,1117.4386734328734,1123.3458382263511,1102.670761449179,1120.73681640625,333226
2023-09-07,1128.2193604183988,1135.111053650597,1114.0914133287115,1124.28125,258597
2023-09-08,1127.2346077796358,1131.2219918548847,1104.492048689885,1106.8056640625,198395
2023-09-11,1111.8270089841708,1114.2883278562852,1083.964831279201,1106.264404296875,141731
2023-09-12,1106.6089382898808,1121.3275767185232,1082.1434533257493,1107.69189453125,545323
2023-09-13,1099.2741935533002,1106.756578281172,1078.3037103915665,1105.427490234375,323399
2023-09-14,1105.4275819731756,1119.2601219512412,1102.6708567586447,1110.3502197265625,197143
2023-09-15,1108.5780299631244,1120.392360655449,1102.670864616962,1119.1124267578125,309546
2023-09-18,1122.2627000244506,1124.5270407190724,1088.4442111033159,1092.0869140625,295696
2023-09-20,1091.3486974747186,1094.6961148997698,1070.870478082761,1074.2178955078125,261860
2023-09-21,1065.3571060142199,1087.9028081562149,1065.3571060142199,1070.0828857421875,208442
2023-09-22,1065.3572975573497,1089.8720589633035,1054.921328978482,1084.900146484375,218737
2023-09-25,1089.8719867604493,1102.326284177543,1081.4542282209666,1097.5020751953125,299533
2023-09-26,1098.7327132024327,1102.1292850765278,1087.164514833142,1091.4964599609375,180666
2023-09-27,1095.1392270491308,1116.404998691732,1089.9213029961272,1109.36572265625,223986
2023-09-28,1110.5471574318688,1120.5401368298308,1101.3910024761492,1106.3629150390625,319509
2023-09-29,1055.7581954974855,1132.2067911259157,1055.7581954974855,1128.5640869140625,508222
2023-10-03,1132.1081997762474,1145.9900135327248,1122.016792870139,1128.662353515625,549366
2023-10-04,1123.8872743426386,1137.0798450381021,1115.8140777490835,1126.447021484375,970583
2023-10-05,1129.8931309315378,1161.7425749456356,1129.3515926756636,1148.0576171875,1115758
2023-10-06,1150.6665308187823,1155.8353002620324,1139.4921675825483,1153.32470703125,120488
2023-10-09,1142.1996441896422,1166.3697230738944,1133.683456972421,1144.02099609375,427576
2023-10-10,1144.9562686126203,1155.8353461356799,1141.215136023688,1153.66943359375,123438
2023-10-11,1156.8198806607759,1159.576605895836,1125.3642732550175,1130.9267578125,146142
2023-10-12,1132.1573562970511,1137.9169383465394,1128.5146526011995,1132.7481689453125,166746
2023-10-13,1132.2067069941122,1144.710159076977,1127.6286297512531,1132.2559814453125,334505
2023-10-16,1132.2559454348218,1148.402100945343,1130.8283083928898,1136.7354736328125,425032
2023-10-17,1141.0675314601383,1146.5317079189751,1134.4712443638527,1143.7257080078125,165237
2023-10-18,1143.725488435402,1157.410444000908,1133.9294883990058,1142.1502685546875,149353
2023-10-19,1143.9718246998066,1144.070373607488,1120.441710630132,1142.101318359375,306719
2023-10-20,1139.196824634476,1144.3164400958512,1117.4387894229976,1120.146240234375,137952
2023-10-23,1117.4386290089071,1129.154529419852,1087.9028062157201,1093.2684326171875,186429
2023-10-25,1100.406377804984,1108.5287299687939,1089.8227068036558,1100.8494873046875,216057
2023-10-26,1100.8496040514513,1100.8496040514513,1037.6921319464732,1056.7919921875,867029
2023-10-27,1058.3670215128402,1075.793109515352,1048.5217468941162,1058.0224609375,355916
2023-10-30,1063.289719705089,1063.289719705089,1003.2827554498705,1024.6962890625,852518
2023-10-31,1024.8931276169628,1043.5991501190977,1018.8875339025934,1026.8621826171875,363055
2023-11-01,1022.9733664825754,1041.0394224162533,1015.2447293147238,1032.7200927734375,192224
2023-11-02,1032.719942100134,1050.5891379955779,1027.009755433152,1041.5806884765625,188285
2023-11-03,1044.5836084029293,1058.3669924911865,1039.6116967841792,1055.3641357421875,205310
2023-11-06,1060.9268953280812,1085.7862167033143,1058.3671476584345,1082.09423828125,617168
2023-11-07,1083.0788170645214,1093.8101922216467,1070.2308036572836,1091.053466796875,447776
2023-11-08,1092.8255958314085,1103.6553990333414,1076.1870559666668,1092.136474609375,192193
2023-11-09,1092.1364307388023,1107.0027723188737,1088.3459036251195,1091.939453125,213050
2023-11-10,1091.9394157527113,1097.6004488234776,1076.0392727437215,1080.5189208984375,220538
2023-11-13,1092.8747712880518,1102.572342876863,1078.0575847222071,1094.3515625,148581
2023-11-15,1104.2459881036198,1104.2459881036198,1086.3276361932378,1097.9942626953125,154847
2023-11-16,1102.6708526406878,1108.1841828675742,1092.185610228814,1102.1785888671875,300319
2023-11-17,1102.670772526209,1112.1714867008084,1097.74813514886,1102.3753662109375,266551
2023-11-20,1105.1813744742371,1105.1813744742371,1092.431671456288,1095.38525390625,86630
2023-11-21,1100.8001462547888,1115.6173328328136,1094.1054315307329,1102.227783203125,238747
2023-11-22,1100.8494610255555,1109.6117799142658,1092.825537770474,1106.215087890625,164645
2023-11-23,1106.6089461761583,1116.4542214980104,1097.3543633373008,1112.368408203125,187066
2023-11-24,1113.352827696201,1125.3148600877792,1110.1531135270975,1117.4879150390625,275457
2023-11-28,1120.835469344788,1123.0506565855005,1096.960673528219,1106.855224609375,300439
2023-11-29,1109.8086895104195,1124.7734603160802,1099.2742927147806,1122.9029541015625,518123
2023-11-30,1123.3950445385021,1156.8197018950993,1119.9983528793161,1145.153076171875,592289
2023-12-01,1151.897253031745,1159.2812097819485,1140.5751860147664,1151.50341796875,184002
2023-12-04,1160.757924960069,1163.613078752436,1143.2825617980322,1159.871826171875,210202
2023-12-05,1158.7889076259237,1190.2937887168578,1156.8691270070783,1186.897216796875,711331
2023-12-06,1201.123462782098,1225.638219788309,1194.2317707825284,1213.5777587890625,1070956
2023-12-07,1219.4849646065597,1231.9392610347638,1203.7325252176088,1221.3555908203125,259389
2023-12-08,1221.3557549581694,1233.5638009799843,1200.68067548165,1205.8001708984375,203115
2023-12-11,1205.7998854054824,1228.690146549126,1203.092435162686,1224.9981689453125,207410
2023-12-12,1224.703025791011,1234.5975759676937,1218.599002913886,1222.9801025390625,110215
2023-12-13,1226.7214294945593,1241.3909152479482,1220.8142637024507,1234.0069580078125,183378
2023-12-14,1239.520252484413,1239.520252484413,1215.1039198513206,1222.58642578125,132061
2023-12-15,1233.3667646963245,1247.3962808782624,1216.0882598522558,1224.1121826171875,426016
2023-12-18,1224.1614966854734,1235.4835627426273,1215.8914417900191,1220.07568359375,101934
2023-12-19,1218.8450678149206,1224.7522329254937,1208.212122543256,1216.482177734375,88545
2023-12-20,1214.9069562657862,1227.705813989818,1159.7734153007261,1169.37255859375,159722
2023-12-21,1159.7734873357183,1214.9070317251922,1156.819904600568,1184.33740234375,487071
2023-12-22,1194.724179013843,1213.6270598551484,1192.2628601448403,1212.002685546875,154368
2023-12-26,1212.0028057872182,1246.7565595564326,1208.3599813907458,1243.6552734375,175434
2023-12-27,1249.3653707360731,1251.8759638799231,1197.9238099630552,1223.423095703125,1243304
2023-12-28,1222.7831800845054,1237.0095546787172,1210.968849842143,1220.5679931640625,483996
2023-12-29,1230.659441048374,1235.8774851510534,1215.5469671486171,1232.283935546875,211474
2024-01-01,1232.2839354062178,1240.4554419848946,1216.8760551697337,1228.3458251953125,181841
2024-01-02,1222.8817217581143,1236.2712732332716,1208.507642671819,1211.8057861328125,276631
2024-01-03,1206.0463026503066,1232.6285476883133,1205.25863250247,1229.4288330078125,150644
2024-01-04,1235.5819072502968,1246.0671482684559,1227.2134242131433,1235.4342041015625,225513
2024-01-05,1239.2247285668084,1248.8731462359026,1216.728299003211,1227.1151123046875,174551
2024-01-08,1225.736809333884,1226.7213368915818,1179.4640141220827,1181.826904296875,275485
2024-01-09,1189.998390301201,1196.1025331621313,1150.9619694600183,1152.4879150390625,534152
2024-01-10,1152.487956948065,1157.4105948302808,1134.717306302219,1148.59912109375,323653
2024-01-11,1151.995544994581,1174.5905220768257,1148.6481276288885,1169.5693359375,216607
2024-01-12,1177.4949217218082,1179.119416176888,1157.9520743566381,1162.677734375,154008
2024-01-15,1163.7608983007174,1200.336002515812,1163.7608983007174,1186.8480224609375,466891
2024-01-16,1186.4539205503202,1194.6747001297224,1161.988439215313,1169.3231201171875,168541
2024-01-17,1163.7115060699546,1164.8437367323115,1141.1658022629094,1144.119384765625,216312
2024-01-18,1139.1966909198036,1150.8633171922177,1109.0701749183886,1134.86474609375,254243
2024-01-19,1138.1631921620578,1167.305185395794,1134.8649285216927,1164.4007568359375,177261
2024-01-23,1159.133402151704,1159.133402151704,1102.5230721684272,1110.3992919921875,292065
2024-01-24,1112.5161162208267,1137.030875915461,1110.7931930319892,1132.3543701171875,253621
2024-01-25,1137.1293327932974,1137.1293327932974,1107.5935059674975,1111.5316162109375,229113
2024-01-29,1117.29092259743,1128.662262412244,1111.0884719379071,1119.94921875,209061
2024-01-30,1132.0098936869626,1132.1083224116123,1027.8960989629106,1034.0001220703125,1670646
2024-01-31,1038.9227160300907,1060.3361906319903,1018.5921977165674,1033.655517578125,1442725
2024-02-01,1039.611843309075,1060.2869223554464,1021.939621434931,1053.936767578125,1619314
2024-02-02,1053.9860610901437,1070.9198875902982,1047.6357860163928,1059.794677734375,548754
2024-02-05,1060.3361198884138,1081.0111974349848,1059.7945816895622,1073.9718017578125,385786
2024-02-06,1085.3923589633096,1094.7946452210713,1074.1195664893785,1091.693359375,308539
2024-02-07,1092.8255756626384,1094.7453563040062,1064.9633980483352,1066.735595703125,318467
2024-02-08,1071.0181773413835,1072.0519792508906,1048.521748832329,1058.3177490234375,280684
2024-02-09,1055.9057928677262,1075.1040800107758,1048.9648255972204,1070.6737060546875,266059
2024-02-12,1076.7285374688545,1078.9928786373664,1056.7918553520813,1063.1912841796875,135469
2024-02-13,1063.289721927239,1086.8691079658631,1054.9705124533116,1083.6202392578125,172792
2024-02-14,1082.980356274636,1082.980356274636,1065.8495520572462,1075.990234375,295228
2024-02-15,1078.0577560037011,1093.8101981005589,1076.0887007415938,1087.5584716796875,139567
2024-02-16,1090.8565014514684,1093.7608095875732,1064.9633793822886,1072.839599609375,207389
2024-02-19,1072.839532548675,1092.5300818855806,1065.2587191265966,1085.884521484375,270806
2024-02-20,1095.3853644351143,1106.6090029137963,1064.7665806505968,1078.4515380859375,429406
2024-02-21,1082.9803196264152,1087.6075511012748,1065.2588234870736,1068.6553955078125,238135
2024-02-22,1073.1348928575478,1085.786046227857,1064.5202778919481,1081.3065185546875,158278
2024-02-23,1075.1039333453757,1085.1460648699303,1059.4499234663958,1064.520263671875,119791
2024-02-26,1077.0239341846323,1082.9803743160076,1038.7750604553355,1046.10986328125,465917
2024-02-27,1046.1097897943996,1047.3404492242169,1008.7468973962002,1023.4163818359375,778424
2024-02-28,1023.9086951833524,1040.9410705893272,1023.9086951833524,1032.080322265625,238993
2024-02-29,1033.7539300685976,1066.243339299325,1022.7764238225043,1059.5977783203125,474424
2024-03-01,1065.1603340923418,1078.0576204005438,1049.6540258537038,1070.6243896484375,407919
2024-03-04,1063.2897572027352,1080.71584681759,1059.400921441156,1075.3502197265625,225860
2024-03-05,1078.0575766665015,1085.9337964047043,1058.6624336338075,1074.2178955078125,634824
2024-03-06,1075.054878070765,1084.4078903866791,1059.3517107287887,1081.700439453125,154816
2024-03-07,1087.8045823609648,1105.6245080989934,1084.7525708005721,1097.3052978515625,558623
2024-03-11,1104.6399459651414,1112.6145953355235,1086.967723957497,1101.9324951171875,532858
2024-03-12,1102.621560928454,1106.0674072890092,1090.068834900717,1100.5540771484375,467672
2024-03-13,1098.1421034727734,1106.264456131327,1051.2786139882246,1060.090087890625,358551
2024-03-14,1057.382608639934,1078.6976545357065,1038.479727396101,1069.0985107421875,538865
2024-03-15,1073.3811079023906,1092.8255260460019,1043.3530191236491,1058.2193603515625,1215774
2024-03-18,1062.3052750365498,1062.3052750365498,1039.1688765533627,1052.2138671875,185084
2024-03-19,1045.912724481725,1053.050548576191,1033.0647132206316,1038.4796142578125,594754
2024-03-20,1033.7537867966744,1042.1715442760749,1020.7087985347163,1037.839599609375,295678
2024-03-21,1048.275566315785,1053.8873245150521,1042.6145336730842,1049.5062255859375,703368
2024-03-22,1047.4879305072923,1059.3515343314964,1038.873315334987,1048.9647216796875,896943
2024-03-26,1048.029644065145,1051.4754907107326,1023.9087175460317,1046.2574462890625,457979
2024-03-27,1046.2574271366498,1060.7792091629383,1043.6485251551658,1056.1519775390625,900124
2024-03-28,1056.1517986081226,1068.2122596036477,1044.5836013267005,1058.416259765625,373298
2024-04-01,1067.4739815077899,1104.4430385779956,1058.4163762441342,1097.2066650390625,359468
2024-04-02,1100.7016964896789,1117.4386632520443,1093.4654437199124,1115.7650146484375,324900
2024-04-03,1119.4570698876887,1130.5330045391283,1101.2433106830993,1127.087158203125,420752
2024-04-04,1127.284099570907,1136.1448479518137,1114.0422514520776,1127.3333740234375,325105
2024-04-05,1127.2347478674094,1145.0055178638977,1124.1335822918925,1143.4302978515625,520510
2024-04-08,1146.974543654448,1148.8451699508014,1123.9365759945147,1136.686279296875,181426
2024-04-09,1138.9999078041978,1150.6665348376798,1126.496336236478,1130.13916015625,164829
2024-04-10,1130.188392690689,1155.589252446494,1128.317886425185,1145.6947021484375,204000
2024-04-12,1146.925315438443,1161.2009648404867,1131.5175555049539,1137.326171875,223901
2024-04-15,1124.3303612943134,1134.7171740881824,1105.2305045004593,1116.355712890625,193241
2024-04-16,1113.8944268918408,1123.641273085015,1102.6707894627789,1119.45703125,613602
2024-04-18,1119.4571825475978,1135.1110756184091,1099.2743662627056,1102.572509765625,531405
2024-04-19,1084.0632767790376,1108.3319052700808,1075.6456382150527,1104.098388671875,312229
2024-04-22,1106.8058858299412,1116.4543044347301,1073.4304961548119,1076.8763427734375,532890
2024-04-23,1080.9619370887315,1092.33327796032,1062.4036174661455,1083.029541015625,257294
2024-04-24,1088.6905694461313,1093.0223943481114,1068.2123491501595,1070.9197998046875,513398
2024-04-25,1078.4515024819234,1124.2811878329344,1055.315105053156,1094.745361328125,996110
2024-04-26,1094.6961773941414,1180.4485006529653,1091.1519023459286,1166.1728515625,2181682
2024-04-29,1174.393667611597,1192.656701793188,1155.8846217233313,1185.3218994140625,467052
2024-04-30,1190.2444552208974,1192.5089165096047,1167.8464549314497,1189.1614990234375,409939
2024-05-02,1189.1616725420163,1198.5146850166566,1178.0365824442963,1190.0970458984375,254334
2024-05-03,1193.2473963435489,1196.2009790077657,1177.4949554677264,1189.40771484375,250533
2024-05-06,1191.0814276269139,1210.4272970199547,1174.5905918627097,1203.4864501953125,339469
2024-05-07,1207.0307916010747,1209.5905392272064,1162.7763257402116,1182.4176025390625,255290
2024-05-08,1178.5287952767337,1198.3669299958053,1170.5540256822715,1193.0997314453125,130011
2024-05-09,1194.4779669567008,1197.2346919775937,1159.1826807804487,1165.237548828125,321293
2024-05-10,1164.9421575318327,1178.8732456113137,1151.8971682334623,1162.7762451171875,213447
2024-05-13,1163.711408509271,1190.7859125143514,1155.8351891623386,1185.2725830078125,366142
2024-05-14,1194.231804503613,1220.6171884053415,1177.3471345915875,1213.0362548828125,317367
2024-05-15,1219.8294709927254,1223.6198775159933,1204.2738897145405,1216.3343505859375,277176
2024-05-16,1216.3342848761936,1230.659206107915,1212.2485924571658,1229.3792724609375,161486
2024-05-17,1231.6440541139013,1243.409111114534,1224.7523607655423,1240.70166015625,335309
2024-05-21,1236.4681058298693,1237.5510620387745,1207.079984120873,1221.552490234375,255905
2024-05-22,1220.8140830763493,1223.1769730799094,1205.1109177416677,1220.5186767578125,159853
2024-05-23,1220.518639514451,1229.6747929307605,1205.1600352323353,1213.0362548828125,121620
2024-05-24,1213.183893278005,1254.238637941992,1206.4399045985917,1233.9573974609375,722444
2024-05-27,1233.9576934627341,1244.4429368642466,1221.8972298736621,1227.1644287109375,185319
2024-05-28,1236.5665223650763,1279.2457648451032,1230.7577861615998,1271.1234130859375,1073528
2024-05-29,1277.9166841310107,1277.9166841310107,1254.3372987791909,1267.9237060546875,594838
2024-05-30,1265.0193219245034,1289.730936441379,1246.9532675763144,1280.08251953125,646063
2024-05-31,1287.0728759765625,1293.5707335773347,1272.4033918807581,1287.0728759765625,474230
2024-06-03,1309.421623805918,1325.5678994440523,1282.7409515977683,1320.49755859375,610996
2024-06-04,1320.1530352817529,1320.1530352817529,1226.27835604247,1284.8084716796875,981300
2024-06-05,1291.601667939636,1363.324473203081,1272.0588208489753,1348.6058349609375,581495
2024-06-06,1349.5903392860769,1373.4158566112899,1338.5144049585665,1365.9334716796875,565986
2024-06-07,1383.261097363111,1388.1837347202752,1361.4537898345588,1370.5606689453125,692105
2024-06-10,1383.2612163070673,1427.6633850504288,1365.5397202974395,1417.2274169921875,786180
2024-06-11,1420.6238978632932,1460.1527007410987,1413.3384905608098,1443.661865234375,638822
2024-06-12,1442.3820581009447,1466.9459710878034,1427.6141456403293,1452.1287841796875,452009
2024-06-13,1453.1134283686938,1482.6001013919179,1448.2893393894267,1475.1668701171875,406115
2024-06-14,1469.8994962010795,1511.0035176119268,1459.1681228622917,1485.455078125,581505
2024-06-18,1485.4550940084505,1518.436764235684,1467.4874676906293,1506.4747314453125,742181
2024-06-19,1521.0949340935924,1570.2228786550015,1521.0949340935924,1548.7601318359375,1250531
2024-06-20,1551.6153212421495,1662.325389206117,1530.2511228230583,1618.3663330078125,2668159
2024-06-21,1614.6249636029795,1614.6249636029795,1520.1103315871953,1525.9190673828125,1218564
2024-06-24,1491.657601758424,1527.9374163535754,1470.244128482049,1508.1484375,804153
2024-06-25,1516.1724988349963,1530.9404127846879,1493.528364112136,1501.7491455078125,395928
2024-06-26,1503.816335916555,1552.058178736595,1497.4661822302178,1535.8134765625,746570
2024-06-27,1535.8628923133103,1565.3987171654894,1505.3918144134439,1537.5858154296875,495746
2024-06-28,1537.0935459243567,1589.0273710948995,1531.678644721741,1576.080810546875,523177
2024-07-01,1572.1921405882492,1584.055625999772,1555.5536001954104,1572.4874267578125,271474
2024-07-02,1573.225587800278,1580.215828827853,1537.8811485546687,1546.1019287109375,226592
2024-07-03,1555.5043505749693,1565.841890488131,1544.2315575042064,1559.097900390625,173456
2024-07-04,1567.367916069601,1573.718070923252,1542.951583877288,1555.110595703125,154335
2024-07-05,1555.1106070914386,1571.6998729917902,1541.3763750645883,1568.1063232421875,152813
2024-07-08,1574.2595299837778,1612.1638401178463,1557.8179682060493,1590.7503662109375,581775
2024-07-09,1599.857316848113,1613.4438455192126,1577.2131825173396,1585.7293701171875,427044
2024-07-10,1585.7292595907106,1599.857205336908,1547.1849834996622,1586.91064453125,380664
2024-07-11,1586.0738540037105,1596.8052281385005,1570.3214134921902,1578.3453369140625,217731
2024-07-12,1576.1301784971718,1606.5028293719156,1572.7334863414405,1577.213134765625,208668
2024-07-15,1577.3114772474626,1597.5435653621525,1565.7432791698866,1572.881103515625,376336
2024-07-16,1575.9331385065998,1585.0892924299144,1551.1230933064162,1559.4915771484375,256219
2024-07-18,1566.875587538799,1578.1976543039239,1552.1569488167706,1568.5985107421875,447469
2024-07-19,1576.2779369188727,1584.0556086895842,1534.090833786273,1570.71533203125,479563
2024-07-22,1570.7152584905236,1619.4985258996912,1476.4959009752376,1587.2552490234375,970889
2024-07-23,1604.7798878110361,1604.7798878110361,1510.6590791634665,1559.836181640625,848432
2024-07-24,1558.0640138622562,1612.508311478226,1555.7995525822598,1605.6658935546875,707817
2024-07-25,1593.9994259541843,1620.9262312221254,1571.3552916215351,1601.4818115234375,768044
2024-07-26,1600.8394022874716,1624.9013778200067,1583.052297817611,1605.4837646484375,373711
2024-07-29,1612.8950502346747,1668.7267945456774,1612.8950502346747,1660.17919921875,859587
2024-07-30,1660.1792485742878,1674.359499753078,1633.449134332335,1640.662841796875,313903
2024-07-31,1646.3447981364711,1662.15555771642,1629.5952023305492,1642.3426513671875,267713
2024-08-01,1646.295338433731,1648.419933373941,1603.0627927815847,1614.3773193359375,175760
2024-08-02,1600.8393659061728,1629.5951600202948,1586.0167791848194,1619.565185546875,200833
2024-08-05,1590.9576180129668,1614.673756418129,1566.7968502633148,1594.5150146484375,417897
2024-08-06,1595.6515530821587,1640.2675658259247,1582.212431134129,1589.129638671875,457049
2024-08-07,1594.3668761000315,1632.4115174508636,1567.2910460294918,1606.6202392578125,1184519
2024-08-08,1588.9814470688173,1674.2113287912584,1588.9814470688173,1621.3935546875,1346743
2024-08-09,1619.61473679962,1683.8459496684275,1619.61473679962,1673.667724609375,1325045
2024-08-12,1688.786758611446,1743.531537814032,1685.8222411884885,1713.54052734375,1141141
2024-08-13,1716.4556268483584,1718.8766012147767,1685.1799432010323,1696.5933837890625,284601
2024-08-14,1704.5974826388888,1710.1806811276188,1653.7560581464413,1667.541015625,365288
2024-08-16,1672.8277603333809,1758.9470161777242,1670.0114928878393,1738.9365234375,693778
2024-08-19,1752.9683698061947,1752.9683698061947,1693.0851468646454,1720.2598876953125,439781
2024-08-20,1723.0269544236096,1736.7131190314979,1694.7157889837945,1728.8077392578125,341506
2024-08-21,1724.3609981478319,1763.4926046968271,1714.5780663539517,1741.1104736328125,515976
2024-08-22,1746.100680614518,1767.8404740347328,1741.3574047085917,1760.4786376953125,495949
2024-08-23,1757.95884069716,1759.441099416129,1724.608019520359,1727.819580078125,226283
2024-08-26,1727.819559232677,1745.5572067717317,1725.497378059613,1732.9580078125,228484
2024-08-27,1736.21896497459,1747.5829479553572,1719.4200336117171,1721.9892578125,379612
2024-08-28,1719.4199931903054,1733.9955362360279,1705.5855794519925,1715.4178466796875,289715
2024-08-29,1716.4555380899224,1720.8035209760758,1685.8716491477362,1704.44921875,380265
2024-08-30,1713.2934552942995,1752.7708967261203,1707.5620067894213,1737.4542236328125,315808
2024-09-02,1737.4542628261706,1752.5733500196154,1718.0861063449672,1722.73046875,278397
2024-09-03,1726.1398177334836,1744.5198026031294,1708.1550053732587,1711.71240234375,393536
2024-09-04,1704.5974547957042,1718.9259551403636,1685.328092263231,1703.2139892578125,339834
2024-09-05,1712.2064425390456,1716.8014687894572,1697.6803550393195,1699.7554931640625,182090
2024-09-06,1690.8126061142764,1704.597564252841,1661.1179742081308,1671.14794921875,259034
2024-09-09,1668.0350451473162,1691.7017263583675,1647.3328811965978,1686.7608642578125,168857
2024-09-10,1691.899416982249,1706.1784600652195,1680.7330204915454,1686.16796875,231811
2024-09-11,1694.863855391351,1707.8088892432438,1671.8393910439052,1677.4720458984375,340943
2024-09-12,1690.6148084511506,1693.1346964440327,1666.7998765808425,1672.3336181640625,285152
2024-09-13,1670.208978454075,1689.3302113100008,1666.8492887224186,1674.359375,292163
2024-09-16,1674.3594641067082,1691.7018186498653,1631.8680477237995,1684.932861328125,225407
2024-09-17,1690.763073850207,1722.6316355870097,1685.130539096171,1694.864013671875,453158
2024-09-18,1694.8639933932207,1721.3469425468431,1675.8910100707774,1709.538330078125,510090
2024-09-19,1720.4083341565401,1721.34704978729,1644.4178442663651,1654.5960693359375,511170
2024-09-20,1671.1972222715176,1671.1972222715176,1587.8943559618726,1639.5263671875,835610
2024-09-23,1648.1728330965175,1659.5368161309734,1626.0872032374657,1652.6689453125,471706
2024-09-24,1666.009359153785,1666.0588160288323,1639.0323225868842,1643.2320556640625,239688
2024-09-25,1643.2320719265026,1649.2599000422147,1607.3613619793482,1624.753173828125,497911
2024-09-26,1637.4017376764564,1637.7475739061233,1592.933977751628,1614.822021484375,404820
2024-09-27,1614.8221376523168,1662.1061683152911,1608.6460594406815,1637.40185546875,635096
2024-09-30,1641.2063105814052,1661.019217916744,1616.749040638911,1654.8431396484375,515352
2024-10-01,1655.1888713130245,1714.4792189421478,1655.1888713130245,1707.56201171875,536936
2024-10-03,1707.5620737722072,1718.8272643564262,1632.510420921545,1649.556396484375,594869
2024-10-04,1634.5360506469244,1657.9063535754228,1595.404445148276,1600.7406005859375,165799
2024-10-07,1605.780229012869,1619.0711001962447,1538.6339593795235,1547.72509765625,451674
2024-10-08,1542.6854960019073,1567.3898080775664,1527.3688225149988,1555.53173828125,305749
2024-10-09,1563.0418053005292,1622.9250328908638,1548.1204251204515,1591.501220703125,618039
2024-10-10,1595.4044046383492,1627.5200089435498,1591.5011717503246,1608.794189453125,142809
2024-10-11,1603.9026763699487,1623.5673322122482,1594.564494986104,1619.565185546875,99503
2024-10-14,1613.6856014907578,1629.7434037101239,1598.5171785965372,1606.8671875,76656
2024-10-15,1612.9445367437695,1619.7134941327517,1595.107975159893,1612.1046142578125,97546
2024-10-16,1605.9285672965916,1615.167956073881,1581.0760047220615,1608.8436279296875,459314
2024-10-17,1609.683534071235,1609.683534071235,1568.9708756140517,1572.9730224609375,109127
2024-10-18,1558.6445091265505,1607.0155040255493,1552.1224742231368,1601.9263916015625,119351
2024-10-21,1595.8985979537358,1609.6835561684222,1567.5380952685741,1586.263916015625,557751
2024-10-22,1582.508622610584,1597.4301221715236,1541.5489253760372,1547.9720458984375,190552
2024-10-23,1547.9721223599006,1602.0251064061888,1543.3277601572097,1583.694580078125,234632
2024-10-24,1592.0447709509679,1640.3664327643319,1568.2792935028012,1620.4053955078125,440808
2024-10-25,1640.366361444406,1650.2480865133482,1541.845610757663,1578.951416015625,807723
2024-10-28,1579.148997076894,1619.7134028770854,1566.4015486282847,1582.4593505859375,262830
2024-10-29,1589.969599441166,1600.790040385011,1554.444845267968,1589.0308837890625,267356
2024-10-30,1589.9695988558913,1628.3107412243455,1582.7065548944408,1626.531982421875,247414
2024-10-31,1626.4824744251032,1657.3628649798684,1616.699663198574,1648.9140625,384209
2024-11-01,1646.097798211539,1674.7548007021542,1646.097798211539,1671.790283203125,60942
2024-11-04,1679.8931221067533,1679.8931221067533,1603.803845399565,1615.21728515625,444910
2024-11-05,1615.8102175100096,1654.1512364733178,1615.7114243895942,1649.4080810546875,345669
2024-11-06,1653.1136036468527,1712.2556966441307,1648.3703279578456,1705.684326171875,330133
2024-11-07,1710.5266135877007,1777.7223442196844,1708.649061694737,1756.9212646484375,933392
2024-11-08,1756.9211021659378,1763.838309091282,1720.506972691393,1731.278076171875,298828
2024-11-11,1731.5252238828202,1739.5293968261137,1686.5633761518068,1716.70263671875,359217
2024-11-12,1716.7026349199675,1735.8237482162783,1699.6566596991477,1710.032470703125,344347
2024-11-13,1694.5181622408606,1710.4770507763506,1655.7323936532018,1665.0211181640625,225860
2024-11-14,1666.6023662243088,1704.5975503273728,1645.504786998747,1695.654541015625,572592
2024-11-18,1694.7157026284588,1723.3232459761578,1675.001711072979,1700.7435302734375,362721
2024-11-19,1709.7360883878937,1754.6979391664465,1704.1530100122216,1743.729248046875,231149
2024-11-21,1744.470307993631,1768.9275774982298,1714.479296585014,1747.0889892578125,424127
2024-11-22,1747.0889233039325,1793.5330292967406,1747.0889233039325,1785.0841064453125,554100
2024-11-25,1803.4147784730906,1817.2491932120622,1767.8405691443063,1774.2142333984375,561874
2024-11-26,1788.5426827681176,1788.5426827681176,1739.2329738725912,1746.693603515625,286755
2024-11-27,1746.6936481657485,1751.436924311242,1725.4479398865803,1737.997802734375,175372
2024-11-28,1737.9978611288325,1753.9567506851404,1724.7563253520782,1734.98388671875,175365
2024-11-29,1744.1244365250752,1778.9080597564387,1735.082634159428,1767.840576171875,382200
2024-12-02,1777.6233695289914,1783.651197094701,1748.6205334688486,1754.845947265625,173353
2024-12-03,1763.8878560126582,1766.8523734177215,1737.3554493626461,1756.4765625,336860
2024-12-04,1758.9469656747674,1787.55450992769,1729.3017920959792,1737.15771484375,398972
2024-12-05,1746.2983896910234,1751.0416659306104,1725.5962241147452,1748.0771484375,537230
2024-12-06,1755.78476032945,1773.6211996898226,1736.0706486660742,1741.5550537109375,306411
2024-12-09,1741.5551754192372,1751.9803225429562,1710.1312428000704,1748.86767578125,343856
2024-12-10,1749.0654070206938,1779.8470059644717,1745.211509964664,1759.29296875,501681
2024-12-11,1766.45694328192,1773.6211931217624,1746.0511592679627,1747.9287109375,166651
2024-12-12,1749.9052616956849,1773.4731518865726,1741.3575453760368,1757.5635986328125,467431
2024-12-13,1757.8599714049928,1768.4333682248746,1722.2363068187665,1756.624755859375,221661
2024-12-16,1749.0652933418219,1803.2665298604713,1735.8732148309043,1797.7327880859375,851025
2024-12-17,1803.4147223855177,1833.0598959041838,1765.370083036563,1795.6575927734375,1396764
2024-12-18,1823.178344338897,1859.6419353509812,1784.639615108969,1809.1956787109375,1370818
2024-12-19,1783.651376712358,1840.5207527911105,1766.8524440785018,1823.67236328125,881503
2024-12-20,1832.3682411998784,1836.8150172707794,1798.078584455018,1817.545654296875,807363
2024-12-23,1820.2630373920033,1866.6082269529134,1794.6693478294092,1840.668701171875,881011
2024-12-24,1840.668805222709,1854.3056335119347,1825.2040026221616,1833.40576171875,348224
2024-12-26,1833.4057651817586,1839.3842568663867,1796.6951338541703,1823.2276611328125,404252
2024-12-27,1823.2276096360417,1842.842808455103,1813.691721459699,1824.3145751953125,316960
2024-12-30,1813.444812125492,1868.387179746262,1801.0926557077594,1846.844970703125,669129
2024-12-31,1837.5561004987412,1862.7050407290649,1819.4724966803133,1857.7147216796875,522470
2025-01-01,1870.9069568005616,1912.0149067922373,1853.4162319758382,1905.9376220703125,822664
2025-01-02,1903.6647935095004,1936.3733985431265,1877.5276801080781,1932.914794921875,379072
2025-01-03,1917.2520445604798,1945.5138717360528,1917.2520445604798,1935.1380615234375,253633
2025-01-06,1927.8256005654716,1954.5062559367796,1908.655031469673,1915.3251953125,306775
2025-01-07,1925.453997888195,1949.911265759754,1917.5980752467258,1925.404541015625,359624
2025-01-08,1915.0782581162284,1929.258509018771,1890.0774462276725,1914.732421875,143269
2025-01-09,1912.113684457912,1954.3085996834557,1904.7023911073,1928.8631591796875,329372
2025-01-10,1928.4186173343724,1931.877221054931,1883.1602689690228,1899.712158203125,342073
2025-01-13,1877.527712931675,1881.18390285888,1769.1252400724925,1786.6158447265625,590809
2025-01-14,1780.6868254389922,1821.943026860789,1780.6868254389922,1813.593017578125,247856
2025-01-15,1813.2964628803993,1827.9707997762252,1781.5266941874631,1803.56298828125,195897
2025-01-16,1810.0848765696276,1879.5039908477859,1808.405031663326,1853.2186279296875,617106
2025-01-17,1853.2185919130516,1867.6458852078724,1839.9276004069584,1852.675048828125,322965
2025-01-20,1852.7246297885317,1856.4302766343565,1805.6381864089449,1835.826904296875,283445
2025-01-21,1842.9415897277856,1857.2206331509408,1816.3597271232984,1822.43701171875,251105
2025-01-22,1824.9570240122978,1832.318860897828,1719.4201526019797,1755.68603515625,529245
2025-01-23,1755.6859345550881,1851.291618596542,1748.4228912105762,1826.8343505859375,477047
2025-01-24,1827.1308028373335,1848.1294667423056,1787.6039060750331,1793.5823974609375,241092
2025-01-27,1778.759770876714,1788.5920379729764,1686.41498803198,1709.439453125,271233
2025-01-28,1711.4159366031429,1723.7680925624782,1667.2445545166456,1693.18408203125,152250
2025-01-29,1684.8342256195401,1778.6611625434575,1684.8342256195401,1771.5958251953125,261426
2025-01-30,1776.7341153277794,1823.1782217907412,1768.8287355042964,1801.883056640625,899678
2025-01-31,1812.3083522117151,1816.1622490598259,1781.526754928616,1788.1475830078125,467526
2025-02-01,1802.8218372681597,1806.4286908266863,1755.488352909605,1768.3345947265625,190134
2025-02-03,1772.5344463571812,1807.3180705870009,1731.5252870407642,1790.2720947265625,501819
2025-02-04,1796.4975587562692,1861.321648962324,1791.3096532648112,1855.9361572265625,709278
2025-02-05,1869.3193394633831,1899.2082493845194,1846.8654757408817,1867.78271484375,1009392
2025-02-06,1867.782592692744,1883.4458040654258,1835.1675012984342,1848.9471435546875,733389
2025-02-07,1848.947077537225,1863.2223889979316,1802.8497957663265,1842.1068115234375,585615
2025-02-10,1848.6498640868585,1856.233514107105,1812.515468344285,1835.762451171875,354109
2025-02-11,1835.762388492362,1839.3806805690724,1779.008206631477,1803.8411865234375,482736
2025-02-12,1780.3465660985335,1896.1349427881971,1735.8353999998542,1824.9072265625,1001364
2025-02-13,1824.90708718353,1853.3586002111917,1819.5538302886816,1835.217041015625,724951
2025-02-14,1844.1390466553555,1844.3372661223514,1724.3852034182537,1737.0247802734375,289209
2025-02-17,1724.9305109645595,1728.8958684610297,1666.5902130003624,1692.7615966796875,344836
2025-02-18,1704.0134424282587,1710.4571489955208,1644.1365141236927,1695.2401123046875,468103
2025-02-19,1697.272261706756,1729.8873540750346,1678.4368120062254,1699.7506103515625,549094
2025-02-20,1691.2251160263947,1734.9927773172747,1689.2424371095995,1725.9219970703125,426646
2025-02-21,1730.878721483346,1739.6520516250107,1664.0129223719548,1693.7034912109375,522853
2025-02-24,1665.4502949551338,1699.4036715040702,1647.011405177897,1655.8343505859375,341304
2025-02-25,1655.834263032398,1743.6669104552118,1596.8495682049324,1674.967041015625,1471523
2025-02-27,1695.3886030991123,1716.553796219751,1603.788938829609,1655.0411376953125,783256
2025-02-28,1628.2751036676823,1661.2371415349276,1609.6874883290102,1652.5133056640625,690645
2025-03-03,1650.3323124467968,1664.45889929309,1582.1777267848552,1651.1749267578125,371172
2025-03-04,1642.252738031185,1645.078030967503,1588.323853351974,1597.7415771484375,424886
2025-03-05,1583.1691266249254,1752.6385598706054,1582.673456892106,1688.3502197265625,2325195
2025-03-06,1705.1037636433498,1738.8093031572298,1685.4257008062505,1717.6937255859375,474985
2025-03-07,1720.9652388409193,1757.4960723867343,1719.973899417624,1741.0894775390625,366163
2025-03-10,1734.8440678387221,1768.5496097281602,1713.3320498027695,1733.90234375,429888
2025-03-11,1704.7569562055357,1725.5750852271747,1685.0788917853251,1711.547607421875,419937
2025-03-12,1725.2280057807232,1766.66592008218,1718.6850689319206,1746.4921875,524397
2025-03-13,1734.8440165853206,1789.367685678002,1723.691447907272,1782.130859375,646120
2025-03-17,1783.8656859790315,1893.26008871039,1764.3363476453455,1872.491455078125,946278
2025-03-18,1872.491455078125,1872.491455078125,1872.491455078125,1872.491455078125,0
2025-03-19,1943.0252227030549,1997.2019450795146,1919.8278565559167,1961.464111328125,980879
2025-03-20,1966.321742223834,1995.5662551533037,1951.996935990746,1966.0242919921875,653364
2025-03-21,1966.0243078143262,1972.7158489622095,1930.1874842550426,1959.8780517578125,669051
2025-03-24,1975.7395471302043,2016.830519411634,1955.56581328762,1968.8001708984375,535527
2025-03-25,1985.5537071372896,1997.2514394416153,1937.0771863070252,1961.464111328125,296393
2025-03-26,1963.9426315251253,2008.6520181414005,1949.964768975056,1962.4061279296875,621503
2025-03-27,1948.9733534895402,2004.8849225226872,1929.5431245241089,1953.384765625,404196
2025-03-28,1968.9984276280832,2003.3979802069334,1950.8569877440561,1964.9339599609375,620411
2025-04-01,1970.6836477055103,2051.0812500767015,1964.9338306920272,2031.3040771484375,795326
2025-04-02,2031.3040480426987,2041.0685959269047,1987.6354990230088,2032.09716796875,314914
2025-04-03,2032.0971176076416,2106.596174936681,2002.505540410398,2042.65478515625,626496
2025-04-04,2042.654872997145,2051.9239933759554,1979.704819886095,1997.8958740234375,394046
2025-04-07,1853.8048642109577,1991.6010546523069,1838.9843870975149,1951.6500244140625,369881
2025-04-08,1997.5488784107604,2099.656835967241,1959.1840922777926,2045.5792236328125,1154951
2025-04-09,2045.579327094297,2081.0197122134464,1963.893053728065,1987.338134765625,453498
2025-04-11,2011.6261180180659,2156.163469333093,2011.0809538865697,2042.159423828125,1279884
2025-04-15,2061.7879886311357,2250.8363872886207,2033.237361959463,2175.09814453125,964532
2025-04-16,2156.1634291183223,2208.3079840307173,2088.3559036062034,2115.1220703125,1203807
2025-04-17,2111.5529685334864,2153.6848939619713,2083.2005642581803,2099.954345703125,538004
2025-04-21,2129.0008070054882,2209.5965147343027,2117.6004027555155,2178.864990234375,734189
2025-04-22,2185.506993766443,2185.506993766443,2141.0949391089857,2153.387451171875,377530
2025-04-23,2154.9736494948006,2215.14790304288,2138.814768769306,2186.498291015625,957209
2025-04-24,2200.7734312549414,2234.478970292179,2194.726164205421,2213.264404296875,686591
2025-04-25,2221.7897178052963,2231.405661159934,2162.408587150132,2182.43359375,646308
2025-04-28,2186.894876920391,2233.487832140363,2171.7273345818335,2218.1220703125,687449
2025-04-29,2227.3412872159593,2276.1151345510984,2208.704059137564,2232.39697265625,568534
2025-04-30,2225.5569839910477,2269.275148950315,2174.6022349319874,2195.023681640625,799585
2025-05-02,2224.5658277393263,2317.7517403095117,2207.9112758108954,2229.02685546875,915043
2025-05-05,2245.383681102067,2264.1198984517705,2190.5625653392326,2208.90234375,487380
2025-05-06,2219.7080875763036,2282.063237346663,2219.608856828487,2264.318359375,1007180
2025-05-07,2247.564977490114,2314.777847329604,2225.5572879036235,2293.959716796875,835179
2025-05-08,2293.959531330593,2347.392631900703,2226.548447436695,2258.8662109375,604623
2025-05-09,2181.938054865057,2329.647627865917,2181.938054865057,2322.708251953125,630851
2025-05-12,2359.388076552511,2408.855822187376,2345.707542661368,2403.502685546875,522329
2025-05-13,2396.067437011108,2476.365932004033,2374.35719999018,2412.226318359375,975033
2025-05-14,2428.880817391536,2431.0617157171496,2300.502362097774,2382.486083984375,1234876
2025-05-15,2394.87784959768,2489.2533151726975,2394.0847296463817,2448.6083984375,1251757
2025-05-16,2448.608262908853,2492.227195527472,2395.0759365132744,2429.673583984375,1182297
2025-05-19,2448.6083916344246,2487.270629397073,2399.0414201438493,2470.51708984375,616376
2025-05-20,2478.348658744962,2478.348658744962,2344.517831172734,2374.951904296875,870694
2025-05-21,2374.9517026716453,2432.0529477319246,2355.521596052376,2393.09326171875,748895
2025-05-22,2392.399639316486,2403.998262942755,2357.207087425984,2393.291748046875,668338
2025-05-23,2407.368424527988,2436.712166632337,2354.430999085354,2368.805419921875,723118
2025-05-26,2379.214686569193,2416.885585773205,2368.7063915596855,2378.917236328125,537586
2025-05-27,2378.9172202741806,2420.850927247223,2365.7323572365067,2394.481201171875,860460
2025-05-28,2394.4811943762033,2478.348608084267,2374.257966544728,2388.13671875,1566649
2025-05-29,2399.0414744068416,2403.898940912296,2272.6456942469767,2288.903564453125,633139
2025-05-30,2301.0969061178853,2364.443637321046,2232.4962698544223,2269.572265625,17116295
2025-06-02,2284.0462021771864,2288.6064606760588,2233.289668311831,2263.62451171875,732273
2025-06-03,2274.9257850615663,2340.5524072884664,2270.8611965653977,2294.8515625,785343
2025-06-04,2307.4418173726426,2341.444567133371,2264.5167704709443,2309.920166015625,854221
2025-06-05,2321.716828067181,2331.927672086895,2254.702189165601,2295.8427734375,678605
2025-06-06,2295.050058988508,2301.493765417672,2262.236626361812,2278.3955078125,413723
2025-06-09,2281.9639438829972,2399.041217463062,2281.9639438829972,2390.3173828125,882890
2025-06-10,2390.31744515837,2390.31744515837,2292.075858617233,2310.31640625,604378
2025-06-11,2310.3165320895955,2379.2146221905296,2307.8381835248138,2360.577392578125,681544
2025-06-12,2360.5774941714744,2360.5774941714744,2273.1414014481875,2287.119384765625,415831
2025-06-13,2282.5591407621955,2286.326279171741,2236.065416203854,2271.55517578125,430468
2025-06-16,2281.0721026187953,2288.50714858561,2240.4271846668744,2246.177001953125,318117
2025-06-17,2265.1115223665124,2341.543894479451,2257.379267902436,2287.714111328125,943919
2025-06-18,2292.0760965309178,2305.359948682947,2256.883545174975,2271.55517578125,307879
2025-06-19,2280.0805409749346,2334.604206085205,2265.2104504903155,2284.0458984375,591489
2025-06-20,2284.8390515347214,2322.6089366987358,2258.271107744252,2295.8427734375,601797
2025-06-23,2270.6630903712776,2315.967256430106,2265.706392946324,2300.0068359375,210454
2025-06-24,2317.255967194761,2399.041471919282,2280.080737774524,2368.4091796875,499928
2025-06-25,2380.1066057764115,2392.597578696937,2319.139234286931,2334.406005859375,415402
2025-06-26,2339.461849604333,2347.8882348513885,2248.3578518025442,2259.36181640625,442876
2025-06-27,2265.2106247448505,2525.9328979649363,2188.8774877184374,2411.1357421875,1406562
2025-06-30,2414.0109085118233,2497.1841955877126,2338.3716564053666,2483.503662109375,771737
2025-07-01,2483.3054372726797,2483.3054372726797,2291.4812448126945,2305.459228515625,1187269
2025-07-02,2307.6401506027514,2333.513966495069,2230.1174496344097,2253.314697265625,880541
2025-07-03,2276.7104948222254,2355.323527083973,2206.821056931506,2214.256103515625,1173803
2025-07-04,2231.2075058766172,2247.862055953312,2203.74745331167,2214.354736328125,530031
2025-07-07,2217.6264500930265,2252.3233324145535,2196.1144314589287,2247.8623046875,273770
2025-07-08,2243.0046240507018,2243.0046240507018,2165.6801508231156,2188.48095703125,591821
2025-07-09,2198.791004206506,2291.4812471701252,2184.9122512493864,2282.4599609375,638227
2025-07-10,2279.9814997450967,2287.9122153294456,2250.340547059084,2277.304931640625,431315
2025-07-11,2283.94687577966,2320.031777192406,2257.8748417088545,2304.666015625,443034
2025-07-14,2304.864140222619,2374.257899283085,2284.7399016898394,2364.542724609375,739309
2025-07-15,2366.327402488925,2409.946340783652,2310.8123901138183,2325.583251953125,585277
2025-07-16,2338.3715401706713,2383.774935329715,2338.2723094153007,2357.90087890625,449897
2025-07-17,2365.3641265894184,2377.0068042439416,2323.569724689227,2335.21240234375,400687
2025-07-18,2338.3967364626187,2346.2582103654913,2278.192894411778,2299.687255859375,303976
2025-07-21,2298.6922555982073,2362.3789674416207,2282.3726328665425,2327.848876953125,269359
2025-07-22,2327.9481804175844,2354.418066509209,2310.1359008457857,2342.576416015625,282112
2025-07-23,2355.4131315654295,2358.3984460541055,2300.383785901731,2319.788330078125,205589
2025-07-24,2319.788308474566,2447.6592778820304,2304.8617361701927,2416.214111328125,1175706
2025-07-25,2457.212318074452,2474.2284642960517,2393.824191242901,2430.842041015625,795879
2025-07-28,2428.0555704517083,2433.0310941616503,2376.4097315207077,2401.088134765625,381317
2025-07-29,2390.042666206399,2525.3769138523116,2389.545113825348,2483.184326171875,1229394
2025-07-30,2507.6642339729965,2648.969123347665,2496.817688234417,2639.714599609375,1517159
2025-07-31,2617.125518438269,2705.5902344118426,2603.5919965259404,2678.224853515625,787078
2025-08-01,2659.9149875243606,2675.140138735653,2564.6835118687604,2577.71923828125,366913
2025-08-04,2597.2235250461185,2655.238183409239,2516.7196439958807,2529.75537109375,427636
2025-08-05,2542.4929750143187,2616.6282887671823,2529.05905909937,2606.1796875,666848
2025-08-06,2607.174593698473,2634.042423480862,2477.810968820305,2492.140380859375,389613
2025-08-07,2492.5385867430336,2493.7326639307535,2427.657801458119,2434.62353515625,273468
2025-08-08,2445.3703877437124,2445.4699953998543,2389.8437354090415,2408.253173828125,204518
2025-08-11,2408.25343825293,2452.833942909005,2395.6154118103746,2429.648193359375,177015
2025-08-12,2440.9922320464416,2440.9922320464416,2372.031416363648,2385.46533203125,198802
2025-08-13,2353.4227376602576,2364.368889928445,2217.5909390595702,2246.64794921875,890602
2025-08-14,2251.723048821391,2357.801068081832,2248.9367069670234,2341.680419921875,556699
2025-08-18,2361.2838960480144,2418.8009975295536,2358.597161889541,2397.107666015625,518543
2025-08-19,2397.1078256998376,2410.044187938791,2362.3787657903877,2370.737548828125,227842
2025-08-20,2387.2563540192527,2447.957745263594,2350.437477362849,2407.357421875,267232
2025-08-21,2419.2987994498617,2487.762059928188,2403.0785422300273,2417.010009765625,349913
2025-08-22,2417.0099354007525,2445.072084929757,2403.0784682937883,2411.039306640625,283461
2025-08-25,2413.1292043236153,2430.941483540211,2370.43930444389,2378.200927734375,131834
2025-08-26,2378.1015865515296,2378.1015865515296,2316.5044514127767,2360.388671875,575727
2025-08-28,2347.6511786508368,2360.1895962186727,2244.0609154847402,2254.111328125,462493
2025-08-29,2268.8387424331845,2311.6282450317053,2229.0345539694445,2297.79638671875,395955
2025-09-01,2297.696910265324,2337.501101001839,2268.8388719813506,2327.947998046875,285725
2025-09-02,2333.5207525875876,2345.4620101701253,2268.838940682175,2294.313720703125,298759
2025-09-03,2311.727931511771,2392.13220059395,2293.716438439536,2343.173095703125,588659
2025-09-04,2393.2269154193095,2393.2269154193095,2256.698592783656,2284.760498046875,404064
2025-09-05,2302.672647836513,2317.300640700821,2238.9859367468257,2246.84716796875,233510
2025-09-08,2247.444159087362,2263.664415687587,2165.5469866138733,2174.5029296875,459424
2025-09-09,2186.742666418017,2213.112942031249,2177.388779039068,2205.550048828125,286752
2025-09-10,2212.0182585615603,2240.378744025856,2196.3951625264685,2207.8388671875,429947
2025-09-11,2211.1226996554396,2229.930081785744,2197.489813507688,2222.367431640625,317065
2025-09-12,2231.024983336373,2271.4263357881973,2211.5208318881455,2217.8896484375,267401
2025-09-15,2217.8897219807513,2240.0806085618838,2179.3792131576797,2204.1572265625,404062
2025-09-16,2212.1179600249916,2256.9972834727073,2195.7983385597354,2254.509521484375,231534
2025-09-17,2264.858545918769,2323.569729666224,2219.2826970646934,2316.0068359375,351341
2025-09-18,2303.6675967110773,2315.21090949267,2265.4556698228844,2293.41796875,256269
2025-09-19,2307.6479677870398,2330.5353775581057,2204.3560437963465,2250.429443359375,1002446
2025-09-22,2261.5747109758818,2294.8113582477768,2219.0837830905602,2261.873291015625,264871
2025-09-23,2261.8730754456997,2277.7947512957353,2237.1944292890457,2244.65771484375,214845
2025-09-24,2244.6578956720223,2249.434447400928,2211.1229118004253,2219.8798828125,227236
2025-09-25,2230.029755796131,2271.8241555031536,2220.07870824684,2227.6416015625,286040
2025-09-26,2233.9106559175443,2240.47844473922,2156.3920896068794,2175.99560546875,322266
2025-09-29,2175.796783440449,2273.814612468066,2128.5293024372836,2227.542236328125,962691
2025-09-30,2224.158855088289,2287.7459551855777,2178.3840338884033,2237.3935546875,531827
2025-10-01,2231.6221736945454,2243.961376324064,2197.291057294022,2239.98095703125,320504
2025-10-03,2242.966404807327,2303.6678026304176,2231.0251462191777,2290.23388671875,409115
2025-10-06,2301.1799130483373,2353.4229164797052,2270.033083365867,2338.993896484375,210838
2025-10-07,2330.5354689913443,2333.2222033938206,2268.8389706662106,2277.19775390625,230332
2025-10-08,2270.9287055090754,2278.3919913258587,2219.879781933176,2231.4228515625,153742
2025-10-09,2219.1835178126535,2244.9566373486837,2211.322043395045,2232.81640625,141924
2025-10-10,2232.816116527592,2232.816116527592,2204.754210791054,2209.630126953125,169793
2025-10-13,2209.431138190977,2234.0101770734655,2195.7982516237707,2208.33642578125,170534
2025-10-14,2211.2223402597588,2217.7898857774358,2159.3772861198813,2166.442626953125,179082
2025-10-15,2182.2647128826443,2197.8878088408583,2148.530759095625,2187.439208984375,209949
2025-10-16,2190.2255920624825,2198.1864301981027,2145.047932821038,2151.615478515625,217662
2025-10-17,2162.2631026561107,2190.325252111842,2131.514461799944,2136.092041015625,235602
2025-10-20,2141.366008357892,2173.7069156630287,2136.490091819325,2164.35302734375,184901
2025-10-21,2175.299230133519,2183.16046137162,2162.362866916805,2168.33349609375,14054
2025-10-23,2169.1294423531804,2204.157081928359,2149.8242639044297,2153.40673828125,226531
2025-10-24,2168.3332991725338,2194.2060232562812,2124.747661550043,2152.51123046875,222333
2025-10-27,2170.821334810126,2238.4884678686126,2147.9339221579908,2233.8115234375,534017
2025-10-28,2251.822728924377,2280.6807703565987,2211.720196738779,2230.030029296875,377521
2025-10-29,2287.746034420513,2310.6334458131496,2225.0544293015514,2243.5634765625,602183
2025-10-30,2254.211032458327,2261.475346346616,2121.563509296422,2163.556884765625,1562637
2025-10-31,2170.124797525085,2210.5259103815747,2089.5213012559107,2114.199951171875,873420
2025-11-03,2105.1441547834747,2154.60081358872,2089.9190031132175,2133.70361328125,594104
2025-11-04,2144.450854711679,2178.483390452572,2112.607500952619,2158.183349609375,626160
2025-11-06,2158.1831162833014,2164.3527168180076,2116.4880836954717,2139.57470703125,347409
2025-11-07,2085.2420856758013,2144.4508206305663,2085.2420856758013,2135.892822265625,214851
2025-11-10,2149.426345636205,2161.5665754807897,2114.896258024576,2155.49658203125,291081
2025-11-11,2155.396876111883,2174.801418625356,2150.42135239048,2167.238525390625,237493
2025-11-12,2167.2386116924904,2189.130916938441,2142.261627383731,2174.10498046875,280721
2025-11-13,2179.2795465448444,2223.0641584388964,2175.896287349418,2199.380615234375,256558
2025-11-14,2198.087082163459,2198.087082163459,2161.467416770788,2191.91748046875,259802
2025-11-17,2192.2159360140545,2218.4866062942106,2172.015259417196,2201.56982421875,346342
2025-11-18,2204.0575927153172,2230.029925979225,2189.2306279135632,2221.671142578125,241891
2025-11-19,2235.005305022158,2253.4147431979864,2211.620343015025,2229.731201171875,268695
2025-11-20,2218.586125611888,2260.579499090884,2191.220743932441,2253.315185546875,325847
2025-11-21,2258.8878503573796,2278.7899459552423,2223.561630671174,2251.72314453125,324244
2025-11-24,2261.873391494187,2308.6433208387657,2212.118147510593,2289.736328125,604866
2025-11-25,2289.736122893187,2299.0900107454913,2240.975988159694,2292.821044921875,242881
2025-11-26,2292.8209686199925,2292.8209686199925,2261.3755611090996,2286.750732421875,277618
2025-11-27,2297.6970030853095,2361.3837108364833,2290.134109361654,2355.114501953125,459645
2025-11-28,2358.3983438901096,2395.714773382042,2328.545200296564,2370.439208984375,475182
2025-12-01,2382.2807407922205,2388.5499492255094,2315.2107786849556,2380.589111328125,322219
2025-12-02,2392.3315195838977,2413.129112488587,2316.6039479890437,2331.7294921875,502090
2025-12-03,2318.5943362663347,2325.6596779885317,2265.95338606751,2306.752685546875,519365
2025-12-04,2298.6920580689034,2306.652896365246,2278.789962328047,2292.223876953125,299916
2025-12-05,2283.7654469117,2303.6675423096235,2243.9612561158538,2289.03955078125,321718
2025-12-08,2289.0394853854486,2313.618523910583,2269.7343076336947,2303.368896484375,310230
2025-12-09,2303.6676495798133,2382.479902436379,2258.8879328493204,2356.5078125,427685
2025-12-10,2363.3738652031557,2363.3738652031557,2263.8633866682862,2272.32177734375,234281
2025-12-11,2273.1179693737217,2273.9141018119803,2225.0543583918093,2237.89111328125,248542
2025-12-12,2249.8323574266055,2328.4456370558596,2242.170099013869,2315.2109375,271513
2025-12-15,2293.7165278907573,2330.5354049111293,2274.909144645039,2311.329833984375,235339
2025-12-16,2311.528947306064,2330.535547024049,2288.9401159133376,2302.97119140625,134934
2025-12-17,2293.7164986825605,2310.832252166059,2231.2238704330416,2250.23046875,289065
2025-12-18,2244.7574698279795,2246.747679439859,2199.5795658710094,2236.89599609375,249316
2025-12-19,2238.1895903664067,2486.7668094210435,2220.576284603065,2346.95458984375,901115
2025-12-22,2378.300607156764,2406.263150804054,2324.3659725208067,2383.97265625,329693
2025-12-23,2378.300517833205,2406.959585214607,2332.625303811182,2396.411376953125,208907
2025-12-24,2394.918863082851,2418.0052476805945,2379.494737462327,2388.251708984375,96565
2025-12-26,2388.251391019901,2398.0034661223312,2337.4014413079044,2343.272705078125,120712
2025-12-29,2345.461998579857,2397.2074478484838,2338.3966573669,2352.228759765625,206785
2025-12-30,2368.8468408104877,2380.2905453554663,2190.7230918060445,2225.5517578125,1849292
2025-12-31,2241.9711127896558,2328.545230327472,2241.6725327607687,2255.305419921875,541111
2026-01-01,2270.530529954056,2270.530529954056,2232.3186035463095,2251.922119140625,134704
2026-01-02,2258.78821358204,2282.6707279915936,2250.03148598827,2268.9384765625,111142
2026-01-05,2268.8391034457786,2293.5177528092063,2231.124726053552,2287.945068359375,183980
2026-01-06,2278.889443192895,2306.155215662663,2258.987348559345,2301.57763671875,208773
2026-01-07,2293.4178839638266,2319.589187651699,2286.8503383375164,2306.1552734375,128534
2026-01-08,2306.155433263086,2310.8323773541715,2248.9369057926965,2260.08203125,178172
2026-01-09,2260.0820030552513,2306.9515369331953,2238.9858296054044,2297.099853515625,326503
2026-01-12,2293.5173829897726,2295.109404757643,2227.5418921624055,2277.99365234375,273781
2026-01-13,2297.6968168687745,2351.432472178828,2273.5157233901523,2339.88916015625,199578
2026-01-14,2338.49621579401,2338.49621579401,2299.6871296595564,2309.140625,155802
2026-01-15,2309.140625,2309.140625,2309.140625,2309.140625,0
2026-01-16,2309.140639127656,2332.127656695363,2290.631593064398,2310.2353515625,213566
2026-01-19,2298.692147071296,2310.3348249413857,2252.4197726821985,2260.08203125,275725
2026-01-20,2273.714914799296,2306.6529816463953,2239.5830136982127,2259.783447265625,298266
2026-01-21,2258.887833926943,2263.6643854247873,2163.8553281383865,2250.429443359375,516002
2026-01-22,2258.887821759566,2283.9644133062993,2243.4636978664944,2269.037841796875,387406
2026-01-23,2272.8193767663784,2278.790005602017,2221.5714792604817,2236.89599609375,352674
2026-01-27,2248.837131083288,2271.326595648853,2216.0982819320902,2246.64794921875,174336
2026-01-28,2248.93672628262,2258.1912490108466,2209.13253643691,2245.65283203125,160555
2026-01-29,2245.6529873286017,2287.248417182985,2210.127794023672,2238.48828125,353765
2026-01-30,2217.1932972962927,2316.604178391855,2175.299284349053,2271.426513671875,435048
2026-02-02,2207.1423045789697,2228.537056404239,2167.338115136608,2204.754150390625,160095
2026-02-03,2234.109717088023,2288.7408693566445,2196.196129856571,2280.97900390625,197533
2026-02-04,2277.7821999773914,2293.167122538788,2219.838617697265,2271.98779296875,218046
2026-02-05,2285.5746099858115,2292.7675574638943,2238.8200855235673,2247.112060546875,120390
2026-02-06,2252.407116569131,2277.582556513328,2236.322678989228,2268.091796875,205884
2026-02-09,2279.3809087964855,2304.756106030704,2248.311060521066,2279.180908203125,289415
2026-02-10,2279.180761864983,2286.67346654005,2249.209943164717,2266.4931640625,230539
2026-02-11,2277.4825269983003,2286.7735298319835,2246.812437130682,2275.58447265625,209496
2026-02-12,2268.79096982935,2274.3856202004035,2228.8298783308146,2267.99169921875,356015
2026-02-13,2252.8065461604106,2297.762774354299,2238.8201640556454,2277.28271484375,323878
2026-02-16,2295.9645929226526,2296.7638635783883,2248.8105510721844,2285.175048828125,223014
2026-02-17,2285.174973412489,2379.6830545857624,2277.782268873022,2367.5947265625,285813
2026-02-18,2367.5947216705526,2396.666513919203,2310.7501653585314,2356.305908203125,222089
2026-02-19,2349.712169085466,2350.2116827268533,2299.7608049467444,2308.85205078125,142401
2026-02-20,2308.8521429365583,2339.7219896451666,2261.897858772031,2272.58740234375,140585
2026-02-23,2290.7695350846693,2295.764671445517,2244.2147666403134,2289.7705078125,146270
2026-02-24,2277.882274567975,2293.5669546058193,2258.0014846918375,2278.08203125,103919
2026-02-25,2285.7745683010603,2322.6385798177284,2263.795966682781,2308.752197265625,206686
2026-02-26,2313.7473550036675,2332.728874755425,2283.876534639799,2328.333251953125,232516
2026-02-27,2326.734550407341,2326.734550407341,2207.850303306236,2217.840576171875,876844
2026-03-02,2177.8794441729656,2201.8560986042276,2163.893062421396,2177.6796875,264968
2026-03-04,2158.098734846596,2166.29070996456,2072.3821433221383,2106.549072265625,468954
2026-03-05,2099.0564455369613,2113.5423419938875,2019.3340148761424,2061.492919921875,583875
2026-03-06,2096.958354847398,2096.958354847398,1993.0595130636298,2020.3330078125,467479
2026-03-09,1987.5648055736935,2004.8480265767032,1946.6046864339492,1997.4552001953125,222176
2026-03-10,2003.0496425920853,2113.8416674066216,1979.472623807749,2071.08349609375,1278400
2026-03-11,2080.9739491302603,2082.1727331575767,2008.0449533134054,2018.7344970703125,352473
2026-03-12,2007.9450493671718,2024.728635293499,1957.194412363831,2006.54638671875,273943
2026-03-13,1988.2640643950817,2035.0185903622366,1968.5832755565966,2000.4522705078125,317323
2026-03-16,1997.9547741081667,2017.9353206326714,1945.8054745082627,1956.894775390625,243802
2026-03-17,1956.8946909068843,2087.967021668304,1953.0983384504948,2035.917724609375,333875
2026-03-18,2035.018650930159,2052.90114239769,2002.7500197120987,2022.83056640625,165303
2026-03-19,2017.1360155947175,2017.1360155947175,1963.0886625578669,1971.7801513671875,201142
2026-03-20,2013.0400780917837,2013.0400780917837,1900.7493813553058,1909.1412353515625,728762
2026-03-23,1899.1509694095037,1902.647565092267,1816.3315787045915,1844.7039794921875,347151
2026-03-24,1886.1635913349394,1946.105230890075,1844.3043219886206,1938.212890625,249783
2026-03-25,1938.2128908351424,2025.0283898572256,1935.3156871993478,2013.439697265625,232207
2026-03-27,2008.9440351090354,2012.0409953689903,1913.3370487023342,1929.0218505859375,695498
2026-03-30,1900.149921106198,1928.022807115263,1867.182020266816,1907.9423828125,511101
2026-04-01,1933.1178118194503,1966.8849831011119,1896.4535589495506,1916.8336181640625,568550
2026-04-02,1888.161593065954,1893.1567295555465,1828.1200768513675,1876.4730224609375,292906
2026-04-06,1895.1547547362084,1910.5397992756727,1848.2004724628282,1890.359375,334620
2026-04-07,1861.1879246001392,2038.0157628471734,1858.190842595952,2008.944091796875,861108
2026-04-08,2048.106089044496,2152.903961585465,2038.1156934892692,2113.94189453125,385595
2026-04-09,2112.94279820435,2160.296595978731,2090.2649266449157,2144.21240234375,389733
2026-04-10,2194.8630053655875,2195.762032385496,2132.7235553142928,2152.7041015625,586766
2026-04-13,2095.7595867186324,2157.1997676620904,2069.2853624096624,2091.563720703125,209379
2026-04-15,2109.8457415096937,2129.326774637154,2082.9720036284607,2087.567626953125,572264
2026-04-16,2104.9506022382025,2112.9428209462735,2061.592913308181,2075.779052734375,318861
2026-04-17,2075.079792424772,2080.774199501211,2027.9256286479037,2048.205810546875,500450
2026-04-20,2057.9961829860486,2083.970892091698,2038.0156375201648,2072.881591796875,451210
2026-04-21,2085.968972431209,2087.86702671268,2042.910920810132,2053.6005859375,530051
2026-04-22,2053.600692546787,2062.491938289362,2013.139963426053,2032.5211181640625,394042
2026-04-23,2032.5210245432058,2055.9981658932993,2021.0322106910326,2037.81591796875,226788
2026-04-24,2037.8159685036028,2052.002107613974,1981.0711681589635,1993.3592529296875,335532
2026-04-27,1984.0682813652522,2041.9119882787543,1980.471807360344,2029.1243896484375,276004
2026-04-28,2029.1243219078772,2036.317391629138,1994.1583664549519,2008.744140625,314841
2026-04-29,2025.5279329688753,2025.5279329688753,1988.1642860419201,2005.947021484375,275336
2026-04-30,2002.0506962942045,2005.9469271294033,1953.797629234628,1979.7723388671875,385687
2026-05-01,1979.7723388671875,1979.7723388671875,1979.7723388671875,1979.7723388671875,0
2026-05-04,1988.2640473657445,2034.2193023264185,1988.2640473657445,1998.5540771484375,315641
2026-05-05,2000.3524791687228,2016.4367948519466,1959.092601503794,2009.443603515625,367748
2026-05-06,2019.5336800894008,2027.0263848139473,1989.163225882258,2016.136962890625,413269
2026-05-07,2033.0205332826415,2033.0205332826415,1929.6212088626153,1963.088623046875,890524
2026-05-08,1959.7917817098323,1982.369895975523,1899.9501447314678,1925.7249755859375,557581
2026-05-11,1923.0277434179657,1923.1276217612478,1856.5924255753043,1864.384765625,460964
2026-05-12,1878.1713662032553,1907.6426722154872,1837.5110029602308,1870.87841796875,495147
2026-05-13,1870.87839200126,1878.1713401345405,1813.1346867361542,1858.6903076171875,471948
2026-05-14,1858.6903572723602,1883.1665269865084,1826.221968876041,1858.4906005859375,298182
2026-05-15,1863.1859588525313,1878.171368709254,1833.2151391390855,1863.9852294921875,364051
2026-05-18,1848.1006841427652,1858.1908357962895,1784.2628132968673,1835.4129638671875,456255
2026-05-19,1835.4129552097563,1913.636843644452,1827.6206152350876,1875.274169921875,475004
2026-05-20,1875.1743130300015,1878.1713950433686,1826.2219734783394,1869.779541015625,372943
2026-05-21,1878.5709627205238,1894.5553995495407,1852.2964959021974,1880.86865234375,515835
2026-05-22,1875.1743216238021,1887.1626497322122,1802.0455689431328,1817.63037109375,556925
2026-05-25,1823.4245467533276,1852.296459600212,1815.831963798662,1839.708740234375,468484
2026-05-26,1840.408038978854,1858.1907736579305,1836.2121731092884,1845.003662109375,135492
2026-05-27,1848.1007057701977,1884.0656901097166,1822.2258732022835,1829.9183349609375,374108
2026-05-28,1829.9183349609375,1829.9183349609375,1829.9183349609375,1829.9183349609375,0
2026-05-29,1829.9182965512482,1847.1016396570683,1718.526750171107,1751.894287109375,1123484
2026-06-01,1764.7817295418358,1828.819355229999,1764.7817295418358,1785.9610595703125,487413
2026-06-02,1772.3742795909284,1777.06978099518,1733.4122155273083,1756.5897216796875,381257
2026-06-03,1747.7983306241174,1778.2686644818114,1729.3163248415817,1743.902099609375,187179
2026-06-04,1743.9020565796225,1777.6692286054317,1727.4181058830115,1761.28515625,315159
2026-06-05,1781.2657421308197,1815.5324285755496,1768.5781437297007,1795.0523681640625,402350
2026-06-08,1793.15417423377,1793.15417423377,1704.8401341065546,1749.396728515625,200173
2026-06-09,1749.3967540098788,1818.2297622570695,1743.8022252855576,1805.34228515625,298605
2026-06-10,1813.7340739032006,1888.0617298541868,1808.0396670400698,1878.87060546875,623772
2026-06-11,1874.9744570821433,1887.0626628391265,1838.2102042171707,1863.7852783203125,347574
2026-06-12,1874.1752090837078,1930.6202513615485,1856.1927177385548,1914.8355712890625,284986
2026-06-15,1934.0170399762046,1997.055640351357,1915.1353989762638,1984.3680419921875,469504
2026-06-16,1993.0595140348562,2078.9758640133014,1978.8733747957906,2057.696533203125,568500
2026-06-17,2057.6964539910005,2062.6915904253638,1994.8577352079683,2033.919677734375,408840
2026-06-18,2033.91972350074,2073.9806942154537,1994.4581447813227,2066.188232421875,497010
2026-06-19,2066.188192465496,2070.883571948021,2000.0526346459446,2013.23974609375,705768
2026-06-22,2023.0302458884407,2037.9157767793663,1975.0769363562702,1985.7664794921875,440750
2026-06-23,1990.0624236983995,1998.0546422674695,1975.8762845189315,1990.8616943359375,115101
2026-06-24,1993.0595178007304,1993.0595178007304,1966.1856583082397,1981.4708251953125,175801
2026-06-25,1996.8558043524674,2006.746077003416,1964.0876603233105,1998.4542236328125,192526
2026-06-26,1998.4542236328125,1998.4542236328125,1998.4542236328125,1998.4542236328125,0
2026-06-29,2002.050791173664,2030.0235567190048,1898.451704702445,1912.0384521484375,955126
2026-06-30,1918.0326029536732,2021.9314456905809,1916.1344266287408,2003.0498046875,627136
2026-07-01,2002.5502881072573,2006.9460327608167,1938.1130251574352,1991.26123046875,380528
2026-07-02,2000.552158240552,2018.0351359030788,1969.68219043469,2004.3485107421875,349361
2026-07-03,2014.2387973366126,2054.000132733385,1994.1583729584738,2032.3212890625,270143
2026-07-06,2037.9158334170809,2057.7965012701306,2010.9420960555815,2053.400634765625,180422
2026-07-07,2062.9913212617257,2077.377216449219,2038.8149100062608,2072.382080078125,239758
2026-07-08,2062.991428707535,2083.771245874179,1988.7636495864824,2007.0458984375,172052
2026-07-09,2008.2447106560764,2049.005074920251,2001.1516409303838,2012.3408203125,219341
2026-07-10,2022.8306419922767,2077.677146350865,2019.0342892536212,2065.788818359375,153573
2026-07-13,2056.997163840027,2065.5888959855606,2023.1301147512293,2058.09619140625,173632
2026-07-14,2054.899065152877,2073.3810693875075,2033.1203441446326,2069.5849609375,142797
2026-07-15,2072.8816154863066,2100.8543794582242,2044.3095814854498,2054.10009765625,139167
2026-07-16,2062.0,2073.60009765625,2014.800048828125,2022.199951171875,151447
2026-07-17,2010.0,2041.0,2000.0999755859375,2034.300048828125,152450
2026-07-20,2022.199951171875,2047.0,2015.0,2020.4000244140625,57934
2026-07-21,2018.0,2058.39990234375,2010.0,2054.300048828125,154214
2026-07-22,2054.0,2054.0,2018.0999755859375,2039.300048828125,59854
2026-07-23,2039.300048828125,2064.89990234375,1995.800048828125,2022.9000244140625,303658
2026-07-24,1980.0999755859375,1998.699951171875,1955.0,1980.800048828125,182304
2026-07-27,1990.5,2011.0,1983.0,2003.800048828125,85074
2026-07-28,2000.0,2035.0,1984.5,2026.800048828125,118186
2026-07-29,2036.9000244140625,2074.0,2029.5999755859375,2037.5999755859375,116341
2026-07-30,2048.89990234375,2065.0,2023.4000244140625,2054.199951171875,88290
2026-07-31,2061.0,2082.0,2026.0,2073.60009765625,158179
2026-08-03,2083.0,2128.89990234375,2064.5,2115.300048828125,184125
2026-08-04,2128.0,2129.89990234375,2096.800048828125,2115.5,84790
