date,open,high,low,close,volume
2021-07-23,553.1930461703931,556.1887995351377,548.2780633096725,552.4909057617188,666936
2021-07-26,555.158991795751,560.7761148156069,552.4908812174516,557.3590087890625,1527942
2021-07-27,559.2313460150696,560.5888287495101,550.2439726358882,551.1333618164062,1585300
2021-07-28,548.7460764950808,564.9421014535277,548.7460764950808,552.4439697265625,2559515
2021-07-29,553.6673494513043,558.4192414296889,547.8333178693867,550.0916137695312,2365089
2021-07-30,552.538044577532,568.0170251449658,549.6680952313488,565.2411499023438,3145307
2021-08-02,570.1342836711406,573.0512704492739,558.9837441956263,563.6885986328125,5788412
2021-08-03,567.1231313949806,583.2137096339991,562.6064828921247,577.9913330078125,13194079
2021-08-04,578.6970882461915,579.5439850067905,552.1146610218746,553.3849487304688,5849144
2021-08-05,558.4191377390111,561.2420501642493,551.2677251356939,554.7493286132812,3160815
2021-08-06,555.1727763183599,561.3361236198409,549.6210255822562,550.6561279296875,2452586
2021-08-09,556.0667333147098,558.9366829105339,545.0573629224357,547.4097900390625,2261395
2021-08-10,550.1385716962491,551.0795424457973,539.7407989679045,545.5748291015625,2070287
2021-08-11,547.6451277259665,548.0215391028269,536.9651297372253,541.1524047851562,2320928
2021-08-12,541.9991297664222,550.2796605402837,540.1642253927333,541.4345703125,2474432
2021-08-13,545.4809143503012,556.5843609521485,542.7991124712788,553.5732421875,5318962
2021-08-16,553.4791280737297,557.6664603164196,548.586067613698,553.6202392578125,1315500
2021-08-17,554.2318835760997,562.5124163603845,553.6202294922689,561.3832397460938,4557665
2021-08-18,563.0298626541082,565.2882155768987,559.0778311876757,562.135986328125,1992466
2021-08-20,559.5483170318558,579.6380209203805,555.4550595351319,575.5918579101562,4420438
2021-08-23,578.4619409188919,585.2369438240061,570.0872757756887,573.8982543945312,3188046
2021-08-24,572.110284771715,574.4627119294935,554.4200440316819,557.8545532226562,2295973
2021-08-25,557.9956444431969,566.2761754037869,557.1958422933888,564.676513671875,1533202
2021-08-26,564.5354965854156,573.2394773124184,563.5945256960099,569.7578735351562,1793401
2021-08-27,572.1103728182752,576.4388164818042,569.3344968584346,572.8161010742188,1477611
2021-08-30,573.9921366332463,581.0964540510186,573.9921366332463,580.3436889648438,1299450
2021-08-31,579.6380755669247,587.0246741738731,573.9922501555586,584.8134155273438,3026655
2021-09-01,585.28383311502,590.6473781203796,579.3086915537269,589.282958984375,2467985
2021-09-02,589.5182100683772,605.8911250687352,587.5892314021794,603.0211181640625,3017389
2021-09-03,605.2326101706739,605.9853755482457,596.575664747807,603.397705078125,1676263
2021-09-06,603.3975818184074,607.3026339758072,596.3403001597126,597.3283081054688,1420648
2021-09-07,599.3984456316431,612.901354675698,597.8929152089437,600.3394165039062,2457494
2021-09-08,601.2803829118718,604.6208179971436,596.5755285854877,602.8330078125,1262769
2021-09-09,597.5164509495064,601.421502696348,590.1768902825708,600.6216430664062,2195875
2021-09-13,604.4797544868841,610.9253824493135,599.3984884408359,602.4096069335938,2328010
2021-09-14,602.4095377258956,603.1152658494187,597.2812352084997,601.4685668945312,1422838
2021-09-15,602.59772695146,605.9851988791064,598.7397121886571,599.5866088867188,1157146
2021-09-16,604.2915756352286,607.5379370069496,600.3865230901813,602.5978393554688,1115690
2021-09-17,603.1622565395443,617.1827438220407,602.5506025732545,615.3478393554688,2959141
2021-09-20,616.1947275217226,619.5352199274495,605.0442461144623,607.537841796875,2804783
2021-09-21,609.7021403979996,613.6542298865118,606.926264600574,612.8543701171875,785138
2021-09-22,615.394901776138,615.394901776138,609.3256286437207,610.12548828125,877503
2021-09-23,611.7251324633963,612.5720292094184,604.7149455096843,609.4197998046875,1480529
2021-09-24,610.6899852350916,620.0526552008865,610.6899852350916,613.4188232421875,2416462
2021-09-27,615.3949361063524,615.6301788189312,594.6935773994107,595.82275390625,1468310
2021-09-28,596.5754016860847,596.90471844596,584.3427830395245,589.376953125,1906140
2021-09-29,589.9887427532079,591.2119934128062,583.6371893025155,586.3660278320312,1827330
2021-09-30,587.1657346123499,589.8004411658179,579.7320428839228,580.6259765625,1705501
2021-10-01,580.5789666702323,583.5900846288877,573.0512004897431,581.472900390625,1563570
2021-10-04,583.3078408214109,588.5302174444184,577.0973988805006,587.35400390625,2158448
2021-10-05,589.424146796035,589.424146796035,577.7560856120567,579.8262329101562,3156201
2021-10-06,580.3907974797077,586.8835191910631,577.7560906375278,578.6500244140625,2026192
2021-10-07,581.0964912036909,582.837321598584,578.132467718816,578.8381958007812,1228502
2021-10-08,579.6850863125734,584.2488294389879,570.2283406642556,571.1693115234375,3407806
2021-10-11,573.9921503166528,574.9331210548768,571.1692381019807,572.7218627929688,1426583
2021-10-12,574.9331282071784,584.9073951835168,573.9921574572485,580.3907470703125,2801156
2021-10-13,584.7663415905794,588.1067765951794,579.7321131235432,586.9776000976562,1499629
2021-10-14,589.0477892763257,590.8356569770838,576.2976449405917,578.8853149414062,2722324
2021-10-18,594.6935847446998,594.6935847446998,576.4387270501848,577.8972778320312,1464144
2021-10-19,578.6971724461741,583.6843073238819,568.4405654412761,569.522705078125,1524974
2021-10-20,571.1692901878871,571.9690924153945,556.1607940581043,557.6663818359375,2784702
2021-10-21,563.1710721634188,563.6415576038227,550.7032079927166,552.726318359375,1925145
2021-10-22,556.960618355758,561.7595462807144,550.4678971092427,555.8784790039062,1407275
2021-10-25,557.0547895799032,558.2310032403337,542.5167772505202,546.9863891601562,1462238
2021-10-26,547.645040262102,549.4799449246987,540.5407217589084,547.0333862304688,1949684
2021-10-27,549.5270736529712,562.6536308200142,548.9154195193022,556.7255249023438,3252371
2021-10-28,558.9366659611277,559.2659827745481,551.8323477708093,554.8905029296875,1105554
2021-10-29,555.0788006570074,558.7485529970243,548.068555412711,551.267822265625,1980982
2021-11-01,553.2908658262104,565.3352813509325,552.3498949659617,561.806640625,3104045
2021-11-02,564.4413557154037,569.1933045742687,553.9966019884164,562.7476196289062,6908391
2021-11-03,572.1103013410341,576.1564646831363,565.2882623858984,574.509765625,7257690
2021-11-04,579.6379620245837,579.7791306051374,575.638836474901,576.3916015625,276957
2021-11-08,588.1066965565932,588.1066965565932,568.8167969095368,570.9810180664062,2428555
2021-11-09,570.2283961404169,573.4277203458115,564.723739051589,567.5936889648438,876256
2021-11-10,565.7117839655517,571.0753302210277,562.7006652403448,569.522705078125,1801639
2021-11-11,571.3652851998507,571.3652851998507,562.199996413293,565.9794921875,2031771
2021-11-12,568.813992059807,570.987190129919,565.6013982723258,569.2391967773438,2304135
2021-11-15,570.7036743164062,573.5382952153288,565.1288968136547,570.7036743164062,1665604
2021-11-16,572.404443952258,578.1682078026113,571.223351893232,576.3729248046875,1793708
2021-11-17,574.4832763671875,578.0737853103783,572.6407609039452,574.4832763671875,1022417
2021-11-18,574.4833001796715,576.3730478776309,568.2943880029588,575.1919555664062,841689
2021-11-22,577.3177235012815,582.6089921705716,570.2784042092684,573.3492431640625,3998703
2021-11-23,573.9635651465852,579.6800397419667,566.1683567881969,577.8375244140625,1508700
2021-11-24,576.4201890877786,577.8374996376234,568.8139673377143,569.7116088867188,1845329
2021-11-25,570.0422924704836,573.4911045484965,561.3022107333009,572.971435546875,1518710
2021-11-26,569.7588385395038,578.6406743477944,566.7352311789891,568.81396484375,1952921
2021-11-29,566.9242323042955,568.8139797453099,556.7668398088435,565.0344848632812,1125420
2021-11-30,562.1998200388791,569.2863723923103,559.4124312457607,562.152587890625,5219689
2021-12-01,562.2943368106005,565.2234799923494,542.6409746504016,544.3417358398438,3306382
2021-12-02,545.1921953909937,550.8614383240023,543.3969120606657,546.65673828125,1931467
2021-12-03,548.0267506911929,551.8534776748475,546.1842354263179,549.3023071289062,1202147
2021-12-06,550.8613218388269,550.8613218388269,534.798470258621,536.0267944335938,1525444
2021-12-07,538.5308119103377,542.971730123568,535.9324090661678,540.8457641601562,889360
2021-12-08,543.6802770118838,545.0502975564284,540.8928884372302,542.4046630859375,1406874
2021-12-09,543.7748141204453,548.9243873173741,539.9953193220408,547.79052734375,1444157
2021-12-10,549.916479017184,551.4755436496129,543.7748001278168,545.947998046875,1258379
2021-12-13,550.8142153021106,551.0032016037827,542.4048150771382,546.9874877929688,1626598
2021-12-14,546.137053521109,548.404773697363,541.5544386834737,547.4598999023438,1167762
2021-12-15,545.7117578818225,546.1841947006399,540.278734465423,541.696044921875,929113
2021-12-16,542.5936421917385,544.15270663498,537.6330559984314,538.8141479492188,884563
2021-12-17,539.0503938564319,540.4677042697267,530.593763523005,533.6173706054688,1884521
2021-12-20,531.0190364733709,532.5781011967035,520.0585242691731,527.4285278320312,1332911
2021-12-21,528.1844053258553,533.6646613246503,526.294657900718,528.2788696289062,641150
2021-12-22,529.2236704326162,534.0897924501659,527.2394589777842,532.9559326171875,912026
2021-12-23,534.7984630866736,539.5228311351424,531.6803917087858,538.0582885742188,926683
2021-12-24,542.2630903895397,542.2630903895397,531.1608233725931,532.6253662109375,418659
2021-12-27,532.9087449152319,533.2867174479154,527.4757213633478,530.4993286132812,571197
2021-12-28,530.9717770262833,534.0898486421482,529.790684924023,531.4442138671875,394545
2021-12-29,532.3890392201064,538.861400284744,530.0740873757187,535.3653564453125,1354842
2021-12-30,535.3654657496666,540.9874763280104,530.782850941477,540.0426025390625,917276
2021-12-31,541.4126266015218,549.2078345761511,540.2787666347458,548.073974609375,1024258
2022-01-03,548.0267754387357,552.6566798856492,546.6566969660355,549.1134033203125,1161811
2022-01-04,550.8612930990029,550.8612930990029,539.0503734356452,542.4046630859375,3062561
2022-01-05,543.3024236981961,551.3338508311259,542.0268671629383,550.3889770507812,1001768
2022-01-06,550.3889861060283,551.2866277462279,542.7355314275256,550.4362182617188,1246823
2022-01-07,550.9085213106047,558.2785235938239,550.4360845274431,555.1132202148438,1492507
2022-01-10,556.5306577602926,558.6566237704125,553.7432685684759,556.6251220703125,813368
2022-01-11,557.853447067306,558.2313619392523,551.8062324110347,555.1605224609375,815198
2022-01-12,557.5699947131933,557.8535029837118,548.5936937999188,550.3889770507812,1287352
2022-01-13,550.3889937439754,552.6094241269232,545.7118568553087,548.688232421875,1421440
2022-01-14,544.8141760329718,551.9952510674165,539.5701383041344,544.0582885742188,2009075
2022-01-17,544.0582404172334,546.5621786776418,537.5386467832354,538.2000122070312,1486008
2022-01-18,538.2000652969277,539.806362207121,531.5859490424406,532.8143310546875,1185072
2022-01-19,532.814258006379,538.1999915102405,529.1292278158861,537.2078857421875,1103105
2022-01-20,537.5858105490346,537.633042691796,525.585905091936,528.9874267578125,1007594
2022-01-21,524.5938312195029,527.948120945998,517.6962655135046,521.14501953125,2389963
2022-01-24,521.5703844577952,523.7908150190704,511.1767717240348,515.99560546875,2431761
2022-01-25,514.1057657026969,516.0428029565143,507.0665026563423,512.87744140625,1847960
2022-01-27,511.17668965747976,512.1215633906729,497.9956895453325,499.88543701171875,2183776
2022-01-28,503.8538967051304,512.5939783638692,501.8223951973263,504.51531982421875,1426419
2022-01-31,508.43650611177344,511.64909970443864,505.7908713316149,507.16094970703125,1749168
2022-02-01,511.3185348368986,520.011328593801,508.34215897912634,516.3263549804688,1500268
2022-02-02,520.152904696362,531.7276060270259,514.9561000172885,526.7197875976562,1157446
2022-02-03,519.6332845452442,528.3733659623787,518.4049603126142,525.7749633789062,1798123
2022-02-04,529.129314724297,538.8142709313042,525.3498196191234,537.6331787109375,2712529
2022-02-07,538.5779713603279,539.286626585802,528.7512624988829,535.4598999023438,2481096
2022-02-08,535.4600101294002,538.4836179146162,530.3104362301214,531.2553100585938,820398
2022-02-09,533.2868296318051,542.782800390337,531.0191092996823,539.050537109375,1381438
2022-02-10,539.0504863246002,539.6646773439223,529.4599944812927,533.4757080078125,2044201
2022-02-11,531.019061992394,532.6725911000215,524.9246146044629,529.9324340820312,1053326
2022-02-14,520.7198109307312,529.0347446359821,516.1371971001954,522.6095581054688,1256655
2022-02-15,522.0427091990922,532.8142922399121,520.530934376404,531.4442138671875,1349136
2022-02-16,531.4442782159791,535.4599918498985,525.3498306962799,530.8773193359375,1053001
2022-02-17,531.1134941926103,533.9481153486012,522.656920546983,523.8380126953125,1222505
2022-02-18,520.6253526540768,524.1213965018263,515.4285478635188,517.6017456054688,1383430
2022-02-21,515.3813455801004,524.3104131353498,511.8380693812325,523.08203125,1157096
2022-02-22,512.9719706417744,521.4285443815517,512.3105474972431,519.727783203125,1465489
2022-02-23,519.7278034140438,520.625445025778,510.79873479193003,513.3026733398438,940986
2022-02-24,502.6728473385779,509.80663279208,497.3815772769055,504.2791442871094,3036292
2022-02-25,506.45234328633416,516.75149049973,504.04292669472864,514.814453125,1284779
2022-02-28,512.8774722073695,538.6725146639478,497.90124598062033,532.2946166992188,7992990
2022-03-02,531.9167674094609,538.5781167935925,527.9010533807368,534.0899658203125,1871881
2022-03-03,535.0819818811699,539.2866815146867,529.1292889149795,531.8694458007812,2166986
2022-03-04,526.2947253644361,530.2632070000318,507.3972486906682,509.334228515625,2103625
2022-03-07,491.334301226192,497.9484168196215,474.3265754145161,478.058837890625,3178030
2022-03-08,478.1060843819393,493.9799507482647,477.16121069739,492.7988586425781,2161459
2022-03-09,491.3343388358592,503.66492945907913,488.0272807860025,498.98779296875,2952144
2022-03-10,509.239656680163,516.845877901281,502.2475687189619,515.6175537109375,1658773
2022-03-11,515.4285601621838,519.2552867924392,511.0348747571256,517.3655395507812,1238386
2022-03-14,516.2790197251592,518.168767150697,502.90903362127267,510.7987060546875,3049209
2022-03-15,510.0900051319779,527.9481397737362,510.04277298466826,525.9639282226562,2726150
2022-03-16,532.4363304545103,534.7985147067486,528.5623713490451,533.5701904296875,1685983
2022-03-17,534.9874884382468,539.2394199925892,525.0190826616134,529.365478515625,1988370
2022-03-21,523.9324462253662,530.0268928868871,516.9403580497356,519.2553100585938,1119604
2022-03-22,518.7356666822112,518.7356666822112,502.01139048458344,504.56256103515625,2369464
2022-03-23,508.8144562098269,508.8144562098269,493.31850541304124,494.02716064453125,3708515
2022-03-24,492.1847574035848,501.5389728875106,491.0036652209793,494.87762451171875,2528645
2022-03-25,497.0035530258491,498.09018082025125,489.16111305783267,491.14532470703125,1185395
2022-03-28,493.36576301117566,495.2555101717348,483.96425935329273,486.75164794921875,2529886
2022-03-29,487.5548615307755,494.1689778693713,485.3344312567397,487.3658752441406,2072288
2022-03-30,489.72796748053884,500.4050274549565,489.680735335399,498.60980224609375,3274773
2022-03-31,501.6334470265631,509.2869005717749,498.60983979333344,506.6412658691406,2884367
2022-04-01,509.286927112582,514.9561693438909,506.68852442323214,512.5467529296875,1488872
2022-04-04,512.9718984527194,515.9009835327795,505.12940146773815,514.6254272460938,2818537
2022-04-05,517.7908349313436,522.515203863199,516.184537960409,518.6884765625,2471895
2022-04-06,518.688482185545,518.688482185545,508.9090037882748,511.6019287109375,1813477
2022-04-07,510.70410647821876,525.3496451468818,510.70410647821876,520.2000732421875,2078365
2022-04-08,520.2002215709834,527.2395424078437,519.86953883302,526.2474365234375,974621
2022-04-11,527.7591806981245,527.7591806981245,518.9718670370615,521.9482421875,1472046
2022-04-12,521.5702869286117,526.2001911670171,517.8852563984103,523.2238159179688,1373926
2022-04-13,523.271101501595,526.9561324080827,520.6254663825753,525.25537109375,1405005
2022-04-18,519.6806918807191,532.7671735080484,518.8775720614796,531.6806030273438,1332556
2022-04-19,536.1686509704194,538.2946170268679,515.9010963648395,518.7357177734375,3225494
2022-04-20,519.6804166761405,525.6331080966943,512.4521114487175,519.9638671875,1341149
2022-04-21,521.9955402538159,531.9639472697942,520.436475421851,530.8773193359375,1293680
2022-04-22,527.1922016393514,533.5700980157479,523.5071717758984,528.9874267578125,1804787
2022-04-25,524.924526348493,529.0347611844214,515.4757901792447,520.9088134765625,1262104
2022-04-26,523.648998594737,530.546564840394,523.4600123269425,529.0347900390625,1950606
2022-04-27,524.5937994119306,530.3102727781555,519.396994957089,528.9874267578125,1704589
2022-04-28,532.9088315551278,545.05043700728,529.1765684525081,540.7040405273438,2316486
2022-04-29,543.3024086355699,543.3968729427779,523.5545241056527,526.01123046875,3244210
2022-05-02,521.5702877535897,528.6096084249467,518.9718850519188,526.483642578125,1089778
2022-05-04,527.0505377823159,533.8536399494022,502.9562584571659,508.3892822265625,3409715
2022-05-05,510.7042527908832,513.4916418379061,494.735863631713,499.88543701171875,3769187
2022-05-06,489.63356801378904,497.8539808241815,480.3265562040419,482.6414794921875,3569229
2022-05-09,482.64154547875717,485.09825206273354,474.37389938662216,476.736083984375,1443702
2022-05-10,477.91712259106583,480.6572794848218,471.8227043147051,474.8462829589844,2305275
2022-05-11,474.84625425119134,481.8383425204931,466.9565821262669,479.14544677734375,1809222
2022-05-12,479.05095924153517,479.14545237727316,468.18491184256544,470.8778076171875,2176908
2022-05-13,474.3266090253302,484.20055096643466,470.8778257028549,473.1927490234375,2733902
2022-05-16,476.78323962544476,478.05882479342483,468.09039069241845,469.4132080078125,895516
2022-05-17,471.91718435918654,475.88563662628803,467.0510617013338,474.18487548828125,2052078
2022-05-18,476.4525869933576,486.8461982118543,474.3266210623015,481.6966247558594,3035188
2022-05-19,471.53920595328174,475.12974329541777,462.37394841298175,464.97235107421875,2053355
2022-05-20,470.2636724987595,479.3816983336948,469.4605240517401,475.6022033691406,2149292
2022-05-23,477.1612021334217,484.8619455924926,476.21632846583077,478.3895263671875,1572782
2022-05-24,480.56276965385626,480.56276965385626,470.7360889395416,474.46832275390625,2089081
2022-05-25,477.01952187967834,477.16124717614423,466.2479668193874,467.1928405761719,1054477
2022-05-26,469.8856671676932,473.8541481378454,461.3818040904437,470.4053649902344,2070365
2022-05-27,473.57072996459846,473.7124552585296,468.3739243952295,470.263671875,1089096
2022-05-30,473.75965943579666,482.3580157280692,472.4368420451216,481.9800720214844,1594338
2022-05-31,481.69655553824293,497.23973797924947,476.31079325463213,490.389404296875,5516299
2022-06-01,490.7201704352367,497.94847785946854,486.9879651721354,489.0194091796875,1596876
2022-06-02,489.0193033840161,496.01139085255477,483.8224987621445,492.9405517578125,1883760
2022-06-03,492.75164392331766,494.12172234848265,484.3895345874559,485.61785888671875,2117973
2022-06-06,480.94068783356096,484.8619365491313,477.4919047782299,480.562744140625,3537326
2022-06-07,479.9013548877081,479.9013548877081,469.3187865630833,473.6179504394531,1213684
2022-06-08,470.54713664560495,473.42899010501355,464.4526893055492,467.5235290527344,1415492
2022-06-09,467.7124298498896,471.01948743468677,461.7597377313561,470.2163391113281,1191289
2022-06-10,469.1298116908968,476.9250200422561,463.93300612332393,474.5628356933594,1775867
2022-06-13,473.14551277256925,478.861987214051,467.14555891544126,470.3581237792969,2658015
2022-06-14,471.8699059077559,475.8383868632323,464.9250786533001,468.3266296386719,1325521
2022-06-15,471.0195601816125,473.38174453558247,466.05897303827555,468.9408264160156,1213910
2022-06-16,470.83052757825754,474.1848463320475,465.5392582141335,469.6022033691406,1778349
2022-06-17,465.8227676243892,467.66528300609434,455.6653746183807,457.8858337402344,4334329
2022-06-20,459.6810663163808,475.3659758878556,457.8858120094321,473.1927490234375,3139895
2022-06-21,473.995883474709,482.31078929440685,470.45260711737495,478.0115966796875,1819682
2022-06-22,477.63361279796914,484.15326381534373,467.85416510716163,471.4447021484375,1766236
2022-06-23,472.4368541671764,480.94071754218555,471.53921261015586,477.3029479980469,1065402
2022-06-24,479.05095043622026,486.32648922546844,478.43678831809683,481.64935302734375,1581131
2022-06-27,488.9721233736238,490.38943387615603,484.0115366147609,487.2713623046875,664059
2022-06-28,487.27136129548006,487.27136129548006,479.4761535476977,483.8697814941406,1358007
2022-06-29,479.05096514578474,484.6257430352134,470.6415949960758,473.5707092285156,1698999
2022-06-30,470.26366696699495,475.1769930619645,467.7124963618273,468.6101379394531,1706703
2022-07-01,464.92509426713207,484.43675931236345,464.92509426713207,483.0666809082031,1704654
2022-07-04,483.7280357127424,497.8539071188441,483.0666126796178,496.0586242675781,2119912
2022-07-05,498.8932876165801,503.428669606265,497.0035403150021,501.4444580078125,1891633
2022-07-06,501.3500600338034,514.7200485673235,492.3737581312985,513.019287109375,2355807
2022-07-07,512.2159812473199,521.8537039860307,508.43648665727727,513.5860595703125,1624706
2022-07-08,514.9561470445586,518.2159727205027,510.7986798534254,513.9168090820312,759628
2022-07-11,509.38135637550533,516.8458812014636,509.38135637550533,515.3341064453125,767902
2022-07-12,509.33417071892467,514.9561809255173,509.33417071892467,513.4916381835938,383407
2022-07-13,512.1216129712861,517.9326100612169,510.27909747907484,515.2396850585938,1655868
2022-07-14,515.8066803952294,521.5703880646905,514.0586290937841,518.9719848632812,1608306
2022-07-15,519.9168042698676,524.404954783783,513.4444418601134,518.1215209960938,848018
2022-07-18,519.6805601077042,523.0820825238388,512.2633242725555,519.7750244140625,1156564
2022-07-19,521.2396837163028,522.8932129579127,515.050713847001,519.1609497070312,986838
2022-07-20,521.5702477748545,529.1292368730408,519.8694867618646,527.4757080078125,2544134
2022-07-21,529.9919013792069,545.563108085867,529.8019966003008,543.0470581054688,3414847
2022-07-22,545.7055245078451,548.6963652648499,538.9168201613991,547.1771850585938,2036934
2022-07-25,541.1955151897894,546.7024053331405,535.6411633457908,539.20166015625,1440874
2022-07-26,537.0177955647862,539.3914598979947,528.1403141389019,530.0392456054688,1549359
2022-07-27,527.8081173934453,540.4834639878065,527.8081173934453,539.0592651367188,1151735
2022-07-28,539.7712655613268,548.6962665715042,539.3439943942076,543.759033203125,1914336
2022-07-29,544.233804399149,555.6748556201354,542.1924297629013,554.5829467773438,2161611
2022-08-01,554.5829938606589,555.9597309682118,547.3670763980892,551.4497680664062,993023
2022-08-02,551.449751805593,560.6595821026028,545.9428614885633,549.0286254882812,1291098
2022-08-03,548.791308499301,550.073064326721,537.0179077664002,541.0056762695312,1793491
2022-08-04,543.0944901602484,546.8923537278026,537.5875995774546,544.8984985351562,2687696
2022-08-05,544.8984224394846,553.1112664869083,544.0438800758031,549.8831176757812,1455945
2022-08-08,550.6901666067242,557.8111601404319,548.3639637955544,556.8616943359375,1395495
2022-08-10,559.1879391870962,561.5616038767852,551.5922121800913,555.3900756835938,1222405
2022-08-11,558.2859417927618,560.1848735675671,551.6396805809433,553.2537841796875,1222897
2022-08-12,552.5891601306085,556.9092184349404,544.2813334104319,552.2093505859375,1418557
2022-08-16,552.8265326764507,558.1910383121115,548.4114929620891,550.3104248046875,1076292
2022-08-17,550.69020800785,556.3870032631036,547.0822492696823,555.3900756835938,1524111
2022-08-18,556.1495584907954,565.9290440452471,554.1557036125015,564.5523071289062,1777307
2022-08-19,567.5907443071584,571.5785129645134,556.4345191786982,557.5264282226562,2461951
2022-08-22,554.9627456228798,561.9888155399105,551.9719052505834,554.6779174804688,1333644
2022-08-23,549.93058772428,562.0362763391109,549.7406829793792,558.3807983398438,1186601
2022-08-24,555.4375413112693,558.7606719003111,549.9306507824455,557.431396484375,1383496
2022-08-25,558.7606838632715,559.7576114711684,548.7912918827034,550.4053955078125,1563845
2022-08-26,551.6870130292056,553.1112115266309,539.1065929686142,543.0943603515625,2359504
2022-08-29,536.4006595927725,551.4496677795545,535.3562125507665,544.09130859375,2612374
2022-08-30,545.9903545078423,556.387017708772,545.9903545078423,554.1082763671875,1784269
2022-09-01,536.4957373045949,545.5156640624042,536.4957373045949,540.8157958984375,3042496
2022-09-02,542.3823630807791,543.5691953851134,537.8724003243087,541.8601684570312,1659835
2022-09-05,543.2368564373155,545.0408066064343,539.3440120603502,541.2904052734375,686752
2022-09-06,542.6671530831208,544.0438900494951,539.6763706569888,542.1449584960938,562408
2022-09-07,541.1480137564342,545.657976051881,540.2934714043494,543.4266967773438,485140
2022-09-08,544.8509894478789,544.8985091040342,538.5845376201897,541.5753784179688,853719
2022-09-09,548.6487780824706,548.6487780824706,540.7207619956,545.847900390625,965576
2022-09-12,545.8479750143387,549.360952521825,539.8188317134254,541.5753784179688,835551
2022-09-13,543.9964283508185,544.8984324288425,541.0055879738945,542.1449584960938,827907
2022-09-14,538.7269775109527,542.1450315875771,536.4482361593365,538.34716796875,867842
2022-09-15,541.052985914027,541.052985914027,531.8906770190415,534.9764404296875,1225198
2022-09-16,531.9382879751141,534.4068762160078,516.5094665925249,518.7882080078125,1946975
2022-09-19,521.3991728414314,522.9657566577542,512.9963656508496,520.44970703125,685828
2022-09-20,522.9658022979913,532.2230947551617,520.7345806296596,528.66259765625,812820
2022-09-21,528.6624995407417,539.9611647513331,526.6686447157142,533.125,1660482
2022-09-22,533.504843128469,550.69015050708,530.6564457982599,546.5599975585938,2626545
2022-09-23,546.607552295742,547.6994033543584,538.8693817179044,539.81884765625,1156625
2022-09-26,536.0209737983837,538.1572721193902,527.0485092599962,528.0929565429688,1442609
2022-09-27,530.7514602701968,536.8755271711672,528.8999900976985,532.1756591796875,1734629
2022-09-28,529.8494084865715,539.7713382557504,527.8555533725417,535.5462036132812,1551538
2022-09-29,538.2522185907719,548.9337095033977,535.4038210140717,546.6549682617188,2309452
2022-09-30,546.6550140334516,546.6550140334516,539.3915764243756,543.9965209960938,1598546
2022-10-03,542.7146069618801,548.6487679807548,526.9534984760656,528.994873046875,1606325
2022-10-04,539.4864786365189,539.4864786365189,524.2950258509825,525.8141479492188,2948474
2022-10-06,529.3272566642144,529.3272566642144,516.984199558143,518.7882080078125,2675443
2022-10-07,510.71770573605033,516.9841571883173,507.25213219074107,512.85400390625,3803118
2022-10-10,507.0147408387853,510.6226993145205,499.9412089878607,502.3623352050781,3601832
2022-10-11,504.8784937612886,504.8784937612886,490.87387169644796,492.725341796875,6628877
2022-10-12,492.7253386332649,511.61967520522256,492.7253386332649,506.6349792480469,3197008
2022-10-13,507.9642791748047,511.3348716801032,502.5048500061035,503.2169494628906,2075101
2022-10-14,507.9642000391011,507.9642000391011,500.36847368337624,504.4986267089844,1518166
2022-10-17,504.49865099952495,507.4894915764115,500.3684977750587,503.16943359375,757924
2022-10-18,504.6885314580361,506.54000134740267,501.9825771241264,504.4986267089844,1247608
2022-10-19,505.6380126845714,508.91368136560976,498.5170190087466,499.5139465332031,2677154
2022-10-20,498.46957865301295,510.33790195427514,495.62118106071,508.8662414550781,2273116
2022-10-21,508.9136668257737,512.7115300110406,505.54307483900794,510.76513671875,1238126
2022-10-24,513.0438642170033,513.6610402182872,507.48951200864053,509.7207336425781,164839
2022-10-25,508.9136598313565,510.81259139789137,503.92896446920236,505.25823974609375,1231137
2022-10-27,514.1357438357604,523.4404973233308,508.9136818023408,521.30419921875,5098267
2022-10-28,524.5799232156562,526.2414885833076,518.6457611883297,523.2031860351562,2012341
2022-10-31,525.3868875462778,530.2766596924256,522.3961049881402,526.668701171875,1517302
2022-11-01,528.7574979681301,536.4481473426378,526.8110468251043,535.3087768554688,1354247
2022-11-02,537.3502547700718,537.7775260288088,530.2767220001424,533.8372192382812,936356
2022-11-03,536.2215410283814,536.5553150577522,528.8303148070031,530.16552734375,807402
2022-11-04,531.596058878022,534.4571785529098,528.49651256356,531.69140625,620438
2022-11-07,531.6913411991071,537.1751532383804,522.2973560330702,527.9718627929688,1295002
2022-11-09,529.3070871709538,534.4093934661398,523.5848483907272,528.4964599609375,883098
2022-11-10,525.4922844910325,530.1177377585099,522.6311649747473,528.258056640625,927378
2022-11-11,530.9283731386813,533.5987394600966,524.7292814380726,527.4949951171875,1331351
2022-11-14,529.7362324702476,541.7052361697505,524.8246212176074,527.5903930664062,2173335
2022-11-15,529.4978507037156,530.2608042477588,516.9089134933188,525.2538452148438,1939642
2022-11-16,523.632597110896,525.4923366229033,519.0071433845469,524.5863037109375,2344384
2022-11-17,522.8695342903875,528.1625931734279,520.3899209319096,526.3505859375,2201076
2022-11-18,526.3505963021473,526.398269981207,517.8625858831971,523.1079711914062,1143913
2022-11-21,522.1066202712632,526.398299399644,519.0070742340994,525.301513671875,1022010
2022-11-22,523.0604284535631,523.48960809178,515.5261225681741,521.1530151367188,1710541
2022-11-23,520.8190279084195,526.9227719899785,518.8162678055172,525.8737182617188,1450395
2022-11-24,527.3996622118498,531.2144879783008,525.0153961078179,527.9718627929688,1285517
2022-11-25,529.3071059267874,531.6913721697008,522.3450601394051,530.7853393554688,815285
2022-11-28,530.7852700234251,536.8413404151464,529.8792373275404,532.7403564453125,1384789
2022-11-29,533.9325113217801,570.6025344946256,532.2635251012571,565.6432495117188,11072058
2022-11-30,567.8845098112326,571.1748086622998,558.5858720462637,561.1131591796875,6800183
2022-12-01,562.2099678587696,564.2127281754347,558.9673425550391,559.6349487304688,2181957
2022-12-02,557.822904254612,565.5002292374353,549.8117471014626,563.7835693359375,3556471
2022-12-05,563.640498860282,565.0710585020594,555.8677681894433,559.9210205078125,3137533
2022-12-06,558.7766559537476,566.5493289239614,555.2002566151027,565.1664428710938,1040850
2022-12-07,573.1775569195271,582.476194490185,570.6502116292951,574.3696899414062,6182504
2022-12-08,577.4693420543722,578.8999019438545,571.0794962394249,576.4202880859375,1825451
2022-12-09,578.709001724139,581.3316941874822,566.5015720821373,571.0316772460938,1253564
2022-12-12,572.223893300276,575.8479663159195,562.9729287166633,574.5604858398438,1989220
2022-12-13,575.2756788813807,576.8492594246848,565.547862521549,566.6923217773438,1713097
2022-12-14,568.4090309995399,570.4595231032691,558.2520342590723,559.9210205078125,1470878
2022-12-15,558.5382136003814,562.6868134325176,555.3432620220669,559.7303466796875,993549
2022-12-16,557.918336382196,560.7317823699807,552.1960970346863,552.911376953125,1749583
2022-12-19,551.2423771849432,562.4961026550978,547.4752247300755,561.7808227539062,2060993
2022-12-20,549.430226561116,555.4386233701287,543.183461364844,552.6728515625,8300358
2022-12-21,555.3909180997744,559.4441704409445,548.0474251317044,550.5270385742188,2308329
2022-12-22,550.670132273464,556.1062125177519,547.856686579722,551.00390625,818353
2022-12-23,545.8062035569246,548.8580759163688,536.8890713067723,539.65478515625,1890316
2022-12-26,534.3140895313867,541.276135637929,531.4529699087286,539.8932495117188,2149944
2022-12-27,541.7052977877071,550.5747566905454,539.9409640277066,546.95068359375,756651
2022-12-28,548.3811609151102,548.3811609151102,541.705216347448,542.802001953125,1041815
2022-12-29,542.1821621101113,543.5650482200397,533.837229975611,534.981689453125,1761390
2022-12-30,537.413643925396,541.9437500631876,534.1710183534409,535.4585571289062,699061
2023-01-02,535.4585466731496,537.3659597465531,532.263594849422,535.5538940429688,564453
2023-01-03,538.1765293094733,542.0390287270088,531.4529105886342,534.88623046875,904153
2023-01-04,536.4598403154096,538.3672530809754,531.9774086744061,533.9324951171875,1223101
2023-01-05,535.1246484956695,547.5705638331442,535.0293011376036,546.2353515625,2641778
2023-01-06,546.6168794537269,547.3798329778774,523.1079919901911,527.256591796875,2789534
2023-01-09,530.2607315755845,530.2607315755845,520.4375677944348,524.1093139648438,3024289
2023-01-10,524.7292639469198,529.4977958653585,522.1542450690392,528.925537109375,1156889
2023-01-11,528.9255700544757,529.4978288461034,519.8653588451102,522.9649047851562,1862522
2023-01-12,522.440391222578,523.8709509237403,516.8135579904465,519.7223510742188,1973109
2023-01-13,520.2468723833156,524.4432040786891,513.6186008640967,518.5302124023438,3143762
2023-01-16,519.9608146772065,528.1626675967734,517.910322342501,527.4473876953125,1120373
2023-01-17,527.4473666153899,533.3603585397402,524.5862471238937,530.7853393554688,1228285
2023-01-18,530.6899546600865,534.0279271653675,528.3533622644657,531.7866821289062,676706
2023-01-19,530.7376327510495,534.8385587925565,526.255200850491,529.2593994140625,1182667
2023-01-20,528.4011075713807,542.1821789960558,525.5876615793435,539.7979125976562,2511076
2023-01-23,541.7051699283994,541.7051699283994,534.647720134924,538.2718505859375,704349
2023-01-24,539.4641116337308,543.1358584199716,535.2677796983478,540.7039184570312,611251
2023-01-25,539.4641457607069,541.1808059484607,534.6956129004855,537.222900390625,854326
2023-01-27,538.2242138852752,541.2284124984104,530.4992148938164,536.0307006835938,1373950
2023-01-30,536.9367399930724,537.6043461607433,526.1121948951785,532.2158813476562,2094290
2023-01-31,533.5034486063656,533.7895489193863,527.828883191346,531.9298095703125,2302382
2023-02-01,534.0756245065569,542.4205561394718,527.9718797997754,535.9353637695312,2239694
2023-02-02,531.6912632818475,534.9815616651555,521.2004939614882,528.782470703125,1698846
2023-02-03,535.983046019043,536.030719701497,503.795452063273,508.9931640625,4206140
2023-02-06,508.99317614158423,521.1529341467757,505.7028770394308,519.4839477539062,2259398
2023-02-07,519.2455417726559,520.6284279093736,508.3255901546133,510.8529357910156,2293797
2023-02-08,510.8528493646908,512.1403297030018,504.7014315280104,509.2315368652344,1629050
2023-02-09,509.23157100117487,511.8065900600297,506.08435135574,508.56396484375,1095213
2023-02-10,508.5639535973482,509.23155974000963,505.75050798803125,507.7533264160156,913857
2023-02-13,507.3718121850814,510.7097846336675,504.5106929434362,509.7084045410156,1379183
2023-02-14,510.2329487350752,513.4278420461096,505.0352369611767,505.46441650390625,1728878
2023-02-15,505.27363808142377,511.6634825907436,499.7421526142585,510.08984375,1530576
2023-02-16,511.0436329369829,514.0001581758785,508.3255925458704,510.8052062988281,1400865
2023-02-17,509.1839943727159,511.8066876120761,505.94136853838097,509.7561950683594,1510520
2023-02-20,510.18529750892077,511.4251043016666,505.130664763342,510.23297119140625,1462577
2023-02-21,511.47276510570634,512.9987303741917,507.99177143716946,510.37603759765625,2460231
2023-02-22,510.7098096039709,510.7098096039709,505.08291820310325,508.51629638671875,922754
2023-02-23,506.41813000267774,517.957954878965,505.51209722421356,514.7630615234375,2803998
2023-02-24,515.8597498842403,516.1935237982327,509.27915327160514,510.13751220703125,1375098
2023-02-27,509.27926146766697,509.3269351498496,499.0745904667458,501.8403625488281,1746670
2023-02-28,502.12638437848307,510.2328882098546,498.07313246279733,507.9439697265625,2330523
2023-03-01,510.9959145088354,511.6158469976083,501.6496027534524,502.84173583984375,1767693
2023-03-02,504.4153827223309,506.2273901163391,501.1250837102741,505.5597839355469,1215381
2023-03-03,506.942690131598,511.90197568796657,505.36910929606023,510.042236328125,970153
2023-03-06,511.2819608088229,514.1430799139861,508.4208417036596,512.1403198242188,1070128
2023-03-08,512.5695817305086,512.5695817305086,505.702883132331,507.2287902832031,1455390
2023-03-09,506.41813107381773,508.468623249962,501.64959876615467,502.26953125,1585845
2023-03-10,500.69591967983234,506.4181587618876,499.78988684991504,505.4167785644531,909401
2023-03-13,503.08023255380175,505.3214197846438,495.9274330388188,499.3130798339844,1409053
2023-03-14,498.45468786233596,504.08152086158606,497.9301027592558,502.1264343261719,838398
2023-03-15,501.8880125152193,504.6060525770589,494.5921349876816,497.6916809082031,3297110
2023-03-16,496.4043022134351,512.8557416239668,496.4043022134351,509.7561950683594,2094724
2023-03-17,511.2819800261553,514.286178483341,507.7055810102767,511.3297119140625,1400977
2023-03-20,507.3718380980758,512.9987295112081,504.51071871030473,512.2357177734375,870716
2023-03-21,513.0463931589009,514.8584004766118,506.56120098204013,507.6579284667969,1645563
2023-03-22,507.5149402403345,516.908926036671,506.60890741808686,515.1445922851562,784791
2023-03-23,515.9074935458043,519.2454659770153,511.75883574124174,514.4292602539062,1927951
2023-03-24,511.37742333268267,515.0014962943105,510.23296392121506,511.56817626953125,639799
2023-03-27,509.4700272442445,520.7237523752646,509.4700272442445,516.3843994140625,1319154
2023-03-28,514.047817066953,517.6242165363428,507.3718713907589,509.0885314941406,1173081
2023-03-29,508.3255901546133,512.6172696212094,504.7015169136355,510.8529357910156,1804819
2023-03-31,512.0927044828787,522.6311494121293,512.0927044828787,519.6746826171875,1361128
2023-04-03,522.1542864269888,524.4908788940205,517.9102810415025,522.2496337890625,2436530
2023-04-05,529.3070429816473,529.3547166589112,516.7657807514781,522.6787719726562,1737173
2023-04-06,522.4404289926543,522.678855626752,500.69593160488216,501.5542907714844,3766812
2023-04-10,503.4616494075947,503.5569967670733,497.0718046627549,498.9792175292969,1618940
2023-04-11,499.45607274258055,502.2695183739013,495.64124699424633,497.6916809082031,3509174
2023-04-12,497.8346953689688,497.8346953689688,491.5879306609553,493.68609619140625,2122535
2023-04-13,494.9736978028734,503.36630377301964,490.3959180200326,502.7464294433594,8617033
2023-04-17,505.41674204167265,505.41674204167265,497.4055846218528,499.8375244140625,1555572
2023-04-18,500.36213543702814,500.55283016815724,495.2120970847952,496.7857360839844,2893384
2023-04-19,495.92739345430357,496.5949996643405,493.4954534552511,495.9750671386719,1138035
2023-04-20,495.9750054730175,501.8879968401845,494.78287246389596,500.9819641113281,2688238
2023-04-21,501.0774158816219,503.8908034748725,499.4561031977932,500.8389892578125,1242615
2023-04-24,502.0310869411295,503.0801407279936,496.6426223395311,500.55279541015625,2399145
2023-04-25,498.3116795647489,504.2246719019885,496.11816611002604,502.0311584472656,965836
2023-04-26,501.84031037505963,510.18524122628526,501.64955745653657,508.9454345703125,2552760
2023-04-27,509.89907681319283,510.08977149811034,503.60458055142396,505.8458251953125,1298338
2023-04-28,506.41803731379355,509.99443588239376,504.2721981726334,508.2301025390625,2032847
2023-05-02,510.2330195807421,512.2835120087036,507.4195735317821,511.61590576171875,1099379
2023-05-03,513.9524806139867,516.4320943482434,511.139034663054,513.0464477539062,2882258
2023-05-04,514.4291815625885,515.8120090762944,503.7476597747229,505.8458251953125,4124229
2023-05-05,493.54306468397084,502.6032755332418,480.334225151177,481.6217346191406,6512813
2023-05-08,484.482880346158,491.1588255477783,482.62314111235355,490.1097717285156,2707182
2023-05-09,491.96944628484164,494.6398708980802,490.7296395484791,493.9245910644531,1447224
2023-05-10,494.92596917175564,494.92596917175564,485.5319549074582,490.4912109375,2751302
2023-05-11,490.7773120236039,496.8810565394147,488.72687809801465,496.11810302734375,1959951
2023-05-12,496.7857273329763,498.21628704899416,493.2093280429317,494.3537292480469,1542764
2023-05-15,494.01989971707764,509.23152796225855,489.8713002909452,508.3731689453125,3666778
2023-05-16,510.2329705876671,511.0435978178351,505.4644381522683,506.1797180175781,1530503
2023-05-17,505.46436983284906,505.84587565996577,495.5458004239805,499.6944580078125,2511945
2023-05-18,503.032477155517,503.032477155517,497.8347653769937,499.2176513671875,1579098
2023-05-19,501.5065497653936,501.55428165904783,493.0662703555372,495.06903076171875,1402249
2023-05-22,494.8782879079769,500.8866267519499,491.54031541581185,498.07318115234375,1305271
2023-05-23,498.78847060700116,502.1264431636446,495.9273512727354,501.4111633300781,1500934
2023-05-24,502.4125470683437,504.03385967801205,498.0731943554244,502.31719970703125,2304274
2023-05-25,502.3171234743496,508.8499883926157,501.220337937595,505.607421875,2297300
2023-05-26,505.0352078572164,518.5301765775907,504.03382778830246,517.0042114257812,2184804
2023-05-29,520.6760442475107,524.5385437001053,517.2903980164616,522.9649047851562,2215580
2023-05-30,524.5385846725956,527.304356857447,521.3913648064853,524.4432373046875,2023557
2023-05-31,523.1080609591069,532.168273500787,520.7714681880108,529.6886596679688,4905059
2023-06-01,529.7362546427189,537.7950857163773,527.6380888292188,531.119140625,1385234
2023-06-02,531.691312677556,534.0755786536885,530.1176738494611,531.4052124023438,1166828
2023-06-05,532.6927879337625,536.9367937715737,526.0168420076506,526.6844482421875,1570130
2023-06-06,527.924271136461,528.6872247663671,516.4797920589782,522.1543579101562,2685928
2023-06-07,523.5371382087669,532.3589223798997,520.9144456173491,530.7376098632812,2718117
2023-06-08,533.1219187525966,534.0756252262148,525.7783672638113,526.5413208007812,1650679
2023-06-09,529.9270444997123,530.7376717477318,521.2959540338679,524.4909057617188,2146305
2023-06-12,523.5848364453988,529.9746812461285,521.3436495914575,527.9718627929688,1007065
2023-06-13,527.971837010391,536.8413530519597,525.7783239437224,534.5047607421875,2644392
2023-06-14,535.0293529893281,537.4136192682467,531.929806826734,536.3168334960938,1577846
2023-06-15,536.3167596147249,544.0894898971021,535.5538061524983,542.7066040039062,2246105
2023-06-16,546.473768461557,546.473768461557,539.0825438444941,544.4710083007812,2022971
2023-06-19,544.6616828007086,546.4737481814924,540.4177360361028,542.802001953125,1114637
2023-06-20,541.0854330598452,546.3785514222244,537.0321798837446,545.6155395507812,1068183
2023-06-21,545.5201088838821,548.8580815781016,538.6534105567056,540.846923828125,1632121
2023-06-22,540.8469135140404,542.7066527644218,534.1232945715441,536.6029663085938,1815315
2023-06-23,534.0755538018398,539.5593652917694,530.2607284175409,537.2704467773438,1536193
2023-06-26,534.218666392619,543.612651204141,534.218666392619,543.1834716796875,825926
2023-06-27,542.6590293206228,545.2340486587976,537.938170235574,544.1849365234375,1900084
2023-06-28,544.5662998532647,549.2394840290207,542.3727869949028,547.5227661132812,2195767
2023-06-30,546.4738211437196,551.2423536144328,542.945095473467,546.4261474609375,1993618
2023-07-03,548.3335476587993,556.8215003329036,546.5691557600167,555.2955932617188,1375594
2023-07-04,556.9645788674428,558.9673391719866,550.6701394449135,552.8159790039062,730709
2023-07-05,552.3868858229691,568.266066116655,549.9072136857416,565.0234985351562,1607408
2023-07-06,565.0233619837134,569.4580617681951,559.6348976003113,564.5465087890625,1116191
2023-07-07,568.409079752638,568.647506380051,544.2326430168082,545.7108764648438,3008774
2023-07-10,545.7585035708283,549.4779819248841,539.7978383942137,546.1876831054688,1999303
2023-07-11,549.0964972443151,555.4386685206517,546.4738044654667,554.723388671875,1212325
2023-07-12,556.9169219522628,558.728929375301,552.0529838796724,556.3923950195312,1388783
2023-07-13,556.964576894945,558.5858895312557,549.8117783903011,550.9562377929688,793507
2023-07-14,550.9085373759448,560.7793755494725,550.0978519923203,559.3488159179688,1133717
2023-07-17,561.3993379657055,567.2169241604246,554.0081128085079,555.2955932617188,1721733
2023-07-18,555.2479205584311,555.2479205584311,546.5214830413526,550.2886352539062,1492660
2023-07-19,550.2886187995084,554.1511182600763,547.0937254924069,547.9520263671875,607767
2023-07-20,547.9520251545201,553.1497369105175,543.6603461612489,551.7191772460938,1538931
2023-07-21,548.0781021047302,553.1085392306915,540.4605713317596,541.5625,3010552
2023-07-24,541.5624697085259,548.0301742230005,535.861296254808,541.6582641601562,2410138
2023-07-25,543.2393346460143,545.7784726860496,539.5503121795292,544.5807495117188,594176
2023-07-26,546.5928756942633,551.9586512991981,544.4369743111536,550.9525756835938,1273253
2023-07-27,552.6773308254926,554.7374379328461,548.078085857469,549.8027954101562,2005022
2023-07-28,548.317638142009,558.4743066918459,546.1617365503628,557.3724365234375,1812535
2023-07-31,550.9526431426109,555.6956384627014,548.6529913260291,551.5275268554688,1156926
2023-08-01,551.7191355819886,554.1145816886162,543.7662662044986,544.9639892578125,1334010
2023-08-02,544.3412040107983,545.1077936272119,538.2567936879087,541.9937133789062,1868482
2023-08-03,533.4657678317393,538.4962039002021,522.8300121085858,531.8368530273438,5441318
2023-08-04,540.4126387874821,568.9184473050842,540.2209914034547,545.874267578125,7508691
2023-08-07,542.3768979950979,544.0537102766284,534.7593676482023,541.6582641601562,1988682
2023-08-08,541.275023734886,543.3829695152165,535.1905555559989,538.8795776367188,1956590
2023-08-09,538.783769295507,548.9883939113098,537.5381489178808,548.2218627929688,1130663
2023-08-10,548.5092956667102,555.2165451868278,545.2035681352801,547.6469116210938,1310628
2023-08-11,547.598972053779,547.8385166609767,538.496276980269,539.5982055664062,1198557
2023-08-14,539.454504953373,544.0058529081306,532.7472553358355,541.2271118164062,1300882
2023-08-16,538.5920967180315,542.6643552315913,536.1008560792357,541.7061767578125,641032
2023-08-17,540.1731408938691,541.7062031335311,533.13055216172,537.7297973632812,2172788
2023-08-18,537.4423776037338,544.1975247540456,534.9510782586194,541.8499755859375,1108955
2023-08-21,539.933600630229,544.7723905010299,538.5442300678507,544.005859375,1138890
2023-08-22,542.3290121469253,553.7792565203935,541.6103782969072,550.7130737304688,1750504
2023-08-23,551.5754714817834,551.7191631658226,542.0894810322462,543.5746459960938,1933561
2023-08-24,547.0719922823869,547.0719922823869,540.4605376501212,541.2750244140625,740364
2023-08-25,537.7777310211612,544.8682759456971,533.7533692662241,534.7115478515625,2083408
2023-08-28,534.8073846356701,536.4362413954512,528.6271212505135,530.9746704101562,1481763
2023-08-29,530.399617022482,530.7350145364666,523.2611765770636,527.141845703125,2642866
2023-08-30,530.7830779556812,532.6035823117348,528.9146178807812,531.693359375,845829
2023-08-31,531.6932739483714,534.1366174310169,523.6445511416366,529.968505859375,4736298
2023-09-01,528.4354011201747,532.6993068057816,527.3814282462358,530.2080078125,924117
2023-09-04,530.9746406734066,536.5799615212686,528.0042522254406,534.5678100585938,944485
2023-09-05,536.5799073804955,539.3586481510291,534.6635505684224,536.4361572265625,992447
2023-09-06,536.3404149097298,539.4544950320284,535.3343391821174,538.0651245117188,635877
2023-09-07,538.065073875638,544.9639701169287,538.065073875638,542.3289794921875,1352944
2023-09-08,542.3290226646975,545.1077636650195,539.9814736792632,543.3829956054688,695069
2023-09-11,543.5267187095731,547.3594324598389,543.2392768748173,545.874267578125,690033
2023-09-12,547.1198990681161,548.9883587561941,538.1609538862116,542.0415649414062,1086960
2023-09-13,540.0294129292223,542.9998015542535,536.7716409153346,541.8499755859375,1206619
2023-09-14,540.5084508292043,545.5868434996407,539.5982280699493,543.7183837890625,998731
2023-09-15,544.2933192169977,545.3952479538376,537.0590827867692,541.8499755859375,2463912
2023-09-18,547.1199451638556,552.48572158329,539.694061494819,541.9937133789062,1469701
2023-09-20,541.3708485708213,541.7541433610692,531.0704297705801,537.681884765625,2487342
2023-09-21,536.3403990662815,537.9214169362366,530.3996808504083,536.7236938476562,2150267
2023-09-22,536.0530155875207,541.2751005188313,534.2324529016248,537.8256225585938,956641
2023-09-25,537.8255350680557,539.4544500774143,529.6810185038319,531.1182861328125,1426546
2023-09-26,531.0704499470523,534.6157222025286,529.9206240151984,532.2202758789062,1290222
2023-09-27,531.8369127234673,538.5441615676073,530.5433952679821,537.5380859375,1375349
2023-09-28,537.5381754966238,538.3526038846479,522.7343049562171,524.3632202148438,2182058
2023-09-29,525.9442755098444,529.7769900452191,523.8841680540473,528.5313110351562,838408
2023-10-03,531.9806914226764,532.268133263478,523.261232367881,530.4475708007812,1924677
2023-10-04,528.9145151686135,533.8970549065715,527.5730419182728,532.1243896484375,1096308
2023-10-05,532.124456026678,534.6636526806485,524.554880262862,527.7168579101562,1509964
2023-10-06,527.9563588891568,528.8187429409895,522.9738189417823,524.2673950195312,1061490
2023-10-09,520.4346739722524,522.3989281943373,517.5121827707155,519.0932006835938,1076708
2023-10-10,522.1593781047653,522.590570120362,519.0931952503345,521.1053466796875,814992
2023-10-11,521.6803191958419,523.8362209166124,520.3867430738334,521.0095825195312,1039964
2023-10-12,522.6384788104117,523.357112691309,516.2665683400926,518.3745727539062,903301
2023-10-13,519.2369442896057,519.7639307597142,514.0627570788212,516.314453125,1607850
2023-10-16,515.5000944030098,516.4103757829515,512.1943664877382,514.4940185546875,1807237
2023-10-17,514.6375984174408,520.2908744052955,513.583625563975,517.6558837890625,2040439
2023-10-18,515.6437306084116,518.1828682850523,511.0444274911594,511.6672668457031,1251181
2023-10-19,503.0436645475921,506.2535388235825,498.7318617086127,503.66650390625,4093512
2023-10-20,501.12734122688806,504.2414212631928,494.42009191792397,502.85205078125,7600488
2023-10-23,502.85205312637163,504.00187899549957,496.9592905812723,499.54632568359375,1535943
2023-10-25,495.66568895734815,503.0436745472214,494.7075105296392,496.2406311035156,2014418
2023-10-26,496.2406813230689,496.2406813230689,483.0178001377583,487.1858825683594,2400780
2023-10-27,489.533387690219,503.8581386586592,487.76075162460756,502.6125183105469,2125985
2023-10-30,502.5645472560416,502.756194623577,499.8816595582422,501.5584716796875,1711768
2023-10-31,502.6603949810797,508.84065772317734,500.40869900091144,506.7806091308594,1687120
2023-11-01,508.3137061702993,509.7509739540042,494.61176499549447,495.4740905761719,2712123
2023-11-02,498.0132711758266,511.1882254397374,495.71361940218713,508.2178955078125,1919439
2023-11-03,511.76314089286564,515.3563104604974,509.17610559023285,513.1046142578125,1337219
2023-11-06,514.4460726842931,516.9852106821415,511.0444921396479,515.4521484375,478913
2023-11-07,516.4581842558208,517.3205682533581,510.5653633986488,513.679443359375,823342
2023-11-08,516.1707064571222,517.2246792850655,511.0923727253244,516.6976928710938,776461
2023-11-09,517.4163931867029,517.4163931867029,510.70914364539374,512.4817504882812,1366713
2023-11-10,513.0115245703012,515.2748579088681,507.2808858889291,513.6856689453125,1361649
2023-11-13,515.7563169547406,516.0452443109178,506.55843361008266,510.5553894042969,979880
2023-11-15,503.7654424606337,508.05138533559585,497.64958673877067,506.606689453125,3398705
2023-11-16,512.6261477609833,515.6600319896988,506.79922068477737,515.178466796875,1612231
2023-11-17,516.0453461791686,522.5946222795492,512.0483895959482,520.7647094726562,1512369
2023-11-20,520.7646591660204,525.3395289185504,517.3937025062613,523.1724853515625,1910044
2023-11-21,525.5321306031227,525.5321306031227,519.3680724784191,520.9090576171875,1379849
2023-11-22,520.764722481914,521.9686357210599,517.7308376053359,521.0536499023438,680568
2023-11-23,521.053548510837,522.0166789147387,515.5155486884021,520.427490234375,800753
2023-11-24,522.0167888429978,522.1130783897391,516.2380052026695,517.5382080078125,440877
2023-11-28,516.7195438508107,517.5381813103634,511.47047055798964,514.1190795898438,2251292
2023-11-29,514.1190337472248,516.2860773073305,512.385410656104,514.8895263671875,1815670
2023-11-30,514.8895294065204,520.4757332000671,513.3485441574987,518.2123413085938,3167951
2023-12-01,520.0905573773302,524.3283558032258,517.8753686121337,521.1981811523438,1584387
2023-12-04,524.8098468712686,528.6623689733595,521.7278174326315,526.8323974609375,2125643
2023-12-05,528.7105348260426,532.1296365710273,526.6397805996644,531.6480712890625,1748869
2023-12-06,534.2966839339775,534.4411770334686,529.0476105682875,529.7699584960938,1028497
2023-12-07,529.7699405275877,530.6367815254839,517.6345192659776,525.6766357421875,1150700
2023-12-08,528.6623710988318,535.741356975956,525.676631186814,527.31396484375,2453675
2023-12-11,527.795603517399,531.022067725699,524.9543563035417,530.2034301757812,1278433
2023-12-12,530.2033016017226,533.1889824201581,526.5434177254677,528.7586059570312,1418773
2023-12-13,527.3621215820312,529.0957448173233,523.0761788719873,527.3621215820312,1628806
2023-12-14,528.4697824144026,529.4329130334248,524.5209116055153,527.265869140625,2078199
2023-12-15,527.7472778864093,527.795422646112,517.4417715631819,519.8014526367188,2655593
2023-12-18,519.8015898065323,523.0280537605769,517.4900528827095,520.5720825195312,2700975
2023-12-19,521.4870884981515,531.1665395193721,519.801609904935,527.9882202148438,2155547
2023-12-20,529.721787171402,531.0701934163125,512.6743651727397,515.2266845703125,3685894
2023-12-21,513.5893120017045,514.3116598385564,507.6178914600986,510.6999206542969,6150231
2023-12-22,512.3373538805304,513.0115570830953,507.0882801542565,509.7850341796875,3869597
2023-12-26,510.459132555344,515.0821469045422,509.49600211656036,511.0369873046875,1655240
2023-12-27,511.4223397705713,516.2861374596351,510.5073539594027,514.6488037109375,3308899
2023-12-28,514.8414175288982,525.6284913156105,514.6487796642596,523.076171875,3512802
2023-12-29,524.6653248955408,539.3530646011984,523.605904889716,536.6563110351562,4120332
2024-01-01,539.3530656793888,542.2424571026712,534.5374133072514,536.8970947265625,1417550
2024-01-02,538.8233885242548,541.6164317994783,531.0219959348967,536.3192138671875,1201767
2024-01-03,536.4638057409597,541.9536625476992,526.4472228379672,530.7813110351562,2733401
2024-01-04,534.2004494450082,546.3840171454034,530.5887094337551,545.3727416992188,3064476
2024-01-05,549.947451952444,550.5735102190298,543.68710442584,548.0693359375,2834989
2024-01-08,551.3922532844801,551.3922532844801,530.6849459558928,532.8519897460938,2152367
2024-01-09,534.5374073053242,535.5005377689374,526.0618709824918,527.6510009765625,2107464
2024-01-10,528.6141904856967,531.0702204701004,522.3056970013434,527.1694946289062,1758621
2024-01-11,529.336534421702,535.5005935447804,528.2289695440778,531.6480712890625,2089001
2024-01-12,531.6480497785712,532.5630355342488,527.7955276787266,529.432861328125,1029614
2024-01-15,530.6849263271607,536.9452748228532,528.036317348214,533.7188110351562,1524201
2024-01-16,535.6450660348338,541.1830665643586,532.5630365918729,538.1973266601562,2027207
2024-01-17,537.2824626958088,537.2824626958088,525.9656764397104,529.1921997070312,2075918
2024-01-18,526.0619222789412,529.6736618696725,515.6119204588643,519.560791015625,1520695
2024-01-19,523.2207109464749,523.8949141395427,519.6571158843975,522.3057250976562,1965102
2024-01-23,524.3282594734284,524.3282594734284,503.3319678755559,505.45086669921875,2256565
2024-01-24,506.3658536266327,517.5863473160248,502.9467521541634,516.8157958984375,914551
2024-01-25,516.8157126957007,517.7306982681662,509.54409044524067,512.0000610351562,924085
2024-01-29,496.01216853083326,516.1897626775459,496.01216853083326,514.5524291992188,1316110
2024-01-30,514.5524248363371,517.8752365290705,513.5892944201717,516.1897583007812,1603876
2024-01-31,516.1898091012335,525.4839832610194,514.3116928479145,519.7052001953125,3475918
2024-02-01,526.8324654392846,554.2816889585162,526.8324654392846,533.9596557617188,11117689
2024-02-02,534.0558423187374,538.3899294069869,519.8496679739197,524.5690307617188,3318354
2024-02-05,522.9799180448805,524.7135413753566,512.674408823679,513.9746704101562,1417520
2024-02-06,514.5525330849609,517.5864180480594,511.6631412286112,513.0596923828125,1247440
2024-02-07,513.4930600378007,518.5976400347078,511.0852337388048,517.5863647460938,1784199
2024-02-08,519.8015502612366,521.0536081727096,512.3854335450674,514.2635498046875,1488521
2024-02-09,515.1784971437855,520.0904388860042,509.15893187890117,519.3199462890625,1786915
2024-02-12,519.3198970693359,523.7021284098723,515.6600134921234,516.767578125,1454041
2024-02-13,516.5750597884373,519.9942203535835,511.5668278321036,518.8865966796875,725665
2024-02-14,513.8783402679874,525.1469804921858,513.5894128334857,524.2319946289062,828939
2024-02-15,525.8211596922959,527.1695072533616,520.9573619482566,524.1356811523438,1006711
2024-02-16,525.0024764389894,527.6510856388987,521.0536644185104,524.4246215820312,839405
2024-02-19,524.9061157524749,529.9144060450589,520.3312459362836,527.4584350585938,1353397
2024-02-20,530.877571608037,530.877571608037,522.9798893307914,527.3621215820312,1057848
2024-02-21,527.4103222525263,529.5773662225309,524.2801476291863,526.1582641601562,1636393
2024-02-22,526.3508328211383,526.3508328211383,518.7902817007654,521.6314697265625,1264327
2024-02-23,522.1130578493672,524.4727394999682,514.5525063979736,515.5637817382812,1160683
2024-02-26,514.4561793635237,517.297367306661,507.42527969558114,509.73681640625,1180365
2024-02-27,508.4366636287076,518.3568969810096,506.6066919878249,515.8527221679688,2954271
2024-02-28,515.6119187527881,521.4870504051655,512.289165368169,516.478759765625,2697005
2024-02-29,516.5269499025462,519.4644865943245,512.6744273468161,518.3087768554688,2453976
2024-03-01,518.3087143295079,524.857990127214,518.3087143295079,521.14990234375,762406
2024-03-04,518.1641933209385,519.8015268783587,512.1927726446628,517.489990234375,2030164
2024-03-05,515.4192722673141,517.0084022032694,513.3966630968034,515.0339965820312,1464768
2024-03-06,515.0822192841259,516.2379877300388,508.77372578058396,511.9039001464844,1082367
2024-03-07,511.903885450724,517.923451366184,510.94075490425035,515.515625,894981
2024-03-11,515.5155323251739,518.5494165150902,512.0000829485923,513.7337646484375,984138
2024-03-12,510.98890383464476,512.6743823046953,506.4621784724014,509.4960632324219,1011782
2024-03-13,510.0258157333525,511.8076426780428,496.78276950921526,500.77978515625,2666699
2024-03-14,497.93847630029137,511.229665651536,497.1198388763955,510.1221008300781,2047715
2024-03-15,509.44795056416314,510.7962981542744,504.92122491667146,507.13641357421875,1710825
2024-03-18,507.1363823945941,507.1363823945941,501.8873091085703,504.2951354980469,1247334
2024-03-19,503.95801020082547,510.4591407672002,497.5050244002011,499.2386474609375,2071489
2024-03-20,499.23868108120183,501.9836383316379,493.1228257986049,501.0205078125,925067
2024-03-21,502.99486865530565,506.26953564156935,499.38312953140445,504.6322021484375,973386
2024-03-22,504.6803568400336,507.90682034025565,499.8647045801096,501.59832763671875,1072318
2024-03-26,493.7007490710095,502.9949833837021,493.7007490710095,501.8873596191406,1961179
2024-03-27,504.68041705853267,505.0656927992248,499.9610537667654,502.4170837402344,2638465
2024-03-28,502.7541317584634,506.6066538409038,498.6608270458706,503.86175537109375,2312982
2024-04-01,504.1988527375099,511.0370562616628,504.1988527375099,509.64056396484375,847682
2024-04-02,509.64043874933776,512.9150466076218,508.1957432511744,512.0000610351562,1175093
2024-04-03,511.3259516850872,512.7706472817282,509.1107047423861,511.4222412109375,1176084
2024-04-04,511.4223313295437,512.3373171256104,483.780472286029,487.3922119140625,10445923
2024-04-05,491.196560664698,491.196560664698,485.41777759805444,489.1739807128906,7615006
2024-04-08,489.3184603293846,491.0521129412225,483.6841701700432,484.5028076171875,3602540
2024-04-09,487.8256142530769,489.75187531626773,483.97309212669524,484.59912109375,2217268
2024-04-10,486.38089524257333,488.2590114465135,483.73228640709397,487.5848083496094,1978008
2024-04-12,488.30718758452764,488.9332165619229,480.69846213772837,482.1431579589844,4166549
2024-04-15,477.6164344926242,478.6758839774954,471.1634774346121,476.9422607421875,3600795
2024-04-16,476.94228411439224,486.9588364598943,474.1973560302984,485.3215026855469,2928056
2024-04-18,487.103257528078,489.222156416158,482.5283875858964,485.2733154296875,2604037
2024-04-19,483.1063281254578,487.1514591212639,477.76093551299437,485.6104736328125,2183936
2024-04-22,488.69243858648866,489.2703227989856,484.74359742557345,487.488525390625,1208372
2024-04-23,488.40351538496543,491.6300086561647,486.5735731899667,488.45166015625,1904186
2024-04-24,491.1002612289425,491.48550757019535,488.9332174929321,490.6668701171875,1855798
2024-04-25,490.7150021626535,491.4373500559253,485.5622479788323,487.7774658203125,1022931
2024-04-26,488.6442694941184,492.68939999543306,486.66983431572925,490.2334289550781,1372205
2024-04-29,493.50810526947674,493.8933222091655,487.34404638623585,488.01824951171875,1373441
2024-04-30,490.2333930281804,493.50806003188274,486.52533496274685,489.02947998046875,2092290
2024-05-02,489.2703178928986,516.286117980217,489.2703178928986,505.9324645996094,7092006
2024-05-03,516.4786791028022,518.1641573096645,504.68033165476606,512.1445922851562,7008370
2024-05-06,515.2748660486416,515.7564313440142,504.9212121981315,511.2297058105469,3172072
2024-05-07,513.8783152874173,545.9987557816851,511.71127145675507,537.8602905273438,14721222
2024-05-08,537.8601956914478,541.2311521669975,533.6705430866609,536.078369140625,4085815
2024-05-09,536.0783406820212,544.1205145462184,530.1551241746029,532.41845703125,5305923
2024-05-10,530.6367416188799,531.5998720841887,520.427523415715,530.4922485351562,2521438
2024-05-13,530.4922954950656,532.8038323303547,523.6540920999729,529.9625854492188,3067643
2024-05-14,529.962554537343,541.9535409494455,529.962554537343,534.10400390625,2872594
2024-05-15,534.103978098576,534.5373985570723,522.9798331828653,525.7247314453125,2436198
2024-05-16,527.4584464895413,529.1439248794022,514.9858946476064,522.0648803710938,3864351
2024-05-17,523.1725388733546,523.9430315745875,515.2748564198608,516.0453491210938,1642503
2024-05-21,518.2605033676825,521.0536053576501,513.9264160772769,519.4644165039062,1388390
2024-05-22,522.9798446269673,535.4042511900436,518.9346849005132,533.5742797851562,4319988
2024-05-23,535.5006150385957,541.2793986541201,531.3110204312711,539.3049926757812,2924910
2024-05-24,538.3899733265091,544.0724670419168,533.6224653835584,537.5231323242188,2805803
2024-05-27,539.2086633460411,549.9475934572553,539.1605185711804,546.4803466796875,3169943
2024-05-28,548.984390162219,557.5562752067505,543.7353171308966,549.7548828125,4429603
2024-05-29,549.7549169485458,549.7549169485458,532.6593493512739,534.9708862304688,2620387
2024-05-30,534.970794683554,536.848910728404,529.0956639479929,530.829345703125,1591522
2024-05-31,531.6962723260364,534.0559542143372,520.6202696687507,525.0025024414062,11192196
2024-06-03,539.3531595272823,540.5089280546637,522.9799386130612,524.7135620117188,2836670
2024-06-04,528.2289470228594,562.9016458460379,516.9603081483621,556.882080078125,17458506
2024-06-05,563.4313395419551,610.0468790111493,562.9497742944834,578.1190795898438,21568184
2024-06-06,578.1191160276048,582.9829135766615,560.5901281578497,575.1815795898438,7598586
2024-06-07,577.3485442451688,592.1325727350692,576.0964864513193,590.4952392578125,5429725
2024-06-10,581.9234423257659,604.3162257761543,581.9234423257659,596.9963989257812,5180578
2024-06-11,596.9964588583074,599.9821988889892,585.5833851453098,590.8324584960938,3728825
2024-06-12,591.5066379760787,600.0303196449064,589.1951011922496,596.6593627929688,4528718
2024-06-13,589.4358796000123,591.8918506747146,566.4652401589406,587.1725463867188,7963596
2024-06-14,588.4246000492054,595.9851510799926,583.6570922417516,586.2094116210938,1975440
2024-06-18,585.6796183331658,591.1213290308397,575.9520240496001,578.0709228515625,4304663
2024-06-19,579.8045624787197,580.8639825174935,572.099518459069,576.4817504882812,1703051
2024-06-20,576.4336033510358,582.5976620553511,573.0626466062929,578.6006469726562,2886298
2024-06-21,578.8414328503112,581.6345348255804,566.8504463196592,568.1988525390625,3868601
2024-06-24,568.9693979038303,580.2380376006598,567.1394262629134,577.6375732421875,1774168
2024-06-25,581.5382371413983,581.6827302434949,570.6548732565094,571.4735107421875,1791877
2024-06-26,569.5954162824696,580.7677068641023,568.535937433549,579.6119384765625,2230523
2024-06-27,579.8045656905014,583.6570877216674,573.110796904386,577.2041015625,2405121
2024-06-28,579.6118490999539,587.1724578300089,575.6148933064412,578.5524291992188,1710529
2024-07-01,578.5524734282948,590.6397488262759,578.5524734282948,588.424560546875,2469588
2024-07-02,594.0589006973768,594.0589006973768,579.8045805731412,580.5750732421875,3919339
2024-07-03,584.6202996698976,590.6880109572817,582.694038385977,587.2207641601562,1786017
2024-07-04,587.3170381484272,590.9769227339355,582.742167720335,583.6090087890625,2277423
2024-07-05,581.7308943962491,585.535272101667,581.0085464313531,584.090576171875,879215
2024-07-08,587.8949033648876,609.6616299896081,587.8949033648876,600.4637451171875,7279634
2024-07-09,599.1153067788471,610.046873060721,595.2627848366507,606.96484375,2665679
2024-07-10,606.7722122987625,613.7549083926768,596.7074868616047,608.4095458984375,2882570
2024-07-11,612.3583829121693,612.3583829121693,600.8008164824279,606.1461791992188,1588742
2024-07-12,610.5283878589315,610.5283878589315,602.9196341378348,606.7721557617188,1630043
2024-07-15,609.5653054752988,615.3922331335132,606.9166966502178,609.083740234375,1091279
2024-07-16,610.6247129766957,624.7827425266522,606.7721911282624,617.3184814453125,2960104
2024-07-18,617.3185331850993,626.9979833835957,615.6811995053204,621.07470703125,3161993
2024-07-19,623.8797310441438,626.0077047247895,610.9668951092592,612.1759643554688,2176993
2024-07-22,607.6781928101135,618.8983316094831,606.6625864678869,615.8031616210938,1365836
2024-07-23,618.9467425140954,640.6615786092434,611.4021033057448,630.940673828125,7195533
2024-07-24,628.7160461578412,628.7160461578412,597.8122225432267,613.3850708007812,8340915
2024-07-25,605.018248660432,615.6097070270323,604.5346209636612,610.5316162109375,1831371
2024-07-26,610.5316533407923,614.4490261155574,604.6313596594066,611.74072265625,1469979
2024-07-29,615.0293309549867,622.0903427016068,610.3865167782915,620.107421875,2240896
2024-07-30,620.05902879016,627.6036086943488,611.7890073752496,613.1431884765625,3020230
2024-07-31,616.0933466090017,619.76890536805,609.3709096868849,614.88427734375,2769613
2024-08-01,617.9795425020524,634.3744754655216,615.8999196299307,622.4288940429688,6852547
2024-08-02,622.4288962542377,628.7160568224623,604.5346700215983,607.0011596679688,4123973
2024-08-05,594.8620764314188,619.0434616522082,593.9431719857118,613.2399291992188,4771981
2024-08-06,617.1090157794038,621.9452933325339,606.4692051625175,608.548828125,1854542
2024-08-07,610.5316595359792,620.3009160893722,610.5316595359792,618.3180541992188,1788865
2024-08-08,618.0762605753496,620.7845641508343,613.8687227917028,616.5770263671875,1528269
2024-08-09,620.5911288067599,621.1715175508054,601.7296458388403,603.5191040039062,2679620
2024-08-12,606.3724970286519,606.7110128392746,595.5875745807626,600.0369262695312,1139283
2024-08-13,600.2786747976362,603.8091806056389,582.9648386411471,586.0116577148438,2691122
2024-08-14,589.929096635662,589.929096635662,578.999063301889,584.6091918945312,2012408
2024-08-16,586.4952691920533,598.2474455363,584.6091684523691,597.3768920898438,1259712
2024-08-19,597.7638185983644,604.4379042653093,594.7169405685455,600.9557495117188,2332398
2024-08-20,604.921511849863,604.9698628094349,596.8448943576169,602.69677734375,1340039
2024-08-21,604.4378538861839,615.1260130254209,597.715417818367,613.578369140625,2105395
2024-08-22,616.1417155700427,626.491360590232,611.4021402971769,624.9921264648438,3452342
2024-08-23,626.6848342438709,629.8767654448516,619.8656360423269,622.1870727539062,3461642
2024-08-26,624.8469826085002,633.9392068988611,619.9140037288562,633.1170043945312,2940223
2024-08-27,633.552354577627,633.552354577627,620.6395172249179,622.3322143554688,1428673
2024-08-28,624.7987338056423,628.2324791979428,617.1090403822748,623.2994995117188,1149783
2024-08-29,622.9124442354824,626.6847637080627,617.6892417406145,623.0575561523438,1071747
2024-08-30,622.9124801011891,624.4117141698921,615.271138795873,616.2868041992188,3304453
2024-09-02,616.915469886739,623.5412046652337,613.6751879766387,615.8031616210938,745420
2024-09-03,615.8031950852615,627.2651483526295,614.4490138643143,617.3024291992188,1775357
2024-09-04,617.1573386969206,630.2152874968693,613.4334287649041,628.764404296875,3104663
2024-09-05,633.5522963294756,633.5522963294756,621.6067155782027,623.686279296875,2131132
2024-09-06,622.9125736774059,632.2949643118533,622.283833955796,623.2994995117188,1910995
2024-09-09,623.8797627189678,643.1281697105135,622.9608582378781,640.66162109375,6213572
2024-09-10,647.4324598643552,647.9644976305876,640.661671212151,643.4667358398438,4126339
2024-09-11,646.1266736401866,649.5120678883013,640.3231406434185,642.1609497070312,3134456
2024-09-12,642.20923970777,647.5774954128373,641.2903352631981,642.9830322265625,2222824
2024-09-13,643.8536186951039,645.8364805750318,629.9251164968906,639.2591552734375,2559794
2024-09-16,638.3886256711468,645.9815576800236,636.6959285576248,639.6943969726562,806885
2024-09-17,639.6944118312229,649.9957066902813,634.9065442567507,638.5337524414062,1793296
2024-09-18,638.3885917238794,640.6132674331755,629.2480159896064,632.9719848632812,1465661
2024-09-19,633.5523029591536,644.9659051593449,632.9719733191689,642.9346923828125,1768324
2024-09-20,647.0454652572539,648.0127205879213,640.4197308202342,645.6912841796875,1798471
2024-09-23,646.1266116887058,649.5120056122245,634.8097116227693,639.4041748046875,1684518
2024-09-24,638.3885229147306,644.1920549412282,631.037405962466,634.3743896484375,1881683
2024-09-25,629.6833084325472,632.5367238648664,601.7780118501333,606.4691772460938,7092888
2024-09-26,606.5174910222953,607.8233212434169,600.2786818411629,605.2600708007812,2581456
2024-09-27,607.4363672337826,614.0136918869594,601.6328350627591,612.2726440429688,4628215
2024-09-30,612.2726069010923,614.9809099426282,602.9385696109545,604.72802734375,2475507
2024-10-01,605.5019284742907,609.1291365122756,593.8948627527388,598.7311401367188,1095384
2024-10-03,561.3466520102373,576.2907598602945,552.3028375666435,561.2015991210938,18729275
2024-10-04,565.6026132951403,565.8444271528979,552.3512020827038,553.7053833007812,4745480
2024-10-07,556.1718556551846,562.1204999868261,543.5975354403718,550.7552490234375,4723935
2024-10-08,552.7865339560315,553.8989014272728,546.2092081764715,548.7723999023438,3261216
2024-10-09,549.1592699231641,553.2217545330833,544.7582695276625,546.5476684570312,3580212
2024-10-10,548.4338072837136,557.5260315834739,545.725503993333,552.9799194335938,2379978
2024-10-11,555.6882206259811,556.1234973580702,550.5617788748684,552.15771484375,1276108
2024-10-14,552.1578054434556,556.3170515252306,547.4666396546914,548.7240600585938,1902352
2024-10-15,549.4010294097526,554.1406041583773,548.723938869009,552.3027954101562,1687923
2024-10-16,554.1406259470986,560.3793758640087,551.819189440865,559.36376953125,2647660
2024-10-17,559.073616683007,560.137573999777,553.2700843298962,553.8020629882812,1838328
2024-10-18,552.7864602259946,553.3667898504432,546.4509491733285,552.6897583007812,2159572
2024-10-21,552.3028468355978,556.1718685297177,547.5632716456668,549.5945434570312,1511359
2024-10-22,547.07964068435,553.0282851183597,537.7940122882519,540.79248046875,1510177
2024-10-23,539.728549016189,544.4681244053394,537.8423890537073,540.4056396484375,1233395
2024-10-24,537.6005866531069,539.7285605270189,517.7234982474674,523.2852172851562,3076408
2024-10-25,527.4443477433367,527.4443477433367,518.7874002712881,521.0604858398438,1506493
2024-10-28,522.3179249237833,540.2121501295054,519.512860601225,535.5693359375,1750115
2024-10-29,535.5693790030814,535.8595438440543,515.4020665249025,518.3038330078125,5088807
2024-10-30,521.3506557496756,533.8282739082254,518.4488895766718,528.7501831054688,5828617
2024-10-31,520.4317722333457,530.9748800335452,515.5471441198279,522.3179321289062,3001455
2024-11-01,523.9622803239869,527.2993233780875,522.6564500663372,524.784423828125,159703
2024-11-04,527.2025445097217,527.5411193220237,514.2413575582236,517.4332885742188,2308784
2024-11-05,517.5300107466488,519.2710587292523,511.38796232461846,517.3365478515625,2117262
2024-11-06,518.448934180888,525.6066483047374,517.8201945080107,521.9310302734375,2368331
2024-11-07,523.6237232062837,526.3320857419155,514.8700730412558,516.998046875,1695158
2024-11-08,517.581400250755,520.1579070786541,513.9354336123532,516.7550048828125,1458407
2024-11-11,515.2966413675798,516.6578260438043,505.9143297266712,508.2477722167969,1589666
2024-11-12,508.29631275113354,509.60889624884527,495.36529723343955,496.3375549316406,4775306
2024-11-13,497.16398529968376,499.9349257037901,493.2263237767062,496.6778564453125,2253481
2024-11-14,496.677859103979,499.6918639514047,488.70533398123393,494.004150390625,2083472
2024-11-18,494.97639643747976,495.4625252829947,485.1565878238884,494.3930358886719,3329177
2024-11-19,496.8236891103171,500.2265910905248,492.10823328926784,494.10137939453125,2126926
2024-11-21,494.39303849843014,495.268064490786,488.4622606176513,491.7193298339844,1771693
2024-11-22,492.59434629124945,500.8099058622215,490.4067665172294,498.7681884765625,1050913
2024-11-25,502.02522837120614,513.4979164467862,500.90716764648386,507.0323791503906,4146364
2024-11-26,509.46304953426926,515.1993938669314,504.99068772168357,510.77557373046875,894410
2024-11-27,505.525432600201,514.5188168520893,505.03930372172056,512.865966796875,1722809
2024-11-28,515.1507307523401,519.5258905054797,509.4630468100196,511.4075622558594,1554564
2024-11-29,503.8725781033449,514.9563401717573,503.8725781033449,512.5256958007812,2225080
2024-12-02,508.0046906138676,513.352108409803,506.2546384763062,509.3658752441406,1510906
2024-12-03,509.365836684063,514.3729282724299,506.5462655956187,508.0532531738281,3691025
2024-12-04,509.46304681949977,512.6228844190482,505.57401592774784,508.29632568359375,2515588
2024-12-05,510.4352801620293,512.6714609495974,502.31695230002146,508.6366271972656,2760858
2024-12-06,510.43530634510455,511.2617016757595,505.8170821448393,509.2685852050781,1663402
2024-12-09,504.60174341258954,506.3031943778536,489.2400837088715,492.788818359375,6086175
2024-12-10,493.8583050523924,497.50427138655925,490.35817143740223,492.88604736328125,3425754
2024-12-11,492.93463859437725,497.0667336910757,491.0873549559255,494.2471923828125,3602452
2024-12-12,495.85142959781666,497.7959450080042,491.7193343511682,492.5943603515625,3491848
2024-12-13,492.59435162257074,500.0321170005474,485.6427150885266,498.57373046875,2205228
2024-12-16,499.7890587605267,501.68497314369404,494.92777026107234,495.8028259277344,1041908
2024-12-17,494.87919265727976,496.1431158585542,490.1151356366162,491.3790588378906,2821249
2024-12-18,493.8583338924775,494.83059163836606,488.5109162900904,491.3790588378906,2300294
2024-12-19,489.0456121361553,491.3790246296528,485.6427102624445,489.9692687988281,1583630
2024-12-20,490.0179093949449,494.1986058805289,486.12887836800087,488.6081237792969,3228278
2024-12-23,488.7539549551034,496.82368195208994,487.0038733022128,495.36529541015625,1777848
2024-12-24,497.79594234413054,501.63637212707965,493.6638471195943,495.8028259277344,3207041
2024-12-26,496.2889419852393,497.3098006754308,490.0664691295691,491.573486328125,2088931
2024-12-27,492.44854377625234,495.5597804029429,490.06650045229065,493.08050537109375,1299653
2024-12-30,492.93466635000465,495.65697611038166,489.1428671584256,491.23321533203125,4298784
2024-12-31,491.28178146489597,494.8791466586924,488.36500849834175,492.93463134765625,812765
2025-01-01,492.8374542233339,498.28210363134986,492.4485570522511,496.7751159667969,1065540
2025-01-02,496.7751070058278,501.1988678801331,493.6638703513823,499.1084899902344,1720007
2025-01-03,500.71275896335356,514.3243679448816,499.7891021997973,510.338134765625,3814344
2025-01-06,507.810178155452,508.0046415612717,487.1983329894115,490.84429931640625,5026479
2025-01-07,493.90691242177866,498.52513650446264,489.1428556180421,494.73333740234375,2248836
2025-01-08,495.65694584242476,500.56683518322427,491.28178634909676,499.49737548828125,1666424
2025-01-09,499.74047218007985,516.1716515196489,497.35842887815625,506.692138671875,4084746
2025-01-10,504.60174733308554,508.4421771243283,499.78905983985226,503.53228759765625,2316135
2025-01-13,501.63634859446694,505.13645241311804,495.3652748559773,496.5805969238281,2857732
2025-01-14,497.9904085313947,506.4004020772402,495.99726243292594,498.2820739746094,2539143
2025-01-15,498.7681778797701,502.1224786637154,496.04586830942975,501.1988220214844,1959656
2025-01-16,503.6294826195858,509.1713633121582,500.56684716419323,507.9074401855469,2718298
2025-01-17,507.0324461238991,517.095290685089,501.68502818778893,511.4562072753906,2943339
2025-01-20,513.9841035533386,514.3243700425023,506.4977067145846,507.129638671875,1536752
2025-01-21,507.56713146675617,514.22713246189,505.08788614616117,506.7893371582031,2258554
2025-01-22,506.78934344640726,510.04638311596847,503.3378403618195,506.0601501464844,1532395
2025-01-23,503.7266511292051,512.0881022986107,500.85853861265315,510.04632568359375,698448
2025-01-24,510.09502627516275,512.3798081344479,504.2128197139507,507.1782531738281,1031251
2025-01-27,502.7544598802763,518.1647808563914,502.7544598802763,509.31719970703125,3023866
2025-01-28,510.4353072623881,513.6437458967998,508.19912635609523,510.77557373046875,2683319
2025-01-29,510.43531728033645,512.865961648338,501.1988686819304,503.7267150878906,2201858
2025-01-30,506.7893012589802,525.0191322395191,504.6017215413155,518.8939208984375,3384404
2025-01-31,523.074681415707,527.7415068536371,508.49081483348465,515.1507568359375,4302619
2025-02-01,518.6508835865375,536.394586668094,508.19911327822325,524.1441040039062,4921220
2025-02-03,525.4080800121916,531.241626158847,515.5882417268482,519.7203369140625,3792769
2025-02-04,521.6648186991287,527.6928278641598,519.8175648101312,526.0399780273438,3275638
2025-02-05,526.9637114703376,527.935969240578,515.9286095148701,516.7550048828125,2811816
2025-02-06,516.7549742723252,521.8107262464741,510.095032677448,511.6020202636719,1225984
2025-02-07,514.9562942569512,515.1506983157728,505.7198464707871,512.4769897460938,2097013
2025-02-10,512.4770220621456,520.5954096544257,509.12278039128057,513.4492797851562,1678247
2025-02-11,515.1993855497864,517.4355664199794,501.39331416499743,503.33782958984375,1177152
2025-02-12,503.92118804157843,512.7201089518684,501.3447405678839,511.1645202636719,2113562
2025-02-13,510.97001174671436,514.129849206041,502.94888588842394,505.4281311035156,1484585
2025-02-14,506.10876910205803,510.2894656347392,502.9489313570692,505.4768371582031,1191521
2025-02-17,503.7267212701802,507.8102157269207,500.46968151384544,506.1087646484375,974964
2025-02-18,505.57397688069193,505.9629036765899,499.740430993607,500.8585510253906,1603493
2025-02-19,500.7127207934171,500.7127207934171,489.7262205356505,490.4554138183594,2715980
2025-02-20,490.9901571169401,496.7751025196688,486.27470115895346,496.1917419433594,2052520
2025-02-21,496.77505927967115,497.4070208194364,489.5317279021143,494.5388488769531,2057493
2025-02-24,489.62899868275036,492.93466903002377,488.65674095290814,491.6707458496094,736767
2025-02-25,491.13600313776345,498.18490159179333,490.16374537458034,496.7751159667969,1483864
2025-02-27,495.99726860503534,500.7127244686879,487.58724528358636,489.2886962890625,1181893
2025-02-28,486.42055048404984,490.4554439664896,477.2327323597165,479.61474609375,5530947
2025-03-03,479.32301858844767,482.77452135696274,471.5449574348826,478.1076965332031,2166131
2025-03-04,472.51724776247545,475.67708532467304,466.6837014938029,470.28106689453125,2477085
2025-03-05,469.6004515750437,477.37851288477526,469.21155444374693,474.1700744628906,1767699
2025-03-06,476.3090275463676,483.94125620524085,475.1423361426163,481.2675476074219,1219415
2025-03-07,481.267554840237,485.25381728926527,478.15631837491003,482.04534912109375,1913893
2025-03-10,481.26754930829605,487.489992496476,478.35077628218517,479.663330078125,2526521
2025-03-11,476.40626205629906,486.6149676717912,475.96873423296955,483.7467956542969,1830398
2025-03-12,482.434264474933,487.0038576906037,478.107706004177,486.0802307128906,1450825
2025-03-13,486.6149624157713,490.0178642508466,485.0593442141184,487.052490234375,1288721
2025-03-17,484.57320960632944,488.55947192839267,476.5034829334042,481.02447509765625,1646821
2025-03-18,481.02447509765625,481.02447509765625,481.02447509765625,481.02447509765625,0
2025-03-19,487.6844878030721,488.31644939921426,479.1772325870579,481.7051086425781,2652053
2025-03-20,483.2121007151021,485.8858095218758,479.3230697234313,485.1566162109375,3651974
2025-03-21,486.1288631864664,493.8096932906223,484.087116026893,492.7402038574219,2013377
2025-03-24,493.372184299311,494.9277728906411,488.2678313477643,493.1291198730469,2299229
2025-03-25,493.12910652734524,497.79593151693666,491.0387287812859,495.1222229003906,2782397
2025-03-26,494.87917012339636,496.77508450993093,491.0387403336264,494.73333740234375,2517374
2025-03-27,493.5180216423087,500.66412177558215,489.872055214205,498.6223449707031,1649107
2025-03-28,498.768191790416,505.03926571931873,489.82340923105784,492.4485168457031,1759182
2025-04-01,491.8165694984715,498.3306783656266,482.7745549752372,483.6982116699219,1974802
2025-04-02,482.385662290889,483.79544785457597,471.0102647589168,481.99676513671875,2835760
2025-04-03,460.80152928185817,470.32964247023995,445.4884711549201,452.48870849609375,12356973
2025-04-04,453.947123767797,454.2874199041626,445.7801648497775,448.94000244140625,3850303
2025-04-07,422.93208588054944,441.55081430179064,421.2792359753951,438.8771057128906,4571485
2025-04-08,442.28003377456434,451.17618603631854,440.4327500287224,446.26629638671875,1640063
2025-04-09,447.0440791676052,455.45413202020126,445.342628190413,452.3428955078125,2429984
2025-04-11,450.1553219072025,452.29430074792805,443.2522861986254,448.5024719238281,2170343
2025-04-15,454.676338391698,461.2877090038835,449.76644854117427,460.60711669921875,2374405
2025-04-16,461.6279707501358,468.3365730043106,460.65571299398897,467.99627685546875,1382224
2025-04-17,467.1212329064466,467.21843494157434,462.98913760118745,466.00311279296875,844403
2025-04-21,467.947629110898,468.4823886598608,461.62795392626197,462.3571472167969,2586539
2025-04-22,462.79465040204894,472.27416267393966,462.308521567593,470.96160888671875,1525955
2025-04-23,472.5172370331994,473.8297908480372,468.67680729181296,472.7117004394531,1107728
2025-04-24,472.71169531526607,480.7814221811708,471.0102443773145,478.0591125488281,3251494
2025-04-25,475.43402544924163,479.37165734991936,466.68370596244574,471.1560974121094,1369564
2025-04-28,469.60045662447243,474.3159122783905,466.8781470051741,468.8226623535156,1312796
2025-04-29,468.8712670546508,473.440890027555,467.94761038854784,470.232421875,1470658
2025-04-30,470.1838557377767,476.8438272864306,468.9685335453563,474.2187194824219,2195362
2025-05-02,471.8366563708477,474.21869963668547,463.378032068161,466.100341796875,1697677
2025-05-05,467.6559663558668,471.9338944174475,465.9545153348215,468.4823913574219,3248925
2025-05-06,468.62821418005666,472.7603094295696,466.1003382108704,467.2670593261719,702529
2025-05-07,460.1695779256197,472.27419869519474,460.1695779256197,468.7254638671875,1520898
2025-05-08,456.91252673813017,465.3225500700818,448.3080399940724,455.69720458984375,7843512
2025-05-09,453.41236494990346,454.3359919228566,445.87736809695656,449.9122314453125,2037837
2025-05-12,455.0652284582759,463.32941934125114,454.04436968817146,461.87103271484375,2902701
2025-05-13,461.77383788694334,465.90593339295214,458.61400014705424,460.60711669921875,2449180
2025-05-14,460.6071023633536,461.3848966836605,454.04436264630317,455.9402770996094,3541267
2025-05-15,456.3777582296101,459.3917630323723,454.14157738904953,455.9888610839844,2739793
2025-05-16,458.1278489771796,464.1558290313038,454.33602013701415,463.4266357421875,2431240
2025-05-19,464.3503110847142,471.05888367970846,461.919666690082,470.03802490234375,1640651
2025-05-20,471.3991901752248,472.90617786459063,461.82244511599725,462.45440673828125,1843098
2025-05-21,464.54470217668705,471.44773755775844,464.05857334239965,468.3851318359375,1927887
2025-05-22,468.6282086958435,469.69769809386224,461.8224048351155,463.8155212402344,1958254
2025-05-23,464.690589478515,471.01026466308633,464.690589478515,468.5796203613281,1495455
2025-05-26,468.6282223113174,472.07972535830044,466.44064243538287,466.9753723144531,2584471
2025-05-27,467.9476130653573,472.1283389236411,467.0725870809095,470.6699523925781,1713846
2025-05-28,470.5727036735054,473.2950132313362,469.1629182094098,471.2532958984375,1568432
2025-05-29,471.2533399333542,471.399172660624,466.635115653782,468.7254638671875,1599536
2025-05-30,468.6282231762217,472.6630867984243,465.4197845539765,469.5518798828125,6304976
2025-06-02,471.0102233886719,476.6007047928244,468.1906525089493,471.0102233886719,1851827
2025-06-03,471.0102799354439,473.2950619164192,469.16296646944835,472.1769714355469,1460542
2025-06-04,473.4895002717947,479.71194362249065,470.9616243156197,478.2049560546875,2318406
2025-06-05,480.5869840529924,480.6356147420614,473.48951449263325,475.1423645019531,1792668
2025-06-06,473.87839624468575,474.1214606692748,467.21842507675484,467.8990173339844,3468649
2025-06-09,470.2324425025098,472.51725408918884,467.99626160462446,472.12835693359375,1389266
2025-06-10,472.66307972062157,477.7674326974554,471.05886043352103,475.96875,1496169
2025-06-11,476.4062895191659,480.00365500228304,471.88529699159267,473.0033874511719,2168242
2025-06-12,473.58672499683865,474.26728757477343,458.37089813831574,459.82928466796875,3727720
2025-06-13,455.01658350708396,457.0096998356905,451.37061729308493,453.5581970214844,3850751
2025-06-16,454.62769027439623,460.80153238386475,452.3914798414108,458.61395263671875,1942798
2025-06-17,458.61398767826176,461.1904647542393,456.13471263949157,458.9542541503906,1521179
2025-06-18,458.905630590373,460.9959786938298,455.0652008388744,457.15557861328125,2812394
2025-06-19,455.9888510122144,457.6417009333038,451.1275626218923,452.1970520019531,1349010
2025-06-20,452.1970610499565,455.5999629912706,451.03033994455444,453.9471130371094,2804520
2025-06-23,452.73177393582813,455.3568814890549,450.25252876851886,454.53045654296875,1567027
2025-06-24,455.0166114928645,462.3085443693527,455.0166114928645,461.9196472167969,2587207
2025-06-25,462.79466261061947,468.14207993070016,462.1627010433454,466.9267578125,2954897
2025-06-26,468.6282016524044,469.89212476773434,465.5169652087389,468.190673828125,1414934
2025-06-27,469.3088092323543,474.7534286802597,468.2393198154619,472.8575439453125,2780971
2025-06-30,473.8784035695088,474.2186997033836,466.10034186243126,471.7880554199219,3254231
2025-07-01,473.48951182818706,475.6284906904525,467.36430003226036,469.0171203613281,1617894
2025-07-02,471.3505222753168,474.8506559382967,466.1003366163221,474.02423095703125,2358163
2025-07-03,475.92013647366406,479.27443735294116,473.9756211050281,477.9618835449219,2976302
2025-07-04,479.3230599656534,483.60098803521345,477.96190508046857,481.36480712890625,2857925
2025-07-07,487.976144276454,503.3378340721072,482.28843067393893,498.525146484375,10017201
2025-07-08,498.28208657928326,500.1294000028748,496.3375711194617,498.86541748046875,1995221
2025-07-09,496.82370075135833,508.92832137581405,496.82370075135833,507.6643981933594,3433335
2025-07-10,509.1713633121582,509.8519555624565,503.48362022955763,507.9074401855469,2272923
2025-07-11,507.0323999137218,521.0329347890397,504.2128287948905,516.1229858398438,4512466
2025-07-14,518.6994896976208,521.6162628355643,509.9977713010424,511.6020202636719,1428794
2025-07-15,511.8936929141774,514.2271351941368,508.63665326772366,512.3798217773438,1243559
2025-07-16,512.3798101095118,515.6368496817968,510.53249673478547,513.303466796875,2301562
2025-07-17,515.2966381254877,516.9494882671019,511.9423368202516,514.03271484375,1537940
2025-07-18,513.0506716074376,513.9835922495363,509.0243982934011,513.1979370117188,1616139
2025-07-21,510.7428934796111,512.7560600233538,504.1634806583734,505.2927551269531,1172175
2025-07-22,506.1765800387424,507.2076775604044,501.8066277509519,505.78375244140625,1471884
2025-07-23,508.4352061036822,509.17171292082907,501.65934937963937,504.6053466796875,1898497
2025-07-24,507.6005107556671,507.6005107556671,501.80663328498235,503.3287353515625,3715595
2025-07-25,502.7886600297674,504.7526782330087,499.20433280256,502.1503601074219,2132786
2025-07-28,497.8785684519801,514.5236331716651,497.8785684519801,512.6087036132812,2759206
2025-07-29,515.2110433261417,516.1439039219593,505.39095337376756,508.9752502441406,2646055
2025-07-30,509.71176504414404,513.836214876723,508.2878399911369,512.6087036132812,1616247
2025-07-31,508.97527925065936,522.1833129767434,507.8460048040224,519.4827880859375,3024718
2025-08-01,523.4108838704298,537.84643055371,522.3306977659805,524.736572265625,8042006
2025-08-04,524.7365497030623,529.1555907464805,518.6972295726388,520.1211547851562,2602888
2025-08-05,520.1211499611859,520.1211499611859,511.6267471705663,515.2601928710938,2027038
2025-08-06,514.7200709273712,514.7200709273712,502.7886369163424,504.7526550292969,931299
2025-08-07,504.507167751087,510.3501337981016,502.8868287849385,507.8951110839844,957305
2025-08-08,508.68068163003636,510.4482859108338,496.89657317528645,498.12408447265625,510393
2025-08-11,498.56602090317955,502.34673187876353,490.31712067289766,500.87371826171875,1123741
2025-08-12,500.8246263568838,501.75754696202284,492.2320469831138,493.85235595703125,839972
2025-08-13,494.3433824502701,495.8655145594993,489.6788391544638,494.44158935546875,864573
2025-08-14,494.9325702862359,496.4055838882783,490.4153225795983,491.8883361816406,1202134
2025-08-18,504.65449545573875,520.2684040285111,502.78865420942714,509.7608947753906,4810046
2025-08-19,510.4974049140364,513.3452552691269,504.7526756735175,512.6578369140625,645927
2025-08-20,512.6087594005548,526.7497146691952,511.72492721985986,525.3748779296875,12345218
2025-08-21,526.3077722605717,526.7987767948315,505.4891680205377,506.4220886230469,6041694
2025-08-22,506.7166910062017,510.4974020320949,505.29276583669497,506.6676025390625,1596318
2025-08-25,506.61852082927305,511.0866502659466,504.2125865365783,509.2698974609375,1204983
2025-08-26,509.2699043182097,517.3223910684543,507.7968906420825,513.0015869140625,3045617
2025-08-28,517.0768741041226,517.0768741041226,503.0341561112723,504.6053466796875,2068611
2025-08-29,506.17659913580763,519.0408942833818,500.5300468492556,511.72491455078125,3745766
2025-09-01,512.1668099664043,515.1128371274847,510.6937963858642,514.2290649414062,4327053
2025-09-02,515.5547699212102,537.8954766177959,514.2290816305297,534.8021240234375,8973936
2025-09-03,536.0787695457109,539.3684759201428,531.5124034442919,533.721923828125,2220814
2025-09-04,554.8351079025783,566.6192163890048,541.4306605244382,542.7564086914062,8712233
2025-09-05,543.8366204261033,545.8497270671595,532.5926043918571,536.8643798828125,1489345
2025-09-08,538.0918678785199,541.7253133302969,532.9363203953038,536.3733520507812,782235
2025-09-09,536.4224531938573,537.5517875964646,529.5483897204349,534.4584350585938,1937685
2025-09-10,537.0607819144176,539.0738885113434,533.918340917299,537.6499633789062,874891
2025-09-11,537.4044486509334,538.5337830249387,533.2309102191994,534.3110961914062,891836
2025-09-12,534.3110647492357,534.3110647492357,524.0982072677547,529.155517578125,2746427
2025-09-15,526.8478375230447,532.8380685508072,526.8478375230447,531.168701171875,837561
2025-09-16,530.8740642035935,532.5434915626388,524.8838330213974,526.062255859375,1405923
2025-09-17,527.8790027775821,529.7939325936502,522.6252778379086,525.522216796875,822210
2025-09-18,526.356898503529,529.3029259205264,522.8216895779647,526.6514892578125,2012300
2025-09-19,527.2897860769806,533.0345152047178,523.1162474981918,525.8167724609375,2411369
2025-09-22,526.3568757996213,527.0933826221021,508.6807120600818,512.6578369140625,2892697
2025-09-23,512.6087128574409,512.6087128574409,503.426952416146,505.7346496582031,3466804
2025-09-24,505.73470039670497,511.5776666896752,502.1994615458549,508.48431396484375,1781081
2025-09-25,508.48429721527083,512.4614220611322,496.0618881618292,497.1911926269531,2356326
2025-09-26,498.8606080383942,498.8606080383942,484.1304719742684,490.759033203125,3168298
2025-09-29,488.7950233499563,492.67397123336855,481.72454593186325,483.9831848144531,17685374
2025-09-30,486.09450523320885,491.1518461121293,480.69345517506207,482.4610595703125,2645097
2025-10-01,482.46105113887904,487.0765058225975,474.94868763754073,486.1435852050781,2443402
2025-10-03,486.1435694489414,488.84409434329547,481.9209425106393,487.2237854003906,3035129
2025-10-06,486.5854956420206,488.7950160561368,482.9520500847253,484.47418212890625,2681852
2025-10-07,484.4741673570215,493.7541348322348,481.08622417126156,483.3939514160156,4534081
2025-10-08,476.2743769605788,484.32686295021375,470.5296181726046,471.5116271972656,3627391
2025-10-09,471.80627880108307,477.747421802163,470.52964900424985,476.6672058105469,3052079
2025-10-10,476.6672050038374,482.01916651728646,476.6672050038374,480.8898620605469,1613675
2025-10-13,479.80965880847043,480.79166792188585,473.8684856911834,478.9749450683594,1990140
2025-10-14,478.9749204341906,480.93893856000994,475.83247944546434,478.5821228027344,1611549
2025-10-15,477.30547046787063,485.50525174910325,477.30547046787063,484.2777404785156,2084672
2025-10-16,485.0142900000456,492.96856972841516,485.0142900000456,491.7410583496094,1236003
2025-10-17,491.59374491656536,502.4449331191172,490.6117358496,499.2043151855469,3436032
2025-10-20,501.90483353536433,501.90483353536433,494.4415587306284,495.47265625,824259
2025-10-21,497.0438959203602,498.7133233641701,494.392489353093,497.2893981933594,128942
2025-10-23,497.8785984590234,505.7346710185346,496.20917105271184,502.1994323730469,3693389
2025-10-24,503.1814685435182,503.1814685435182,489.43331167419603,499.3025207519531,3786598
2025-10-27,499.35162904467006,501.02105650775144,495.6200064394217,497.9277038574219,3258720
2025-10-28,498.9588078265325,499.05701472593444,491.9865375285284,494.3433532714844,2826407
2025-10-29,494.3433622820181,499.744412193652,492.77214176856234,498.9096984863281,1880484
2025-10-30,502.29764417433995,502.29764417433995,490.611742121763,492.5266418457031,1744704
2025-10-31,493.8523484260803,493.9014668600188,477.9438196949332,478.77850341796875,4980727
2025-11-03,479.3186279804075,495.3744820984391,476.8636053314283,494.2451477050781,4523334
2025-11-04,493.26313858946463,510.59562246411986,492.91945939347715,507.7477722167969,5322219
2025-11-06,507.74781349096736,515.0637935662164,501.85575865512885,514.2781982421875,3911239
2025-11-07,515.3147015579292,515.3147015579292,505.93636886674085,512.0076293945312,1754801
2025-11-10,513.340318026963,514.3275109462456,506.2325169574333,508.8486022949219,1005698
2025-11-11,509.0953848123817,514.969194551523,506.0844585521916,513.2909545898438,1478112
2025-11-12,513.2909606291294,518.177577536951,509.44088421606426,515.61083984375,2517903
2025-11-13,515.3146953647996,521.8301444231952,510.37873084981106,515.5121459960938,1859578
2025-11-14,515.3147272600446,520.2506920805431,510.9217065191056,518.2763061523438,1789377
2025-11-17,522.2250550451538,523.1135527751647,516.6473909418642,517.535888671875,1856462
2025-11-18,517.4865760190813,517.5359236177532,505.9364060164015,514.179443359375,1958068
2025-11-19,514.1794165321161,516.8448495095856,509.983846554786,510.92169189453125,2419687
2025-11-20,512.4024651304331,520.2506607734406,510.0825859057928,518.3256225585938,2956054
2025-11-21,518.3256282798526,518.3256282798526,507.71330443725975,509.0460510253906,2659623
2025-11-24,510.3293927434081,511.21783022054007,504.8504539538644,505.8376770019531,5926288
2025-11-25,504.85046380532265,508.84861329085726,502.48120677319343,507.81207275390625,2050235
2025-11-26,507.5652759658124,513.3896781799629,507.26906988000303,510.5762023925781,914828
2025-11-27,510.6255300823419,513.8339070234102,508.15754781998163,512.501220703125,1262843
2025-11-28,513.7845775385599,513.7845775385599,506.8742269603775,510.7736511230469,999605
2025-12-01,510.8229900456997,512.6986204472735,507.5652654505669,508.6511535644531,1619957
2025-12-02,506.5286791776375,511.217845696007,500.50682627649024,501.4446716308594,2434279
2025-12-03,498.68050278651276,502.530549189882,494.38620751375043,499.5196228027344,1388012
2025-12-04,498.6805116725351,503.715201732841,496.1138039823068,501.5927429199219,1371715
2025-12-05,496.8048307123973,504.258125113523,495.91636312097137,503.5671081542969,1205977
2025-12-08,501.5927195022894,504.3568475770336,494.3368456476653,497.9894714355469,1140189
2025-12-09,493.9419831201964,499.47026949276307,491.6220737348552,497.1503601074219,1423785
2025-12-10,498.532434803023,499.4702801469119,491.7208095409629,496.1138000488281,1311806
2025-12-11,493.6952038084486,496.9035809186167,490.28937605619024,495.3240661621094,1116224
2025-12-12,496.064438790986,497.24908233730105,487.6732990303425,488.6604919433594,1506050
2025-12-15,487.1797105372186,493.4977392584531,486.7848393909047,490.83233642578125,993514
2025-12-16,490.63488578925563,498.03883275790633,488.2656287846348,490.83233642578125,1484940
2025-12-17,490.63488649270295,492.21440120696053,485.99506766833457,487.8213806152344,551891
2025-12-18,487.7226411595713,487.7226411595713,483.2802731007793,486.2418518066406,683973
2025-12-19,486.68611706319024,488.6605029336292,485.1066023414916,487.62396240234375,1241449
2025-12-22,489.0553766707596,491.12848787104014,486.73546723536793,487.3771667480469,998215
2025-12-23,487.82139094952896,489.15410745937737,485.1559880565701,486.8341979980469,993407
2025-12-24,486.83419425171513,488.70985481974975,482.78669715643764,484.2674865722656,850597
2025-12-26,484.4155836476694,486.6367677440484,481.55270004427985,481.9476013183594,518698
2025-12-29,482.0956625967432,484.95851600429654,479.7264056431382,483.0334777832031,982019
2025-12-30,483.13219892003355,490.9803945206173,480.7629419869237,489.3021545410156,2216264
2025-12-31,488.6604949774163,503.3696634473487,488.56176966015425,497.1503601074219,2391679
2026-01-01,498.5324314039697,499.4208990187481,491.4740079549838,493.547119140625,698247
2026-01-02,495.027888861048,519.6089557752279,492.6092542194962,515.906982421875,5340608
2026-01-05,517.2890915118626,527.1610207391882,513.2416246300487,514.5249633789062,3290459
2026-01-06,510.7736202223512,515.9563828424422,494.83043110868283,513.685791015625,2899294
2026-01-07,517.0916441427034,520.2506735660957,512.1063319021104,514.2288208007812,2870097
2026-01-08,513.3403073248413,519.8557563548829,508.4043428313333,512.79736328125,3203359
2026-01-09,512.0569689482394,518.8192162074598,509.4902312578221,515.7095947265625,1522552
2026-01-12,515.6108834119229,519.214161904351,512.8467551078505,517.2891235351562,1894623
2026-01-13,518.2763060009702,522.3731809021781,510.1319640495263,515.3640747070312,1288670
2026-01-14,511.4646448831271,516.9929615723935,504.5543243383894,507.1703796386719,798936
2026-01-15,507.1703796386719,507.1703796386719,507.1703796386719,507.1703796386719,0
2026-01-16,507.17037122673014,513.6364729113832,505.442783587515,507.9601135253906,660633
2026-01-19,504.25812827148036,511.16847866743814,503.66583662464495,506.18316650390625,581267
2026-01-20,506.18318458506457,509.88515814370714,497.39717336456704,498.63116455078125,807821
2026-01-21,494.682370377317,511.7608256979989,494.682370377317,509.5889892578125,4341920
2026-01-22,514.3275001295407,522.7679873612022,512.5012173686656,518.6217651367188,4249013
2026-01-23,518.6218006475066,526.1738509396827,511.267261252726,512.3531494140625,2352107
2026-01-27,513.8339051168477,514.3275015674883,505.5414606446967,506.8248596191406,1475952
2026-01-28,507.36780968036504,511.36592892726765,495.76829295276775,509.1447448730469,2775407
2026-01-29,509.1940860907733,510.576180253035,492.95478095156284,503.9126281738281,1887628
2026-01-30,505.5908772496127,513.2416223670563,494.92917565506843,500.1119384765625,2737132
2026-02-02,494.5836693528659,496.55805525846614,487.52524576569255,492.6092834472656,2469560
2026-02-03,502.4811972085531,503.46839013037743,489.25281808145536,494.0900573730469,1860653
2026-02-04,493.5964538721216,499.71706195083055,490.4374245166453,494.7810974121094,1059709
2026-02-05,495.1265891418571,501.39527011002707,492.9547828282597,497.84136962890625,1537272
2026-02-06,495.5708576394272,502.481208243961,492.16502993364037,501.7901611328125,950728
2026-02-09,503.9619961841164,509.39155735750063,501.04976495860615,507.81207275390625,1265939
2026-02-10,509.39156347826395,513.9820348086736,503.4684057634004,513.044189453125,1143420
2026-02-11,513.0441920996823,516.3019168089671,510.3787590635488,515.6602172851562,1282937
2026-02-12,513.9820054667229,516.1537816354106,509.4902295865947,512.8960571289062,911264
2026-02-13,510.6255378912839,512.3037779060487,503.56711453833714,505.88702392578125,1746636
2026-02-16,506.33128457558087,509.3422110010922,501.5433626498558,507.6639709472656,667469
2026-02-17,504.5543231880253,512.4024890709793,504.5543231880253,510.1813049316406,963143
2026-02-18,518.2763025390493,518.5724483755192,497.0516539588787,504.06072998046875,4359136
2026-02-19,504.06073082954754,507.7133267013611,493.6458270373191,495.225341796875,923005
2026-02-20,494.7317237051915,504.60365286273986,493.9913290183753,503.1722412109375,1277646
2026-02-23,502.48120666515564,509.34220965165196,500.80296661577535,507.7626647949219,1044529
2026-02-24,507.8614127713351,513.0935232278215,506.18317274663866,511.415283203125,1517098
2026-02-25,514.5743068717828,517.0422891589376,509.8851405261886,512.0076293945312,3015805
2026-02-26,512.0076305340957,518.2762814560315,510.7736393877719,517.7333374023438,714000
2026-02-27,516.3512433106285,518.7698780085565,505.44277362584376,511.8595275878906,2414657
2026-03-02,494.38622141947616,507.17038227895483,494.38622141947616,501.0991516113281,2107282
2026-03-04,492.6092811382142,498.4830912305374,479.7757728119682,481.1578369140625,1732747
2026-03-05,487.6733111672758,487.6733111672758,475.82699591624885,481.65142822265625,972511
2026-03-06,479.775772320761,479.92384523748774,471.3846322698835,472.4705505371094,1190560
2026-03-09,466.4980160770034,466.99161255158566,458.25497905286994,460.72296142578125,858312
2026-03-10,466.4979916307065,477.2584183141023,465.16530532056265,474.7410583496094,1029742
2026-03-11,478.78855693994035,478.78855693994035,463.980663426334,465.8069763183594,861166
2026-03-12,465.2640087914788,465.2640087914788,450.65356570008953,453.4670715332031,1756738
2026-03-13,448.97532482029993,456.52737470678863,446.2605443093166,447.6919860839844,1711951
2026-03-16,449.172781433288,455.540187858147,443.4470745118662,452.9734802246094,2534686
2026-03-17,454.40489534571805,454.7997966206005,446.1124807277245,446.80352783203125,1315801
2026-03-18,446.4086644272875,449.96253494897474,444.23682788471143,446.0631408691406,2602680
2026-03-19,442.95346788611363,442.95346788611363,423.3083050035235,424.6903991699219,3248941
2026-03-20,428.1455998835704,429.23148804092114,423.5057809091616,425.18402099609375,1933160
2026-03-23,423.45641835090936,423.45641835090936,410.7216054832932,412.0049743652344,3382496
2026-03-24,416.6941293564851,420.7416262741747,411.6594395382243,416.0030822753906,2473037
2026-03-25,419.5570058446473,433.5257801315391,415.70695934577344,425.48016357421875,2329148
2026-03-27,424.4929663747351,424.4929663747351,413.14024750657353,414.2261657714844,1692776
2026-03-30,412.15305763892616,412.15305763892616,402.77472459085476,405.193359375,2504445
2026-04-01,414.62102383437855,415.5588691532701,406.92093115672054,409.6357116699219,979365
2026-04-02,407.16773598718385,414.62103055721985,398.1842742997633,411.90625,1150474
2026-04-06,418.0762122087718,418.4217357648704,403.12024511732386,408.4017333984375,2859076
2026-04-07,408.20427693267436,410.8697098968354,403.26831227810754,408.9446716308594,2064376
2026-04-08,419.55698369329195,425.1346175688084,417.48387257204837,421.7781677246094,1650777
2026-04-09,421.630103095269,427.8494064544091,417.53325849350296,423.900634765625,1797506
2026-04-10,419.55698837110106,432.19304561723004,419.31019014264746,430.1199645996094,2166631
2026-04-13,424.5423218366844,426.86223132589754,417.23709993326423,419.3102111816406,1187970
2026-04-15,424.6903981647986,431.79816897769564,422.765359956683,427.7013244628906,4079260
2026-04-16,429.92250587046726,435.7469379269472,420.93904449857297,422.0743103027344,3639152
2026-04-17,421.53139141341416,438.41239695438094,418.76726319254607,437.17840576171875,4983325
2026-04-20,438.2643053901799,441.57137754442124,430.95905373903895,436.0431213378906,1662485
2026-04-21,435.99375912879054,449.61703987692,433.427051440586,446.2112121582031,3053842
2026-04-22,446.21119092858356,459.0446986322818,444.97719980322796,454.1087341308594,2380888
2026-04-23,453.02281591519915,455.39207285053465,446.9022380094773,454.1087341308594,1370343
2026-04-24,454.1087341767442,456.57671642770475,442.3611446875192,445.3227233886719,1509926
2026-04-27,446.655461035162,451.5420480480199,445.2240192109505,446.2112121582031,677273
2026-04-28,446.3592735387898,447.2971188651364,443.24962186066045,444.3848876953125,533943
2026-04-29,443.2989702750765,452.381157222547,443.2989702750765,450.15997314453125,1078626
2026-04-30,450.1599698957744,450.1599698957744,434.7104067788655,435.8456726074219,1448773
2026-05-01,435.8456726074219,435.8456726074219,435.8456726074219,435.8456726074219,0
2026-05-04,439.300866003486,445.12529842627447,437.3264800888636,439.9425354003906,1046716
2026-05-05,441.0777997643489,456.2805953562311,440.1399845341602,454.6517028808594,2742900
2026-05-06,459.04472584251425,462.0063047189176,452.72669693153483,460.2787170410156,2906897
2026-05-07,463.3390129866019,468.4230506085335,455.1946712215431,463.9806823730469,2831472
2026-05-08,478.7885770148641,484.21813819750685,463.0922152576625,481.4540100097656,11860370
2026-05-11,478.7885714267298,478.7885714267298,465.1653210327054,467.3865051269531,2033029
2026-05-12,466.6954599290819,470.1506352008995,463.53643048701076,467.1890563964844,2195129
2026-05-13,474.6423330752345,474.6423330752345,455.68824751895966,457.1690368652344,2495630
2026-05-14,461.0190966823141,463.88195014385894,451.98628743005304,458.79791259765625,1901251
2026-05-15,459.34085691660255,465.46146511515315,454.6023429173447,461.71014404296875,932763
2026-05-18,460.82164105843685,460.82164105843685,448.0868584695859,450.5054931640625,1177536
2026-05-19,450.5054990176945,456.32993127141975,445.71760728836347,447.0009460449219,1222771
2026-05-20,444.0393564377972,447.1983857832077,439.8437865932528,445.1252746582031,854233
2026-05-21,447.1983972415415,448.2843154897713,437.91878972589456,441.1271667480469,2589322
2026-05-22,442.2624196498973,448.82724641622815,439.9918880282822,445.2733459472656,970954
2026-05-25,447.5932648079148,449.91317419995426,440.5348414409865,441.4726867675781,879387
2026-05-26,441.47268257123966,443.34834307985705,439.49829674601364,441.8675537109375,1154362
2026-05-27,435.1052982131477,441.275254228649,434.6610493293363,439.7451171875,1295057
2026-05-28,439.7451171875,439.7451171875,439.7451171875,439.7451171875,0
2026-05-29,439.7451075991412,449.1727881345672,434.4636193396839,437.7213439941406,13072946
2026-06-01,435.3520668327764,436.33925972808885,418.0761911648091,419.162109375,3233902
2026-06-02,416.1511739606495,421.383314645778,414.3248911135853,420.05059814453125,2753289
2026-06-03,419.3595383589609,419.3595383589609,410.6722527552183,412.4985656738281,3353591
2026-06-04,412.15303313397675,423.4564038179264,409.2901797674952,419.2114562988281,2919945
2026-06-05,419.75443561741713,421.48202320265176,415.2133422251673,418.7178649902344,1864100
2026-06-08,415.60822823702256,418.7178799763939,412.7947223293104,414.3742370605469,647231
2026-06-09,416.59541611146255,421.53138075733295,414.96655380367275,420.6922607421875,915087
2026-06-10,421.53139320270327,433.130910462965,421.2352473659025,422.41986083984375,2288936
2026-06-11,422.2717603279601,424.8878154712139,414.62101540091936,416.29925537109375,1689034
2026-06-12,415.6082206369399,423.55511161742646,415.1639717708374,420.9390563964844,2569834
2026-06-15,426.96094144614284,431.8969060871387,422.51857326924653,423.6538391113281,684074
2026-06-16,424.4929554821118,431.84755478476416,424.1474319348604,429.8731689453125,1685284
2026-06-17,429.4289254141854,430.3173930276259,422.2717766572823,423.5057678222656,1137052
2026-06-18,423.99936754510117,426.319276978437,421.23523936500163,423.2096252441406,1585207
2026-06-19,422.2224247149349,422.2224247149349,416.0030912313997,418.0762023925781,1915071
2026-06-22,420.0506012161643,420.7416483334901,416.10182940684666,416.84222412109375,1244814
2026-06-23,416.8422187370375,419.853145152057,413.8806399183019,414.423583984375,1553970
2026-06-24,415.3120682064916,419.6063332524227,412.1036912573441,418.66851806640625,2440919
2026-06-25,420.0505840203508,425.92439389694704,417.38515110748233,418.4710693359375,1810833
2026-06-26,418.4710693359375,418.4710693359375,418.4710693359375,418.4710693359375,0
2026-06-29,419.90251682819815,425.2827001953803,418.8165985849522,420.84033203125,1842565
2026-06-30,421.33394068392397,421.383318407663,416.2005553995638,416.7928771972656,1799370
2026-07-01,417.4838755265142,441.27523067789576,417.23707729906573,439.0540466308594,8597999
2026-07-02,439.05405395303,445.22400974213946,436.9315951869238,441.2752380371094,3035247
2026-07-03,443.15089541932525,444.3355389731023,436.4873432144878,438.6591796875,2061060
2026-07-06,442.0649824856577,444.92786608717137,432.68664964042466,443.9900207519531,3812533
2026-07-07,446.1124713977012,450.15996836669655,441.02843392066154,447.6919860839844,1548269
2026-07-08,446.2112192560995,447.00096157576894,429.5770118049437,430.9590759277344,1952606
2026-07-09,431.89691421588896,443.6938819805953,431.4033177424994,437.47454833984375,1477623
2026-07-10,438.8566088944237,441.27524364518746,435.4014336086112,437.820068359375,1705250
2026-07-13,436.33926522098125,437.0796599017861,432.78536472777074,433.2789611816406,774683
2026-07-14,432.2917839069497,434.80914398876394,426.56607688569386,428.885986328125,1427118
2026-07-15,428.4417391609527,431.99563979685195,424.54231496812446,425.77630615234375,1001738
2026-07-16,428.0468568060843,428.2442773143505,423.25896511125677,423.95001220703125,1622560
2026-07-17,426.5,428.6499938964844,422.3500061035156,427.20001220703125,2117096
2026-07-20,427.20001220703125,430.95001220703125,424.1000061035156,426.5,1048161
2026-07-21,426.5,427.8999938964844,422.3999938964844,426.1000061035156,1008135
