date,open,high,low,close,volume
2021-07-23,320.4751275787878,323.9023990022492,313.76536416015193,322.59906005859375,11705345
2021-07-26,322.5990745684177,329.3088382888445,320.66821070212444,322.406005859375,11540718
2021-07-27,326.3159567269798,332.6395233932893,317.2891632741046,325.35052490234375,27226565
2021-07-28,326.9435117986603,327.764134818127,315.1169708516145,320.5716552734375,12956787
2021-07-29,324.19201941583566,329.88809118155865,320.7164881547317,328.29510498046875,13771413
2021-07-30,327.08829859494205,332.5912719182691,324.6264591655094,325.9780578613281,9615942
2021-08-02,328.2468512512467,342.63178089884605,326.2677276096423,339.6872253417969,20614630
2021-08-03,341.71463780830726,344.56264427754564,338.4321457299875,342.8731384277344,14244303
2021-08-04,343.6937677612821,346.83142154000166,334.4739045965639,338.33563232421875,8722938
2021-08-05,339.1562139314951,341.61808294861197,333.7498188736203,338.91485595703125,9899381
2021-08-06,337.80461509035456,341.0388178399643,329.21227709392167,330.9500427246094,4741644
2021-08-09,333.07400510466124,337.46670845938996,327.42622260383615,330.4190673828125,6125876
2021-08-10,331.62589425405815,333.79811626882275,318.78566035184184,322.6956481933594,6133189
2021-08-11,323.80584685543425,324.57821003748734,311.8344974287179,320.08892822265625,9652285
2021-08-12,321.24748320185637,326.65390804534076,317.6271133686273,322.5025329589844,6584207
2021-08-13,323.3231427544075,326.89525262842795,317.91671813263764,321.1026611328125,5586335
2021-08-16,321.00609485991026,326.3159701132321,316.8064603579364,318.2546081542969,5652582
2021-08-17,318.20635701923084,321.5370793640574,309.6140190858261,314.103271484375,6982467
2021-08-18,315.6962670686416,321.39231003147916,312.7999710404889,315.7928161621094,6497642
2021-08-20,309.90363348803476,314.1032680586722,295.9048712276718,298.3184509277344,7814607
2021-08-23,305.02333321761114,307.404062444573,295.6462278940413,297.9297790527344,6842918
2021-08-24,299.48451108214283,307.45260780466583,297.63821692201344,306.28656005859375,7875017
2021-08-25,305.8978648574749,308.6672765973176,294.43156494901586,298.6099548339844,10506390
2021-08-26,300.2619131679361,302.691216672531,296.6179579110437,298.8529052734375,8282325
2021-08-27,300.2619189352086,305.41203060203696,299.53312786983184,302.98272705078125,7456521
2021-08-30,303.22562941289755,311.82536912135384,303.22562941289755,310.7564697265625,6860250
2021-08-31,310.07625149656053,314.7405015548641,308.61866964651836,311.4852294921875,9726975
2021-09-01,313.5258994766037,325.52666453283535,310.22205269285877,323.4374694824219,14296207
2021-09-02,325.28373786309413,331.4541746690838,321.68835682995837,329.3163757324219,12204919
2021-09-03,331.2112097130357,336.79860716571926,328.83048067571224,333.9806213378906,10190223
2021-09-06,335.00094529412763,338.9364050158802,331.8914250205722,335.729736328125,8448657
2021-09-07,337.8675130782674,337.8675130782674,324.84642373395184,326.54693603515625,7523534
2021-09-08,327.3243328482945,327.9559457759096,320.27935327236753,325.2351379394531,5673475
2021-09-09,322.3200161587676,325.04082435129413,320.3765732627957,323.53466796875,3618505
2021-09-13,324.06905539985036,331.5998955178379,322.8544037679169,330.0451354980469,6333561
2021-09-14,331.3569828375839,335.2438682667638,331.3569828375839,332.6202087402344,6832136
2021-09-15,332.7659912109375,335.6811552875832,331.4541614455304,332.7659912109375,3455110
2021-09-16,334.2721674245704,334.85520620564637,329.9965991209869,332.7174072265625,3236430
2021-09-17,333.15470204603616,338.7421003329311,322.51434040307174,325.28375244140625,9901964
2021-09-20,319.6963254379414,327.9073827403537,311.04801131901695,313.8659973144531,5888573
2021-09-21,315.1778300156799,324.1662526233076,310.51354968059377,321.3482666015625,12090071
2021-09-22,323.4374452451328,363.18084105058864,321.6883290874582,358.6137390136719,42525950
2021-09-23,361.6747040223659,401.1265677294296,359.53690515689726,390.4862365722656,76461998
2021-09-24,392.96408594792126,406.4710060237209,386.45357106117353,398.843017578125,43795780
2021-09-27,402.4383796565035,415.7995478366967,400.1548286184269,408.1229553222656,32580196
2021-09-28,407.1512640402819,407.68569894508846,385.77339337468237,398.454345703125,21272633
2021-09-29,393.7415003099807,408.9975076125818,393.54714417941733,399.2317199707031,17273596
2021-09-30,401.22371082763743,408.9003030134387,396.60803474480105,405.4021301269531,12248397
2021-10-01,407.1512165701959,410.8923494314109,399.52319858659246,405.4021301269531,11265711
2021-10-04,405.40212322668884,419.4434776995743,402.8270381532724,412.39849853515625,13898131
2021-10-05,409.58057224442933,411.76694540587647,401.7582267953076,403.89599609375,6736683
2021-10-06,404.0903501274658,407.58855309843926,394.85899682731616,396.55950927734375,7205982
2021-10-07,402.4383873879438,416.77127716568907,402.4383873879438,410.6494445800781,16871779
2021-10-08,411.9612498378074,413.37022790557387,400.8350292843255,404.0903015136719,7456612
2021-10-11,406.1795183487968,425.51676699955766,404.23607567727146,412.8358154296875,13587772
2021-10-12,414.2448096679554,420.1237417704758,407.6856903967237,416.86846923828125,9631321
2021-10-13,419.58927873118574,423.4761642392267,413.9533066063596,415.410888671875,6351171
2021-10-14,418.3260251720552,432.22162808364993,417.2571257970292,422.6015930175781,12094977
2021-10-18,417.1599614484985,436.98310060549926,416.86845690689995,429.2579040527344,8330640
2021-10-19,430.4725190855433,432.36738740836114,398.6972219548689,402.7298889160156,8662895
2021-10-20,405.11062036411306,408.51164505116657,393.8386468989622,401.2723388671875,9537787
2021-10-21,403.264361308929,405.2078040140322,386.89085058751743,395.5877685546875,10677501
2021-10-22,399.3774894254543,406.6653998164297,395.29624774467476,401.9525451660156,8070605
2021-10-25,403.167199406704,403.167199406704,380.42892477627987,389.8060302734375,7158126
2021-10-26,391.6036770947471,405.35352731988735,390.9720641916394,404.0903015136719,5111958
2021-10-27,404.0417394553972,410.7466407261751,400.34921005940106,402.68133544921875,6585855
2021-10-28,402.77850020970976,403.2643608854754,383.052568635458,385.3360900878906,7192680
2021-10-29,391.50657651764755,398.21144876715994,377.2222886216578,387.32818603515625,15011614
2021-11-01,392.9155230872289,403.2643492515636,391.652267573933,397.28826904296875,12418986
2021-11-02,400.3492045559861,419.68645389367174,399.5232354603302,417.8887634277344,19028658
2021-11-03,419.63785981034937,422.50441992415216,410.3579033709672,417.50006103515625,11101084
2021-11-04,417.50006103515625,417.50006103515625,417.50006103515625,417.50006103515625,0
2021-11-08,422.84453715773566,431.4442769880766,415.60523093345523,429.6951904296875,7938150
2021-11-09,429.84094687075043,429.84094687075043,420.80392048584446,425.0309143066406,5558139
2021-11-10,422.6502381554699,426.3913418515762,417.840205325356,422.21295166015625,4563617
2021-11-11,422.2129290654109,425.66252801642537,402.4869974058909,404.236083984375,8079167
2021-11-12,406.66538567884567,417.06281600367413,406.51963340700985,416.2368469238281,5871736
2021-11-15,418.326055952853,419.2005992678308,408.36591176349935,412.0584411621094,3385226
2021-11-16,413.07874625339457,419.39493494334073,409.82347384381364,411.81549072265625,4307994
2021-11-17,409.53194488657476,414.5848777445058,403.8473694736449,406.13092041015625,3311849
2021-11-18,405.2078154645536,410.1149965717755,393.83866345659266,404.138916015625,6773134
2021-11-22,405.30497841746677,405.6936610240585,383.14971398675704,389.1258239746094,5824237
2021-11-23,388.5427781350626,398.7944262626104,385.4332580300056,396.4137268066406,5107281
2021-11-24,398.3571527255272,401.0293862598001,389.66023536124345,392.08953857421875,3762561
2021-11-25,393.54714746633283,397.0453502636167,387.71681935572053,395.7335205078125,4585718
2021-11-26,388.7371249366806,390.4376373461229,364.39551630906806,366.1932067871094,11874170
2021-11-29,365.5129511356516,372.46075231101224,352.83200037693666,364.2497253417969,9038035
2021-11-30,367.31069224259096,379.70014019521807,361.4803637942959,364.201171875,9984396
2021-12-01,369.25410690838777,374.89007878357785,364.7356086363462,372.2664489746094,7479832
2021-12-02,372.1207246868571,376.05618452352553,366.9220092282895,374.16131591796875,4819894
2021-12-03,374.112670231107,378.72834603265966,372.02347553605676,375.27874755859375,4410427
2021-12-06,375.2788286422383,379.45721893513183,364.3955367494864,365.8531188964844,6437207
2021-12-07,369.4484853354904,381.88650729917725,368.18522973233587,380.1374206542969,5299980
2021-12-08,383.927131706153,387.5224830993515,381.8865108318599,386.45361328125,4391196
2021-12-09,386.7451472189843,389.66031164525805,381.4006791041491,387.32818603515625,3237488
2021-12-10,386.74508720519793,410.06639899646615,384.4615361613866,407.2484130859375,13250517
2021-12-13,409.04614971213215,411.52402750825826,400.6407355800902,402.4870300292969,6510329
2021-12-14,398.648645195172,408.65736226816114,393.93579117358803,405.207763671875,5058088
2021-12-15,404.7219702356343,406.51966078824603,397.0939511802283,399.37750244140625,3224926
2021-12-16,401.32092018992233,402.827076430497,391.60370662600167,393.6929016113281,4319280
2021-12-17,392.9641052106271,395.39340856832706,378.048176663433,379.1656799316406,4920357
2021-12-20,373.38389655614924,374.7443003979818,351.3258119504668,356.3302001953125,8769978
2021-12-21,361.4803456236491,370.565946263117,358.3222512062382,362.3548889160156,5075432
2021-12-22,366.3389483250238,369.73997304422164,361.4803415833126,366.5818786621094,3998066
2021-12-23,370.6145104462138,377.90242044314215,369.49703684426777,372.8494873046875,5739918
2021-12-24,375.8617931628433,375.8617931628433,364.6869980289659,368.86541748046875,4499625
2021-12-27,367.5535849898186,373.52966510698536,358.71091515035687,371.78057861328125,4183245
2021-12-28,374.6957492111558,378.97131711435014,372.16926783281053,374.89007568359375,3818062
2021-12-29,375.1816513924698,377.99963761860676,370.42022229939914,374.79296875,3119708
2021-12-30,371.877770310381,374.35564787641283,366.436124851605,368.47674560546875,2569747
2021-12-31,371.05182044688814,380.7204305300943,370.71171202787247,379.40863037109375,3949389
2022-01-03,380.914771883906,386.5021696857745,379.45718984863595,383.5870056152344,3274712
2022-01-04,385.0931624984816,389.17440406587434,379.6515466147346,383.2955017089844,4091503
2022-01-05,383.2954837377637,392.72116268020716,380.23453787844363,390.6805419921875,4327617
2022-01-06,388.49418282982987,389.51450803735213,379.94304683451753,387.6682434082031,5282381
2022-01-07,388.59132866156585,394.95612075183993,384.8987997095657,389.27154541015625,5075140
2022-01-10,393.6928893010704,400.0576817791692,393.6928893010704,396.4137268066406,6298597
2022-01-11,396.94816064882826,404.2360705750614,396.0250135296729,397.28826904296875,4585662
2022-01-12,409.0946991429351,414.7306712597932,400.3492067622073,405.74224853515625,12818775
2022-01-13,407.92862851464713,407.92862851464713,397.9199100385154,399.1831359863281,4584953
2022-01-14,396.46231201636476,407.1512468991589,393.6443260236355,405.54791259765625,5761279
2022-01-17,405.4507278276971,412.98156818878675,401.51526827502494,411.81549072265625,4584613
2022-01-18,414.82783165421307,417.7429956569195,379.70011135251656,392.4782409667969,9435830
2022-01-19,392.478237020551,400.20343341188135,387.32812586271837,396.7052307128906,6237382
2022-01-20,396.8509937189751,398.74586221478756,391.94381275947603,396.3165588378906,4572029
2022-01-21,391.45796473519914,394.22737660527974,379.36002166543904,383.9271240234375,6994687
2022-01-24,382.85818432223414,383.4412230211535,355.21270204424076,361.4803161621094,7007990
2022-01-25,359.4397179879307,371.87776894142934,352.88059893831667,369.4970397949219,7324240
2022-01-27,362.45210632466313,366.67910062692687,351.76317021321194,363.569580078125,7134303
2022-01-28,365.8530968828031,378.48547473001804,365.5615923327774,367.6507873535156,5280455
2022-01-31,370.80885935449436,381.10911121384333,370.80885935449436,379.8458557128906,4205414
2022-02-01,383.6355698863029,396.4623033263407,374.1612869024014,393.352783203125,11931399
2022-02-02,396.462339604172,397.4340610247705,385.96776012354235,388.25128173828125,5265147
2022-02-03,389.07720698513697,398.16280717370825,387.47387275293755,391.84661865234375,8273002
2022-02-04,393.54713449490083,395.733507464317,385.3846813399969,388.2026672363281,4128681
2022-02-07,388.4941731028348,390.1946854182129,374.5013919814969,376.201904296875,4851736
2022-02-08,377.80526142981324,380.817603644691,365.7559222248852,373.6754455566406,5011220
2022-02-09,376.54203420133007,380.57467199153734,374.30708689241993,375.424560546875,3351979
2022-02-10,377.8052246784645,383.44122593812045,371.19753178599103,380.0887756347656,4747069
2022-02-11,375.5703311270022,377.75670433537414,366.4361556540541,367.89373779296875,4872433
2022-02-14,359.3911369147212,361.28597570009435,342.4345879820021,345.0096435546875,7374254
2022-02-15,347.8762477053294,362.69499848048656,337.91610374169915,361.0430603027344,10050051
2022-02-16,364.00684284725514,365.4644249491625,356.1358935660385,357.4477233886719,6547019
2022-02-17,360.4114331773761,360.4114331773761,352.15180192253524,355.2613220214844,4698952
2022-02-18,353.220686090153,356.62171057795365,347.53611065819877,349.47955322265625,3470414
2022-02-21,345.9328306784361,347.6819173986842,334.6608561074353,336.70147705078125,7926195
2022-02-22,321.63973583360126,328.7818929982844,314.108896097316,315.17779541015625,19176808
2022-02-23,320.8138185713816,335.6811739830482,319.64777066853077,334.4665222167969,16434369
2022-02-24,316.29528251564636,329.850806485292,309.0559469833331,311.4366760253906,15926498
2022-02-25,325.5266290376516,341.5600301693568,320.81377489529496,338.9363708496094,16385276
2022-02-28,331.94002376379694,342.4346026297013,330.48244171827787,340.8312683105469,8850697
2022-03-02,336.60427846070405,340.58834203020507,330.4824456583709,337.04156494140625,6854294
2022-03-03,343.01762125798496,344.1836986878331,326.9842196977675,329.46209716796875,7492305
2022-03-04,325.4294918788695,326.83849977481526,317.41279030547224,318.3359375,7924031
2022-03-07,309.4446968403444,311.4367138816539,297.34675334722647,304.7318420410156,11047929
2022-03-08,305.12049915497977,321.9798702462111,303.274234549608,320.27935791015625,14780062
2022-03-09,321.9798912488852,332.5230743510709,319.69634003202543,329.60791015625,6387930
2022-03-10,339.22789999598047,350.4998726159676,336.89577488777826,344.6209411621094,11010864
2022-03-11,342.0944609065675,346.80731499236697,339.27647515724385,343.74639892578125,3891664
2022-03-14,343.74643968987954,345.9328128045148,331.35699204027964,333.6891174316406,10079369
2022-03-15,337.1872916089496,343.45490586524215,325.91531858101956,331.5027160644531,8151180
2022-03-16,337.9646937478381,346.321503785262,336.70146777961827,345.44696044921875,6167428
2022-03-17,348.36209656147037,354.6297109974215,347.24462296366784,352.7834167480469,8990234
2022-03-21,354.6297201555174,355.65001571582,342.8232819757116,343.8921813964844,4873329
2022-03-22,343.50348418595496,350.64564176826235,335.4382091489375,348.5078430175781,5561409
2022-03-23,351.32582072640895,356.86464394421665,345.592671043245,346.8559265136719,7304162
2022-03-24,344.0865352530796,351.03433696026957,342.0459144913907,346.5158386230469,4111307
2022-03-25,346.90453305974785,355.6500254898255,346.0299897476567,354.7754821777344,9141134
2022-03-28,358.4194175271602,358.4194175271602,346.12714866698934,353.51220703125,5946994
2022-03-29,355.3098596542747,363.0350552475494,354.24096037687,362.4034423828125,9088475
2022-03-30,365.31865759161605,376.49345324500746,363.9582239623197,372.0235290527344,10688708
2022-03-31,371.87777932760116,374.8900918441855,367.74796351435447,369.69140625,5537751
2022-04-01,369.2541344418079,376.7364011331202,368.13666075533496,375.035888671875,3250273
2022-04-04,376.0075775108736,379.3599982799266,372.9466316220852,376.34765625,3264802
2022-04-05,377.9996187238264,385.3847071799387,374.6471680841083,383.0525817871094,10310506
2022-04-06,379.9430470137086,391.9923857962704,379.21425600281276,386.7936706542969,8671174
2022-04-07,392.47825393206045,395.97645678178543,386.1620650508786,389.9031982421875,8931310
2022-04-08,392.2353185889672,393.5471483477093,383.82993480825974,384.8988342285156,6519357
2022-04-11,381.9836734942893,393.44997370889433,381.9836734942893,391.7980651855469,7340278
2022-04-12,391.60370765903997,392.4782509511834,377.75667829392506,382.4209289550781,4854926
2022-04-13,383.8299390163154,388.10550708963126,378.6312237847981,380.23455810546875,2465488
2022-04-18,374.93865699826205,379.5543330189175,368.52529070180384,377.85382080078125,4551203
2022-04-19,379.0684925077857,380.6718267533674,361.48033070134693,367.1163024902344,3938936
2022-04-20,368.2823909297592,371.9263459851328,363.0351015809376,367.0191650390625,3247779
2022-04-21,369.2541006160269,379.79728284084814,368.4767354239309,378.8255615234375,3935746
2022-04-22,376.4448215848953,377.99958157886067,367.7479338374615,368.96258544921875,2971828
2022-04-25,364.39550839937647,365.0757252102216,350.88858748562274,353.7065734863281,4987646
2022-04-26,358.5651856456522,371.82917641951383,356.76749517965584,368.0880432128906,5510832
2022-04-27,364.3955070815401,367.2134930720542,357.93356602021055,365.1242980957031,3787448
2022-04-28,370.2258618332203,370.2258618332203,360.50864761187586,368.9140319824219,3951298
2022-04-29,371.19759197969995,375.47316040666425,357.8364221113207,361.3346252441406,4463995
2022-05-02,357.10758424321466,361.18882563925536,353.90091575674074,357.1561584472656,3606478
2022-05-04,359.6340632946792,362.25769304281727,336.7986124758507,338.5476989746094,6741897
2022-05-05,339.13074592141544,342.3860183246434,328.29605896687684,330.38525390625,8172183
2022-05-06,318.77320254921307,327.42154698087745,317.0726900504497,319.84210205078125,10554131
2022-05-09,319.8420432329753,323.2430676050659,315.177793098797,317.94720458984375,5588545
2022-05-10,319.64772488497294,328.9276511881235,307.54978316408,309.20172119140625,7809598
2022-05-11,312.9914408510701,319.01609519897636,304.73180969049474,317.0240783691406,9584712
2022-05-12,314.83770957155104,316.48964768730843,306.96676090134594,313.088623046875,7826298
2022-05-13,318.82180702309984,323.3888799500481,308.27862357968615,309.8819580078125,5040759
2022-05-16,311.92255061130714,322.1256246967237,308.57010012140887,318.0929870605469,4588718
2022-05-17,319.064702007905,326.78986872501474,314.4490257284297,324.652099609375,5294509
2022-05-18,327.66445078451125,335.14668737997255,314.49760871120947,315.7608642578125,15907792
2022-05-19,308.0357018533574,316.586838812689,300.31050440876555,311.5339050292969,10108593
2022-05-20,316.7811732227446,326.98424782040973,313.86600905198316,322.1256408691406,8095291
2022-05-23,325.0893796873704,330.3366989255065,319.69633782599925,321.5426025390625,6456879
2022-05-24,322.0770531210342,324.3120003628253,313.9631739226134,315.3235778808594,3843952
2022-05-25,317.558527191277,319.50196990274037,299.04724722642163,303.17706298828125,7080643
2022-05-26,301.71948354355015,319.8906849134811,293.75135649634797,310.8050842285156,8037300
2022-05-27,314.83769650246256,320.47366809653874,310.1248423368646,315.37213134765625,5042715
2022-05-30,320.08501508120764,338.01328631667076,317.94724584837553,337.04156494140625,9568306
2022-05-31,335.72971559082225,340.3939660584715,332.6687993680161,335.7782897949219,10568070
2022-06-01,336.60426747180986,338.98499662531896,324.16624613631325,327.4700927734375,5551017
2022-06-02,326.8870408752006,331.7942512552586,325.08935053111173,330.628173828125,4326789
2022-06-03,332.5716570560675,333.7863088349429,320.279386984766,321.2996826171875,5573119
2022-06-06,320.47370756935277,321.1053502063925,313.91458808433003,317.6071472167969,4693011
2022-06-07,316.58679908715624,316.58679908715624,306.1893985952086,309.7361755371094,5097864
2022-06-08,310.4649798174222,322.22281440496107,307.25831113654027,316.97552490234375,9732471
2022-06-09,315.2750136678989,317.752891325577,312.0197411133105,315.6636962890625,3304352
2022-06-10,312.8457333088316,316.684015251181,310.3678258136737,312.9914855957031,3525590
2022-06-13,306.0922421284587,306.7724589727999,296.3750280926346,298.9986877441406,7361749
2022-06-14,298.31846455891673,310.2706257070987,295.45187461744564,304.9747619628906,6307163
2022-06-15,306.8695972196748,310.56215622366494,303.857284692066,308.1814270019531,4024438
2022-06-16,312.1169191729038,313.5258973814025,294.0914697779735,295.4518737792969,6574807
2022-06-17,293.4598388671875,301.2336094332057,289.5729535841784,293.4598388671875,7782354
2022-06-20,296.37499580830587,297.6382216335254,286.3662783034969,290.0588073730469,7708600
2022-06-21,293.9943011038173,308.2300435019079,292.4881447782546,306.1894226074219,5336496
2022-06-22,305.5577890859105,305.5577890859105,294.6744981497903,295.6947937011719,4354021
2022-06-23,298.0269601107777,306.4809183524777,294.91743982248,304.5374755859375,6769260
2022-06-24,308.4243585197177,311.14519616269365,305.55779825597926,306.8695983886719,3572017
2022-06-27,312.89428050381014,313.3315669812542,306.09223092764034,309.05596923828125,3334788
2022-06-28,306.9667428930728,310.9508060261994,301.71945397229666,310.3677673339844,5140316
2022-06-29,306.09224049711037,310.22205644032533,304.34315384181747,309.5418395996094,3164135
2022-06-30,307.7441545755683,312.35983085561327,299.3873452744653,303.8572692871094,5228785
2022-07-01,301.62230201775355,315.22640095873743,300.69918452522194,314.0117492675781,5557896
2022-07-04,313.96319392258107,317.60714921496344,311.97114723666164,315.5665283203125,4171008
2022-07-05,315.8094718753663,320.4737229827683,312.01976414377896,312.9914855957031,4164243
2022-07-06,312.4084091666433,321.15390118063954,312.4084091666433,320.27935791015625,4031342
2022-07-07,322.61149600540386,328.15031969624545,320.8138055334933,327.3729248046875,5330866
2022-07-08,330.28809560225096,331.9400338324468,325.2837363584227,330.7739562988281,3635774
2022-07-11,327.0327975459925,337.9646623679745,326.69271880852915,336.361328125,4251298
2022-07-12,333.30042119187164,340.6855093416167,332.62020438883087,336.9929504394531,4041343
2022-07-13,337.1872863132817,343.94076111424147,335.0980914788561,337.62457275390625,5397952
2022-07-14,339.13076793629017,342.2402882720381,334.5150912953235,338.6934814453125,4920704
2022-07-15,340.1996624237052,344.9610912737501,339.2765152471957,343.6492614746094,4400222
2022-07-18,347.00168223757737,347.3903648267471,340.29681119701223,343.21197509765625,2406259
2022-07-19,342.96907849548217,351.18010649690774,341.8515751666908,349.6739501953125,5148307
2022-07-20,353.70656012344034,354.3867769085872,342.19165656213187,346.32147216796875,5343868
2022-07-21,346.71015119394025,351.18007514631535,346.3700724594505,350.4027099609375,3358877
2022-07-22,350.3055319731269,353.1235178389432,347.87622870008164,349.9654235839844,3247918
2022-07-25,348.7507544806935,350.548444743628,343.5034656046362,347.2445983886719,2303596
2022-07-26,347.24462508455423,352.10323176083295,344.28085721927516,350.5970458984375,3466646
2022-07-27,348.55648726320845,359.0510667990185,348.55648726320845,358.22509765625,5478661
2022-07-28,361.43175298313446,373.1409829024869,360.9944665319632,371.1975402832031,8480197
2022-07-29,375.035888671875,385.62764607099956,372.89808971590463,375.035888671875,8223276
2022-08-01,374.1127326880947,376.9307187696338,366.04745706600283,373.3839416503906,7429671
2022-08-02,376.3220458534215,378.03593936088663,367.4587799557026,368.87884521484375,4448690
2022-08-03,370.29892370229635,371.13139220319886,360.8969880496054,364.5206604003906,3183672
2022-08-04,366.6752522118301,368.19329004360924,353.35584582992783,360.01556396484375,4037919
2022-08-05,362.0722483095908,365.15725056710465,358.74237424072624,360.21142578125,4186137
2022-08-08,358.9382355268135,364.9123840329491,357.4691840853668,362.6598205566406,3666894
2022-08-10,362.46396684618304,367.50770417709043,360.3093460990341,360.89697265625,3769700
2022-08-11,364.22682033016486,367.8504925632031,362.7577688661648,364.8634033203125,3888072
2022-08-12,365.1082645283616,369.22162080014,364.37373875753906,365.2062072753906,3215823
2022-08-16,368.14432537111844,374.4612592129607,366.5773310185444,371.3272705078125,3839161
2022-08-17,373.2370282001755,378.5256076857278,371.1803500980358,372.50250244140625,6384327
2022-08-18,372.69837281679514,381.90445326861004,371.3762503089499,381.1209411621094,5188764
2022-08-19,382.9327645593015,382.9327645593015,363.34541087340375,365.9897155761719,6322982
2022-08-22,364.3247746358763,364.56961655431434,355.75530749054315,357.2733154296875,3796813
2022-08-23,353.6496636535852,361.97428866118975,352.67029600563177,360.6031799316406,2553978
2022-08-24,363.1495391275885,365.64694474983213,360.40732146293425,364.3737487792969,3120328
2022-08-25,366.23456474264134,375.2937160015906,365.3531098989938,368.9278259277344,4424052
2022-08-26,371.3272604746009,375.8813143387731,370.8375766206484,372.15972900390625,1981093
2022-08-29,358.84031006209534,367.1649352977321,357.51815772355536,362.2680969238281,2663606
2022-08-30,365.15722055215485,383.9121043669872,364.42269484226904,381.953369140625,10834269
2022-09-01,379.9946776974345,391.74709040972624,378.03594224538585,390.0821533203125,9880155
2022-09-02,392.57955739622867,397.62329518764835,385.6260405914693,386.8502502441406,8022555
2022-09-05,387.731660914807,392.6284993448701,383.5203918201247,385.96881103515625,4044126
2022-09-06,387.9275613161279,390.7187653061222,384.2059460334918,387.0950927734375,2831682
2022-09-07,382.9817280533963,393.3140752460711,381.7575184254441,391.1594543457031,4860013
2022-09-08,393.70580517769264,395.07691394450666,386.6543459656069,389.0048522949219,4602945
2022-09-09,391.6491628624357,395.1259363575408,384.8915312681388,388.7110595703125,5536333
2022-09-12,388.7110595703125,388.7110595703125,388.7110595703125,388.7110595703125,0
2022-09-13,402.4221627975002,405.31130933015174,398.79852041274034,400.3165283203125,6632103
2022-09-14,391.74709382281367,401.78561310202326,389.05383255278184,398.7985534667969,6503658
2022-09-15,400.5614061193165,405.2134028896508,393.7058319314553,402.5201416015625,4834801
2022-09-16,399.8268450605093,404.72368333436737,376.5179068321166,381.07196044921875,9517876
2022-09-19,382.9817241000615,385.77292800056637,375.6854527255405,377.2034606933594,5089286
2022-09-20,380.974012681048,392.13879782059325,380.974012681048,383.8631591796875,4794091
2022-09-21,382.98172960084094,384.6466666567553,370.49479134527473,371.9148864746094,4035315
2022-09-22,370.6906854374483,376.0282515158284,367.26289838584705,372.8453063964844,3941049
2022-09-23,373.2370525014037,374.3143629953275,360.554228285713,362.3171081542969,4060146
2022-09-26,358.44856793193185,358.93825176790443,343.02352709879546,344.786376953125,5947442
2022-09-27,344.8353664582663,349.5363193719023,337.00042501025314,343.5132141113281,5931471
2022-09-28,341.7013730494219,347.0878952180907,338.0777306141659,341.5544738769531,3987512
2022-09-29,345.0312095548289,348.1651979756035,337.93079412494666,343.3663024902344,5905469
2022-09-30,341.50551287035665,353.79656497163927,339.742633160578,349.3404541015625,7344112
2022-10-03,349.9280408005393,350.5156673537012,338.86119858235605,340.67303466796875,4315023
2022-10-04,346.6961371341471,353.55171046730817,346.6961371341471,351.69091796875,4660309
2022-10-06,356.489833746285,365.2062000773308,355.80426441852416,359.7707214355469,9169254
2022-10-07,359.4279645751219,362.80679527085096,354.33524031534256,361.28875732421875,4146172
2022-10-10,351.5930045795115,360.35835745665196,351.5930045795115,358.69342041015625,3136911
2022-10-11,359.8686544115667,361.23976314193834,349.14456670487107,351.1033020019531,3727411
2022-10-12,352.96410293867945,360.1624613039861,350.27084184123294,359.2810363769531,3919948
2022-10-13,357.7140680442268,358.93827772268065,350.2708672216408,355.06976318359375,3680850
2022-10-14,360.55420086233306,363.73714578214765,350.61362501342114,351.2991943359375,3591285
2022-10-17,349.6342647365133,354.33521768536167,344.24774245065663,351.9847412109375,4311369
2022-10-18,354.6290609575518,361.68049067973857,354.5311182069802,358.1058044433594,2859419
2022-10-19,359.86864672823435,369.56438026419704,358.49750813920826,362.6598205566406,6360698
2022-10-20,360.89699659296656,366.77320277901214,357.9588934999437,365.6958923339844,4314503
2022-10-21,366.6752634444433,367.26289004610317,357.07747187307734,362.170166015625,3605264
2022-10-24,362.170166015625,362.170166015625,362.170166015625,362.170166015625,0
2022-10-25,361.38672048324986,367.7526112234697,359.52592762908,362.1212463378906,2997168
2022-10-27,366.283501218475,377.84002753704146,362.07223227728434,375.5874938964844,6417885
2022-10-28,377.8890350710895,377.93799150118275,372.5514691219829,376.6648254394531,3984403
2022-10-31,378.03594851957683,381.56167836936646,374.41227591797303,377.5462646484375,3315136
2022-11-01,379.0152774295779,383.91211563926237,377.05654214570416,381.610595703125,4655525
2022-11-02,379.99466459386423,382.93276767062093,372.1597230558464,377.2034606933594,4448264
2022-11-03,375.0978435196607,380.48436607673153,372.7473669268888,376.8117370605469,3805252
2022-11-04,377.25243385955997,381.5616455776629,376.126137142389,379.30908203125,2031089
2022-11-07,380.4843305886947,391.50221660960284,379.064235546384,389.5924377441406,4991409
2022-11-09,389.78832137097527,393.85269110617736,386.8991748729788,388.85791015625,4968369
2022-11-10,388.07443187878044,392.0898452272255,378.6235400200754,383.07965087890625,4250236
2022-11-11,387.33991082207984,396.6439036231159,387.33991082207984,392.28570556640625,6567026
2022-11-14,393.99958951453715,399.77788249937976,392.0408542350457,398.1129455566406,3134766
2022-11-15,398.6026637791697,401.05108308985257,393.1181985456539,397.08465576171875,2773854
2022-11-16,397.1335956133786,398.2109060426901,388.36824289189417,392.9712829589844,2711725
2022-11-17,393.11816776688937,397.08462467240474,391.8939582073961,394.58721923828125,2978886
2022-11-18,395.6645541906908,396.0562952964618,389.39660683456304,392.1388244628906,2907982
2022-11-21,390.7676959809116,392.04086198257005,383.71623688021975,386.5564270019531,3236030
2022-11-22,386.8992026878283,388.17239864624395,379.798786775509,382.63897705078125,4093062
2022-11-23,384.5977267606165,386.60541868970955,382.0513646371321,383.5204162597656,1919758
2022-11-24,385.47914668537464,386.55645717205283,380.9740491243132,384.0590515136719,1823725
2022-11-25,385.38119047639196,392.62850548870506,384.3528663451595,388.417236328125,3584507
2022-11-28,387.8296248144968,393.7058312510801,386.06677483869447,387.046142578125,3330551
2022-11-29,386.50745327516825,389.6414418415371,382.9327671806079,384.4507751464844,3448261
2022-11-30,384.94044132921044,395.95832734739975,381.31679897154095,394.3423767089844,8733967
2022-12-01,397.42742761344294,406.24173751023335,394.0486267524327,404.1850891113281,7882120
2022-12-02,406.24172646278424,407.6618216404883,401.39387408414274,402.2752990722656,6745441
2022-12-05,403.79329222854096,409.8653839458742,401.54075846549205,408.64117431640625,6361119
2022-12-06,407.66181183836085,409.37570534158516,403.69538454321395,405.8499755859375,2654909
2022-12-07,404.96855494150185,407.31903150771154,396.6439292655581,400.07171630859375,3417623
2022-12-08,398.7006053263737,402.22633510070676,394.3424070113337,396.594970703125,2154953
2022-12-09,397.6722383408618,401.4917962400114,385.87086963831376,393.9506530761719,5996845
2022-12-12,393.7058185887284,395.66455400459273,387.9765115197392,394.3913879394531,2914566
2022-12-13,394.83209193951194,397.96608061137715,391.25740572462036,392.0898742675781,2024616
2022-12-14,393.80377204296974,401.93251228462054,393.2161454246492,398.7985534667969,4437819
2022-12-15,397.77015024461787,401.3448360562999,390.0331520755694,391.4532470703125,2719988
2022-12-16,390.7676991683853,394.0485868307183,383.91212549876457,385.528076171875,3463368
2022-12-19,386.11571625239526,389.1027757863032,381.5126761009359,388.417236328125,2827030
2022-12-20,387.82962295448556,387.82962295448556,373.8246763029684,381.31683349609375,4641199
2022-12-21,383.32452255011174,388.02550557467663,369.90720261667354,372.6004638671875,3330407
2022-12-22,374.6570872281268,377.05654995574406,366.7731895024056,370.0540771484375,2624616
2022-12-23,369.1236568481403,369.22159958954285,347.969309886114,349.6342468261719,4966765
2022-12-26,351.34817317620536,364.71653671459177,348.9487102822685,363.1005859375,3309456
2022-12-27,363.93302513399357,366.1855587763994,359.91761178681344,363.5902404785156,3108513
2022-12-28,363.3454128221064,369.3685181352373,361.19079194993003,364.4716796875,3891662
2022-12-29,363.0516119195429,368.7319325238351,357.32230499835947,365.744873046875,4181247
2022-12-30,366.2835107421875,374.0205094032734,366.2835107421875,367.26287841796875,2831958
2023-01-02,368.2911967223692,374.7550292583163,366.8221452318325,372.3066101074219,2924202
2023-01-03,372.89427911222873,374.80405822240857,370.6907016256824,372.2087097167969,2004850
2023-01-04,372.55150010200566,373.6288106450169,360.9949721735322,364.17791748046875,3815316
2023-01-05,365.0103392264163,366.8711318048148,361.043882266429,365.0592956542969,2499525
2023-01-06,366.1856167559828,366.5773579008711,359.96662520910434,362.1212463378906,2603968
2023-01-09,365.3041772887203,368.2422805913106,362.46401674046956,366.2345886230469,1561902
2023-01-10,366.18558744269114,366.969099557681,360.60320932705304,365.3531188964844,2252881
2023-01-11,365.3041544502723,367.7525737160248,363.3943754678132,364.4227294921875,1681043
2023-01-12,365.20621209505583,368.7319418191195,363.14953393202444,367.1649475097656,2859266
2023-01-13,368.2422447470185,371.47414611010515,364.9124006391261,369.27056884765625,2743616
2023-01-16,370.69069309808737,372.0618019694768,364.031004358235,366.0386962890625,1661685
2023-01-17,366.2345673207991,368.14431642364167,361.43564162868813,367.6546325683594,1977186
2023-01-18,368.24226157634973,369.36852847326566,365.45105760543214,368.6340026855469,1819111
2023-01-19,367.2628914617197,368.73194302756656,364.9613713643068,367.6546325683594,1980513
2023-01-20,366.28352111877626,368.09535734788574,360.94595517938666,361.68048095703125,3988074
2023-01-23,363.4923177921686,364.0309879627643,359.9176316459244,361.9253234863281,2338790
2023-01-24,362.85574209275654,363.59026788646656,356.09811076821046,357.37127685546875,3010618
2023-01-25,356.68571807760236,356.68571807760236,341.211690928111,344.786376953125,7032545
2023-01-27,347.6265892968039,352.52342796903423,340.0854457863967,348.60595703125,5422141
2023-01-30,349.58529296361087,356.34292373895477,339.35088911450976,345.8636779785156,5105818
2023-01-31,348.6549009920763,353.55173948915603,344.2967027745033,348.703857421875,4784073
2023-02-01,351.15226568798283,358.0568256856804,334.5030153186239,341.79931640625,5504489
2023-02-02,341.70138691527023,348.50800443250995,334.50302829290774,347.18585205078125,4485546
2023-02-03,347.7734762311055,351.5930042833385,341.5544853588142,346.20648193359375,4697067
2023-02-06,346.20649496684155,347.8224457550128,343.513233690579,346.5982360839844,1913975
2023-02-07,347.47963843804484,351.69093736485786,345.7657450102316,349.7811584472656,2846953
2023-02-08,351.250199268592,354.4821304240241,348.3610826538063,352.86614990234375,2429159
2023-02-09,353.89450771461514,354.8738753685159,346.50026399490724,349.3404541015625,2229848
2023-02-10,349.1446041038587,354.8249251186786,348.21419278291125,354.04144287109375,2809140
2023-02-13,354.72698498399336,358.1057855408806,347.43068382654457,350.51568603515625,3030923
2023-02-14,350.2219030008744,350.2219030008744,339.98749836143645,346.647216796875,3140968
2023-02-15,342.97456846121503,354.6290377047083,342.97456846121503,353.5517272949219,2548073
2023-02-16,355.4125219024417,365.4510405322854,354.7759388937448,364.0309753417969,5171809
2023-02-17,362.2680959235869,365.10825619502344,355.6084077086371,357.0284729003906,2666456
2023-02-20,358.3506196118299,362.95365955352855,355.60840212821944,357.07745361328125,2726465
2023-02-21,359.4279558088396,359.4279558088396,348.65491081184445,350.12396240234375,2119153
2023-02-22,348.5569651659695,348.85079341438706,339.8895548764404,341.4075927734375,3326607
2023-02-23,341.79931350132745,342.3379537594101,334.25817056059645,335.8251647949219,4026752
2023-02-24,339.84059805460026,344.05186728569527,337.88186261912705,338.9101867675781,2887310
2023-02-27,340.2323004815018,344.1497709070526,335.3354624495633,342.7297058105469,3701975
2023-02-28,343.26835600029057,346.54924355448384,341.6524053804426,344.3946228027344,2520202
2023-03-01,344.394632620574,350.02599668125765,343.70909318942216,348.3121032714844,1507846
2023-03-02,346.6961333806314,350.41771833745594,345.81470851063904,347.96929931640625,1675015
2023-03-03,349.7322278046731,354.8249221471895,347.6755495620717,352.8172302246094,3121845
2023-03-06,353.79658488928317,356.8815871951607,350.56468340463636,352.42547607421875,2053122
2023-03-08,350.61362298681064,356.93055636171675,346.3533676796365,355.5594177246094,2908986
2023-03-09,355.51050267005303,356.2939849356404,349.1935685599989,349.73223876953125,1782741
2023-03-10,347.7734922821198,348.9977019635635,340.52617694555926,342.8276672363281,3238856
2023-03-13,343.8560164620258,345.71680917404495,334.25819476182903,335.62933349609375,2045069
2023-03-14,336.8535352934699,340.8199625577194,329.5572339099787,339.93853759765625,4016343
2023-03-15,342.7787126273421,344.73744812806973,334.89481419208596,338.3226013183594,2833314
2023-03-16,341.79933647044385,354.0414330488981,337.6859800649108,352.621337890625,5412088
2023-03-17,356.09809348305106,369.71129822143314,355.7553088183724,367.5077209472656,10695531
2023-03-20,367.2139216142288,367.2139216142288,354.48214184207853,362.2680969238281,5404518
2023-03-21,363.39435194789587,364.7165042434149,358.7423556440566,359.86865234375,2980424
2023-03-22,360.5541886273203,363.8350761801509,359.52586456637005,361.1418151855469,4140942
2023-03-23,361.0928987404759,364.2758439047076,358.0568527600839,360.0645446777344,2508345
2023-03-24,358.44858005607136,360.40731546621384,345.7657563202267,346.9410095214844,3134205
2023-03-27,347.8714009372405,350.0749781478533,340.281301656241,341.6034240722656,2815174
2023-03-28,343.31733562302406,345.9126839409628,340.0854341649654,341.45654296875,3165715
2023-03-29,341.9952042094285,346.6961570962396,339.35089953064124,345.27606201171875,2624280
2023-03-31,347.03893413731,353.30688114468893,346.8920349668107,349.3404541015625,4167504
2023-04-03,350.6136193401518,355.6573567692749,350.0259927714931,354.0903625488281,2782342
2023-04-05,354.5310732227345,362.8556978702297,353.894490256688,359.47686767578125,3015748
2023-04-06,357.420246042295,375.8813028623041,357.17540412279425,374.9998779296875,8930230
2023-04-10,376.0282437855104,399.2882268717731,375.83235828855913,397.13360595703125,20647930
2023-04-11,399.09233450067654,402.5201214227682,393.02024285494207,396.9377136230469,8091142
2023-04-12,397.62328598998783,404.870600988574,396.05629169322947,398.16192626953125,6586341
2023-04-13,399.2882268589043,407.22108139035583,396.74186483827253,404.6257629394531,7161482
2023-04-17,407.1231801933212,410.94270838972767,402.7649818088492,406.7803955078125,6635668
2023-04-18,408.1025378184324,418.19001330360464,407.2210829666985,415.1050109863281,9367931
2023-04-19,416.0353750029314,416.0353750029314,410.4040108903864,412.9993591308594,4044971
2023-04-20,412.31377179582375,416.32918505218106,404.0870896900723,405.89892578125,4285836
2023-04-21,405.75202470710894,405.75202470710894,393.7058139952618,397.6722412109375,5194549
2023-04-24,398.2109116382239,403.3036057306387,394.9789803048752,402.6670227050781,3379013
2023-04-25,401.5897098411798,407.3190168125682,399.5820180292929,401.6876525878906,4335180
2023-04-26,401.78558694949413,409.0818880521948,401.19796036942273,408.00457763671875,4122285
2023-04-27,407.95559724669766,414.81117104195175,406.535532036153,412.95037841796875,4423231
2023-04-28,413.5380102976416,420.05079950887574,411.3833894078223,417.4065246582031,5668793
2023-05-02,418.09208367913783,418.7776530546893,412.4117627226005,415.49676513671875,3519033
2023-05-03,414.0766412367935,425.09452758591743,411.9220502835003,418.7286376953125,7152444
2023-05-04,418.6307487894737,419.6590729523876,414.272550429078,416.035400390625,3328989
2023-05-05,416.03538837729224,424.5069429205834,414.7132658882749,418.3858947753906,4870886
2023-05-08,420.0997918453509,431.3135342103954,418.9245386362605,427.34710693359375,6530244
2023-05-09,427.98366073325826,429.6975541114807,417.99409880216183,423.0868225097656,5239571
2023-05-10,422.7930297019602,426.9063559307421,418.7776163285861,425.2904052734375,3804494
2023-05-11,424.06621630673834,429.8934661072341,421.0301704433534,423.8703308105469,4810556
2023-05-12,421.1281031220402,427.9836768937944,421.1281031220402,426.9553527832031,2713530
2023-05-15,433.85990485607914,465.9831544794154,431.16664359568585,458.4909973144531,28116711
2023-05-16,464.9058703727582,468.82334126736606,460.35178654743174,462.0167236328125,14423428
2023-05-17,460.106958503799,463.24094726925,452.0761608602202,460.15594482421875,6005061
2023-05-18,462.26157441903143,466.17904538868424,448.89321071267756,450.460205078125,5852119
2023-05-19,451.3905900037549,463.24094575650776,444.1432746312394,462.16363525390625,8398165
2023-05-22,462.50640441526144,471.22277112014393,459.5193448331833,468.28466796875,6566526
2023-05-23,469.9005998901361,470.5861692198217,456.2873951452339,458.1971740722656,3818677
2023-05-24,458.1971804530377,460.2538585828059,452.76167183236953,455.8956604003906,3086273
2023-05-25,457.36470996502993,469.9006044071864,455.06318992230945,467.4032287597656,8132396
2023-05-26,467.40321876188256,474.55259077100993,461.8208111085595,468.2356872558594,6159488
2023-05-29,468.62743309954334,476.3644317645622,464.26923498492954,472.6918029785156,4665809
2023-05-30,470.09650203357285,471.5655536024277,463.7306119018682,464.80792236328125,3209364
2023-05-31,464.66101755533094,467.15839323696014,458.14819843528903,465.1017150878906,10062142
2023-06-01,465.19968804538496,470.14548329995773,463.28990894981524,467.35430908203125,4270077
2023-06-02,468.1377471078778,480.8695268409372,467.5011640988107,479.20458984375,10020905
2023-06-05,481.8489314699636,485.8153588896961,477.05003548778814,479.1556701660156,4635248
2023-06-06,479.5473754981915,488.31272813386613,477.44174097710913,484.4442138671875,5477093
2023-06-07,487.72512903634515,488.3617120826015,482.97518957316396,485.47259521484375,4885566
2023-06-08,485.76636031781845,487.5292101541228,470.97790264507324,474.74847412109375,4923194
2023-06-09,474.9933539987398,480.3798765698595,473.6712015718786,475.1892395019531,2611565
2023-06-12,477.00101005399836,482.0937338754008,475.6299012983682,480.477783203125,1696800
2023-06-13,482.19167792998667,494.33583105102934,478.56800559861125,493.2095642089844,5849124
2023-06-14,494.58069169782544,496.5394271104901,489.292112061217,493.3075256347656,6893041
2023-06-15,492.62193566271003,498.2532997383772,478.4211045153755,480.2329406738281,6420824
2023-06-16,482.6323992878972,487.4802814452879,480.03708081379074,485.7663879394531,4360893
2023-06-19,486.7457171171764,489.09619347577024,472.7897282461105,475.3360900878906,3074442
2023-06-20,474.4057367916754,481.55513936980134,471.5655762663079,479.1067199707031,3849887
2023-06-21,479.2045989831596,484.15042375270195,470.43927608636915,472.8876953125,3758306
2023-06-22,473.0835285151005,474.79742189223117,468.67637411676446,471.3206787109375,3256065
2023-06-23,471.0758343589973,471.66346091998304,463.24089324699736,467.84393310546875,2583485
2023-06-26,467.2563414211297,468.13776638443477,460.00902632916603,467.3052978515625,2333475
2023-06-27,469.1171261290826,476.90311126322376,468.8233277756143,473.8670654296875,2749294
2023-06-28,475.8747253417969,477.9314033419606,473.6221917484302,475.8747253417969,2383384
2023-06-30,479.69427673173055,483.3669055242497,476.85411644310165,480.4288024902344,3261788
2023-07-03,482.8282900273331,487.7251286685839,476.3644570432957,482.9751892089844,2820027
2023-07-04,483.8076618687151,486.941650580932,478.42113931754517,479.6943054199219,2535317
2023-07-05,479.694281154036,493.35647234333095,478.4211151160639,489.3900451660156,2846706
2023-07-06,494.18892532727614,506.87171854310867,492.6219310996715,503.0032043457031,7921377
2023-07-07,504.08058067270406,505.7455177625565,491.10395829946276,492.4750671386719,3938391
2023-07-10,493.06266574630627,495.11931394433776,486.1091493070717,491.20184326171875,2465685
2023-07-11,491.642584521599,494.33584569178703,487.8230564760093,489.341064453125,3011396
2023-07-12,489.683862305727,490.0756034179854,475.5809730489083,482.24066162109375,4530464
2023-07-13,483.8076366077973,488.6065322888717,479.30253927718326,481.8978576660156,3665726
2023-07-14,483.61177225476075,486.25607707620867,481.06544007165525,482.9751892089844,2539514
2023-07-17,483.3179672222637,488.31274854500396,482.8772397954601,487.7740783691406,2333926
2023-07-18,489.43900755328576,492.57299614511726,481.65302239141306,484.59112548828125,3200509
2023-07-19,486.2560836883362,493.7972272535797,483.9545635180659,490.6632385253906,2832711
2023-07-20,491.6425668057839,498.498140446502,491.20183940228037,494.48272705078125,4178930
2023-07-21,494.18895523714474,494.58069634577305,485.7663869059474,490.271484375,3822759
2023-07-24,492.3771081880926,497.95951599940014,478.0293774477163,483.61175537109375,5676545
2023-07-25,485.9622337492998,489.5369196490792,468.4805154399423,470.0964660644531,6582695
2023-07-26,472.0552320296583,479.40048978945595,469.7047555241092,477.5886535644531,3572206
2023-07-27,479.4004964722563,503.19911999057905,477.245875544175,500.2610168457031,8431778
2023-07-28,502.4326594330454,511.1191059355987,498.4349263534921,508.9474792480469,7227144
2023-07-31,510.2801211186202,515.0181775931852,502.2846244594419,512.056884765625,4607915
2023-08-01,502.9261677996503,504.90036276647913,490.4887334838636,493.25262451171875,15013979
2023-08-02,489.1561452581966,496.46069072558873,476.02776079437206,487.2313232421875,11155073
2023-08-03,487.13264922758066,490.09394192805223,477.95265390564947,482.0491027832031,3315895
2023-08-04,483.67779607302055,487.6261862450452,481.7036009870082,483.3323059082031,2509237
2023-08-07,485.6026362430979,486.2935864317062,479.1371294230603,482.8387451171875,3089545
2023-08-08,484.07260147211485,486.8364925092793,475.87970438170976,481.9503479003906,2542925
2023-08-09,481.9996874054264,483.3816479764027,476.8667985840304,479.4332580566406,2944921
2023-08-10,480.61775095156355,486.73776730023724,476.9655083957237,484.3193664550781,4117165
2023-08-11,486.2935884495525,487.7742347333472,473.8068108143153,475.781005859375,2844914
2023-08-14,472.8197192992006,472.8197192992006,457.0755015652813,464.87359619140625,4619798
2023-08-16,461.9616399682804,473.41197724012255,459.29646461124076,471.8819580078125,2644594
2023-08-17,471.8326162309559,476.965535402664,467.39067737522515,471.5364990234375,2863803
2023-08-18,469.7596996532878,471.8326104520052,466.40357413927296,467.9335632324219,4023514
2023-08-21,467.93355602563196,477.11358081461736,467.93355602563196,475.6329345703125,2359743
2023-08-22,477.26163376632275,478.59422139519216,473.3625866529315,474.15228271484375,1579326
2023-08-23,474.94194800993563,478.5448477987978,471.4377639941569,474.4977722167969,2883112
2023-08-24,476.4719653626514,484.41808802240405,475.78098507753185,477.31097412109375,2603113
2023-08-25,475.23811978759386,476.7681089157433,466.9958493540368,469.11810302734375,1992979
2023-08-28,471.8819620063526,479.68005658975915,470.3519728849038,476.17584228515625,3252263
2023-08-29,477.755214675718,491.3771488297512,476.7681171247351,487.6261901855469,5917819
2023-08-30,489.60035074618395,496.46069029104837,489.2055177784116,493.59808349609375,4657793
2023-08-31,495.4242291636306,500.75454963820283,489.6003599391198,497.5958557128906,4875243
2023-09-01,497.39841275536156,502.9261646526581,493.84485581254063,496.7568054199219,3044080
2023-09-04,497.99069890892093,510.3294179106286,497.4971501488526,507.2694396972656,4584709
2023-09-05,509.0461916853774,519.0158523144967,507.5655454386181,514.5739135742188,5519389
2023-09-06,513.4881178851963,515.7584300252514,507.1706699542486,512.3035888671875,2130114
2023-09-07,510.329387447377,525.6293980961862,507.91098661787436,523.9019775390625,6661946
2023-09-08,525.1358737521701,537.4252497645095,524.5436393469986,533.0326538085938,8016696
2023-09-11,534.9574864330447,537.3264842147453,530.0713419022927,533.8716430664062,2695210
2023-09-12,533.0326152325131,534.8587213893438,515.3142042136809,517.7326049804688,2701774
2023-09-13,517.2390732071125,523.6552067488037,513.3893689830385,522.174560546875,1914101
2023-09-14,524.2474498052436,536.4381398847654,524.2474498052436,530.4168090820312,3661252
2023-09-15,531.5026898694431,531.8974927423534,521.2368512113194,525.53076171875,2341930
2023-09-18,524.3955643445869,528.4426401303501,521.2861830169417,522.5694580078125,1494139
2023-09-20,519.16393868722,525.1358664725756,512.8958334557339,515.6103515625,2135243
2023-09-21,514.7220251734465,519.1639641111349,505.93683295317936,510.2307434082031,3361352
2023-09-22,510.7736047049875,516.2519836869348,508.157772275583,509.88519287109375,1854379
2023-09-25,510.477501944151,520.9407114623351,506.775886277673,515.3635864257812,2789922
2023-09-26,516.2026243378551,518.917142329619,512.4022630007975,513.5867919921875,1858145
2023-09-27,511.8100720935197,524.7410257079113,509.9839657521312,521.8784790039062,2184496
2023-09-28,522.3226851944455,522.964262444157,510.6748860732856,513.389404296875,2701673
2023-09-29,514.3271030099551,527.1100267570571,514.3271030099551,524.050048828125,3622321
2023-10-03,523.9513902126498,533.9211120485983,520.3978629776054,531.798828125,2831594
2023-10-04,528.0972053502437,530.8610665249756,509.0955769334359,518.966552734375,4940218
2023-10-05,520.2003913225446,525.9255448701126,517.1897559460145,518.2261962890625,2455475
2023-10-06,518.4729734231779,543.3971858533258,518.4729734231779,541.6204223632812,7397196
2023-10-09,539.9916594358507,540.3865225232917,529.6271359908338,533.8716430664062,3107088
2023-10-10,537.4252396587815,557.463306625631,536.0432790758334,554.5020141601562,11366176
2023-10-11,555.3410501866533,561.6584985221675,553.4162581877309,558.0062255859375,4106418
2023-10-12,558.0062218998808,561.6584948119847,555.4397924198358,559.733642578125,1860355
2023-10-13,554.4033152565,569.3084628773329,554.4033152565,561.0662231445312,6226867
2023-10-16,558.697175851215,564.5210751049075,556.3281177909488,559.782958984375,2132190
2023-10-17,562.645540026857,564.1755290072254,558.0061700157028,559.8323364257812,1670432
2023-10-18,558.2530215705301,562.6456178294312,554.3539740991987,560.02978515625,2695513
2023-10-19,557.8087785635155,558.5985047692985,548.2833237446773,552.873291015625,2068643
2023-10-20,551.4913901541354,557.7100924093467,541.0281204134404,545.0752563476562,3274784
2023-10-23,544.9765520182866,548.4807966395526,524.3955914912906,526.0736694335938,2355807
2023-10-25,528.0971520996254,533.5755310672039,518.472951664165,523.3097534179688,1695789
2023-10-26,521.335591936957,521.335591936957,506.87458881900886,515.56103515625,4361390
2023-10-27,519.2132968864161,531.354584364838,517.8807393299696,529.2323608398438,4062846
2023-10-30,530.0713998478002,550.7511061744474,524.3955887693554,547.2962646484375,8141820
2023-10-31,551.7874924829816,563.1884563514812,550.5042778058069,556.2294311523438,10712514
2023-11-01,557.7100969576173,579.2288107730005,557.7100969576173,567.4329833984375,11265190
2023-11-02,571.5295088439188,574.4908016358562,562.8924048674347,570.4437255859375,3649740
2023-11-03,571.5294194894169,592.3078086147618,570.8877820524167,588.1619873046875,7692738
2023-11-06,589.9388806827341,592.4559674105619,582.7824233745577,584.3617553710938,2917487
2023-11-07,584.7071623075273,589.198503994546,578.9326662065721,584.805908203125,2662819
2023-11-08,586.3359164276234,593.6404620444688,583.3746239204132,588.21142578125,4003266
2023-11-09,590.1856627719602,597.7862658830543,589.2479080284348,592.9495239257812,5403880
2023-11-10,591.172757290777,600.056635398517,587.4217383360523,598.23046875,3378490
2023-11-13,603.5114635355153,603.5114635355153,596.5523776402601,600.5501708984375,1898672
2023-11-15,606.1765838256392,616.3930796583554,604.1530458894255,614.0733642578125,3886884
2023-11-16,613.9253275584354,625.1288605476067,612.247249689522,622.1182250976562,3206517
2023-11-17,617.8737334396953,623.8456616640051,617.0346643600674,623.0066528320312,2412089
2023-11-20,623.8456103418164,626.066579682432,615.5046245464189,618.1697998046875,3290059
2023-11-21,619.0088351135344,632.9269463935201,619.0088351135344,626.2640380859375,6052465
2023-11-22,625.6717645837244,627.3004996575064,615.4553289322663,624.3885498046875,2762713
2023-11-23,625.8197939839285,631.7423787850382,624.8326965170769,627.9420776367188,2516687
2023-11-24,628.9785490095749,632.828193171945,620.2426998476503,621.2297973632812,3963603
2023-11-28,616.9359309871543,623.6481818667646,611.2601204220724,621.0324096679688,4535901
2023-11-29,624.734077063007,633.4698664711832,620.983058093414,629.4227905273438,5851523
2023-11-30,629.4227623994931,629.718879608161,615.1591910800793,617.7749633789062,14874927
2023-12-01,623.7469359965944,626.1159338542617,617.4788307064481,621.131103515625,3438389
2023-12-04,630.7552975789372,643.5875649788217,624.6352810771547,640.873046875,4588495
2023-12-05,644.4760185233715,645.8085761251415,631.6437502931433,641.7120971679688,3417071
2023-12-06,642.5511345747881,652.0765893738414,641.712065544799,644.5253295898438,3264809
2023-12-07,644.6733228183456,646.1046261755312,638.9481696372504,640.2313842773438,1051759
2023-12-08,642.600492657656,655.3340749061542,633.1737232864789,641.5147094726562,3937417
2023-12-11,646.0059892360503,664.9088707482764,644.8708029798124,658.4927368164062,5641806
2023-12-12,658.4927200125578,668.6598724894213,651.0894887416282,654.05078125,3998781
2023-12-13,658.1966060728608,666.2908176853838,655.6301766519477,665.0569458007812,3426758
2023-12-14,672.9043477444594,692.8930712266691,672.262710299058,690.4746704101562,7464762
2023-12-15,690.968224593456,699.8521017668004,686.0327372749313,696.1998291015625,4137143
2023-12-18,693.3866596958635,696.742755089728,684.5027820834825,688.1056518554688,1906529
2023-12-19,689.9811506681341,693.04112881095,683.02212536114,689.0433959960938,1475227
2023-12-20,694.9166597830588,694.9166597830588,663.033421674929,666.6362915039062,3091436
2023-12-21,671.2263177171777,685.934094954453,661.5527740113723,683.9598999023438,5888251
2023-12-22,687.0198563101416,709.426981489327,685.4898672428889,706.7124633789062,5899551
2023-12-26,710.2659569712322,712.8817893086414,702.467923277191,705.6265869140625,2419374
2023-12-27,709.7231154945762,715.102809017605,702.221198456281,711.1544189453125,2233097
2023-12-28,712.585748733307,720.482529169758,705.8734371642009,719.2486572265625,5426028
2023-12-29,716.4353542765083,720.5811758308183,712.4869642719558,717.0276489257812,1995191
2024-01-01,717.8173200886432,721.5682785706706,712.1415094158917,714.2637329101562,1400824
2024-01-02,716.435353543245,716.435353543245,695.360846014576,704.6395263671875,2394602
2024-01-03,706.0215187190678,711.5492408693275,697.5818467629388,706.4163818359375,1829817
2024-01-04,708.7359948209098,754.8828022831348,708.2424460779984,751.5760498046875,13312567
2024-01-05,750.1941330539635,760.065108488884,738.2008738014738,743.235107421875,5929704
2024-01-08,750.687641831582,763.4705663883033,741.6063328657463,749.5031127929688,4448637
2024-01-09,762.0392783195482,782.7683260458571,752.6618519671703,779.4121704101562,9348457
2024-01-10,780.2512695248136,790.4677050561769,767.5176870458026,785.7789916992188,5169408
2024-01-11,787.2102314957933,794.5147768651584,784.1008503695093,787.160888671875,5304485
2024-01-12,789.6780556518952,800.9309920439965,785.9764397660269,790.220947265625,4158326
2024-01-15,791.6522061699918,805.2247969864973,788.1973648712449,795.0083618164062,4959825
2024-01-16,794.0212408927455,795.946032790036,767.1228344312489,776.6976318359375,3800255
2024-01-17,769.9360622679839,779.8070374252658,761.1015274526865,765.2966918945312,6183356
2024-01-18,765.9876547553466,770.5282791251973,752.9086129698977,765.4447631835938,8727583
2024-01-19,770.6270299372482,777.8328296343306,767.6657374386402,775.4144287109375,3519988
2024-01-23,779.8070247148218,781.6825340631959,724.480221909585,729.7611694335938,19908675
2024-01-24,730.4028252605625,739.3360458072344,722.8515050995187,737.7567138671875,6963379
2024-01-25,765.9876280418822,765.9876280418822,739.6321138419426,748.8615112304688,9110800
2024-01-29,751.1812344508888,761.7431902699655,745.5054235466935,757.4492797851562,5504653
2024-01-30,760.5585869613273,788.3947471644057,757.10374587844,776.7470092773438,10661351
2024-01-31,776.7470629280981,796.291581783149,772.4038097391306,792.2444458007812,7997614
2024-02-01,792.1950997480649,798.3151163993583,780.8434783093104,789.7273559570312,5565773
2024-02-02,790.8625430809075,797.969657256531,773.0947877656744,781.2383422851562,3474878
2024-02-05,774.7728491531776,795.6005822316458,773.0947713594866,776.4508666992188,3023829
2024-02-06,783.7553814048642,791.6521610663742,774.081838369044,787.0621337890625,3996095
2024-02-07,795.600610639229,827.4838488671763,795.600610639229,816.7738647460938,10550511
2024-02-08,818.106405997336,830.0503220426049,812.5293412024361,820.1299438476562,3355261
2024-02-09,820.1299718229069,826.2006458285939,799.5490120921877,823.6342163085938,4351187
2024-02-12,822.2522327032665,826.7928571881616,792.9847671880573,797.179931640625,2814982
2024-02-13,799.5489793620433,821.2157816547794,788.7402496285448,818.6492919921875,3526880
2024-02-14,808.4328955771501,836.5158329980726,805.6690344794084,832.9129028320312,2710385
2024-02-15,837.0587002766727,846.8803326891191,831.6296638951612,840.4148559570312,3505476
2024-02-16,845.9425527174997,858.0838398493295,837.84834121373,852.1612548828125,3451534
2024-02-19,853.1483832134625,855.5174413847565,834.4428729685905,837.6509399414062,2390450
2024-02-20,841.0071160815304,858.2813232780408,835.2819623173606,852.7536010742188,4100739
2024-02-21,853.8393530004852,885.1796991944336,852.7535698298341,875.4074096679688,8801547
2024-02-22,882.465152534192,883.4522500202481,867.5106015213818,880.7377319335938,3784762
2024-02-23,886.413528064837,893.3232103548747,880.8364032602473,887.6473999023438,3438995
2024-02-26,886.4136250149901,898.5055703450943,876.2465320114537,891.2504272460938,4080998
2024-02-27,893.3232965670456,906.3529964781069,891.2504157790456,904.5762329101562,3614155
2024-02-28,902.4045905824273,908.080401484379,882.0703449416263,887.4006958007812,3541248
2024-02-29,886.4136024415689,900.1836253530815,870.2745815518555,889.5723266601562,19571487
2024-03-01,890.3619398755094,905.1684022902906,889.5722739295844,898.1600341796875,2562306
2024-03-04,913.2626462255109,929.7471870155719,911.732657104513,919.7774658203125,3951444
2024-03-05,918.000693091682,927.2794338736047,914.0523030138683,920.0242309570312,2846188
2024-03-06,918.9384150855575,921.8503647138577,896.3832014200517,910.7948608398438,3258284
2024-03-07,913.6574471300884,917.0136028218232,905.3165212228876,908.4258422851562,2108204
2024-03-11,916.0264981995884,921.2581030039998,895.494881841197,899.4926147460938,4511073
2024-03-12,899.1471666172764,903.4903596124772,849.8909756374834,853.2471313476562,8341087
2024-03-13,848.903862591902,861.9829046609051,810.0615994898096,819.4390258789062,8639565
2024-03-14,815.342525526003,833.1102803195479,806.4586481292306,829.8035278320312,5915623
2024-03-15,825.8057259060719,837.798984361529,798.8579768091276,813.0722045898438,6129505
2024-03-18,815.391920077186,828.8164829214057,805.7183761254554,825.4603271484375,2709444
2024-03-19,819.2909428513523,830.9386815556122,808.9264188755219,812.4306030273438,4696393
2024-03-20,816.3296532424303,823.6341990270944,794.9096248986307,815.293212890625,3281967
2024-03-21,828.2734951188302,848.2622196619863,823.3380075773101,846.633544921875,3484101
2024-03-22,849.940263296624,858.6761120424064,844.5605700431729,854.7277221679688,2786894
2024-03-26,853.7406526870767,865.1416167737376,847.0777445555365,862.1309814453125,2686188
2024-03-27,867.6093541959101,877.2335547601369,864.2531986180428,869.1393432617188,3049873
2024-03-28,875.3580461424904,895.2974275825015,871.3109705137792,885.4264526367188,4055477
2024-04-01,892.3361336878789,955.1155101447362,889.3748412088263,936.0151977539062,8494956
2024-04-02,936.0152167108823,936.2619910891345,918.2474614767185,922.7880859375,3144624
2024-04-03,921.9490616388623,921.9490616388623,889.8190501805283,892.8790283203125,6683506
2024-04-04,900.2822409379597,902.8980733484241,872.6435116099078,876.739990234375,5670088
2024-04-05,878.4181347400325,898.0613398564764,872.199371970567,894.1622924804688,4129880
2024-04-08,896.2845333025626,916.3719434025192,892.3854861136657,906.4022827148438,4636924
2024-04-09,910.0545806747867,918.6423412432604,892.2868251183525,898.900390625,2977374
2024-04-10,899.5420104216415,910.0052808928443,897.4691296077335,899.3939819335938,1853706
2024-04-12,899.3939168584203,908.8700288187246,894.1129090517468,896.8767700195312,2340026
2024-04-15,880.984530174126,887.2032324552367,855.4680835673028,873.581298828125,3602490
2024-04-16,863.7103168655979,872.0513028322872,857.0967515326398,864.3025512695312,3398331
2024-04-18,869.6329170042358,874.5684046149295,840.2174228940314,845.0048217773438,3948733
2024-04-19,830.1490431180036,848.212916311112,823.2393602383056,844.6100463867188,4474855
2024-04-22,848.9038505305751,857.5902964864742,843.2773827275286,853.9874267578125,2662369
2024-04-23,861.7361195609246,886.9071058711235,860.2554733073836,873.8280639648438,5126456
2024-04-24,878.3193458428656,886.6109889645106,874.0748386308342,881.9716186523438,4102872
2024-04-25,881.971644020675,885.4264853794576,871.3603455615566,882.2677612304688,2376516
2024-04-26,884.439375688326,899.8380728624105,882.2184062739301,896.2845458984375,4053816
2024-04-29,901.2200624306803,903.1942575291046,865.5364619276003,874.6671142578125,3109393
2024-04-30,877.3322601336718,895.7909957316109,870.5213234221543,880.3428955078125,4508015
2024-05-02,876.7399907401617,889.3748263907447,870.6199743358899,884.883544921875,3099475
2024-05-03,892.2374358276089,892.2374358276089,851.6676932711831,866.8690185546875,5271160
2024-05-06,871.1136110879092,890.3620138258291,864.8949084067276,875.6542358398438,5317254
2024-05-07,874.3709287561401,883.4522375491921,829.9021996865735,844.8567504882812,5793580
2024-05-08,844.955451567082,853.5432117809036,835.5780254106717,841.5006103515625,5424719
2024-05-09,850.8780520676762,859.7125868155888,823.3380074898594,826.1019287109375,3748279
2024-05-10,832.1232044755027,833.5051650944512,806.8535322108942,815.1944580078125,4811461
2024-05-13,821.0676997815755,831.185449296205,800.1412204432505,827.9280395507812,3983559
2024-05-14,833.1103270205598,840.9084217161403,819.5870786201031,828.2241821289062,5869025
2024-05-15,828.1748597851035,837.0587378996041,802.115459883507,814.9971313476562,5237735
2024-05-16,821.2651515151515,835.4299770846511,815.6880263270754,830.642578125,3843468
2024-05-17,835.5780418339815,848.4103094581301,830.0503198795624,837.7990112304688,4170491
2024-05-21,841.0071064994864,845.9425942136853,834.8870896843492,840.957763671875,3184740
2024-05-22,847.3245647976395,849.4467883910115,827.4838678055696,836.4664916992188,4576451
2024-05-23,840.0199577506003,840.0199577506003,823.4367320913051,836.1209106445312,2828079
2024-05-24,839.9706386226302,843.2280483578008,826.0031847497766,829.3099975585938,3335343
2024-05-27,829.3593264852681,837.4041349125546,824.0289759187565,831.629638671875,3490864
2024-05-28,834.0974214135147,834.4428814535007,807.4457878298876,809.4199829101562,3216721
2024-05-29,808.1860882543161,815.2438595668341,801.7206115978119,807.7418823242188,4517186
2024-05-30,805.4715602649978,810.3577049411354,789.2831371606118,791.7015380859375,4203818
2024-05-31,798.167073578886,813.0229402534543,794.9590064660324,805.1261596679688,12210410
2024-06-03,844.8568096296108,861.7361534854188,824.2264469190432,857.9358520507812,9999975
2024-06-04,868.6458738634502,868.6458738634502,678.1853829935184,753.1554565429688,12437434
2024-06-05,766.9747954434749,788.6909415178076,737.361868978476,785.7789916992188,7296308
2024-06-06,788.7896354791404,825.1642166852433,788.6909498222793,818.4519653320312,5439648
2024-06-07,818.4519008767189,837.7989874148686,811.6902469799211,832.5673828125,4266992
2024-06-10,835.0351436301261,845.6957845991792,827.1877064419167,836.663818359375,3204208
2024-06-11,842.9319065479805,858.3799459880096,838.2925363344567,844.9554443359375,3639409
2024-06-12,845.9425862748528,854.7277784227424,839.2796779232131,848.6571044921875,3293555
2024-06-13,852.6548333374986,869.0900312912643,847.1271112752173,862.7725830078125,4081481
2024-06-14,866.0793861573111,872.2487456431375,860.6503498097838,867.2638549804688,3033968
2024-06-18,869.6328691545276,876.4438657815849,861.5386578688265,867.4612426757812,2186628
2024-06-19,869.9783600352632,871.1628890882098,839.6251118227137,848.7064208984375,4384765
2024-06-20,850.6313032670454,865.3390806805004,845.9425899621211,863.216796875,1952972
2024-06-21,863.7103672504207,868.3497378440395,842.9813184364107,845.05419921875,2496508
2024-06-24,838.5393608305865,838.5393608305865,822.7458001792746,829.6061401367188,4054032
2024-06-25,830.1490304317957,832.6167742796904,803.7935140867492,814.010009765625,6394175
2024-06-26,814.7996733698369,825.2135403280346,811.4928604747157,815.0464477539062,4869959
2024-06-27,815.8360532930512,820.2286490535961,801.3257085352242,806.2118530273438,6534966
2024-06-28,806.4586371461996,819.1922186738833,802.510247245851,814.108642578125,3751351
2024-07-01,815.342539580048,821.0183502369309,808.9757486197536,814.7503051757812,1970264
2024-07-02,816.3296354046232,830.1490004537947,807.3964150473676,819.685791015625,3484392
2024-07-03,822.2522500976316,831.6296767193933,817.5141939593246,830.297119140625,1939722
2024-07-04,831.1361239777921,836.0716116498693,822.8938836644842,827.7799682617188,1817264
2024-07-05,829.1125809971612,830.4451385613892,819.340291367317,822.0548095703125,2792876
2024-07-08,822.0548124921089,828.9151523881384,817.3660992157246,824.9174194335938,1202880
2024-07-09,825.2629079406605,829.9516213787963,820.6729404077096,827.7306518554688,1237622
2024-07-10,834.0973770785746,841.9941569799101,812.2825467001946,825.9044799804688,4948598
2024-07-11,826.2005894941767,832.0244887163134,819.5870243387795,821.2157592773438,1293318
2024-07-12,827.0890139052159,827.0890139052159,808.9757387508462,811.0980224609375,2543048
2024-07-15,816.3296376043954,824.9173979576235,808.0873975269179,822.54833984375,1494904
2024-07-16,822.5484046243695,840.711024267413,820.3767778902319,832.8635864257812,3157792
2024-07-18,831.1360505306642,836.0221949437646,816.0334716382469,833.9986572265625,4433926
2024-07-19,837.0587132168621,837.0587132168621,797.574811650029,805.866455078125,4601334
2024-07-22,804.5338136748909,823.1406378915818,795.0577016756082,821.1664428710938,3125767
2024-07-23,826.1512761601634,828.2241568399218,768.1592972289254,798.9073486328125,11426098
2024-07-24,789.6780421674407,818.6987343161555,786.7167495093128,808.8277587890625,6572592
2024-07-25,807.9886445401576,811.8876917048659,792.1950845799413,801.22705078125,3694096
2024-07-26,806.9029277085389,832.7648963184296,803.8428890661629,818.994873046875,5503367
2024-07-29,823.1899878073484,864.6974264210669,819.7844893181461,858.7748413085938,8358895
2024-07-30,863.3648572370357,874.0254982463179,858.7748297376536,868.547119140625,4629527
2024-07-31,876.1415525884813,885.0762011436475,864.0798133941851,882.6936645507812,4091190
2024-08-01,883.5374513077196,894.4575771103993,860.9526456703593,867.5543823242188,6040354
2024-08-02,851.7698350522126,859.9599296200223,835.3400210982113,838.3182373046875,3305561
2024-08-05,826.7031430787875,828.9864299445817,794.5880707336461,804.2672729492188,5834107
2024-08-06,822.5336361641266,838.1692706586648,811.861695159918,814.7406616210938,5035943
2024-08-07,846.8061268281134,846.8061268281134,827.4973466360904,839.509521484375,2323809
2024-08-08,837.3751368819347,844.3243081423657,824.4695331125629,826.5542602539062,2365759
2024-08-09,841.4453265651337,841.4453265651337,822.9804103525141,824.8666381835938,1309164
2024-08-12,820.994951349038,834.6947340657317,816.4780021268771,829.3836059570312,1697136
2024-08-13,830.922293848007,831.4186631991707,804.1679737018922,807.9403686523438,1433125
2024-08-14,811.8616965063991,817.967063746415,803.3241679256572,815.6837768554688,2076958
2024-08-16,829.4332044195395,867.6536453173877,824.3702611607656,860.605224609375,8826463
2024-08-19,862.6899518062938,866.3134723884106,849.0894191588492,850.9756469726562,1552098
2024-08-20,858.7189681944444,865.6681390353243,853.7552747366731,861.0518798828125,1686482
2024-08-21,862.4417389264153,864.8243360246944,847.1039140121519,854.30126953125,1781137
2024-08-22,856.2371430162569,860.2080978824193,847.8484887430965,853.0107421875,1597012
2024-08-23,853.0107454925233,864.2783057321304,841.5942502080728,843.33154296875,2524444
2024-08-26,851.5216201655902,851.5216201655902,834.8932469358921,842.6365966796875,1382673
2024-08-27,842.6366287649731,854.2020593004054,837.2758759345128,840.2044067382812,3312432
2024-08-28,841.8424215274233,843.3315295843704,827.9440796625837,831.0215454101562,2135655
2024-08-29,831.0215679304064,832.21286652664,812.5566517606577,825.859375,4348398
2024-08-30,827.9937498082351,843.3812005724131,827.9937498082351,838.9635009765625,4433064
2024-09-02,843.8279300040984,847.7492601501574,837.2261931384572,842.0906372070312,1639881
2024-09-03,843.8279096581729,853.0107427926882,840.0058898335651,841.4453125,2402444
2024-09-04,834.595461623831,845.6644620974689,829.1850234321605,844.1753540039062,1426084
2024-09-05,846.8061345388413,847.7988732663194,834.0494661275328,835.53857421875,942254
2024-09-06,833.9005471388548,834.8932858854487,803.6716401866784,808.3375244140625,3788122
2024-09-09,807.6426014612593,826.2564531048196,806.1534933297745,820.7467651367188,2517054
2024-09-10,824.2709665396766,829.9295894955391,814.9392587067474,823.7745971679688,2172160
2024-09-11,823.9731560864494,829.3339695315084,814.2939533492894,818.0167236328125,1543757
2024-09-12,823.9731395668585,830.9719354411724,821.2927328980677,829.830322265625,1310892
2024-09-13,833.9005522706478,860.1585043980392,829.9792220790774,857.3291625976562,4679178
2024-09-16,862.6899482648981,874.4042530504478,852.2661916978309,855.8400268554688,3120053
2024-09-17,855.7407948828736,859.662125028862,847.7988849535661,854.59912109375,1262957
2024-09-18,850.876360483676,857.3788477857614,842.8352008256588,854.4502563476562,1326773
2024-09-19,861.6972220703071,868.5471435793105,827.2491758438041,843.1329956054688,3526011
2024-09-20,847.7988684293142,874.6028139182972,846.9550647525573,871.2274780273438,4012769
2024-09-23,877.2832179331074,912.3268825888005,873.9078820523594,903.0447998046875,6822019
2024-09-24,904.3353733653153,919.1768297458975,903.5908193053391,910.3414306640625,5638566
2024-09-25,908.3559225519326,916.2978322573048,896.0956236810495,913.7167358398438,2956612
2024-09-26,914.2131225464551,922.0557221741702,899.123481701483,917.2905883789062,4276089
2024-09-27,917.2906044720831,922.2542982192264,898.4285682329386,907.412841796875,4444599
2024-09-30,903.3426063207654,911.2348912276725,886.5652977914147,888.6500854492188,4693690
2024-10-01,890.2880570933039,909.4479019505869,888.7989490381996,907.114990234375,1899090
2024-10-03,882.0483636141396,901.4067688932344,852.564011147587,858.570068359375,5533806
2024-10-04,857.7262414407376,859.7613436683562,826.2564123620773,838.7152709960938,6178623
2024-10-07,842.289154148117,847.5506570898432,809.7769620313469,819.6547241210938,4635422
2024-10-08,817.2721393766857,837.0276638547047,817.0239547002883,833.9005126953125,2801195
2024-10-09,838.3678781065009,852.5640301762938,834.0494887615661,845.7637939453125,3340138
2024-10-10,853.7553206341729,872.3195472826344,848.2952575370939,854.5494995117188,4443507
2024-10-11,855.7407762005275,855.7407762005275,835.6378171308515,840.4525756835938,2156169
2024-10-14,843.8279234452657,858.5204445821553,837.6729311793898,856.63427734375,2214137
2024-10-15,858.7190077257281,870.880057257104,850.8267226461567,869.0931396484375,2052716
2024-10-16,872.6173140198944,881.4527126534674,859.2649664366926,878.3255615234375,3343590
2024-10-17,881.5519925958188,881.6512422320734,846.6075771673216,854.748046875,4342357
2024-10-18,854.6487617649063,873.9574807961835,840.6014850760102,868.7952880859375,2492488
2024-10-21,868.6960299174747,877.9781735728482,850.8763572602053,854.4998779296875,1786182
2024-10-22,851.7698493600126,852.7625881121804,806.1038667602916,809.2310180664062,4910152
2024-10-23,809.6280837021443,812.7552350333265,791.0638567694001,799.5021362304688,6343961
2024-10-24,803.621969700547,812.0602485670752,792.2054747634793,795.580810546875,2654323
2024-10-25,799.1546548379434,801.884686267514,761.0334644573363,771.3579711914062,3787373
2024-10-28,788.234569468894,833.5034323451831,781.7817675777759,816.9247436523438,12404776
2024-10-29,814.0953504819012,831.8157724506566,809.0820322166198,826.4053344726562,3086644
2024-10-30,823.9731271018686,836.3327361267891,817.0239561504071,820.3992919921875,2654524
2024-10-31,822.8811231555051,823.5759917639041,808.3871019478573,813.8967895507812,2475258
2024-11-01,818.0166783241655,822.3847527850108,813.0529848877324,817.7684936523438,276864
2024-11-04,818.2649197108391,819.00947377791,782.3277646218276,784.1643676757812,3511025
2024-11-05,784.6607101786099,794.6377222172458,767.9330263561753,793.2478637695312,3602796
2024-11-06,801.1401453243953,824.9658745533736,798.0129941263068,822.1862182617188,2936349
2024-11-07,819.9525921679657,822.9804332721058,795.729742150915,797.5663452148438,3183930
2024-11-08,798.3605210832617,802.5300359841124,777.3144473010348,780.2926635742188,2045558
2024-11-11,779.2999106649418,785.7527124729954,766.1957471825015,771.8543701171875,2034527
2024-11-12,775.3289585551446,782.774499130258,756.566172069073,759.2962036132812,2258658
2024-11-13,756.4669110029865,763.9124514656144,738.5479890746549,743.1145629882812,4136515
2024-11-14,746.5891731915245,765.401584833384,745.5468096107282,757.161865234375,1985408
2024-11-18,774.2865583777551,774.2865583777551,750.6097041133714,754.0842895507812,2762739
2024-11-19,757.5092713153797,771.5565484983517,753.290131737903,757.6085815429688,1919376
2024-11-21,761.3809681681124,775.7756795087746,739.2429069832795,768.3301391601562,4250528
2024-11-22,774.8822281597036,803.0264084030182,770.2660292739718,797.5663452148438,5603939
2024-11-25,816.0312291241117,832.8581625729834,809.4294923889381,817.32177734375,7824936
2024-11-26,820.0021731717966,827.6958981622099,814.045740921154,821.3423461914062,1954044
2024-11-27,819.5554144122716,822.9803750153477,812.1098742281762,817.7188720703125,2279120
2024-11-28,817.7188812254454,820.3992878401217,803.0759853661167,807.9403686523438,3511735
2024-11-29,808.287901184597,822.6329882194806,801.3387299447745,816.974365234375,2517628
2024-12-02,821.9876848576022,846.6075937349441,816.2794370460911,842.9344482421875,4392800
2024-12-03,853.7552766637583,855.7407540513485,836.2830998897497,840.800048828125,3983809
2024-12-04,846.8061039186232,846.8061039186232,834.843614803464,841.7927856445312,1677057
2024-12-05,847.7988811022954,847.7988811022954,838.268613467205,844.0761108398438,1991220
2024-12-06,846.7069042386095,852.1669673644273,836.8787663753515,850.628173828125,2604765
2024-12-09,850.6281719497445,867.0580467019963,848.9901893707951,856.4357299804688,3507045
2024-12-10,858.7190243427932,864.6754568815871,854.4502598083839,862.0943603515625,2333620
2024-12-11,856.7335115520402,876.2408515501203,856.7335115520402,869.3909301757812,3124962
2024-12-12,871.4260272496012,873.0640703573786,855.2940232170996,860.8037109375,1752393
2024-12-13,856.2371451904352,866.6112769230191,839.9562059610436,864.5264892578125,2141188
2024-12-16,864.5264804287868,890.0895021835533,864.5264804287868,886.8134765625,5928710
2024-12-17,878.5737883162712,888.3026158877084,864.6258210834285,866.1149291992188,3979629
2024-12-18,873.610096543335,874.9502696137463,860.6052432065779,865.1221923828125,3550474
2024-12-19,853.7552775567297,865.3207075883234,846.8061066928958,858.1233520507812,2850728
2024-12-20,856.8327899291306,863.3849020269754,818.513098458809,824.6680908203125,2873364
2024-12-23,831.7165128835734,847.7988927568385,826.5046344444945,838.1196899414062,3024905
2024-12-24,839.2613411966181,845.7141429002364,828.2419050091075,835.5881958007812,2883051
2024-12-26,833.9005335827623,838.6160425524266,825.8593741028567,832.6099853515625,1616769
2024-12-27,834.4961505180175,840.7007675680027,812.159529138071,828.7879028320312,1052649
2024-12-30,825.9585967908463,833.7515713338792,811.1171411363686,814.7406616210938,4581041
2024-12-31,804.1183857063644,822.4344277214024,804.0191360683717,818.9102172851562,1292892
2025-01-01,815.5844702279752,820.2503542555977,808.6849241161469,818.5130615234375,929268
2025-01-02,814.0457832335832,832.1632656043306,809.3302741233887,829.333984375,2509773
2025-01-03,828.5397190374248,833.7515973649944,818.1656477923094,822.0372924804688,2125279
2025-01-06,822.9803997501789,827.9440933554273,795.6800849213129,799.9984741210938,3125197
2025-01-07,803.1256190555555,811.563898118562,798.6582948457285,804.9125366210938,2290843
2025-01-08,802.1329082013275,805.5578689995405,788.979119793323,796.7720947265625,2432853
2025-01-09,797.7648115081658,798.1619312331267,773.1449033596659,774.9815063476562,2395731
2025-01-10,775.328965321256,778.8035509532975,744.7029990584763,746.6884765625,4994931
2025-01-13,737.6048708597224,742.5189396547713,701.9159016654119,705.638671875,6770170
2025-01-14,714.6726404858674,720.7283225403992,705.9861765434039,717.998291015625,4474786
2025-01-15,724.6992826541622,736.6121475745045,714.6229601722534,729.4644165039062,5333750
2025-01-16,738.5976101998289,754.9777991357122,734.4280954432114,735.470458984375,2401114
2025-01-17,729.9607471165773,748.0782282209404,729.9607471165773,743.561279296875,2084685
2025-01-20,748.3760401831528,757.9559928163721,743.610906570676,755.0770263671875,1627004
2025-01-21,756.4669102448239,758.7998220173238,731.2513223332111,732.5419311523438,2287256
2025-01-22,736.2646918794898,739.4910927017628,695.7112790351266,708.6168823242188,5828129
2025-01-23,708.6168647235777,719.1399311915659,701.8662537507323,709.8577880859375,2810434
2025-01-24,712.7864051333266,714.7718825849515,686.0817091721868,690.2015991210938,3432119
2025-01-27,691.4425274987691,726.3869430169561,691.4425274987691,698.788818359375,17509736
2025-01-28,717.750069286555,736.4135444469835,705.0926510522486,721.4728393554688,9561702
2025-01-29,724.6992868205172,743.2138887274436,719.7355930751711,739.9874877929688,3831233
2025-01-30,739.987439170636,764.1606018853398,739.6895690919156,744.6036376953125,5414885
2025-01-31,746.4898748550299,748.5249770641994,731.648419225882,739.6399536132812,3386278
2025-02-01,743.5612790060413,761.8276951436418,731.6980395390214,755.126708984375,2992277
2025-02-03,751.2550265851245,751.900330990103,729.4147747385797,743.2138671875,3009915
2025-02-04,749.2199258908208,760.8846058786651,747.1351382186666,756.6654663085938,2249829
2025-02-05,763.2175031320013,768.379756508591,755.4741533630978,757.8567504882812,1747014
2025-02-06,785.2563350387177,787.7381818624809,755.3749235173925,758.5020141601562,5368289
2025-02-07,760.9342244167857,765.7489829437599,744.5540356328628,751.949951171875,4167198
2025-02-10,752.4959658513754,755.4245572563931,722.4656189292065,725.6423950195312,2070161
2025-02-11,723.7561379764527,725.1459963948886,697.6967470704933,703.9509887695312,3036850
2025-02-12,703.8517358603381,703.8517358603381,669.3044413384769,675.1119384765625,7283534
2025-02-13,677.0478146518445,690.9461568880994,666.2766236555325,675.7076416015625,6643970
2025-02-14,680.0260045305438,689.5066469278693,655.3067868444008,668.4109497070312,3262328
2025-02-17,665.1349548588597,674.0696035062175,645.6276144086762,669.8504638671875,2808264
2025-02-18,669.8504473565629,670.2971918963121,655.8528557241704,667.2196655273438,2872673
2025-02-19,663.149484347355,691.4425386945102,659.0295943021238,685.138671875,3466893
2025-02-20,684.9401180423603,693.3783974834121,678.2887562469028,689.8541870117188,1903490
2025-02-21,688.9606930925546,702.3626662290812,675.558719956028,681.2669677734375,3053379
2025-02-24,675.0127226328286,676.0054613790812,663.3480423643609,668.80810546875,2459765
2025-02-25,667.6663961400883,670.0986180573553,650.293469005268,652.03076171875,4142697
2025-02-27,655.2075280743655,661.5610798561132,635.3527544963545,637.7353515625,3207791
2025-02-28,626.5670447386622,636.3951213565803,620.5609272259803,630.93505859375,5887750
2025-03-03,635.3031867716322,646.272938040876,617.4835137656297,642.5997924804688,3527932
2025-03-04,631.3818038948837,645.0319608187118,625.1771871113255,638.6287841796875,2270848
2025-03-05,635.3527820163946,659.0295762969391,634.707477610374,656.5477294921875,2310187
2025-03-06,663.1494618255044,665.7305582485193,657.5901492565666,660.4690551757812,2348012
2025-03-07,667.1204287110186,674.3674093449926,656.8952318774418,662.2063598632812,5371744
2025-03-10,662.0077732711776,666.1276630844156,638.3309796770183,642.4011840820312,2379990
2025-03-11,636.345512145734,670.0490034175549,631.4314434202879,669.2051391601562,3958044
2025-03-12,674.0199936837134,678.0405735460841,654.3637783405949,663.8444213867188,4082620
2025-03-13,666.078079448121,670.1482841047725,651.9315521965395,653.3213500976562,2911477
2025-03-17,656.9944729587419,657.4908423188788,647.2160208008311,650.7898559570312,1805199
2025-03-18,650.7898559570312,650.7898559570312,650.7898559570312,650.7898559570312,0
2025-03-19,672.0840952556201,693.6265370151452,670.8927967054601,692.48486328125,3398422
2025-03-20,692.9316292835485,701.3699084367149,684.0466055862336,689.2584838867188,4635864
2025-03-21,689.8541850731439,712.2900566989305,689.2585054649762,690.846923828125,7145524
2025-03-24,704.8941148471815,708.815444903063,686.3795741051013,700.87353515625,6247058
2025-03-25,704.8941234497123,708.5176440527024,686.5780817542031,690.1519775390625,2989679
2025-03-26,690.4994251194471,698.6895198030963,673.3250568709152,675.5090942382812,5591317
2025-03-27,675.0623312114197,687.5211900587673,667.1204214324619,683.5006103515625,2634496
2025-03-28,688.0671997677089,689.9534276195697,673.2258040068738,675.5587158203125,2797361
2025-04-01,673.4242999629046,673.9206693328462,648.6058314658275,658.2850341796875,3528179
2025-04-02,657.6893751569099,680.0259954452578,653.2716759148224,678.189453125,3607433
2025-04-03,672.1337223868854,686.6773685282595,670.6446143420469,675.1119384765625,1979635
2025-04-04,673.0768303756553,674.7644982634259,644.0392237554667,649.2014770507812,2860941
2025-04-07,610.5343118365042,622.8939209993919,596.8345296405167,603.634765625,4377794
2025-04-08,616.5403738009521,628.304364061845,606.8115464023823,617.0367431640625,3688073
2025-04-09,615.4980084522017,619.816397661815,602.6420298669445,608.39990234375,2405075
2025-04-11,620.4616968165603,627.9072371783591,613.5125258122149,619.0718383789062,2743770
2025-04-15,630.3891180060621,658.9799824208573,625.8225439076864,657.9872436523438,5255187
2025-04-16,657.9872289158333,660.8165706979092,647.2656625744047,651.4848022460938,2166202
2025-04-17,655.20753867125,668.3117015630672,651.7329532389024,664.539306640625,3423114
2025-04-21,684.9897182088481,684.9897182088481,662.206352419596,670.9921264648438,3481313
2025-04-22,673.0768301636633,687.9679104770187,663.3480031439966,680.0260009765625,3717001
2025-04-23,684.9897078060653,690.8468904139455,674.3673915231441,682.7064208984375,3113518
2025-04-24,683.9969951509115,684.5429893421457,673.3250536445656,675.5587158203125,1968312
2025-04-25,676.0550724740546,680.9195164687295,644.2378084209444,648.8043823242188,4496994
2025-04-28,650.2438854984556,660.1712730633175,648.2584079854831,659.0792846679688,2545802
2025-04-29,662.3552612902464,666.0284065350412,650.5912715437534,654.0658569335938,3145915
2025-04-30,654.065861645122,679.9267529922184,650.9387711269162,669.4036865234375,7339914
2025-05-02,671.0417694731383,687.4715836499166,667.1204392963812,680.3238525390625,3039236
2025-05-05,687.6700998770492,693.924341480152,678.5368918479026,688.7124633789062,2634868
2025-05-06,688.7124703432156,693.5272287819836,667.1204037054283,672.2330322265625,3346141
2025-05-07,663.8443680579911,676.4521614242267,660.7172169762694,674.3177490234375,2855850
2025-05-08,674.3178083780246,682.2597185245453,642.7983524840205,650.2935180664062,2824149
2025-05-09,640.2668246368888,646.2728815404937,613.4132554255262,627.113037109375,9789600
2025-05-12,653.2220940628443,677.4449436721733,650.2438778285153,675.5587158203125,4980754
2025-05-13,672.1337386224303,679.9267739338379,670.0986363637182,672.9279174804688,2028681
2025-05-14,676.2039926163736,694.1229141091559,672.3819122499488,683.6991577148438,4041177
2025-05-15,684.98970696152,706.7803336709347,681.5647463083201,703.9013671875,3545961
2025-05-16,705.8372162854307,717.9486405538684,699.9304088971392,710.70166015625,4044539
2025-05-19,713.7791603072005,733.6339352809752,708.0709125022403,732.2937622070312,5036812
2025-05-20,764.4088143675866,777.2151680918288,737.4559338839443,748.0286254882812,22921338
2025-05-21,759.0479816384642,772.9463233625728,743.0152880761871,769.5214233398438,8436181
2025-05-22,766.9899109886906,773.7405827596116,760.0904253568802,770.1666870117188,3524173
2025-05-23,770.3652639296926,773.3434801562248,764.5577665247403,770.8616333007812,2652923
2025-05-26,774.3361979365911,784.759954447276,769.3725043600745,772.1521606445312,3757056
2025-05-27,772.3507123265312,777.3144058504806,764.6569873644096,768.4293823242188,4213811
2025-05-28,768.4293893544207,775.031126038456,762.1255227581169,766.394287109375,2474259
2025-05-29,774.3362312376969,793.6450121991325,771.5565748336982,787.9863891601562,5339086
2025-05-30,789.1280487799802,796.9210236533519,784.2636047164721,792.0565795898438,6655557
2025-06-02,791.2127608571543,808.6849381148307,783.9161554925593,804.8132934570312,3575806
2025-06-03,808.0397152358931,810.8193716090894,795.1837363439004,798.7079467773438,3447783
2025-06-04,803.1256580423806,803.9198369331765,789.9222446330065,797.5663452148438,2205496
2025-06-05,801.1401797968388,824.2709808002131,799.3532621461683,819.7044067382812,5496684
2025-06-06,820.0021936188984,878.0277846925268,816.180173732884,873.95751953125,13717251
2025-06-09,880.0132501481448,880.3606844632357,868.1996351475783,872.22021484375,3012214
2025-06-10,872.6173304544616,876.2904758182256,858.6197388102365,861.6972045898438,2393636
2025-06-11,861.6972309061432,873.3122863443539,856.7335371797253,862.2432250976562,2499361
2025-06-12,863.5834182249386,863.5834182249386,839.4598193732659,841.6934814453125,2751252
2025-06-13,820.498563979901,850.5785355137659,820.0021946127019,845.06884765625,3951233
2025-06-16,846.0615867819026,856.7335281816156,837.8714922193321,852.7625732421875,2204028
2025-06-17,854.0034836346287,876.0422953306891,843.4804774424372,845.2673950195312,5285974
2025-06-18,857.8254943832368,860.9526455540027,835.5881836523263,838.6656494140625,4708094
2025-06-19,838.8642127322573,843.8279062987203,827.7951518422597,833.80126953125,4347684
2025-06-20,834.7443349180094,851.7698283342021,831.2201245532011,848.0470581054688,4388235
2025-06-23,841.5446229278979,855.1947802932756,838.5167819579704,846.2601318359375,2520182
2025-06-24,856.7335156939745,862.3921385185729,841.3460655279761,843.33154296875,3345722
2025-06-25,846.3097588741555,849.38722466964,839.0131535183014,848.1463012695312,2739707
2025-06-26,847.5010867435467,848.7916350058644,828.3908657214848,840.948974609375,5014664
2025-06-27,844.0264607778885,853.7056631707726,835.3896219089225,839.6583862304688,3690392
2025-06-30,842.83517753778,845.1680893047801,830.0288237483005,831.7164916992188,2198839
2025-07-01,838.8642334134279,845.2177855719247,830.4755789609009,837.3255004882812,3414388
2025-07-02,843.8279218039817,844.4732262162643,818.5130841498623,825.859375,3762205
2025-07-03,825.8593913749786,832.7092524032034,821.9876860084428,823.6753540039062,1521725
2025-07-04,823.9731331419147,833.9005202882028,820.0021782833994,829.9295654296875,1218416
2025-07-07,829.5324830067856,833.1063788953262,820.9949539138748,826.4550170898438,989754
2025-07-08,824.7673052761414,838.2685880402807,816.8253956238108,836.7794799804688,2418815
2025-07-09,838.367878698617,838.367878698617,820.2503964176818,823.625732421875,2367307
2025-07-10,827.9441239302516,831.2697745317945,819.555469309208,825.5119018554688,2347785
2025-07-11,821.9876896331886,826.20682934447,805.3593154769616,809.1813354492188,1997098
2025-07-14,811.0675531243518,825.9586342710658,809.2310106863762,820.8956909179688,3604322
2025-07-15,820.8957023472577,836.382402718675,818.2152955851371,827.44775390625,2678446
2025-07-16,828.6886686130734,842.0410168714434,826.405381614593,838.1693115234375,2082060
2025-07-17,843.3315751033628,849.7843770317581,832.9574429616264,840.8993530273438,3537631
2025-07-18,843.827939066233,846.3594107650387,832.4114434200427,839.0628051757812,1809369
2025-07-21,839.0627665120862,847.6002951477408,834.6450671515595,846.4089965820312,1581419
2025-07-22,849.0894231327992,850.2310969083884,832.9574187801371,839.360595703125,2580530
2025-07-23,839.9561940164347,842.8351604975574,822.2854571868218,835.8363647460938,3083239
2025-07-24,836.3327590493873,838.2189262898751,819.0094560129035,822.9307861328125,1695817
2025-07-25,822.5832747182603,829.6813807647587,816.4283431610298,820.2999877929688,2916944
2025-07-28,819.0,820.4500122070312,785.0,787.2000122070312,3684452
2025-07-29,786.5,805.0,786.0999755859375,800.3499755859375,1706638
2025-07-30,799.8499755859375,802.6500244140625,786.0999755859375,788.7999877929688,1601532
2025-07-31,780.0,789.7999877929688,779.0499877929688,784.25,2252239
2025-08-01,782.6500244140625,795.7999877929688,775.0,777.4000244140625,2572230
2025-08-04,780.0,796.0,774.0,792.8499755859375,1554859
2025-08-05,795.0,798.7999877929688,770.0999755859375,780.9500122070312,4368329
2025-08-06,780.9000244140625,781.75,755.0999755859375,764.5,4917073
2025-08-07,759.7999877929688,763.2000122070312,746.25,759.6500244140625,3898418
2025-08-08,759.2000122070312,768.5999755859375,743.1500244140625,747.2000122070312,1923910
2025-08-11,747.25,768.5,742.1500244140625,764.9500122070312,2614700
2025-08-12,764.5999755859375,764.5999755859375,752.0,757.4000244140625,2771092
2025-08-13,758.5,767.2000122070312,753.5499877929688,757.6500244140625,1366582
2025-08-14,759.0,762.7000122070312,749.0,751.5499877929688,1437774
2025-08-18,766.0,777.9000244140625,759.0499877929688,768.9000244140625,3501272
2025-08-19,770.0,778.0,765.0499877929688,776.0999755859375,1883917
2025-08-20,775.8499755859375,779.7000122070312,769.0499877929688,770.5,1715213
2025-08-21,771.5,783.9000244140625,770.5,773.2000122070312,1946556
2025-08-22,772.0,773.2000122070312,759.0999755859375,762.5499877929688,1302086
2025-08-25,764.4500122070312,775.8499755859375,764.0,772.0,1718841
2025-08-26,768.0,769.5999755859375,753.0,754.5999755859375,2452380
2025-08-28,754.5,757.25,743.3499755859375,749.4500122070312,2806487
2025-08-29,747.0,754.0999755859375,737.5499877929688,739.0499877929688,3054170
2025-09-01,739.5499877929688,750.0,737.0,748.2999877929688,1427328
2025-09-02,749.2000122070312,765.5,745.5499877929688,754.7999877929688,1726671
2025-09-03,757.9500122070312,765.8499755859375,754.9000244140625,764.4000244140625,1432401
2025-09-04,772.0,777.2999877929688,755.9000244140625,758.0999755859375,1949211
2025-09-05,766.2000122070312,770.9000244140625,745.5999755859375,755.5499877929688,2128432
2025-09-08,757.5,764.7000122070312,755.0,757.5,1292430
2025-09-09,757.5,759.0,746.3499755859375,751.0999755859375,1667910
2025-09-10,754.0,762.4500122070312,750.0,754.2999877929688,2342062
2025-09-11,754.0,758.9500122070312,749.0,756.3499755859375,1490945
2025-09-12,759.3499755859375,764.4000244140625,754.2000122070312,758.4000244140625,1594096
2025-09-15,762.9000244140625,781.7000122070312,759.4000244140625,775.7000122070312,3676193
2025-09-16,778.0,791.3499755859375,772.7000122070312,786.75,2886766
2025-09-17,789.7000122070312,794.7999877929688,782.2999877929688,786.4500122070312,2071167
2025-09-18,789.0,792.7999877929688,781.0999755859375,783.0999755859375,2060110
2025-09-19,784.7999877929688,790.25,772.9500122070312,777.7000122070312,4131716
2025-09-22,777.7000122070312,787.5,771.0,773.75,1647107
2025-09-23,774.0499877929688,775.7000122070312,756.0999755859375,759.4000244140625,3258299
2025-09-24,757.0,761.2000122070312,731.0,733.6500244140625,3640021
2025-09-25,732.9500122070312,736.0,718.7999877929688,721.0499877929688,4485383
2025-09-26,721.0,725.9000244140625,714.0499877929688,716.0499877929688,2092671
2025-09-29,719.9000244140625,723.0499877929688,713.5,722.1500244140625,1927913
2025-09-30,721.0999755859375,722.1500244140625,708.6500244140625,713.0,3248618
2025-10-01,713.5,725.5499877929688,712.0999755859375,722.2999877929688,3535085
2025-10-03,724.4000244140625,730.5,719.2000122070312,729.2000122070312,3313673
2025-10-06,730.8499755859375,736.4000244140625,722.25,735.25,1893389
2025-10-07,735.25,739.1500244140625,729.25,737.1500244140625,1940228
2025-10-08,733.5,737.1500244140625,722.4500122070312,724.9000244140625,2211742
2025-10-09,727.0,733.6500244140625,722.0,729.0,2025840
2025-10-10,730.8499755859375,743.4000244140625,728.0499877929688,740.2000122070312,2131129
2025-10-13,738.4000244140625,743.5499877929688,730.0,741.2000122070312,1376145
2025-10-14,743.0999755859375,746.4500122070312,736.4000244140625,740.9000244140625,1964076
2025-10-15,743.0,765.0,742.25,756.2999877929688,3280013
2025-10-16,759.0,771.4500122070312,757.5499877929688,769.7000122070312,2587449
2025-10-17,769.0,773.8499755859375,762.0,767.9500122070312,3164486
2025-10-20,772.0,775.1500244140625,765.0999755859375,773.9500122070312,1256775
2025-10-21,775.0,776.7999877929688,770.0,771.75,165784
2025-10-23,776.4500122070312,782.6500244140625,772.4000244140625,774.2999877929688,3194015
2025-10-24,774.2999877929688,777.0,765.6500244140625,772.4500122070312,1843887
2025-10-27,774.7000122070312,785.7999877929688,774.2000122070312,779.5,1711268
2025-10-28,777.2000122070312,779.8499755859375,767.2000122070312,774.0499877929688,1775002
2025-10-29,774.0999755859375,786.5,772.0499877929688,778.7000122070312,2757524
2025-10-30,781.7999877929688,784.6500244140625,771.1500244140625,776.5499877929688,1835761
2025-10-31,757.0,780.9500122070312,754.0999755859375,756.25,3438729
2025-11-03,755.0,784.5,752.3499755859375,777.2000122070312,3774129
2025-11-04,777.2000122070312,784.0,771.2000122070312,774.5999755859375,3229495
2025-11-06,770.0,773.5,756.5,758.3499755859375,2753925
2025-11-07,753.5999755859375,761.6500244140625,745.0,759.4500122070312,1968749
2025-11-10,759.4500122070312,768.25,756.5,760.0,1418071
2025-11-11,762.5,766.2999877929688,752.4500122070312,765.25,1497577
2025-11-12,767.4000244140625,771.1500244140625,760.0,761.2000122070312,2364484
2025-11-13,763.0,773.9000244140625,762.7999877929688,764.7999877929688,2212671
2025-11-14,766.0,767.4000244140625,757.4000244140625,764.8499755859375,1171600
2025-11-17,768.0,772.7999877929688,764.9500122070312,768.5,1312234
2025-11-18,769.8499755859375,769.8499755859375,748.2999877929688,750.3499755859375,1247505
2025-11-19,750.3499755859375,750.8499755859375,738.5999755859375,743.6500244140625,2600689
2025-11-20,743.6500244140625,745.9000244140625,738.5999755859375,741.0999755859375,1529401
2025-11-21,739.7999877929688,739.8499755859375,721.2000122070312,725.3499755859375,3588983
2025-11-24,725.3499755859375,727.2999877929688,715.2999877929688,717.7000122070312,4800336
2025-11-25,718.2000122070312,726.0499877929688,715.25,721.2999877929688,2298762
2025-11-26,724.2999877929688,733.9000244140625,720.25,730.75,1965769
2025-11-27,732.0,734.0,723.5,725.4000244140625,1086614
2025-11-28,724.0,730.2000122070312,721.7000122070312,723.5999755859375,1444662
2025-12-01,727.0999755859375,728.9000244140625,709.7000122070312,712.5,2400147
2025-12-02,712.5,716.7000122070312,709.3499755859375,712.2000122070312,2424169
2025-12-03,714.4500122070312,715.6500244140625,705.9500122070312,708.0,1396559
2025-12-04,706.5999755859375,713.8499755859375,705.1500244140625,709.3499755859375,2869711
2025-12-05,708.0,725.25,707.1500244140625,719.75,2301587
2025-12-08,719.75,720.0499877929688,685.0499877929688,687.4500122070312,3505750
2025-12-09,684.5,699.0,679.5,690.0499877929688,3060901
2025-12-10,690.0499877929688,698.0,683.1500244140625,684.7999877929688,2350392
2025-12-11,685.0,695.7000122070312,680.1500244140625,693.6500244140625,1705673
2025-12-12,697.0,705.0,691.7000122070312,699.4000244140625,2447290
2025-12-15,695.0,698.7999877929688,690.2999877929688,697.9000244140625,1519781
2025-12-16,697.0,697.0,689.0,691.9500122070312,1299419
2025-12-17,690.0,691.9000244140625,680.0499877929688,683.0999755859375,1751896
2025-12-18,681.0999755859375,686.5,672.0,679.0499877929688,1597174
2025-12-19,679.2000122070312,694.6500244140625,679.2000122070312,691.2000122070312,1311420
2025-12-22,695.0,696.0,690.25,692.0499877929688,1007869
2025-12-23,692.0999755859375,699.0,688.3499755859375,694.25,1843580
2025-12-24,693.0999755859375,703.9500122070312,692.3499755859375,694.9000244140625,2407071
2025-12-26,692.8499755859375,696.5499877929688,689.0499877929688,695.0,1226524
2025-12-29,695.0999755859375,697.5,686.2999877929688,688.75,1236240
2025-12-30,685.5499877929688,686.7000122070312,676.2000122070312,680.6500244140625,1717351
2025-12-31,680.6500244140625,692.5499877929688,680.0999755859375,687.4000244140625,1781196
2026-01-01,690.2000122070312,693.8499755859375,681.9500122070312,691.4000244140625,1564403
2026-01-02,692.6500244140625,707.4500122070312,692.6500244140625,698.2000122070312,4064871
2026-01-05,702.0,713.7999877929688,696.4500122070312,711.3499755859375,4016984
2026-01-06,715.0,715.0,702.75,706.2999877929688,2417169
2026-01-07,705.0,706.0,693.0,703.25,2701653
2026-01-08,703.1500244140625,713.75,690.0,692.4000244140625,3614003
2026-01-09,692.5999755859375,693.75,666.5999755859375,670.9000244140625,3796350
2026-01-12,668.0,668.0,648.75,659.6500244140625,4901801
2026-01-13,660.0,665.25,641.0499877929688,652.4000244140625,8029667
2026-01-14,652.0,654.4500122070312,642.2999877929688,651.0499877929688,7138253
2026-01-15,651.0499877929688,651.0499877929688,651.0499877929688,651.0499877929688,0
2026-01-16,654.5,666.2000122070312,646.0499877929688,649.8499755859375,5189752
2026-01-19,649.0,651.8499755859375,636.6500244140625,641.8499755859375,2279973
2026-01-20,640.0,640.8499755859375,608.8499755859375,612.9000244140625,7084565
2026-01-21,615.0,622.9000244140625,607.5,617.6500244140625,5619055
2026-01-22,625.2999877929688,625.5499877929688,607.0999755859375,613.2999877929688,7416397
2026-01-23,620.0,622.0,586.6500244140625,588.4500122070312,10792256
2026-01-27,596.0,611.2999877929688,589.25,609.5499877929688,9013655
2026-01-28,610.0,627.4000244140625,606.0499877929688,625.5499877929688,6678297
2026-01-29,627.0,641.75,624.9000244140625,638.5499877929688,4990065
2026-01-30,633.0999755859375,638.9000244140625,627.0,635.75,3937443
2026-02-02,614.0,628.5499877929688,610.0499877929688,626.2999877929688,2411331
2026-02-03,670.0499877929688,674.4000244140625,645.8499755859375,650.4000244140625,5722963
2026-02-04,652.2000122070312,662.5499877929688,637.1500244140625,659.8499755859375,2438362
2026-02-05,660.0,663.25,647.6500244140625,661.2999877929688,2184966
2026-02-06,660.8499755859375,665.6500244140625,649.2999877929688,663.75,2687146
2026-02-09,668.0999755859375,673.7999877929688,666.4500122070312,671.1500244140625,1727533
2026-02-10,673.0,676.5999755859375,667.0,671.7999877929688,2932204
2026-02-11,674.4000244140625,674.4000244140625,662.0499877929688,672.0499877929688,2011690
2026-02-12,670.0999755859375,670.25,650.0999755859375,651.7999877929688,3109096
2026-02-13,641.5999755859375,641.5999755859375,623.5499877929688,626.4000244140625,4838136
2026-02-16,625.3499755859375,645.2999877929688,622.0,643.7999877929688,2231253
2026-02-17,643.0,643.2999877929688,635.7000122070312,639.0499877929688,1136224
2026-02-18,639.0499877929688,645.3499755859375,632.3499755859375,642.4500122070312,908272
2026-02-19,642.4500122070312,644.4500122070312,617.4000244140625,620.5,2131815
2026-02-20,620.0,630.5999755859375,616.0,629.2999877929688,3422127
2026-02-23,632.5,634.0,622.8499755859375,626.2999877929688,1932609
2026-02-24,623.1500244140625,624.2999877929688,608.25,611.6500244140625,2835264
2026-02-25,617.0,623.8499755859375,607.4500122070312,611.2000122070312,3522834
2026-02-26,614.0,616.4500122070312,605.0999755859375,610.7999877929688,2671861
2026-02-27,610.0,613.0499877929688,600.9000244140625,603.8499755859375,4023729
2026-03-02,580.0,594.1500244140625,577.25,590.2000122070312,4242819
2026-03-04,578.25,578.75,562.75,569.0499877929688,14902221
2026-03-05,571.4500122070312,589.3499755859375,571.4500122070312,585.1500244140625,7827655
2026-03-06,584.5999755859375,584.8499755859375,574.8499755859375,577.5499877929688,5424431
2026-03-09,566.0,577.4000244140625,553.5499877929688,574.9500122070312,4442106
2026-03-10,580.2000122070312,587.0,575.25,584.5499877929688,4701725
2026-03-11,585.2999877929688,595.0,571.6500244140625,573.2000122070312,3717062
2026-03-12,568.4000244140625,571.75,555.5499877929688,558.0999755859375,3176429
2026-03-13,557.25,558.9000244140625,540.4500122070312,542.75,5007908
2026-03-16,543.0,545.7000122070312,524.5999755859375,530.3499755859375,6921559
2026-03-17,531.25,550.5499877929688,529.7000122070312,547.7999877929688,5442204
2026-03-18,549.0,570.75,546.0,563.0999755859375,4832205
2026-03-19,552.0,552.0,539.0499877929688,542.25,3598745
2026-03-20,549.0,558.0,538.8499755859375,540.75,4266475
2026-03-23,534.0,534.0,512.0499877929688,514.75,4277345
2026-03-24,524.0,531.25,516.0,521.0,5334313
2026-03-25,526.9000244140625,541.8499755859375,525.75,534.3499755859375,5993288
2026-03-27,527.0,530.75,520.0,523.0,7748625
2026-03-30,518.0,522.4000244140625,502.1000061035156,504.1000061035156,6410832
2026-04-01,519.9500122070312,524.5499877929688,507.0,509.75,6453918
2026-04-02,501.0,524.4500122070312,489.3999938964844,522.25,7852289
2026-04-06,521.7000122070312,531.4500122070312,513.5999755859375,529.2000122070312,5046388
2026-04-07,525.0,538.3499755859375,518.2999877929688,534.0999755859375,6261020
2026-04-08,555.0,574.8499755859375,555.0,572.8499755859375,14722143
2026-04-09,570.0,572.4000244140625,560.0499877929688,562.9500122070312,4323997
2026-04-10,569.9500122070312,576.0,564.2000122070312,569.5999755859375,6281265
2026-04-13,553.0,571.0499877929688,546.0,568.4000244140625,4218013
2026-04-15,578.2000122070312,590.4500122070312,575.7000122070312,587.4500122070312,6111306
2026-04-16,592.0,597.8499755859375,581.6500244140625,589.7000122070312,4368390
2026-04-17,590.7999877929688,604.8499755859375,586.25,601.75,4107527
2026-04-20,602.0,604.6500244140625,590.3499755859375,596.4000244140625,3259425
2026-04-21,595.6500244140625,609.7999877929688,595.6500244140625,607.5499877929688,4113329
2026-04-22,607.2000122070312,614.7999877929688,605.4500122070312,610.6500244140625,3636503
2026-04-23,604.0,605.25,591.0,592.7999877929688,3196418
2026-04-24,591.0999755859375,595.5,583.0499877929688,587.0499877929688,2012903
2026-04-27,592.9000244140625,599.7999877929688,590.2999877929688,592.4500122070312,1919223
2026-04-28,594.0,595.7000122070312,586.4500122070312,587.9000244140625,2274236
2026-04-29,589.7999877929688,605.9000244140625,589.3499755859375,594.4500122070312,2775100
2026-04-30,590.0,591.9000244140625,579.7999877929688,587.0,3576402
2026-05-01,587.0,587.0,587.0,587.0,0
2026-05-04,592.7999877929688,608.7000122070312,592.0499877929688,607.2000122070312,4087011
2026-05-05,607.7000122070312,611.9000244140625,595.0999755859375,597.2999877929688,3543975
2026-05-06,600.0499877929688,611.7999877929688,594.4500122070312,609.5999755859375,2570866
2026-05-07,615.0,620.0,607.75,618.8499755859375,3487352
2026-05-08,617.0999755859375,619.9500122070312,606.0,608.25,3094759
2026-05-11,600.0,600.0,588.5999755859375,590.25,2077435
2026-05-12,586.9000244140625,590.5999755859375,566.2999877929688,569.2000122070312,5767697
2026-05-13,568.75,581.2000122070312,567.1500244140625,574.1500244140625,3004699
2026-05-14,572.0999755859375,588.4500122070312,553.7999877929688,583.25,6135572
2026-05-15,586.5499877929688,587.8499755859375,564.0999755859375,566.75,3229504
2026-05-18,560.75,575.0,554.0,573.1500244140625,3510805
2026-05-19,574.4500122070312,585.4000244140625,571.5,577.4000244140625,4100328
2026-05-20,570.1500244140625,584.7000122070312,565.2000122070312,583.2999877929688,2939738
2026-05-21,589.7999877929688,591.9000244140625,582.8499755859375,587.9500122070312,2819385
2026-05-22,588.9000244140625,594.0,584.0999755859375,586.7000122070312,1895533
2026-05-25,592.0,596.4000244140625,589.1500244140625,592.2999877929688,2007544
2026-05-26,592.1500244140625,596.75,587.0999755859375,589.7999877929688,2572405
2026-05-27,590.0499877929688,600.6500244140625,590.0499877929688,593.9000244140625,1918632
2026-05-28,593.9000244140625,593.9000244140625,593.9000244140625,593.9000244140625,0
2026-05-29,595.0,607.9000244140625,586.5499877929688,590.5999755859375,16165925
2026-06-01,595.0,601.9000244140625,577.75,580.0499877929688,2942650
2026-06-02,576.2999877929688,595.7999877929688,572.0,591.8499755859375,4592067
2026-06-03,590.0999755859375,591.1500244140625,573.5499877929688,581.5499877929688,3682605
2026-06-04,577.0,581.6500244140625,573.1500244140625,577.7999877929688,5027572
2026-06-05,581.4000244140625,588.0,574.0999755859375,577.7000122070312,3387619
2026-06-08,571.0,574.25,557.5,561.2999877929688,3320761
2026-06-09,564.0,577.0999755859375,563.0,575.1500244140625,2432848
2026-06-10,573.0,577.6500244140625,560.5999755859375,563.2000122070312,1260168
2026-06-11,560.9000244140625,565.7999877929688,555.5,563.0,1602495
2026-06-12,571.0,589.2000122070312,565.5499877929688,587.0499877929688,4184509
2026-06-15,601.0,620.2999877929688,598.2999877929688,614.4500122070312,9305171
2026-06-16,618.0,632.0,611.7000122070312,629.2999877929688,5391666
2026-06-17,633.0499877929688,633.75,618.2000122070312,623.5499877929688,4073230
2026-06-18,623.5499877929688,644.0,623.0,640.7000122070312,9821046
2026-06-19,639.0,639.0,619.6500244140625,624.5,4202998
2026-06-22,627.4000244140625,631.7999877929688,625.0999755859375,627.5999755859375,2667900
2026-06-23,626.9500122070312,636.4000244140625,610.0499877929688,612.3499755859375,3687207
2026-06-24,611.7999877929688,622.6500244140625,609.4000244140625,618.1500244140625,3632508
2026-06-25,622.0,631.75,620.0,621.3499755859375,3891469
2026-06-26,621.3499755859375,621.3499755859375,621.3499755859375,621.3499755859375,0
2026-06-29,622.0,628.5999755859375,611.4000244140625,614.75,3087847
2026-06-30,614.2999877929688,625.5,608.6500244140625,620.0499877929688,3349530
2026-07-01,620.4500122070312,650.6500244140625,618.0,648.7000122070312,4916575
2026-07-02,649.0499877929688,660.3499755859375,647.4500122070312,658.2000122070312,5464836
2026-07-03,661.2000122070312,678.0,656.5999755859375,675.9000244140625,6688508
2026-07-06,677.25,684.2000122070312,670.0999755859375,673.2999877929688,6412614
2026-07-07,673.2999877929688,673.2999877929688,649.9000244140625,651.0999755859375,5693740
2026-07-08,647.0,664.8499755859375,630.75,634.0,4900333
2026-07-09,637.1500244140625,666.0,635.0,659.5999755859375,6397185
2026-07-10,670.0,692.0,654.5499877929688,685.75,11338298
2026-07-13,679.5499877929688,690.25,673.3499755859375,682.3499755859375,6977830
2026-07-14,678.0,681.5999755859375,665.4000244140625,671.4500122070312,2589578
2026-07-15,671.5,681.4000244140625,655.4500122070312,657.75,5657410
2026-07-16,661.0,661.4500122070312,646.7000122070312,648.0999755859375,6440702
2026-07-17,649.0,677.0,647.0999755859375,667.7999877929688,9526166
2026-07-20,665.0,669.7999877929688,654.1500244140625,668.5999755859375,2754612
2026-07-21,,,,,415475
