date,open,high,low,close,volume
2021-08-06,2580.246694823254,2603.5046244421737,2580.246694823254,2592.182373046875,799082
2021-08-09,2607.0401145680653,2628.6388627859906,2579.507644312248,2590.900390625,516622
2021-08-10,2590.9478937081344,2614.635265606883,2572.0074994157885,2595.979736328125,733892
2021-08-11,2597.1189245596593,2610.837643273476,2561.469076927941,2580.6943359375,361517
2021-08-12,2595.6473254819807,2601.2486662790398,2469.3777225964272,2484.140869140625,2248827
2021-08-13,2444.6933158404872,2495.865638552806,2395.5621006580623,2417.92041015625,4134045
2021-08-16,2424.7558333647985,2427.1768379737887,2356.3993650788684,2369.548583984375,1022752
2021-08-17,2367.7923599746973,2411.4645526606782,2346.14609637314,2388.3466796875,1298630
2021-08-18,2398.1731177842685,2467.478991734487,2398.1731177842685,2458.60205078125,1901521
2021-08-20,2411.4647293193416,2498.619288334624,2393.663562518264,2469.994873046875,2187864
2021-08-23,2487.4165181093995,2489.7424910153095,2406.717890613484,2415.262451171875,1271399
2021-08-24,2427.984101529509,2444.693556024905,2390.5780093478484,2418.96484375,1277071
2021-08-25,2429.503211544752,2452.5260536236733,2412.6039244038443,2448.9658203125,721584
2021-08-26,2434.724776143283,2454.1873840243275,2417.6356570282205,2448.253662109375,440543
2021-08-27,2440.136220555467,2455.7064455259765,2418.6800217419927,2445.73779296875,541875
2021-08-30,2450.104824726089,2476.213199955597,2416.9710157855875,2424.70849609375,926194
2021-08-31,2424.755946123857,2561.3738567952155,2416.211387190766,2543.667724609375,2381821
2021-09-01,2544.3799849387224,2626.977394897554,2527.3383817699364,2566.3583984375,1997385
2021-09-02,2566.2159979998546,2608.748962118948,2550.5984886163615,2594.8876953125,898434
2021-09-03,2600.0618522132722,2712.4229005745046,2575.709950738058,2660.77587890625,2305890
2021-09-06,2660.775815958178,2741.8540957425353,2660.775815958178,2700.93505859375,1197932
2021-09-07,2700.9352413790116,2734.2591170828655,2664.0038481022643,2680.285888671875,545226
2021-09-08,2661.250836192369,2680.2860320937634,2622.467934134347,2658.3076171875,616049
2021-09-09,2656.408440117065,2689.589764375338,2631.7241586863843,2675.586181640625,456149
2021-09-13,2672.548153583166,2672.548153583166,2636.5186431274055,2663.05419921875,287427
2021-09-14,2676.1559849265277,2724.7649864105183,2667.4688773442444,2677.580078125,672701
2021-09-15,2677.5804437017828,2707.6287215777165,2659.4468951176814,2698.134765625,412751
2021-09-16,2722.8662686883627,2737.486866538046,2699.6535952863487,2715.4609375,570872
2021-09-17,2720.3027197456386,2786.4280174620894,2719.3533243338534,2751.8701171875,1375879
2021-09-20,2711.568698755626,2713.894671475065,2617.15112672592,2670.649658203125,1190719
2021-09-21,2667.8015197549153,2715.176265416224,2647.6743802691294,2709.95458984375,595121
2021-09-22,2715.2710533226773,2733.7842650498774,2682.0422117610365,2698.989013671875,424342
2021-09-23,2707.2962998678126,2731.125987840515,2699.5110713408635,2712.470458984375,452680
2021-09-24,2716.6952351180007,2798.865462359167,2716.6952351180007,2782.67822265625,806905
2021-09-27,2814.957723614185,2842.490193760833,2723.19873909847,2733.64208984375,1331462
2021-09-28,2736.15787350856,2795.6374097932217,2719.543452000441,2737.15478515625,838118
2021-09-29,2724.7649809994064,2743.752890274664,2691.5361397677066,2699.36865234375,386614
2021-09-30,2699.1315493795028,2702.7868149624,2631.2972836708736,2649.00341796875,861344
2021-10-01,2645.9653627546077,2652.7061637846086,2612.926351695624,2632.151611328125,411006
2021-10-04,2620.3316379196754,2630.7749886505144,2570.963070828435,2606.945068359375,874865
2021-10-05,2591.8496174826655,2647.8639498751477,2590.9477381488005,2620.426513671875,452282
2021-10-06,2629.8257623450954,2642.6426027030952,2576.279944230532,2590.85302734375,589264
2021-10-07,2615.584676974413,2714.2267795186785,2607.1351494982314,2678.197265625,897524
2021-10-08,2696.283339151053,2727.565875901253,2672.073752831211,2675.34912109375,572893
2021-10-11,2686.7893677881457,2751.9652786421675,2685.1279255995837,2707.438720703125,622401
2021-10-12,2715.2712171000467,2784.956756321004,2707.7235689901363,2762.361328125,786357
2021-10-13,2763.6901366263282,2809.973164506965,2710.761340639754,2758.705810546875,687451
2021-10-14,2757.9936700731864,2775.6050013115746,2701.0299453900916,2708.81494140625,497012
2021-10-18,2735.2083442388307,2735.2083442388307,2670.5071357870133,2683.323974609375,360160
2021-10-19,2698.846592214524,2698.846592214524,2551.263105323064,2566.880615234375,999095
2021-10-20,2568.114629698098,2573.8110022593505,2483.903301691444,2517.037109375,1159620
2021-10-21,2541.53166517586,2561.4689699829923,2465.010297820751,2528.572509765625,816204
2021-10-22,2555.772687892399,2555.772687892399,2469.1878645854904,2480.34326171875,519029
2021-10-25,2470.801633728927,2491.35595229992,2403.869255178345,2432.11376953125,457696
2021-10-26,2449.345294971768,2480.7703779309127,2441.7976472973764,2459.171630859375,677512
2021-10-27,2460.833507973711,2479.3467230221245,2441.987911735652,2453.143310546875,430370
2021-10-28,2453.1429823852786,2458.8868716173424,2391.289957199323,2399.59716796875,1332301
2021-10-29,2401.9707379073607,2401.9707379073607,2346.4786144500654,2359.05810546875,1628906
2021-11-01,2363.994709968567,2437.1456769695737,2352.696996639343,2430.452392578125,1071806
2021-11-02,2429.5033148563816,2442.7948531166353,2398.1732603857836,2413.790771484375,657518
2021-11-03,2411.7494550603164,2430.4525002086257,2378.425580018832,2394.233154296875,930846
2021-11-04,2449.440604649789,2559.8078411965093,2421.908132737059,2526.911376953125,1389327
2021-11-08,2586.8651780504406,2636.471088887448,2545.2816121782007,2574.04833984375,3081804
2021-11-09,2564.5070129251703,2604.7140040405084,2564.032315187261,2586.390625,726392
2021-11-10,2582.3558665923365,2625.60087975957,2572.8619112004526,2607.752197265625,861635
2021-11-11,2591.8499509525036,2604.0970613030313,2550.503726806293,2567.498046875,533140
2021-11-12,2587.1028926763906,2602.625602746859,2561.042030995443,2585.2041015625,879209
2021-11-15,2577.6088903436785,2629.825645028357,2543.763032067018,2548.510009765625,686532
2021-11-16,2548.5570036273302,2600.536403502427,2515.945409626606,2573.146484375,1233796
2021-11-17,2591.8020878739508,2610.4103315914576,2528.1925920980257,2538.873291015625,848875
2021-11-18,2539.63288830086,2562.085998505455,2444.6933410746597,2471.561279296875,823299
2021-11-22,2468.427977007924,2471.2761631352405,2389.5331285668553,2419.10693359375,1013413
2021-11-23,2407.6667146018394,2478.8238528895195,2378.89998786119,2467.66845703125,611137
2021-11-24,2467.668717047581,2485.469882526898,2397.223617881301,2408.56884765625,455215
2021-11-25,2416.211668496462,2416.211668496462,2370.688198348989,2392.8564453125,525539
2021-11-26,2368.7420513109605,2379.280435315777,2298.9614738474916,2310.73388671875,554629
2021-11-29,2310.733849965646,2323.740755068543,2245.6054511072566,2291.271240234375,342547
2021-11-30,2293.5500585052773,2323.171156439408,2240.5737348577863,2250.494873046875,1101715
2021-12-01,2288.0429520478906,2356.8266035644974,2264.35558278119,2314.910888671875,1691658
2021-12-02,2316.525157622594,2338.8834693330828,2303.993182635283,2327.49072265625,363180
2021-12-03,2326.0188947371194,2370.7827983030675,2321.319433531484,2331.2880859375,659154
2021-12-06,2335.51277520384,2346.763203847574,2301.3820555982024,2320.41748046875,537938
2021-12-07,2330.860961974721,2362.808027522958,2317.664225582144,2346.7158203125,262328
2021-12-08,2340.259780703639,2389.5808278992,2340.259780703639,2378.7578125,404128
2021-12-09,2378.7580798075287,2421.053698151009,2349.7539992375137,2414.265380859375,831115
2021-12-10,2404.059053361595,2422.8571291692447,2389.1535915181835,2399.7392578125,325670
2021-12-13,2425.610484969047,2428.1740382634266,2355.4502498072893,2370.355712890625,403776
2021-12-14,2351.6523509865688,2366.2256627512816,2326.9680711619217,2361.573486328125,395362
2021-12-15,2354.500770702382,2381.2261605263966,2349.753793342095,2367.17529296875,314822
2021-12-16,2375.387824336113,2382.555807573312,2308.1705685612405,2346.098876953125,680394
2021-12-17,2341.20924489757,2364.944131808535,2292.8375917302246,2334.5634765625,670901
2021-12-20,2297.536961975258,2314.958460992237,2240.952901106428,2284.672607421875,475319
2021-12-21,2294.6890706138383,2314.484060772311,2269.197707090168,2294.356689453125,333858
2021-12-22,2302.283949520417,2368.741630537501,2302.283949520417,2361.004150390625,625661
2021-12-23,2373.4888431105737,2377.2389091254845,2345.244325877558,2354.73828125,326496
2021-12-24,2359.4377045406363,2377.998433349977,2309.1672580159625,2314.53125,265892
2021-12-27,2322.2213607110116,2324.35750055631,2269.672227802269,2315.528076171875,345113
2021-12-28,2332.3319874525996,2391.8592611627655,2327.9173918016227,2354.880126953125,632949
2021-12-29,2345.9560481129256,2441.56011913532,2345.006652706971,2432.58837890625,693263
2021-12-30,2432.588574328551,2460.643257185473,2411.6543575883097,2427.604248046875,797282
2021-12-31,2428.553864192663,2472.4158930996095,2419.5821224276556,2460.73828125,406763
2022-01-03,2487.5112624800477,2595.2676526057685,2487.5112624800477,2581.216552734375,2457647
2022-01-04,2577.6089458359806,2587.00786916716,2549.601776811244,2568.114990234375,736616
2022-01-05,2554.8231019969344,2648.813249562039,2554.8231019969344,2637.990234375,1040082
2022-01-06,2608.9389895837144,2685.317815756353,2582.3559139984363,2674.589599609375,1056323
2022-01-07,2682.0421420928915,2690.2070356646354,2643.828975289621,2681.472412109375,572036
2022-01-10,2677.34274497,2706.7264884470455,2657.1205750758218,2673.02294921875,493242
2022-01-11,2671.5988878926837,2685.839820130918,2640.6485024471863,2652.943359375,334700
2022-01-12,2660.206083687376,2685.7447288927438,2648.8608542772445,2673.402587890625,440995
2022-01-13,2667.9436245578727,2694.384381480959,2653.0856779593164,2689.3525390625,266122
2022-01-14,2694.384482398402,2701.0302510301103,2657.120708284893,2677.010498046875,324014
2022-01-17,2662.105036860573,2734.2590963475213,2662.105036860573,2700.36572265625,680219
2022-01-18,2714.606355245389,2714.606355245389,2587.102504711055,2597.783203125,1221493
2022-01-19,2597.7832742296355,2607.799442484732,2549.5539394920374,2581.121337890625,769880
2022-01-20,2587.1025492413805,2616.533807599723,2574.855440896984,2595.457275390625,521734
2022-01-21,2585.678661564427,2614.635224508328,2533.1770437056593,2573.90625,459191
2022-01-24,2558.8104652554744,2591.042393100284,2488.840069825104,2521.973876953125,465912
2022-01-25,2489.4098140458295,2571.8646668882106,2462.3993290205767,2555.7724609375,687092
2022-01-27,2553.873834748795,2553.873834748795,2440.1837263059815,2510.059326171875,985827
2022-01-28,2520.834474498528,2607.9890135547867,2467.3834702006216,2478.82373046875,871638
2022-01-31,2511.0562465069675,2545.329519245535,2499.6634996845332,2511.6259765625,416447
2022-02-01,2524.1578192455313,2548.652269985534,2465.247780952175,2489.5048828125,671852
2022-02-02,2489.5051182400744,2584.7770602670275,2489.5051182400744,2534.64892578125,1042951
2022-02-03,2539.7280461910777,2572.719540484119,2506.404170751902,2535.693115234375,664625
2022-02-04,2540.7244586862344,2542.3859006700363,2483.618416928816,2498.239013671875,380540
2022-02-07,2498.334141207099,2512.1954075721255,2432.0662920544382,2469.7099609375,448637
2022-02-08,2482.669409545808,2511.151276576926,2451.0544907840613,2458.12744140625,386391
2022-02-09,2467.4314592168444,2503.460973119182,2456.418610172231,2492.7802734375,677550
2022-02-10,2492.9228209914713,2529.189683763306,2483.191516840355,2506.736572265625,558179
2022-02-11,2492.16323739981,2492.5429028930075,2451.671611228463,2466.671875,731373
2022-02-14,2435.199270712043,2466.244454823571,2373.8209490593704,2440.705810546875,675126
2022-02-15,2411.4645497774413,2599.444857201037,2362.523165805662,2586.1533203125,2216629
2022-02-16,2570.962820208777,2599.82434851888,2544.4747804697677,2569.4912109375,804882
2022-02-17,2591.8023986446883,2622.942619802188,2563.4630798568915,2584.966796875,572432
2022-02-18,2566.4060720234784,2601.059010511528,2551.9753056404556,2562.656005859375,311304
2022-02-21,2551.9751065209334,2581.2640504392707,2533.4618942526454,2562.41845703125,273281
2022-02-22,2496.910123823324,2591.8496722576706,2487.4636851113078,2587.577392578125,575201
2022-02-23,2595.5521788628175,2609.4134454186274,2561.3739419935905,2569.68115234375,479284
2022-02-24,2497.1948942962467,2555.060500519317,2456.608238876943,2484.710205078125,775965
2022-02-25,2501.8470492293723,2539.633037604011,2480.2958170992442,2495.39111328125,515028
2022-02-28,2468.428172006296,2482.6215876381325,2414.075282449619,2458.744384765625,815191
2022-03-02,2444.503588805313,2448.49100356287,2369.928525647078,2381.178955078125,630235
2022-03-03,2410.5150713646503,2410.5150713646503,2279.830879095457,2287.568359375,558686
2022-03-04,2278.54906420327,2279.403427387948,2183.6095198614676,2220.873291015625,862528
2022-03-07,2117.1520289608607,2180.9988782647256,2080.1731194759004,2145.301513671875,1513430
2022-03-08,2137.0895389686216,2149.8588636905465,2050.267355943919,2141.884033203125,1533255
2022-03-09,2159.874838871237,2191.5372726301966,2106.7086889913294,2177.011474609375,1577642
2022-03-10,2254.8142373950077,2272.33053742936,2175.7770646526355,2186.457763671875,1021481
2022-03-11,2174.115834188789,2197.8507232083175,2141.0293061811567,2174.827880859375,621070
2022-03-14,2174.1158095336987,2203.3097226966515,2122.6586170801056,2196.47412109375,681806
2022-03-15,2202.597577879297,2235.77890451644,2164.716789836209,2188.593994140625,611025
2022-03-16,2220.3510001787263,2253.7223879293883,2204.8758086303815,2238.579345703125,758341
2022-03-17,2258.5166992359495,2338.360947737906,2255.099014754214,2313.629150390625,1229513
2022-03-21,2325.0220284609313,2325.0220284609313,2251.966092189963,2258.37451171875,480116
2022-03-22,2258.374264162752,2283.1060602126186,2211.1418439243503,2259.940673828125,661123
2022-03-23,2271.9035702186998,2291.5560119114434,2243.4217034796434,2272.947998046875,439287
2022-03-24,2264.3081763339,2267.3461954543804,2231.0793351717675,2249.73486328125,568611
2022-03-25,2264.30852056335,2268.9131819673803,2207.3923003344894,2218.59521484375,446420
2022-03-28,2231.0794144317883,2265.8746666275656,2198.040404831086,2259.561279296875,690955
2022-03-29,2258.137242955994,2366.795513797157,2240.620941979778,2354.9755859375,1317033
2022-03-30,2362.1910918386993,2390.7677579894043,2320.7498382171216,2360.719482421875,1198770
2022-03-31,2358.155928139078,2368.741594454004,2313.059645278731,2332.806884765625,840572
2022-04-01,2332.8071279228166,2368.5044924749054,2299.435967842157,2355.64013671875,745769
2022-04-04,2368.7418187175426,2390.6729479098544,2331.2882118689713,2381.98583984375,660191
2022-04-05,2397.223689238528,2468.428353275316,2382.982756431171,2414.739990234375,1240010
2022-04-06,2402.9198747567348,2426.1325470632264,2394.422831868943,2402.635009765625,469837
2022-04-07,2395.32495797461,2447.4466806358673,2384.881606988593,2409.945556640625,451071
2022-04-08,2419.059662630747,2443.6016282960923,2388.2993420526695,2425.895263671875,800707
2022-04-11,2420.8634651747166,2435.1994297759097,2411.464542546125,2416.78125,332108
2022-04-12,2405.7681252724656,2409.186041684965,2369.738613478881,2394.185546875,359805
2022-04-13,2401.97082816143,2425.705717767768,2354.0738672930456,2365.37158203125,383935
2022-04-18,2354.5008680555557,2403.015071398041,2331.857692396342,2383.93212890625,322926
2022-04-19,2388.6792249797268,2444.598530656138,2298.581679200267,2330.623779296875,636517
2022-04-20,2354.5008037450293,2448.016259055064,2340.639536944063,2408.426513671875,1193877
2022-04-21,2420.958618647464,2539.1108468356233,2413.0785893354464,2517.322265625,1090334
2022-04-22,2497.812258729232,2503.5561483543725,2451.3393913731475,2498.33447265625,829575
2022-04-25,2477.9222791139696,2515.8980994835324,2449.4404138367977,2462.874267578125,630796
2022-04-26,2480.7705382271797,2530.661320054662,2480.7705382271797,2515.233642578125,616251
2022-04-27,2492.16321864591,2537.6866870826393,2473.175308408608,2521.072265625,499338
2022-04-28,2548.130101674034,2567.165528521942,2531.088498165495,2544.33251953125,739026
2022-04-29,2548.1774051658476,2570.630514996966,2487.416095951759,2497.242431640625,479794
2022-05-02,2492.068173231971,2493.8246476340596,2393.9482866700087,2423.33203125,497152
2022-05-04,2395.324556907665,2432.3509769312077,2331.335400658294,2357.53857421875,515077
2022-05-05,2367.8400427064576,2401.2112039250783,2297.4897389980897,2310.401611328125,477759
2022-05-06,2288.0429686268776,2295.8279647355466,2232.361019801869,2242.899169921875,407390
2022-05-09,2226.2847389166327,2250.4943220738355,2193.1034154171944,2225.667724609375,403218
2022-05-10,2225.667592215113,2318.138607706396,2216.790652871122,2293.31201171875,841473
2022-05-11,2274.988847285059,2310.4488600604273,2233.927494068542,2268.248046875,459255
2022-05-12,2249.118126125285,2279.4987846461836,2214.1328063329006,2263.97607421875,419477
2022-05-13,2278.5492045771366,2357.3490312354293,2276.5080969624405,2309.546875,650616
2022-05-16,2392.3816930302874,2495.391107591698,2368.409456001019,2485.469970703125,2801368
2022-05-17,2477.922261048723,2577.323923784165,2468.570622636491,2569.728759765625,1462487
2022-05-18,2562.418499049518,2629.7305484553826,2547.6078362776193,2559.5703125,1173271
2022-05-19,2489.3150306619623,2599.4449099742383,2489.3150306619623,2516.372802734375,1592952
2022-05-20,2557.6242157999422,2582.356017397296,2517.939433587145,2570.7734375,687007
2022-05-23,2583.305106219828,2627.451996127664,2577.65624945979,2602.577880859375,892535
2022-05-24,2606.9927053427245,2629.730682767166,2565.3618488892794,2581.69140625,481731
2022-05-25,2595.6474195339774,2610.6954316337606,2537.7342913000443,2550.21875,556605
2022-05-26,2563.462866551732,2600.299226297136,2529.142080365494,2587.19775390625,854405
2022-05-27,2597.7358300177766,2625.0784658200464,2591.564759483299,2603.33740234375,404877
2022-05-30,2615.8696041550616,2654.509956666355,2604.049675919814,2618.860107421875,589423
2022-05-31,2629.8254926798636,2676.013490297185,2579.697364729342,2640.031494140625,1766731
2022-06-01,2629.967843747198,2675.396511000774,2612.736408188123,2631.439453125,358924
2022-06-02,2636.8508811185256,2644.398760520818,2577.6562127376596,2585.72607421875,558032
2022-06-03,2602.292807550362,2626.6447069971,2526.8158727819364,2549.364013671875,808873
2022-06-06,2547.2281414964696,2559.570283069132,2504.5528598774267,2518.84130859375,906875
2022-06-07,2496.340479809626,2522.3540560483293,2478.4920295179495,2513.904296875,453936
2022-06-08,2526.4365264152234,2539.4431987614516,2486.6091986791876,2515.091064453125,260633
2022-06-09,2506.4040494983433,2586.5804508608903,2488.3655355057417,2578.55810546875,531562
2022-06-10,2537.0223181429815,2598.448165315143,2537.0223181429815,2575.56787109375,666106
2022-06-13,2549.127188693816,2586.675831070703,2531.2785050377474,2564.127685546875,556912
2022-06-14,2553.304361795046,2612.8789340120716,2540.77238658628,2584.966796875,739832
2022-06-15,2605.141142374521,2611.8819428552697,2567.1178078423577,2582.45068359375,339705
2022-06-16,2598.020703861334,2609.8881472372764,2498.0968306358977,2518.271484375,542478
2022-06-17,2496.435619627264,2531.753088025767,2454.2350334336297,2472.985595703125,836170
2022-06-20,2468.428263931907,2527.195751808806,2468.380747800399,2490.501708984375,717655
2022-06-21,2508.4929035087875,2573.811364426125,2498.951431768889,2566.0263671875,1177839
2022-06-22,2562.41826994311,2575.7098059857935,2508.397762598314,2528.002685546875,273509
2022-06-23,2530.2339262370065,2682.042167161218,2530.2339262370065,2676.393310546875,1338537
2022-06-24,2694.2420334860994,2762.313642485359,2688.64046112854,2732.26513671875,1078547
2022-06-27,2761.7913429551295,2762.693222268541,2692.4854756344953,2704.1630859375,532402
2022-06-28,2684.6056356453337,2740.0504724673915,2676.108592193178,2718.87890625,770778
2022-06-29,2704.9228151892967,2775.0355338814647,2686.789268401932,2740.525146484375,856258
2022-06-30,2734.211473609584,2762.7408542173807,2643.164539547545,2652.943359375,928852
2022-07-01,2634.572695571964,2667.6117076249907,2611.217471934645,2641.97802734375,367512
2022-07-04,2652.4213590557483,2663.5292407386937,2606.802856089206,2654.8896484375,443843
2022-07-05,2672.5484930999996,2699.985931984378,2648.8136041737116,2663.624267578125,616329
2022-07-06,2667.801432176391,2772.2349401975307,2664.953245593996,2760.794677734375,1058465
2022-07-07,2794.070976827039,2808.3119094306426,2769.7663591358173,2795.210205078125,650305
2022-07-08,2802.615377261211,2831.9043197007154,2748.4998364401104,2783.247802734375,617742
2022-07-11,2780.779419110637,2898.5519772263483,2760.747081349037,2892.665771484375,1346332
2022-07-12,2884.738420727833,2884.738420727833,2792.647051035353,2804.56201171875,1069397
2022-07-13,2805.93861353066,2843.3922224953235,2793.121773306446,2817.236328125,768270
2022-07-14,2827.2048706574774,2854.6900568215815,2754.0541301224243,2805.558837890625,901976
2022-07-15,2819.134780995533,2891.194035347858,2796.6341549923486,2880.4658203125,536541
2022-07-18,2901.210250596562,2922.2392676215422,2859.5791663664995,2882.83935546875,568164
2022-07-19,2867.174513866485,2932.6828057395933,2862.4275361945206,2921.95458984375,728004
2022-07-20,2931.733432112069,2953.5695295662713,2874.7696996228447,2890.909423828125,432912
2022-07-21,2898.5041953251807,2935.6256486806556,2877.6174962432437,2925.277099609375,469152
2022-07-22,2929.0272088282745,3018.1280623646026,2921.8594587833813,2988.317138671875,1461794
2022-07-25,2981.1018495983944,2994.2983542436777,2912.840406329956,2930.4990234375,623585
2022-07-26,2933.632004588064,2942.0815315632526,2855.734059856607,2870.307373046875,676813
2022-07-27,2870.3076353267184,2908.0461087370772,2861.003512506079,2902.681884765625,527215
2022-07-28,2909.992240187813,2924.1381404254666,2877.712793183116,2899.453857421875,486390
2022-07-29,2926.986577375599,2985.849103420778,2911.226518010381,2936.90771484375,570564
2022-08-01,2952.5250408301404,3014.852995914226,2916.922708759038,2932.113037109375,891876
2022-08-02,2900.403520625285,2988.697310287528,2765.6368632991007,2963.01611328125,1843785
2022-08-03,2970.6586737100406,3009.58389123069,2915.1665502115875,2979.39306640625,1218915
2022-08-04,2991.54520866076,3034.742703739803,2944.075433848625,2986.6083984375,928111
2022-08-05,2992.4948772034963,3018.888120764464,2910.846857076751,2933.252685546875,518285
2022-08-08,2933.6319915827785,2985.943774503073,2916.6851897907877,2959.0283203125,595708
2022-08-10,2973.5068555256053,3008.9668719481497,2959.5983034656047,2994.915771484375,814819
2022-08-11,3091.231733416526,3100.6781722397586,2980.3422931824657,3015.707275390625,2187872
2022-08-12,3037.2587549227023,3078.7366445880093,2992.340201907798,3067.98486328125,1327610
2022-08-16,3075.487207347396,3193.995726213486,3068.797210314633,3190.220703125,1700743
2022-08-17,3191.1286186898064,3281.2524834874334,3187.401427920344,3247.133544921875,1654567
2022-08-18,3249.4269773036667,3285.7441023441193,3225.2473710715462,3260.322021484375,591901
2022-08-19,3260.9435621194943,3306.7699955950447,3243.9796408993175,3272.4599609375,1151041
2022-08-22,3250.382886252137,3263.810712850768,3182.6228659007484,3214.3046875,928071
2022-08-23,3212.1542581197236,3325.8842065625226,3190.3161032595704,3311.3095703125,1604447
2022-08-24,3302.9947540029575,3319.6719132928974,3242.784784077104,3297.881591796875,856684
2022-08-25,3301.991676518804,3358.0920383658636,3257.83773897174,3327.270263671875,1244869
2022-08-26,3287.655887688476,3300.844786461782,3193.1358742488696,3206.515869140625,1742915
2022-08-29,3143.3429314556447,3190.937529044588,3099.045500066149,3145.827880859375,1436918
2022-08-30,3174.6903260200143,3247.133482799239,3170.1028528563456,3210.00390625,1236651
2022-09-01,3097.4687853381665,3282.7816193368967,3097.4687853381665,3260.513671875,1592544
2022-09-02,3298.16862196993,3315.3714719251484,3263.7629220594936,3270.548583984375,1038097
2022-09-05,3292.386711672323,3294.345971927382,3229.405255961113,3249.9052734375,561306
2022-09-06,3260.895682189887,3272.4599131984864,3249.4271158984807,3259.31884765625,355149
2022-09-07,3211.867924506253,3267.5860961814446,3211.867924506253,3233.801513671875,662832
2022-09-08,3250.0007541840996,3310.1150646542387,3250.0007541840996,3274.036865234375,640524
2022-09-09,3306.770102000404,3328.7515217535865,3275.2793755849334,3319.337646484375,567370
2022-09-12,3329.7072010913153,3395.6514596663155,3311.644301856554,3382.2236328125,761569
2022-09-13,3397.5627268802573,3423.46266547145,3355.0334606788024,3366.024169921875,528699
2022-09-14,3299.124355587803,3406.1164791445813,3299.124355587803,3384.947509765625,508971
2022-09-15,3401.911501196553,3509.381483905894,3395.986121609489,3461.834716796875,1625125
2022-09-16,3474.020008249463,3479.180769950916,3373.8611453899234,3391.82861328125,957393
2022-09-19,3392.736634901328,3472.7776769107204,3338.73879760544,3431.251953125,517408
2022-09-20,3464.1280162589032,3572.6971999161456,3459.68404031203,3547.1796875,854400
2022-09-21,3555.255623098147,3619.5273813382955,3508.7602363049236,3518.986328125,883098
2022-09-22,3517.0270923641215,3593.388538347876,3507.8521457482593,3582.732421875,659825
2022-09-23,3597.3070128716176,3607.294176164591,3489.693537592963,3525.102783203125,436539
2022-09-26,3507.32681147397,3507.42224286851,3318.429815790377,3359.860107421875,979894
2022-09-27,3386.8589695505666,3454.9057526465176,3332.8611341357596,3412.42431640625,651919
2022-09-28,3372.7142647685296,3503.3603048111886,3372.7142647685296,3467.61669921875,670814
2022-09-29,3485.2015313391707,3515.3543489446533,3445.348311818249,3463.6025390625,578779
2022-09-30,3463.4593599993023,3530.2160696073292,3425.1353723988714,3508.999267578125,517861
2022-10-03,3613.5543595385893,3614.4144087418204,3292.386647566617,3309.971923828125,2180504
2022-10-04,3367.935614726178,3421.35992572596,3360.911024581967,3397.562744140625,961129
2022-10-06,3402.3410674890993,3437.5592137241674,3364.112516168997,3374.9599609375,530684
2022-10-07,3374.960500872621,3392.784472445721,3313.9859050964687,3343.613037109375,458833
2022-10-10,3307.725725754236,3385.138549731726,3298.455347820179,3375.19921875,412736
2022-10-11,3391.9716685601106,3393.4052393144707,3242.2591894445286,3257.07275390625,661794
2022-10-12,3273.367740027429,3315.0367235264584,3227.445643270174,3305.049560546875,660964
2022-10-13,3314.2245431872107,3397.51491207155,3292.4342206922406,3317.473876953125,753969
2022-10-14,3387.6711063980265,3397.467173653532,3316.136062583023,3323.208251953125,387253
2022-10-17,3316.327001597851,3368.8912624300933,3311.835193246992,3359.04736328125,492114
2022-10-18,3375.868151668149,3461.5956391922577,3373.622130740885,3452.516357421875,522357
2022-10-19,3469.1456191157536,3521.8055457086625,3440.7131320099643,3452.3251953125,645494
2022-10-20,3437.702777311568,3497.9127508925044,3402.3413642560968,3489.45458984375,515240
2022-10-21,3489.45453931008,3521.518785727962,3409.987025804174,3468.763427734375,532326
2022-10-24,3521.7099621419684,3521.7099621419684,3469.814885429382,3479.9453125,63729
2022-10-25,3514.159901668695,3559.0784535801527,3488.3556271663683,3546.319580078125,571186
2022-10-27,3575.373421737153,3575.373421737153,3498.8684797413903,3546.319580078125,583285
2022-10-28,3556.211316054028,3606.0041020934464,3533.417446886022,3579.865234375,478514
2022-10-31,3597.784905382469,3692.9741012709737,3591.5727651553507,3679.928466796875,678149
2022-11-01,3717.392487348932,3717.392487348932,3585.790729646728,3630.18359375,746053
2022-11-02,3679.307281056889,3679.307281056889,3531.3627282132543,3564.048095703125,1177767
2022-11-03,3534.229794635569,3581.059772985256,3486.7786956187956,3512.4873046875,738117
2022-11-04,3531.362979041683,3563.8572527324586,3483.5772824376004,3504.50732421875,631943
2022-11-07,3517.218168436538,3598.262751986302,3517.027072326585,3588.848876953125,505944
2022-11-09,3624.0191989728028,3624.0191989728028,3532.605259723289,3567.632080078125,490411
2022-11-10,3573.796194683585,3573.796194683585,3475.071142925318,3536.95361328125,442138
2022-11-11,3564.8128316428847,3573.4142567058298,3345.9543494857207,3363.7783203125,2463500
2022-11-14,3380.598923690887,3407.119983873917,3343.0871538824576,3360.863525390625,659139
2022-11-15,3364.112834387127,3400.33429685776,3344.9985569190185,3352.596435546875,552511
2022-11-16,3359.382385824962,3425.0877202632196,3305.623475830024,3347.913818359375,1048177
2022-11-17,3344.9987437772284,3344.9987437772284,3269.545175922601,3289.424072265625,889808
2022-11-18,3297.1171246586923,3304.428475623584,3226.537796686167,3240.10888671875,868754
2022-11-21,3240.300167450503,3259.9401348937254,3215.9772951971227,3228.97509765625,631291
2022-11-22,3230.7430371680357,3257.025169666794,3205.4644509394934,3225.582275390625,461525
2022-11-23,3241.7337811747334,3267.538056990029,3225.534476911961,3231.173095703125,738556
2022-11-24,3247.372407415967,3252.198575708776,3198.105311648302,3227.7802734375,407602
2022-11-25,3243.931818292333,3270.6918067764414,3201.6414793486974,3262.90283203125,512690
2022-11-28,3262.5206667166967,3296.7352728161954,3251.4345248861528,3288.993896484375,435882
2022-11-29,3297.5950077045204,3311.30959492068,3254.2056918117946,3264.814208984375,456872
2022-11-30,3268.3504164114215,3349.299336444769,3265.7222032069067,3330.18505859375,1151772
2022-12-01,3335.0591228130384,3344.9984534575965,3278.0984843884444,3285.218505859375,518865
2022-12-02,3282.8772043439058,3282.8772043439058,3177.7486766938823,3184.29541015625,1453049
2022-12-05,3180.71135754833,3211.198536032205,3178.799929848311,3196.289306640625,518257
2022-12-06,3187.306085699228,3190.1732276054045,3133.0214856099037,3153.5693359375,944559
2022-12-07,3153.616775995769,3177.6528859877094,3109.8928673657797,3115.48388671875,943407
2022-12-08,3139.4243744265077,3182.5271629681083,3130.9186143794363,3175.168212890625,862490
2022-12-09,3187.305756366671,3214.0657447259714,3178.84759528596,3209.478271484375,660249
2022-12-12,3193.0401136335313,3204.4608479788644,3141.4315634580717,3173.400146484375,541993
2022-12-13,3159.590032253386,3194.1389950822568,3154.8592952954923,3166.280029296875,584450
2022-12-14,3181.571624198196,3235.091603457763,3177.7487685367983,3220.182373046875,676995
2022-12-15,3218.8442265305735,3232.558813523142,3150.558519043792,3157.20068359375,338209
2022-12-16,3144.298831778803,3199.061286669728,3134.7416924724844,3145.6845703125,771552
2022-12-19,3146.210023907613,3258.5064023429545,3136.7961490647936,3238.818603515625,890120
2022-12-20,3220.755624989915,3228.7835278750777,3145.2542320005373,3166.7099609375,711013
2022-12-21,3182.5270428676104,3201.64131940135,3117.5385026528966,3128.290283203125,485199
2022-12-22,3129.007364387749,3150.17633431874,3054.9873681787485,3064.066650390625,613152
2022-12-23,3048.8228104187256,3058.284284091203,2967.5393017648994,2975.75830078125,581956
2022-12-26,2977.048480980007,3085.6652607989436,2951.4353045260873,3021.250244140625,530294
2022-12-27,3034.3436285763228,3070.851850826416,3010.498614785247,3060.004638671875,422130
2022-12-28,3046.9589106040294,3090.396290224827,3034.9648888703564,3069.32275390625,318724
2022-12-29,3040.173536506891,3336.1580640552925,3023.161783606074,3135.88818359375,881072
2022-12-30,3144.2988567161724,3151.944568221865,3074.7706677112783,3084.8056640625,663451
2023-01-02,3084.0887695391507,3106.0223569797,3061.4383966702926,3085.85693359375,381581
2023-01-03,3085.8568053886265,3096.5129216486703,3064.0186502486536,3071.138671875,323237
2023-01-04,3081.22162752216,3099.236927949996,3046.9115916885694,3072.859130859375,372617
2023-01-05,3086.0000143140437,3122.2214758115083,3060.7214297073506,3113.428955078125,383751
2023-01-06,3115.6271716054835,3133.64247112856,3093.693585268639,3106.6435546875,242107
2023-01-09,3122.2214241560678,3130.0584642406393,3086.1910593585358,3118.064208984375,391801
2023-01-10,3117.538611800188,3121.170371134463,3004.907640050408,3027.271484375,607830
2023-01-11,3027.271408322551,3033.913572817991,2959.5589897007912,2998.313232421875,856148
2023-01-12,3010.498715591769,3013.3180248660506,2957.9344523036584,2965.819091796875,690116
2023-01-13,2967.491612913985,3054.4615764486625,2924.484488089145,3022.01513671875,964656
2023-01-16,3015.8032157961666,3039.074710591142,2962.713258957831,3000.033935546875,653373
2023-01-17,3012.4104000936654,3050.6389584704884,2986.60612318931,3039.12255859375,495809
2023-01-18,3030.568660015597,3050.638651141528,3010.4986688896656,3036.87646484375,330814
2023-01-19,3022.9707221743943,3039.2178575290827,2996.210734531378,3026.458984375,320900
2023-01-20,3034.3915524321537,3053.410165208878,3001.9929454084845,3010.9765625,389881
2023-01-23,3026.07683883779,3081.7950034909463,3006.4368723668963,3061.486083984375,424691
2023-01-24,3076.825440710798,3091.591408109518,3037.5935691726395,3083.658935546875,367438
2023-01-25,3083.6587602147874,3091.7344960813375,3042.3719660054785,3071.521240234375,353061
2023-01-27,3086.9079514420064,3120.3579367153916,2989.4729695756764,3029.3740234375,627913
2023-01-30,3020.1517885002427,3067.8418219334358,2961.8054043799934,3050.11328125,656403
2023-01-31,3059.2880779213438,3131.8745031863555,3036.3031115724907,3118.8291015625,612164
2023-02-01,3134.7415196040533,3206.372228089045,3096.5129644869307,3156.818603515625,885327
2023-02-02,3120.40586547596,3173.6390827327577,3043.9487539175907,3074.818359375,613267
2023-02-03,3090.2051496671443,3177.7486339364973,3057.854375000008,3169.816162109375,500037
2023-02-06,3149.077174704344,3153.9035763722627,3078.0197557464276,3116.296142578125,346025
2023-02-07,3131.9222905333313,3152.900164025345,3096.5608761444446,3129.67626953125,447240
2023-02-08,3129.9629863753194,3132.7822956820623,3061.151586369511,3085.04443359375,378309
2023-02-09,3092.7381612972945,3105.6402995669523,3053.5060571523554,3093.789306640625,265006
2023-02-10,3082.224921268478,3098.7109847673064,3056.516079351423,3070.08740234375,328745
2023-02-13,3082.1776287573216,3127.0961864477385,3074.723012942977,3108.60302734375,405135
2023-02-14,3117.4908696992234,3153.855829796381,3005.7201771847326,3035.060546875,1519235
2023-02-15,3061.151598713214,3193.947997455302,3061.151598713214,3164.511962890625,2093492
2023-02-16,3182.479494003873,3195.907321130682,3123.3208961935666,3143.438720703125,679170
2023-02-17,3141.4792796033703,3150.9885858126427,3096.7039920816683,3139.52001953125,491317
2023-02-20,3153.85589344562,3187.3058801942857,3135.1716398960043,3144.776611328125,515895
2023-02-21,3144.298548391691,3152.0399238635387,3120.453534637232,3129.150390625,494115
2023-02-22,3125.184240642409,3125.3275043862386,3072.7156444291077,3105.783203125,570379
2023-02-23,3120.4059615964334,3129.819837078476,3078.2588842201553,3098.376708984375,527729
2023-02-24,3105.9744123820637,3105.9744123820637,3024.8343981609332,3063.636474609375,684029
2023-02-27,3058.2843636862103,3063.445125218499,2964.6722374072187,2992.387939453125,482530
2023-02-28,2993.2960335852745,3040.126016230766,2954.2550261504007,2968.351806640625,974100
2023-03-01,2968.4474583917504,3004.6689229073977,2950.002132927911,2999.794921875,522394
2023-03-02,3015.372718039598,3019.0520761899425,2960.132413471399,2987.08349609375,970565
2023-03-03,3002.040697060259,3011.3589078131104,2975.949893615151,2988.80419921875,337278
2023-03-06,2999.02987480294,3028.752667021035,2993.6777842443335,3025.98095703125,362693
2023-03-08,3025.7901818346386,3069.322996277541,3010.5944242844653,3062.489501953125,657256
2023-03-09,3068.797173812502,3077.350766108363,3002.948582847551,3007.3447265625,419727
2023-03-10,2996.1151641933975,3007.822659156004,2958.07770532264,2978.10009765625,362000
2023-03-13,2978.9602767238375,2984.6467278593723,2891.0345964355497,2899.0625,351244
2023-03-14,2899.0624924665685,2914.9274367653184,2853.2838893320845,2883.293212890625,727498
2023-03-15,2909.9577814394675,2924.2456578343335,2869.0531791220424,2873.736083984375,288927
2023-03-16,2887.8804192769717,2944.554295783637,2863.3186206321893,2901.021484375,439612
2023-03-17,2916.838862760734,2922.5731462392937,2811.949260798745,2842.86669921875,692626
2023-03-20,2842.866560699292,2857.488796194273,2780.410566190394,2821.267333984375,561183
2023-03-21,2835.4119452849673,2843.2487523231334,2797.3744867394325,2804.8291015625,490092
2023-03-22,2818.8779028440385,2837.418657559797,2802.0096473077942,2816.05859375,222875
2023-03-23,2811.901553528211,2819.356169047685,2783.851488928237,2798.043701171875,379191
2023-03-24,2795.463017177276,2801.197300289434,2758.811297620632,2780.7451171875,542971
2023-03-27,2784.568075108224,2799.285975639833,2743.854570181619,2757.76025390625,375285
2023-03-28,2766.6007804913174,2766.6007804913174,2710.4047537409815,2726.078369140625,1079359
2023-03-29,2731.9084310363264,2817.253736716057,2723.784862149215,2803.778076171875,765293
2023-03-31,2793.6472046839244,2832.1146865463097,2791.640112298806,2818.2568359375,546110
2023-04-03,2914.92729781117,2914.92729781117,2849.0787056281138,2871.251220703125,1170652
2023-04-05,2849.938631597518,2875.7429049218417,2792.7868980875614,2803.825439453125,1033837
2023-04-06,2818.113560961539,2838.4703139189996,2796.4189018609404,2830.537841796875,586845
2023-04-10,2848.0277502282206,2854.7177482992265,2820.4553077041287,2838.900634765625,416883
2023-04-11,2838.900365492456,2923.528879729285,2838.900365492456,2918.94140625,618391
2023-04-12,2900.5916329385013,3005.720159997228,2900.5916329385013,2989.8076171875,746284
2023-04-13,3000.941644764891,3088.3416342182018,2993.295933568038,3070.756591796875,1337741
2023-04-17,3091.734283059771,3109.8928460823786,3064.018581604212,3086.0,539975
2023-04-18,3085.665465765964,3132.8300381649497,3073.432515000972,3119.02001953125,577513
2023-04-19,3119.4020604089765,3153.855590112127,3113.8112745872822,3143.916259765625,646164
2023-04-20,3162.1706081412603,3162.1706081412603,3077.4466622583122,3103.1552734375,483671
2023-04-21,3096.5132184297763,3115.57966519235,3052.6460411667954,3058.95361328125,443737
2023-04-24,3062.1072790463327,3074.9615840982106,3018.240105177945,3041.84619140625,379317
2023-04-25,3034.391829264601,3102.725377545678,3016.3765277499665,3075.439697265625,574542
2023-04-26,3086.955721662184,3134.741413947976,3082.7028417144634,3104.4931640625,881684
2023-04-27,3104.445383142594,3125.5665194857283,3092.9289844451855,3119.02001953125,464406
2023-04-28,3129.963000615473,3158.634417415004,3120.740454876392,3154.9072265625,416242
2023-05-02,3179.6120023399094,3233.9444255788994,3177.7484070826717,3207.518798828125,838718
2023-05-03,3218.748717154315,3218.748717154315,3174.1169251521133,3200.064697265625,577763
2023-05-04,3193.04019433573,3232.6544895003663,3173.925916009865,3191.41552734375,325535
2023-05-05,3191.4155425256395,3241.8294518499324,3177.5098583117037,3206.515869140625,518154
2023-05-08,3221.711317896014,3256.4992079438243,3211.294130490253,3242.641357421875,322909
2023-05-09,3258.9840691722407,3258.9840691722407,3222.045824007037,3232.12841796875,347387
2023-05-10,3246.178004655247,3271.217662775692,3206.2291160024424,3265.435546875,386746
2023-05-11,3273.176684140264,3273.176684140264,3237.0506538161185,3254.492431640625,408412
2023-05-12,3364.1129078407625,3485.966429360563,3359.2865060089666,3465.753173828125,3665298
2023-05-15,3469.2414023261326,3540.9199436965073,3469.2414023261326,3496.479248046875,1269701
2023-05-16,3506.5141635095774,3521.8055853182864,3450.127045589963,3472.299560546875,1035562
2023-05-17,3463.5072338959694,3475.262561736335,3425.4697733480602,3468.046875,755786
2023-05-18,3474.9756925049373,3488.3078545604644,3412.328600557675,3417.776123046875,1235091
2023-05-19,3408.2191478820214,3420.500165249071,3355.9894747896374,3412.7587890625,762689
2023-05-22,3411.850781502924,3418.3975150318283,3370.8029162735606,3388.435791015625,303121
2023-05-23,3388.4356480199554,3447.9288356249654,3373.717747951914,3442.09912109375,374270
2023-05-24,3440.5701162779847,3463.5072503865044,3420.4044592094733,3450.9873046875,374043
2023-05-25,3450.986987534311,3519.1772628757017,3447.1641322008863,3489.7890625,725887
2023-05-26,3487.399840126216,3533.751961870837,3450.1269999604383,3526.918701171875,394991
2023-05-29,3536.1411078825363,3553.535052612353,3507.4696934942995,3547.083984375,516724
2023-05-30,3547.084184306767,3557.9316300264945,3507.8520834084948,3515.4501953125,598100
2023-05-31,3515.450204855087,3561.9455912701783,3494.3288350098173,3509.33349609375,1188672
2023-06-01,3549.2344478901737,3567.6797717039963,3523.716934977936,3551.48046875,622442
2023-06-02,3555.2556705578436,3582.0156594760206,3495.0456954919446,3535.56787109375,987424
2023-06-05,3548.70906411705,3552.8665130185295,3502.7871967246356,3510.576171875,340655
2023-06-06,3517.122535271348,3557.166851145453,3517.026870557568,3541.015380859375,385907
2023-06-07,3541.0156476519724,3574.369969274462,3533.465367880149,3562.327880859375,342012
2023-06-08,3562.0411762440563,3562.0411762440563,3483.003454350889,3495.427734375,511175
2023-06-09,3490.267168359408,3504.7939729968293,3417.728576565302,3422.6982421875,447350
2023-06-12,3435.7912291738317,3456.3390765805734,3398.5183896918347,3431.586181640625,358856
2023-06-13,3440.5219235753125,3479.51509414159,3424.3226209735126,3433.545166015625,612123
2023-06-14,3454.9057758201234,3480.9968121621596,3405.351916381834,3413.85791015625,456603
2023-06-15,3429.96126390453,3448.9801090784663,3373.66981276796,3378.16162109375,428887
2023-06-16,3392.784298726749,3406.068628424132,3335.441465508832,3382.17578125,610093
2023-06-19,3409.795809057702,3411.0858827158186,3338.3083687525127,3341.796630859375,336012
2023-06-20,3349.5861787712824,3411.8986794159046,3311.596550618122,3404.3486328125,378562
2023-06-21,3417.6328720386377,3426.7599863575906,3378.496434892839,3412.32861328125,538051
2023-06-22,3428.958048229426,3469.24129388902,3388.0056162084234,3401.00341796875,559681
2023-06-23,3406.833351354212,3406.833351354212,3354.364750671765,3382.462646484375,281640
2023-06-26,3392.73666108963,3414.096961020693,3365.0687891397306,3394.361328125,346202
2023-06-27,3388.1015459189593,3423.5583927179423,3363.1573190193467,3379.16552734375,336518
2023-06-28,3388.0058125832575,3411.8029956222927,3381.2201504875497,3387.862548828125,657118
2023-06-30,3383.3227152875156,3440.5698819360764,3350.0638264297513,3421.55126953125,712382
2023-07-03,3431.9208299442403,3503.647205795711,3426.7600681443905,3470.053955078125,734331
2023-07-04,3397.610610222335,3401.2423695619973,3237.050681479416,3251.1474609375,4118019
2023-07-05,3259.7490082741756,3271.7908633855795,3134.741583814865,3163.174072265625,2931606
2023-07-06,3106.0698670137463,3143.48596915727,3065.9298871938763,3079.5009765625,3837528
2023-07-07,3068.367200419037,3104.1586380498,3035.347239669386,3043.757568359375,2099192
2023-07-10,3067.8414511241053,3088.867155773554,3020.0557587389944,3033.340087890625,1778576
2023-07-11,3056.325178905717,3117.5387000465985,3043.0408492050706,3108.985107421875,1425815
2023-07-12,3127.0958039392704,3160.5457896171047,3091.7343905084167,3145.87548828125,1573745
2023-07-13,3158.634322058608,3158.634322058608,3101.2914901906756,3112.9033203125,1050165
2023-07-14,3129.9628121562205,3215.9770573757805,3111.8042492765353,3198.869873046875,1577337
2023-07-17,3201.6415631588807,3224.57869674569,3177.7965480333105,3201.5458984375,1556115
2023-07-18,3206.420159655613,3219.800154360584,3170.58088812444,3200.9248046875,743048
2023-07-19,3200.6857097068437,3207.901395998802,3173.0178401898143,3182.67041015625,658755
2023-07-20,3194.951627611479,3194.951627611479,3150.988787387091,3170.19873046875,684856
2023-07-21,3168.0002364407765,3188.261322882107,3147.2134607295397,3168.669189453125,536479
2023-07-24,3171.05880143958,3174.738393380283,3136.653100158138,3161.3583984375,517007
2023-07-25,3178.274387112785,3215.977253568397,3166.0412026028844,3178.8955078125,865631
2023-07-26,3199.204259506504,3211.198514910949,3179.08643643041,3205.129638671875,552958
2023-07-27,3211.198773860732,3218.1276997864734,3173.352409265936,3180.520263671875,748689
2023-07-28,3201.450566239501,3209.765230756626,3182.1927905717325,3206.611328125,338430
2023-07-31,3201.6415129159855,3226.442241551812,3171.4886931957913,3216.455078125,485771
2023-08-01,3225.534200129421,3282.877030353944,3217.9363217903865,3264.622802734375,1039321
2023-08-02,3278.0984238289225,3278.0984238289225,3134.741349900544,3185.107421875,1174483
2023-08-03,3184.725378894396,3235.091453228725,3155.146081253634,3230.026123046875,601722
2023-08-04,3268.541411032579,3324.785265194206,3201.6414406313274,3210.7685546875,1235134
2023-08-07,3211.150708668988,3227.5889402490075,3191.79750317619,3207.232421875,438968
2023-08-08,3195.907247414368,3235.1393492554325,3145.254411256186,3222.667236328125,881723
2023-08-09,3225.534303523892,3263.762858232323,3184.4386072123284,3261.46923828125,1096303
2023-08-10,3260.8956934599814,3282.6860161546792,3230.4085146280563,3263.47607421875,640761
2023-08-11,3268.5415032225164,3268.5415032225164,3226.9201166546527,3239.10546875,366412
2023-08-14,3258.2373817349,3258.2373817349,3175.47708708533,3226.060791015625,650028
2023-08-16,3234.032415957623,3234.032415957623,3175.2354809431326,3214.94873046875,502272
2023-08-17,3207.0256896679466,3210.8907402128916,3180.69503283051,3187.1689453125,484577
2023-08-18,3186.734017776434,3255.3386615793834,3164.413257614175,3236.59326171875,680218
2023-08-21,3232.0997804688677,3258.237228907648,3203.6433963355003,3252.0048828125,407887
2023-08-22,3247.801816448914,3255.3387119387353,3216.6882077898636,3230.602294921875,343014
2023-08-23,3230.6021888840046,3265.9674933810115,3217.944290733092,3244.709716796875,347738
2023-08-24,3251.473457555629,3261.1360829867003,3207.9916431158063,3228.9111328125,840229
2023-08-25,3228.283133496768,3248.7194917761553,3211.4702597281903,3228.427978515625,463506
2023-08-28,3236.9313766773907,3251.4253157982353,3221.5195352596843,3235.385498046875,329661
2023-08-29,3246.6421964571796,3256.3048220418736,3235.481816726069,3242.149169921875,271577
2023-08-30,3254.372463503817,3296.888018252679,3243.2604435126373,3290.848876953125,903102
2023-08-31,3294.9553155206145,3294.9553155206145,3209.9242106039537,3224.03173828125,835737
2023-09-01,3236.9796593030546,3291.525135037983,3210.0210275468576,3285.67919921875,691510
2023-09-04,3314.2806320193586,3344.234771842274,3295.1969461644367,3318.29052734375,661736
2023-09-05,3318.2904337359537,3327.8082141921277,3281.9107431775733,3288.626220703125,374902
2023-09-06,3299.7866057053016,3301.8158514203137,3261.1361037351076,3276.88623046875,431090
2023-09-07,3275.6299907401,3296.8394061837207,3261.1360527279753,3287.659912109375,334700
2023-09-08,3288.191438441637,3291.428512326804,3252.5364449164967,3257.17431640625,448502
2023-09-11,3263.06864887293,3294.858592577067,3249.5409731002856,3289.640869140625,544361
2023-09-12,3294.9554558899176,3299.7384085644508,3208.6681587938865,3228.52490234375,446513
2023-09-13,3236.931329833932,3256.208221404897,3196.396661193362,3208.28173828125,820181
2023-09-14,3222.4858215187146,3270.798952276117,3212.9199159903324,3267.3203125,436335
2023-09-15,3266.0157664799012,3331.576538697523,3257.8025348371616,3311.574951171875,1169429
2023-09-18,3316.261361486507,3336.359669280502,3296.8877505896226,3315.971435546875,596376
2023-09-20,3311.3819015824943,3333.6059411904303,3262.8755666624847,3325.102783203125,547812
2023-09-21,3314.0874138728423,3323.9916052276135,3289.157792355166,3319.933349609375,477582
2023-09-22,3309.4492580686992,3316.0198906377705,3277.5625936843876,3294.423828125,393516
2023-09-25,3302.540647572076,3314.183922917318,3266.9821375101924,3272.39306640625,309695
2023-09-26,3290.1724669184546,3419.796498519138,3290.1241066083453,3355.008544921875,2178639
2023-09-27,3372.2565071367126,3378.9236247806434,3311.1887573974354,3362.303955078125,552573
2023-09-28,3362.593751703183,3381.9190031497533,3309.4493102251154,3324.184814453125,608162
2023-09-29,3328.726166281959,3363.076847547017,3310.7054638595264,3330.65869140625,515006
2023-10-03,3311.2850992601398,3319.0635601117847,3191.46854085193,3238.332275390625,1354075
2023-10-04,3236.9796819631983,3293.9408145590437,3211.6152889328896,3286.162353515625,566983
2023-10-05,3290.607176781317,3337.37419073165,3272.779679574611,3327.421875,394665
2023-10-06,3327.422034583356,3347.5684685589345,3322.349155855814,3333.992431640625,249258
2023-10-09,3304.8110383876087,3358.728534423643,3286.2588451020742,3329.354248046875,471285
2023-10-10,3334.0405206442483,3356.7960505511383,3332.6878474552277,3342.060546875,206646
2023-10-11,3364.5262891956468,3376.21816072531,3344.6211857710487,3368.97119140625,343468
2023-10-12,3372.2564415654488,3415.689897836912,3359.163536280586,3376.314697265625,644992
2023-10-13,3363.5598922674335,3381.9188804757305,3324.909390776282,3359.114990234375,280442
2023-10-16,3345.29775829732,3384.817803289015,3345.29775829732,3368.97119140625,147663
2023-10-17,3386.750373897746,3403.9498951599576,3369.357647298557,3382.740478515625,260333
2023-10-18,3382.740381931587,3427.1884597493226,3364.622958908053,3378.150634765625,368551
2023-10-19,3362.593650405152,3414.771827739025,3343.606685792458,3383.078369140625,353664
2023-10-20,3381.919088867078,3382.0639338950186,3348.67974989808,3363.46337890625,216268
2023-10-23,3350.1290498844696,3375.058435460435,3310.270718882964,3330.0791015625,211293
2023-10-25,3319.20869586079,3329.9824293082156,3255.145439376225,3270.218994140625,354128
2023-10-26,3256.304997595507,3261.1363106483195,3198.3292409617593,3214.5625,428619
2023-10-27,3214.562673159683,3294.9556795082394,3214.562673159683,3280.31689453125,293097
2023-10-30,3288.191686079494,3310.41572627339,3223.645296074691,3244.37158203125,257392
2023-10-31,3252.971342539196,3253.406113520296,3176.2983122976525,3184.36669921875,409346
2023-11-01,3198.135716161431,3203.2569546666473,3164.509733491936,3171.51513671875,325630
2023-11-02,3174.1724753334456,3232.1482283075725,3173.399418113002,3225.67431640625,493381
2023-11-03,3246.64228868874,3341.480867135135,3239.878450587305,3312.34814453125,568463
2023-11-06,3338.340447668931,3423.9030451396857,3321.4792130590945,3392.49951171875,722080
2023-11-07,3362.6905633143156,3419.5549756921946,3362.6905633143156,3390.663818359375,335436
2023-11-08,3391.5817861455234,3444.7262300879747,3387.571890645995,3430.522216796875,393482
2023-11-09,3425.6909520651357,3475.066830955328,3407.1387567350603,3422.405517578125,538782
2023-11-10,3420.569248437831,3444.7258109267987,3383.947994066128,3421.2939453125,259237
2023-11-13,3468.8824803145126,3551.014795308032,3465.0174301971706,3522.413330078125,875885
2023-11-15,3564.5425885275413,3729.773486504828,3548.2128456036453,3718.46826171875,1914550
2023-11-16,3718.226920250193,3742.33512542659,3684.504213286338,3707.30810546875,755583
2023-11-17,3695.85762584896,3766.491514387483,3688.1275252550404,3734.894775390625,476357
2023-11-20,3720.6424350131683,3767.3610893445552,3694.988116261577,3716.6806640625,249897
2023-11-21,3734.60465533665,3735.1845072126366,3696.9687772068646,3714.50634765625,260475
2023-11-22,3700.8823951726545,3724.362387100054,3676.6291100979447,3704.45751953125,286194
2023-11-23,3707.1148438732826,3782.918098044103,3703.6845644452223,3752.770751953125,764501
2023-11-24,3764.2691712539777,3787.749399662267,3712.4292770206926,3719.193115234375,266314
2023-11-28,3725.8601039577434,3760.8387617578833,3650.298418279177,3697.596923828125,505274
2023-11-29,3722.0437057348026,3722.0437057348026,3663.1016844342253,3683.634765625,414180
2023-11-30,3727.792345654264,3787.7489806538174,3698.9011914134,3765.42822265625,1338711
2023-12-01,3789.681586964276,3816.736937406652,3751.0794466388866,3759.920654296875,683211
2023-12-04,3816.737235697565,4058.302883526525,3783.8843075928266,4039.31591796875,2824695
2023-12-05,4039.943752160171,4053.7129936019987,3961.676485017149,3996.945068359375,1045885
2023-12-06,3950.1297250738226,3988.6837429503676,3889.2068231845155,3910.464599609375,941566
2023-12-07,3913.3634587308647,3995.495778235093,3911.4309335660596,3952.980224609375,699553
2023-12-08,3961.676394160373,3973.657955234795,3892.878548837693,3918.194580078125,334252
2023-12-11,3918.1946168314485,3931.6255718345965,3874.712802341334,3889.834716796875,534584
2023-12-12,3910.8992560755078,3910.8992560755078,3803.3541885850373,3818.427978515625,981121
2023-12-13,3835.096314997617,3908.4839133507303,3824.419065932037,3896.695556640625,707209
2023-12-14,3921.0935042215183,3961.6765321114403,3908.5320908270187,3948.293701171875,922658
2023-12-15,3961.3867314683594,3995.7853005112433,3908.531981707042,3922.92919921875,954933
2023-12-18,3938.4862769722954,4024.4836466117786,3931.239307620653,3947.665771484375,886620
2023-12-19,3956.651824346173,3970.9039606492283,3886.694276174239,3903.3623046875,328368
2023-12-20,3937.2785916734842,3993.0321332991753,3760.404172762934,3780.40576171875,557214
2023-12-21,3768.4240757775697,3872.683714179169,3717.7436504520692,3824.4189453125,445648
2023-12-22,3848.6238406740877,3881.4284079524705,3814.9978558444254,3870.896240234375,309907
2023-12-26,3889.01384698765,3932.350584028393,3876.6456382491338,3904.08740234375,475107
2023-12-27,3930.756056346708,3995.4475228408587,3905.7299506445243,3981.001708984375,385941
2023-12-28,3981.001681222585,3990.6643066624456,3943.220721391153,3953.849609375,450475
2023-12-29,3961.6284379058025,4037.045043252987,3955.878986854411,4003.708984375,673952
2024-01-01,4005.15825143724,4005.15825143724,3894.0380586953142,3902.1064453125,763454
2024-01-02,3874.8095729825736,3875.4375492828503,3751.369531364202,3761.177001953125,1221148
2024-01-03,3762.67472907767,3796.3971977027522,3747.600938939821,3756.4423828125,435449
2024-01-04,3756.3457039470227,3782.9179243607955,3718.6614640874895,3730.73974609375,425702
2024-01-05,3733.686877783953,3786.493032123211,3729.77346725022,3746.248291015625,402103
2024-01-08,3758.761331946523,3826.7861213301985,3746.6830500315277,3753.205322265625,401263
2024-01-09,3777.3618838318407,3791.565896174574,3720.6906794822235,3739.870849609375,411462
2024-01-10,3739.871231263919,3742.3352482053438,3662.7634245151457,3712.91259765625,577499
2024-01-11,3738.276798756973,3792.2907838032456,3722.4783108655442,3757.60205078125,378237
2024-01-12,3758.9546075710673,3767.457765379027,3720.1108993868306,3740.257568359375,220410
2024-01-15,3744.2675118859356,3753.591851457181,3682.4267065283357,3702.81494140625,364325
2024-01-16,3662.135214878576,3698.949913906878,3615.2714792792062,3664.357666015625,519197
2024-01-17,3605.125635474385,3644.7424006993783,3594.4967472432895,3624.547607421875,585284
2024-01-18,3624.5475009275083,3634.644897269584,3537.4871518855475,3566.619873046875,583931
2024-01-19,3575.1716283307796,3660.0578923001613,3534.588599036214,3574.64013671875,894473
2024-01-23,3577.152241817173,3617.6869077183255,3484.391039055165,3494.681640625,823427
2024-01-24,3506.5669264340827,3525.8438178541082,3442.2621041212483,3512.364501953125,1318897
2024-01-25,3555.846218373765,3555.846218373765,3475.6947862572433,3494.440185546875,699432
2024-01-29,3498.9333833167957,3556.812415189904,3468.930884223036,3545.265625,936432
2024-01-30,3551.0151613980574,3604.062885365929,3549.9521781446256,3579.761474609375,612064
2024-01-31,3590.6318587611295,3722.1884187510877,3576.2346402337075,3710.06201171875,759817
2024-02-01,3713.3473078579677,3832.052766978947,3713.3473078579677,3800.504150390625,1313981
2024-02-02,3768.4240413497523,3768.4240413497523,3682.668237844678,3696.48583984375,872011
2024-02-05,3720.1107496374716,3786.2030124902344,3707.5493367166177,3758.712890625,592181
2024-02-06,3768.4241250988266,3817.4619518549202,3758.7614991370347,3811.51953125,470713
2024-02-07,3840.8937406286836,3855.3876792725655,3776.105787709742,3795.14111328125,416774
2024-02-08,3819.636226497706,3823.7912030420052,3663.8263753662222,3678.851806640625,404899
2024-02-09,3691.123057059287,3718.130049000174,3634.6934167265576,3711.3662109375,396729
2024-02-12,3739.3394761928103,3771.371222366794,3688.4174852412934,3741.223876953125,237343
2024-02-13,3763.254463641709,3803.3543607203005,3638.4133854597517,3724.169189453125,633019
2024-02-14,3703.6842870756554,3799.682564041188,3600.8740479791436,3769.921630859375,919714
2024-02-15,3773.2553914556174,3795.962562185248,3745.426981848727,3784.415771484375,405632
2024-02-16,3792.6290181006716,3867.9491396523063,3784.174220455916,3796.107421875,634008
2024-02-19,3802.1948655757756,3821.2785513981985,3763.3511573104192,3771.177978515625,267834
2024-02-20,3762.6263137681126,3767.360905831155,3656.5306401744488,3698.94970703125,1324518
2024-02-21,3698.949964385746,3764.317535107922,3692.0894055438284,3706.921630859375,575380
2024-02-22,3734.4116463136625,3836.06242200308,3712.2359674025197,3818.08984375,1130600
2024-02-23,3836.4488648647193,3837.994979358972,3781.613463283999,3794.5615234375,571998
2024-02-26,3794.561297299138,3856.7885095691627,3763.5925361813515,3819.58740234375,474465
2024-02-27,3816.737168733605,3877.1769399407963,3807.0745429899753,3867.70751953125,579400
2024-02-28,3867.707721652201,3883.361128994116,3721.0773683299294,3733.397216796875,658953
2024-02-29,3732.6239735303493,3758.7614234112093,3633.1956487482234,3664.4541015625,1021336
2024-03-01,3662.328458055857,3738.2767927508253,3648.6559366322304,3713.878662109375,665946
2024-03-04,3728.4211712511938,3752.2878116252573,3617.6873767362995,3624.885986328125,641251
2024-03-05,3624.885915000105,3673.682178069088,3616.2862719099294,3663.97119140625,591293
2024-03-06,3671.7976832900313,3678.416676107013,3608.072715414773,3665.22705078125,315398
2024-03-07,3665.2273950961785,3681.4606546122695,3632.229620335715,3657.545654296875,734239
2024-03-11,3667.4013470351942,3686.24346778167,3642.8100109853285,3656.240966796875,373335
2024-03-12,3676.0491969627183,3725.715234197986,3643.7761217495326,3682.18505859375,528035
2024-03-13,3682.9581726509855,3722.4298573802002,3589.6654736581645,3609.522216796875,428324
2024-03-14,3591.598184636622,3675.421467530684,3561.88560885573,3645.37060546875,720948
2024-03-15,3645.3703390226697,3652.424102865143,3581.983656865513,3619.28125,487749
2024-03-18,3618.653333505785,3618.653333505785,3557.4888654943106,3574.881591796875,533167
2024-03-19,3574.881580394433,3604.1593834244886,3548.1161544060915,3591.453125,559402
2024-03-20,3692.0890484251304,3807.0742870439713,3692.0890484251304,3742.91455078125,3045475
2024-03-21,3750.4030465634105,3815.770610288961,3750.064760327034,3786.734375,838929
2024-03-22,3811.905851417496,3878.529608661354,3732.865525745971,3853.841552734375,1033237
2024-03-26,3866.4515902486337,3906.1167187665615,3775.2848517871475,3779.14990234375,772158
2024-03-27,3802.050059166998,3852.4889188240854,3774.0284442570664,3781.758544921875,510950
2024-03-28,3783.2079108498187,3937.519997050365,3760.452380005094,3883.69921875,1307106
2024-04-01,3923.799262867454,3932.6888317190496,3803.692772988216,3813.500244140625,532524
2024-04-02,3855.387897703446,3855.387897703446,3782.2418637172836,3789.875244140625,485047
2024-04-03,3790.6481210722054,3810.0700933928865,3754.9931260461835,3801.47021484375,392460
2024-04-04,3823.5010269378154,3894.0381952386647,3760.742319582439,3878.867919921875,932478
2024-04-05,3877.6118013565892,3910.0299586633487,3833.69521350831,3895.24609375,537212
2024-04-08,3889.1585633164177,4158.262930457646,3876.259099286015,4063.85888671875,2165986
2024-04-09,4104.489617677903,4123.911588094999,3997.9110537182364,4105.31103515625,970657
2024-04-10,4106.6157462806905,4188.748061206304,4079.608519884941,4169.51953125,1018246
2024-04-12,4164.592051215934,4234.935783914689,4123.815578371805,4157.103515625,1133493
2024-04-15,4106.616098821129,4172.177111372126,4052.263826924966,4077.000244140625,860133
2024-04-16,4075.115605544055,4255.420292688483,4064.3899968207966,4208.75,1467677
2024-04-18,4209.040215870756,4294.071331342892,4191.695612116613,4204.40234375,1316876
2024-04-19,4198.410772996506,4222.036081029157,4117.534408968448,4197.58935546875,719002
2024-04-22,4245.758022297879,4333.687922167954,4222.95412972823,4316.2470703125,781218
2024-04-23,4321.174529425289,4381.90422900945,4295.03731446873,4367.65185546875,740619
2024-04-24,4391.6635579920585,4417.4143621608355,4362.482238476514,4377.84619140625,919636
2024-04-25,4413.887336025552,4473.312482953217,4334.653806788667,4459.4951171875,1260511
2024-04-26,4436.111300426368,4476.549481898125,4417.7523122520915,4445.77392578125,364193
2024-04-29,4434.178729826899,4448.237660850749,4379.681617746496,4417.607421875,465907
2024-04-30,4423.550010806677,4531.723293393925,4423.550010806677,4442.29541015625,663752
2024-05-02,4442.875491991855,4477.7576666624645,4393.016246828449,4447.126953125,908139
2024-05-03,4467.032234047161,4498.5324908205885,4425.482940068354,4444.08349609375,562484
2024-05-06,4457.368983810169,4511.286243449607,4426.690148944362,4443.84130859375,716536
2024-05-07,4449.639273556977,4497.952403563025,4415.820082552744,4466.4521484375,505027
2024-05-08,4430.313638513088,4477.660501825442,4407.07521371252,4444.904296875,613158
2024-05-09,4425.482573316746,4549.164182352673,4388.281464348909,4413.935546875,980283
2024-05-10,4435.145047156089,4530.8531627729835,4402.678531534286,4500.7060546875,471148
2024-05-13,4521.14308455308,4574.094090750505,4375.527109798238,4500.3203125,1738770
2024-05-14,4509.933739224676,4582.93515808681,4494.183848355884,4570.953125,870035
2024-05-15,4570.9534049778185,4570.9534049778185,4442.972205257039,4492.4931640625,1082300
2024-05-16,4493.120967970711,4539.453447105525,4389.827593197651,4523.7998046875,845652
2024-05-17,4502.783830451487,4541.4343354339035,4466.0658507181915,4535.5400390625,287570
2024-05-21,4493.1209602472345,4569.3108584185975,4493.1209602472345,4515.296875,500742
2024-05-22,4515.345301021746,4548.826207019759,4508.098331246942,4537.0380859375,201187
2024-05-23,4538.197038147637,4703.6213800620235,4524.572641449629,4689.12744140625,922926
2024-05-24,4659.801063125476,4742.416509656783,4645.210404522699,4716.279296875,545727
2024-05-27,4697.050223076037,4741.450174488763,4609.072209560098,4631.5859375,655641
2024-05-28,4631.586314237769,4662.700158562573,4599.409958503336,4609.99072265625,333511
2024-05-29,4585.88209798984,4646.611794091549,4564.8658873637805,4585.30224609375,548865
2024-05-30,4550.85495385215,4609.07227132539,4545.975516795386,4582.93505859375,431385
2024-05-31,4582.21065706341,4628.397820283789,4510.755349590772,4573.755859375,1137018
2024-06-03,4638.060293536385,4638.060293536385,4483.458283751839,4513.267578125,1070710
2024-06-04,4522.012266874876,4548.053232780315,4110.336273093118,4343.73681640625,920927
2024-06-05,4385.962816823333,4490.657467590094,4343.350540297759,4424.5166015625,468061
2024-06-06,4424.51612696316,4567.522981470814,4385.189053250405,4560.517578125,748915
2024-06-07,4541.434006769084,4608.106123038672,4512.542850747172,4601.34228515625,419417
2024-06-10,4608.685832005974,4638.06011839423,4596.5108298336145,4621.39208984375,301649
2024-06-11,4647.723148070716,4649.607548880937,4583.997940300718,4598.10546875,733966
2024-06-12,4604.241169660437,4709.032534637462,4584.915918161337,4687.00146484375,523152
2024-06-13,4722.076594620264,4724.6370958194475,4607.139484405915,4639.50927734375,840780
2024-06-14,4654.969965623125,4778.168444215123,4639.509764388051,4768.6025390625,549131
2024-06-18,4773.337177382076,4808.122630496601,4746.813080659089,4769.56884765625,706641
2024-06-19,4773.336993546074,4796.237604687658,4686.373364108999,4716.0859375,652617
2024-06-20,4720.530829904245,4758.74632492754,4679.65764106794,4712.36572265625,637364
2024-06-21,4712.365941659275,4759.132956761372,4657.385694523269,4682.025390625,414677
2024-06-24,4674.7784144978505,4723.768116576746,4632.456301742094,4706.568359375,302473
2024-06-25,4706.568515197667,4730.82180139237,4601.390734340666,4613.9521484375,660144
2024-06-26,4613.951926502846,4645.210615209524,4560.759360397638,4579.794921875,600784
2024-06-27,4562.692096903809,4605.6426591355275,4524.089716467107,4554.7685546875,1087487
2024-06-28,4554.768323623812,4574.238891897867,4498.241963156185,4515.296875,939279
2024-07-01,4483.45874897273,4569.891132759615,4469.931071712898,4479.15869140625,1364796
2024-07-02,4479.496924660666,4540.564912862303,4437.947630711712,4469.689453125,865321
2024-07-03,4486.985072842212,4545.057547454014,4481.622504320964,4533.99365234375,257361
2024-07-04,4533.993432269395,4565.590405385369,4504.715866646898,4531.2880859375,313153
2024-07-05,4541.482304404536,4588.587605739623,4540.081506731621,4577.4755859375,258687
2024-07-08,4598.3955449395935,4613.903870797856,4556.894377944019,4594.04736328125,542470
2024-07-09,4597.091114140982,4674.778534070274,4582.017322976692,4665.79248046875,631367
2024-07-10,4678.643075224908,4787.830738897031,4633.2287372373885,4685.5517578125,832007
2024-07-11,4714.346942575263,4720.192642385663,4643.713054527217,4665.74365234375,308708
2024-07-12,4665.647170045753,4714.588749037406,4652.554500310104,4696.712890625,290823
2024-07-15,4687.3879758921385,4751.113182798248,4662.796875917657,4716.666015625,223485
2024-07-16,4716.714151470309,4769.133897411305,4697.00248883288,4750.24365234375,664540
2024-07-18,4655.452890016012,4797.493482550747,4623.518101982204,4774.39990234375,773064
2024-07-19,4739.517670914536,4758.842921356594,4657.578797763363,4687.0498046875,662969
2024-07-22,4606.173668428755,4705.601992460573,4599.02341977662,4693.4755859375,377893
2024-07-23,4693.1857338624795,4807.156600171628,4624.484838088277,4753.5771484375,1128441
2024-07-24,4752.079544539055,4775.559537379999,4714.39530252258,4749.51904296875,400075
2024-07-25,4734.686476831486,4757.345522265191,4707.969411788085,4735.314453125,413861
2024-07-26,4731.594345644049,4888.225601993237,4699.659556552953,4843.39111328125,625674
2024-07-29,4864.16626034372,4877.645813256765,4764.786050790167,4794.8369140625,338482
2024-07-30,4783.04804187424,4810.683246870077,4738.696682455676,4784.78759765625,683440
2024-07-31,4784.787441042533,4824.355610525336,4773.289010726366,4795.271484375,567283
2024-08-01,4802.808362524275,4853.537150177936,4738.068766851983,4801.16552734375,654655
2024-08-02,4719.2263093161955,4719.2263093161955,4533.268892249899,4567.2333984375,2120560
2024-08-05,4456.547562828282,4535.008267745356,4401.325754474549,4518.001953125,946316
2024-08-06,4528.873036485382,4591.680108679014,4481.574291087159,4496.8896484375,594238
2024-08-07,4557.5107427675275,4581.983620116192,4473.930776652612,4491.27197265625,1093582
2024-08-08,4517.50311255433,4535.03989092699,4443.2534939223815,4471.48779296875,979435
2024-08-09,4694.9696543591235,4741.229218860194,4608.312814738084,4719.34521484375,1697560
2024-08-12,4688.472772592401,4740.300771106401,4682.952994866525,4698.046875,738630
2024-08-13,4699.415041213914,4723.545881932217,4679.77787489645,4691.64794921875,194849
2024-08-14,4700.147966863715,4708.989343177256,4607.384593863889,4624.2373046875,328795
2024-08-16,4626.044547121373,4713.873937091376,4626.044547121373,4707.03515625,259101
2024-08-19,4736.344364846832,4736.344364846832,4669.910491742545,4702.443359375,280722
2024-08-20,4737.223257560478,4785.192514350714,4713.189733028631,4770.7822265625,523506
2024-08-21,4777.37685569341,4811.570759568516,4754.906576004055,4800.38427734375,221438
2024-08-22,4818.605301984037,4835.018185633086,4792.617838676786,4819.923828125,536373
2024-08-23,4806.686046656523,4853.4340947734845,4769.854135525462,4785.29052734375,208413
2024-08-26,4789.100538940208,4802.729443038415,4753.001354875532,4762.91796875,314431
2024-08-27,4753.978556769508,4774.690484916619,4725.304905816757,4756.71435546875,382109
2024-08-28,4757.837344016952,4861.151779156539,4728.528284402884,4832.91748046875,424484
2024-08-29,4832.917546845912,4879.3722161580445,4767.607096035137,4802.68017578125,571335
2024-08-30,4788.172435762901,4864.815823964397,4783.238934457212,4846.25341796875,465200
2024-09-02,4835.751004779081,4895.590339905647,4775.178943099945,4798.82177734375,310778
2024-09-03,4810.545489704604,4826.225647400674,4744.208929643288,4753.734375,263404
2024-09-04,4718.759002577,4765.116359990021,4710.161868500382,4722.22705078125,476838
2024-09-05,4738.29849739665,4751.096883590539,4676.895915275859,4689.5478515625,398344
2024-09-06,4684.27221702985,4718.759022800499,4631.027420602805,4643.0439453125,291111
2024-09-09,4643.043988972878,4669.910629624483,4607.482421844767,4638.0126953125,272444
2024-09-10,4639.624720438072,4657.698642806592,4581.348628316408,4628.0966796875,404100
2024-09-11,4621.062003088992,4669.42195428411,4593.706879180643,4617.7890625,384214
2024-09-12,4635.618926467896,4782.26203125,4609.045662689209,4762.72265625,757317
2024-09-13,4746.016534458142,4768.975300756714,4716.805263383237,4746.4072265625,315869
2024-09-16,4772.443917294406,4825.004647776133,4748.068354986993,4786.36572265625,453831
2024-09-17,4785.681541616456,4785.681541616456,4705.716552021066,4738.494140625,356442
2024-09-18,4751.976153461055,4766.33778536406,4701.418019015823,4738.640625,295359
2024-09-19,4762.722949138916,4810.398836256589,4733.511677124641,4752.85546875,357206
2024-09-20,4754.711730867159,4945.611822674073,4742.597412731729,4848.8427734375,1332877
2024-09-23,4875.073865356831,4876.44152614442,4742.841054984591,4767.16748046875,899953
2024-09-24,4774.934577029325,4782.21318474355,4743.183093908414,4764.57861328125,481696
2024-09-25,4739.27547979786,4806.686324593995,4739.27547979786,4782.50634765625,665986
2024-09-26,4801.8013024548545,4884.74585212983,4777.377084232805,4879.22607421875,790345
2024-09-27,4875.073928418661,4987.42533157861,4839.268120123049,4946.001953125,1040624
2024-09-30,4945.415399426449,4967.885678799584,4883.377888983228,4910.48876953125,516973
2024-10-01,4910.53781292637,4929.735630396957,4837.9492259760345,4858.12353515625,449002
2024-10-03,4816.455917366375,4835.995292284697,4602.499762010749,4672.35302734375,1337657
2024-10-04,4671.8642317059985,4692.184989452967,4582.813631855882,4598.39599609375,466001
2024-10-07,4639.428947000358,4639.428947000358,4542.904626608349,4560.44140625,447523
2024-10-08,4542.905006207745,4629.366746648473,4480.57458639916,4585.3544921875,661110
2024-10-09,4590.678554282481,4628.780337112056,4552.674563739063,4600.4482421875,930717
2024-10-10,4628.682127696014,4659.163742026934,4581.983214532674,4589.701171875,305739
2024-10-11,4595.660831519338,4697.412027694451,4552.674208095263,4619.15673828125,844931
2024-10-14,4639.624398331602,4699.21948957149,4621.696927117093,4669.71484375,346430
2024-10-15,4669.666391415408,4689.352216357071,4587.747466169884,4613.34423828125,370224
2024-10-16,4615.200225110885,4624.969912293593,4534.111821494415,4570.50390625,380474
2024-10-17,4538.01972671626,4547.740756342268,4416.875604840519,4517.35693359375,514244
2024-10-18,4507.635630020978,4689.351801790982,4505.828142582835,4655.890625,778795
2024-10-21,4655.255762346827,4741.082556331506,4633.762451376916,4699.6591796875,745473
2024-10-22,4699.659445740111,4715.046703328296,4640.25946038473,4649.44287109375,528037
2024-10-23,4613.7836347095445,4616.617225746872,4545.982098055296,4570.015625,655987
2024-10-24,4557.559125070285,4576.756465206083,4523.511669425519,4560.978515625,288778
2024-10-25,4542.904486442794,4565.032732243851,4404.907656612677,4485.849609375,446738
2024-10-28,4485.849624864973,4655.255903795357,4429.234097298423,4611.92724609375,989928
2024-10-29,4580.029469433563,4805.269422428635,4577.5383899518965,4785.33935546875,1065819
2024-10-30,4738.396124728144,4833.797025643427,4738.396124728144,4757.10498046875,842334
2024-10-31,4756.860769237139,4801.801331033176,4709.673370165505,4781.919921875,510074
2024-11-01,4870.042478649519,4875.07377200511,4816.455650498035,4839.51220703125,79729
2024-11-04,4887.237365328325,4899.498131953007,4680.7057962433155,4720.56640625,719165
2024-11-05,4720.566433177997,4796.916443692394,4697.265633660495,4786.951171875,499976
2024-11-06,4797.844935362127,4846.155754449945,4793.937060311843,4803.90185546875,370356
2024-11-07,4803.902041724247,4807.614809387284,4706.6936460795,4765.65380859375,221554
2024-11-08,4762.722493089931,4765.604741617901,4645.828281564066,4675.03955078125,194765
2024-11-11,4652.324924982067,4721.299010247153,4640.894200437862,4683.05078125,209237
2024-11-12,4677.726585594931,4696.533234879121,4597.17531771674,4629.07373046875,326018
2024-11-13,4591.753030382676,4611.243747357761,4431.578816306505,4483.0166015625,656931
2024-11-14,4616.617345695458,4858.465778121537,4596.931043007475,4771.22265625,2874648
2024-11-18,4767.559162284471,4800.824759639916,4750.9993500465835,4763.35791015625,494329
2024-11-19,4767.607670266869,4898.570145067259,4767.607670266869,4851.08984375,452273
2024-11-21,4777.67003713205,4843.811011626596,4755.297548399128,4769.6591796875,593722
2024-11-22,4799.847512441075,4889.7286382592265,4769.561480915394,4871.36181640625,339941
2024-11-25,4883.8671957213855,4950.301076359325,4873.120538559367,4887.14013671875,945466
2024-11-26,4893.636361629207,4898.863239734396,4762.722551994887,4818.16552734375,564637
2024-11-27,4819.386667414687,4857.390654992064,4777.474804980293,4804.24365234375,189349
2024-11-28,4806.686223467065,4806.686223467065,4683.3925770834385,4704.78857421875,954250
2024-11-29,4726.574668472313,4752.2687550001565,4697.265606865415,4720.56640625,407774
2024-12-02,4726.623365653194,4733.901973494028,4585.451384398445,4709.67333984375,250521
2024-12-03,4709.722249960161,4757.837962413729,4709.722249960161,4732.77880859375,351449
2024-12-04,4724.669653317077,4766.4350684464935,4641.578649821189,4686.56787109375,349544
2024-12-05,4686.567533092874,4767.607277945096,4650.371033405462,4726.134765625,525957
2024-12-06,4739.275253354009,4815.185913594228,4716.365146091413,4764.72509765625,327806
2024-12-09,4774.055676577345,4775.423337445285,4704.10461738933,4730.58056640625,377043
2024-12-10,4728.528717194038,4762.624830925379,4687.007545607107,4702.19921875,342297
2024-12-11,4710.943502161902,4722.276435525269,4684.663137135963,4691.35546875,240736
2024-12-12,4691.355392337827,4708.989487883842,4665.025893079947,4696.923828125,236847
2024-12-13,4677.726397572183,4746.554037156016,4644.7050444770475,4714.75341796875,404369
2024-12-16,4708.989067586158,4752.952658466112,4689.449693861734,4727.06298828125,404180
2024-12-17,4697.36320101243,4718.758719675913,4618.082288116899,4633.42041015625,402231
2024-12-18,4615.200340717989,4688.815030890779,4607.726625243109,4640.455078125,331577
2024-12-19,4601.522979643617,4669.9107946277045,4565.961411258999,4662.04638671875,500287
2024-12-20,4638.647574073952,4711.383087527123,4611.292449374274,4625.45849609375,386086
2024-12-23,4640.601529880485,4666.19830176477,4589.799155237582,4641.138671875,371318
2024-12-24,4641.138947736977,4697.265996180263,4629.5131144097795,4682.513671875,227611
2024-12-26,4682.513466147084,4713.239324409161,4662.094914506163,4690.76904296875,328172
2024-12-27,4708.989189008971,4840.83130742831,4679.240300932254,4764.57861328125,408992
2024-12-30,4777.377367070105,4791.983241245814,4721.006077262035,4743.96484375,242799
2024-12-31,4715.8278505528615,4760.182133520551,4699.219382879483,4710.84521484375,313948
2025-01-01,4717.7820074454075,4793.448426562915,4633.225554493947,4772.78515625,290234
2025-01-02,4772.492103524343,5207.243175390942,4755.150909084721,5185.84765625,2863478
2025-01-03,5202.358327412265,5261.660518315464,5149.357775438159,5188.4365234375,836689
2025-01-06,5188.436651458934,5226.782673879451,5068.953567316978,5129.18359375,419050
2025-01-07,5129.183668971841,5170.118563704423,5047.50898703305,5058.06005859375,439721
2025-01-08,5092.156624197465,5117.21577680776,5016.05037821992,5044.28515625,343162
2025-01-09,5066.852738080116,5076.183075681201,4987.425371074853,5021.521484375,239408
2025-01-10,5031.389051967305,5043.79674588054,4923.922489692275,4941.94775390625,316803
2025-01-13,4894.6136719735905,4908.486819702384,4812.1576009306855,4825.3466796875,213093
2025-01-14,4836.043876503574,4925.241407873136,4836.043876503574,4913.712890625,448429
2025-01-15,4921.870796644198,4976.092562560323,4888.94723581374,4964.857421875,497259
2025-01-16,4994.31272030193,5015.855166652753,4918.939679473547,4931.54248046875,435315
2025-01-17,4889.728182819802,4958.506681632588,4882.938059763731,4896.85986328125,197564
2025-01-20,4896.909440692197,4922.4084206368825,4816.455968209622,4901.2080078125,255315
2025-01-21,4916.448592050699,4963.001055759134,4845.7648103475,4855.48583984375,416551
2025-01-22,4865.30463653229,4909.268232645533,4839.122063439067,4894.32080078125,494734
2025-01-23,4881.522118663881,5039.2047784410315,4863.154820066708,4998.36767578125,442186
2025-01-24,5015.757441733657,5104.173111479839,4997.243693552711,5086.39208984375,730641
2025-01-27,5070.468194757447,5088.053633583196,4997.781809684799,5026.01611328125,418597
2025-01-28,5041.158504528418,5074.3754404109695,4972.770695358458,4987.81591796875,603950
2025-01-29,4963.538402812537,5114.431417393002,4963.538402812537,5063.53125,357310
2025-01-30,5063.531271019254,5146.671407577623,5021.668064409662,5045.40869140625,480830
2025-01-31,5046.043949732307,5123.224486427148,5026.504573353866,5074.6689453125,394118
2025-02-01,5094.696725680324,5298.150479009308,5011.947754245158,5266.00830078125,609534
2025-02-03,5446.600419965049,5447.088904307646,5282.371888576583,5358.91748046875,1330533
2025-02-04,5409.035805397885,5426.2305497349735,5316.6636066478495,5324.5771484375,591631
2025-02-05,5324.479932535492,5344.019308434704,5227.760021834388,5292.435546875,442234
2025-02-06,5303.084393527034,5319.64372832469,5208.12283616149,5218.96728515625,361000
2025-02-07,5245.002905765673,5274.654001160776,5197.522131629844,5248.81298828125,604384
2025-02-10,5275.631147901805,5319.496948520775,5185.163747995497,5212.47021484375,631815
2025-02-11,5020.495860165007,5021.130794433239,4840.831405889014,4857.83056640625,2272410
2025-02-12,4835.99524611863,4884.843682948112,4723.057564761767,4737.76123046875,813864
2025-02-13,4738.933186343565,4794.034126280332,4679.680129381771,4709.3798828125,571526
2025-02-14,4719.8341331883175,4738.298748367629,4578.1245204823,4595.0263671875,476473
2025-02-17,4591.752932908151,4645.486211910267,4538.996622615163,4635.912109375,232211
2025-02-18,4659.163798322064,4662.583188821986,4576.561284345298,4610.7060546875,254026
2025-02-19,4591.752831804845,4709.96604300663,4569.331209609813,4699.8056640625,275722
2025-02-20,4669.910647246356,4786.169929050188,4666.979740982394,4775.81396484375,277284
2025-02-21,4775.42317824742,4868.137415822249,4743.183209981838,4848.15869140625,324027
2025-02-24,4822.3174638997525,4933.594102515786,4802.338263333377,4895.39453125,410180
2025-02-25,4912.1988145738715,4958.116345259029,4863.399035297461,4874.87841796875,402917
2025-02-27,4846.253319481467,4884.843583793435,4777.230575049567,4821.8291015625,561804
2025-02-28,4796.965305205614,4818.361302838526,4645.486488645589,4663.658203125,1076243
2025-03-03,4715.82840286974,4814.5022517800035,4715.82840286974,4793.59521484375,503560
2025-03-04,4774.446599113203,4774.446599113203,4678.019586254276,4704.20263671875,638281
2025-03-05,4697.265808917312,4888.7516863190995,4670.7898600531225,4873.4130859375,551830
2025-03-06,4880.545017522579,4989.477029456256,4880.545017522579,4977.0693359375,648307
2025-03-07,4977.069420133139,5013.2172632697175,4956.162384645031,4983.224609375,590548
2025-03-10,5005.011033157787,5011.849814581192,4856.169744914141,4875.611328125,316750
2025-03-11,4835.995028013577,4894.613149565257,4798.918875317942,4870.72607421875,228128
2025-03-12,4870.18926280526,4923.824752258337,4846.25352821374,4901.89208984375,235018
2025-03-13,4914.641449681985,4931.24991894838,4850.698652192154,4899.74267578125,265867
2025-03-17,4821.340872860564,4960.021780372356,4821.340872860564,4933.9365234375,287729
2025-03-18,4933.9365234375,4933.9365234375,4933.9365234375,4933.9365234375,0
2025-03-19,5012.82677736762,5021.22880422773,4938.186458471299,4983.419921875,417978
2025-03-20,5010.87271176089,5137.8299914605195,4995.534111593074,5108.91162109375,491655
2025-03-21,5128.25544706502,5205.240871212819,5109.88862527748,5183.74755859375,414691
2025-03-24,5202.846922231298,5330.341340286163,5190.537020943037,5299.27392578125,316612
2025-03-25,5334.248982307249,5373.1812795357655,5276.803414850443,5306.1611328125,324007
2025-03-26,5308.750319197759,5368.443204375075,5265.861487094023,5278.85498046875,384678
2025-03-27,5206.705972271539,5280.515765937748,5177.9340535559795,5222.63037109375,603145
2025-03-28,5239.483564324252,5283.789193880549,5199.867671130757,5224.5361328125,286609
2025-04-01,5241.974495035074,5397.752353312762,5144.815238896759,5184.96875,562006
2025-04-02,5238.21315834429,5269.720398250075,5188.924897661976,5232.15576171875,365908
2025-04-03,5143.740345730526,5283.739773443042,5143.740345730526,5255.26123046875,224286
2025-04-04,5227.711095045895,5231.765419929125,5109.546534565212,5127.0341796875,261887
2025-04-07,4884.8440931777795,5048.388578010261,4884.79543555107,4948.59130859375,519173
2025-04-08,5046.580408571363,5147.648010020716,4992.1144042899705,5110.865234375,355195
2025-04-09,5149.162202539388,5201.381370485908,5062.993849227093,5137.1943359375,472302
2025-04-11,5168.164806536722,5284.424090464486,5168.164806536722,5227.662109375,500528
2025-04-15,5338.157188234762,5429.015280933487,5274.654220219524,5401.66015625,542322
2025-04-16,5421.199547430104,5500.334015503962,5411.429860013578,5486.16796875,734279
2025-04-17,5486.168251262644,5583.865130458844,5447.577983980144,5547.71728515625,564357
2025-04-21,5564.325354809585,5722.594287735431,5513.5229812778325,5676.6767578125,551547
2025-04-22,5677.165755529127,5770.466276894302,5633.6906434793855,5650.78759765625,459537
2025-04-23,5655.672251333841,5682.5388927074255,5476.398480713741,5607.80078125,582611
2025-04-24,5603.89264293536,5641.505939091742,5490.564270100544,5520.36181640625,503663
2025-04-25,5532.08563812067,5537.458966334297,5390.425167034136,5447.08935546875,457510
2025-04-28,5451.973865097844,5527.688939830409,5422.664803911044,5492.51806640625,403569
2025-04-29,5496.914805818275,5560.417776115652,5381.144006122289,5450.5087890625,309552
2025-04-30,5475.909477989014,5475.909477989014,5378.701093857006,5438.78466796875,509786
2025-05-02,5431.946210075827,5431.946210075827,5252.183961397059,5314.7099609375,634482
2025-05-05,5343.530511609299,5353.788683356606,5286.37784044573,5334.73779296875,320466
2025-05-06,5334.737627316126,5468.093855890185,5315.198253166081,5387.982421875,514699
2025-05-07,5334.737933208391,5442.692981577501,5326.9221831002205,5362.58154296875,349955
2025-05-08,5337.668308797333,5362.092525456971,5216.524194165528,5248.76416015625,609858
2025-05-09,5173.049741038517,5217.501820966232,5139.344317796623,5201.3818359375,412056
2025-05-12,5378.213144053584,5413.384020199983,5289.3089849057405,5392.86767578125,327631
2025-05-13,5379.678120206392,5425.59564888154,5268.303688951779,5294.193359375,416275
2025-05-14,5304.940561742633,5351.346579547932,5236.55274602956,5321.060546875,315866
2025-05-15,5373.328266499726,5420.222767734633,5236.552637897915,5340.111328125,1930277
2025-05-16,5377.236046828206,5456.85900064661,5364.5354529676015,5382.609375,638327
2025-05-19,5383.097831960613,5498.380144877374,5382.609347583847,5402.63720703125,654074
2025-05-20,5422.176361296404,5429.503626649507,5256.091679959397,5263.4189453125,402780
2025-05-21,5285.400796849001,5351.346185719114,5260.9765787489605,5284.423828125,300888
2025-05-22,5258.0458203052485,5285.400945345856,5197.473757715334,5262.9306640625,461736
2025-05-23,5265.861659975405,5312.267676459418,5252.184097222223,5275.63134765625,282287
2025-05-26,5278.56231179468,5346.95012630988,5276.119889847709,5302.498046875,337099
2025-05-27,5295.170593573152,5319.594812178194,5252.183968828277,5265.373046875,452769
2025-05-28,5280.5162681580305,5284.912627678236,5191.612108971651,5203.82421875,380066
2025-05-29,5205.777825722355,5272.211698697699,5165.233623832991,5255.11474609375,704795
2025-05-30,5254.137705108336,5278.561922778048,5196.985035761211,5210.66259765625,915804
2025-06-02,5217.012953798265,5260.976546105554,5194.0541889266815,5237.529296875,475698
2025-06-03,5289.308551798305,5289.308551798305,5174.026244980389,5230.6904296875,479572
2025-06-04,5217.01272110572,5261.4647957892985,5174.51458377087,5196.98486328125,321913
2025-06-05,5208.709051475154,5215.059348546258,5162.30303441709,5186.23876953125,459910
2025-06-06,5168.653263826126,5280.516187691184,5140.321169572094,5269.76953125,538092
2025-06-09,5297.124409280224,5318.617721158528,5253.649301162745,5266.83837890625,270949
2025-06-10,5301.032398085194,5301.032398085194,5246.8106328633485,5253.6494140625,330659
2025-06-11,5246.322254129589,5309.336739304889,5219.455613163376,5228.73681640625,366787
2025-06-12,5227.759537445031,5251.206786351531,5179.8880709275945,5193.0771484375,337217
2025-06-13,5158.394802241963,5210.662628363165,5099.28819513294,5196.49658203125,414671
2025-06-16,5182.819373252562,5257.557484855545,5182.819373252562,5241.4375,294926
2025-06-17,5257.068985428174,5266.838673191467,5188.68117108512,5217.990234375,710729
2025-06-18,5211.151324090545,5337.180293120857,5185.261652157962,5268.79248046875,774670
2025-06-19,5285.400652831187,5379.6781321284525,5280.5158093442815,5366.9775390625,923400
2025-06-20,5402.637285244627,5414.36091045673,5368.44337837599,5397.75244140625,776879
2025-06-23,5368.443435881923,5431.946406461054,5353.3004198207445,5424.619140625,247519
2025-06-24,5460.278184731829,5509.615105170004,5431.946091806937,5499.35693359375,579369
2025-06-25,5502.287885581061,5522.315744539586,5439.2734025164345,5447.57763671875,449222
2025-06-26,5448.066346949693,5493.006910378311,5385.05186127261,5482.26025390625,788150
2025-06-27,5485.679473122102,5554.067284897444,5466.140098329146,5529.64306640625,413724
2025-06-30,5529.643023374657,5552.601788577715,5483.725492968542,5526.2236328125,340049
2025-07-01,5526.224074576535,5616.593689514806,5502.776823133092,5583.865234375,534027
2025-07-02,5556.021223019741,5612.685409925868,5556.021223019741,5590.70361328125,299925
2025-07-03,5578.491702977388,5641.506188939216,5568.722015231368,5584.353515625,335537
2025-07-04,5583.864728007653,5583.864728007653,5490.564215099817,5499.35693359375,185006
2025-07-07,5500.3341399032115,5568.721953365596,5495.44929608447,5551.625,227078
2025-07-08,5573.607040500649,5573.607040500649,5518.408302939162,5548.6943359375,180630
2025-07-09,5540.390150779878,5586.796169500041,5538.924697557136,5563.83740234375,177978
2025-07-10,5560.905896834085,5573.606490062975,5505.218680368951,5521.8271484375,189074
2025-07-11,5502.288195991091,5552.602088408268,5460.27853824471,5483.2373046875,522930
2025-07-14,5477.375447080729,5486.168166071851,5393.356132276673,5412.8955078125,503684
2025-07-15,5461.255453099848,5512.546313795329,5440.250624434079,5462.232421875,715066
2025-07-16,5471.024879476584,5503.753331880596,5412.406755767906,5496.91455078125,226544
2025-07-17,5537.458972967367,5552.1135044766315,5498.380222275996,5519.87353515625,391603
2025-07-18,5533.550960684141,5550.647913687666,5482.260101673562,5497.8916015625,254828
2025-07-21,5468.0939678728855,5497.403029698183,5412.895234768576,5429.9921875,190717
2025-07-22,5344.018736463312,5411.429576100601,5308.359379263877,5314.22119140625,517944
2025-07-23,5306.894090123357,5336.203151740387,5297.124402917681,5316.17529296875,344237
2025-07-24,5314.709898976047,5375.281960324671,5308.848086587471,5343.0419921875,284450
2025-07-25,5353.7886239186455,5353.7886239186455,5248.764485766957,5307.87109375,292877
2025-07-28,5307.8711438835935,5330.341424816655,5233.621519930868,5261.95361328125,322292
2025-07-29,5265.861343120201,5357.696401794283,5229.713500876148,5344.50732421875,217256
2025-07-30,5339.134612129544,5428.527259340862,5314.7103915800035,5354.76611328125,266223
2025-07-31,5324.4797887189125,5383.097914833249,5262.442271914573,5342.5537109375,307018
2025-08-01,5493.473068833524,5611.239830712679,5418.2606830955765,5470.71142578125,1408773
2025-08-04,5470.216532668022,5611.239753998677,5462.7942578611455,5562.74755859375,505407
2025-08-05,5566.706322507316,5631.032706678512,5526.626036985263,5622.1259765625,458305
2025-08-06,5625.589747523791,5653.299574761132,5592.436918507686,5609.2607421875,202535
2025-08-07,5601.3434175751345,5635.485881869541,5530.089579047677,5622.62060546875,266900
2025-08-08,5622.620778518453,5652.309878818647,5596.890224924951,5604.3125,373874
2025-08-11,5618.167122533583,5649.3406762344475,5593.921025210689,5612.72412109375,475811
2025-08-12,5620.641446137522,5634.991177798582,5584.519707818299,5599.3642578125,429572
2025-08-13,5599.364336166495,5697.833185839271,5589.962787705275,5655.27880859375,427562
2025-08-14,5650.825246139833,5725.542812879511,5650.825246139833,5704.265625,415010
2025-08-18,5819.063560475516,5962.066057837542,5765.128362508523,5850.73193359375,1288582
2025-08-19,5856.6699672620925,5932.87199285844,5830.444594816597,5876.95751953125,843617
2025-08-20,5902.193145394736,5907.636147121711,5843.804581414473,5875.9677734375,510626
2025-08-21,5927.923651608264,5930.397743282558,5836.877077994247,5913.0791015625,499089
2025-08-22,5908.13100822063,5911.099918275012,5852.216535529765,5863.1025390625,273421
2025-08-25,5883.389988657171,5946.72673538115,5819.063605265629,5928.41845703125,822944
2025-08-26,5918.027019869737,6145.64344371088,5898.234287361811,6087.2548828125,1474805
2025-08-28,6204.526805231432,6204.526805231432,6057.565766779105,6069.44140625,719052
2025-08-29,6085.275727053421,6110.511461488267,6007.094432137627,6039.75244140625,496302
2025-09-01,6021.939301120248,6226.794097395004,6021.939301120248,6214.91845703125,698178
2025-09-02,6245.102113767916,6321.798954559774,6217.39228741731,6283.203125,701158
2025-09-03,6283.203389161574,6312.892490071143,6242.628284585165,6305.47021484375,536107
2025-09-04,6620.669241701118,6643.430884834022,6345.055432461393,6358.41552734375,1181698
2025-09-05,6382.166975269617,6530.117659531178,6373.7550634554145,6512.30419921875,610721
2025-09-08,6502.4078534110195,6777.032034115921,6500.923398380181,6744.3740234375,968116
2025-09-09,6711.715931755263,6865.109616423808,6708.747021729421,6803.25732421875,983283
2025-09-10,6828.492805449152,6852.738903091688,6732.00323319824,6765.65087890625,740607
2025-09-11,6734.477277147802,6757.733737987328,6680.047262416997,6687.96435546875,719575
2025-09-12,6694.891921875001,6827.503232670455,6692.417830255682,6803.751953125,731798
2025-09-15,6803.752157096039,6828.9878923696315,6717.1589478239075,6730.51904296875,380686
2025-09-16,6752.29097615369,6882.42819781047,6730.024151155381,6855.7080078125,579275
2025-09-17,6849.2752262937875,6866.099049274137,6808.205305488818,6819.09130859375,310534
2025-09-18,6824.039793811264,6863.130443054327,6797.319603189423,6852.7392578125,224356
2025-09-19,6875.006073074631,6945.270277938356,6853.234065933758,6901.2314453125,550551
2025-09-22,6927.456491933307,6932.8994934626835,6853.23374380545,6874.01611328125,332786
2025-09-23,6942.301274315924,7048.687216866026,6906.179535682634,6918.05517578125,679055
2025-09-24,6877.974748097991,6987.329598409477,6855.707923373932,6938.83740234375,323002
2025-09-25,6936.858023524728,6971.495305901983,6860.161183975093,6913.6015625,375861
2025-09-26,6907.6640685974535,7017.513740748502,6893.314336649793,6973.9697265625,679362
2025-09-29,6975.949053076906,7000.195152069725,6896.778117590148,6912.6123046875,612976
2025-09-30,6912.117044824714,6959.619603082511,6879.459036022477,6932.8994140625,363934
2025-10-01,6927.456698288293,6989.803808572888,6877.974864729091,6948.73388671875,313734
2025-10-03,6927.456432452997,6935.868343835261,6779.010937471861,6869.06787109375,669742
2025-10-06,6869.068031346521,6883.417762862804,6793.855645468068,6808.7001953125,218200
2025-10-07,6808.700319821762,6926.467084074493,6808.700319821762,6884.90234375,286586
2025-10-08,6884.902485017317,6934.384319752241,6818.10200812517,6830.96728515625,476286
2025-10-09,6853.233941979174,6885.891952099797,6747.34281825473,6825.029296875,405889
2025-10-10,6824.039588077104,6911.622432474875,6805.23649153973,6892.8193359375,282882
2025-10-13,6926.961860833344,6973.969602584839,6825.029283982736,6840.36865234375,342990
2025-10-14,6867.583364257103,6870.057455821429,6744.373604353651,6815.62744140625,309415
2025-10-15,6822.060466852112,6868.078572561639,6793.855821417241,6823.544921875,237366
2025-10-16,6821.565570973231,6943.7856998017805,6820.575934302554,6915.5810546875,319047
2025-10-17,6917.560189114084,7025.430584051629,6915.580915812478,6969.51611328125,402013
2025-10-20,6975.948996870433,7030.873832921831,6934.879074417585,6940.81689453125,326177
2025-10-21,6964.073415557433,6984.855786131073,6932.405041349981,6945.76513671875,14379
2025-10-23,7026.420515798624,7026.420515798624,6797.814439862077,6813.15380859375,419750
2025-10-24,6822.555125668175,6837.894493879352,6721.61218647204,6769.11474609375,243740
2025-10-27,6796.82476878665,6855.708151684554,6767.630486509538,6834.92578125,228141
2025-10-28,6833.4410903750895,6949.228578799983,6833.4410903750895,6929.9306640625,485231
2025-10-29,6934.878936521752,6934.878936521752,6817.6069916087545,6879.9541015625,343504
2025-10-30,6879.954043016947,6916.075781016101,6797.8142004435285,6817.60693359375,412184
2025-10-31,6857.192615629348,7025.430852699198,6830.967243380225,6934.38427734375,670785
2025-11-03,6957.145528738343,6996.730994051221,6923.9927015388075,6950.712890625,334962
2025-11-04,6976.938529406791,6986.83489611517,6834.925667141561,6858.18212890625,494329
2025-11-06,6873.026591223692,6902.715690969799,6723.096637505853,6735.9619140625,435650
2025-11-07,6735.962067474711,6825.524187081919,6650.853312930845,6814.63818359375,465149
2025-11-10,6798.804060446325,6843.832529842293,6730.0243104898445,6795.34033203125,514365
2025-11-11,6800.288494188366,6818.596772896433,6684.006183474965,6801.77294921875,409676
2025-11-12,6834.925456829379,6853.23373467653,6767.630165283097,6807.71044921875,300606
2025-11-13,6803.752206347443,6874.511229293456,6688.459532596246,6783.95947265625,842032
2025-11-14,6728.539892104066,6779.011363570062,6600.876758395958,6625.61767578125,739163
2025-11-17,6660.254622261776,6738.435917233347,6605.824606775238,6728.53955078125,789635
2025-11-18,6764.166457439101,6782.969553663144,6684.005889326069,6743.87890625,517129
2025-11-19,6729.529358188936,6839.873846929829,6689.9438913760605,6825.029296875,416170
2025-11-20,6834.430996070451,7064.026708652025,6815.133080573293,7051.65625,857232
2025-11-21,7051.656258041636,7130.332375158232,7015.039700389886,7060.56298828125,654156
2025-11-24,7077.38670741496,7209.00838567633,7061.057702217121,7183.27783203125,1229296
2025-11-25,7183.277850058119,7199.112036956367,7105.591370588592,7143.6923828125,521990
2025-11-26,7182.782794646889,7197.627344374045,7105.591136065674,7123.8994140625,313545
2025-11-27,7135.2801265136095,7135.774944830288,6908.65333747455,6926.466796875,480102
2025-11-28,6926.467144524881,6991.783165604841,6883.912767154604,6980.40234375,449709
2025-12-01,6988.319501701635,7174.866018174163,6952.197762437724,7051.65625,974710
2025-12-02,7051.160985212544,7121.425185907294,7018.008158124177,7038.79052734375,448174
2025-12-03,7016.52372778653,7031.368277281142,6969.021169403773,7008.11181640625,333674
2025-12-04,7024.441136801276,7093.220885886609,6993.267581460442,7026.42041015625,364672
2025-12-05,7046.213240713443,7143.1976364423645,6997.226224503427,7133.30126953125,501035
2025-12-08,7155.0728873597645,7159.031433908788,7041.264674075343,7067.98486328125,273509
2025-12-09,7067.985225979002,7121.425607133142,6978.917924055437,7049.18212890625,436443
2025-12-10,7055.614352550614,7218.409578161747,7055.614352550614,7153.58837890625,626505
2025-12-11,7174.865890889867,7252.5523698463985,7145.671608989004,7180.8037109375,502052
2025-12-12,7160.02131612094,7199.11196463328,7113.508392574613,7154.08349609375,324682
2025-12-15,7125.383741135996,7135.7749257584865,7020.97707659574,7047.697265625,391821
2025-12-16,7046.213081055725,7047.697536058757,6962.588782551623,6988.3193359375,505906
2025-12-17,7030.379069135889,7102.127729399453,7007.122606843562,7060.56298828125,594264
2025-12-18,7061.057672567038,7069.964402637551,6940.816816615126,7032.85302734375,327756
2025-12-19,7001.679597516064,7166.94892511821,7001.679597516064,7142.2080078125,423435
2025-12-22,7162.989986735411,7234.243824680278,7138.249070782332,7215.935546875,233966
2025-12-23,7261.953688766603,7261.953688766603,7204.554763453375,7227.31640625,249187
2025-12-24,7224.34780315171,7273.33481907719,7165.464420372597,7236.71826171875,205296
2025-12-26,7224.34784052217,7283.726041951119,7198.617286569625,7248.09912109375,157706
2025-12-29,7248.098800944547,7298.07545160644,7157.547047765079,7196.6376953125,282572
2025-12-30,7196.638031152242,7236.22349887035,7058.583712485336,7117.9619140625,1976062
2025-12-31,7114.498131076389,7246.614628572383,7066.0059334935895,7236.71826171875,357381
2026-01-01,7241.171361533858,7286.694647392892,7196.1428939993775,7271.85009765625,155326
2026-01-02,7271.850329564047,7305.992795047166,7222.368495530541,7258.490234375,227469
2026-01-05,7267.891861217841,7436.6249170917035,7252.057674156365,7404.95654296875,426798
2026-01-06,7436.130080331921,7490.560098220962,7406.9357980096165,7444.5419921875,396099
2026-01-07,7445.036541017557,7518.269653344461,7412.37853146637,7503.919921875,380761
2026-01-08,7511.342412609877,7522.2284161064135,7460.87094185321,7472.74658203125,459727
2026-01-09,7503.425388517592,7534.598944273105,7408.420266215074,7429.20263671875,474627
2026-01-12,7399.513090153161,7429.202189083828,7246.119412344717,7358.93798828125,315579
2026-01-13,7410.399501114262,7436.624873280332,7271.850365142575,7327.27001953125,262636
2026-01-14,7313.41495531543,7313.41495531543,7161.010908885311,7281.74658203125,426082
2026-01-15,7281.74658203125,7281.74658203125,7281.74658203125,7281.74658203125,0
2026-01-16,7254.036933153196,7340.135325129229,7222.863377437735,7239.1923828125,441023
2026-01-19,7224.347542638851,7296.59101806524,7193.17398817404,7247.60400390625,211682
2026-01-20,7259.9746511683625,7298.5704815112695,7056.109496023777,7099.15869140625,302200
2026-01-21,7026.915210713191,7144.1871566986165,6932.404908252363,7066.005859375,480751
2026-01-22,7100.642948093812,7249.088445266505,6953.187087568937,6975.94873046875,366499
2026-01-23,7015.039360664572,7021.47199885944,6877.9746852816215,6900.736328125,365996
2026-01-27,6947.24945368658,7100.643138205301,6838.884237849161,7090.251953125,498369
2026-01-28,7050.1714452075375,7050.1714452075375,6780.000641650315,6997.720703125,856378
2026-01-29,6998.2156436552295,7034.832200088128,6905.6846159126335,6983.37109375,632904
2026-01-30,6907.663789652071,7076.891656132086,6907.663789652071,7048.68701171875,454539
2026-02-02,6734.477515296753,6924.487755258102,6668.1718586435745,6913.10693359375,490854
2026-02-03,7125.383965696466,7183.277710417749,6979.90737639683,7140.228515625,689971
2026-02-04,7140.228277103552,7252.057216162831,7096.189447120029,7202.08056640625,260280
2026-02-05,7214.451397272046,7233.749312532238,7102.127634090924,7134.78564453125,254212
2026-02-06,7134.785560889063,7134.785560889063,7036.81153071665,7103.1171875,251800
2026-02-09,7042.254548741401,7144.681944159435,6990.298623529354,7120.9306640625,314215
2026-02-10,7204.554973401521,7249.088623649195,7126.373676300049,7220.38916015625,467662
2026-02-11,7427.222963067314,7724.113954262543,7423.2644165180445,7690.46630859375,2286430
2026-02-12,7698.878486234686,7885.424998819715,7679.580571139682,7860.68408203125,1107781
2026-02-13,7818.129389385074,8034.859811698408,7804.76929485891,7981.41943359375,967939
2026-02-16,7994.779667116597,8000.717487009238,7885.919635751514,7927.484375,589984
2026-02-17,7898.290089744089,7968.05947344625,7842.870437441661,7951.73046875,266572
2026-02-18,7940.844360115331,7960.142274499959,7862.663065941713,7926.49462890625,223326
2026-02-19,7952.720139224151,8055.642351080711,7802.29536804918,7815.16064453125,424777
2026-02-20,7812.686724527057,7895.321386823341,7803.779994459194,7854.25146484375,264059
2026-02-23,7907.196957658845,7973.997432582747,7855.241032718033,7955.1943359375,247249
2026-02-24,7907.196938010389,7975.97668609446,7820.108911659337,7846.8291015625,430812
2026-02-25,7847.818595588981,7998.243365643146,7691.456005664258,7925.01025390625,618719
2026-02-26,7956.678528502747,8139.761305588942,7941.3391606928235,8105.1240234375,427401
2026-02-27,8134.813252918045,8144.709619405779,7904.227913753823,7927.484375,774354
2026-03-02,7719.165931270764,7913.6295345393155,7635.541633681997,7744.896484375,494148
2026-03-04,7620.2021605380905,7625.150343759219,7493.0338517550845,7547.4638671875,593728
2026-03-05,7625.15049105164,7720.650429064162,7536.083191350842,7674.63232421875,568151
2026-03-06,7652.860494385006,7654.839767757407,7524.207725179,7541.5263671875,366235
2026-03-09,7439.099004701908,7439.099004701908,7162.0007312794605,7190.7001953125,554984
2026-03-10,7303.518351315265,7488.085583364086,7262.44843104703,7458.396484375,494730
2026-03-11,7495.508142755437,7495.508142755437,7152.104218074141,7178.32958984375,621563
2026-03-12,7100.642960812061,7152.598884915564,6888.860717799687,6903.21044921875,1259945
2026-03-13,6793.855568999406,6870.552408999036,6600.8764231938885,6671.140625,819255
2026-03-16,6631.555106016569,6790.391786290506,6574.650999376373,6756.744140625,866087
2026-03-17,6756.744137621823,6902.22072322862,6699.840031006919,6838.38916015625,555865
2026-03-18,6911.622193503202,6994.751670057364,6898.75691736982,6954.67138671875,557181
2026-03-19,6857.192640933797,6871.54237297212,6680.04767301243,6722.60205078125,629473
2026-03-20,6732.003594687127,6856.202999484369,6732.003594687127,6837.39990234375,575123
2026-03-23,6719.632901510935,6760.702822779374,6591.969772748798,6612.25732421875,380052
2026-03-24,6729.529254520812,6894.303757591065,6683.016331732212,6799.79345703125,723633
2026-03-25,6915.580814823918,6999.699928913791,6832.451337370397,6920.0341796875,490390
2026-03-27,6843.337551268994,6844.822006269269,6672.130407903912,6740.91015625,533428
2026-03-30,6660.749568287015,6713.695129820832,6503.397338681839,6517.7470703125,1015357
2026-04-01,6717.158943004691,6820.081157380011,6680.047567628974,6754.76513671875,736957
2026-04-02,6695.881536264475,6695.881536264475,6516.757303621278,6580.5888671875,660432
2026-04-06,6629.576132936865,6640.956954780241,6504.387092659732,6527.6435546875,971230
2026-04-07,6482.120087545417,6591.474937877289,6375.239328850012,6537.044921875,1150553
2026-04-08,6827.998231101715,7095.694951373186,6780.495670757794,7057.09912109375,917337
2026-04-09,7072.933404312587,7106.086233337979,6964.073368706825,7073.42822265625,648216
2026-04-10,7126.373526737608,7358.4433214911105,7126.373526737608,7347.0625,705365
2026-04-13,7075.90214289672,7195.153360829455,6964.073199939051,6976.9384765625,1246861
2026-04-15,7085.798254901445,7124.888901698737,7001.679141540185,7054.1298828125,913138
2026-04-16,7085.798584634869,7123.899596577389,6978.9178238610475,7057.09912109375,573155
2026-04-17,7056.604113590403,7125.3838605779265,6988.814003250183,7114.99267578125,582841
2026-04-20,7086.293450424656,7188.720846852133,7041.264981463784,7167.9384765625,695282
2026-04-21,7167.938447159748,7220.389191008908,7140.228620220569,7165.46435546875,353002
2026-04-22,7140.228691892505,7191.68979958182,7062.542212015365,7155.0732421875,497850
2026-04-23,7120.930623375265,7120.930623375265,6988.814128590941,7018.998046875,481927
2026-04-24,6981.391978613261,7085.79864864568,6975.948976858016,7037.80126953125,413746
2026-04-27,7075.902040735206,7139.238786274655,7028.399481580621,7099.6533203125,335662
2026-04-28,7095.695033817525,7178.824515385261,6979.907541633891,6998.2158203125,560194
2026-04-29,7032.358015731493,7218.40970542436,7025.430559200375,7114.99267578125,522596
2026-04-30,7046.213151902518,7071.943705547106,6905.684743535923,7035.3271484375,538501
2026-05-01,7035.3271484375,7035.3271484375,7035.3271484375,7035.3271484375,0
2026-05-04,7035.326815987856,7272.344789321531,6996.730987344795,7253.046875,684364
2026-05-05,7249.0884926256595,7268.881225711327,7138.744005673064,7225.83203125,482491
2026-05-06,7293.622150529418,7315.394156948909,7101.137821048011,7234.73876953125,403588
2026-05-07,7284.220509211873,7394.070176560901,7234.738677072672,7251.5625,606372
2026-05-08,7223.85286733594,7293.622252519471,7153.093845483139,7226.82177734375,259522
2026-05-11,7193.668746813714,7193.668746813714,7084.808716252494,7127.85791015625,320656
2026-05-12,7128.847720488517,7200.101560410107,7031.368508929119,7052.15087890625,364492
2026-05-13,7051.1611799491675,7082.829552967887,6791.8763758584055,6899.251953125,668271
2026-05-14,6927.456844656313,7028.399787249876,6771.589065651546,6961.1044921875,447978
2026-05-15,6957.145520133518,7041.759452135142,6902.715505395631,6941.80615234375,313548
2026-05-18,6897.767689441541,6902.221054520807,6742.394730009357,6841.3583984375,316357
2026-05-19,6864.119877747004,6901.726070848847,6788.907491543317,6811.17431640625,406588
2026-05-20,6742.394376200475,6833.440946376674,6682.521359943301,6778.51611328125,455047
2026-05-21,6830.472049936748,6873.521243528786,6791.876221199058,6820.57568359375,491206
2026-05-22,6853.233965435436,6968.031819585691,6836.904960319236,6909.1484375,512596
2026-05-25,7162.000331140832,7354.9794750640685,7140.228325159749,7337.166015625,1354536
2026-05-26,7338.155888621564,7363.88644197344,7278.777688578773,7299.56005859375,388413
2026-05-27,7298.570245500362,7352.0106242470765,7239.192046892901,7342.1142578125,283327
2026-05-28,7342.1142578125,7342.1142578125,7342.1142578125,7342.1142578125,0
2026-05-29,7273.829206743329,7363.391321465816,7057.593603794566,7102.6220703125,1464680
2026-06-01,7102.622242849315,7165.464170175625,6996.236302887451,7026.9150390625,600629
2026-06-02,6995.74157625105,7090.746695973798,6877.974813261395,7067.490234375,452665
2026-06-03,7065.51092325561,7103.611934607293,6971.990259028752,7056.109375,413545
2026-06-04,7031.368223123242,7081.839691016175,6957.640294534546,7036.31640625,429763
2026-06-05,7066.005520962252,7075.90188723811,6956.155855300234,6996.73095703125,422329
2026-06-08,6912.612093445257,7020.482489749556,6883.912630208333,6976.9384765625,402793
2026-06-09,7063.531824610026,7223.358148907682,6976.938614851234,7128.35302734375,547103
2026-06-10,7096.684264134895,7192.679017115105,7081.344896390635,7144.681640625,480600
2026-06-11,7056.109178177668,7152.103931373072,7004.648073371884,7105.09619140625,425248
2026-06-12,7206.534045196467,7278.282701922194,7137.259480081972,7236.22314453125,300260
2026-06-15,7286.694871577132,7565.277596872387,7204.555027173913,7545.48486328125,784420
2026-06-16,7574.67897669735,7586.554616587651,7462.3552160682475,7482.14794921875,453796
2026-06-17,7482.147928345361,7499.961388131118,7375.267169630818,7431.181640625,404085
2026-06-18,7442.067460284831,7588.533681577671,7442.067460284831,7522.22802734375,485856
2026-06-19,7471.756676320662,7578.637434074653,7423.264480673019,7532.12451171875,682982
2026-06-22,7570.720286269144,7640.489669299467,7536.0830039136645,7560.3291015625,375714
2026-06-23,7550.927904480899,7596.4511919784245,7479.179244838059,7499.466796875,365865
2026-06-24,7442.067702142763,7566.761921620155,7410.399328942155,7493.52880859375,324328
2026-06-25,7541.031283674569,7673.642594962284,7503.425090921336,7519.25927734375,673579
2026-06-26,7519.25927734375,7519.25927734375,7519.25927734375,7519.25927734375,0
2026-06-29,7472.746577297039,7527.671413085674,7298.570521462808,7349.0419921875,2326377
2026-06-30,7315.394096363187,7315.888914686804,6870.552423430929,7000.19482421875,2474671
2026-07-01,7000.194912073809,7085.798483134017,6980.402178880697,7065.01611328125,590493
2026-07-02,7080.8502407731685,7194.658455684267,7068.974600956358,7174.86572265625,828736
2026-07-03,7303.518762454016,7303.518762454016,7195.15354504362,7263.4384765625,317988
2026-07-06,7263.9330915813425,7420.295684015928,7209.008256897042,7394.0703125,300086
2026-07-07,7421.285299118917,7524.207511561691,7403.966657602104,7457.90185546875,592213
2026-07-08,7338.155900564782,7514.3112276450975,7268.38651540095,7341.61962890625,905003
2026-07-09,7341.12462070477,7372.2981749717155,7245.624684617143,7284.71533203125,625976
2026-07-10,7322.816592334511,7377.74142791456,7258.985026660402,7289.1689453125,497082
2026-07-13,7249.088433479451,7263.438164849478,7184.762051475879,7220.8837890625,787762
2026-07-14,7181.793233768094,7237.212886667504,7066.005744674686,7204.06005859375,458624
2026-07-15,7209.503067576094,7351.02110994581,7209.503067576094,7327.7646484375,758954
2026-07-16,7333.20771721983,7373.782820648442,7290.158522118742,7341.61962890625,618180
2026-07-17,7372.792940990242,7496.497520537057,7372.792940990242,7485.11669921875,489811
2026-07-20,7490.55970071881,7503.424976991679,7400.502766808728,7485.11669921875,266324
2026-07-21,7511.342188287397,7630.09858652119,7486.60127198869,7609.81103515625,451075
2026-07-22,7611.7906096836305,7659.787989202536,7506.889120425818,7552.9072265625,409800
2026-07-23,7545.48473589116,7708.279966929798,7529.155730954154,7641.4794921875,431136
2026-07-24,7630.098446154382,7630.098446154382,7496.49750059915,7548.9482421875,409577
2026-07-27,7600.409453632795,7765.678773783404,7568.741080909325,7688.98193359375,367549
2026-07-28,7688.982130002951,7807.243712413061,7662.261939834976,7754.79296875,449880
2026-07-29,7809.223098019306,7832.974378510051,7670.673961823298,7698.3837890625,522935
2026-07-30,7787.945624012638,7847.818641390205,7649.891311216429,7830.5,1496307
2026-07-31,7899.0,7899.0,7794.0,7833.5,720608
2026-08-03,7900.0,8056.0,7852.0,8050.0,1009396
2026-08-04,8024.0,8024.0,7867.5,7935.0,599769
