date,open,high,low,close,volume
2021-08-06,242.61252568021484,246.13656507493033,240.82570245782694,243.35704040527344,1079261
2021-08-09,243.20813653248294,246.83143536480497,236.11043574969685,236.80531311035156,1671685
2021-08-10,238.2447217312315,240.2300944123251,224.3471129635763,230.94847106933594,2470795
2021-08-11,231.2462617860144,236.25933044034207,223.35440902973514,234.12506103515625,2658892
2021-08-12,235.1177665904454,242.51327682239696,231.74262393317403,239.48558044433594,2101244
2021-08-13,241.12349569578762,241.12349569578762,233.62872626455834,234.7703094482422,985820
2021-08-16,245.19353596988458,258.99187059919154,238.9892460921041,255.81529235839844,13847979
2021-08-17,255.56709410104432,267.4296769331566,254.27658376446902,262.664794921875,16360052
2021-08-18,262.5655176784255,272.4923803505777,257.10574320874184,265.791748046875,11855819
2021-08-20,261.07650611555323,283.8090171290956,259.09113344547296,275.5697326660156,25875824
2021-08-23,287.77976779497027,289.21917512516956,269.5639671510019,277.9521789550781,12765049
2021-08-24,277.9522088494333,284.60322025037084,270.15961407817014,278.0018310546875,8286796
2021-08-25,284.85135249483636,285.893661016205,275.2719052426416,278.7463073730469,5911135
2021-08-26,279.937515874529,281.52581989581364,272.39309449421194,275.5200500488281,2438316
2021-08-27,271.9960885687473,294.7286023209077,267.4297248185699,292.3461608886719,13613526
2021-08-30,294.8278161357121,301.5780705153433,279.9375223914842,283.6104736328125,12394477
2021-08-31,285.89368074978483,294.57968667534254,283.4615869728749,288.3753967285156,5712361
2021-09-01,289.5665736504291,291.6511904132762,280.6820201349491,282.3199462890625,3331981
2021-09-02,282.46888618727564,285.44694520999604,274.2296016755024,275.42083740234375,3385393
2021-09-03,276.76095707722993,286.7374736054017,276.4135410716394,285.19879150390625,4043787
2021-09-06,286.2907643852879,290.5593342710385,280.4339204246763,281.2777099609375,3140749
2021-09-07,282.7170783248112,282.7170783248112,272.29387098756774,273.53472900390625,3713330
2021-09-08,274.9741136769972,281.22802544431664,272.0456768829007,278.54779052734375,3702093
2021-09-09,278.5477634653165,283.6600915142209,273.08798917545397,275.321533203125,2672361
2021-09-13,275.9667957976071,276.7609327325092,269.56395694282344,270.3084716796875,2262454
2021-09-14,271.00334202408504,278.24993941833253,271.00334202408504,275.321533203125,2576387
2021-09-15,276.8602170298584,277.20766331132756,271.05299582193516,272.2938537597656,1533061
2021-09-16,272.98875695746096,276.2149877215037,270.10997248842284,271.3011779785156,1952339
2021-09-17,272.3931036087323,273.7332361182326,264.55088821580773,265.99029541015625,3596412
2021-09-20,259.6867529003777,264.84870369766156,256.2123507063974,258.1977233886719,2604040
2021-09-21,259.98457080796356,265.940689407433,253.1846778285517,264.5013122558594,3247277
2021-09-22,265.44429745693304,267.8267384004427,261.32465557418374,263.3100280761719,2020872
2021-09-23,265.6428787848018,271.6982717032755,264.55091771845673,268.9187316894531,2293336
2021-09-24,269.01799947180035,271.5493375335788,267.23117616870763,269.56396484375,1635930
2021-09-27,270.9537421788384,273.6339770564862,263.1611485362305,264.5509033203125,3248068
2021-09-28,265.04728120548435,268.86913008324217,259.7364026580328,261.32470703125,3123748
2021-09-29,260.87792569178663,266.6355239266155,258.2473132757946,261.2750244140625,1967271
2021-09-30,261.8706392373897,267.52896338214913,260.1830906691224,261.5728454589844,1661424
2021-10-01,260.08385338791044,264.89838879385405,258.7933731033587,263.7568054199219,1435799
2021-10-04,264.05459705580535,279.7390309285836,263.3100822144826,278.1507568359375,3699982
2021-10-05,277.9521956598254,278.15074506019363,272.93914139157187,273.53472900390625,1100038
2021-10-06,273.9814174065523,279.6397414055272,271.4997016691741,276.6120300292969,2751508
2021-10-07,277.95217704110496,279.1434127747487,271.00337261507735,272.39312744140625,1155868
2021-10-08,272.9887461025305,275.222290388824,268.6705544234866,269.4647216796875,1222662
2021-10-11,270.55662734575793,271.79748516754984,264.10416667243993,266.0399169921875,1188970
2021-10-12,265.8413598290828,265.89101231712704,260.3815855732666,260.9772033691406,1390698
2021-10-13,262.56552961982914,273.3361821678365,261.27504953151094,267.5289611816406,2713011
2021-10-14,267.33042062804583,274.179980645008,263.06188146170354,272.4427795410156,2221783
2021-10-18,271.25154594701723,272.14495760580684,259.3393097114666,260.7787170410156,2873128
2021-10-19,260.7786973463265,262.96258898128093,250.35547628021698,253.97879028320312,2755985
2021-10-20,253.8795192337319,260.9772201641858,248.71755354365723,252.19195556640625,1737033
2021-10-21,252.88682399277894,265.0472306420882,252.88682399277894,263.1611328125,3499536
2021-10-22,264.5012833926396,264.5012833926396,253.2342875459231,254.27659606933594,1173066
2021-10-25,251.69562086327866,253.9291650956831,246.13657138152894,247.07962036132812,1409445
2021-10-26,246.2358494986761,256.11307554550837,246.2358494986761,255.36856079101562,1368351
2021-10-27,255.71599976041426,256.1130682259191,249.85914143747593,251.74525451660156,938875
2021-10-28,252.34087765167757,253.03575509618398,242.46365108718564,246.98037719726562,1864471
2021-10-29,245.6898529366298,249.06498021102448,240.72642156417263,242.5132598876953,1654680
2021-11-01,242.51327991364388,246.3847506449776,229.6083572796092,240.62716674804688,3434123
2021-11-02,242.01693386754044,250.7525767303475,241.91765917419372,246.63291931152344,1377790
2021-11-03,246.63291405229856,253.73063035387318,246.63291405229856,250.008056640625,927621
2021-11-04,252.8868510026297,252.8868510026297,248.41976236862837,250.50440979003906,202499
2021-11-08,253.13501990295373,253.3831914910939,248.81682821043844,249.31317138671875,949706
2021-11-09,250.60367045137875,267.9260445351915,249.41244983979126,266.13922119140625,3677143
2021-11-10,265.64285149586414,271.69824379228,261.77138110778867,262.8633117675781,2242325
2021-11-11,262.8633306866076,266.8340760461901,250.90147240861853,252.48977661132812,2991928
2021-11-12,254.77294292854484,257.403555668876,251.79488391057382,255.36856079101562,925315
2021-11-15,264.05454785347365,278.64704814207585,259.1903911887332,274.37847900390625,12231590
2021-11-16,275.4704684525807,286.7870870436477,273.038374721462,283.1637878417969,6196487
2021-11-17,281.87329778061263,297.0613866335999,278.34924310423594,284.1068420410156,12377403
2021-11-18,285.7943618041638,289.66583207271356,278.2003181438586,281.02947998046875,3152376
2021-11-22,283.56083566259866,284.15645350174066,256.9568549284853,264.9479675292969,3520539
2021-11-23,265.44429090867396,277.4558003082655,261.22537444602597,275.5200500488281,2534589
2021-11-24,278.64705210022754,288.77243402271256,276.46313015717595,282.66741943359375,3508154
2021-11-25,282.6674391918873,291.35344478601905,277.2572864469319,286.5389099121094,4668464
2021-11-26,283.6601513676151,300.78399252629,277.9522043147234,281.2777099609375,9087729
2021-11-29,282.667413266555,293.537339959439,280.2353198055084,286.1418151855469,4221721
2021-11-30,286.1418325969482,290.75781793989586,276.95948410944857,278.7463073730469,2635994
2021-12-01,279.9871653034138,289.8644063356876,272.9887388435414,284.50390625,2310999
2021-12-02,284.95060105226526,291.7505085227935,282.5185377020998,286.9856262207031,2780210
2021-12-03,288.2761145386327,288.8221102163946,281.42658467422154,283.3623352050781,1103224
2021-12-06,283.3623344198437,283.3623344198437,267.08225383207093,269.1172790527344,2250032
2021-12-07,270.95375994972244,273.981441295561,269.06763158935433,271.4997253417969,1524907
2021-12-08,273.485078590741,275.4208290143085,269.31578396815655,270.4573974609375,1359317
2021-12-09,271.99606787453496,275.76826399737706,265.19616011879475,274.42816162109375,2315307
2021-12-10,275.5697309243909,281.9725395683038,273.18728979422843,278.597412109375,1825771
2021-12-13,277.05876611350203,282.81633482096134,277.05876611350203,280.93023681640625,1259711
2021-12-14,278.05145407665833,282.41926797950333,274.4777771400094,280.7813415527344,1413799
2021-12-15,280.38423674548477,289.7651034077032,279.6397220757351,287.1344909667969,2838556
2021-12-16,288.623573023028,290.3607742364082,283.95793478933854,287.9286804199219,2482746
2021-12-17,287.879051421293,287.879051421293,272.293863071421,274.27923583984375,1520555
2021-12-20,271.0033783333851,276.86022184288555,263.31005898509306,266.13922119140625,1403103
2021-12-21,269.2661648184108,279.93754277895613,269.2661648184108,275.91717529296875,1632856
2021-12-22,276.4135198597487,279.2426516560785,273.1872892971289,275.76824951171875,715282
2021-12-23,275.5697346889531,277.9521758516621,272.9887441400253,275.3711853027344,559743
2021-12-24,275.8675067099398,275.8675067099398,267.628222836396,271.6485900878906,900461
2021-12-27,272.3434833360047,279.887905022022,270.20921392141327,277.3565368652344,918797
2021-12-28,278.8455914349696,281.77402830390434,275.9668070604816,280.731689453125,1187570
2021-12-29,281.9229156546848,289.61623465582494,279.9375430092293,287.3826904296875,2052365
2021-12-30,288.87169947877715,292.1972044835429,285.9929154053905,289.31842041015625,2596642
2021-12-31,291.7505133250727,305.7473969726315,287.03525314448825,295.1256408691406,7036897
2022-01-03,297.5081057443023,309.02324295713777,297.11100697609476,307.2364196777344,4720831
2022-01-04,309.7181610132498,311.15756843058466,299.98984627866463,302.02484130859375,2253490
2022-01-05,300.28759625004477,300.28759625004477,290.41035575977037,291.75048828125,2681296
2022-01-06,286.88635619475133,288.822106702054,281.17840966146474,286.5389099121094,2804174
2022-01-07,286.5885192163983,294.3314594899507,283.90825434781084,284.851318359375,2546584
2022-01-10,284.4046022491266,289.36803335295076,283.3622938350752,287.28338623046875,1304481
2022-01-11,284.1068434467023,286.9856277821442,280.2849949677822,283.9579162597656,1892225
2022-01-12,286.3899932610701,293.3387972570059,284.50389537819234,291.3038024902344,1830492
2022-01-13,293.14027727966726,293.14027727966726,284.5535461110206,285.69512939453125,1483332
2022-01-14,285.00022045430825,286.4395972998798,281.029475565483,284.35498046875,1185581
2022-01-17,281.4761657801186,287.7797293408512,281.4761657801186,287.28338623046875,818943
2022-01-18,288.52424825096637,292.594267874853,283.51119488010755,286.8863220214844,1764331
2022-01-19,286.8863791687118,287.87906560182154,282.0222217053513,284.4046630859375,778330
2022-01-20,284.4542597497113,288.37538292618547,276.95948997041563,278.2003479003906,1645821
2022-01-21,276.7113020800162,278.39888088309976,271.9960422239442,273.9814147949219,1064579
2022-01-24,273.93183548717013,273.93183548717013,259.28971048373154,264.3027648925781,1675875
2022-01-25,261.6224495469664,269.91138580846206,258.84294015964844,269.0675964355469,953021
2022-01-27,267.72749120896964,267.72749120896964,259.73634879547,260.6794128417969,869231
2022-01-28,263.0618863844203,270.9041025988904,261.920303125025,263.35968017578125,763449
2022-01-31,265.54358013094446,271.8967662695936,265.2457863644379,268.3230895996094,834734
2022-02-01,269.9610833783178,276.86023580385955,269.2165685651337,273.43548583984375,994602
2022-02-02,274.9741141905917,277.75362380472905,273.68363407568137,275.6193542480469,458697
2022-02-03,275.47046256464955,275.47046256464955,266.03994222459846,266.5362854003906,1119001
2022-02-04,266.63553776431326,268.37273873409924,261.96990018485,262.8633117675781,633499
2022-02-07,262.0195348522468,264.6004947391522,259.3888921842892,261.6720886230469,1046332
2022-02-08,262.9626286568941,263.9553150846622,255.86492675722923,258.9422607421875,851145
2022-02-09,260.1334596284097,261.7714164278602,256.11309181648625,256.7087097167969,657786
2022-02-10,258.09842973714916,261.2750379132048,253.38316996310508,259.9845275878906,1676825
2022-02-11,254.12771276178654,258.5948014626773,252.83721744097969,257.3043212890625,788664
2022-02-14,255.1204011541536,265.5436082051988,251.14965561089826,257.10577392578125,2612884
2022-02-15,261.37429598721883,266.03993380984593,253.03573695653296,264.4516296386719,1310649
2022-02-16,264.99762002094803,267.7771295444351,261.9699086279686,264.9479675292969,1378169
2022-02-17,267.8763831204222,267.8763831204222,258.6443830773044,261.1260986328125,1188407
2022-02-18,259.0415321631232,262.4662821189179,258.098467950933,259.24005126953125,658412
2022-02-21,257.10575713366995,258.0488212563534,251.54670767730875,254.37586975097656,930261
2022-02-22,250.15693390322323,254.37585044722601,244.69715955216083,247.5263214111328,1621309
2022-02-23,247.5263323113188,250.15694491925214,241.5205772312399,243.60520935058594,1112022
2022-02-24,228.31785162531608,237.30166577305476,227.32516531390166,231.59371948242188,2547489
2022-02-25,234.27397615013714,241.17314318105247,233.52946139542271,239.58485412597656,1002183
2022-02-28,239.58485600810928,246.68255733326836,237.94691444655535,243.70449829101562,1365180
2022-03-02,240.2797214535804,247.17888819504822,240.2797214535804,244.8460693359375,1008782
2022-03-03,246.38476417287453,270.3581500860726,246.38476417287453,265.0472717285156,3808322
2022-03-04,260.08381597819323,263.707114989242,255.71600222674888,261.5728454589844,903234
2022-03-07,252.63865032718226,256.8575668847089,249.164248456278,254.67364501953125,716152
2022-03-08,257.8999072433577,260.38162317254466,251.59635787153792,257.4532165527344,1599481
2022-03-09,257.89991557763653,263.0618969949133,255.318955163383,262.36700439453125,2638347
2022-03-10,265.0472487085383,265.0472487085383,256.7086896395057,258.59478759765625,596937
2022-03-11,257.1057684155387,264.05457296731004,254.72332719952243,260.48089599609375,885731
2022-03-14,259.28966313637034,260.43124627608313,253.53206465381564,255.86488342285156,443350
2022-03-15,255.86488530178886,257.1057431354542,248.86644409047838,249.9087677001953,990817
2022-03-16,252.09268451608784,253.13500816739176,245.04462082797698,251.84451293945312,2035446
2022-03-17,254.12770188361642,258.2969966103976,249.5117164824976,252.5890350341797,2813652
2022-03-21,257.1057196921239,261.9698758976939,254.72327892759753,256.4604797363281,1100925
2022-03-22,254.9218536967996,260.97724675516554,254.77295679667267,259.7860412597656,543948
2022-03-23,259.78601655929185,266.98299222685455,258.5947808827702,264.99761962890625,1521621
2022-03-24,263.06191060070836,282.8163649982616,262.51594516815953,278.1507568359375,3816666
2022-03-25,278.54778146411024,280.48350156987686,271.4997026847166,273.63397216796875,1451537
2022-03-28,273.98143783458676,274.17998722613345,262.1188236076908,268.9683837890625,1723760
2022-03-29,269.96103528378165,272.88944151730186,263.16112847591756,269.36541748046875,1440112
2022-03-30,271.003370921424,287.87903870773977,266.0895614188318,278.29962158203125,2578305
2022-03-31,280.43387689793013,290.70818605731466,274.229587586029,288.2760925292969,4508944
2022-04-01,286.88634313164914,286.88634313164914,280.08643586013676,282.0221862792969,920868
2022-04-04,283.9082776498104,284.35499859603283,272.1945915987945,273.9814147949219,1247065
2022-04-05,276.8602042809,279.93753788389006,273.0383559494954,273.4850769042969,1551153
2022-04-06,273.48509155714123,276.8602191145777,271.25154725222814,274.97412109375,566627
2022-04-07,275.42081268263973,275.91715580854515,265.54357235937084,269.0675964355469,990785
2022-04-08,270.5069947435463,271.79747471080964,265.34501428573424,269.911376953125,1074256
2022-04-11,269.9113949655414,278.74629684751585,269.5143265102221,273.9814147949219,1128022
2022-04-12,275.3711969213531,277.7536381845835,268.8194607266813,274.27923583984375,1075262
2022-04-13,274.8252293810469,277.2076706256673,268.17421854103014,268.76983642578125,876345
2022-04-18,268.02530688304563,278.7959595333334,266.7844489808093,270.1595764160156,1393597
2022-04-19,271.25155134304947,272.9391302944103,265.29543310678855,268.8691101074219,2002813
2022-04-20,267.92604593559366,272.98875249529226,266.13922258246896,268.8691101074219,1471587
2022-04-21,270.95373473703654,277.75361158210336,270.06029284131034,276.76092529296875,1337223
2022-04-22,275.9668043479542,277.8529023475708,271.00337261507735,272.39312744140625,808754
2022-04-25,271.251498022714,272.1945620091626,267.03258176801484,268.07489013671875,657737
2022-04-26,270.2588432100156,275.96678939351455,267.52895590486395,273.7828674316406,1278720
2022-04-27,271.25153113766396,272.79018278299776,268.8194375879359,270.75518798828125,1851930
2022-04-28,271.15227356723545,271.8471661379938,265.0968807036021,266.2881164550781,531580
2022-04-29,267.0822651024927,269.81215271578276,263.60786268557814,265.1961669921875,290528
2022-05-02,264.0545553309548,266.7844426511057,260.62977548428563,262.1188049316406,434660
2022-05-04,264.45164104385213,267.1319063417008,255.7656353676176,257.6517333984375,1445918
2022-05-05,258.09843866757467,261.57284072656125,247.67523249061492,251.94378662109375,1973436
2022-05-06,248.17157556944355,250.8021882116033,245.3920508936276,249.0649871826172,1351945
2022-05-09,244.7964709727245,247.92342705690768,242.91035773462684,244.0519561767578,1263464
2022-05-10,245.54097043131512,250.5540242932702,234.67104297142254,241.1731414794922,1067819
2022-05-11,243.2081297515118,247.92338940995947,238.1454238488288,240.329345703125,1329588
2022-05-12,235.8622715396023,241.81838935477214,231.5937174092924,236.11044311523438,726874
2022-05-13,239.28702491855887,242.61251478618152,233.2812700433246,234.27395629882812,518519
2022-05-16,235.4651868273189,242.2154566823302,233.08274577128705,234.7703094482422,1378165
2022-05-17,235.6140978309787,241.07387244545757,233.2812789822796,239.18775939941406,1959085
2022-05-18,240.23010481870452,242.06658068714586,237.45057991533068,238.59217834472656,1057266
2022-05-19,236.20973245762255,236.20973245762255,230.89886915738697,233.33094787597656,950221
2022-05-20,235.26668108548367,241.12352489329166,233.97618571253827,239.2374267578125,828315
2022-05-23,241.71912994786874,245.8387723049413,238.24472766935727,240.4286346435547,1041102
2022-05-24,242.61252417489294,245.0942399096901,239.18775949031104,243.50595092773438,569757
2022-05-25,243.20813290922567,246.18619167954273,237.59946161733797,240.0315399169922,573655
2022-05-26,232.6856600592044,240.18044456983498,231.8418858019541,236.40823364257812,1271788
2022-05-27,239.23738586708444,240.23007211549557,231.29589587979532,232.98345947265625,604678
2022-05-30,236.2593440441678,243.90302567498205,232.28859876611457,242.91033935546875,1021995
2022-05-31,242.0169370352566,244.5979124769462,234.8199609419745,236.30899047851562,749585
2022-06-01,238.5425359997248,244.25048258557226,237.25204069870352,241.91766357421875,893013
2022-06-02,242.6125320502106,242.81108143319202,238.79069878287893,239.8826446533203,228201
2022-06-03,240.72643046784634,241.8183914690511,237.6490968442263,238.7906951904297,362761
2022-06-06,238.39362094171227,242.06657255520648,238.19508670111054,240.7760772705078,375684
2022-06-07,239.2374093637724,241.0738851625784,237.79801719164445,239.43594360351562,645284
2022-06-08,238.34399038671327,240.13081363668263,237.54983830495408,238.69142150878906,409745
2022-06-09,237.74836739356684,244.20082830403942,235.8622694939973,243.50595092773438,438982
2022-06-10,242.3147414136876,243.50596199107346,238.93959877270433,242.46363830566406,293567
2022-06-13,239.53519648243474,239.83300538852384,233.47980426498728,234.27395629882812,760932
2022-06-14,235.26665201734747,237.64909306750758,223.4536911605848,229.06236267089844,1177129
2022-06-15,227.722241986358,233.28129158949494,227.1762766131571,232.2389678955078,462900
2022-06-16,232.83458767047665,234.27397985625683,224.04930736699035,226.33248901367188,507152
2022-06-17,225.9353952887867,228.81417933872766,219.8303657972919,225.83612060546875,768454
2022-06-20,226.9777190963491,227.82150852011483,218.14281698167858,224.39674377441406,2269181
2022-06-21,227.32515502193573,234.02578732061724,226.77917454593842,232.58639526367188,1116161
2022-06-22,232.0900755026957,232.18933505102441,224.84346199825828,227.52371215820312,1309041
2022-06-23,227.32516633759988,236.70604899327222,226.92809787012246,234.3732452392578,594004
2022-06-24,234.968849964965,239.03886995403604,233.18201155153886,234.17469787597656,300227
2022-06-27,234.8199645706701,235.76301359561415,227.5237136699922,228.814208984375,605467
2022-06-28,228.56602265239937,230.20394900340986,227.32516476612142,228.76455688476562,527101
2022-06-29,228.21857324300845,232.78493626051315,226.48137222613894,231.94114685058594,317627
2022-06-30,231.9411561712972,239.73374996185302,229.85652395559592,238.24472045898438,628729
2022-07-01,234.91921261930486,236.25934521617222,230.6010361963156,234.17469787597656,536057
2022-07-04,234.2739745588283,240.97460730574394,232.23896454699343,239.73374938964844,660194
2022-07-05,240.0811983894199,242.1161932771561,237.20239890309557,238.0461883544922,244812
2022-07-06,238.24470995548484,239.7337393927066,233.5790874149614,236.35861206054688,484347
2022-07-07,237.54984317402165,252.83720668566988,237.54984317402165,251.14964294433594,1243415
2022-07-08,251.05037630215799,254.77295018058376,245.19353279231152,248.9657440185547,1348328
2022-07-11,244.30011861051153,247.72488351404002,244.20084391589666,246.33511352539062,974475
2022-07-12,246.63292017839515,256.36124942009656,245.7395085239007,250.85183715820312,1585001
2022-07-13,252.53938668482667,255.070754906646,249.21389669416547,250.7525634765625,347425
2022-07-14,250.75258612511567,258.098459292249,249.1642818552096,257.2050476074219,978728
2022-07-15,257.1057470593795,260.6794237337529,255.1203744952144,259.6370849609375,332160
2022-07-18,260.58019912976556,268.3231415004381,259.934958981274,266.3377685546875,514799
2022-07-19,263.06186662037254,267.33040554589394,262.3173519035224,265.24578857421875,473337
2022-07-20,266.58589327370566,268.968364624979,260.9275995503856,262.1188049316406,259648
2022-07-21,263.45892058285364,279.5404496998369,260.58013656162024,275.321533203125,1746608
2022-07-22,275.17268974696907,278.9448860527034,269.3158155907811,276.0164489746094,738406
2022-07-25,275.8178925084735,278.9944704687484,273.0880052033218,273.7828674316406,464826
2022-07-26,272.98872887920953,273.5843467101859,263.5582091542914,265.29541015625,1836333
2022-07-27,265.04724485146755,265.9406564718658,262.26773530036604,264.6997985839844,276790
2022-07-28,266.8340840116207,276.21498232142255,261.72175526742353,274.67633056640625,1013941
2022-07-29,273.9814196235307,277.6543710623235,266.03992919966026,276.41351318359375,1004671
2022-08-01,276.41353401461737,280.83097021917223,269.41507687453606,271.5989990234375,536021
2022-08-02,273.08798681009426,273.832501479536,266.13918322863833,266.83404541015625,643849
2022-08-03,268.3230874972904,270.55663161173305,262.06917609460334,262.7640686035156,558326
2022-08-04,264.1041676684926,269.5143199096616,262.8136876467142,265.9406433105469,1063669
2022-08-05,266.8340921768797,268.4223964756057,261.07652317518097,262.4662780761719,300820
2022-08-08,259.43857733049066,272.88946492856076,259.43857733049066,267.1815185546875,2078882
2022-08-10,268.0252968242765,272.39311041735147,263.8560023114797,265.34503173828125,989518
2022-08-11,266.58591327355816,269.91141868101397,264.69981522428566,268.8691101074219,997601
2022-08-12,269.91142917622875,289.2688141967678,269.1669143677465,279.2923278808594,6017503
2022-08-16,280.93023081209236,291.7505057279572,275.3711813166515,290.1125793457031,2322558
2022-08-17,292.8424518694706,295.7212360154129,288.7724320727475,291.5023193359375,2629234
2022-08-18,292.59427067381534,293.38840755195497,285.59584476527255,289.5169372558594,1312467
2022-08-19,287.97830249871356,297.70661614831835,286.53889524191305,296.5650329589844,2251278
2022-08-22,297.7562733971957,302.62043029971034,285.9929344623019,293.2395324707031,2918505
2022-08-23,292.2964923996856,296.9620998210362,289.96367354181945,293.83514404296875,863576
2022-08-24,293.58698683920943,298.7985901558818,288.12721193602886,289.6162414550781,740110
2022-08-25,290.8571203773272,295.3738314599718,288.4746790337961,290.5096740722656,1207226
2022-08-26,290.5096590369172,292.49503176950424,287.2338061459021,289.0702819824219,489994
2022-08-29,285.89365471081044,289.21915987830215,282.319977968049,287.9783020019531,659774
2022-08-30,289.6162146598031,296.66429312342507,288.4746315263612,292.1475524902344,930304
2022-09-01,290.4103541502815,294.33147700725345,287.87901629714503,291.8993835449219,723160
2022-09-02,293.7855062854048,295.9693978474787,287.43229008276785,289.5169372558594,707093
2022-09-05,290.7577824736605,290.807434960382,283.46153283091945,284.90093994140625,706896
2022-09-06,287.7301265701495,292.54466112472926,283.90827830334354,285.4469299316406,862064
2022-09-07,283.85869200035347,288.67319686934127,283.8090395030575,287.77978515625,288708
2022-09-08,287.8790102667139,289.11986806958765,284.45423061303035,286.6877746582031,284737
2022-09-09,289.5666268185738,289.8644206124083,284.20609617448105,286.0425720214844,448398
2022-09-12,285.8936608497142,291.6512294018513,285.8936608497142,290.261474609375,569953
2022-09-13,292.5446746080773,292.8424683903822,287.3826935559852,289.96368408203125,379406
2022-09-14,285.0002697081285,313.440728830551,285.0002697081285,305.4496154785156,6312232
2022-09-15,307.73279422759316,310.1152356078973,299.6920280614789,304.3080139160156,1489633
2022-09-16,304.2087465162583,304.2087465162583,293.14026938943704,295.0263977050781,1337552
2022-09-19,296.8132133086113,322.6230579441427,289.8644089836605,318.7019348144531,6537848
2022-09-20,318.602693987299,322.4741646671394,310.31375696219493,312.6465759277344,2805061
2022-09-21,313.2918235548436,314.53268151387385,305.0028863296445,309.0729064941406,2221147
2022-09-22,315.6742239478934,321.3325476269755,248.51900594992978,263.6078186035156,43628376
2022-09-23,262.06917116003336,265.8413668089787,249.46205875866676,260.33197021484375,14105644
2022-09-26,258.048817426357,263.0618711551457,254.47514066499562,256.1626892089844,5477138
2022-09-27,257.0561222167842,261.6224548318512,255.07074967305735,257.0064697265625,1469750
2022-09-28,257.6517150130482,259.38891602433273,253.18464184550726,256.5101318359375,1393157
2022-09-29,259.98456036180664,264.05458063345486,257.1057758799429,259.7860412597656,1512602
2022-09-30,260.9772203554378,263.0618676294912,258.39622993491366,262.2677307128906,668099
2022-10-03,262.0692142395881,262.0692142395881,257.2050568523516,259.1904296875,838588
2022-10-04,262.0692062476187,267.0326381841266,260.3816272714522,265.64288330078125,1602525
2022-10-06,265.6428658023114,280.6820575203895,265.4443164201762,275.91717529296875,4064259
2022-10-07,279.391544643478,284.7023916071671,272.045642487597,273.187255859375,1590140
2022-10-10,270.01065686445935,271.69823558761414,265.84136254512384,269.4150390625,448774
2022-10-11,270.4077539944155,270.4077539944155,262.1188169647423,263.85601806640625,310572
2022-10-12,264.7494480260337,272.49238903945684,261.42394286594725,267.87640380859375,774096
2022-10-13,268.07495207148787,272.88948720393574,268.07495207148787,270.8544921875,867973
2022-10-14,272.24420227254666,275.86750100234815,270.1099329079551,272.194580078125,714508
2022-10-17,272.9887082720355,273.53467357082803,268.52162031849315,270.10992431640625,279170
2022-10-18,271.4997312731425,271.99607447473875,268.5216720635651,270.9537658691406,248415
2022-10-19,270.10994471971503,274.974101466565,269.56394908530064,271.052978515625,394553
2022-10-20,271.25153742886005,272.8894638009355,267.6282384132065,270.1595764160156,438604
2022-10-21,270.25885746395767,273.9318090587234,269.7625142913884,272.4427795410156,231611
2022-10-24,274.2295894110264,274.37848629662665,270.01067265085675,270.8048095703125,55242
2022-10-25,270.8048231068469,274.97411787835136,263.0618817247766,263.806396484375,1112710
2022-10-27,266.43696709886206,274.1799375505649,264.74941875399816,270.7055358886719,1269990
2022-10-28,270.90409416716125,277.45583002263675,269.5639615589804,275.6193542480469,1048381
2022-10-31,275.9668027720893,277.65438166938407,271.64861113026814,275.42083740234375,681900
2022-11-01,275.76825338615475,277.4558322834495,272.9391215500768,275.42083740234375,916423
2022-11-02,274.97411728245567,284.7024313357063,273.6339846592061,278.2003479003906,920657
2022-11-03,278.89523768347243,283.90829155293017,276.5127662461235,281.3273010253906,756385
2022-11-04,281.97252100230384,283.2133788315595,278.1507031237009,280.3345947265625,364780
2022-11-07,280.93025069533786,287.28343758504803,280.93025069533786,285.34771728515625,462665
2022-11-09,287.8790271898179,290.3111207441743,274.5273843282616,279.3419189453125,865928
2022-11-10,278.94484095087705,278.94484095087705,272.9887233505025,277.3565368652344,439437
2022-11-11,278.8455669406845,283.0644835845012,274.874821864151,280.1856994628906,723993
2022-11-14,286.8863195379688,311.60420052578985,283.16374618756265,301.6277160644531,11323150
2022-11-15,298.7985482540099,303.71235709554,297.7065873676278,299.2948913574219,1645047
2022-11-16,299.2949089517399,300.6846636641156,289.3680462999409,291.8497619628906,1094572
2022-11-17,290.46003770047645,291.502346270432,275.32157056946346,283.2630615234375,2270414
2022-11-18,284.6031598824277,301.97516925069357,279.9375223914842,283.6104736328125,4022878
2022-11-21,283.6104987896608,283.6104987896608,276.95948820952833,281.22802734375,796058
2022-11-22,282.5185375023727,282.61781219492576,276.41352259014064,278.3988952636719,462103
2022-11-23,278.49811666841777,279.9375238556404,273.4850631993933,274.7755432128906,456640
2022-11-24,276.16533797331437,284.4046220618924,275.52006764936164,282.5185241699219,797339
2022-11-25,283.85865610670743,288.6731603669059,282.7666951312798,285.4469299316406,1009233
2022-11-28,285.1987972897979,292.6439454643772,282.56818432699026,290.36077880859375,1475350
2022-11-29,290.3606996236459,292.941689679176,289.8643565473662,292.097900390625,993623
2022-11-30,292.7431841293806,293.63659574147556,284.0075567976363,287.9783020019531,822817
2022-12-01,289.86439036995273,292.8424491751235,286.0425421777741,288.8717041015625,983406
2022-12-02,290.2614524297143,290.2614524297143,285.8936390038099,286.5885314941406,403892
2022-12-05,287.829429357111,289.81480212648063,284.106855414543,285.69512939453125,1605493
2022-12-06,286.8863582395941,291.6512406531557,283.5112306721226,289.21917724609375,1509391
2022-12-07,289.21913300498335,290.4103382789663,283.908255728803,284.702392578125,324411
2022-12-08,286.1418137767727,286.1418137767727,279.34190685277645,280.4834899902344,312444
2022-12-09,283.01485582416734,286.43960520871167,280.185693953888,283.6104736328125,702553
2022-12-12,283.90830501085077,286.5389178620395,280.2850057785052,285.7944030761719,531343
2022-12-13,285.04987059880705,289.81478310925803,280.9302284315669,284.6031799316406,701446
2022-12-14,285.89367613882325,289.11990685913986,284.3550243745797,285.94329833984375,1104434
2022-12-15,285.94324482255666,287.5812012710484,281.1783632297943,282.3199462890625,317996
2022-12-16,282.31998429497696,282.8163274566399,273.1872882970092,275.8675231933594,718144
2022-12-19,275.6689841814058,281.972517643432,275.47043481333776,277.75360107421875,334499
2022-12-20,276.9594768842626,280.93022207256746,276.3638590471405,279.4411926269531,225493
2022-12-21,279.88790058120986,288.4746305933,279.5900765292881,283.5608215332031,1421749
2022-12-22,283.56085079297355,285.09953281739064,275.32156617741566,277.9521789550781,1799516
2022-12-23,274.52739017301104,277.6543763221525,267.13189525231195,270.1595764160156,754021
2022-12-26,271.20191213203907,277.95216692532995,269.31578390668295,273.336181640625,828928
2022-12-27,274.17999892149146,280.6324605950045,273.5843810158286,279.2923278808594,913390
2022-12-28,280.33460951955436,282.766703110987,277.9521684205405,278.9448547363281,374149
2022-12-29,278.59739167669136,288.3753573567873,276.56239696972267,277.65435791015625,993641
2022-12-30,279.0441066676808,285.89363562908505,278.1010426268469,284.0075378417969,743045
2023-01-02,282.02217837998063,284.35499719828874,278.8455701642784,279.8879089355469,287492
2023-01-03,281.3272990055241,282.9156031875588,279.0441325712371,281.5258483886719,280865
2023-01-04,282.7170574707287,282.91560685645135,279.44120466698615,281.17840576171875,678732
2023-01-05,282.61777280573307,286.2410713710622,281.0294688293977,285.0002136230469,745831
2023-01-06,285.8936796956063,285.8936796956063,280.63245395785066,282.7667236328125,1142991
2023-01-09,283.66014031392785,287.6308859351202,280.3346347973023,285.149169921875,938448
2023-01-10,286.53891216205807,287.879044808838,281.32730876465666,286.34039306640625,410817
2023-01-11,283.90828991130047,287.5315889509423,279.4412014336751,281.4761962890625,379315
2023-01-12,282.91560951475543,284.7024328255164,279.39158509293895,280.93023681640625,431015
2023-01-13,280.9302484745189,286.7374699170564,278.94487569378026,285.5462341308594,460522
2023-01-16,284.90098592347664,284.90098592347664,279.9375541129631,280.5827941894531,230558
2023-01-17,278.94485888069056,283.8586683345982,278.94485888069056,281.42657470703125,314056
2023-01-18,281.42656882705273,282.9155982917461,279.9375393623593,281.9725341796875,279074
2023-01-19,281.9229226009364,286.4892858568704,280.93023625374997,283.8586730957031,774965
2023-01-20,283.8586597563919,286.34037550773513,280.9302230520542,282.220703125,568122
2023-01-23,283.61049737360224,283.7097417713673,279.04413418425,281.376953125,307160
2023-01-24,281.22801157185637,283.858654454652,278.9448452410169,279.8382568359375,316481
2023-01-25,278.9448568545458,280.781332611575,273.485082076254,275.8675231933594,928275
2023-01-27,275.81790250658247,280.6324372599754,273.3361866846668,278.597412109375,567891
2023-01-30,278.2003453949954,280.9302328163558,273.5347075025537,275.5697326660156,765847
2023-01-31,276.06606367420136,281.9229067340968,271.9960438209244,279.590087890625,681883
2023-02-01,279.59012680126546,281.42660275466153,274.9741409631084,275.9668273925781,490299
2023-02-02,275.9668253536781,278.9448846200847,272.79021668509023,276.1653747558594,781140
2023-02-03,275.2718811035156,280.53313633053193,272.88944019617793,275.2718811035156,618632
2023-02-06,276.66170001966,277.40621478796436,273.5347137572748,274.97412109375,189520
2023-02-07,275.71865578521073,277.9522002515175,272.54204709315337,275.9668273925781,583483
2023-02-08,275.4704630715506,279.0937622026241,274.62667361227466,277.9521789550781,912671
2023-02-09,277.75360423172543,279.29228611579373,273.5843401043231,274.5770263671875,544780
2023-02-10,275.47046448887187,282.9156121777603,274.6266750252545,280.68206787109375,539987
2023-02-13,275.768247045255,275.96679642662417,268.37275215217807,270.25885009765625,712187
2023-02-14,271.15224506429394,272.5419997653389,259.7363531077995,263.1611328125,998627
2023-02-15,265.29541498020376,271.9960475381696,265.29541498020376,267.7275085449219,666229
2023-02-16,269.91138441284335,275.47043345311556,266.0399141096756,269.2165222167969,839910
2023-02-17,268.02531289318216,270.0106855812798,265.54359703306005,266.7348327636719,469769
2023-02-20,267.8764100266116,277.45582697417814,267.52896375506623,275.91717529296875,788487
2023-02-21,274.9740922943197,278.94483730940016,271.5989650903774,277.7039794921875,362712
2023-02-22,274.0807149679236,277.7040141879965,269.86179786229724,271.5989990234375,403951
2023-02-23,272.98873379705276,276.8602043265709,267.38006223428056,270.6062927246094,554863
2023-02-24,272.83985456915275,274.17998722613345,268.07494182148616,268.9683837890625,270103
2023-02-27,268.96840935231324,271.40047301079716,260.72909353018633,263.7568054199219,591691
2023-02-28,265.0472385845416,269.1172584194352,260.4312534096422,265.29541015625,827201
2023-03-01,266.6355548171174,268.0253096229525,263.06187796326816,267.0326232910156,477009
2023-03-02,266.83405149199706,275.3711592883874,263.06185586526607,272.045654296875,680601
2023-03-03,273.98140855059273,276.9594673391861,270.258835064851,274.5770263671875,446477
2023-03-06,275.91717558807994,279.93754307836736,271.6486062226669,278.7463073730469,730210
2023-03-08,277.8529025192268,278.5477950800121,265.6428725665596,269.51434326171875,1351430
2023-03-09,270.90410055083123,273.1872973467443,270.25886047817147,272.14495849609375,359145
2023-03-10,270.65593243967425,273.18730085716754,266.2384962744063,268.9683837890625,764223
2023-03-13,269.1668759180153,269.9113906201457,263.55820455417546,265.74212646484375,670945
2023-03-14,265.6924672600414,266.5362566266741,257.5524582324283,260.58013916015625,698625
2023-03-15,261.96989788165547,270.0106626442765,261.96989788165547,265.99029541015625,818025
2023-03-16,264.10419494856734,266.23849486606105,262.06920002070547,263.35968017578125,1018980
2023-03-17,264.00491414930906,264.65015413788757,259.38889895893897,261.02685546875,379813
2023-03-20,260.97722871818235,261.96991504293345,254.226973827628,258.59478759765625,631138
2023-03-21,259.0415027727666,259.8852618944436,249.4124335201082,251.94378662109375,1041480
2023-03-22,253.03575260376067,254.12771368236642,248.71757593223884,251.49710083007812,588574
2023-03-23,251.4474466769536,252.39049564698297,247.72487299484473,248.76719665527344,551389
2023-03-24,249.61097192842573,257.10575666767454,243.70449135874168,252.98611450195312,1140398
2023-03-27,250.40512079949718,259.2896753598882,249.2635376059675,253.28390502929688,1321291
2023-03-28,253.28392367143917,261.57286099917013,253.28392367143917,257.2546691894531,1043211
2023-03-29,256.60942784225296,262.7640954827221,255.76563836493932,260.23272705078125,452340
2023-03-31,260.08382341699894,264.9976329619055,256.41087180824223,257.9991760253906,827210
2023-04-03,260.2326919157726,264.2530893668515,259.4881772353187,260.6794128417969,404423
2023-04-05,261.42395463610046,264.00494518823996,252.8372086759686,253.82989501953125,519800
2023-04-06,251.34817718204732,254.07806460535534,249.16427027283922,251.14964294433594,3277081
2023-04-10,253.53208608702417,259.68675353486583,251.39781650724106,253.82989501953125,743385
2023-04-11,255.5670928955078,259.5378379843057,254.3758572511161,255.5670928955078,445428
2023-04-12,256.9071915969068,265.6428488488403,256.0137800230812,263.1114807128906,1755306
2023-04-13,263.31002868905375,267.4296705813919,261.72172462489027,263.2604064941406,513057
2023-04-17,263.0122074157396,266.08951024354707,260.1333933468197,262.9625549316406,737712
2023-04-18,262.9625876815042,270.159563161375,261.4735582718758,262.7640686035156,819800
2023-04-19,263.0122438142855,266.6355427023515,261.9699050364816,265.29541015625,385066
2023-04-20,264.9976048046163,267.727491974082,262.36696202399077,263.5085754394531,437079
2023-04-21,264.05457438537553,265.5436039401803,262.16847634149957,263.2107849121094,415963
2023-04-24,263.558198636019,265.4442964468546,261.6224483361945,263.4093017578125,846221
2023-04-25,263.409313890897,264.50127487200893,260.4312550120726,262.2677307128906,465634
2023-04-26,262.4166554908395,264.50130298647497,255.7656445034274,256.8079833984375,606499
2023-04-27,257.94954656537897,258.5947866151391,253.2342865407267,254.37586975097656,921255
2023-04-28,255.02107750476316,259.83561161067524,252.8868082438186,258.8925476074219,667625
2023-05-02,259.0911287382861,261.2253982609702,257.1057561042762,258.7933349609375,436355
2023-05-03,258.0488532610614,262.7641138705275,256.9568921136763,261.37432861328125,880937
2023-05-04,261.6721453595991,264.55092990759647,261.1758021515173,262.0692138671875,995161
2023-05-05,262.01959819623704,265.0969019275526,259.0911610777949,264.3027648925781,532316
2023-05-08,265.89102011244853,266.5362601209043,261.47355414911715,266.0399169921875,971102
2023-05-09,268.91870905108135,272.39311105508597,264.55089544778036,268.1741943359375,2006779
2023-05-10,268.1742058945321,269.31578911474656,263.0618773557405,267.0822448730469,316359
2023-05-11,267.08225077600866,268.67055499742025,263.55822634563765,266.5362854003906,329543
2023-05-12,266.43702001046813,269.2165600685971,264.5509219354711,268.52166748046875,411245
2023-05-15,266.0399525554701,275.1726794624415,266.0399525554701,274.1303405761719,1166973
2023-05-16,274.9245142177135,281.87331910920915,272.9887635944714,273.53472900390625,801612
2023-05-17,273.58434183202996,281.178385732024,273.58434183202996,280.1856994628906,819564
2023-05-18,281.1287488320074,282.91557190523616,277.9521408191794,281.575439453125,659087
2023-05-19,281.87327823816963,282.86596450730303,276.46312595364054,280.1856994628906,397914
2023-05-22,279.6397617239067,284.2557472719473,276.76094702387064,283.31268310546875,374399
2023-05-23,283.908263315379,287.6804588920272,282.46885615634284,286.8863220214844,580628
2023-05-24,289.8644266170576,292.8424857946301,281.37697007872976,285.4966125488281,0
2023-05-25,286.9855949175345,288.52424645502623,283.0644721944845,284.15643310546875,936595
2023-05-26,284.4046544991495,287.53161061015845,280.5828057881897,285.19879150390625,1059460
2023-05-29,286.6878040236663,287.0849027967647,277.0091121698614,278.2003479003906,1220481
2023-05-30,277.85289311660057,280.3346089005902,277.35654995980263,278.9944763183594,1318116
2023-05-31,277.95214284047876,278.9944512583788,270.60627083857054,272.69091796875,1334358
2023-06-01,273.1872785012374,280.2353269086202,273.1872785012374,276.8105773925781,1148477
2023-06-02,278.6966719821567,279.0441182376269,273.38579434677285,274.2295837402344,224222
2023-06-05,275.6690101627158,276.41352492156966,269.9114111842826,272.4427795410156,1162106
2023-06-06,272.4923865850063,280.48349910116735,272.29383720926825,279.6397399902344,609104
2023-06-07,280.6820707486073,280.6820707486073,276.115707393732,277.55511474609375,1034792
2023-06-08,278.84558206422065,281.3769503644311,276.56241563913585,278.7463073730469,716088
2023-06-09,280.43388251725713,282.7667014041532,278.20033832021704,281.9725341796875,1596862
2023-06-12,281.97253541153253,283.3126679944876,277.60472168822673,281.873291015625,1207018
2023-06-13,282.915590631263,289.0702577030991,278.54777704530574,285.5958557128906,2135476
2023-06-14,286.7870617162473,291.9986647131992,282.22069874575607,291.3038024902344,2197295
2023-06-15,293.9840283508265,306.7400527860817,293.0906167802286,303.7123718261719,4283920
2023-06-16,305.15176509195896,308.6261671707746,301.62774081548446,307.9313049316406,1581149
2023-06-19,312.10057406848676,313.73850044348484,300.386887568228,304.6058044433594,1918111
2023-06-20,303.1664066386921,304.159092993301,299.24531371461677,300.8335876464844,677612
2023-06-21,302.3722627110184,308.72544917536476,301.7766448530897,307.2364196777344,1992132
2023-06-22,307.83204079956505,308.7254524487394,301.42920177411287,306.9386291503906,2752868
2023-06-23,307.534232751378,307.534232751378,300.43653109297185,302.57080078125,1072917
2023-06-26,304.55613323380965,306.7400551291807,296.2672271769884,300.58538818359375,1628437
2023-06-27,302.1736797578388,307.43493490827905,301.18099353636467,301.776611328125,1288772
2023-06-28,302.67004232506764,305.6977536718211,301.1810128971374,302.8189392089844,762477
2023-06-30,302.8189261494617,314.4829894985512,301.2802745913763,312.74578857421875,2204780
2023-07-03,316.6669252676793,316.6669252676793,307.7823708892819,311.455322265625,1165522
2023-07-04,312.39840799514485,313.3910943500142,309.02325015308224,312.29913330078125,1287859
2023-07-05,313.6888453830166,315.17787471236636,308.52686492351904,313.440673828125,1997960
2023-07-06,313.1925264661724,323.3179388056523,312.74580551510826,319.79388427734375,2594549
2023-07-07,319.7939066348064,325.8492995241393,319.14866655601156,323.4172058105469,2035961
2023-07-10,324.55879134839546,325.99816827769865,319.2975358880157,320.29022216796875,1397462
2023-07-11,320.7865579412441,332.10317521395206,320.7865579412441,329.6711120605469,5612103
2023-07-12,329.5718762222461,330.5645625964095,323.91355177176115,328.8769836425781,2919645
2023-07-13,330.5645421130099,330.5645421130099,315.72386962111443,327.9339294433594,3778100
2023-07-14,326.59380098899163,326.59380098899163,321.82891874581105,324.6580505371094,1078315
2023-07-17,324.75729387460586,333.74112242689614,319.9427596033583,327.6360778808594,1396867
2023-07-18,327.6361148411707,328.5791789831959,320.6376882524842,324.1617126464844,967074
2023-07-19,324.6084377095446,328.5791831249519,320.836241682661,326.6434326171875,987320
2023-07-20,328.4357160522155,336.05290925123103,327.93785989036184,333.51385498046875,5926738
2023-07-21,333.31470415976787,334.5095711165259,329.82971098707424,333.7627868652344,2344000
2023-07-24,333.6632223368725,336.7997102351084,331.07436408920483,334.609130859375,2518889
2023-07-25,336.3018545103876,340.1851266938573,333.56364548032525,338.64178466796875,2546686
2023-07-26,338.74136463929955,340.1851293617077,332.1198529871091,334.80828857421875,1597194
2023-07-27,336.4511849102222,342.52503610453783,332.71726373175704,335.3061218261719,2173584
2023-07-28,335.40573751519446,336.50102726355647,328.834029411754,333.8125915527344,1053071
2023-07-31,336.55077834602935,350.9886075946016,332.9662077655896,344.36712646484375,1314718
2023-08-01,343.52076404439646,348.44955237885574,340.0855442492606,344.31732177734375,2563216
2023-08-02,341.6289050668951,346.159383994694,321.8640093219814,333.5636291503906,4221157
2023-08-03,335.40569770439174,338.09410270938326,328.8339903809766,331.22369384765625,1303979
2023-08-04,333.06576529070406,338.0443268047654,331.92070221981555,337.0486145019531,2095650
2023-08-07,330.7756613693048,336.3516263302454,317.682019398355,322.51123046875,6552304
2023-08-08,322.80995467679236,329.77994109768906,322.06317041741056,324.0047912597656,1637894
2023-08-09,324.00480019930103,336.50100871644025,324.00480019930103,326.5936584472656,1241466
2023-08-10,329.1327100746408,329.1327100746408,321.1172376916043,322.4116516113281,442552
2023-08-11,322.4116234741747,326.045997598397,313.05193413795826,316.58673095703125,1051866
2023-08-14,316.63656467660167,318.17990684659003,307.1772962350051,312.5043640136719,2256917
2023-08-16,312.2554026674339,319.57389460236004,309.5669671364881,318.3292541503906,1107828
2023-08-17,320.61938586406154,321.61509824252136,309.96525125984937,316.6863098144531,1738659
2023-08-18,317.8811794232777,324.65201149749157,313.1515455869094,314.8442687988281,3505166
2023-08-21,314.6948839793942,321.4657463617623,314.64511051533384,320.619384765625,1020078
2023-08-22,321.6150740759296,325.7970779059115,319.97215485226815,325.1000671386719,1031438
2023-08-23,326.59364728344934,326.7928019059967,320.9180747948685,321.864013671875,816979
2023-08-24,323.45717277474887,330.22800480519555,321.5653253297767,326.7430114746094,1055752
2023-08-25,328.4357236636888,333.7129869469465,326.444298970123,332.0202941894531,915900
2023-08-28,328.5850540324692,334.55932774215046,327.6391152070787,330.6760559082031,1053558
2023-08-29,332.36878506772456,334.2606629263081,329.0829463211767,333.0657958984375,2116853
2023-08-30,333.5636431276739,334.75851012342025,328.1868024202753,330.4769287109375,1534178
2023-08-31,333.8623717020646,334.50960910273267,325.94647597149975,330.22802734375,732499
2023-09-01,330.57648327050606,334.0614763170325,320.2708548984324,323.0090637207031,843338
2023-09-04,326.5936408138771,332.21940934201433,324.8013707933704,329.4314270019531,685079
2023-09-05,330.5267164750453,334.55933921264926,329.53100415596003,333.4142761230469,584257
2023-09-06,333.0657691870099,336.55076228762135,331.42284994549584,333.314697265625,409909
2023-09-07,333.56361614650905,335.65461802656404,330.2777777540852,334.70867919921875,732310
2023-09-08,333.762818196184,341.28043487685306,332.8666527011263,337.84521484375,2333674
2023-09-11,341.33017978831043,341.5293344120471,337.44690771928026,339.9859924316406,1853407
2023-09-12,341.37998159866123,345.5121817293174,329.5807843008762,333.8623352050781,1993932
2023-09-13,332.81686149977367,335.45549321741464,323.90522358465387,326.6434326171875,1763709
2023-09-14,330.27778538518317,336.500987322749,326.04600806763847,331.22369384765625,584352
2023-09-15,332.6675174791935,332.91644557811736,327.63915164889306,329.08294677734375,1477926
2023-09-18,330.5764988196712,331.52243770291324,322.6108000529322,324.0047912597656,3244509
2023-09-20,324.60221444790506,336.4511849102222,323.65627559466924,335.3061218261719,1293133
2023-09-21,334.5593368830523,337.0486176634322,332.26921071979416,335.25634765625,885032
2023-09-22,335.2563570293135,337.3971324829461,328.58507219668905,329.8794860839844,875030
2023-09-25,329.58079827073186,333.36449316567354,326.6932384417785,330.7756652832031,846772
2023-09-26,335.4554863912721,338.0443445921514,330.5765019281127,334.2108459472656,1543972
2023-09-27,335.9533376737745,340.6331978297414,331.6717867634697,339.88641357421875,846141
2023-09-28,341.6289085043134,346.85639826747746,339.7868346056622,341.77825927734375,1666697
2023-09-29,345.7610885990929,345.7610885990929,336.65032733106267,338.4924011230469,1064552
2023-10-03,341.2306067565781,342.52502055164643,334.8580239253054,338.2932434082031,926615
2023-10-04,339.38854139506867,339.38854139506867,331.0743376650812,334.8580322265625,734035
2023-10-05,336.6503610848564,337.5464961477255,325.74729839087934,326.6932373046875,2791330
2023-10-06,328.28638008537956,333.5636434843201,325.00051103692886,326.49407958984375,830405
2023-10-09,326.49405889744725,332.2692085014079,325.39876928404715,329.1326904296875,1435111
2023-10-10,330.2777967487333,333.4640580183567,329.23228055521326,331.9704895019531,712977
2023-10-11,331.9704666160937,335.70438764968816,329.6803405368466,332.46832275390625,627262
2023-10-12,333.36449346508016,336.7001360233887,330.3773563179496,334.80828857421875,3081915
2023-10-13,332.5679091392979,337.5464706533593,332.5679091392979,337.0486145019531,3206078
2023-10-16,337.5465121540866,338.2932964730116,332.86665160079747,335.7542419433594,1443002
2023-10-17,336.55077294615216,337.1482064310947,333.11555319777926,336.0031433105469,1343240
2023-10-18,337.4469126607288,338.243500780611,332.56792817502793,334.3104248046875,474363
2023-10-19,332.61770250466225,335.5550661284309,329.082935772838,332.3687744140625,797192
2023-10-20,331.572223033697,334.90786558900976,329.08294207999063,330.7756652832031,259748
2023-10-23,332.3687633998496,332.3687633998496,318.6279454087872,323.6562805175781,480831
2023-10-25,324.00481215464265,334.3104416760611,315.59106052171427,327.3902282714844,1835988
2023-10-26,328.58508555170505,328.58508555170505,312.45453283356557,318.7275390625,4607990
2023-10-27,319.9223592823189,325.2992301704752,318.6777188705658,323.6562805175781,770484
2023-10-30,324.1043912639253,329.33188144560154,323.2580296333553,325.4983825683594,694809
2023-10-31,327.1910761779068,327.1910761779068,318.7772948742508,321.5653076171875,374266
2023-11-01,321.6151161691329,327.3404626644038,321.6151161691329,325.89666748046875,2061584
2023-11-02,326.5936597952965,329.48121961248205,324.6022350404471,328.6846618652344,317299
2023-11-03,331.5722212950944,336.5507831764021,330.676086233805,332.6675109863281,1267556
2023-11-06,335.30613505308787,336.94905435907555,330.97478023786243,332.1696472167969,271790
2023-11-07,334.90782620123235,337.7953856905862,329.97903833786546,336.2022399902344,608792
2023-11-08,337.4469199033781,339.9860047074165,331.67180024724644,338.7911376953125,879120
2023-11-09,339.4881476127813,345.01433915890277,337.7954244145967,340.7327880859375,750240
2023-11-10,342.0271886661415,364.43071630802854,339.5876812793333,357.8590087890625,3712746
2023-11-13,358.25727676208953,371.5500421697271,350.49073290357654,367.119140625,3020750
2023-11-15,371.201543383433,371.30112069348746,354.8718672965479,357.560302734375,2621313
2023-11-16,358.4564543158948,364.87881127708,351.7851692614347,360.64703369140625,1695692
2023-11-17,362.4393058197186,362.58865659916637,353.6770490425055,354.7723083496094,604319
2023-11-20,357.46074730868895,361.6925249578865,354.7723117062712,359.00408935546875,557791
2023-11-21,361.49336687469975,372.59558420481864,357.51051736053483,370.80328369140625,4289619
2023-11-22,371.40073432580664,373.29258185494564,354.67277774947104,363.88311767578125,3811400
2023-11-23,365.32684800334397,366.4221376443004,361.1946479088858,363.6341552734375,1125795
2023-11-24,364.4307021990642,372.04789522505973,361.5431426032478,364.9285583496094,1410775
2023-11-28,369.50888259222825,372.3964425129772,363.5346081134104,371.649658203125,2507207
2023-11-29,375.383550976607,378.32091452488214,370.4049892925671,375.7818298339844,2040084
2023-11-30,377.37498418778335,386.53555004835283,373.7406401535583,384.344970703125,2851233
2023-12-01,383.2994819415729,384.2951942932728,373.59128651249875,382.1543884277344,1977300
2023-12-04,386.68486020395443,388.1286247412853,375.5826746409967,385.68914794921875,2477746
2023-12-05,385.6891876021408,387.2325296009624,378.07199414763005,386.28662109375,1443081
2023-12-06,385.340651753288,388.3277885885848,381.35780263955894,384.295166015625,1832423
2023-12-07,383.1500968474045,384.79304652023234,377.9226070546264,383.8968811035156,578385
2023-12-08,381.35780405709266,382.85137248029275,378.3706672106925,380.411865234375,1682641
2023-12-11,380.41192562976175,387.33213924395454,374.5372283098348,384.394775390625,2733630
2023-12-12,383.39902956094255,388.3278178654653,379.61533477232985,384.19561767578125,2409797
2023-12-13,387.2823384887121,390.31924906269666,380.5612799908213,388.62652587890625,1372268
2023-12-14,392.21109301386815,396.2935197722854,387.13295389421404,394.40167236328125,1805935
2023-12-15,397.3390073237594,397.6875127290529,387.28233674094344,392.50982666015625,3495008
2023-12-18,394.2523257425395,394.2523257425395,387.63081416112817,390.6677551269531,463131
2023-12-19,392.50982159114835,399.92786038676564,392.50982159114835,398.18536376953125,2232300
2023-12-20,399.28068296119676,400.1768180675538,388.9252798046367,390.0703430175781,1559925
2023-12-21,388.22823969159543,405.6034323763412,383.34925524760814,396.1441650390625,2482683
2023-12-22,392.36042271258185,394.2523004066816,384.9921577126078,389.0248107910156,1050433
2023-12-26,392.75875304458634,402.2677939397068,385.8883134426679,394.40167236328125,1483447
2023-12-27,396.3432944491989,400.8240000884842,393.7544666114402,398.4841003417969,979146
2023-12-28,402.26778095109734,405.25491793835795,396.29350697657605,403.56219482421875,1222326
2023-12-29,403.7613178934194,421.18628229079263,396.7913321344701,417.402587890625,2396214
2024-01-01,422.8790411986646,446.87568418374747,420.1906057371241,437.71514892578125,3687892
2024-01-02,441.79757423115944,443.1417615710962,430.19750124431215,433.6327209472656,1296066
2024-01-03,431.3425842485573,432.43784347865596,420.5888730834323,426.96142578125,1142771
2024-01-04,428.156324855319,428.9528826073344,419.24468686933585,427.06103515625,1103306
2024-01-05,428.20608867685064,436.12201410118735,423.8747642160514,432.4378662109375,1158967
2024-01-08,431.1434327594606,432.58722777212245,423.22750769382765,427.16058349609375,778869
2024-01-09,428.85332283747044,430.1477367424202,422.38119253926277,424.2232360839844,835991
2024-01-10,424.37262120702724,424.37262120702724,413.1708571248152,422.4807434082031,1187137
2024-01-11,422.4807427597113,433.7323106748337,418.69704794133054,430.4464416503906,1403628
2024-01-12,430.19749737335695,430.74515738352267,418.1991760254145,419.39404296875,2522432
2024-01-15,421.1862977257111,423.0781449951241,411.328752154157,412.4240417480469,2115329
2024-01-16,413.12106678800905,417.6017725674597,411.97600361060665,415.3614196777344,575816
2024-01-17,414.11677296445663,419.692768372493,411.92622395943795,416.9545593261719,807963
2024-01-18,416.75538100111146,421.0867356872919,407.1965670013421,419.39404296875,695910
2024-01-19,418.19919323131853,424.0738901065077,415.0627053594296,422.5305480957031,1044013
2024-01-23,415.90906267837653,429.00267406424933,413.36997794206445,418.24896240234375,1237958
2024-01-24,419.3940388249082,431.64128813280865,414.31589994600006,429.10223388671875,1092980
2024-01-25,429.10225217972175,432.1391627122937,414.2163402956548,428.3056640625,1236775
2024-01-29,428.1563137499193,428.3056645262071,420.19061488945573,422.3313903808594,526104
2024-01-30,422.72969813176564,426.61300090097245,417.004351684593,418.19921875,586041
2024-01-31,419.54337385642106,431.1931892615396,419.4437965514077,430.0481262207031,1120857
2024-02-01,433.1348567414361,434.13056905578424,420.3897512724714,425.119384765625,579432
2024-02-02,427.35974951675723,433.1348689480394,425.36832483193865,427.9073791503906,1468731
2024-02-05,427.9073719793521,442.79328340359865,427.9073719793521,433.4335632324219,1495004
2024-02-06,439.35811369028914,467.6861447333417,435.52461472295374,454.7916564941406,4856442
2024-02-07,455.04054905198194,457.9281088220118,448.61819216778173,450.46026611328125,865012
2024-02-08,444.0876908672426,450.55982089109256,432.08936967002745,439.0095520019531,2003835
2024-02-09,442.09629844485596,442.09629844485596,426.36405493416817,433.0851135253906,1036200
2024-02-12,436.12200199273065,437.3666424093766,426.1648786595633,429.6498718261719,601946
2024-02-13,428.2060721224872,436.61985340202966,427.758019809414,433.3340148925781,1430784
2024-02-14,432.13915298408125,432.13915298408125,412.22490630278713,423.67559814453125,2358376
2024-02-15,425.76659219076225,432.33829955049464,425.0198079541274,431.1434326171875,630612
2024-02-16,433.1348747633508,436.02243451776053,428.5048183863299,432.28851318359375,261050
2024-02-19,435.12628500345687,436.0224200165073,428.40522682548584,431.34259033203125,219204
2024-02-20,432.58723101429996,446.0791208403835,431.34259061016945,441.3494873046875,1655372
2024-02-21,443.93838347055424,450.9581437967906,441.3495251307378,443.83880615234375,931187
2024-02-22,444.0876891348813,450.06196297974515,435.3752064444548,444.8842468261719,773992
2024-02-23,446.22849289061577,447.025081019283,435.673935682933,436.7194519042969,574672
2024-02-26,438.8602180862232,443.0919955720234,423.62583129203415,428.1065368652344,610887
2024-02-27,428.654152681073,435.6739123647128,423.1279614736739,427.2103576660156,1410739
2024-02-28,427.8576334329236,429.6001301451342,416.00863148050644,419.6927795410156,543645
2024-02-29,415.4609801535513,422.1820385502834,396.2935173184264,406.2506408691406,1260951
2024-03-01,397.2892242326368,403.46265290422656,388.32781315972017,397.88665771484375,2323290
2024-03-04,404.2592082675874,404.75706443540463,381.1088964640864,383.7475280761719,4165595
2024-03-05,382.4033059368471,387.13293947658104,377.7234762453581,381.4573974609375,4076177
2024-03-06,382.85138403792774,385.44024212697326,373.44189053301943,379.167236328125,1655810
2024-03-07,379.9140281890315,401.0729152478812,379.1672439398956,395.64630126953125,4429143
2024-03-11,397.2892102062846,414.7639490268322,390.5183786782622,410.93048095703125,2913358
2024-03-12,409.23776705864077,412.22490404447024,397.5879206592142,407.5450439453125,2648500
2024-03-13,407.2463476659494,407.2463476659494,376.3792650800217,383.8968811035156,2799185
2024-03-14,380.46170165315425,401.7699402377352,379.4161854353675,400.5750732421875,1039978
2024-03-15,398.93216384838746,405.25494361605786,384.79306611151185,387.1827697753906,1053016
2024-03-18,391.01624328513105,401.1724907967416,384.8428146980262,399.5295715332031,888686
2024-03-19,397.78705667886044,403.16389692458347,393.90378485621204,398.3346862792969,4444709
2024-03-20,398.2849441709863,402.2677936126962,393.90381586245144,398.384521484375,576497
2024-03-21,399.47980257860894,408.14248169624267,398.5836371640873,399.8282775878906,291647
2024-03-22,402.51673050573817,404.1098763946097,397.538168594721,402.9648132324219,248100
2024-03-26,396.9905137892992,413.2206124363236,389.6720221663945,409.28753662109375,2113010
2024-03-27,413.1708719416395,413.1708719416395,406.6489374989623,411.4283752441406,600633
2024-03-28,413.2206295190816,420.1408425777678,408.4412223443962,418.3983459472656,1330031
2024-04-01,424.1734458446222,428.0567177926147,422.77945468210294,427.1108093261719,756195
2024-04-02,427.16059275755646,427.45929430409393,421.78375221277923,425.7666015625,206652
2024-04-03,421.48502121510813,424.1236832245386,419.692751158447,421.8335266113281,371118
2024-04-04,426.3640320443476,426.3640320443476,420.5391088339927,423.5760192871094,699748
2024-04-05,425.56746508394474,440.7023054128334,422.7296787239368,434.9769592285156,1708812
2024-04-08,439.1589239297985,441.9967102312478,430.14773923251295,432.3880920410156,2436764
2024-04-09,433.73231875366395,441.797595108049,429.6498919188043,434.9769592285156,1337640
2024-04-10,434.9769125888738,437.11768789873173,429.74942315500516,431.9399719238281,200164
2024-04-12,428.50480801406076,437.11771360571134,424.82066023216845,429.60009765625,567935
2024-04-15,430.1477337844997,441.1503430611013,421.53482806268835,434.031005859375,1137216
2024-04-16,430.14772154215126,441.4988358943901,427.45928612782143,439.2087097167969,2177615
2024-04-18,442.59410930591247,447.97094955084356,432.18890380533446,434.1803283691406,1173327
2024-04-19,434.18033080485003,434.18033080485003,423.1777221827885,428.3554382324219,442141
2024-04-22,428.35545523278836,444.0379243831371,428.3056513844008,439.4576416015625,2366953
2024-04-23,443.4902671472818,455.33923783547954,440.15462475358555,443.6396179199219,1100032
2024-04-24,444.7847180466188,454.0448307291667,443.1915722123285,448.070556640625,744571
2024-04-25,449.8628402663908,450.75900571605604,436.8190324227954,442.9426574707031,716149
2024-04-26,440.20442870786957,447.522920436277,439.10913906369825,441.648193359375,256171
2024-04-29,445.08340539398984,446.6765511774438,436.121994547131,441.15032958984375,1082968
2024-04-30,445.0336554247569,445.0336554247569,435.1263051997278,436.6696472167969,355652
2024-05-02,439.00957338584135,440.10486305903555,433.2344538533332,438.4121398925781,523690
2024-05-03,442.09628172406656,454.29375796532736,438.3125869631018,450.01220703125,1518217
2024-05-06,453.54696472785685,468.48264962559085,452.55125240134123,459.4216613769531,1927228
2024-05-07,459.4216633277156,460.9152318238308,446.2782787939384,451.5555419921875,832631
2024-05-08,450.60959147489245,465.09722374473824,446.07911264181524,460.765869140625,2260121
2024-05-09,460.06887972107813,463.20539793676767,445.1829983025525,450.16156005859375,1135963
2024-05-10,452.0534003706476,452.0534003706476,436.4207045467508,439.7065734863281,707452
2024-05-13,440.1048625861047,447.0748490976493,432.1391637157679,444.38641357421875,572434
2024-05-14,445.08340389744336,447.8713862190671,441.05078118460756,443.0422058105469,296108
2024-05-15,444.6851366096282,446.6765612873366,440.5529364807291,441.7975769042969,157640
2024-05-16,441.7975637590415,449.5641076163266,436.5700741355958,446.92547607421875,1185784
2024-05-17,446.92550178903514,452.05341439925786,444.2370662447441,448.6181945800781,380178
2024-05-21,452.15295324788605,465.9933478877185,445.18296727520647,460.06884765625,1384604
2024-05-22,464.99766073056367,477.39429146361823,460.51695522031196,467.68609619140625,4225384
2024-05-23,472.9633787770505,473.9590911534232,459.12298282281546,466.9393310546875,1117028
2024-05-24,470.4740836403587,477.1453685154534,458.0276793112487,460.01910400390625,2374758
2024-05-27,461.7615848063987,462.7075236577284,450.0619651374495,452.99932861328125,1475580
2024-05-28,455.886911201382,463.00624851518353,449.26543006877966,462.5083923339844,1601149
2024-05-29,462.06028608895434,463.00622493975914,457.67915799482705,460.96502685546875,956451
2024-05-30,463.00622900331274,472.1667945060267,452.35209501994296,455.23968505859375,1923350
2024-05-31,458.02766520232393,482.8208957848432,449.1658316703203,473.06292724609375,2379563
2024-06-03,486.9033270105775,486.9033270105775,455.4886153059976,457.3804626464844,1476514
2024-06-04,460.0191272660439,461.4131185440493,404.25923305197796,437.46624755859375,1061126
2024-06-05,439.8061453582571,446.8756785443356,419.6429708113424,441.3494873046875,2323667
2024-06-06,449.46455268140437,453.0988967136496,442.5941434830849,444.38641357421875,1305847
2024-06-07,445.48169444758537,465.94360124866023,445.4319209853207,463.80279541015625,1576892
2024-06-10,469.9762431577074,470.6732539780995,452.2027711050116,459.0234069824219,2075818
2024-06-11,462.010518437305,471.9178682179688,459.27230954570456,467.33758544921875,2665188
2024-06-12,467.3375969789483,470.3745074880467,463.5538718215328,466.09295654296875,831917
2024-06-13,466.88952658290725,486.90335139872866,466.2920930805321,480.9290771484375,1363028
2024-06-14,481.9248061457815,507.4150499035658,476.8964706330438,500.0965576171875,1542124
2024-06-18,500.0964850026665,507.66390429259576,485.26037833428813,491.3840026855469,1255345
2024-06-19,489.890496281724,494.0226966262664,484.91193432764146,487.45098876953125,1113280
2024-06-20,489.641540746332,494.32140087561993,482.9204824849436,485.65869140625,1059397
2024-06-21,487.1025001195619,497.80640802148827,481.2775767188421,486.5548400878906,1337547
2024-06-24,486.1067934625811,497.6570326992263,479.9333645850113,482.9205017089844,1529511
2024-06-25,483.4680992571901,488.89474349342754,479.4852500230278,482.8208923339844,5633642
2024-06-26,483.866414728795,485.6586847525857,477.9419142618988,479.236328125,2089571
2024-06-27,481.02864407199326,490.1394060295284,471.4200259376887,476.24920654296875,2661888
2024-06-28,476.9462337867945,479.9333709503861,471.02173292431223,473.3118896484375,1985061
2024-07-01,477.8423412425371,480.38142591688677,468.18394987048424,469.52813720703125,1468186
2024-07-02,473.80971834805547,474.0586464305766,454.5924521453873,457.5298156738281,2481749
2024-07-03,458.72469633717435,472.76421630166294,452.6508448647489,468.4328918457031,3773074
2024-07-04,471.8680842328998,477.89216228004005,462.60797138255845,468.63201904296875,5684718
2024-07-05,468.6319731619753,480.4809430815446,456.7830032424059,459.6705627441406,3584918
2024-07-08,462.01049732372996,469.67749402452586,451.4559410920062,453.9950256347656,1650173
2024-07-09,460.01909356154823,464.8483044089665,451.0576826480116,453.3478088378906,1481727
2024-07-10,454.5924605494091,471.9178797225564,454.5924605494091,468.0843811035156,1924549
2024-07-11,466.49123821685976,472.863791210139,461.5126764429338,468.28350830078125,1011485
2024-07-12,468.2337356203222,487.3016211689819,467.3376005768637,478.3402099609375,2457854
2024-07-15,484.1153548998612,488.6956073832128,478.24062774762194,484.0157775878906,780202
2024-07-16,484.91192454561485,489.89048639926597,484.0655629531482,486.80377197265625,1189708
2024-07-18,489.89047577790757,490.88618812704965,479.93335228648664,486.1067810058594,2431341
2024-07-19,490.33854640122775,490.8861760250632,473.6105611160038,479.3359069824219,1089473
2024-07-22,477.64321155138066,492.6784432580288,472.9633514976598,491.1351013183594,1126027
2024-07-23,493.8733407789875,498.75232536659513,478.9874285342835,485.111083984375,1596328
2024-07-24,485.8593679640559,492.145245385847,481.07010047434346,481.96807861328125,615195
2024-07-25,481.3195852073943,513.5472626786335,480.9204871585194,502.2725524902344,4413514
2024-07-26,507.31122060457784,531.0579028107899,505.86445603582996,508.6581726074219,4118967
2024-07-29,512.2002167362422,515.9917545290556,494.2405620978661,495.4877624511719,762874
2024-07-30,499.4788032889371,506.2136851928402,492.9434551719096,501.0752258300781,1813385
2024-07-31,503.2204344407553,505.81461741909595,499.1296109498215,500.7759094238281,636329
2024-08-01,501.2747645585097,506.3633481370228,495.8868650721189,503.9188232421875,2114868
2024-08-02,499.87792757829476,509.8555309231709,496.13632632396616,504.5674133300781,2056545
2024-08-05,494.58976327824115,516.7899286241011,491.8957984498396,500.7259826660156,3398458
2024-08-06,503.9188190793499,513.7966702468983,492.69401588825156,495.7870788574219,2392736
2024-08-07,514.8443188664846,515.3930748561278,482.9159890142995,485.16094970703125,3803159
2024-08-08,489.2517678958873,489.4014258506444,479.4736987123112,488.054443359375,843964
2024-08-09,489.70074282425696,491.2472895580482,483.91374526673764,488.6531066894531,767782
2024-08-12,487.80500102308105,502.2725252675839,484.91150226402607,498.3313903808594,1227290
2024-08-13,498.8801565030713,533.6022032159938,498.8801565030713,515.9418334960938,5074475
2024-08-14,516.8398004606947,527.8151630187403,516.2411686805456,520.9805297851562,1355740
2024-08-16,522.8263507379378,538.3415098444593,522.8263507379378,531.6066284179688,1880922
2024-08-19,536.2961582733024,541.2849597456121,518.0870328993716,522.0281982421875,2034984
2024-08-20,525.2709491547741,534.7496724927232,518.8353827087906,527.6156616210938,1012799
2024-08-21,527.1167161946296,533.7518460692273,522.8263593945554,525.2210083007812,891306
2024-08-22,527.6156450965268,532.2053791081249,522.1778391722148,529.8107299804688,960379
2024-08-23,530.8085043054034,561.4896349583943,525.9194542484702,549.9655151367188,4503684
2024-08-26,551.9111048524301,561.6891430909477,537.8426488340997,542.0831298828125,2158912
2024-08-27,541.3847404426593,551.462156496111,536.4957512767402,538.4912719726562,794329
2024-08-28,543.1807080671057,556.7502231978513,535.2983776803713,545.076416015625,1892589
2024-08-29,547.4211755053361,548.8678791226026,533.2030922029943,537.5932006835938,686905
2024-08-30,541.2849288843076,561.7390137545902,535.9968118048519,550.5640869140625,4032385
2024-09-02,556.7502608809008,565.131471963222,547.8202937999833,560.5916137695312,2365508
2024-09-03,563.7345757320156,567.8253686478565,560.4918547211677,562.13818359375,1039483
2024-09-04,553.8068962868889,555.7525412411238,536.196461815363,542.2827758789062,1860454
2024-09-05,546.7227410008784,568.6235906614068,545.7748565839762,559.8931884765625,2300118
2024-09-06,564.832078905675,564.832078905675,543.2804808829247,545.5753173828125,1221611
2024-09-09,547.5708268148743,552.0108722189198,540.9357575242934,545.0265502929688,948980
2024-09-10,551.7614478452958,562.7368111839907,546.6229579227971,559.7435302734375,1176616
2024-09-11,559.7435306015889,575.6578196317174,558.0972017404371,565.7799682617188,1532277
2024-09-12,568.5238145859793,575.2088208676888,562.8365686180038,574.8096923828125,654811
2024-09-13,577.1544796197559,586.6830786667089,570.8186649352157,582.8916015625,1115323
2024-09-16,590.6740707183609,597.6583925005036,581.9935443237214,595.51318359375,807098
2024-09-17,599.2049616424566,608.5839332234339,595.0143560233294,602.49755859375,1248627
2024-09-18,598.6561457753575,598.6561457753575,580.2474571130748,591.6219482421875,1189237
2024-09-19,589.6763704123889,596.9101329935899,573.9616448049521,589.177490234375,1415602
2024-09-20,590.6740963386261,621.4549771685117,587.4812512057531,604.4431762695312,3330825
2024-09-23,617.613621807177,620.2577109448936,592.8691787028325,597.2094116210938,948595
2024-09-24,597.2094053359572,603.5452196734168,589.5266389755453,593.6174926757812,1568505
2024-09-25,593.6174729663824,600.6017947169611,589.9756236941994,594.0165405273438,459155
2024-09-26,594.0165662930592,611.0284280136277,584.6875319095165,608.6836547851562,1870728
2024-09-27,611.477378819294,620.8064742140757,590.6741008106005,595.3635864257812,1549964
2024-09-30,596.6606145509168,617.4140150512584,591.1729333134083,613.7222900390625,1512592
2024-10-01,613.7223218822658,627.0923339503746,609.1326489685023,614.4706420898438,1345716
2024-10-03,599.354608441446,601.2004405879479,588.1298053651271,596.06201171875,1961949
2024-10-04,591.8714605142848,594.665177355727,572.7144493325291,580.097900390625,3641519
2024-10-07,579.6987389645058,591.5721109894264,572.7144168083069,578.7508544921875,1505563
2024-10-08,573.9615773376837,597.608507175615,573.9615773376837,595.8624267578125,1224589
2024-10-09,598.6561514785137,609.3820741925038,598.6561514785137,606.0894775390625,1015365
2024-10-10,609.6315772481132,621.1058213370712,608.683692730638,613.0239868164062,1617252
2024-10-11,613.0238998936157,618.511581071087,597.2093639612875,598.9554443359375,1050732
2024-10-14,601.8989470695416,614.3210759355425,592.7694152660027,596.3613891601562,754787
2024-10-15,602.6472237967175,621.1057894262528,598.7060584150445,618.3120727539062,1100126
2024-10-16,618.3120638091098,625.9948302207623,604.6427356582665,607.486328125,1495330
2024-10-17,607.6360482306682,618.4617235811415,599.9034055807705,602.1982421875,937208
2024-10-18,594.7649254491998,614.4208166948691,594.5154853595301,608.184814453125,976974
2024-10-21,608.1848123990317,611.527346128393,601.6494942514482,606.9874877929688,508325
2024-10-22,600.3025068309225,609.5317895748132,588.6286991805807,592.3703002929688,757107
2024-10-23,591.6718860784003,601.0508577044566,585.3361322310421,592.2206420898438,574699
2024-10-24,593.7671757256649,599.4045462125579,581.7940512070619,584.2884521484375,593134
2024-10-25,584.2884065982612,590.6242210345017,570.7188908944196,581.4946899414062,729129
2024-10-28,581.8439406256896,607.236891425021,581.8439406256896,603.5452270507812,1035581
2024-10-29,606.8877018145544,610.6293029354827,597.6584190495981,599.00537109375,1271482
2024-10-30,601.6494937987841,614.5705025700087,598.7559644111808,612.724609375,673945
2024-10-31,611.4275307864878,630.3351016137141,607.7358053088606,623.3009033203125,1631278
2024-11-01,642.457901502098,642.457901502098,631.6820412083337,633.927001953125,213717
2024-11-04,634.6753217139482,641.2605764326863,623.5004547338913,633.627685546875,1951464
2024-11-05,631.8317549558451,632.081195048603,603.5452727964795,612.6747436523438,1799778
2024-11-06,613.4729323056079,626.543629546174,613.1237405393794,620.2577514648438,1211960
2024-11-07,622.8020407293749,632.0812000740532,618.6114349580315,621.7044677734375,664029
2024-11-08,621.7043924227843,623.3507212079248,611.2778464450718,619.3596801757812,330920
2024-11-11,622.8019913444931,630.6842611742148,618.6113859054425,622.5525512695312,603779
2024-11-12,623.6002101499603,657.3743731722989,623.6002101499603,641.7594604492188,2813521
2024-11-13,638.4668233803794,638.5166992143642,614.6203284840359,619.010498046875,877467
2024-11-14,620.5071507752192,647.0974260531295,619.4095779134938,637.6685791015625,1899805
2024-11-18,640.5621649419332,651.5375291387577,625.6456350583752,647.047607421875,942545
2024-11-19,647.8956343735487,660.5173266823755,643.555401374822,656.3267211914062,1285256
2024-11-21,653.5329644085333,689.4523334447275,653.4332127428139,679.1754150390625,5476983
2024-11-22,684.4635311702465,697.1350985188323,675.0346846325984,684.3138427734375,3306695
2024-11-25,697.1351200820843,738.6917992208914,689.4024779091295,696.2869873046875,3830944
2024-11-26,701.4254688714263,705.416509946086,659.5694134212429,663.1114501953125,1835923
2024-11-27,667.3021048591955,674.6356799153697,641.559900203356,644.154052734375,1844068
2024-11-28,645.9500677594474,668.2499869743481,637.1697280584125,648.6939086914062,1808720
2024-11-29,652.9343953273897,662.1137417994933,644.5531840546028,657.7236328125,1010249
2024-12-02,659.0207285557159,681.4703370227918,647.5464842280994,675.4338989257812,1788751
2024-12-03,682.2684717323048,704.3190106031343,681.4203998481577,698.681640625,6313555
2024-12-04,702.2236658369903,712.9994645731566,696.2371042170698,709.3078002929688,1840718
2024-12-05,709.5572407869018,711.2533845281356,689.4024711413657,692.395751953125,1580545
2024-12-06,692.3957473753861,715.2444208816795,686.4590616249562,712.6502685546875,1806463
2024-12-09,714.1968043228044,726.0203003136162,704.9675216284091,717.98828125,2193683
2024-12-10,719.5847445660077,720.0836247187991,702.0241266486767,712.2012939453125,1610610
2024-12-11,712.4008784204851,717.6391201735769,704.0696039916174,712.1015625,752834
2024-12-12,716.3420365524606,722.8274786562603,708.5095814726435,719.6845092773438,1939832
2024-12-13,722.1789041284615,727.3672699483883,706.4641791604407,710.35546875,1989778
2024-12-16,715.3941713748363,715.3941713748363,689.1530863339449,695.1396484375,1251913
2024-12-17,696.436676926117,699.9288379135688,683.4657932584386,685.4114379882812,629791
2024-12-18,687.9058414035593,689.5022335018729,670.0957837583204,681.1709594726562,914834
2024-12-19,660.1181824234308,681.470276953841,660.1181824234308,676.331787109375,986910
2024-12-20,680.272952428111,682.0190329327511,664.5083520516224,676.331787109375,1065409
2024-12-23,678.4770286119929,683.7152703770118,665.5061442414694,677.3795166015625,1052680
2024-12-24,679.3250462382189,684.413660085138,671.4926525845412,681.2706909179688,857059
2024-12-26,686.459057913936,690.4002231150803,668.499373259211,670.6944580078125,1308932
2024-12-27,671.4926713964068,683.7152348802196,657.6737158169474,680.572265625,1053846
2024-12-30,684.4136558288933,742.8325063005051,680.5722423264141,724.1743774414062,3668802
2024-12-31,704.418776054513,719.0359888971797,693.4434126882246,718.2377319335938,2142362
2025-01-01,720.6822886587598,721.380733083484,699.130689457143,706.9132080078125,984457
2025-01-02,707.8111719062202,729.3627697444865,704.5185142405933,716.1923217773438,1863634
2025-01-03,719.4849131509724,737.394722346765,716.1923164084831,730.410400390625,3084201
2025-01-06,737.3449169684186,741.6352744003154,712.550596014318,717.3897094726562,1961233
2025-01-07,720.3330314010942,740.4378640874689,712.7001410578583,733.5034790039062,2155049
2025-01-08,737.8935982684753,737.8935982684753,716.8907566858325,722.2786865234375,1199217
2025-01-09,722.2786983035444,723.3762102631823,700.4277235927642,711.6525268554688,1000535
2025-01-10,710.4552077071825,715.3442575246725,683.5655555078982,685.660888671875,1532883
2025-01-13,682.4680309317239,685.4114359348775,657.0750196479213,661.265625,1242474
2025-01-14,667.9506529729579,673.039206204203,652.8844357243787,662.0638427734375,912483
2025-01-15,664.5083356144595,666.0049760099876,646.5486508681228,649.8412475585938,1806479
2025-01-16,653.5329739797404,678.8761090858172,653.5329739797404,661.9141845703125,1443163
2025-01-17,663.3110406289297,663.3110406289297,639.6142333121356,643.0565185546875,1017844
2025-01-20,646.5486951271997,653.98202178019,634.8748870632671,652.036376953125,1097181
2025-01-21,654.5806299244578,658.3721068690647,635.822748541832,638.5665893554688,1287598
2025-01-22,639.5643725099042,640.7616970874302,622.303130954149,628.1898803710938,1776604
2025-01-23,628.2397674636758,642.9567311908072,623.4005936990726,634.4757690429688,1016611
2025-01-24,637.5688383544712,640.1131149663353,613.3731508269345,614.6702270507812,775798
2025-01-27,604.1937219138694,609.7812159889404,584.1387647601133,590.6242065429688,2739002
2025-01-28,591.2228708051418,594.6651561200922,575.7077098679416,579.8983154296875,2048344
2025-01-29,578.7508383263653,630.5844970603009,577.3540104732159,627.1422119140625,1738092
2025-01-30,626.5934888043951,653.0341376154086,625.595728471904,646.2992553710938,1854870
2025-01-31,646.0498125328378,653.4332633211676,627.3916822151323,638.7661743164062,2044740
2025-02-01,642.5575964114033,648.4942820361991,620.9560627937819,625.4459838867188,503374
2025-02-03,624.0491655682406,646.0497670782414,612.8243626653368,619.3596801757812,1137364
2025-02-04,620.6069152479223,640.2628056115108,614.171349043554,627.64111328125,1912645
2025-02-05,628.5889778548197,671.3929183252679,628.5889778548197,668.2000732421875,2512836
2025-02-06,668.1501636172209,668.1501636172209,639.065428499435,649.6416625976562,1179716
2025-02-07,649.541980620083,660.218028425942,643.5554185867182,648.6939086914062,730191
2025-02-10,656.5262615676492,660.1681109342071,620.8563317028414,625.6455688476562,2416690
2025-02-11,625.9948421082806,630.6343910051845,608.1847840569055,614.0715942382812,1513676
2025-02-12,613.3232723896848,625.8451520525759,600.5020159161741,613.173583984375,1987381
2025-02-13,613.1735894013966,618.2122668124375,602.9964220087411,610.4297485351562,2019406
2025-02-14,617.5637763079386,617.5637763079386,588.6786022064232,602.49755859375,1260837
2025-02-17,589.6763195637348,615.0693306146557,585.7850301513945,612.0760498046875,1432144
2025-02-18,613.5727144782088,618.5116401896956,597.7581770342948,602.5973510742188,1120147
2025-02-19,599.6539342933391,608.8832169758905,596.560901753704,601.7492065429688,1100162
2025-02-20,604.2436394230829,621.1556894183506,601.5497352154747,608.5340576171875,1441873
2025-02-21,606.7380259942536,623.2010712677859,603.6948691991405,617.9628295898438,1134236
2025-02-24,613.5228185746436,616.1169709349881,592.0210358904566,597.25927734375,870481
2025-02-25,596.7604441510495,613.6226185151586,587.7307251151931,606.9874877929688,1219572
2025-02-27,608.6337788463721,620.6069023646614,601.1007008124728,614.4207763671875,1227911
2025-02-28,611.6769505408488,618.61139692804,601.6494715284001,611.3277587890625,1802592
2025-03-03,600.6516992921629,633.9769175989842,600.6516992921629,627.6909790039062,2058887
2025-03-04,626.0447082234554,654.5307524180562,618.6113818585287,637.6685791015625,2348928
2025-03-05,641.6097430651804,672.1412445144364,628.738671848,660.0184326171875,3088536
2025-03-06,664.5083830770074,668.1502326589597,641.5598953731467,647.197265625,4162778
2025-03-07,642.7571759908752,652.6349660921798,625.5956872238631,628.090087890625,1197982
2025-03-10,629.686485790206,634.3759712668435,609.8809686720575,619.908447265625,972185
2025-03-11,612.824402288585,630.7840880944465,612.7745264521491,624.8972778320312,1012887
2025-03-12,628.5391604797061,628.5391604797061,611.876550035691,614.17138671875,774758
2025-03-13,615.3686735063272,618.6113945260201,598.2570597661039,604.093994140625,1662890
2025-03-17,601.7491980825,607.6360080701475,594.2659960126706,596.9599609375,1042443
2025-03-18,596.9599609375,596.9599609375,596.9599609375,596.9599609375,0
2025-03-19,612.624860710532,617.2644707414205,602.8468213674824,608.484130859375,1555187
2025-03-20,616.6158510257624,629.5368587892455,611.4773612411659,625.9448852539062,1496370
2025-03-21,630.5844965554119,642.9567483788555,613.5228201377406,626.8428955078125,10375675
2025-03-24,636.4713396585661,655.2292217062216,632.0811698417189,651.737060546875,1262762
2025-03-25,658.5217778593695,660.2179824971829,638.5665724696917,646.199462890625,1613266
2025-03-26,648.5442023739338,652.3855552132276,637.2695230354321,644.2538452148438,905883
2025-03-27,638.2672682441626,676.381723415354,629.2375498198463,670.2953491210938,2353906
2025-03-28,669.4971685315012,723.3263494776224,664.5582428134627,696.785888671875,6070165
2025-04-01,698.2325949772654,720.2831325425848,678.6266430472963,687.1076049804688,2136107
2025-04-02,684.1143910003251,685.4114672427633,651.1883002847251,661.115966796875,1791342
2025-04-03,661.9640742186833,670.9439167966484,651.3379028087094,658.2224731445312,1053691
2025-04-04,657.5240208037355,659.6192930205115,638.4668239228268,647.9954223632812,1080116
2025-04-07,604.6427378520906,638.5665878305907,594.4655706788494,631.9314575195312,1489123
2025-04-08,643.0066198552677,660.4175487917881,639.5643347351148,647.396728515625,2244532
2025-04-09,647.4466642620389,659.1204107148909,640.8115340999872,652.5352172851562,1191181
2025-04-11,667.0027225974413,670.3451950528718,633.7773186776632,648.0951538085938,3042575
2025-04-15,661.5150361258814,698.132848947834,655.1293462594031,667.7510375976562,4115812
2025-04-16,669.796481926066,686.4092153974117,644.154029855837,648.4943237304688,3759757
2025-04-17,649.6916332077393,665.5061093478528,643.9545115754302,663.0615844726562,1737247
2025-04-21,663.0616006680652,666.3541975056,653.0839975855619,654.830078125,1053508
2025-04-22,655.1793047781897,672.9893012144767,654.2314203432672,663.1114501953125,1322108
2025-04-23,663.1114613263793,677.4293579611349,654.5307472312059,675.134521484375,2027535
2025-04-24,677.4792500565698,681.4702912940164,662.8620371650388,666.9030151367188,868517
2025-04-25,669.9960754391334,669.9960754391334,636.571103693473,653.183837890625,2367728
2025-04-28,648.5441732443828,676.281896474221,646.1994609774192,673.687744140625,1149511
2025-04-29,676.3317991985225,677.4792479100354,660.8166386167983,665.7056884765625,738560
2025-04-30,665.7056501615693,699.4299343904332,661.7644849992223,684.0145263671875,4791505
2025-05-02,684.4635881919814,690.9989061910908,677.2797016172719,681.9193115234375,1165814
2025-05-05,678.8261629222905,684.9125369970691,668.4494928431078,679.4747314453125,775182
2025-05-06,680.4725323570315,693.2438521629266,664.5083673750482,685.3116455078125,1659976
2025-05-07,678.2774202154369,684.6631103108127,661.6148115058863,681.2208251953125,1678787
2025-05-08,684.4635514900037,690.1507972607924,656.2269477700341,661.265625,1444130
2025-05-09,645.2515583837253,667.5015995214153,645.2515583837253,663.2112426757812,812628
2025-05-12,674.4859529394743,677.7785497016476,667.850822682093,675.134521484375,1074733
2025-05-13,675.0845557252566,677.1798887736063,659.3199560732337,664.7078857421875,1406175
2025-05-14,667.501617341272,693.0442557680437,661.5150557507673,690.3004150390625,1531628
2025-05-15,693.2438233482843,708.2102273968156,682.8671530803749,697.8335571289062,1659992
2025-05-16,705.4165632703231,707.4619597960121,693.7427550648,698.4821166992188,850892
2025-05-19,700.4276951625554,703.4209759111134,680.8216819001199,684.3138427734375,1032224
2025-05-20,692.1463058814093,692.2959333816268,673.4881768036039,677.62890625,1637259
2025-05-21,673.4882048797792,685.9103328383642,665.7056866919708,670.5447998046875,1844005
2025-05-22,669.9960424544296,739.6895751545288,669.9960424544296,722.1788940429688,11786233
2025-05-23,716.3420631579054,723.1766972694469,710.8543811739509,717.4395751953125,1754879
2025-05-26,719.3851497554673,727.2674801940001,700.4277047549764,706.6138305664062,1010386
2025-05-27,707.0128820889081,715.2943408041712,697.1350922466105,703.37109375,1327676
2025-05-28,706.4142705113262,720.5824785120069,701.6250333994149,709.0084228515625,2332242
2025-05-29,712.6004064754984,717.6390837262104,705.416520256421,714.6956787109375,1226368
2025-05-30,714.6956814844829,721.380687587879,703.421002419716,704.7180786132812,1759347
2025-06-02,704.5185120862163,733.3538086496455,700.4277192817024,720.7321166992188,2933911
2025-06-03,723.3762591193037,738.2429128040358,723.3762591193037,728.015869140625,2131110
2025-06-04,732.755205710257,743.281564940222,721.3807136665059,737.1951904296875,3148123
2025-06-05,743.131843360223,755.2047792709833,734.8005693928616,753.0595703125,3099466
2025-06-06,757.3000361349241,766.1301900624915,752.1116706114896,761.5903930664062,2851545
2025-06-09,765.282186239166,767.227831095737,752.411053401966,765.4817504882812,1061954
2025-06-10,765.4817700736321,779.2508510364536,756.6016783976994,777.1555786132812,1369394
2025-06-11,777.1555432312856,777.1555432312856,758.6470404425828,762.538330078125,1434544
2025-06-12,763.2866532175165,772.5658121161555,755.9531391440253,758.2978515625,1968926
2025-06-13,750.3157586621353,755.3045602489846,740.537719731602,752.311279296875,1478261
2025-06-16,753.3089877651979,765.2821107495455,745.4765941723183,763.1369018554688,1367904
2025-06-17,761.5904409134819,770.1712162139885,754.4065544218936,759.8443603515625,1575983
2025-06-18,761.3908415968003,767.9760959517696,753.8577636992153,757.300048828125,1090681
2025-06-19,761.0915267205341,761.6402826929082,741.9844539649825,746.4244384765625,751819
2025-06-20,743.9300603600813,758.2978331367925,743.6307444477449,753.5584716796875,2129046
2025-06-23,744.3291878656629,765.980598673618,744.3291878656629,752.9598388671875,1864033
2025-06-24,760.1936298145578,766.8785753949769,749.5175819630321,763.685791015625,2588488
2025-06-25,768.2754280738086,780.2485516282055,762.9374348485221,778.053466796875,2481315
2025-06-26,784.2395915839569,791.2239136464094,778.5024698897994,788.9290771484375,2455980
2025-06-27,791.3736107454597,801.1017737250528,778.2031625318579,782.2440795898438,2321087
2025-06-30,788.2306595760896,798.3080145353375,776.6566641239756,792.7205810546875,1000311
2025-07-01,792.2217182899221,792.2217182899221,771.2687509296093,773.0148315429688,1743062
2025-07-02,773.264281190983,794.1673729719021,766.5792745803496,790.7749633789062,2063730
2025-07-03,791.2239092862526,798.8567998575386,784.788343241623,792.2715454101562,1082475
2025-07-04,796.2127131759026,807.587204866369,793.2693081342204,805.242431640625,1071405
2025-07-07,805.1925845465648,811.1791465134537,795.2648571051158,804.19482421875,970189
2025-07-08,804.2446521817695,811.1790982269924,785.2373312480235,788.7294921875,1486913
2025-07-09,785.2373413500148,795.7637001375954,778.352771049953,782.9425048828125,662542
2025-07-10,783.2418316307225,784.0400276870881,764.8331420069717,771.7177124023438,1649585
2025-07-11,771.6678619249956,777.9537398108114,755.4542565972981,762.837646484375,2036196
2025-07-14,759.2955698680906,785.1375853701577,759.2955698680906,780.5478515625,1646076
2025-07-15,780.5478510590999,805.5916705040828,778.2530146059783,797.4598999023438,2210713
2025-07-16,801.0019088905675,807.088282896665,792.2216309538924,793.3690795898438,1041070
2025-07-17,794.7659141091249,811.0293939870675,793.5685896307128,808.4352416992188,896550
2025-07-18,808.4352925491095,811.877577804141,794.915652505363,796.7116088867188,687933
2025-07-21,796.7115849785881,808.0860765499373,788.9290669606172,800.4531860351562,1278624
2025-07-22,804.1948091978044,815.9683686664184,793.5686375456718,807.287841796875,1589708
2025-07-23,812.1768765753861,830.1365618067829,805.4419946136123,821.8551635742188,2607043
2025-07-24,828.9392665665121,847.796961085143,826.7941184049314,844.6539916992188,3454820
2025-07-25,843.4551901494308,848.1002867797005,831.1183022387642,844.6539306640625,1914241
2025-07-28,848.1502310341579,853.5944677445877,838.4604981412651,845.3532104492188,1760490
2025-07-29,845.7528429266339,853.5945000190152,839.3096656943608,849.6986083984375,1899113
2025-07-30,849.698598659573,849.8484640934461,834.6645592702347,841.8070068359375,1418596
2025-07-31,831.6178088831225,859.0387326133642,829.2703235405324,856.5413818359375,2040110
2025-08-01,858.8888214515945,866.4308082037951,848.849484054925,858.3394165039062,1774519
2025-08-04,859.0886224211956,864.0833237143421,849.0992198349027,860.9866333007812,1131789
2025-08-05,861.1863832959804,868.978166186659,852.4456559241713,866.9802856445312,751602
2025-08-06,867.8294046449734,868.1290745474456,847.8505982071034,857.2406616210938,1517625
2025-08-07,884.0621727300445,903.5415087393505,873.0738293401796,883.063232421875,10596141
2025-08-08,883.1131541440714,903.2917602638847,878.2183832889308,896.3990478515625,3789175
2025-08-11,898.0472963610943,922.0218626710679,894.051535309432,919.6743774414062,3957450
2025-08-12,920.9729869885055,934.4586805290712,917.226961005015,930.6627197265625,2815033
2025-08-13,932.011305765809,947.694680768611,927.6159440299549,944.7977294921875,3010275
2025-08-14,946.1962333582582,950.042128999082,928.0155082997335,931.0123291015625,1808600
2025-08-18,943.7987840813842,945.6468602203065,933.4098415344739,937.2557373046875,1441061
2025-08-19,943.9985786765593,949.8423550135091,935.0081160224968,947.8944702148438,1484535
2025-08-20,951.7903189432301,964.9763432815456,942.0007160605564,962.9285278320312,2071877
2025-08-21,963.9773572482333,969.9709988477042,944.1484173448406,946.5458374023438,2035584
2025-08-22,943.5490586495338,945.9964746058091,931.1122395823206,933.4098510742188,1777906
2025-08-25,939.0038787985822,940.8518939590906,912.0324907905377,914.1802368164062,1863978
2025-08-26,914.1802220248239,919.9740634572298,904.390558500217,915.029296875,2279071
2025-08-28,921.5224169251542,923.8199673965634,907.9867881985602,910.4342041015625,1982246
2025-08-29,910.4341879782119,919.8741247690091,903.4416060765988,910.5340576171875,963721
2025-09-01,917.8263287211554,927.0165916079154,913.3310974040911,923.670166015625,1081763
2025-09-02,933.0102055901704,939.0038471678374,919.624381678524,928.7647094726562,1061729
2025-09-03,933.2100170980908,957.983723723969,930.8125360499031,955.5862426757812,1737341
2025-09-04,958.9826599877146,958.9826599877146,943.5490206094422,948.79345703125,1204974
2025-09-05,953.987967409795,957.8838588900255,940.5022736296565,946.8455200195312,851085
2025-09-08,948.0442640334467,948.993269497039,929.1143334635947,941.9008178710938,1072123
2025-09-09,941.0017670372355,953.8881213561912,936.0070655136833,948.5936889648438,911020
2025-09-10,955.586253275789,967.8732675709523,947.0453260239017,966.1251220703125,1786226
2025-09-11,972.2685783926717,975.9646696838297,957.8838747053088,964.9263916015625,1846188
2025-09-12,967.9731666171673,973.916873694,960.9805844021827,968.9721069335938,836103
2025-09-15,967.9731556445454,977.9625586955727,958.9826928986208,976.614013671875,817441
2025-09-16,978.96150008644,982.1581212604095,963.9773954932801,965.6256713867188,763410
2025-09-17,965.9752566665978,969.1718777762392,951.0410871951854,961.5798950195312,1596331
2025-09-18,964.9762982670276,969.7711993562469,952.2398098582237,967.373779296875,970002
2025-09-19,966.5745850767088,967.4736557118176,949.3428653441028,952.9390869140625,2694235
2025-09-22,948.9932941866106,971.2197160767706,948.9932941866106,965.22607421875,975105
2025-09-23,967.973109652555,978.2621821121456,961.6797982235219,966.6744995117188,1333250
2025-09-24,967.9731251486318,971.1198113987604,951.8402153412977,959.3822631835938,1197147
2025-09-25,959.3823048079757,963.977405877855,941.5012487459879,943.5989990234375,1486815
2025-09-26,938.0049123240041,943.5989534406217,928.3651143427079,931.7615356445312,1580604
2025-09-29,937.00601806955,973.8669401835051,932.9103871548787,969.7213134765625,4072382
2025-09-30,970.9699586568313,972.4683690868573,957.3843951461197,968.7722778320312,2065028
2025-10-01,969.9709969998321,995.8435742431155,966.4747060734682,988.6012573242188,2567566
2025-10-03,995.0443977494667,1003.6353208194384,969.8211554455054,979.361083984375,3470330
2025-10-06,992.9466549619398,1058.9765841884212,986.0539425262265,1052.783203125,10745414
2025-10-07,1052.783198066186,1054.381478145103,1033.9531979512644,1040.696044921875,3101947
2025-10-08,1040.6960001735747,1058.8266681399743,1040.19653004908,1054.2315673828125,2109565
2025-10-09,1059.8756284105825,1071.413437326588,1048.8872854204633,1067.71728515625,2248117
2025-10-10,1060.8745412433695,1066.7183172942323,1046.1401726149893,1059.1763916015625,2321964
2025-10-13,1060.8746063771719,1101.9810244117102,1059.1764566311049,1093.989501953125,4683912
2025-10-14,1093.9894569813691,1101.2317739117445,1078.6557482824887,1080.2540283203125,1549189
2025-10-15,1084.599372627494,1095.5877153388938,1075.9086412594022,1086.4473876953125,1749228
2025-10-16,1093.8396203956004,1096.786445482385,1076.9076312124334,1094.08935546875,1855480
2025-10-17,1093.8396389491263,1103.1298326042547,1080.853414925073,1083.7503662109375,2088011
2025-10-20,1085.848154806153,1096.137289134058,1078.8555723924978,1091.841796875,1010720
2025-10-21,1093.8896168182655,1100.2328632917395,1092.8406807340496,1096.736572265625,87444
2025-10-23,1096.9863583284744,1102.8301349269882,1043.992524535898,1048.337890625,4103160
2025-10-24,1053.082798915698,1064.570612184963,1033.8033245935906,1036.2008056640625,2426439
2025-10-27,1043.892644120202,1055.2305924695838,1034.9521769493356,1051.4346923828125,1544690
2025-10-28,1058.6769643910334,1066.5684951014866,1049.6865018126866,1055.8798828125,1342739
2025-10-29,1059.875587971936,1063.3718787899397,1050.7352604452517,1054.3314208984375,1208644
2025-10-30,1053.432571417996,1056.32940081574,1038.6982015835038,1043.4930419921875,1010326
2025-10-31,1043.3431052840406,1047.7884626034947,1019.2187345988075,1021.9658203125,2027450
2025-11-03,1022.9148151227442,1039.3973292336088,1017.2208435085325,1029.607666015625,1501905
2025-11-04,1029.907433304821,1033.4037243005212,1014.9233290375346,1018.02001953125,1773694
2025-11-06,1023.9138081355467,1028.8086399967758,994.0454687588165,1008.829833984375,2298960
2025-11-07,1005.9328439749924,1021.4164180381625,999.7394021556294,1018.9190673828125,1719538
2025-11-10,1018.9190672116526,1019.2187370961493,983.4566879116392,991.6480102539062,4626269
2025-11-11,997.9413400151027,997.9413400151027,978.96147468949,985.8541870117188,3524034
2025-11-12,1003.0359209924605,1006.4323423673001,948.5936751770581,968.3727416992188,6846735
2025-11-13,969.9710378256575,976.8637503302205,947.3950112819641,951.9901123046875,3239284
2025-11-14,948.9932518954128,949.9921921605658,929.3141164778023,936.706298828125,3268449
2025-11-17,942.0006773926318,952.1898803708254,930.2131943659072,943.0994873046875,3466951
2025-11-18,945.3971110888921,945.3971110888921,921.0229437215203,927.116455078125,2325318
2025-11-19,931.0123291144632,934.508620049979,911.5329939023044,921.9219970703125,3031991
2025-11-20,924.0197492508283,939.5033234274639,920.023988172987,934.4087524414062,2621786
2025-11-21,936.7063014858911,937.0059713721922,913.4310054358795,920.0239868164062,2145127
2025-11-24,925.5181481965608,931.811459622151,914.7296056140525,921.2227172851562,59357806
2025-11-25,919.0250821063415,928.0155448660774,914.6297203689462,919.4246826171875,2226236
2025-11-26,924.7190555745258,934.4087887589964,920.0240239314857,931.9114379882812,1562116
2025-11-27,931.9114064754273,934.0091566637009,915.2290916970713,921.122802734375,1594941
2025-11-28,928.0155096106965,928.0155096106965,905.7391538130602,918.1259765625,2836398
2025-12-01,918.1260126698664,920.8231636954893,898.6966724561722,903.89111328125,2757915
2025-12-02,903.2417932329463,917.4267570867976,892.6030550999392,914.779541015625,3998767
2025-12-03,915.0792202788775,919.8741213710335,894.2014052606113,897.298095703125,2120959
2025-12-04,894.0515756178921,899.6956127460174,883.5627023843861,887.6083984375,2075176
2025-12-05,889.0568740781273,895.4501164372174,881.0653516145037,887.6083984375,1895397
2025-12-08,881.6147693964019,887.6084113311853,853.4946359013309,859.8878173828125,2161483
2025-12-09,859.7879448894538,866.4808572218775,844.504170200502,862.9345703125,2095907
2025-12-10,867.9792525852521,867.9792525852521,849.299056748292,852.046142578125,3041856
2025-12-11,852.0960378244683,861.585970250415,848.050341984344,854.9429931640625,1367549
2025-12-12,859.5381551729919,876.0706042099978,857.3404744164545,873.1237182617188,2286632
2025-12-15,874.0727364626401,875.9207515743994,857.0907518685087,868.8782348632812,834186
2025-12-16,872.9739439752443,881.0653359375,866.6805713707379,874.07275390625,2131839
2025-12-17,878.1184303565079,878.8676355574783,864.2831320334463,870.0270385742188,1608846
2025-12-18,867.0801606111984,867.9292354586296,854.5934071461753,865.431884765625,1836638
2025-12-19,865.4318996147178,893.0526231414559,865.4318996147178,889.9559326171875,4605427
2025-12-22,897.9474352597721,914.8294892812577,891.3543928795643,913.1812744140625,2450822
2025-12-23,914.0303553781547,915.9783011164984,894.1514194358383,900.64453125,961078
2025-12-24,900.644537306438,909.0356600955103,897.5977816287846,901.743408203125,1221735
2025-12-26,902.0430653607776,908.2365072395204,895.4500839556333,901.4437255859375,1130940
2025-12-29,902.0430688046052,902.0430688046052,881.0653230184516,882.8634033203125,992064
2025-12-30,882.8634148216292,887.35864612008,874.8718925132724,877.8687133789062,4043040
2025-12-31,879.1174060105097,887.9080685283061,874.3724395467044,883.063232421875,929120
2026-01-01,884.0621331867035,902.0430579294839,877.0695513422888,899.5956420898438,910259
2026-01-02,905.339581917278,922.5713020964915,895.3501789148354,913.7806396484375,1811265
2026-01-05,918.3258152407951,919.0250856522348,903.1419103272278,914.4799194335938,1482946
2026-01-06,914.4799221236436,949.4428330936956,913.0314464750744,943.9985961914062,3869929
2026-01-07,948.9932945336086,949.0432293550149,934.2089901391806,939.8529663085938,2034953
2026-01-08,938.6542733016812,939.9528834920774,911.7827549574718,916.0781860351562,1678214
2026-01-09,912.3820903811549,927.2163902845388,900.3448720689047,902.093017578125,1355905
2026-01-12,902.0930001686501,904.040945892569,877.4191632634539,892.3533325195312,1629908
2026-01-13,892.5531465975723,910.0346016232662,886.4596352339496,907.0377807617188,978014
2026-01-14,907.0377720380711,916.0781693560293,902.0430706501962,908.9857177734375,2425030
2026-01-15,908.9857177734375,908.9857177734375,908.9857177734375,908.9857177734375,0
2026-01-16,909.6350299647227,914.0303917558932,892.7529751582944,895.5000610351562,2171062
2026-01-19,894.0515613484921,897.9973876960249,887.6583190914407,891.1046752929688,1173321
2026-01-20,889.0568538071733,891.7540047712455,850.198052325613,855.5424194335938,2644957
2026-01-21,849.3490047108742,856.5413871889078,831.1183439217257,843.2554931640625,2537960
2026-01-22,845.1034545339412,858.8388830207516,831.5178914733583,840.5582885742188,2982573
2026-01-23,851.0471781886037,863.533931607151,838.4105593408435,843.1055908203125,2332499
2026-01-27,845.1035106588587,851.0472177565243,825.2745696964846,837.5615234375,1363842
2026-01-28,842.9557666840195,852.2958952809126,838.5604658476686,848.1502685546875,1089769
2026-01-29,844.6040389439443,848.6497350381076,836.662451221044,841.3574829101562,1813385
2026-01-30,837.1119623458602,857.2406335613409,837.1119623458602,850.59765625,2077023
2026-02-02,827.122543834852,842.0067782509882,811.7388392835499,837.06201171875,1205946
2026-02-03,854.0939715848139,870.0270818453163,851.2470160677225,862.1853637695312,1995886
2026-02-04,858.5891770258796,868.7284453312461,854.1938153731004,858.9387817382812,1371869
2026-02-05,857.0907660118488,871.5254653491506,849.4988442209135,856.2916259765625,749831
2026-02-06,853.1948718545418,856.6911628472236,843.1555341982221,854.793212890625,908963
2026-02-09,858.0897095601682,894.1014948394652,852.295868069224,890.35546875,1297869
2026-02-10,891.0547116185454,896.8984877493785,884.4617302929659,890.9048461914062,1062353
2026-02-11,890.9048933011971,929.9135612801031,889.2566783678844,917.8762817382812,3865582
2026-02-12,923.7200833381282,942.0006781538046,920.0739269507212,927.5659790039062,2457834
2026-02-13,927.166447019647,929.9135327948304,913.3310875332555,915.7785034179688,1221319
2026-02-16,915.7285464545629,922.8209978962511,895.8496109375594,914.779541015625,2094816
2026-02-17,920.9230901796672,929.0144822497807,901.6934893374003,906.188720703125,912616
2026-02-18,908.5361710761473,917.1770287571451,901.6934546486456,913.9804077148438,557147
2026-02-19,916.0282243508602,921.7721308830494,903.6413406584709,905.6392211914062,660537
2026-02-20,905.6392225691974,925.9177587857221,905.5892877498931,920.0239868164062,1306102
2026-02-23,920.0240130233108,931.1622217168326,913.9305016032039,918.7254028320312,1580750
2026-02-24,915.0292747725046,922.5213266947685,909.0855680534136,918.5755004882812,609597
2026-02-25,923.3204948314889,934.0091680936073,916.627582716295,929.763671875,1678874
2026-02-26,934.1590466432051,964.4768603830574,934.1590466432051,962.6288452148438,2899022
2026-02-27,967.7733132710031,976.3642361032879,937.3555701103389,941.6510620117188,3208469
2026-03-02,902.7923068540026,938.2546879254461,902.7923068540026,931.5118408203125,1177977
2026-03-04,919.0250858572789,924.019787410851,900.6445597519421,909.9347534179688,2075902
2026-03-05,915.8284335219288,922.6712109998892,904.640290228336,919.9740600585938,964390
2026-03-06,919.9740540385487,926.8667053206717,889.206705910358,891.6041259765625,1309652
2026-03-09,868.5785762748371,898.8464546628322,855.2926827018762,877.5191040039062,1416619
2026-03-10,884.0621606874754,889.056862160286,877.2693788785484,880.8655395507812,867711
2026-03-11,883.0631948662314,886.809220862553,872.6741917149092,880.2661743164062,1346013
2026-03-12,873.073806452016,874.1226815540016,851.0971202484184,858.5891723632812,2366155
2026-03-13,858.0897079790302,862.6848089187831,837.0620270963402,838.860107421875,1002669
2026-03-16,837.4116324959369,848.0004361469505,801.849382577835,807.0438842773438,2163738
2026-03-17,811.0895534310368,824.7250513495025,794.1575038898563,819.330810546875,2355341
2026-03-18,823.5763043177316,849.9982862209298,822.4774334564294,845.1034545898438,2184958
2026-03-19,831.2182175128567,835.1141091566833,810.8898063492078,817.4827880859375,2169139
2026-03-20,820.279823351205,833.6655863257663,813.4869807698581,821.1788330078125,1580046
2026-03-23,811.88871705356,813.4370623020153,778.7238873803159,798.3530883789062,2080433
2026-03-24,817.1331425401787,818.6315529482598,794.8567866674695,810.5401611328125,2503169
2026-03-25,814.136362439871,832.117288236089,812.1884166178517,829.2203369140625,1758122
2026-03-27,829.1703448872349,829.2202797057948,806.893989437316,813.2872314453125,2274836
2026-03-30,796.1554123212707,806.943955275318,787.1649496978184,794.1575317382812,2058235
2026-04-01,803.5975296870015,816.8334885493061,789.4625001741608,794.1575317382812,1091032
2026-04-02,789.2127336682826,790.1617391015006,765.9873728160577,787.9141235351562,1171512
2026-04-06,793.1586102881035,809.1416553316925,775.277554257397,807.2936401367188,1134897
2026-04-07,803.1480042800537,841.30753608049,783.5188029215852,839.1597900390625,2061444
2026-04-08,851.946193980796,860.287381906672,834.7644699296613,839.6592407226562,2108616
2026-04-09,842.9057931931828,857.8399625223097,833.6655956347183,849.149169921875,1471110
2026-04-10,853.0949840524638,858.4392900678812,844.7038614604791,846.9514770507812,725996
2026-04-13,839.1098608405616,860.1874770044369,825.5742318270505,849.3489990234375,943678
2026-04-15,864.0833674658652,879.0674721040016,854.5934345283788,876.6200561523438,1750556
2026-04-16,883.0632104617007,884.0621507450284,860.0875839451631,872.9739379882812,1572040
2026-04-17,872.9739384002016,896.598839529764,866.0812260537975,889.2566528320312,899582
2026-04-20,893.0526231414559,897.8475243602006,881.6646793977701,889.9559326171875,1276682
2026-04-21,893.0526355322105,926.9167363684351,890.0058797862913,915.628662109375,2441654
2026-04-22,917.9262646594935,933.4597741067288,906.0887855402445,922.1217651367188,2678373
2026-04-23,918.5255664365453,931.3119895337911,912.3820594669692,925.7678833007812,1261689
2026-04-24,931.0123364840032,933.4098175326674,919.2248534307687,928.315185546875,1510866
2026-04-27,938.0049413648467,956.984807058065,934.0091801662744,952.7892456054688,1721440
2026-04-28,959.9816239630102,963.4779149972146,946.2461949000639,950.5416259765625,1264450
2026-04-29,951.9401747687243,955.5862702955699,928.2652773728672,934.208984375,903219
2026-04-30,929.6637760130992,933.9092721119612,909.5850402338438,921.971923828125,1057073
2026-05-01,921.971923828125,921.971923828125,921.971923828125,921.971923828125,0
2026-05-04,930.5128518104362,959.9815894684158,924.0197401230848,951.8901977539062,1357595
2026-05-05,952.9890587948765,954.4375344431153,932.3109821174959,948.5437622070312,932796
2026-05-06,958.982676833877,959.0825464745233,940.0028113548732,955.885986328125,815843
2026-05-07,958.982693310033,962.2791841241908,944.997529032595,946.6957397460938,689475
2026-05-08,948.393934202921,965.6755889982871,945.9964531225506,951.3407592773438,2211990
2026-05-11,946.545887730305,979.9105187962178,946.545887730305,973.1177368164062,2566633
2026-05-12,978.8616234418653,981.9083791599178,946.2961331100639,950.14208984375,1623373
2026-05-13,945.347142662641,970.9699861292428,944.1983978827379,956.4853515625,1066144
2026-05-14,958.9826606460489,974.9657049901497,955.1367649889398,969.6213989257812,1823259
2026-05-15,974.4662633906499,976.414209171226,960.9805693304002,962.6288452148438,736724
2026-05-18,958.9826860999707,963.9773875900746,944.0984512712698,961.1304321289062,899523
2026-05-19,961.1304455736655,973.9668041946031,954.4874681107111,959.5321044921875,1026400
2026-05-20,959.5321005749029,975.9646808342214,950.991173136314,973.5671997070312,1040975
2026-05-21,979.860526476655,991.6480093632449,964.1771521836826,966.27490234375,1472617
2026-05-22,970.920011149939,973.966766790419,948.1941199248292,959.3822631835938,1268964
2026-05-25,967.9731103128943,983.3568146792251,962.0793384006114,969.3216552734375,1795872
2026-05-26,972.967866309136,973.5172712880075,955.0368754700207,965.57568359375,905554
2026-05-27,960.3812450607963,969.8711780713952,952.9391275057574,959.8817749023438,567070
2026-05-28,959.8817749023438,959.8817749023438,959.8817749023438,959.8817749023438,0
2026-05-29,961.480030206962,966.2749314102624,919.0250678341871,927.4661254882812,3005046
2026-06-01,932.1111625899076,938.4544700298841,919.8741440061741,928.21533203125,838784
2026-06-02,919.3247071683129,932.8603354690139,898.1471615063455,928.4151000976562,1697089
2026-06-03,930.8125664741682,936.1569337023824,915.1291914499677,929.2642211914062,1029896
2026-06-04,928.0155195985365,947.644720477697,922.6212177013771,939.6531982421875,1219138
2026-06-05,945.4969833706376,970.9699607356152,940.5522167468703,967.62353515625,1545060
2026-06-08,954.587319051477,1003.4355237391652,953.1389044038448,988.0518188476562,4402527
2026-06-09,993.9456085027786,995.1942838903448,982.0581944249561,988.701171875,1649601
2026-06-10,991.9477265669435,1009.0295814580018,982.0581931223447,987.9519653320312,1909993
2026-06-11,982.1081889141634,997.4418982649477,976.7638216801816,987.9519653320312,784738
2026-06-12,995.0443826503371,1000.9381546557619,985.0549799092616,989.3004760742188,934183
2026-06-15,998.9402680577564,1000.9381485938719,976.6639122741635,979.111328125,1246775
2026-06-16,979.1113368840415,980.8594823687813,948.0442576872368,968.072998046875,1856149
2026-06-17,971.7691080345867,971.7691080345867,941.8008991459554,948.6436767578125,2304366
2026-06-18,954.9869229750651,959.9816244550602,945.2971899097793,957.7340087890625,1207115
2026-06-19,957.7340040133174,965.9752614142142,952.089966980876,961.9295654296875,1190940
2026-06-22,961.9794986041691,979.2112185947423,959.0326125566135,974.8158569335938,877907
2026-06-23,974.8658460685867,986.4035941372321,965.5257178450348,971.06982421875,1067566
2026-06-24,969.97103233011,977.0634840794513,962.4789800721535,974.3663940429688,1081951
2026-06-25,972.0188066969893,981.9582744668165,949.542650872469,953.7881469726562,1053914
2026-06-26,953.7881469726562,953.7881469726562,953.7881469726562,953.7881469726562,0
2026-06-29,953.3386487002252,965.7754676004041,934.6085181187742,949.3928833007812,7667314
2026-06-30,955.5862474056717,963.8775005055828,947.5947251661245,955.9359130859375,1619767
2026-07-01,953.9879572853584,961.7796791926515,945.2472299280319,948.0442504882812,1455851
2026-07-02,947.9943568070304,976.464155720624,945.5968756682207,973.9168701171875,1255791
2026-07-03,977.9625614500541,987.4025595539587,969.371699190165,973.5671997070312,1136906
2026-07-06,973.9667773318771,984.4556503185281,971.8690271227375,979.0114135742188,1280512
2026-07-07,979.0114441779205,995.4939593864693,967.3738260826563,970.8701171875,1543271
2026-07-08,968.8721903262076,972.0687504074432,937.4055718840511,942.7498779296875,2290888
2026-07-09,943.2493900173057,962.9784611879086,943.2493900173057,950.4417724609375,1998003
2026-07-10,957.9837196917574,968.8721930316057,947.6946470966709,966.9741821289062,1781037
2026-07-13,960.8306670498603,968.7722543304371,953.1388758053712,962.4789428710938,1224946
2026-07-14,962.4789742304819,971.469436885463,959.0326180186437,968.7223510742188,870920
2026-07-15,977.7627558050382,987.2027538569104,971.1198393762967,975.1156005859375,1163956
2026-07-16,980.2600707366572,981.0092759360846,960.0814651713188,962.079345703125,733039
2026-07-17,962.079351137805,962.9784217703867,942.9996163394658,951.440673828125,604717
2026-07-20,949.1930763109743,959.0825486055112,947.7945355159602,950.1920166015625,532831
2026-07-21,950.9911595394736,969.4216201511146,950.7414244660652,967.97314453125,648336
2026-07-22,967.9731142009346,968.6723845786629,944.4980180361028,948.8433837890625,637310
2026-07-23,949.9922111212888,951.6904218000384,939.0038679852908,942.6500244140625,826315
2026-07-24,940.0,951.0499877929688,927.7000122070312,948.7000122070312,503448
2026-07-27,958.0,958.5999755859375,939.9000244140625,942.2999877929688,1227263
2026-07-28,940.0,948.2000122070312,936.9500122070312,945.4500122070312,793673
2026-07-29,946.9000244140625,958.5,944.75,952.0499877929688,986990
2026-07-30,951.9500122070312,956.0,945.4000244140625,948.8499755859375,328839
2026-07-31,948.0499877929688,953.5999755859375,940.7000122070312,945.0,676906
2026-08-03,953.7999877929688,979.5999755859375,938.0,940.0,2160190
2026-08-04,940.0499877929688,942.0,924.0499877929688,932.7999877929688,1509985
