date,open,high,low,close,volume
2021-07-23,935.1036887115571,939.8794991748439,919.1047236595463,936.2021484375,1052281
2021-07-26,940.7391884274405,944.1300022689485,930.8532255786583,932.7635498046875,1069963
2021-07-27,932.2858888464331,959.6513043583298,925.6475010702324,953.9680786132812,1419282
2021-07-28,955.1620424078322,964.7136628319105,940.8346117717147,956.0694580078125,1408767
2021-07-29,958.9827377223065,962.6600884469742,938.0646646458295,942.6016845703125,519303
2021-07-30,943.6047675083677,954.0637470350596,926.9849217890505,943.5092163085938,1015249
2021-08-02,945.6583022255439,962.0871033391309,945.6583022255439,947.8551635742188,977930
2021-08-03,947.5207560942443,974.9339186610995,943.4135709281256,971.4953002929688,1227353
2021-08-04,971.5431888446684,978.0860261494245,936.0588922133164,944.6076049804688,2339710
2021-08-05,953.2517242431641,955.6873758067377,927.7011394500732,932.2381591796875,974321
2021-08-06,931.4741732070879,943.4137005033783,925.790946554359,928.6564331054688,581029
2021-08-09,928.6563642472984,939.1631474889751,920.2032028677004,931.5218505859375,448237
2021-08-10,935.3424090808812,947.4729784074896,924.5968363444401,941.025634765625,1140694
2021-08-11,945.6104627639756,948.4759490147757,914.1378604496631,935.8677978515625,740627
2021-08-12,934.9603139928762,947.9505523610806,930.9964266142423,946.37451171875,612459
2021-08-13,949.6221220477555,955.1143038368638,937.0139713243707,939.1630859375,557489
2021-08-16,939.1631861699692,950.3863414585501,932.6680951945698,947.0432739257812,678302
2021-08-17,948.7624337845788,966.4329313590467,939.1630670321957,960.36767578125,1223601
2021-08-18,965.6687117167886,976.7485667909909,957.4543424340309,960.1287841796875,1136005
2021-08-20,955.1620386917333,998.1443304328614,942.8882298139303,986.82568359375,2742914
2021-08-23,998.1444082609744,1015.3373262980055,979.0411659976064,983.5781860351562,2708079
2021-08-24,987.1600214762806,992.9864869145184,955.1620914139144,968.009033203125,1095340
2021-08-25,963.758590397182,1008.173629498737,957.0724554786684,994.1804809570312,2350390
2021-08-26,999.0515003110366,1026.6557013701276,982.5749582345665,995.8995361328125,4201220
2021-08-27,1004.162000414542,1009.9884661259084,996.0908104055785,1006.7886962890625,1407309
2021-08-30,1010.3702647152714,1050.678048670977,1010.3702647152714,1038.738525390625,3463813
2021-08-31,1037.8791367374045,1050.6783324705239,1021.2592925225739,1050.009765625,1993712
2021-09-01,1056.2182420484567,1057.3643898702487,1040.2192777030848,1048.6246337890625,1038779
2021-09-02,1042.1773135109459,1078.6645746219958,1042.1773135109459,1075.034912109375,1503286
2021-09-03,1084.586659181883,1084.586659181883,1058.9405778786095,1069.1607666015625,1255070
2021-09-06,1069.7814711084907,1078.3779293584696,1054.3078928972993,1063.0953369140625,908333
2021-09-07,1063.04734285697,1081.2432228843788,1060.2774667472474,1062.7608642578125,945095
2021-09-08,1062.7610357914346,1076.3720944601325,1051.5855702947695,1059.41796875,1015437
2021-09-09,1054.9764083232972,1072.8378907344566,1046.1411599964608,1059.513427734375,858513
2021-09-13,1059.179356426273,1077.184140058877,1053.543876289019,1070.9755859375,1009511
2021-09-14,1072.933638134472,1074.5573670726071,1060.516530781633,1064.098388671875,506206
2021-09-15,1064.098382733467,1086.9744683593735,1060.2777343385305,1076.3721923828125,965726
2021-09-16,1075.4646742326993,1079.6674106137973,1050.9648606845828,1055.16748046875,774196
2021-09-17,1060.2297498543517,1062.1400737279632,1034.1537823407891,1041.6995849609375,1513263
2021-09-20,1037.3059783076317,1053.0661520112008,1024.4112907319843,1031.24072265625,737707
2021-09-21,1028.2798437610597,1038.1657485455364,1019.2058034724882,1032.0048828125,938081
2021-09-22,1032.7689832542144,1033.4853548032925,1002.920168709295,1007.1705932617188,1596402
2021-09-23,1018.2028675705903,1018.2028675705903,1007.0275168823737,1010.609375,854695
2021-09-24,1011.5167425526447,1018.4894730635987,990.6941605147659,994.9447021484375,1191536
2021-09-27,996.3294450453998,1002.3470122006082,979.8052126330126,992.126708984375,599969
2021-09-28,999.3861115071479,1053.0183679785844,996.950401611743,1006.1199340820312,4658523
2021-09-29,1010.2749056154759,1011.1823795678149,969.68057470074,976.5099487304688,1558499
2021-09-30,976.5099153064733,990.2642723826087,965.6211027281266,983.721435546875,1384361
2021-10-01,983.052770501485,996.1862491603255,961.0363544170076,974.599609375,1190574
2021-10-04,979.9963618981296,988.5928212130254,962.1825645539848,983.4827270507812,835807
2021-10-05,983.4827888908519,1001.8696613594099,980.139721169296,995.37451171875,1160213
2021-10-06,1018.059351814212,1018.059351814212,969.9192240060914,972.30712890625,1934913
2021-10-07,976.6533233079085,987.2556001241849,968.3911471800957,982.8618774414062,528402
2021-10-08,991.267298304039,991.267298304039,970.4447173751278,973.5967407226562,559020
2021-10-11,979.0411315529919,982.5751846086049,970.9222538766988,978.7068481445312,550846
2021-10-12,974.8861879602484,986.4914304050808,967.3881307478559,980.5216674804688,598652
2021-10-13,980.9515036499987,1017.2476644471749,974.8862474677532,1010.8958129882812,1527860
2021-10-14,1022.0233258079945,1024.1246355400458,990.6939660042704,992.126708984375,1070723
2021-10-18,1018.2506657632098,1018.2506657632098,968.5344287717974,971.543212890625,1538818
2021-10-19,979.0410864082453,988.5927067634476,960.510919599767,962.6600341796875,1256910
2021-10-20,969.6804524511023,973.1190122550918,943.2224539810062,947.9027709960938,992533
2021-10-21,957.0723685262149,958.9826926150896,926.0773485245303,933.6708984375,1495578
2021-10-22,938.9242742244555,938.9242742244555,910.3171598048214,917.7196655273438,988464
2021-10-25,918.1494778934481,921.0149639102807,888.3006652181084,900.1924438476562,683757
2021-10-26,894.9868096316009,925.4565012831612,893.1719784805188,920.7761840820312,867692
2021-10-27,924.5969684160751,970.444751973897,917.1944616958018,964.6182861328125,4206753
2021-10-28,962.94666817676,967.3403903975649,937.0139945495049,940.6913452148438,594357
2021-10-29,940.3571009217064,949.0013063908511,908.8367511701409,913.755859375,1341226
2021-11-01,913.3260631644188,933.7187518295794,909.1233263681208,930.5189819335938,621347
2021-11-02,930.3278413237159,931.8560772919252,915.0452484477617,917.2898559570312,347373
2021-11-03,917.9584579291214,924.8833826515801,905.54135153023,917.0032958984375,519455
2021-11-04,918.8657769909712,930.3277201550998,918.1494055432132,928.130859375,71965
2021-11-08,929.7547155141175,938.3511735270131,915.0451973726668,927.7488403320312,476554
2021-11-09,929.4681274831513,931.2829586193329,907.4039083983245,917.2420654296875,639253
2021-11-10,915.140809824545,937.0140458346709,915.0453169313096,932.9068603515625,870398
2021-11-11,934.9603649294282,941.0734254708531,903.2967774224801,908.0248413085938,1920420
2021-11-12,914.854206635642,914.854206635642,870.1526340228129,878.3670043945312,2401940
2021-11-15,880.0864339604576,884.0980683773485,869.4840990485379,880.946044921875,734590
2021-11-16,885.2440892500234,901.6728865545654,881.9965735783727,893.2197265625,1688451
2021-11-17,888.30071414409,890.2110382605289,877.7939315036759,880.3251342773438,409606
2021-11-18,882.5696964676604,886.1515540020259,870.343634410052,878.3192138671875,453443
2021-11-22,878.7492014514269,882.9041335954223,857.7356335906319,870.7736206054688,566677
2021-11-23,865.5678310290733,876.7909847231698,863.4664629330393,871.7286376953125,422645
2021-11-24,873.2091585914249,882.8085255432654,865.3768181143613,872.8748168945312,671741
2021-11-25,875.1194042043074,881.6144939081861,857.2578637947963,876.8386840820312,612233
2021-11-26,875.6926300284767,880.3729477896972,850.571877643233,857.2102661132812,555686
2021-11-29,847.2287107312595,882.903988816398,837.7248369838826,872.2539672851562,1398906
2021-11-30,872.6360433478533,889.5901700809351,872.6360433478533,881.7100830078125,2253997
2021-12-01,887.3455500338023,904.5384670419921,885.4352259217811,896.3240966796875,1843746
2021-12-02,897.7568463537593,901.9595244519767,873.0181256021034,882.6174926757812,1113713
2021-12-03,886.2949543130957,886.2949543130957,870.2481840611138,872.1585083007812,947193
2021-12-06,872.0628870667904,884.6710368527494,844.0289062948161,846.942138671875,864223
2021-12-07,856.3028526080025,861.0786632750855,844.6498629206257,858.977294921875,1587575
2021-12-08,860.6010493381767,867.8125115103402,858.2131440958399,862.2725830078125,794353
2021-12-09,867.2871770184646,894.0317155168314,863.657572739094,886.1038818359375,2071868
2021-12-10,884.6711832602624,903.3445913854864,881.6623992082659,900.7178955078125,1847909
2021-12-13,904.5384641055331,916.9078243504074,881.8533653489266,887.4410400390625,2373494
2021-12-14,883.8114617953261,890.9751774020618,874.1643480976419,888.9693603515625,566133
2021-12-15,886.4859063400829,888.7783186597744,872.3495191645645,881.8533935546875,891863
2021-12-16,884.2412856010542,887.5366063996333,868.5766043460941,871.5853881835938,604811
2021-12-17,870.3437861009139,873.925644259556,852.9598228446104,858.6907958984375,837940
2021-12-20,853.9150261877629,861.078742850412,832.137339193005,851.288330078125,1297082
2021-12-21,859.6458540850036,905.4936329695372,857.831022851438,894.891357421875,2962529
2021-12-22,898.8074851910999,919.7733037582792,891.1661888239067,915.1885375976562,1297628
2021-12-23,916.239267146669,924.3581451980078,906.6398994633095,921.5404052734375,770115
2021-12-24,921.5403573369108,932.2381842254205,918.0062460034122,922.9253540039062,678167
2021-12-27,919.534586523743,920.9195832603589,909.4576377961763,912.132080078125,406673
2021-12-28,915.0452194373728,925.5520017064866,908.3590852661184,924.310302734375,551091
2021-12-29,922.0179730105875,929.2294352805121,915.3795846872054,917.6719970703125,329919
2021-12-30,919.2957158629013,922.2089484214222,904.156362569499,907.7382202148438,378306
2021-12-31,912.1797622329684,930.4711388997487,910.2216916805384,924.93115234375,766542
2022-01-03,930.2323348768416,932.238151843184,913.2782086522345,914.6631469726562,365511
2022-01-04,916.9556510218424,916.9556510218424,892.1214354733341,907.1174926757812,781428
2022-01-05,907.403902477514,913.4214114342514,898.9984885142568,911.7498779296875,280753
2022-01-06,909.2188290033969,912.657389254198,891.5960765464871,906.49658203125,399966
2022-01-07,894.0316867789583,918.865900300596,894.0316867789583,914.6154174804688,748205
2022-01-10,916.0004419075169,919.5822997356224,886.963491128288,889.3036499023438,811201
2022-01-11,894.7958325468092,895.942038712318,871.728703096356,874.0210571289062,619574
2022-01-12,878.7491696295613,884.4801424749714,867.9558490970662,883.4772338867188,599785
2022-01-13,886.1993123347476,888.1096363787107,874.9284121350585,882.9039916992188,411748
2022-01-14,874.8329262809608,882.9995499748235,868.2422849569515,877.5551147460938,690471
2022-01-17,880.6594939113646,892.8855576552123,867.2872239387409,883.4772338867188,1342109
2022-01-18,884.480048722936,905.4936135954032,883.7159307509028,886.7724609375,1309979
2022-01-19,891.8827243195822,901.2910488819033,887.8710313296143,895.5123291015625,986677
2022-01-20,898.5687426913315,898.5687426913315,859.8846777654757,862.2725830078125,838602
2022-01-21,858.6907312651282,859.5981469233778,844.076762737551,851.240478515625,844538
2022-01-24,850.0942350776734,850.7628601806861,815.6606544064114,822.2034912109375,1449993
2022-01-25,816.663512836762,860.8875019306861,810.6937503160256,854.3446655273438,1244694
2022-01-27,851.0493382537172,851.0493382537172,831.4207708998136,839.969482421875,801632
2022-01-28,846.2258224150302,859.7413303245886,838.2979891294448,841.4500122070312,1023782
2022-01-31,845.6527192053527,859.1205394327511,844.5065713549072,848.470458984375,399856
2022-02-01,851.0494072933349,864.4216763192683,845.7960158902896,860.0279541015625,813871
2022-02-02,866.332107288582,872.970496176122,855.5865326391922,869.484130859375,728598
2022-02-03,869.4839560247932,887.8230780651757,864.5171019703306,881.9010620117188,884886
2022-02-04,882.5697388978363,887.5365932439673,867.1438483888397,871.4420776367188,781566
2022-02-07,871.107818936819,871.107818936819,846.0348142799204,849.5211791992188,881015
2022-02-08,848.1839623707265,854.2970232567501,833.9042770202192,838.5845947265625,1308258
2022-02-09,835.7190148065516,835.7190148065516,810.0251333413862,821.4393310546875,1538750
2022-02-10,822.0124089792384,826.1673987346339,811.1235969583113,814.8486938476562,711095
2022-02-11,811.8877175071023,813.7980415482955,783.5671402770281,788.0086669921875,1853146
2022-02-14,768.905470032139,783.8059750761081,758.5419848423967,763.890869140625,1708417
2022-02-15,770.8636461931577,797.3216509419103,767.2817879229784,777.2632446289062,2517405
2022-02-16,779.0300477482547,808.9744092697158,778.2659298630049,793.023193359375,895517
2022-02-17,801.5242502019222,801.5242502019222,789.1071436661741,795.6022338867188,598651
2022-02-18,792.7845303761183,799.3751720805595,758.2553976915547,788.3908081054688,376013
2022-02-21,786.0984045908094,788.39081693938,765.8489565066625,772.7261352539062,548546
2022-02-22,752.6677359998612,758.3987086089971,730.6990076648399,745.8861083984375,1867712
2022-02-23,749.8022356893661,769.8606394466611,745.5517527572935,767.4249877929688,882666
2022-02-24,735.4747825046329,760.3567423829213,732.227208197564,736.5732421875,887861
2022-02-25,741.0147267842461,754.5302934769013,733.5644742523144,743.4503784179688,1150389
2022-02-28,743.1160907807628,743.1160907807628,708.7780026897477,733.5167236328125,2644457
2022-03-02,725.9231800785401,728.7886663156922,715.4163972089823,718.5684204101562,1483184
2022-03-03,722.102622740096,722.102622740096,697.2684055559128,700.8980102539062,2003112
2022-03-04,698.2712638622452,702.0441659375217,679.1680212517003,689.6748046875,1833048
2022-03-07,673.484882412193,699.3220680384085,630.45483450132,634.8963623046875,3263788
2022-03-08,635.1827533041737,672.3863262288253,630.4546895710138,669.6163330078125,3176686
2022-03-09,671.3357292971232,675.2996757485588,663.3124017920663,670.5238647460938,2756142
2022-03-10,675.4906221623941,704.7185579512977,675.4906221623941,678.9769287109375,2212776
2022-03-11,676.732293890316,680.1231074152537,667.6582546638404,677.6397094726562,1691259
2022-03-14,678.1651000976562,681.9380021029637,668.5179860776263,678.1651000976562,1006751
2022-03-15,677.7829815477588,707.7750938649305,677.7829815477588,692.1104125976562,2483379
2022-03-16,700.1338132396913,716.3715687991386,687.716706047173,713.744873046875,1324407
2022-03-17,720.1921574770805,730.6034467334684,706.2468154129572,713.0284423828125,1872618
2022-03-21,717.5177364211804,719.8578950798957,687.7166691004672,689.8657836914062,1519162
2022-03-22,687.7166907371359,688.6718528076042,660.2557812111738,667.94482421875,2803453
2022-03-23,675.9204997513867,675.9204997513867,656.1486321429295,663.216796875,2683742
2022-03-24,660.0169374754103,671.6699254552184,654.2859655146976,663.8375854492188,2017206
2022-03-25,668.6134908153606,669.0433254334358,650.3699174567865,654.1427612304688,1704500
2022-03-28,657.3902778639334,662.786966740793,637.1885772807303,657.8678588867188,1637418
2022-03-29,660.9722270937995,667.9926457818373,653.6652131136191,664.1719970703125,1992992
2022-03-30,668.6134377142427,700.1337854921998,667.706022103366,695.1669311523438,2980050
2022-03-31,697.2683104042442,716.3715517851823,695.4057327099094,713.7926025390625,2639682
2022-04-01,716.3715134578872,721.5294116741692,705.9602241429141,719.2369995117188,1290173
2022-04-04,721.1473329938311,740.2505736029392,719.2370089329203,736.0956420898438,1286677
2022-04-05,740.2505525150141,749.2290986649036,731.6540944858075,736.3344116210938,978539
2022-04-06,732.6093900126548,732.6093900126548,715.320977922358,718.7117919921875,1218462
2022-04-07,725.0634970475978,755.9630246941413,719.237031795994,746.5068969726562,3504782
2022-04-08,755.9630980923612,795.4112833745698,755.9630980923612,775.2573852539062,6265030
2022-04-11,776.4512008752189,780.2240440769539,767.377162018311,775.830322265625,1576113
2022-04-12,773.681271088022,779.1734529506838,765.3236030361451,769.9561157226562,1277820
2022-04-13,771.8663872249696,775.5915423363639,749.0380504530133,751.0916137695312,1078826
2022-04-18,751.0916293342704,770.3859137524088,745.5994477322375,760.6432495117188,1581680
2022-04-19,764.1297708006012,769.4309094258355,731.2244208858054,740.2984619140625,1004353
2022-04-20,743.5937061576723,767.6638031033948,738.0060311070889,764.5117797851562,1030275
2022-04-21,767.9502714917176,776.8810131455256,757.252445104777,762.2192993164062,832196
2022-04-22,759.2583262487286,769.2397228929005,752.8109825013729,761.3118896484375,453216
2022-04-25,731.6541804209264,754.0527436875011,715.6552149874401,727.0216674804688,2871354
2022-04-26,731.6542065394965,760.73890565236,731.6542065394965,758.2077026367188,1228628
2022-04-27,743.1161935209024,764.129761975221,743.0684470704738,756.4884643554688,718655
2022-04-28,741.2056831559387,772.3917445617161,730.7466480032602,766.9950561523438,1705372
2022-04-29,767.1862076046939,771.4844370391467,743.8802291296071,747.31884765625,945798
2022-05-02,745.9815158006609,756.5360441532571,733.5644099038509,737.2417602539062,922151
2022-05-04,740.2505818151826,750.3752761309464,716.4670236736058,721.6726684570312,702967
2022-05-05,727.8334791433244,746.9367200657214,725.9231550510848,727.8812255859375,907000
2022-05-06,720.9562990495435,735.4270273334828,713.8881349040219,722.197998046875,891772
2022-05-09,720.0489005405533,730.3168927558406,715.0821044333267,723.3919677734375,642095
2022-05-10,721.9115394475759,754.0050225838486,720.4310497785902,736.716552734375,1278879
2022-05-11,735.9523262466104,752.9541983081244,729.8392660836455,745.7427368164062,1026366
2022-05-12,745.0264922254862,750.0888400642469,722.4368835969527,736.6688232421875,1509515
2022-05-13,744.7399239656813,790.9219896035776,741.7311399386316,761.4552612304688,4061765
2022-05-16,766.9951386972011,772.6783646473655,737.4328611064017,761.5984497070312,1772749
2022-05-17,765.371315719461,787.5310862649596,755.2466216168832,782.8507690429688,1924331
2022-05-18,789.919051538396,800.6168786481863,783.28066332708,793.1666259765625,1283672
2022-05-19,780.4151168739369,782.8507683655333,750.7573478091093,759.9268798828125,917614
2022-05-20,740.2506260046778,756.3450840377794,719.7146408961609,724.3949584960938,4115079
2022-05-23,733.3734112216092,733.3734112216092,716.7536265104894,718.8071899414062,1817765
2022-05-24,721.1473557205968,732.6570468906165,714.5567141833667,728.7409057617188,1175865
2022-05-25,734.0420753667971,736.764264038035,715.7506977946133,721.0040893554688,838878
2022-05-26,725.7321589106953,747.7486338680684,716.371581900226,744.9786987304688,1747144
2022-05-27,747.8919718956488,752.142455170842,738.3403502877861,748.942626953125,1095717
2022-05-30,752.667803537449,764.4640332303535,748.9426476878616,760.7866821289062,974857
2022-05-31,759.7837043307559,759.7837043307559,727.1648952866634,732.5615844726562,6437056
2022-06-01,745.0265106022085,745.0265106022085,726.353101387194,731.4631958007812,1200368
2022-06-02,730.6989712032457,738.5313117045945,721.2428435506412,734.6151123046875,1150066
2022-06-03,744.5964992856985,747.7963268523789,727.0693005207416,729.1228637695312,655547
2022-06-06,726.6873487358897,730.2692067820036,709.637727755776,726.0665283203125,864750
2022-06-07,721.1473966486668,721.1473966486668,711.5957755010023,716.1805419921875,1043606
2022-06-08,716.1805499681932,720.5265259790873,710.9271582784714,714.5567626953125,881007
2022-06-09,713.5060592361401,730.6989763261677,702.8082324982078,728.7409057617188,1018160
2022-06-10,714.461274722005,724.6815211938988,711.0704608131654,716.3238525390625,1324588
2022-06-13,705.8647921220914,714.8910856296251,701.5665626707391,705.1961669921875,825363
2022-06-14,702.139541780065,707.5362302372696,699.8949344669041,704.0498657226562,822474
2022-06-15,709.685390669849,714.461200835864,700.6113513544202,708.5391845703125,611045
2022-06-16,713.4106374388377,714.1747555037325,697.3161201355981,708.6348266601562,1078506
2022-06-17,706.8199471275482,707.775109218261,676.7323412700918,692.779052734375,2910365
2022-06-20,691.5373448307806,728.9797099674996,685.376537764791,724.968017578125,1671813
2022-06-21,724.9680706835168,741.3968712967769,711.6912935004909,727.8335571289062,1279545
2022-06-22,724.299367912988,734.2330765120204,716.3715345898862,727.8812255859375,896052
2022-06-23,722.6276835037302,748.4170533661483,722.6276835037302,740.0593872070312,900315
2022-06-24,744.0713125389511,760.8821430073491,735.3793603203363,758.924072265625,1328035
2022-06-27,764.1296252743807,772.2007561010341,756.8704171536596,761.5029296875,1040251
2022-06-28,760.2134789085256,761.455177881156,735.5702520282675,758.494140625,1285196
2022-06-29,749.8023285520208,752.667815157952,729.8394152113096,732.513916015625,1306038
2022-06-30,733.4689701251378,735.8568752781713,715.4163838488188,723.5830078125,1793914
2022-07-01,723.1054429034401,749.8022347692488,716.8968893671342,746.4591674804688,743399
2022-07-04,748.846951879792,780.3672955175894,747.8917899513739,776.4989013671875,1908043
2022-07-05,784.5223043784969,797.9901238837089,778.4570488510062,794.93359375,2625698
2022-07-06,794.9336884891075,843.6947039214758,788.2952999775067,840.4949340820312,5321953
2022-07-07,846.3690872538051,858.4519107636338,814.7532460432598,816.8546142578125,4958846
2022-07-08,821.4392940495442,826.2151038986694,808.162519349592,812.12646484375,850364
2022-07-11,810.93257149995,821.9646813959985,798.0856304095453,820.4841918945312,666706
2022-07-12,819.3380294870306,823.8273029716129,803.6256014402263,818.048583984375,904332
2022-07-13,823.7794787720613,838.6322362161981,822.394482212012,833.3788452148438,925854
2022-07-14,838.6322157418342,846.1780186789412,829.2716400276425,836.1010131835938,956770
2022-07-15,838.5367968329494,845.3184241479706,826.8360615834437,835.002685546875,803607
2022-07-18,841.8320853864979,844.6975716588274,810.9326150692644,820.531982421875,1127232
2022-07-19,820.4842482920519,830.0358693431817,810.4550461883656,827.0748901367188,666815
2022-07-20,830.4179043492541,838.6800210505392,823.3496819044701,834.3340454101562,787604
2022-07-21,830.6090265487979,840.2084533062241,828.1256281459506,837.4862060546875,1095011
2022-07-22,842.4529861037314,846.2736345667869,827.2181386976039,843.742431640625,957945
2022-07-25,847.2287833979881,848.0406478642698,825.2600550798892,829.7493286132812,663666
2022-07-26,829.7493142894054,830.2268953315545,799.9959920441345,804.9151000976562,1120086
2022-07-27,800.1392673192561,811.1713774249539,795.7454868751727,808.3536376953125,831755
2022-07-28,809.499822471841,816.2337031406751,803.5300597692463,813.7503051757812,557049
2022-07-29,816.6636181855097,823.349753071239,811.5535241279473,815.4696655273438,784165
2022-08-01,815.8517173869155,827.7434386942177,807.3507515197315,822.6810913085938,913787
2022-08-02,821.4393428190493,838.3934687900238,818.47836385618,826.0241088867188,782433
2022-08-03,830.7044166651633,830.8954607279848,803.8165826054034,823.2063598632812,1989901
2022-08-04,820.1976220988934,824.9734321049443,800.4257570141498,816.13818359375,1306946
2022-08-05,818.0009254177658,844.363378625601,816.8547191264526,833.9520874023438,1792596
2022-08-08,835.7668866687004,839.3487447544234,828.1733358672733,829.6060791015625,640361
2022-08-10,830.0359226020757,843.5992370246579,810.9804257226904,817.8576049804688,930246
2022-08-11,824.3048067610578,838.3456998337138,820.3408611380132,835.8622436523438,1233848
2022-08-12,835.862266100324,836.7219352435898,819.2424818177143,826.0241088867188,810448
2022-08-16,845.0319388328878,895.8943216993652,836.3877333105794,849.9509887695312,8284668
2022-08-17,852.9597204312886,861.5561789798683,846.2735860046156,850.2852783203125,1406779
2022-08-18,854.8223539501454,878.7491534803233,852.5776879811955,877.1253662109375,3009209
2022-08-19,880.5638414856936,882.092077314879,854.8699612309872,865.28125,866873
2022-08-22,864.4216688692237,864.4216688692237,844.2199678740537,847.61083984375,909867
2022-08-23,841.4977650139566,854.7745408119964,838.488981240775,850.6672973632812,867617
2022-08-24,845.0319148594714,864.7082306447701,845.0319148594714,862.463623046875,1916644
2022-08-25,866.809604218569,885.1964746110841,861.2219292628282,866.714111328125,2609633
2022-08-26,870.1527075428182,877.2209306819834,851.1927624267234,857.5445556640625,729844
2022-08-29,849.1390350353769,872.7792950096464,840.5425768629153,867.0960693359375,1349280
2022-08-30,872.062959554939,885.2919307479689,869.4840103368687,882.8085327148438,1888812
2022-09-01,869.1974376482046,884.9576109681996,863.4187190905658,881.136962890625,967020
2022-09-02,885.4352434773741,900.5745390459232,870.7735289462993,874.5941772460938,1861382
2022-09-05,877.3163688501701,881.9011351659594,850.0942496207418,853.4373168945312,1542912
2022-09-06,862.5113353304694,875.8836040952829,861.9860078601162,868.9586791992188,1625766
2022-09-07,865.9498198243335,908.3112882287614,862.511260047184,903.4877319335938,3095877
2022-09-08,908.3591002442967,909.6963504199831,887.3455353595706,896.8971557617188,777144
2022-09-09,902.628151053813,908.3591234414563,891.7870849399076,895.9420166015625,622632
2022-09-12,897.852355699499,913.134948988001,897.2792817705669,905.49365234375,750369
2022-09-13,910.0306584700271,910.2694489865503,897.9478350145653,900.383544921875,724415
2022-09-14,896.6584244738654,901.6252790707246,883.5726919989473,887.4888916015625,566120
2022-09-15,891.9303474241248,898.855272572291,883.3816350642812,887.3455810546875,830935
2022-09-16,883.0474063470526,883.0474063470526,844.2200416885537,850.2376098632812,1811452
2022-09-19,854.5357930390343,863.5142817679564,842.6440132767201,859.7891845703125,1141496
2022-09-20,864.1351545814854,891.1662300718822,863.4665294587154,882.1876831054688,903148
2022-09-21,883.5249385005353,888.3007489789167,867.287182874039,885.1964721679688,1587179
2022-09-22,883.0474068204144,883.095153268174,859.9324711530901,866.0455322265625,1291251
2022-09-23,869.0065346785971,869.0065346785971,846.3691794838206,850.524169921875,657299
2022-09-26,846.7034928095453,860.3145533390567,829.5105742459521,832.66259765625,1253637
2022-09-27,833.4744120959161,848.1839315250849,820.675275135316,843.6469116210938,2648664
2022-09-28,837.1995865843062,854.2492068707716,836.3399173688255,845.3662109375,923563
2022-09-29,851.0494229433821,878.1760496427826,851.0494229433821,866.9050903320312,1677066
2022-09-30,868.6244108209258,873.0181330288179,856.923675449369,869.6273193359375,667448
2022-10-03,869.627351768857,879.7043003355916,841.4978160647732,845.3662109375,460205
2022-10-04,863.2754326832004,866.3797092865577,847.228722208615,856.3982543945312,530875
2022-10-06,833.8565087219532,833.8565087219532,798.2767206922937,815.3741455078125,5466789
2022-10-07,818.3828652810422,818.3828652810422,785.4775196920673,792.6412353515625,2774124
2022-10-10,786.0983450360468,798.5154513367377,771.1500360546759,794.93359375,1486784
2022-10-11,799.4707522894564,799.4707522894564,783.3284879740195,787.9610595703125,1143209
2022-10-12,788.1042800115955,805.0584084616318,784.235884898183,802.0496826171875,1183741
2022-10-13,801.3808773450036,812.4129862256393,798.754181978259,805.0582275390625,1326401
2022-10-14,813.7980335460459,818.3350530992661,793.6918848698882,796.0320434570312,656399
2022-10-17,795.6500095696919,800.4258199512627,787.3400878460654,796.2230834960938,465893
2022-10-18,800.2347929146738,804.1509924900244,792.3547056173014,796.1753540039062,644793
2022-10-19,797.7514021743737,799.4706823045823,787.5311559858162,789.5847778320312,784872
2022-10-20,788.9638445355039,793.9306988000207,778.3137644769282,791.1607055664062,854690
2022-10-21,791.8292860259592,798.2288829888768,781.7045922984495,783.4716186523438,833206
2022-10-24,788.0086824240994,789.7757088774224,782.2299637460156,783.5194091796875,56411
2022-10-25,787.0534742311206,787.0534742311206,776.5466924149284,784.18798828125,810608
2022-10-27,788.963890063672,800.664625721396,785.4297786542986,798.1334228515625,1174812
2022-10-28,802.1451097861863,803.2435695066958,790.0145396097475,792.6412353515625,543838
2022-10-31,792.6412943246293,803.0048387288343,790.396686570374,792.115966796875,748108
2022-11-01,792.7844770363239,802.2883508002471,790.492064867677,800.807861328125,854774
2022-11-02,797.7991752070358,803.052566962365,792.2592464702009,796.0798950195312,489880
2022-11-03,796.0798418722534,799.9959830544824,788.9638727645026,794.4560546875,333917
2022-11-04,792.7845206927688,794.6470983950535,783.2328999615305,791.97265625,683905
2022-11-07,792.9755848409847,800.9989114792526,784.2835747764428,789.7757568359375,794259
2022-11-09,779.4599267456202,796.2708126724739,769.5262770737377,778.313720703125,2621563
2022-11-10,776.3558484482049,785.4298896281078,758.2555125401773,783.424072265625,1868543
2022-11-11,788.1520413138036,788.4385782881743,774.1588930309329,782.2777709960938,1388004
2022-11-14,783.2329791815872,809.2134018580367,780.9405666548375,807.0165405273438,1564707
2022-11-15,810.9326992388853,812.8430236187178,797.4649356804558,810.6939086914062,1295058
2022-11-16,811.8876684663787,813.272664972278,797.8945223904861,807.8759765625,790432
2022-11-17,806.5866134147641,814.7532373699752,796.8916951841172,801.2376708984375,1075790
2022-11-18,802.3361163540019,805.5358858795993,785.3342436433362,801.2854614257812,1352814
2022-11-21,797.5603938869981,808.8790420257666,794.6949074418951,801.3810424804688,832098
2022-11-22,801.3811393137519,805.5838765937873,787.3402423764494,804.2943725585938,761892
2022-11-23,807.1118970700102,814.5144026348535,802.9569656529992,810.0728759765625,659879
2022-11-24,811.8878277376776,828.7464630095013,811.4102466625378,824.1138916015625,1376898
2022-11-25,826.2152317645614,828.0778095536666,811.983292892235,820.8185424804688,585935
2022-11-28,821.3915826977046,822.3467447083309,813.8935259352113,815.756103515625,697065
2022-11-29,817.6186620281877,840.1127151941541,814.514385566048,826.8359985351562,996831
2022-11-30,831.0388017101106,849.0436428865615,828.2210617595817,841.9276733398438,1839648
2022-12-01,846.2258765429904,846.7034575943383,825.3078031745663,837.9159545898438,1059022
2022-12-02,837.677125451559,844.2199622340465,826.3106736340275,842.11865234375,683634
2022-12-05,842.5962585810393,845.3184472102957,834.763917805951,842.9305419921875,970685
2022-12-06,840.5426082239627,849.0435738310684,836.5309159341099,846.0347900390625,505197
2022-12-07,850.4763996055507,861.4607643037659,844.0290551087721,857.87890625,894394
2022-12-08,861.1263156374265,864.4216362973689,855.8729244776083,861.0308227539062,634696
2022-12-09,862.7024114463215,886.3426731765243,862.5113673686062,882.1876831054688,1633865
2022-12-12,882.0921815963474,884.4800867982866,845.6527248953681,855.204345703125,2554635
2022-12-13,856.9715382716289,860.4578453256848,835.7669257528336,837.4862060546875,820574
2022-12-14,839.5874759701813,849.4733802688734,834.9071584161484,847.3720703125,765882
2022-12-15,847.2765617846478,865.3768959366142,845.3184910639113,862.7024536132812,1303005
2022-12-16,862.4158792295918,864.4694427555582,853.1985416898775,856.58935546875,1208697
2022-12-19,858.7384619503614,871.0600761818996,857.9743439410842,865.8544311523438,762854
2022-12-20,865.3767853261273,865.3767853261273,849.2345239581643,854.4879150390625,588692
2022-12-21,858.6907187358299,859.836924903291,832.901342311061,844.6975708007812,828262
2022-12-22,842.9783130736408,858.6907415276956,840.590407785744,851.3837280273438,864653
2022-12-23,846.0348148288172,848.2794224039804,826.6450362079291,834.2385864257812,485866
2022-12-26,834.2862952352498,850.0942153325842,822.8243507588554,843.4080810546875,471973
2022-12-27,845.3661972009634,861.5084598624725,841.8320858036456,849.1390991210938,863452
2022-12-28,851.7657836094207,859.645870758036,845.9393182492252,855.9207153320312,696537
2022-12-29,855.9207790781797,857.6878640343134,842.8351042652807,846.3214111328125,846820
2022-12-30,850.0942834487919,851.4315337309079,831.2775780992764,834.8594360351562,409872
2023-01-02,838.5845582378173,857.8310391349821,837.6771426038097,853.4373168945312,583078
2023-01-03,854.0103927547609,864.2783851189228,847.8018392322444,852.720947265625,910340
2023-01-04,848.1839749441999,861.508498372443,845.413981436368,848.8526000976562,723326
2023-01-05,851.9091024936724,879.5132522753684,847.228784872285,875.4060668945312,3020912
2023-01-06,878.7968746925078,889.2559113025372,872.7793651478985,876.3134765625,2310792
2023-01-09,877.9372784041384,883.5249534389322,857.9743669475902,867.3826904296875,1369036
2023-01-10,869.19757969652,873.0182283984827,859.6459579416132,870.7736206054688,929638
2023-01-11,870.7735548935074,873.9255781750682,853.9626668944028,860.1234741210938,988903
2023-01-12,862.5112746466576,875.8835424706368,861.6516055385888,874.1165161132812,914454
2023-01-13,878.510358774519,883.8114968742148,871.3943893296986,876.07470703125,1206142
2023-01-16,877.459648505744,888.0141775942241,876.0746518609965,882.8085327148438,1043953
2023-01-17,883.4294020434878,893.5540964389635,870.5347143877678,887.632080078125,1069191
2023-01-18,890.2110333118869,891.1661953647966,879.751997172832,887.4410400390625,448425
2023-01-19,886.8679790358278,892.2646680327074,880.4683815284878,887.5843505859375,964494
2023-01-20,892.1213756449309,903.774364588209,888.3007273552311,890.5931396484375,1616181
2023-01-23,890.5931886197301,893.8884513120207,874.0210907728224,885.2919921875,578881
2023-01-24,886.3904718436439,891.9781470805975,883.4294925092441,887.7277221679688,418065
2023-01-25,885.7218909747446,887.202380715981,871.872039159583,873.2092895507812,404812
2023-01-27,874.8807095315573,883.6682122337977,856.3505420572342,866.427490234375,1047819
2023-01-30,867.8601564945914,871.394267499773,851.7657003622198,863.275390625,1056310
2023-01-31,864.8515053485277,878.749101765672,861.1263499673086,872.3017578125,2617690
2023-02-01,885.4352718467221,896.8972171133463,858.2608982840735,888.0142211914062,2678949
2023-02-02,887.2499970171751,906.3532368427277,880.9936393355375,897.5657348632812,1061085
2023-02-03,900.0492710695108,906.8787036762956,890.2111127068015,893.0765991210938,1378549
2023-02-06,901.195454264559,902.2939140146876,881.9489143543597,895.2734375,675653
2023-02-07,896.180746622983,900.2879315638543,888.7782411219672,898.4253540039062,609325
2023-02-08,898.3776374344247,903.5832821679179,895.2733608307823,898.5209350585938,602539
2023-02-09,898.4731988005409,904.3474103841678,895.7509519997205,898.6641845703125,614802
2023-02-10,899.762733170322,907.5473279072665,895.3212059133097,898.2344970703125,746288
2023-02-13,898.2344314907576,900.2879949565615,878.4148185924633,882.4264526367188,546626
2023-02-14,882.2833341367219,893.0766553166833,877.7940601454887,888.826171875,719482
2023-02-15,888.8260134503859,895.7986845947377,882.7130114505758,893.5540771484375,564718
2023-02-16,890.4498420181873,895.6077405286687,887.3455652828061,890.5931396484375,361273
2023-02-17,888.3005961763395,908.2635038614059,882.1875364961729,899.8580322265625,656515
2023-02-20,905.1593771757173,910.9380961558495,882.4264728133317,886.1038818359375,808796
2023-02-21,886.1516241199577,906.6876089419238,886.1516241199577,895.1779174804688,901349
2023-02-22,893.9362338377023,901.6730235380804,883.5249436151742,888.2052612304688,805179
2023-02-23,888.2052637529013,897.8046312375853,876.3612303449286,892.4556884765625,779354
2023-02-24,894.031742886605,902.6282019528223,881.6146353465133,886.1994018554688,411170
2023-02-27,881.6144627543977,885.9126914460497,861.9381502853295,873.0180053710938,480986
2023-02-28,873.9732290797587,885.5306659482046,873.4956480802615,881.9010620117188,1066639
2023-03-01,881.9488986460219,894.0794689334955,867.621467195888,871.1555786132812,1015922
2023-03-02,872.0629251080683,875.0717087933796,863.4664669197083,871.53759765625,573501
2023-03-03,873.3046547886997,891.4527338245955,871.1555401660279,884.2412719726562,1160854
2023-03-06,884.4801088375308,884.4801088375308,865.4246131915426,874.689697265625,1497749
2023-03-08,870.1525677365594,884.4799975017058,866.9049936704085,879.2743530273438,1054113
2023-03-09,879.2744141000516,883.8591802836552,861.5561697195042,863.9918212890625,886042
2023-03-10,854.8700690805954,878.6058236569099,854.1059510696023,875.2627563476562,1259736
2023-03-13,873.0181716537884,880.8027661974411,864.3739661871509,874.3076171875,867341
2023-03-14,864.3739037444913,877.7461723661689,863.9918156073431,873.7822265625,754635
2023-03-15,875.3583166581593,877.4118801904503,864.9947729123882,866.714111328125,616275
2023-03-16,864.7560320215986,896.753964151629,864.7560320215986,890.54541015625,1306258
2023-03-17,892.1213209722515,913.9945544096928,883.1427747223105,904.96826171875,2433451
2023-03-20,912.0842632791027,920.3941264608875,900.6700651417486,916.95556640625,1767861
2023-03-21,918.054034291743,920.7762228344712,898.8552419693309,901.2908935546875,1258265
2023-03-22,905.5891125961449,910.9380550334317,899.7626474342686,908.7889404296875,725365
2023-03-23,905.9712427469275,914.0901205153501,900.8611488826602,909.5531005859375,1018638
2023-03-24,909.3142888932764,913.0871907222222,901.0043672405459,908.5501708984375,952163
2023-03-27,907.4517757069169,922.2567888158927,905.9235396086043,918.48388671875,1430957
2023-03-28,920.5375165656396,920.6808142066724,909.600898353752,915.618408203125,692534
2023-03-29,912.275196476345,925.5997179424978,910.2693796098108,922.9730224609375,1282377
2023-03-31,923.5939062466247,929.3726246787166,914.2333303196249,924.7401123046875,1023170
2023-04-03,926.5072367635029,926.5072367635029,901.911812694781,921.2538452148438,839394
2023-04-05,914.2811640875619,929.2294158150173,908.2158498377785,926.077392578125,1063638
2023-04-06,929.4204132898055,934.7215509631066,917.3376484378261,924.2625732421875,1339417
2023-04-10,921.7790718344176,924.5490649399613,913.7557460535852,922.2566528320312,663976
2023-04-11,922.2566463644962,926.6981729305405,914.7109016341936,920.6806640625,566811
2023-04-12,920.7761789704415,927.7965964347004,911.7976327440832,925.40869140625,1064336
2023-04-13,926.411743723119,936.011111164423,918.4838516576502,920.0121459960938,778427
2023-04-17,922.6865821715104,933.1933651983081,920.3941698280947,931.0442504882812,868520
2023-04-18,932.7634998786239,935.1036585899466,921.8268826102945,925.9818725585938,566779
2023-04-19,919.7256682576611,926.7460868224725,918.8182525449068,924.4536743164062,658666
2023-04-20,926.5072832217699,933.4799552399302,921.2538914096876,931.4263916015625,628811
2023-04-21,928.5130691865725,946.3268659605801,928.5130691865725,942.8883056640625,1384698
2023-04-24,946.1358092119866,947.6641035554557,936.2976512134315,945.2283935546875,1195669
2023-04-25,945.228390446499,947.7118468845443,909.1232747412466,920.0121459960938,1484258
2023-04-26,919.8210652974551,935.1991511694386,917.0033255561134,932.3814697265625,1048158
2023-04-27,935.1036692652266,935.1036692652266,900.7178346446462,910.842529296875,1791089
2023-04-28,891.1662028667355,900.9088675481229,856.7803686725207,866.8095703125,5510898
2023-05-02,871.0600401852922,887.345541422536,861.5561661605248,881.9488525390625,2916163
2023-05-03,885.4352675451215,913.182714916912,876.8865550822684,897.0882568359375,4347263
2023-05-04,903.0579371314724,903.0579371314724,886.6291388430691,889.6856689453125,1254490
2023-05-05,893.028800690686,898.4254314777164,885.5785481068992,894.652587890625,659303
2023-05-08,894.0794653191523,905.7324545111804,890.7363979943021,901.1954345703125,1486588
2023-05-09,903.6310292120481,912.1797410628535,899.2850536237452,908.6456298828125,1069335
2023-05-10,912.1798676131021,923.6895600421385,905.5414789063805,919.2958374023438,1858976
2023-05-11,940.8345874548836,944.6552355257663,929.2293456201919,938.5421752929688,3042774
2023-05-12,938.8766256690824,958.7917327246838,933.5754875167289,954.3980102539062,1818352
2023-05-15,957.5500062715632,970.7789780512893,956.1172631200346,964.4271850585938,1249138
2023-05-16,964.4271413811521,979.041109205205,963.7585162810261,966.86279296875,1359065
2023-05-17,966.8627440462327,977.1307356476127,965.5254939136447,972.689208984375,1456688
2023-05-18,976.2711490221033,976.65323717755,960.8930626900882,963.5675048828125,691877
2023-05-19,964.7137661221063,969.155293414235,958.8394956129646,964.4749755859375,554652
2023-05-22,959.8423162641194,974.217492691618,957.0723231472028,971.3042602539062,610807
2023-05-23,979.04113782702,985.5839747945746,966.5285378239346,970.1581420898438,732920
2023-05-24,974.5996164702475,979.2799340366764,969.4895226015377,976.8920288085938,489848
2023-05-25,975.6980319512572,988.5927195981902,974.2652888793758,983.2438354492188,536188
2023-05-26,985.9183086353197,1004.8305655380244,984.007984366236,1002.8724365234375,1192030
2023-05-29,1011.4212073763883,1011.4688955249414,996.9504777216868,1000.3890380859375,504045
2023-05-30,1000.341356722543,1005.0215579350221,993.7029098856596,1000.1980590820312,460823
2023-05-31,995.9475023932142,1017.2476644471749,993.941685247495,1010.8958129882812,1442220
2023-06-01,1020.3996405598497,1021.0682073402913,1003.9230955863978,1006.9317626953125,799780
2023-06-02,1008.2689351864881,1016.4833046703922,1006.9316851316855,1013.3790283203125,529865
2023-06-05,1015.0029979741915,1021.0682538050972,1001.2008360913513,1005.021484375,803273
2023-06-06,1015.0507596685039,1015.0507596685039,996.5207074276966,1007.83935546875,418521
2023-06-07,1007.8870511012352,1019.9698755828783,1005.3559646886721,1017.5819702148438,452303
2023-06-08,1022.9307170804241,1026.7036770116792,1002.6813289268634,1010.5136108398438,789816
2023-06-09,1004.9260282615255,1011.0390890584509,981.0469756148923,988.9270629882812,553616
2023-06-12,989.5958045930189,1002.7292843207065,981.9067025500315,997.2847900390625,546812
2023-06-13,998.1443961344612,1019.1579623688708,997.2847269236662,1008.1257934570312,952216
2023-06-14,1010.179325054563,1025.1754386676646,1001.1530906398785,1021.5457763671875,922595
2023-06-15,1020.1131478692121,1036.4942016061625,1014.5731609142928,1029.378173828125,1241860
2023-06-16,1033.4853825934579,1033.4853825934579,1001.2964667614375,1022.0234375,1629502
2023-06-19,1023.4084047692874,1034.7271691459891,1016.5790889026243,1018.919189453125,1017828
2023-06-20,1012.5672976535543,1026.4171478130747,1009.7496161564253,1023.8382568359375,715271
2023-06-21,1023.838231058364,1028.3274460824084,1006.8362998242435,1015.9103393554688,1129047
2023-06-22,1018.10719942114,1018.10719942114,991.6969467939275,994.2281494140625,570936
2023-06-23,995.2310332307676,997.6189383122723,985.3451295127236,989.5000610351562,611409
2023-06-26,990.7897266781109,996.2341041945689,983.3872201512577,986.013916015625,758366
2023-06-27,990.9806999812073,1002.9202264870049,986.2526941236868,990.83740234375,664187
2023-06-28,995.7086645500082,1033.007790446225,984.9630911403734,1021.1637573242188,2761494
2023-06-30,1023.9335720686864,1040.1713246108204,1023.0739030264849,1032.530029296875,1448778
2023-07-03,1029.8078838850388,1035.6343484842662,1009.6061852412906,1013.3790283203125,1022960
2023-07-04,1017.2474777519705,1022.9306447213012,1004.9736700017645,1014.2864990234375,914361
2023-07-05,1012.4717038788526,1050.6781832705074,1012.4717038788526,1047.764892578125,2106111
2023-07-06,1050.6782255347032,1052.6363543210614,1022.0233648383023,1031.4794921875,841472
2023-07-07,1034.2496063137103,1042.989246570537,1012.4718629991044,1014.9552612304688,773991
2023-07-10,1012.471903923134,1020.0653965637796,1001.3442412823257,1007.5527954101562,501316
2023-07-11,1010.2748238213857,1026.5603829318834,1006.454175734177,1014.23876953125,613630
2023-07-12,1015.0984426365496,1022.0233673216732,1008.3645037177623,1020.4473266601562,630952
2023-07-13,1020.4474056151472,1026.369480589824,1002.920204409848,1006.3587646484375,447833
2023-07-14,1009.4630850425808,1021.4504165467049,1009.4630850425808,1015.28955078125,877678
2023-07-17,1015.2418604609525,1022.5010693950933,1010.5615426623154,1013.5225219726562,674454
2023-07-18,1015.0984969341541,1017.1043139756819,990.9806544993506,995.2310791015625,569179
2023-07-19,997.9533581306526,1003.5410328130158,991.5060142824806,997.0936889648438,360529
2023-07-20,997.093827859774,1014.3822400822767,993.7507602135519,1012.85400390625,1332100
2023-07-21,1017.1999046798311,1033.2944804962087,997.2371086362365,1009.1766357421875,2423119
2023-07-24,1009.1765317058309,1009.2242198511719,984.0079178835716,989.9299926757812,1056031
2023-07-25,991.7924689551566,994.1803740263622,982.7184296845752,988.4494018554688,1113858
2023-07-26,990.0255136403033,997.0937364782029,987.2555202393369,991.983642578125,1064454
2023-07-27,993.9894695376905,997.0459416399897,978.0859971436529,983.7691650390625,1866020
2023-07-28,996.2340000037707,996.2340000037707,983.0527173150936,989.5000610351562,1481068
2023-07-31,993.2730210220905,993.7982901818648,983.9123864638208,989.5000610351562,773878
2023-08-01,989.5479496356642,993.3685980898558,971.0177813134466,974.6951904296875,507701
2023-08-02,975.793593841086,978.9933636085109,966.8628513808628,973.9788208007812,1060526
2023-08-03,974.1698002561949,974.2652931420189,963.2809295428686,969.0119018554688,714395
2023-08-04,975.077255361962,975.077255361962,964.2361883027116,971.9252319335938,597861
2023-08-07,971.925187970341,988.4972854658399,964.7614721851459,984.4855346679688,1298516
2023-08-08,987.6375089191623,1000.0068101919045,954.2068388880494,964.1882934570312,2008417
2023-08-09,963.5196858298202,981.8110617971768,957.167835089599,973.0235595703125,1032480
2023-08-10,974.0742860762432,985.7272752142445,974.0265396315174,980.2828979492188,649973
2023-08-11,980.9514673745065,982.7662986666409,968.4866137476982,974.4086303710938,660411
2023-08-14,973.4534822275905,996.8549537904133,969.4895361740923,989.1181640625,1164097
2023-08-16,988.4971020590126,997.475647496622,983.0526091142794,994.8011474609375,720033
2023-08-17,994.3715633597647,994.3715633597647,976.3189761231525,979.1366577148438,679224
2023-08-18,974.7429185955272,986.6346400474088,969.4895270695346,980.4260864257812,1060254
2023-08-21,983.8169782627078,987.5898219774645,973.4534926363183,980.37841796875,752032
2023-08-22,980.3783298312537,993.3685101055562,976.8442186644546,990.9328002929688,530261
2023-08-23,993.3685729115779,993.8461539562469,976.1279088587195,977.6083984375,822174
2023-08-24,981.5723240224448,1001.0098488170148,979.8529856586046,995.087890625,849525
2023-08-25,993.3686442962116,994.0850159146945,981.1903267820032,984.1513061523438,262243
2023-08-28,986.5869609704391,988.353987544221,972.5938128213608,982.0021362304688,323454
2023-08-29,986.6824099849626,986.6824099849626,961.513912972206,967.9134521484375,635507
2023-08-30,970.3969879240124,978.8502078432385,968.1045754683139,974.7907104492188,333967
2023-08-31,970.9700510902624,974.1698792031914,957.0724537656349,960.0812377929688,1212859
2023-09-01,959.8424404804088,966.5763217861693,956.165031328703,960.272216796875,310557
2023-09-04,963.6630482685125,965.239030725418,950.3862720035485,956.3082885742188,624466
2023-09-05,956.3082586702042,965.9076256386131,953.2517284423593,963.85400390625,399675
2023-09-06,964.2360911745423,968.5343204071182,956.9768829011333,966.5285034179688,599424
2023-09-07,969.4894699535655,982.7662456200986,967.2926089227232,968.8685913085938,569087
2023-09-08,971.5909615391405,977.6084714919515,965.5734515863294,974.5519409179688,321006
2023-09-11,974.7429790976289,996.2341275833679,968.8687085254717,987.5421752929688,874945
2023-09-12,1000.1979481994911,1000.1979481994911,960.558723749771,966.5762329101562,745691
2023-09-13,966.5762710430159,969.4895037048001,955.2098190595042,958.6484375,614283
2023-09-14,961.41845703125,964.5227340400877,955.4009471045821,961.41845703125,828717
2023-09-15,965.5733362794451,966.1941566306898,946.5655882316933,957.1201171875,1450898
2023-09-18,959.9379205537688,961.9437376653892,947.855096542834,948.7625122070312,707389
2023-09-20,947.425270964561,952.0100371944706,933.4321234612835,945.7059326171875,844213
2023-09-21,944.8941289278828,946.0403351336605,935.4858053481655,943.2225952148438,478136
2023-09-22,940.8345238329545,947.0430765282989,933.1932282079152,941.9329833984375,1479506
2023-09-25,942.7449055309344,946.708851198803,928.4174753556922,933.0499877929688,557733
2023-09-26,931.2830273187669,940.7869016675081,927.9877064854841,934.817138671875,708234
2023-09-27,941.7420064648373,956.6902571175871,929.611437135866,955.0665283203125,1179180
2023-09-28,954.971114222213,965.6689420550193,943.6047195173645,946.1358642578125,1285424
2023-09-29,946.661212855526,955.1621795731157,944.9419325919889,947.1387939453125,1041991
2023-10-03,946.5656008966002,961.9914914758049,942.458415700738,948.3804321289062,1193081
2023-10-04,947.2342969019425,956.4038300394725,943.5091412719315,946.0403442382812,727158
2023-10-05,946.6611296838663,950.6728221453092,929.2294214381703,932.811279296875,1329465
2023-10-06,926.0296910759963,944.5120550926789,921.9225055498969,928.0833129882812,1049194
2023-10-09,922.543322819255,930.4234104163393,918.7226742873354,923.116455078125,500836
2023-10-10,927.3668957257685,934.1962696844835,921.7314160800887,931.2352905273438,695490
2023-10-11,931.2352530013186,946.279055300032,930.8531648616479,941.646484375,535266
2023-10-12,940.7391016560406,940.8345945391465,929.1338597339642,933.1932983398438,726290
2023-10-13,933.0500631928776,941.9331172581386,926.5072262035078,938.8765869140625,519593
2023-10-16,938.9243716527873,944.8463885050013,934.5306491841764,942.315185546875,500836
2023-10-17,943.2226035308391,962.5646366665349,941.8376067824164,952.43994140625,1231593
2023-10-18,955.1619851469824,961.4182844900029,951.5801277026811,954.6366577148438,569038
2023-10-19,954.2069207128588,954.2069207128588,934.5783515711015,939.7839965820312,950305
2023-10-20,936.2975198812837,951.3890673280689,936.2975198812837,943.8433227539062,764123
2023-10-23,947.9028964925795,950.1475041203475,934.5306270201645,936.8707275390625,744252
2023-10-25,938.6855260760967,945.6104510967548,929.1816518018452,931.2830200195312,720572
2023-10-26,933.2888491380965,933.2888491380965,916.7645567413837,920.585205078125,652068
2023-10-27,925.2655197021764,946.9477106047359,920.1553675887645,942.9837646484375,783105
2023-10-30,939.0197976882504,945.4671415920258,929.4204306467669,934.3395385742188,537204
2023-10-31,935.0558258884498,953.0606057747575,935.0558258884498,947.3773803710938,502123
2023-11-01,951.341417248003,953.6815759681958,929.4681826284367,930.94873046875,431560
2023-11-02,957.1200933750872,962.3257380595187,933.5753844899795,946.7088623046875,2797429
2023-11-03,950.4339694553472,977.2262528263332,941.3121836981778,974.9338989257812,1055527
2023-11-06,980.7605915639189,983.817063958798,973.2625333303912,979.2322387695312,746619
2023-11-07,981.4768232766883,981.4768232766883,964.9524729681809,975.5547485351562,467035
2023-11-08,981.9066281715442,981.9544329148011,967.2926598594238,969.9671020507812,466572
2023-11-09,977.3583485239396,977.3583485239396,946.209959248732,948.2737426757812,1182374
2023-11-10,948.2736872760964,949.8574678394323,936.8989756217403,944.8180541992188,748668
2023-11-13,948.3216781177856,948.3696608164321,937.8108892891237,941.3624877929688,1010989
2023-11-15,946.4499470005002,950.2895005380275,941.6505050785909,948.177734375,1256912
2023-11-16,947.3137771698123,948.3216481572813,935.2191495593885,940.49853515625,1180174
2023-11-17,942.5142653159381,963.391834071326,938.7706778284769,956.9605712890625,947219
2023-11-20,961.7601193232091,967.0874878116333,952.0172293859163,957.3926391601562,260372
2023-11-21,961.9520121363888,964.0157366766019,953.6009728266228,960.3201904296875,427198
2023-11-22,960.3202560976556,972.8467866254214,956.5766683137568,968.143310546875,553643
2023-11-23,968.1433518308833,973.1347828932844,960.9922306003623,970.3031005859375,459008
2023-11-24,970.3030889863613,974.958582510429,962.9599784591215,969.0072631835938,720428
2023-11-28,969.0071881348754,969.4391495646541,956.144662153291,961.5680541992188,1249480
2023-11-29,966.415589237178,979.9980329674501,958.592534254477,960.9442138671875,2194759
2023-11-30,960.9440967009635,972.1268181674816,958.3044040325256,967.7593383789062,1837947
2023-12-01,972.3668923511058,987.7251058531963,967.5674506317025,984.26953125,1567362
2023-12-04,998.2839404097672,1002.1234940267278,986.8612449645337,999.9637451171875,979451
2023-12-05,1002.1233686713481,1011.5303207257392,995.4521919659259,1004.0911865234375,767574
2023-12-06,1006.5387442626051,1006.5387442626051,988.7808125418331,997.0358276367188,464434
2023-12-07,1000.6835714252348,1001.9314731080697,976.014429937461,978.2702026367188,781180
2023-12-08,978.1742536306496,985.757336771259,974.9586509539328,980.573974609375,563822
2023-12-11,985.0372647280732,1003.8031266840841,976.686283912078,1001.2593994140625,809029
2023-12-12,1011.242341732511,1022.2810573755332,985.0853851001324,990.2207641601562,1293038
2023-12-13,996.6999224096566,1007.5946304096946,979.085996784626,1004.0430908203125,1354067
2023-12-14,1007.8825341165779,1009.0343530003164,998.2836528392771,1002.6031494140625,898052
2023-12-15,1002.1234262429555,1004.8111604625802,993.4844311891369,1000.34765625,1045194
2023-12-18,1000.2036760860747,1008.4586925882869,985.1813997427137,989.2609252929688,758159
2023-12-19,991.5645297378676,1015.5136939205616,986.0932137618084,1008.2185668945312,1062259
2023-12-20,1013.5459933768952,1026.4085189399211,999.0996288185296,1008.2185668945312,1526082
2023-12-21,1003.0831110054763,1031.8797553405618,984.65330550056,1029.864013671875,2398325
2023-12-22,1032.9837231475974,1034.9994649587466,1022.3289874253618,1031.159912109375,1348188
2023-12-26,1036.6793436781977,1052.0375561771339,1031.1599860613924,1049.2059326171875,576355
2023-12-27,1058.0849428733136,1073.1551426401263,1053.4774320639879,1059.188720703125,1251336
2023-12-28,1066.4358999736658,1074.066965079629,1058.8048348677025,1067.875732421875,2301621
2023-12-29,1068.7874246173512,1093.1206832063936,1063.5560810161878,1085.825439453125,1158127
2024-01-01,1089.2812443528142,1103.0556174494882,1082.2259719024978,1098.880126953125,686392
2024-01-02,1102.9116513828228,1115.3901992226633,1090.7211169011398,1112.654541015625,1201742
2024-01-03,1112.5104023116132,1126.4287809427767,1108.670849585775,1121.245361328125,1503336
2024-01-04,1121.2454103230934,1158.9210230916888,1120.2375979928327,1153.78564453125,1531104
2024-01-05,1153.785575338604,1180.6624439820991,1130.9401901220942,1170.9195556640625,2079251
2024-01-08,1136.699754924575,1136.699754924575,1102.9117313472796,1128.2528076171875,4764515
2024-01-09,1133.1000280083708,1149.1302319485542,1110.7826263895718,1116.06201171875,1429012
2024-01-10,1115.15017567728,1122.7333162954824,1086.401569427362,1095.5205078125,1508578
2024-01-11,1100.991774652555,1122.493293948021,1099.2639290084935,1108.766845703125,815483
2024-01-12,1116.1581100388967,1121.0054754234402,1104.111465566347,1109.15087890625,912952
2024-01-15,1099.0720767066591,1114.718302484779,1084.9617659101882,1088.5133056640625,941288
2024-01-16,1088.5133980533549,1088.6574047418399,1072.5792747441383,1077.7626953125,1682153
2024-01-17,1057.4129093408123,1078.482527461419,1052.3255717441582,1056.3570556640625,1949800
2024-01-18,1055.6850872907482,1071.091222568143,1032.455722589098,1059.62060546875,2486764
2024-01-19,1070.27531914071,1108.1428609170005,1068.8354868728077,1103.1514892578125,1538601
2024-01-23,1098.1123200194552,1110.926806612879,1079.7304338850538,1085.057861328125,1998376
2024-01-24,1091.8247852923014,1122.1093048460975,1079.8742240820015,1116.6859130859375,1406219
2024-01-25,1116.6859154222766,1121.5333977078387,1075.3147573856597,1110.878662109375,1713542
2024-01-29,1119.0376888150781,1133.627942303723,1110.3506539033292,1121.245361328125,2800570
2024-01-30,1132.8122856825894,1132.8122856825894,1108.5751042889044,1124.7972412109375,2259825
2024-01-31,1127.8689172188772,1127.8689172188772,1104.0157129150246,1117.5020751953125,1918126
2024-02-01,1163.432652806684,1261.581230800226,1161.464834935801,1204.2279052734375,8781324
2024-02-02,1206.5794411422903,1211.0429446099256,1183.734055609913,1187.2376708984375,1527367
2024-02-05,1191.2693741187807,1193.141109359656,1160.1209297205621,1169.5758056640625,2290338
2024-02-06,1168.2320445211913,1189.7814889192862,1161.9447295980606,1187.4298095703125,753495
2024-02-07,1198.9005139979288,1199.2844927614447,1185.2221054114832,1188.293701171875,710759
2024-02-08,1194.24498559112,1194.24498559112,1165.6883102512081,1168.3280029296875,712653
2024-02-09,1168.3279899115887,1173.9913539389026,1150.4740921563107,1169.767822265625,701591
2024-02-12,1178.7426957549678,1178.7426957549678,1147.066385527025,1151.2899169921875,686352
2024-02-13,1149.9463072024337,1155.849644317756,1143.2270883790472,1149.850341796875,793689
2024-02-14,1127.8687769532546,1157.673356183992,1127.8687769532546,1152.44189453125,1451119
2024-02-15,1158.1052810817978,1185.4140574586463,1154.601665209437,1182.3905029296875,996351
2024-02-16,1180.6624218628538,1195.8287014685168,1179.7984990950142,1191.55712890625,803539
2024-02-19,1185.4619165436038,1190.4532882700364,1173.7992515817043,1180.6624755859375,690704
2024-02-20,1185.4619111404136,1199.2843244702622,1169.815686820194,1178.310791015625,937389
2024-02-21,1178.4547376676119,1199.8602921490942,1175.4791075778535,1186.517822265625,875759
2024-02-22,1192.9970751714397,1211.0430209457554,1173.5593383192245,1205.95556640625,656729
2024-02-23,1209.651183533287,1214.2586942228083,1187.1418498656587,1200.772216796875,520711
2024-02-26,1200.7720999426472,1206.8194424874087,1189.397448178789,1202.451904296875,399577
2024-02-27,1204.6117479347079,1219.058113392088,1191.7012974616357,1215.2666015625,871412
2024-02-28,1225.7774516986176,1227.12131885491,1180.7107394786995,1184.55029296875,639686
2024-02-29,1184.5020392935005,1213.1546786406675,1176.8709749698621,1207.2513427734375,1041829
2024-03-01,1210.2271882503662,1231.2966890912505,1209.027327902392,1216.6103515625,1127238
2024-03-04,1228.6569547991664,1229.040933532313,1192.3731322332103,1203.171875,479196
2024-03-05,1209.5074522971745,1214.3068944043434,1191.5095443952914,1194.7730712890625,391674
2024-03-06,1198.6124923690966,1201.3002265213117,1172.0236329065294,1190.405517578125,458427
2024-03-07,1190.453476272036,1192.181322159206,1178.8868920417215,1184.7421875,576176
2024-03-11,1196.4527568585904,1210.4672201547714,1185.3661169995992,1188.6297607421875,661051
2024-03-12,1193.8608472667618,1193.8608472667618,1159.9767498175127,1163.7203369140625,615456
2024-03-13,1156.809546097569,1184.550344709671,1137.7557845057038,1148.0745849609375,1206909
2024-03-14,1137.515625866608,1181.286506952545,1129.3565756818268,1178.1668701171875,883209
2024-03-15,1168.184085199384,1174.7113726435866,1155.4175236764668,1164.0565185546875,1283320
2024-03-18,1164.0085052278419,1197.3165805025442,1155.4654764016066,1191.8931884765625,1091124
2024-03-19,1199.2845206821485,1204.035921116406,1147.738446294119,1156.04150390625,1537489
2024-03-20,1153.3057543517687,1170.4877777889517,1138.4274861932563,1166.4561767578125,1164641
2024-03-21,1166.4561065236742,1185.4619399610117,1166.4561065236742,1182.246337890625,616794
2024-03-22,1187.3339275165172,1194.5811319159727,1161.4649816137621,1172.647705078125,1242316
2024-03-26,1153.4497876829598,1161.6088381519896,1144.7148276744183,1150.9541015625,1540513
2024-03-27,1151.8180762296627,1190.2616547714708,1148.1705704951753,1185.51025390625,1096345
2024-03-28,1186.373812561008,1208.979227276814,1171.3036141997081,1201.588134765625,1334466
2024-04-01,1201.7801164167306,1220.449896435609,1173.3194057201724,1179.0787353515625,901422
2024-04-02,1180.6628211380973,1184.4543337347993,1154.2658881451723,1160.649169921875,704958
2024-04-03,1160.601162845603,1160.601162845603,1132.8603617385872,1141.69140625,1169930
2024-04-04,1150.8098717733867,1153.2575161352456,1126.140677186571,1130.3162841796875,685423
2024-04-05,1133.2440865893077,1167.3201207294524,1128.2046730897086,1161.560791015625,1654663
2024-04-08,1180.6626247567067,1228.0811308443103,1168.0400700084776,1196.2127685546875,2041460
2024-04-09,1196.2127116847228,1199.0923764862496,1171.2556167381563,1188.0057373046875,576031
2024-04-10,1188.0056802125337,1189.5414779314365,1167.2240767921135,1180.8065185546875,568929
2024-04-12,1180.8064788659553,1185.4138718678023,1145.4346225440788,1151.6258544921875,1580342
2024-04-15,1133.5798960060338,1151.5298752241615,1123.5491114237343,1130.17236328125,935415
2024-04-16,1130.172571140962,1143.0350985159969,1125.0851159965341,1130.028564453125,808868
2024-04-18,1131.2282242415106,1146.538393898616,1111.6945231422842,1116.1099853515625,1102121
2024-04-19,1116.0619959933938,1128.3005709022286,1094.3206213650187,1121.96533203125,927227
2024-04-22,1127.8207629369763,1142.7951148427874,1118.7979062422826,1137.9476318359375,700862
2024-04-23,1146.4904808791223,1146.4904808791223,1128.9725213610718,1131.084228515625,680331
2024-04-24,1134.2040023489558,1172.1676318350783,1128.924616650064,1164.152587890625,1017249
2024-04-25,1176.055165841365,1180.6626768155597,1138.1395758135482,1153.5938720703125,872879
2024-04-26,1153.5458308039483,1163.3846864442567,1141.499185077242,1154.2657470703125,792722
2024-04-29,1156.1853622663496,1172.1194833011689,1143.5148846179043,1169.19189453125,577131
2024-04-30,1175.8631256966867,1190.2614496848093,1167.6560341539125,1170.583740234375,1122951
2024-05-02,1178.6948259696755,1204.2758733558849,1168.6640398076092,1183.830322265625,1148854
2024-05-03,1194.1009366984622,1204.6597070390435,1183.2541530245053,1201.0120849609375,728587
2024-05-06,1209.2673401602246,1219.0581540555338,1179.5587266527407,1200.00439453125,837606
2024-05-07,1220.6419392292871,1295.849161579519,1216.3224420240222,1269.3082275390625,8181717
2024-05-08,1266.0926566342948,1317.8785830971376,1256.8297111854804,1296.13720703125,2833714
2024-05-09,1288.1701177126874,1298.4408758055295,1267.4365535598347,1277.515380859375,1053919
2024-05-10,1281.8348111879482,1282.506686103208,1260.8612760541962,1267.96435546875,621712
2024-05-13,1271.132173876717,1295.3693552173906,1258.7495904698753,1284.61865234375,1132890
2024-05-14,1292.0651309414004,1300.7207595587715,1258.9414552417425,1263.922119140625,985957
2024-05-15,1269.2412758545322,1273.7866674355084,1245.0634098791563,1249.125244140625,668668
2024-05-16,1253.5256364646034,1264.647454578104,1237.906711763577,1259.9085693359375,545707
2024-05-17,1259.957108105522,1259.957108105522,1247.5779924310937,1252.51025390625,447847
2024-05-21,1257.2491866181863,1258.167898416776,1229.3962343383985,1240.7115478515625,645796
2024-05-22,1247.5780096738138,1283.7964093214025,1241.4851396134727,1262.71337890625,1187844
2024-05-23,1270.8854888935966,1285.2955225012367,1250.5760788315004,1276.639892578125,1121198
2024-05-24,1282.8293129264378,1282.8293129264378,1255.8951907498995,1267.2587890625,1227461
2024-05-27,1267.307162945058,1291.9685885044394,1267.307162945058,1285.2470703125,786120
2024-05-28,1291.0497923803275,1300.0440068062223,1280.2181543684112,1287.229736328125,798302
2024-05-29,1267.8874364416708,1281.3786399731698,1251.01133128733,1256.8623046875,427388
2024-05-30,1256.5721149428427,1260.3437676419837,1224.754019271303,1232.0556640625,433156
2024-05-31,1247.3845478333963,1247.3845478333963,1217.839147460383,1228.5740966796875,1385034
2024-06-03,1253.3322927211375,1272.7713933257915,1239.647713675291,1263.535400390625,825033
2024-06-04,1274.6571187874677,1312.9548356193532,1210.5373697626376,1304.105712890625,2052727
2024-06-05,1322.9161942053952,1418.8539232261046,1308.5545648205236,1379.8792724609375,5508364
2024-06-06,1380.0728182070418,1380.3145969067978,1330.749963456825,1356.0400390625,1356564
2024-06-07,1356.0400313710736,1414.3086976817624,1345.7886381707676,1380.9432373046875,1327582
2024-06-10,1382.974085804434,1400.18877549349,1363.1966364850848,1376.252685546875,771291
2024-06-11,1376.2526562704295,1395.788326487875,1373.3513120961952,1382.2003173828125,625008
2024-06-12,1394.724587736281,1395.5466116787372,1356.9104238792631,1370.208251953125,784605
2024-06-13,1359.8117111170109,1366.146241754562,1344.2894725034746,1362.954833984375,873993
2024-06-14,1362.9546297996594,1372.5289697318822,1344.0958954207078,1347.1422119140625,514175
2024-06-18,1347.142402246459,1362.6646407276787,1335.0534682442617,1357.4906005859375,973039
2024-06-19,1363.6315899153333,1364.3569258674158,1341.1945783533033,1346.0301513671875,434087
2024-06-20,1346.0301559730863,1351.0107017496443,1311.4074058528095,1316.2913818359375,1302617
2024-06-21,1323.9799588225794,1330.9915400508216,1308.5061243878379,1312.2294921875,1292944
2024-06-24,1311.7943464931743,1341.436434389489,1276.0111041261491,1335.3919677734375,1034894
2024-06-25,1340.4210624403627,1340.4210624403627,1320.8369884761366,1330.266357421875,563754
2024-06-26,1330.2663680385613,1382.8290322520759,1325.1890154887956,1367.7420654296875,1980304
2024-06-27,1352.0747368035074,1363.341528474103,1311.3591139932298,1317.210205078125,6032650
2024-06-28,1321.0786801447223,1336.6976061602675,1314.2604742876101,1330.604736328125,624365
2024-07-01,1330.6045704645371,1355.8946403271996,1325.1887524310594,1352.0745849609375,843562
2024-07-02,1373.0612027275236,1373.0612027275236,1320.401850415842,1326.0594482421875,498934
2024-07-03,1344.2894633332191,1344.7246177356408,1314.502282678689,1323.012939453125,490580
2024-07-04,1326.7847103809288,1337.4712572226758,1315.5178002613345,1318.9993896484375,360720
2024-07-05,1322.8679107544615,1333.3610823677866,1315.2760834428482,1328.622314453125,579386
2024-07-08,1335.053349927632,1392.3548920198043,1327.1714601015142,1379.10546875,2471142
2024-07-09,1393.6124198706937,1393.6124198706937,1342.3553357255537,1365.711181640625,1317184
2024-07-10,1353.9606157767323,1407.1035227235704,1353.9122128180559,1396.6103515625,1822861
2024-07-11,1402.8965905706277,1407.1519189539213,1386.40735541236,1393.515625,1142834
2024-07-12,1401.107352569813,1410.5367204300758,1389.7921583598927,1396.4168701171875,697411
2024-07-15,1402.2681291811405,1411.6974989662604,1386.9393824237122,1389.453857421875,521240
2024-07-16,1392.5967151393293,1423.592787385992,1387.3259874356015,1404.975830078125,1150984
2024-07-18,1392.6451730720014,1422.3839502053097,1392.6451730720014,1417.0648193359375,1177235
2024-07-19,1417.7901017869146,1428.3799601679068,1388.728258821888,1404.15380859375,1206553
2024-07-22,1404.1054645666675,1429.5889134997994,1393.3705149238979,1421.8037109375,917335
2024-07-23,1420.6916684252453,1474.8500982631035,1410.3435870893436,1466.822998046875,2713959
2024-07-24,1466.822919514873,1469.8693546413515,1406.1848708617367,1411.06884765625,1464579
2024-07-25,1399.5114883180206,1436.6487118864288,1395.691432940647,1431.42626953125,600745
2024-07-26,1431.4264665283479,1431.4264665283479,1413.0512869373397,1419.2408447265625,281948
2024-07-29,1426.397605869071,1455.507736997827,1381.71683241135,1429.2989501953125,1613938
2024-07-30,1428.4285268085828,1429.2989537198023,1389.9857143910872,1392.451904296875,873206
2024-07-31,1400.3821875542253,1404.6858010601504,1386.552399114956,1393.37060546875,708336
2024-08-01,1394.0475596639499,1436.1654557745549,1389.018610004178,1421.9005126953125,994920
2024-08-02,1419.2407892192964,1441.9195811840839,1399.6083140438154,1411.1654052734375,1637737
2024-08-05,1379.5891100325907,1431.2813431685827,1379.5891100325907,1414.0667724609375,1000471
2024-08-06,1418.9506984376692,1449.559903551146,1412.2292982211798,1429.975830078125,1712241
2024-08-07,1445.3045508620442,1459.3761173069852,1433.747577142217,1454.34716796875,705418
2024-08-08,1454.3471786951836,1455.459266190267,1384.9566967938854,1415.75927734375,2786418
2024-08-09,1427.364846206241,1427.364846206241,1394.6280317899066,1397.28759765625,439759
2024-08-12,1397.2872883850728,1397.4806640919642,1344.2893585382908,1346.8038330078125,1775237
2024-08-13,1351.0593427878557,1355.846513709191,1337.0361785284256,1342.8388671875,612043
2024-08-14,1343.2738370352533,1346.9005169488328,1313.4867768453128,1326.0108642578125,1496512
2024-08-16,1324.9432375890192,1367.6034504809923,1320.7209147053084,1363.8179931640625,539291
2024-08-19,1370.5153442824894,1372.068486012776,1345.3754917345527,1362.458984375,371436
2024-08-20,1362.7987065800978,1371.4375539875164,1338.095600782692,1353.0921630859375,839795
2024-08-21,1353.0925179343553,1363.138769387824,1347.2685903105346,1350.4232177734375,1228308
2024-08-22,1362.7987674822937,1402.1102703904369,1350.665587572373,1398.0335693359375,1636721
2024-08-23,1401.624845921855,1403.5661545727164,1382.9883302688174,1386.43408203125,638437
2024-08-26,1395.8009875045648,1416.4759730318194,1380.3675592858615,1412.0594482421875,833098
2024-08-27,1412.399230796294,1418.3687792105206,1393.0831840319254,1413.612548828125,450900
2024-08-28,1419.0968236106703,1455.9331130526593,1407.5945919322382,1434.1419677734375,578675
2024-08-29,1441.1305919235574,1441.4218356492277,1408.4195848666866,1433.3653564453125,559455
2024-08-30,1432.6860424312201,1443.799989064326,1422.1544648006698,1437.7333984375,1311589
2024-09-02,1444.9647938935475,1448.070840788188,1421.669086719462,1426.91064453125,295844
2024-09-03,1426.862098945854,1436.3259802143725,1413.4670196013276,1417.883544921875,901067
2024-09-04,1412.3021382038116,1435.5492634614857,1407.060580797397,1432.0064697265625,517446
2024-09-05,1436.5686157107186,1440.4026534722764,1410.3609450186987,1414.9229736328125,533903
2024-09-06,1410.8460657746275,1412.7873744306642,1375.514224537145,1401.0909423828125,1537112
2024-09-09,1402.547095416675,1483.4026582250622,1383.328208464147,1448.2650146484375,2093470
2024-09-10,1455.9817171886657,1467.5325291759814,1438.2186928437256,1458.9422607421875,1399345
2024-09-11,1460.8348353908293,1496.6034254368353,1451.3223751139813,1455.9329833984375,1299900
2024-09-12,1464.4263784872012,1489.9546389139957,1457.4377135696186,1469.0369873046875,1397079
2024-09-13,1475.3948462477274,1475.3948462477274,1434.627357075093,1447.537109375,2359062
2024-09-16,1432.6859319861271,1432.6859319861271,1374.6407499480931,1413.612548828125,1635007
2024-09-17,1417.1553669658201,1438.2185192028878,1406.6237908472863,1416.572998046875,1373125
2024-09-18,1416.573012265037,1421.6689477110963,1384.395796179446,1390.1226806640625,632328
2024-09-19,1397.0628904790544,1414.0978036814324,1387.599010315039,1402.449951171875,736187
2024-09-20,1411.3315467790526,1426.3281103863862,1398.179131805511,1413.855224609375,1885327
2024-09-23,1420.8923590031184,1421.96005509986,1399.7321650805104,1406.7694091796875,518082
2024-09-24,1404.245711210981,1418.3202003931128,1387.4048806113583,1403.906005859375,1514391
2024-09-25,1403.5663394551082,1404.4884137904953,1366.7785119778573,1387.59912109375,1325119
2024-09-26,1387.5504316961567,1389.9770676382627,1365.9047916973389,1380.561767578125,540524
2024-09-27,1368.6227402839759,1368.6227402839759,1304.1228010892328,1347.8992919921875,5207179
2024-09-30,1347.9961992978724,1365.7106408007967,1336.591010932976,1352.509765625,1190628
2024-10-01,1354.0630262674738,1373.9614434993614,1328.8745894106405,1347.5111083984375,1233644
2024-10-03,1310.674711432556,1347.2683356911807,1298.784194781103,1308.8304443359375,2342173
2024-10-04,1308.4421514400708,1317.3236630350746,1293.9793769587313,1303.83154296875,1760338
2024-10-07,1303.831499239872,1315.770595539368,1286.1170567599706,1293.2513427734375,1211273
2024-10-08,1279.3225891874463,1303.6859926435488,1262.0934723755515,1266.267333984375,2892445
2024-10-09,1269.6159838684825,1310.9173769163203,1264.7627117588936,1294.2706298828125,4702906
2024-10-10,1305.4330748407897,1315.5763655260434,1274.6632604798624,1278.109130859375,958975
2024-10-11,1286.1172222039756,1286.1172222039756,1272.528059101443,1277.090087890625,1260411
2024-10-14,1283.2049846649516,1288.834827000466,1268.3054648568123,1274.080810546875,1117318
2024-10-15,1281.0699446341227,1306.646668771207,1275.4401007515446,1303.05517578125,1817397
2024-10-16,1307.6171288920907,1326.496310013377,1298.0076264122845,1321.0606689453125,1104389
2024-10-17,1321.0607362525711,1324.7977322717577,1288.0584842080543,1307.7628173828125,973342
2024-10-18,1310.3834815751625,1319.0707913355545,1293.8823562516234,1296.93994140625,658127
2024-10-21,1296.9399363125601,1303.2976517164532,1270.1013177088291,1274.95458984375,413489
2024-10-22,1282.2345537515628,1293.7853656321065,1258.0167721414248,1261.4625244140625,401153
2024-10-23,1261.8507006421407,1267.6746269527969,1246.90259941384,1254.4251708984375,801772
2024-10-24,1256.997444702906,1260.2491132367597,1202.3495547310126,1218.268310546875,2392142
2024-10-25,1250.202917019603,1289.8541271420554,1237.5844093167655,1253.3575439453125,3223478
2024-10-28,1252.1441238347352,1272.9161508269742,1239.0402899806509,1258.5989990234375,911104
2024-10-29,1253.939894009252,1259.958022531205,1231.5178005113526,1240.78759765625,891549
2024-10-30,1246.9513112550958,1265.7334518934724,1230.110479592016,1261.8994140625,790627
2024-10-31,1275.3946821582483,1285.9669190791285,1244.5060702833944,1250.3038330078125,858307
2024-11-01,1254.786169972311,1260.388981447629,1218.0024946343535,1242.4599609375,40519
2024-11-04,1242.3623486091624,1249.6703624245104,1232.6670978590155,1239.5853271484375,409220
2024-11-05,1245.2856482909674,1247.7704207542736,1224.336007102974,1233.83642578125,499852
2024-11-06,1237.4904731740646,1249.914098003174,1233.6416330601292,1242.5086669921875,518986
2024-11-07,1242.5086054484736,1280.36409544007,1223.3615843417108,1226.2847900390625,589272
2024-11-08,1227.7952525144653,1230.1337220910468,1210.9868184958548,1219.025634765625,878571
2024-11-11,1218.0024743023414,1218.0024743023414,1181.462400073271,1189.5986328125,555580
2024-11-12,1189.5984979011537,1190.962684306772,1142.145174462197,1146.0914306640625,2993508
2024-11-13,1145.9454509696072,1159.0023418302965,1136.4450320392334,1153.594482421875,1208369
2024-11-14,1154.0331169925203,1163.728489369511,1132.4988541169878,1145.0198974609375,1131043
2024-11-18,1145.0197191943391,1161.2435356144379,1133.619263842676,1151.402099609375,1161297
2024-11-19,1160.51278406604,1168.161815990546,1146.8711560417541,1154.958740234375,983651
2024-11-21,1154.7152584646174,1165.2874974813915,1139.6120258847777,1148.5277099609375,4373152
2024-11-22,1154.2279255881824,1169.184972355361,1143.9479370087317,1161.779541015625,719207
2024-11-25,1164.4103824375802,1208.1610557425468,1164.4103824375802,1187.503662109375,2884421
2024-11-26,1199.440033325232,1214.6894476388468,1187.7959775956035,1208.3558349609375,603291
2024-11-27,1218.0025025575646,1232.7647166776737,1209.2816522174753,1229.3055419921875,857354
2024-11-28,1227.9900766713756,1249.0859030075483,1212.1072770600315,1219.220458984375,1901104
2024-11-29,1208.2585574018801,1223.4105570507504,1204.3609491521966,1212.78955078125,652041
2024-12-02,1193.6423168321146,1212.1559527666534,1188.4779392300522,1195.7373046875,565888
2024-12-03,1195.7375474030655,1201.4377758350672,1184.0933710712245,1198.9530029296875,859907
2024-12-04,1199.0017827134527,1206.796999504763,1186.7729887938567,1197.052978515625,701640
2024-12-05,1203.0454048044137,1218.0024511149954,1184.4829998712005,1212.8868408203125,408507
2024-12-06,1218.9769504523651,1222.8745586072887,1199.0991250731424,1203.824951171875,842156
2024-12-09,1140.0015475669763,1140.0015475669763,1073.4499637794586,1098.979248046875,11231379
2024-12-10,1101.0742596839382,1107.6027055038417,1094.0586128641746,1104.82568359375,2182449
2024-12-11,1107.7977891272542,1112.377431492811,1093.8151425560884,1106.23876953125,1927111
2024-12-12,1110.8180732621843,1113.4976782634747,1080.6116168840022,1082.6578369140625,2776408
2024-12-13,1083.6810540375495,1088.6992474132956,1069.2598589093836,1082.9989013671875,2883674
2024-12-16,1091.3302981188979,1099.1255145340328,1081.635045280799,1083.8760986328125,1658829
2024-12-17,1084.168275737381,1086.701696836661,1057.2260399621407,1061.416015625,1829849
2024-12-18,1066.872734703801,1076.4218025884231,1061.4161074917952,1063.8033447265625,885061
2024-12-19,1052.3539983759424,1060.1492131787272,1048.1153741160358,1050.8436279296875,1920445
2024-12-20,1056.2028578687607,1056.2028578687607,1039.6867937745508,1042.22021484375,1948622
2024-12-23,1047.2872076571612,1051.0872799033198,1038.420055228007,1046.2640380859375,972130
2024-12-24,1047.4820762326688,1054.2541220775352,1043.2434516202788,1050.21044921875,1226815
2024-12-26,1053.815807547802,1055.423594704879,1036.1303867110773,1043.7794189453125,1017426
2024-12-27,1046.507675064802,1052.2079025784196,1032.8660480155402,1040.4664306640625,714897
2024-12-30,1042.561383349815,1045.5821247382132,1028.0428885526862,1033.402099609375,2904152
2024-12-31,1033.4021621511454,1058.6390805889966,1033.4021621511454,1054.351806640625,726636
2025-01-01,1058.2006170738541,1068.7728554350654,1049.5771827956519,1051.915771484375,165498
2025-01-02,1057.8595744950978,1067.7010110865235,1043.1461278142972,1065.4598388671875,762657
2025-01-03,1071.8421023575918,1093.2789444047437,1062.4391001250729,1088.06591796875,5833891
2025-01-06,1093.4738273858993,1127.9676804155458,1082.7554058704784,1112.620849609375,3658539
2025-01-07,1106.9695002720136,1137.565629590353,1105.9463305377844,1124.26513671875,2428244
2025-01-08,1123.4852937077703,1129.5753050570102,1106.5794459913873,1126.652099609375,1049530
2025-01-09,1123.5830733428272,1167.7721861896798,1120.9522351676471,1150.8663330078125,1276198
2025-01-10,1150.9636353254668,1159.0999874682393,1137.76055912817,1144.2403564453125,823035
2025-01-13,1135.1781984317704,1149.794226737759,1126.6521819199438,1129.331787109375,1101936
2025-01-14,1132.2063568774697,1134.9347300570314,1101.123028218659,1111.2567138671875,1426008
2025-01-15,1110.8183463974253,1113.6927848910177,1097.3229016798675,1099.8563232421875,1173420
2025-01-16,1101.171766861146,1123.972799323134,1097.6151754798962,1120.172607421875,610940
2025-01-17,1123.4854785916782,1166.7975988568219,1119.5878706867634,1157.345947265625,2774043
2025-01-20,1162.2666444475722,1163.3871114863066,1130.3062142592646,1136.7860107421875,942639
2025-01-21,1142.48639842058,1149.209796324065,1125.9215636460385,1129.283203125,1624667
2025-01-22,1133.2782610289087,1138.5887041976941,1108.4310107447484,1123.4854736328125,1902732
2025-01-23,1112.0362914830691,1136.2015088564992,1092.158466733384,1115.8851318359375,893059
2025-01-24,1116.615930700853,1118.5647347119861,1096.5920408537932,1101.415283203125,377449
2025-01-27,1088.4557019694503,1103.412747510188,1069.4060970362805,1097.8099365234375,1477851
2025-01-28,1097.8098424775264,1108.5282625774444,1082.6091977612953,1097.0302734375,1578549
2025-01-29,1088.9430925018255,1094.1073521604756,1080.0272896772767,1089.5277099609375,758944
2025-01-30,1089.5276354280602,1097.176667446636,1082.9990705688137,1089.86865234375,2106354
2025-01-31,1083.5349994774247,1107.2130151197664,1083.5349994774247,1092.5482177734375,2349882
2025-02-01,1097.9562291178968,1183.4112375576267,1089.9174125597656,1161.19482421875,2796848
2025-02-03,1149.7952511460953,1162.369048254388,1115.0582359386206,1130.71435546875,1300237
2025-02-04,1136.2426817016806,1136.2426817016806,1102.7777782676242,1110.8504638671875,1337886
2025-02-05,1116.6727689985455,1116.6727689985455,1092.0144265013967,1094.705322265625,1449207
2025-02-06,1094.705279808255,1107.964104383726,1091.7697572702216,1095.5369873046875,428067
2025-02-07,1095.928358651457,1097.934346729459,1071.0253914947136,1082.963134765625,478210
2025-02-10,1088.3449212877201,1144.8537270457475,1056.788055734536,1067.7962646484375,690083
2025-02-11,1071.5145986055131,1083.1587413521881,1041.3765222751967,1048.22607421875,599851
2025-02-12,1048.226208407905,1058.3537376172974,1030.9555263356906,1049.6939697265625,709401
2025-02-13,1049.6940304512543,1054.3909147213615,1026.4544748947712,1030.1728515625,898637
2025-02-14,1035.3097721158156,1050.916916911378,1024.9864715685926,1036.1414794921875,690182
2025-02-17,1036.0437480461176,1036.0437480461176,1011.3852883475472,1016.9138793945312,477531
2025-02-18,1017.5499597469853,1022.0020971453592,984.3785320442237,993.7232666015625,959493
2025-02-19,993.7231817542853,1004.8292766188546,975.7675947880545,1002.4808349609375,2757447
2025-02-20,998.0776640290043,1057.6198223515871,997.1480699462662,1051.504150390625,2578907
2025-02-21,1051.8955906651126,1056.690301432837,1024.839833676336,1029.5855712890625,1656549
2025-02-24,1025.6226139939106,1029.1941900979946,1012.9998439209602,1022.1488647460938,1464427
2025-02-25,1025.231106844379,1041.5232786019692,1018.968635726402,1034.380126953125,1746207
2025-02-27,1034.3803016717304,1044.7524577567947,1018.1371003181329,1028.8028564453125,1348747
2025-02-28,1017.6967487865198,1032.3253877825732,977.8714228220456,983.5468139648438,2316444
2025-03-03,984.3784891403454,992.9404292794886,968.7223700287694,976.8928833007812,693968
2025-03-04,968.7223531236194,975.6697319688008,958.4480251359446,968.9669799804688,935737
2025-03-05,968.9670616246071,984.2807280430343,965.4444584785065,970.0433959960938,1621637
2025-03-06,976.5505305668645,1015.4462055067772,976.5505305668645,1008.1563720703125,1863854
2025-03-07,998.1754034501564,1030.7597485824374,995.3377677428643,1022.8338623046875,607186
2025-03-10,1019.6048136159378,1040.349124809092,1014.6144492620552,1021.5618286132812,793821
2025-03-11,1002.9701959433163,1027.432883649251,1002.9701959433163,1016.8161010742188,721342
2025-03-12,1016.9139622947347,1024.3995688750144,1006.7374599758833,1020.9747924804688,436216
2025-03-13,1022.5402859977099,1022.5402859977099,998.4200534482305,1003.7529907226562,631099
2025-03-17,1003.0679964859465,1038.5878658816675,1002.6277158974789,1029.6834716796875,1266046
2025-03-18,1029.6834716796875,1029.6834716796875,1029.6834716796875,1029.6834716796875,0
2025-03-19,1061.7785030766831,1063.6376912838189,1041.4744717113297,1051.210693359375,1274199
2025-03-20,1051.8466269716967,1080.9572261380056,1051.8466269716967,1077.8260498046875,1422712
2025-03-21,1081.7400658616543,1096.4666518503989,1070.4872293556307,1088.0513916015625,1775108
2025-03-24,1092.014178383967,1096.0260345406623,1074.8903001386986,1082.522705078125,880326
2025-03-25,1087.9535157824564,1110.50816093438,1074.009784217656,1105.566650390625,2339818
2025-03-26,1105.664506894188,1114.3732475732907,1079.5384043035965,1106.007080078125,2080701
2025-03-27,1109.5785306181701,1125.2836237544734,1091.5740881954714,1119.9508056640625,3571049
2025-03-28,1031.3958958769913,1144.5113409314017,1031.3958958769913,1134.3348388671875,1494348
2025-04-01,1125.9684973077553,1138.5912675528944,1116.9662763675776,1119.0211181640625,637877
2025-04-02,1124.6475459282285,1139.178358086905,1111.5844949865236,1137.6617431640625,728473
2025-04-03,1124.2560423168836,1151.409622977619,1114.470968204907,1137.0745849609375,927323
2025-04-04,1144.364345853087,1148.2294021070024,1118.38492793127,1131.7415771484375,893054
2025-04-07,1133.1116620871446,1152.2903848099847,1100.8698883927977,1135.16650390625,5114215
2025-04-08,1153.1710513758744,1178.6122455513284,1147.8870871577838,1171.51806640625,2006049
2025-04-09,1171.5180204417052,1222.1557799387679,1170.5395130118102,1215.648681640625,3686650
2025-04-11,1257.6756142419079,1258.3605216460817,1181.7433441279843,1197.3016357421875,1327101
2025-04-15,1208.1630094989198,1212.3706389948543,1177.5358002948349,1190.1585693359375,1563410
2025-04-16,1192.6049213913798,1220.003129843263,1185.559596121441,1217.850341796875,779550
2025-04-17,1205.7166869543578,1218.535228563494,1188.2993281092702,1212.6641845703125,1217599
2025-04-21,1218.2417333179212,1218.4373870225027,1184.9724811630542,1187.3209228515625,769474
2025-04-22,1198.6716105439643,1220.59020102611,1187.908028734998,1204.93408203125,1281722
2025-04-23,1204.9340920054424,1242.8022823590413,1204.9340920054424,1241.2366943359375,1908019
2025-04-24,1247.5970374241442,1247.5970374241442,1199.6501708878438,1240.649658203125,2200361
2025-04-25,1237.8120238631316,1253.4681443230606,1228.4183754765181,1239.27978515625,1485280
2025-04-28,1239.8669103214213,1243.291686795052,1218.9268245647334,1238.6927490234375,466160
2025-04-29,1239.7689090082615,1251.5109981227833,1221.3729216168279,1235.561279296875,1089795
2025-04-30,1232.9193156392553,1248.2818339363964,1213.0555677752748,1233.4085693359375,1344364
2025-05-02,1232.9194213721692,1251.5110634404798,1227.1462033668774,1231.45166015625,306189
2025-05-05,1236.8334312300956,1260.2197834472854,1231.745240209416,1234.9742431640625,1604829
2025-05-06,1240.2582639002342,1244.6615476773948,1221.568794424296,1223.917236328125,1155139
2025-05-07,1207.0866346353907,1227.146035170213,1185.4616462408483,1220.100830078125,1800027
2025-05-08,1218.3395626793817,1245.0528629786058,1209.9244227710435,1213.936279296875,1119558
2025-05-09,1174.2090318274195,1218.4375242475644,1169.512147921422,1215.4041748046875,649047
2025-05-12,1254.4465942619474,1265.1123497249682,1230.5709877673069,1261.785400390625,1386761
2025-05-13,1270.1351494621406,1272.099782330605,1241.647972869409,1243.9073486328125,895398
2025-05-14,1243.6125278800214,1264.6341222388417,1236.9327285807701,1259.32958984375,1102055
2025-05-15,1252.5515664176658,1275.4395855660193,1247.8365198375532,1267.5810546875,734151
2025-05-16,1267.6791729165666,1281.9227591291121,1259.5258997405847,1276.52001953125,912957
2025-05-19,1279.9581364518306,1285.0661332373973,1267.1880245762559,1268.6614990234375,915695
2025-05-20,1274.064320924853,1278.3865368979873,1235.361032297617,1238.5045166015625,664154
2025-05-21,1237.718662261963,1269.3492023328786,1233.7893966674806,1257.364990234375,762035
2025-05-22,1262.2765939446945,1262.2765939446945,1233.003516797495,1241.64794921875,234851
2025-05-23,1241.6479709752848,1260.6067260917132,1238.1116557997786,1254.81103515625,312877
2025-05-26,1256.186244943672,1268.3668722255818,1254.5162351370648,1261.785400390625,269355
2025-05-27,1261.097891148736,1261.097891148736,1236.5399801971846,1247.14892578125,847346
2025-05-28,1252.4532666558591,1257.168432800873,1228.386517610315,1236.7362060546875,232166
2025-05-29,1237.718551758803,1239.584976731882,1202.3551645656942,1224.0643310546875,1471954
2025-05-30,1224.0643921753192,1229.368924501486,1205.30217368224,1209.6243896484375,1382707
2025-06-02,1234.673431001361,1278.2883004540133,1234.673431001361,1243.710693359375,2571867
2025-06-03,1241.7460285387529,1246.2646596007978,1213.16064778383,1216.5987548828125,892994
2025-06-04,1218.170562969789,1220.1351958009352,1198.5242346583284,1205.4986572265625,683760
2025-06-05,1212.1783556850912,1212.6695138519005,1188.7009713292796,1193.4161376953125,1088686
2025-06-06,1198.4260061318619,1199.997688387078,1184.9683194375082,1188.7010498046875,878031
2025-06-09,1194.4967991130252,1202.9446965717855,1185.3612081946121,1196.0684814453125,750227
2025-06-10,1202.8464903252316,1202.8464903252316,1187.7187930468501,1192.4339599609375,585966
2025-06-11,1196.5596597600102,1212.1785155061607,1194.4968191697662,1202.158935546875,893989
2025-06-12,1203.3375694776164,1204.2216782048722,1178.8778675524316,1182.6107177734375,645386
2025-06-13,1149.310234991503,1173.2787801138315,1139.487070589866,1167.77783203125,952711
2025-06-16,1169.9387703327218,1173.6716204193556,1154.5164516355703,1166.9918212890625,1436358
2025-06-17,1168.9564499142618,1177.9937123186817,1158.3473854293663,1174.4573974609375,1402108
2025-06-18,1168.8582258149786,1181.0389722972895,1160.7049523059732,1175.439697265625,988611
2025-06-19,1173.3769003709956,1184.4771232826627,1166.2059429272936,1172.8857421875,698066
2025-06-20,1171.1174792032664,1174.9485368678288,1160.213791936174,1168.3670654296875,3630336
2025-06-23,1167.9741753008914,1171.3140749737404,1147.4437389856826,1150.29248046875,1750263
2025-06-24,1160.1155984388147,1167.384763342779,1151.1765437202214,1153.04296875,1157475
2025-06-25,1157.6598005680344,1168.170537385786,1149.801269889592,1164.339599609375,1064107
2025-06-26,1170.0369790292777,1170.2335142460286,1151.962334229706,1163.3572998046875,790228
2025-06-27,1162.08031020635,1165.7148329498505,1149.3101969073793,1155.5970458984375,3293143
2025-06-30,1161.0979604914428,1161.9820692152673,1150.4888956288844,1157.5616455078125,742606
2025-07-01,1160.115684029879,1161.6873663087197,1142.13924570302,1147.9349365234375,539601
2025-07-02,1147.9348373811868,1161.3926430272081,1139.781683802497,1153.8287353515625,775759
2025-07-03,1157.9545919884638,1161.0979564269835,1148.8190017270365,1150.4888916015625,622284
2025-07-04,1150.488839441566,1177.6008661191977,1149.408315459292,1171.80517578125,654700
2025-07-07,1203.533954150488,1249.408200027276,1203.533954150488,1245.9700927734375,7790654
2025-07-08,1230.3513319988483,1259.32966676449,1230.0565891043586,1254.81103515625,2393198
2025-07-09,1249.5063547700165,1284.869742169168,1249.5063547700165,1270.9208984375,1944978
2025-07-10,1267.188103082107,1268.7597852741396,1259.6243150826397,1263.9464111328125,650984
2025-07-11,1261.3925025596461,1282.9052563381567,1257.3650291828794,1262.276611328125,979619
2025-07-14,1265.2233747016066,1266.5004338363872,1241.9425267187316,1244.2017822265625,888983
2025-07-15,1245.8719171052128,1255.6950809397988,1238.8973748533224,1247.6400146484375,856686
2025-07-16,1247.5418352355828,1247.6400428938184,1231.4318221998128,1242.433837890625,922089
2025-07-17,1244.889648694837,1260.3119685447848,1240.076274248068,1255.5968017578125,506788
2025-07-18,1255.5968236873716,1257.168625918263,1223.7698670102914,1229.172607421875,646598
2025-07-21,1229.1725707709356,1233.3964593834048,1214.5360322918275,1216.7952880859375,625660
2025-07-22,1218.1705559331892,1227.6990970562103,1208.4455994928567,1220.429931640625,920681
2025-07-23,1223.966227378613,1227.40433475889,1207.365056331513,1210.7049560546875,524821
2025-07-24,1211.8836390990616,1217.4829142690994,1200.3905857111736,1202.7481689453125,604864
2025-07-25,1202.748228216773,1203.2393864184369,1188.7010556845187,1195.5772705078125,487767
2025-07-28,1193.514404296875,1214.634206512828,1184.4771415458786,1193.514404296875,1468450
2025-07-29,1193.317939251904,1194.3984632448892,1180.94065742348,1189.192138671875,789889
2025-07-30,1193.9073279030015,1198.5241668302453,1181.039007569586,1195.0860595703125,1893697
2025-07-31,1185.9505019518142,1243.1212619239134,1183.7893341721594,1236.7362060546875,1600452
2025-08-01,1247.54186727386,1267.188195892346,1234.8699613326019,1244.103759765625,1565728
2025-08-04,1247.4435147691697,1247.4435147691697,1204.5162197751742,1227.3060302734375,1763667
2025-08-05,1232.7089029306119,1232.7089029306119,1191.9427713851871,1197.836669921875,1442317
2025-08-06,1197.8364570280414,1199.0151885612117,1166.9917028524724,1181.33349609375,1170361
2025-08-07,1175.832747862769,1203.3376074618982,1172.099897523933,1198.426025390625,1121402
2025-08-08,1193.7107472152204,1223.9661379148588,1161.9820019433967,1165.1253662109375,2018271
2025-08-11,1166.1078784834842,1181.8249422855674,1139.0941750736533,1178.77978515625,940924
2025-08-12,1178.7795937890462,1187.4240254414972,1168.3670646929086,1179.270751953125,1119857
2025-08-13,1189.1349984267715,1190.1214231454996,1169.2092672737326,1182.5260009765625,886544
2025-08-14,1181.2437482621542,1184.5976168074985,1158.753213699904,1168.8148193359375,934906
2025-08-18,1184.6962333498834,1209.4554727619018,1182.7233836690343,1192.489013671875,1585452
2025-08-19,1193.1794419811733,1204.424709047547,1187.8527238536083,1202.1558837890625,1149699
2025-08-20,1194.5603504981348,1235.0037645116968,1194.5603504981348,1229.9730224609375,1010033
2025-08-21,1235.9901407233658,1235.9901407233658,1203.7341014172423,1230.4661865234375,1860416
2025-08-22,1229.6771001807133,1248.2219341121904,1225.5341642918333,1240.1331787109375,1481336
2025-08-25,1247.0382055974076,1252.6608993027207,1235.1024893932797,1244.5721435546875,992053
2025-08-26,1243.8816036272322,1250.8851952351229,1232.241743469256,1241.51416015625,1876432
2025-08-28,1245.7557523927271,1263.1168026772307,1231.0580005788238,1233.6226806640625,1711790
2025-08-29,1239.9359866648053,1262.623757303859,1213.4011351825795,1225.7314453125,1808734
2025-09-01,1231.9458680199036,1248.4191128274515,1215.5712416026117,1239.7386474609375,1182160
2025-09-02,1233.0308674902942,1269.3313443944767,1230.1702117950824,1266.3720703125,1240114
2025-09-03,1273.3757802390762,1273.3757802390762,1250.2934161656888,1258.184814453125,1560468
2025-09-04,1291.2299830867976,1291.2299830867976,1224.744931609166,1228.394775390625,2797394
2025-09-05,1228.394691047899,1235.7928760809189,1203.536717089051,1214.781982421875,1501553
2025-09-08,1220.2074492565562,1227.2110410912373,1207.5811639445708,1213.203857421875,443869
2025-09-09,1219.122299850143,1233.0308639124412,1208.4688650206713,1228.0001220703125,959107
2025-09-10,1232.0446398187116,1242.8953131878116,1218.727904320271,1239.1468505859375,954046
2025-09-11,1239.1466621723373,1252.8579896092886,1232.9322587992192,1249.306884765625,1998029
2025-09-12,1249.3069696319683,1249.3069696319683,1218.9250385889509,1232.7349853515625,1708052
2025-09-15,1226.1259330599241,1242.6979166036385,1226.1259330599241,1240.5277099609375,740947
2025-09-16,1244.8679929839857,1247.3340547767432,1208.4688968402502,1212.7105712890625,1294534
2025-09-17,1218.2345161704873,1231.0580373933344,1206.8906320118147,1226.5205078125,1271749
2025-09-18,1225.7314369868013,1226.5206249950295,1211.9214897350935,1221.5885009765625,1983386
2025-09-19,1221.1938586682186,1225.0409393330888,1211.3296110214642,1222.0816650390625,914559
2025-09-22,1223.1668182721492,1231.9460235504503,1207.088044995715,1215.47265625,1092796
2025-09-23,1214.7821686822979,1217.642824749652,1172.2672829231105,1176.015625,1902576
2025-09-24,1182.6246839222854,1187.6554261797796,1161.811145303598,1169.8997802734375,1837893
2025-09-25,1169.8997633527497,1181.2436480732865,1158.1612846462542,1173.0562744140625,1908855
2025-09-26,1167.9268438159731,1172.6617305372522,1141.9838260625627,1148.0997314453125,1224351
2025-09-29,1142.3784867735471,1172.8590358414658,1136.3613198396708,1161.61376953125,2461758
2025-09-30,1161.6137788484534,1168.5187522014744,1146.5215521961863,1151.05908203125,1684611
2025-10-01,1153.1305353164853,1154.9061480357082,1128.8645104951127,1133.0074462890625,1897357
2025-10-03,1133.007505605203,1136.7559680250595,1119.592152355649,1133.402099609375,686196
2025-10-06,1133.4020147984195,1134.3884395284442,1120.0852809430858,1132.02099609375,1339794
2025-10-07,1132.0210316899831,1145.3377659640598,1124.1296336016414,1137.1505126953125,990996
2025-10-08,1124.5242625957417,1131.3306177414577,1104.7957667607286,1115.3504638671875,2397531
2025-10-09,1114.6599799072792,1122.5513779951184,1108.9386681283245,1113.476318359375,2161078
2025-10-10,1114.6600053461134,1116.3368793127772,1105.9794190861098,1114.4627685546875,1721671
2025-10-13,1113.6734620383104,1119.0001793849005,1090.9856944325697,1095.7205810546875,1256718
2025-10-14,1099.4690007037111,1100.9486378266067,1082.4039248008874,1086.4482421875,1831340
2025-10-15,1090.9857856119481,1102.8228827433616,1085.7576862136355,1095.5233154296875,809694
2025-10-16,1096.904271087862,1107.754942834235,1088.716897877603,1104.894287109375,1474182
2025-10-17,1108.4454675672653,1130.9360005226965,1105.4861932527706,1116.830078125,903877
2025-10-20,1121.07177734375,1127.779514102017,1110.9115538096773,1121.07177734375,1249233
2025-10-21,1126.595700571195,1130.8373752280274,1111.7007106950944,1118.408447265625,88180
2025-10-23,1119.3948949720502,1124.524255692392,1104.9929967703565,1116.9288330078125,2429490
2025-10-24,1116.7314393453523,1125.9052377180965,1098.9757937825011,1115.0545654296875,1376917
2025-10-27,1115.0545781726917,1119.5921080079736,1106.768586066032,1109.431884765625,1544159
2025-10-28,1113.6736692311465,1113.6736692311465,1095.6220460907327,1100.35693359375,1725668
2025-10-29,1104.7956601733822,1108.3467649984482,1089.9992897246316,1091.77490234375,2535908
2025-10-30,1093.9450624361532,1103.4147160806474,1083.4889840284163,1097.9893798828125,1587968
2025-10-31,1102.7242237096143,1109.3332211991444,1093.3531888259429,1103.4146728515625,1297881
2025-11-03,1132.4156455904972,1168.7161256004824,1125.806647740564,1162.6002197265625,4842181
2025-11-04,1162.6002989409621,1163.3894869827175,1134.684548058409,1147.606689453125,1858002
2025-11-06,1149.0863247258396,1149.0863247258396,1118.9017485855554,1130.44287109375,2222520
2025-11-07,1125.0926508316861,1128.8575390856852,1107.952794479454,1111.42041015625,1985895
2025-11-10,1109.8351664455372,1128.9566392514957,1103.0981568275852,1116.2750244140625,1046353
2025-11-11,1120.436337338834,1134.2077513517406,1111.6186606729543,1127.866943359375,1406507
2025-11-12,1133.4150445343312,1133.811367689121,1115.9779141912031,1125.3900146484375,901827
2025-11-13,1124.4982575308734,1131.8298122086699,1116.5722786231668,1122.9130859375,1850071
2025-11-14,1122.5167563729967,1141.340956170955,1117.2657470003883,1135.891845703125,2094535
2025-11-17,1138.3686690660516,1151.644707323396,1136.1890733414757,1141.63818359375,789222
2025-11-18,1141.0437437212734,1143.322511140613,1124.5973609034338,1131.5325927734375,1655215
2025-11-19,1129.35302734375,1138.3688048300392,1122.120522679108,1129.35302734375,1671330
2025-11-20,1130.7399693733582,1131.4334441238952,1115.2842143647067,1116.8695068359375,1175797
2025-11-21,1109.6371022598196,1119.4455258340356,1103.6926177834277,1114.7889404296875,4264238
2025-11-24,1119.5445769161024,1124.3002128758014,1098.045406425999,1101.11669921875,1732808
2025-11-25,1101.116685607252,1138.3687636949132,1097.054645451514,1133.910400390625,3033523
2025-11-26,1136.387175488297,1156.6974955384367,1131.5324894344872,1143.5205078125,1448380
2025-11-27,1138.3687119683407,1156.1031138277299,1128.5602889564248,1134.0093994140625,1138374
2025-11-28,1134.0094966996955,1147.2855365963203,1130.0465069359777,1135.000244140625,1513316
2025-12-01,1134.4057076030217,1135.2974043997856,1112.3119934803572,1118.9500732421875,766007
2025-12-02,1124.399263203054,1130.1455256339523,1113.3028196129344,1121.6251220703125,678672
2025-12-03,1128.4612922614149,1128.4612922614149,1107.2592736444537,1110.33056640625,429245
2025-12-04,1110.231514573575,1127.9659172588306,1105.1787270111774,1122.1204833984375,455483
2025-12-05,1121.526024187115,1128.5603063343958,1111.915823062908,1125.489013671875,339262
2025-12-08,1125.488953539816,1129.5509933565024,1098.1443517440932,1111.22216796875,790413
2025-12-09,1105.6740978011555,1124.3001972874054,1098.9369671084667,1118.355712890625,417028
2025-12-10,1117.5630485335582,1127.767794959448,1115.6806043168312,1120.0399169921875,805545
2025-12-11,1120.1390730104863,1143.3225881542987,1116.5724062824045,1137.279052734375,292217
2025-12-12,1144.4122886939622,1147.0873792177636,1128.3622293145293,1143.1243896484375,966615
2025-12-15,1142.331659110506,1158.57993933459,1133.5139837808963,1155.3104248046875,916589
2025-12-16,1155.4095368065744,1187.4107252973063,1153.1308904155649,1171.459716796875,2230112
2025-12-17,1169.0819405672664,1176.5125461217194,1160.9578602040694,1168.78466796875,929901
2025-12-18,1177.3052129336552,1179.5838594455429,1158.481011867772,1175.819091796875,540181
2025-12-19,1175.8190324820857,1183.9431125769886,1163.2364682609048,1175.2244873046875,641297
2025-12-22,1177.8005722262346,1184.933905219108,1171.8560877518912,1174.4320068359375,338201
2025-12-23,1175.0264730871945,1195.0395231563527,1171.1625338526162,1185.4293212890625,655798
2025-12-24,1185.4293298153218,1191.770137714999,1177.0079764484767,1181.1690673828125,393130
2025-12-26,1180.7728839558615,1198.804439546249,1178.4941163969117,1195.03955078125,510416
2025-12-29,1199.0023676301257,1200.7857611963557,1184.5374808335844,1195.1385498046875,770670
2025-12-30,1195.1385741189533,1207.423744479943,1187.9060701031244,1200.98388671875,1368744
2025-12-31,1204.7487722554604,1223.1766486955423,1197.0208945834074,1210.891357421875,1360567
2026-01-01,1213.6654884731718,1234.2730814701124,1203.1635908835306,1231.895263671875,644338
2026-01-02,1231.8953192629197,1231.8953192629197,1212.27847271827,1223.7711181640625,860507
2026-01-05,1224.563857103868,1235.5611296906595,1214.2600593607783,1232.787109375,741943
2026-01-06,1232.4897429787181,1244.0814389696247,1216.3405122787854,1242.397216796875,603708
2026-01-07,1262.1131727570498,1262.1131727570498,1225.554568474531,1236.155517578125,1553698
2026-01-08,1235.164637108983,1238.1368790729325,1219.2136294239538,1231.697021484375,680283
2026-01-09,1224.9600306530494,1234.9665545603973,1210.1978711556562,1218.222900390625,870444
2026-01-12,1215.6470134640736,1239.9203238388657,1211.8821251112392,1224.7618408203125,1078105
2026-01-13,1226.446251921098,1233.2824332878417,1217.925848321479,1227.932373046875,774177
2026-01-14,1217.6286412029333,1227.536115907595,1211.287833203779,1215.548095703125,785823
2026-01-15,1215.548095703125,1215.548095703125,1215.548095703125,1215.548095703125,0
2026-01-16,1223.5731220303405,1241.7038490570098,1216.7369403182756,1225.45556640625,895547
2026-01-19,1225.7526874075006,1235.8583838848745,1216.2415361482695,1220.7989501953125,488514
2026-01-20,1234.7684849388409,1252.7009879927343,1217.4304061136431,1222.8795166015625,1806384
2026-01-21,1223.5730634506008,1235.4620324881773,1202.668317081031,1211.188720703125,396761
2026-01-22,1218.7184049510913,1238.335252690863,1210.7924254103107,1234.4713134765625,1010238
2026-01-23,1241.9018624185726,1244.7750540586871,1224.1674598201187,1228.923095703125,863131
2026-01-27,1217.7275350326747,1217.7275350326747,1106.7638326221838,1163.038330078125,4434898
2026-01-28,1163.137359410279,1164.7225309419214,1135.8918079760517,1160.957763671875,1360639
2026-01-29,1163.1374008924986,1163.1374008924986,1131.82980849787,1144.6104736328125,1814669
2026-01-30,1149.5858612363434,1164.213105513874,1140.8293380099628,1148.3917236328125,1816812
2026-02-02,1149.2872109723698,1167.4967452393255,1126.599934325002,1164.3125,1430428
2026-02-03,1177.8452973923077,1181.2285050735768,1136.550558980442,1140.7298583984375,2098632
2026-02-04,1141.3268441469306,1152.2724372468574,1134.8589936787919,1149.9837646484375,2605761
2026-02-05,1149.2872171034473,1168.0937594948111,1149.2872171034473,1164.4119873046875,510890
2026-02-06,1167.1981892732242,1178.3427440283485,1150.2822734866556,1175.9547119140625,808406
2026-02-09,1176.750711461401,1194.263635713064,1163.8150108315926,1191.7760009765625,2516858
2026-02-10,1195.059680709137,1203.2190737393546,1177.1487113063356,1200.6319580078125,581843
2026-02-11,1200.6319625934766,1208.2939501916378,1191.3780345799394,1202.6220703125,638925
2026-02-12,1202.6221649119173,1204.6122727874845,1186.4028586059721,1198.343505859375,454443
2026-02-13,1190.0844347896505,1196.2537202295368,1185.1091654134395,1189.4874267578125,827685
2026-02-16,1169.188346027442,1213.9657720455143,1166.0042220972182,1197.845947265625,1597137
2026-02-17,1197.845911209085,1212.37367358656,1196.054765635661,1208.79150390625,469230
2026-02-18,1212.0751636820435,1213.4682634725737,1194.1641930034814,1211.57763671875,497543
2026-02-19,1213.9657868312975,1213.9657868312975,1178.143845580538,1182.7210693359375,376142
2026-02-20,1182.621584367145,1204.015243655234,1178.1438417254521,1199.935546875,576360
2026-02-23,1200.0350052011395,1221.4286640832493,1196.1542706920068,1216.8514404296875,806171
2026-02-24,1220.7321826725422,1231.7772567557859,1208.294008825074,1228.4935302734375,1187285
2026-02-25,1229.986044489278,1234.065740996884,1223.0206675121092,1231.2796630859375,762999
2026-02-26,1234.1653351159493,1234.2648162073501,1221.5280783781536,1233.0706787109375,393454
2026-02-27,1232.7723276272568,1232.7723276272568,1207.1993689650383,1211.4781494140625,1443913
2026-03-02,1184.1141037713915,1197.6468120926143,1155.9540307001294,1170.183349609375,1173402
2026-03-04,1147.1976332175864,1147.1976332175864,1117.146933406002,1131.873779296875,1760408
2026-03-05,1134.1624954948174,1139.3367272415248,1114.5598605828766,1126.799072265625,1925968
2026-03-06,1126.7990484741845,1126.8985295698012,1108.4900326187712,1111.0771484375,883212
2026-03-09,1094.5593005415478,1094.5593005415478,1063.0161401943762,1074.956787109375,954053
2026-03-10,1106.1019287109375,1117.843613718435,1087.1959039654528,1106.1019287109375,1489620
2026-03-11,1118.8386091590721,1118.8386091590721,1079.633461916893,1086.0018310546875,466035
2026-03-12,1090.7779816814398,1090.7779816814398,1039.930754244499,1047.09521484375,6037448
2026-03-13,1034.259037705366,1050.6774268926847,1020.2288021476925,1022.81591796875,1967118
2026-03-16,1022.2188909740339,1042.0203658474406,1014.457422188235,1035.9505615234375,2299410
2026-03-17,1043.811511403098,1043.811511403098,1024.3084798112761,1035.9505615234375,1198051
2026-03-18,1036.8462055456387,1056.548322145504,1032.268981714658,1048.587890625,1116339
2026-03-19,1024.9055122412149,1034.8560511950132,1014.4574463397267,1017.1441040039062,429295
2026-03-20,1024.009953449492,1031.373376669335,1007.890128710452,1012.5668334960938,1344957
2026-03-23,1005.0044016673362,1006.9945093934101,983.1132166805229,997.4420166015625,1771476
2026-03-24,1010.9747660339273,1022.7164506827487,994.1583307701728,1001.9197998046875,1683089
2026-03-25,1011.9698140165514,1043.8115387447024,1001.5217480901267,1034.4580078125,1999538
2026-03-27,1029.8807817679453,1030.8758356633732,1001.0242188005342,1003.7108764648438,2455222
2026-03-30,985.1033696203704,1000.1286593485445,976.4463884679615,979.9290771484375,2468801
2026-04-01,1005.0043995117677,1005.0043995117677,984.3570318980359,992.615966796875,1426320
2026-04-02,987.0934389476331,995.4519157481584,962.2668327468026,989.8795776367188,1737577
2026-04-06,994.0588415570736,1004.4571669112065,984.2575849801742,996.9942626953125,1358923
2026-04-07,1002.0192253472595,1039.4332257541084,997.4420019378878,1024.0596923828125,3823061
2026-04-08,1060.3293406243122,1088.3899316073441,1060.3293406243122,1069.8321533203125,3314700
2026-04-09,1058.140377455181,1074.558767362244,1052.1202525693066,1058.090576171875,1166333
2026-04-10,1046.1002066632018,1076.7975949796746,1046.1002066632018,1072.767578125,1236054
2026-04-13,1045.8015892750425,1067.6927738269462,1034.3584700774563,1054.6575927734375,1100920
2026-04-15,1064.6578451005448,1088.1412137266625,1064.6578451005448,1080.1309814453125,1045491
2026-04-16,1084.6086924809363,1086.84756363514,1069.3346402333418,1075.802490234375,949254
2026-04-17,1074.658232291195,1109.1865546865265,1063.9614026642225,1103.912841796875,1720077
2026-04-20,1109.4850722422418,1114.460341624494,1094.7085464702604,1099.3355712890625,1098054
2026-04-21,1107.4452238947497,1125.2070337359328,1095.6041792893534,1119.4854736328125,1862086
2026-04-22,1114.0622985250507,1142.1228907900017,1111.3757016386312,1133.9136962890625,1740658
2026-04-23,1133.3663387961567,1140.0829523052646,1114.7588803279084,1137.2967529296875,928509
2026-04-24,1137.5455776976894,1142.3218850370743,1078.5886337182062,1084.50927734375,3822222
2026-04-27,1094.5592558490648,1099.0867995394187,1078.5885926657431,1083.8624267578125,556276
2026-04-28,1082.817623483338,1099.7335400659415,1076.1508108285757,1086.598876953125,807880
2026-04-29,1099.0868511127965,1102.3207763386442,1078.6384445596657,1084.6585693359375,817956
2026-04-30,1079.7329921750304,1084.5092996124893,1037.8910474137313,1061.822021484375,1714183
2026-05-01,1061.822021484375,1061.822021484375,1061.822021484375,1061.822021484375,0
2026-05-04,1064.906639933197,1084.8077180217751,1062.9165321243393,1067.1953125,1005604
2026-05-05,1067.6928434990991,1104.70880029754,1060.130458090084,1096.0518798828125,2095690
2026-05-06,1116.4505054018987,1116.4505054018987,1078.1409292361473,1088.6884765625,1253944
2026-05-07,1059.4337667160305,1059.4337667160305,1028.8856626495099,1031.4727783203125,5882207
2026-05-08,1032.9653605531353,1044.6075632882744,1021.8208062014186,1037.244140625,2088081
2026-05-11,1037.3437037549572,1039.8313385361441,1001.9198087641635,1005.9000244140625,2528381
2026-05-12,1011.0999755859375,1045.9000244140625,1005.2999877929688,1030.199951171875,2855474
2026-05-13,1033.0,1043.800048828125,1014.9000244140625,1030.5,1588346
2026-05-14,1038.0,1038.0,1015.7000122070312,1033.300048828125,1836948
2026-05-15,1033.300048828125,1046.9000244140625,1027.9000244140625,1039.199951171875,1585449
2026-05-18,1035.5,1035.5,1001.5,1014.4000244140625,2367584
2026-05-19,1025.0,1036.199951171875,1019.2000122070312,1022.0,1636935
2026-05-20,1016.5999755859375,1025.199951171875,1006.0,1022.9000244140625,2356818
2026-05-21,1029.0,1032.699951171875,1012.0999755859375,1017.2999877929688,1956260
2026-05-22,1023.7999877929688,1030.0,1006.0,1027.5,1905091
2026-05-25,1040.9000244140625,1042.800048828125,1012.2999877929688,1020.4000244140625,3432340
2026-05-26,1018.0,1035.0,1016.0999755859375,1031.800048828125,1170017
2026-05-27,1027.0,1048.9000244140625,1023.5,1044.4000244140625,1227520
2026-05-28,1044.4000244140625,1044.4000244140625,1044.4000244140625,1044.4000244140625,0
2026-05-29,1044.9000244140625,1053.5999755859375,1024.0999755859375,1029.300048828125,3721352
2026-06-01,1036.300048828125,1036.300048828125,1006.2999877929688,1009.0,1859110
2026-06-02,998.5,1004.7000122070312,975.9000244140625,999.0999755859375,3217912
2026-06-03,999.2000122070312,1003.7999877929688,975.4000244140625,986.5,1265930
2026-06-04,980.5,1002.7000122070312,980.5,995.4000244140625,1081172
2026-06-05,1002.5,1002.5,985.5,998.0,645131
2026-06-08,986.0999755859375,1001.4000244140625,980.7999877929688,997.0,630285
2026-06-09,998.2000122070312,1016.2999877929688,995.5999755859375,1013.2000122070312,975781
2026-06-10,1018.0,1039.5,1010.0999755859375,1027.5999755859375,1601364
2026-06-11,1028.0,1028.0,1005.7999877929688,1008.9000244140625,525095
2026-06-12,1020.0,1037.699951171875,1013.0,1033.300048828125,985452
2026-06-15,1043.300048828125,1056.800048828125,1030.800048828125,1036.800048828125,1235465
2026-06-16,1038.5999755859375,1053.0,1023.7000122070312,1034.5,1049319
2026-06-17,1040.0,1041.300048828125,1015.0999755859375,1020.0,613139
2026-06-18,1020.0,1024.4000244140625,1005.0,1009.2000122070312,1196457
2026-06-19,1009.5999755859375,1014.5999755859375,994.7000122070312,1000.5999755859375,1412000
2026-06-22,1001.7999877929688,1021.2999877929688,1001.7999877929688,1019.5,1011588
2026-06-23,1019.0,1025.0,1010.4000244140625,1020.7000122070312,502034
2026-06-24,1024.0,1037.0,1016.9000244140625,1020.5,695634
2026-06-25,1021.0,1038.0,1020.0,1034.5999755859375,946405
2026-06-26,1034.5999755859375,1034.5999755859375,1034.5999755859375,1034.5999755859375,0
2026-06-29,1039.0,1044.5,1017.0,1021.9000244140625,783299
2026-06-30,1022.0,1027.199951171875,1006.5,1010.0,1035474
2026-07-01,1017.0,1045.0,1013.9000244140625,1043.5999755859375,1550546
2026-07-02,1050.0,1081.699951171875,1043.0,1077.199951171875,1748748
2026-07-03,1079.0,1098.5,1071.0999755859375,1076.9000244140625,520681
2026-07-06,1095.0,1118.0,1081.9000244140625,1100.5999755859375,3208588
2026-07-07,1100.5999755859375,1106.5999755859375,1087.4000244140625,1097.199951171875,723010
2026-07-08,1090.0,1100.0,1066.5999755859375,1075.199951171875,1018716
2026-07-09,1070.0,1096.800048828125,1066.800048828125,1087.4000244140625,346180
2026-07-10,1090.0,1099.4000244140625,1084.300048828125,1088.4000244140625,257565
2026-07-13,1076.800048828125,1079.699951171875,1067.199951171875,1068.699951171875,468745
2026-07-14,1047.5999755859375,1072.300048828125,1040.5,1061.5999755859375,668384
2026-07-15,1061.5999755859375,1065.0,1049.4000244140625,1052.699951171875,600220
2026-07-16,1058.9000244140625,1068.0,1051.9000244140625,1057.699951171875,384375
2026-07-17,1057.699951171875,1075.300048828125,1051.0,1071.9000244140625,328585
2026-07-20,1068.300048828125,1069.5,1055.800048828125,1064.800048828125,190080
2026-07-21,1064.9000244140625,1069.0,1038.0,1054.199951171875,474971
