date,open,high,low,close,volume
2021-07-23,795.6849914698129,811.1995251956031,793.9880608308093,803.1998291015625,5265839
2021-07-26,803.199712732661,811.2801927400319,797.7453887276857,808.2904052734375,2477027
2021-07-27,812.9241697249873,814.7126128217731,799.7954245371474,806.4207763671875,2883514
2021-07-28,808.8596092036374,809.6318971458666,794.4708404029551,799.185791015625,2952249
2021-07-29,801.1774480228642,820.2405307369203,801.1774480228642,819.1024169921875,4732101
2021-07-30,823.4921393598916,853.5296461118866,820.972094416923,833.20654296875,9330054
2021-08-02,840.563668437987,844.6282896586736,831.6621380412917,841.7017822265625,2536478
2021-08-03,837.3119245713592,847.8392532498328,832.4343793796814,844.9940185546875,3359006
2021-08-04,846.3353343032807,851.7412998854362,841.0513271935166,845.4004516601562,3122161
2021-08-05,845.4411550705337,872.2676532602717,840.3196929952925,862.634521484375,7896314
2021-08-06,862.6344113292371,869.8287696237381,847.8798193622046,853.5296020507812,11584782
2021-08-09,859.9111558011233,867.1867868290258,848.2863014352832,854.0174560546875,6321578
2021-08-10,855.6026864765552,871.698624690057,851.9445277220235,864.7073974609375,5871606
2021-08-11,870.6009392430076,877.1450172954403,859.3826473109805,867.3492431640625,5011239
2021-08-12,870.6418315089026,895.1515163603475,868.2030588716227,891.3713989257812,6540144
2021-08-13,893.403753859917,913.6861742744527,886.249980741448,910.0280151367188,7270809
2021-08-16,911.2473059493913,918.0758888038009,905.8820262901792,913.4422607421875,3159376
2021-08-17,909.8655089780613,936.4480934914012,904.4189559442206,929.1317749023438,5295838
2021-08-18,941.2851290551871,941.2851290551871,919.9051788579611,922.0594482421875,4871006
2021-08-20,900.3135175598916,927.3432461909222,900.0696006155223,908.32080078125,3467046
2021-08-23,917.7910943035426,957.7869109782247,915.3930084628189,945.5117797851562,9383780
2021-08-24,949.4547866736223,953.560093607355,934.8628368699559,937.2203369140625,3947317
2021-08-25,942.9106942817018,951.0399353752006,926.9774015852242,938.39892578125,3447912
2021-08-26,942.9108215302227,952.7471847340217,938.9274730100641,949.04833984375,4654833
2021-08-27,949.0481729910481,950.9179380597185,942.5854662793278,945.3900146484375,3050466
2021-08-30,946.2435939580968,951.4056418274986,938.5615013811178,945.755859375,2956868
2021-08-31,947.8696566234422,970.1438004766422,944.6586455934554,961.120361328125,7199002
2021-09-01,967.379701289607,967.7861633489724,944.414594935463,946.7720947265625,3200410
2021-09-02,952.7471793977164,960.8764215427481,938.1145435366593,953.3568725585938,5224479
2021-09-03,953.9663888655665,959.738129871745,941.569296892665,954.9825439453125,4533364
2021-09-06,955.185978081557,983.7195989417208,954.3730538448918,975.6310424804688,4331916
2021-09-07,986.8899694380201,987.66220772713,959.331819472664,961.0389404296875,3721585
2021-09-08,963.3150844829622,968.3145876795908,948.7231361879412,966.4042358398438,3118518
2021-09-09,969.0057505600131,979.5330803880485,961.68943197357,974.3304443359375,3388292
2021-09-13,969.0054286133656,987.7026810111067,956.3644204509025,982.33740234375,3723138
2021-09-14,988.5157158933642,1008.5136291148217,981.1993989171798,1006.928466796875,5593286
2021-09-15,1006.9283898358796,1047.8184098260426,1000.0998079999125,1035.0555419921875,6063895
2021-09-16,1046.3957705432058,1052.9805345658974,1020.3822016125218,1026.8043212890625,3616292
2021-09-17,1028.3489722729466,1041.3557576929998,1023.06496569605,1026.967041015625,4817180
2021-09-20,1022.6584940188274,1055.8258362211047,1016.155101370059,1037.4130859375,5453683
2021-09-21,1047.8591941724883,1068.995221362934,1038.1041046999749,1056.3948974609375,4645597
2021-09-22,1056.8012882756082,1080.0915826678456,1056.4760988016674,1069.401611328125,5367303
2021-09-23,1078.6284513501207,1086.4325037974866,1068.1011226885585,1079.8072509765625,3037295
2021-09-24,1089.3182253265977,1120.0061081669553,1086.8794531803442,1104.1134033203125,7951730
2021-09-27,1110.4544887513787,1112.0396512928535,1048.7129337006784,1052.8994140625,7653504
2021-09-28,1060.8254159490268,1060.8254159490268,1019.4069668384309,1031.600830078125,8572321
2021-09-29,1032.4136003788258,1057.9800234663012,1023.3088902107766,1041.518310546875,4639821
2021-09-30,1049.8507187059736,1049.8507187059736,1031.4786551272773,1040.177001953125,3589722
2021-10-01,1035.665145056428,1043.7943848135428,1024.8126298274565,1035.4619140625,3372796
2021-10-04,1041.7623707827079,1051.5987338360196,1035.4622081814077,1039.445556640625,2706626
2021-10-05,1032.413850479092,1067.8573297511173,1026.0730013101397,1060.9881591796875,3710314
2021-10-06,1066.5566605535003,1072.93809633579,1033.8771440319388,1036.84423828125,2861608
2021-10-07,1043.8354093059747,1071.3121890576303,1043.8354093059747,1061.9229736328125,2421641
2021-10-08,1061.923151887743,1087.692814909132,1051.9648282833805,1074.8079833984375,5197831
2021-10-11,1056.8015573731864,1077.0433916650413,1004.4899001299976,1059.1590576171875,5264998
2021-10-12,1062.451312183793,1064.1178465950989,1005.0182931278838,1016.4398193359375,12811641
2021-10-13,1026.7231930318192,1033.064041043392,1010.8304863360627,1028.633544921875,5705730
2021-10-14,1048.1844371714283,1051.3141753568325,1011.3183461715579,1017.090087890625,10360519
2021-10-18,1008.0258860216702,1034.4459193246576,987.7027834809107,992.905517578125,23861603
2021-10-19,999.8969436648617,1018.5942035870502,995.8323219426468,1001.6040649414062,10189780
2021-10-20,1007.2132129402648,1027.0485858102477,992.0928407283822,1002.25439453125,8222562
2021-10-21,1015.3671021604666,1015.3671021604666,974.4704662830027,992.255126953125,5998795
2021-10-22,986.1495186759398,1002.622887676123,972.0119087053104,978.5684814453125,3812305
2021-10-25,970.4138148733166,975.2902259850966,948.3673183272699,955.1287841796875,6690819
2021-10-26,958.8987731871334,968.7336323993092,945.1709488701382,956.2761840820312,5126660
2021-10-27,958.8988924127259,968.2010112317575,951.9325329379326,964.7588500976562,3536653
2021-10-28,969.7991155050695,971.1923472086588,939.8847520678407,944.146484375,4096585
2021-10-29,944.1465983606557,961.3576040599386,932.6725945611339,937.3851318359375,3558520
2021-11-01,937.1800801248131,976.4784964617074,937.1800801248131,974.6344604492188,4511112
2021-11-02,976.1097185964704,979.4699419511655,957.9561887075406,959.4314575195312,3016082
2021-11-03,962.9967476279901,973.4052682012241,960.2921209994812,964.1031494140625,2063067
2021-11-04,971.1923378719773,972.9544368063024,965.4553367199909,969.6351318359375,256369
2021-11-08,973.2003686725639,977.5851572746925,957.7105436819098,969.4303588867188,3808317
2021-11-09,973.6509898748675,976.1097044957637,959.2674693244835,961.1935424804688,3565461
2021-11-10,953.9813954886972,962.9966835903946,952.424189352967,958.2022094726562,2401325
2021-11-11,955.6205029755625,957.0957719005312,944.3513932706621,951.2767333984375,2861259
2021-11-12,957.9972859974101,965.5783234774274,953.1617934335156,960.8247680664062,3812518
2021-11-15,959.7182316136312,968.4056695508505,953.5714453308796,959.5952758789062,3619915
2021-11-16,959.636288195673,963.4062970820328,951.0717060038468,953.489501953125,3141207
2021-11-17,951.1128502457931,954.5960295767234,942.507348369377,944.5152587890625,3172985
2021-11-18,940.8681128399624,946.605113528011,912.5928951631516,918.083984375,5384530
2021-11-22,918.0839878931963,922.7145870467938,903.1678260652507,909.8063354492188,3961223
2021-11-23,905.6267437342962,917.9203194410966,893.3331680274957,911.85546875,4545069
2021-11-24,917.9203479317562,928.2879504420254,912.1423271520702,917.4695434570312,2675632
2021-11-25,915.0518237996292,926.9356137191049,910.5441793474143,921.8543090820312,3106454
2021-11-26,917.9202619884687,922.837691963407,904.2334552430383,909.7655639648438,2207274
2021-11-29,902.4303205306256,938.4095358441153,901.6107488836002,928.6976318359375,3661152
2021-11-30,928.574600756168,948.9819531207813,928.574600756168,933.2052001953125,7421904
2021-12-01,939.229158078898,953.1618768287594,938.5734607078143,947.99853515625,2918586
2021-12-02,952.2602989902892,972.3398039692373,944.9660914582514,970.9464721679688,4011279
2021-12-03,973.6511961254296,975.044428020927,958.6120751842508,960.0463256835938,2571036
2021-12-06,958.8170118618187,961.0708341779099,930.0909819603959,931.4843139648438,2493755
2021-12-07,942.5074111272612,946.6052694365102,927.2633982259289,942.2205810546875,2299958
2021-12-08,948.5722664018991,968.4058607043893,948.2854363278233,960.2101440429688,2525711
2021-12-09,966.9305682502245,966.9305682502245,946.6051535074204,957.7103881835938,1734844
2021-12-10,946.7692234699259,956.4402099122107,946.7692234699259,952.5062255859375,957733
2021-12-13,955.6203955474192,961.7261633738996,945.170858632128,949.96533203125,2225682
2021-12-14,947.424829376187,955.5386087371846,938.8193270332372,952.6290893554688,1972685
2021-12-15,949.2688094420731,952.3011843558824,936.1966823886866,941.6058349609375,1604301
2021-12-16,947.4248362642138,957.1777589995366,942.1386390904025,950.4982299804688,2121810
2021-12-17,960.5380487028649,969.4714003935621,954.8010467054928,960.0463256835938,6373455
2021-12-20,950.7030919391815,960.8247815727368,938.8193032899417,950.6211547851562,3091768
2021-12-21,957.9975818546606,995.7388065592135,954.8422501543498,987.5841064453125,6217986
2021-12-22,998.2380141393114,1004.794585660752,991.7633797528206,1002.1719970703125,3809814
2021-12-23,1007.9912259687351,1008.6468232833842,996.2713109646342,1005.9832153320312,2814281
2021-12-24,1034.4224853760131,1052.166233448468,1021.309337615548,1036.922119140625,15952929
2021-12-27,1039.217098860966,1046.593245461714,1027.7841116479628,1038.5614013671875,3372907
2021-12-28,1040.8559810886572,1056.4278422230545,1040.8559810886572,1052.248046875,3446067
2021-12-29,1051.5102369830804,1064.6233810140463,1046.6747451125918,1058.804443359375,2254162
2021-12-30,1058.8048628094368,1087.1210093916563,1051.2647419773707,1079.4171142578125,4518139
2021-12-31,1081.8346804623736,1089.5795932702604,1072.7783728539887,1081.0970458984375,2231508
2022-01-03,1078.842915206818,1098.143863892359,1076.9988793468751,1086.874755859375,2661272
2022-01-04,1089.6203983440657,1095.521273608418,1071.3849309780219,1092.857666015625,3367100
2022-01-05,1089.210846418737,1090.0304181617157,1067.0824093583112,1074.253662109375,3510253
2022-01-06,1057.2476674443355,1063.6403677772714,1046.5932335863695,1053.06787109375,4409632
2022-01-07,1063.4352437877367,1064.2137968439072,1050.8547388137802,1057.6982421875,3898684
2022-01-10,1069.417886548051,1069.417886548051,1049.0515541197192,1055.6900634765625,2529949
2022-01-11,1056.1410860186188,1104.7826461652626,1049.0517708394184,1101.217529296875,6772189
2022-01-12,1109.7000254495586,1112.2406775814698,1091.1777259791934,1108.183837890625,3162044
2022-01-13,1098.2260871188168,1114.1257982399104,1082.7771804546157,1093.5135498046875,4598005
2022-01-14,1081.8345602136576,1100.6436892537715,1059.7061260274693,1095.93115234375,5636243
2022-01-17,1043.3146373820755,1043.3146373820755,1019.0553382501346,1031.6357421875,11973283
2022-01-18,1040.8150678280558,1040.8150678280558,997.4187851874744,999.672607421875,7799487
2022-01-19,999.8775153845042,1000.2873012514651,976.1099351007742,982.8303833007812,8464215
2022-01-20,991.7560085110122,992.9130773649359,966.9621082982369,971.3836669921875,6172404
2022-01-21,971.383794032263,975.1028795505708,954.5652830323565,965.2679443359375,5514748
2022-01-24,960.7635989461304,962.4165255679732,918.2007384336781,929.6885986328125,5878438
2022-01-25,921.5065869304264,941.8789276170223,899.5226831504892,928.69677734375,4725254
2022-01-27,921.5067726795371,922.2918726244677,884.4811687230427,890.7210083007812,8304735
2022-01-28,891.7539999792115,910.9279103191948,890.3076890431934,892.9523315429688,7654724
2022-01-31,909.6469708623232,920.6388736648289,903.2005159205179,908.6138916015625,7572995
2022-02-01,922.9115719119882,939.2755864073075,910.1427536568829,936.2177124023438,6783774
2022-02-02,944.5650757388971,970.1440785810443,936.631046976345,967.747314453125,6982539
2022-02-03,960.3505297962369,967.6647111582324,951.2594318377527,956.0115966796875,4169794
2022-02-04,958.6976551970085,964.5655258402794,939.9782368384596,961.8382568359375,3625482
2022-02-07,956.218326294527,968.0780580466035,947.1272272545617,956.507568359375,3824483
2022-02-08,957.8298745291418,966.8383472473374,949.2347344655377,960.3092651367188,3267641
2022-02-09,968.6150371312268,982.6649139496832,963.656257077654,975.9705810546875,3772972
2022-02-10,979.317778088783,985.0617593247517,970.3506702606173,983.7807006835938,2053245
2022-02-11,974.4003626863652,974.4003626863652,957.0859945607191,961.7554321289062,3912397
2022-02-14,938.3249966965848,962.292430077783,936.8786860615126,947.4987182617188,3243813
2022-02-15,953.3256608437565,970.2681628353447,948.8627377027867,965.7639770507812,3000492
2022-02-16,973.5738065427092,977.4168812195473,958.6974665446032,965.1439208984375,1885868
2022-02-17,970.2679952551013,970.2679952551013,958.6975080885157,961.21826171875,1644055
2022-02-18,952.7883441774054,967.0448383311281,950.5155697471018,962.8298950195312,2166690
2022-02-21,952.9948509201954,966.54886978454,950.5980870726027,962.6231689453125,1706058
2022-02-22,935.5568026467557,953.8629917098016,935.5568026467557,950.061279296875,3254855
2022-02-23,955.3917438543474,957.8711341930698,948.8213998113936,952.912353515625,1937649
2022-02-24,914.0684272659652,937.9944999034899,902.497940844877,907.9113159179688,5469084
2022-02-25,922.0027069926438,942.9949011302823,921.5068490449297,933.6558227539062,3213276
2022-02-28,925.3083878186209,936.6309967514152,914.8949693207542,931.3828735351562,4571884
2022-03-02,929.482039083207,929.482039083207,916.5478673068241,921.9612426757812,3867328
2022-03-03,929.7713165707377,952.0858281684353,926.0522313044547,941.9202880859375,3969380
2022-03-04,932.2507049508578,954.4412268195666,927.8291459867974,940.88720703125,3522375
2022-03-07,918.2008728313269,959.8546499759825,917.7876411153812,953.904052734375,5249845
2022-03-08,955.3916843874434,974.8962003273667,954.5652209926445,971.3424682617188,3805165
2022-03-09,975.226901957109,987.6238541006317,959.6067220789397,977.4583129882812,3781326
2022-03-10,990.2684760110955,990.2684760110955,971.0945641209847,985.2684326171875,3834327
2022-03-11,975.2267595892373,997.6652598706737,972.1688855282322,986.3426513671875,2770879
2022-03-14,986.3428559694446,1003.9879329806878,973.2847927744975,994.1116333007812,5740660
2022-03-15,997.5413668846475,1003.5745903198857,965.3919190587568,972.6234741210938,3003066
2022-03-16,983.61578532413,994.1944600724463,979.3594771238504,991.3432006835938,1894018
2022-03-17,1004.1530595853852,1004.1530595853852,984.1526850906896,989.194091796875,6987787
2022-03-21,991.6734242652129,999.938058018758,962.9124584482187,965.3505859375,4046440
2022-03-22,966.9622615548358,976.6732073439549,960.5985331796066,972.2516479492188,4516870
2022-03-23,983.4913863246919,984.1938599947389,966.9621193276383,975.8052368164062,2338886
2022-03-24,966.1357055620175,986.797290368733,966.1357055620175,985.2269897460938,2351703
2022-03-25,990.9296629778698,990.9296629778698,971.4251460023411,974.6896362304688,2489854
2022-03-28,979.2766913330383,981.5081025878925,957.2100537735624,961.9622192382812,3406258
2022-03-29,964.4827342684844,971.0944411015159,961.7141022094804,965.0612182617188,2443230
2022-03-30,973.036544371911,976.8382553679198,960.4329790690055,962.9949951171875,3073672
2022-03-31,970.9292751953886,970.9292751953886,959.5240395387185,961.7968139648438,3006639
2022-04-01,959.5240447670801,970.2680693854884,952.1272374036819,966.6729736328125,2479745
2022-04-04,969.6069880897064,982.6237888892281,965.3094180216723,981.0535888671875,2282137
2022-04-05,983.4912988967976,994.2353214897878,978.6151453888067,987.9954833984375,2634464
2022-04-06,983.4915879423525,987.541279364153,964.8961587585684,967.3755493164062,2838968
2022-04-07,963.3257463020577,975.8466873460335,961.1769615781808,969.6895751953125,3391918
2022-04-08,974.4003866528914,975.2268500851669,960.805103546618,963.119140625,2656091
2022-04-11,962.0033356910978,962.0033356910978,935.3498927563573,936.7962036132812,5679058
2022-04-12,933.7384205270267,943.5732546026707,925.2671703971216,934.8541259765625,2906617
2022-04-13,938.0358890632441,944.7302219268083,928.1183290026635,929.8538818359375,1971580
2022-04-18,917.3745376451881,919.6473124006153,896.3823433631817,910.5562133789062,4391701
2022-04-19,922.2504719886107,922.2917346241068,875.0180713820196,884.5223999023438,3422431
2022-04-20,888.4481500924716,904.8121656767397,879.9355367648345,900.3492431640625,2573318
2022-04-21,904.9776237733277,913.2836231407089,893.4897597873646,908.44873046875,2547848
2022-04-22,898.0350962505288,937.9945808397074,893.4895476214535,910.8040161132812,9567571
2022-04-25,906.5477377866933,907.4568273635533,890.3490750711943,900.7211303710938,3565801
2022-04-26,912.4155802896445,914.894970453475,896.7541394427725,904.39892578125,3213714
2022-04-27,898.3657622068922,909.0271607949574,888.1175953401735,905.4733276367188,3288792
2022-04-28,917.5732739201945,926.2280811773012,901.8602927673327,917.993408203125,5202061
2022-04-29,919.2535773359683,924.7153216254416,902.7422837003503,906.859619140625,2988180
2022-05-02,901.6081002443351,909.1705167421907,892.365146746956,896.4824829101562,2584604
2022-05-04,904.0449472044227,904.1289535444726,870.3501990969203,878.03857421875,3385725
2022-05-05,889.8443306680282,903.4566391735917,879.8451151253798,900.8098754882812,2982126
2022-05-06,882.1978711433973,887.8696832128761,864.5941854735443,882.4498901367188,4075606
2022-05-09,877.2402929369941,909.9267573165424,868.9216144723623,904.212890625,4207192
2022-05-10,901.6080602481354,911.6912817979747,896.2303215738543,901.22998046875,2473518
2022-05-11,898.2470111529391,906.9018175838022,885.685038321303,891.4408569335938,2895668
2022-05-12,882.3659427769675,899.8855207147701,877.0302582471492,890.1804809570312,3195189
2022-05-13,899.0872728171354,905.8094206512822,878.1645671689862,884.0885009765625,2496626
2022-05-16,885.6430110527648,896.5244472471155,874.0472645662223,877.7025146484375,1415370
2022-05-17,889.1721244494096,912.5316307968884,878.3746942678849,909.9268188476562,2620776
2022-05-18,910.4728930368037,922.0685357599712,899.759470616885,902.1961669921875,2865869
2022-05-19,886.5671554457415,889.2560758297731,844.1336018622088,848.1669311523438,4729354
2022-05-20,864.6363757437853,869.2578529707929,854.3850887285108,864.5103149414062,2005622
2022-05-23,859.5947805020994,871.3585409390782,852.6625645303083,855.6455078125,2285466
2022-05-24,858.79642957923,859.0905543324296,829.3450282457226,833.3363037109375,3418456
2022-05-25,833.5463229865554,834.2185275059741,809.1785373347308,818.7996215820312,3904551
2022-05-26,820.9423268503215,828.5047433719723,814.2621819990127,824.0513305664062,4278059
2022-05-27,831.0255115881677,849.0492804131632,831.0255115881677,843.5455322265625,2795530
2022-05-30,856.2336548277991,885.0968590860846,853.418775691851,873.7952880859375,3562969
2022-05-31,878.0804790833121,878.7527348328719,857.4519000950446,874.5093383789062,5185485
2022-06-01,874.5095032767346,878.4587244775429,849.9736510827922,855.3093872070312,2554081
2022-06-02,849.8475987388173,881.3576681311614,846.4024670470355,873.6271362304688,3560227
2022-06-03,885.600923238956,898.7931999146567,874.0472316419347,876.4000244140625,3556955
2022-06-06,872.1988037274691,880.0552945954225,858.040298381716,871.6106567382812,1997494
2022-06-07,865.476567071185,868.6275739901334,851.3180631630777,859.5106811523438,1839248
2022-06-08,859.6787062798888,868.6696410286418,853.7128202746214,865.6445922851562,1665512
2022-06-09,861.2331690881296,866.9049815358478,850.0996626063062,864.3422241210938,1654005
2022-06-10,850.3516860996133,860.2248405577857,847.1586761916005,853.1665649414062,2260855
2022-06-13,836.9073725952637,841.9489832735485,825.5637485691232,833.3782348632812,1738804
2022-06-14,830.18528605216,841.0667734898858,821.9086617612508,837.6636962890625,2461791
2022-06-15,831.0255371605379,846.1503699905577,830.1852686699812,831.7817993164062,2408630
2022-06-16,846.1504205540116,846.1504205540116,808.0442627445229,810.817138671875,3198618
2022-06-17,800.2716768000163,809.3045624626274,793.2554046068112,805.6073608398438,4302066
2022-06-20,810.8589847241408,811.6992531020933,800.0195021341892,806.6996459960938,1305407
2022-06-21,816.4888205813668,840.1843998939596,809.7246701684768,829.0087890625,2128325
2022-06-22,821.7407376974635,822.6230095240369,805.9436973121037,807.750244140625,2575065
2022-06-23,808.4222410761865,821.3623954939874,805.4813015526787,816.1107177734375,2169033
2022-06-24,826.8241708307518,827.2863082300286,806.6577276397578,812.2875366210938,1922313
2022-06-27,828.6307695975325,845.9822826768846,826.9922358290048,833.8403930664062,3626024
2022-06-28,831.7819387756911,846.1505118589246,826.1941318622518,841.9071655273438,2702471
2022-06-29,827.7485217524852,840.4786107018787,827.6645154124973,829.8071899414062,3150015
2022-06-30,831.865880316032,837.3696291659888,815.018505825402,817.7913818359375,3741119
2022-07-01,810.4388942545788,824.6814542863756,810.1868239847774,819.5557861328125,2827579
2022-07-04,819.5558852849387,831.4457054271946,817.9594058591069,827.328369140625,2738846
2022-07-05,829.681123908659,842.4952183250687,822.1607106988938,825.2697143554688,2476050
2022-07-06,825.1435749082524,839.428137813996,823.5050412589402,829.0087890625,2998254
2022-07-07,837.7477478005208,841.0248156733873,827.6225219885014,831.7398071289062,2985141
2022-07-08,839.4282650582088,839.4282650582088,822.7489551807801,826.4461059570312,3141642
2022-07-11,819.2617815383188,822.748916302311,789.8523842523279,792.8353271484375,5787815
2022-07-12,785.6511404621056,797.0367697271253,776.7443138225736,779.6011962890625,5305354
2022-07-13,781.4496606106136,786.4912713242304,760.4429493038767,771.1563720703125,12874342
2022-07-14,778.2147499501854,779.3910951665493,749.7716283279028,758.7625122070312,4916497
2022-07-15,752.8804974314992,760.4429131423067,737.209471027516,742.0830688476562,5591590
2022-07-18,752.0402399509442,762.5435952575216,746.8725686257421,756.49365234375,5156225
2022-07-19,756.2387272417317,762.6115255050047,751.9901950662163,755.9838256835938,4636293
2022-07-20,768.6445276130302,780.7103710460934,760.572315354132,779.5208129882812,4827089
2022-07-21,782.5797933064218,787.635558043826,776.2494686450659,785.5112915039062,3498709
2022-07-22,789.7171561534931,791.8414221729914,772.3831246896012,781.9423217773438,3514659
2022-07-25,781.942450109098,791.9265020393146,776.63178418877,790.7794189453125,2120224
2022-07-26,788.9525070315707,789.9296902783366,774.167592778598,776.2069091796875,2780103
2022-07-27,775.0173013669381,789.6747389356557,774.1675948412153,788.9100341796875,1742497
2022-07-28,795.2403229091387,806.3714571577834,792.5212517749907,803.9072875976562,2843497
2022-07-29,813.1691497540381,820.5616069423781,804.799561172727,805.8616943359375,3617725
2022-08-01,810.6200320435364,812.7442983748873,803.142624929575,809.048095703125,2489519
2022-08-02,809.0480505359508,810.492510071052,799.6162774341227,808.1133422851562,2545241
2022-08-03,808.0708597622931,817.2476793430361,807.2636282366145,813.3390502929688,4119614
2022-08-04,819.9667552369771,824.1728126958194,803.652380408055,814.103759765625,3513266
2022-08-05,818.1825284099523,819.9244166155128,811.4698253403566,813.8065185546875,2565683
2022-08-08,813.8062126972712,822.515702313713,807.2634637837481,820.8587646484375,1746911
2022-08-10,820.8589648889584,821.666196447107,805.6067226383581,808.9630737304688,3271939
2022-08-11,819.9668310211197,822.9408039833725,814.6561650170969,817.715087890625,3594584
2022-08-12,819.1171118093324,819.1171118093324,810.6200463341319,812.6593627929688,3022304
2022-08-16,823.3656633235344,823.3656633235344,809.4729816995518,814.1888427734375,2784861
2022-08-17,818.2673544066251,835.17653439616,811.4697024489377,833.22216796875,4649125
2022-08-18,835.6439216469013,835.6439216469013,822.6008949142176,827.1893310546875,2829269
2022-08-19,828.0389556315527,838.7027614655993,821.4962054352875,824.2577514648438,2880969
2022-08-22,819.9668990279606,824.2154321835459,811.6397844154088,815.2510375976562,3616799
2022-08-23,807.17863036168,808.070811737262,797.8743346175489,804.5870361328125,3753715
2022-08-24,807.136181207536,810.4500052601686,802.2503690981973,806.4989013671875,1494361
2022-08-25,810.5351932725813,810.5351932725813,800.9759934707806,801.953125,3316314
2022-08-26,805.9890810838465,812.3194048096206,801.9105003023843,803.5249633789062,2195046
2022-08-29,775.4423124279979,783.4295761399438,764.8209786950811,779.6058959960938,4974880
2022-08-30,787.5929564756361,803.1850496273439,784.8738853692489,797.8319091796875,2998417
2022-09-01,779.4357348882618,791.0767239045786,778.5435534667778,786.8706665039062,2953921
2022-09-02,791.2468111616895,796.1750991619081,780.8803800744861,785.5112915039062,1750283
2022-09-05,786.8284331753723,800.6786425230173,783.8544596158541,795.3255004882812,2279812
2022-09-06,795.3253359357992,801.1883319134482,787.7204518917964,796.8547973632812,2108615
2022-09-07,787.6778781069577,792.3937385258198,784.3640022115595,791.6715087890625,2709547
2022-09-08,795.6651624098743,799.4888415400461,788.5276072887666,791.1192016601562,3214686
2022-09-09,797.8744431225703,809.7703347133221,793.8808120018521,805.9466552734375,2206526
2022-09-12,811.5972212555791,818.6922501095605,810.1951847218121,811.9370727539062,2517615
2022-09-13,811.469789003885,815.5483702411433,807.603634412963,811.8096923828125,2442828
2022-09-14,793.0309995865537,797.4070084394383,787.2954811924436,791.9263916015625,6761712
2022-09-15,795.7501264958389,795.9200781659359,778.586045055409,781.64501953125,2995215
2022-09-16,777.5663617058882,780.0305311875418,759.1277729920087,762.1017456054688,5095937
2022-09-19,762.9939317928578,770.8112416552766,754.1144888475552,762.866455078125,2686561
2022-09-20,766.6902582998218,782.4523054292218,766.4353566910559,776.6318359375,1836721
2022-09-21,772.3831562752669,776.4192618773653,763.7586151386282,765.5430297851562,1819649
2022-09-22,762.696486859909,768.8993854189049,756.0263119889457,762.739013671875,2315711
2022-09-23,761.761924730777,775.4421794886824,757.9382452424462,761.2095947265625,2569608
2022-09-26,757.3009182435204,779.5207639667855,749.4411331172903,770.4288940429688,4182702
2022-09-27,774.2950479312819,782.9620646015073,771.1935984622702,780.6678466796875,3545337
2022-09-28,775.7820287256319,787.6354446847973,774.8048455131178,782.4097290039062,4154139
2022-09-29,787.677945370344,791.0767714560844,778.8409768026308,784.3215942382812,2928360
2022-09-30,783.3444850422163,794.9429482711226,773.2754313608457,792.223876953125,3229901
2022-10-03,792.2238771613888,792.6487304342511,778.3311958835831,790.4395141601562,1598950
2022-10-04,800.8484756114872,808.0709817575854,796.2175642395349,803.8224487304688,2331351
2022-10-06,811.8945780050568,822.4734345272813,811.8945780050568,819.5844116210938,3713623
2022-10-07,819.9667630215289,826.7219399908357,811.4696981197513,813.763916015625,2174327
2022-10-10,800.5934259637343,821.7936122212941,800.5934259637343,818.479736328125,2758812
2022-10-11,822.6008890861374,825.914765370995,795.3253296165137,797.5345458984375,3134969
2022-10-12,801.5281362912399,819.032121422278,801.5281362912399,808.9205932617188,3502390
2022-10-13,825.957285264856,840.4022973792876,823.6205921286979,834.496826171875,9698562
2022-10-14,853.9550212504381,869.2497380489534,844.6082498735676,851.8732299804688,7424383
2022-10-17,854.5498767283499,855.4845331765529,842.1441301405526,845.1181030273438,2136170
2022-10-18,849.7064331186963,861.3049466755525,848.9416765841036,857.5237426757812,2487826
2022-10-19,863.7886726807836,863.7886726807836,853.0610438596115,854.4771118164062,2517099
2022-10-20,849.6283832546986,874.773940080883,847.9119622784266,873.1433715820312,3931399
2022-10-21,877.5201030693222,883.8708807578735,868.1655890866462,881.5536499023438,2071897
2022-10-24,888.2477090812102,891.5517979645219,883.9566573465185,885.3297729492188,398105
2022-10-25,889.1059403825956,890.1787033415515,876.1469847908107,880.9529418945312,3068136
2022-10-27,884.8149016494542,890.3503166948339,875.0312823664958,885.716064453125,3313674
2022-10-28,885.6303167774695,892.324400833278,880.0949007497251,883.9568481445312,2423629
2022-10-31,891.6807053873556,903.2665470839189,889.4493790500518,893.52587890625,2418565
2022-11-01,900.262765303267,911.2907486732151,896.8299234908618,909.7460327148438,2275488
2022-11-02,913.9509958038577,915.1525111482869,894.684216922179,897.0013427734375,2799322
2022-11-03,887.389490892701,900.4342461460899,886.6170806348811,896.9585571289062,2396164
2022-11-04,896.9585878193406,900.2626767865081,886.9174636481204,897.1301879882812,1709158
2022-11-07,899.4903068101385,906.0126849522835,891.3802603671179,898.675048828125,2213508
2022-11-09,910.4753951009104,910.9473479433778,900.4342709961451,904.0816650390625,2307691
2022-11-10,901.12093712703,911.7627672416947,898.5892583037166,903.2235107421875,2321667
2022-11-11,919.1434665550408,942.9158560447911,917.512845615283,936.00732421875,3923101
2022-11-14,939.740315403474,946.5630456516019,935.4922161564516,943.1731567382812,2170007
2022-11-15,938.4530094550029,949.2664388173098,934.505262832193,947.37841796875,2172420
2022-11-16,950.4679442262793,954.7160434717443,943.4735090567733,948.4940185546875,2213697
2022-11-17,939.8261298749017,944.5462867825358,934.6768677938462,937.6377563476562,2460883
2022-11-18,942.3580110107215,949.1807420710733,930.300112481956,946.73486328125,2623894
2022-11-21,943.0875533949167,949.4811798099688,937.6807852598873,940.1696166992188,1733741
2022-11-22,936.3931906816074,949.094744393007,933.7327598366776,946.94921875,2529146
2022-11-23,951.7122228202791,953.900700880944,943.8167303588108,946.94921875,2217599
2022-11-24,949.1807634862789,974.0688666879987,947.0352373481996,969.4345092773438,3295202
2022-11-25,974.2401985830353,976.2570764070266,961.7533027553295,968.2327270507812,1977441
2022-11-28,965.4866336941543,972.1377638373807,958.6209509656626,960.165771484375,2368293
2022-11-29,960.1659561568316,977.2872138492044,959.5222982772383,968.876708984375,1785948
2022-11-30,967.2031871590052,969.6920184421642,958.6210825701942,961.88232421875,6053488
2022-12-01,969.7778785482054,987.499946573195,968.4047626814272,975.2704467773438,3919684
2022-12-02,975.270412547027,978.7032544744984,964.4998290947768,974.5409545898438,2944923
2022-12-05,972.5668668797225,980.0332549258173,967.3746524228604,970.5071411132812,2646466
2022-12-06,962.5687830165732,965.4867193875695,950.0389318773683,962.0109252929688,2807894
2022-12-07,956.0463315272432,958.2776574886399,945.7478073097145,949.0948486328125,2399879
2022-12-08,955.83189406888,955.83189406888,943.0016896739526,945.1900634765625,1752350
2022-12-09,922.5761498964036,922.5761498964036,875.9753371731861,881.8111572265625,12415478
2022-12-12,879.6656817794158,891.8093801924807,868.8951514689521,882.5836181640625,4275785
2022-12-13,885.758897010549,898.4604523208861,884.9006866453103,896.5723266601562,2284909
2022-12-14,896.8298579929939,907.3858877000123,896.8298579929939,906.4417724609375,2425507
2022-12-15,902.4512016840564,902.6657542873038,890.0499983591483,894.5556030273438,1906369
2022-12-16,883.9567858181485,898.0743061722807,877.3914547574834,883.6564331054688,5159215
2022-12-19,883.6563741052133,890.3933049055903,878.2496065898969,886.7459106445312,3328172
2022-12-20,881.3820925439303,886.8317077041411,868.0798311666849,883.69921875,2629849
2022-12-21,888.2478283780658,903.9101693132346,888.2478283780658,892.8392333984375,2878658
2022-12-22,897.6880912542275,905.1116322729295,887.0462611894421,891.7664184570312,2623451
2022-12-23,883.527547193277,896.057397235555,881.467821419833,884.4715576171875,2177675
2022-12-26,884.8149440241865,894.0407060496569,883.0985231822385,885.4156494140625,1680715
2022-12-27,891.680650697739,893.1825189736977,884.2571094098828,889.4063720703125,554319
2022-12-28,883.9566456734092,891.0798333637343,880.9529094987907,888.6338500976562,1397806
2022-12-29,883.9568104005851,897.6881783291378,882.3261895066648,896.35791015625,1277244
2022-12-30,901.1209813874789,905.6265862944163,887.6471190943975,891.9381713867188,1860560
2023-01-02,891.7664197685973,894.6843561270739,885.2440415780112,892.0667724609375,701880
2023-01-03,891.6806141882902,897.5164868693035,886.9604569428276,893.6973876953125,2484372
2023-01-04,889.2776055201826,894.2552679181995,885.2440584046284,889.6209106445312,1219170
2023-01-05,894.0837348726542,900.9494188271011,886.6172407149793,896.0575561523438,2294943
2023-01-06,895.9716557664627,899.3186972720156,879.8802107993927,886.3597412109375,1887689
2023-01-09,896.786885304144,919.1433073743074,892.5817382956981,916.0966186523438,4562242
2023-01-10,910.5613232222524,920.516543880949,906.527775853598,913.0072021484375,2297082
2023-01-11,917.4269020134657,926.5239111465106,901.5929623072795,905.2403564453125,3594167
2023-01-12,910.5612104034682,922.1470504981401,910.5612104034682,919.701171875,4748542
2023-01-13,895.8858933700182,930.3001108350365,893.397062158001,924.979248046875,8253765
2023-01-16,932.874787573985,944.417676573381,925.6229509553342,938.624755859375,4508538
2023-01-17,942.2292217289148,956.0034358299579,939.7403906096011,953.5147094726562,4390338
2023-01-18,960.2944005355149,966.2160727259852,956.1321014147794,957.0332641601562,6905092
2023-01-19,954.6085541874394,964.134289506189,951.4910619523847,962.4456787109375,2298287
2023-01-20,962.1427914752378,971.1056229988562,958.6788870634067,959.328369140625,4747128
2023-01-23,962.0993985216993,972.4045347333672,959.6313879033086,970.9323120117188,1696834
2023-01-24,975.0024585359658,990.416768842655,970.9323076637187,985.350830078125,4861107
2023-01-25,982.752824398264,982.752824398264,967.0786802282951,972.2745361328125,2692236
2023-01-27,972.2745129524636,982.2765776141803,956.9034396014004,966.082763671875,3864525
2023-01-30,966.0827383237162,987.1692313382241,957.5962375306458,982.6661987304688,3508427
2023-01-31,983.7485434124126,985.2206600402332,963.831099311633,971.7980346679688,4582858
2023-02-01,984.6145798278508,984.6145798278508,965.0867813652283,980.3712768554688,2393911
2023-02-02,985.3073058393702,1000.6350351891894,982.8825313195413,995.5257568359375,3048359
2023-02-03,999.3362199644893,1001.6310773135037,986.0001695439432,992.538330078125,1814055
2023-02-06,983.0557520233286,995.7423194889626,976.8207681277671,992.1484985351562,2070175
2023-02-07,994.0104607839213,998.4702580133088,975.0023312002598,977.037353515625,1931191
2023-02-08,981.9303497243592,995.0065680757881,980.8911149479026,991.5426635742188,2848255
2023-02-09,990.6765863417336,997.6043946378296,985.4807301196615,992.7116088867188,1501083
2023-02-10,974.9157757480316,978.552832487454,952.573553748849,966.1260986328125,3185163
2023-02-13,970.9756623959605,970.9756623959605,956.9035513467437,963.8313598632812,2009185
2023-02-14,970.7591198875971,989.2910278856064,968.1611918236695,974.6126708984375,3938046
2023-02-15,974.2229169901419,982.5362647398008,969.5466258465989,981.0641479492188,1648954
2023-02-16,986.0002122106924,997.7342288157087,973.3569842687656,976.9508056640625,2369355
2023-02-17,971.3650891257446,971.3650891257446,959.1116151580425,960.8435668945312,1958807
2023-02-20,960.8435833751868,982.6227922671402,959.154866977178,966.1692504882812,1706036
2023-02-21,970.7589998142216,971.6683168081081,955.258009808115,957.0765380859375,1313278
2023-02-22,948.2435242457499,957.3796114436914,943.956986214642,946.1651611328125,2212194
2023-02-23,956.7301752523326,962.9218181017594,946.0786298587326,947.6806640625,2139983
2023-02-24,949.9756390085819,956.4704587830252,936.9859994596951,948.11376953125,1684570
2023-02-27,943.9138799227633,943.9138799227633,931.7902154099938,938.6746826171875,1834553
2023-02-28,938.2849384080721,949.8890372378047,924.9488876846467,933.1756591796875,20793703
2023-03-01,932.9590145252491,956.0372909236823,932.9590145252491,953.5259399414062,1655100
2023-03-02,944.1733942767329,967.2949043161644,944.1733942767329,957.725830078125,4074162
2023-03-03,965.5631349510759,978.2929384821462,962.142572407202,969.0270385742188,3253621
2023-03-06,977.6869165039893,994.1404607144196,972.7508955248452,975.6951293945312,4091674
2023-03-08,962.9652803565,973.3569920150234,958.895235574228,970.4559936523438,3209393
2023-03-09,971.5816132125408,975.6949987142195,964.7404882092862,966.9920043945312,1834324
2023-03-10,956.9033946327556,968.2909991588372,956.9033946327556,966.68896484375,1193681
2023-03-13,970.7156861055671,981.670302871027,948.2436527825109,951.3611450195312,3028387
2023-03-14,951.3180667578434,955.5180296117512,923.1305030168216,938.7614135742188,3683544
2023-03-15,948.2871019209829,950.755112485273,931.3572281079311,934.9510498046875,1528510
2023-03-16,938.6747510536172,941.792349580741,926.2913562529968,928.6727905273438,1812907
2023-03-17,942.35473869427,967.3814582099653,938.7610240147758,959.8907470703125,5350523
2023-03-20,956.9034839361462,959.7612470318859,940.6664338693565,944.64990234375,2066169
2023-03-21,951.7076251654267,954.6519647110244,932.7427296002109,938.6314086914062,2421127
2023-03-22,945.6024526060952,957.5529637114388,934.431446754098,936.5097045898438,1382329
2023-03-23,932.6561355304538,935.6004750204526,918.8005197751268,923.0438232421875,2178855
2023-03-24,929.1920869073308,943.9136763550705,906.7200558872582,910.7901000976562,2688253
2023-03-27,912.1325294953326,922.6973940223044,904.7717337663889,910.57373046875,1459887
2023-03-28,915.1635140992973,921.2253463312308,900.0521688951417,901.567626953125,2965015
2023-03-29,905.8107786656542,926.5941999734704,902.4334515611447,924.4292602539062,2478745
2023-03-31,938.198441578582,949.8891178531749,926.074777293819,939.8004760742188,3131614
2023-04-03,943.8704304709904,951.9240489709645,942.1818196774249,950.9714965820312,1540702
2023-04-05,939.8869435150715,963.8311988421336,923.2602481370852,962.2723999023438,3342291
2023-04-06,960.4106576861841,960.4106576861841,939.9735409524109,945.5158081054688,2378264
2023-04-10,945.5158271282921,956.9034321002547,945.2127566854551,955.258056640625,711625
2023-04-11,956.0373860826817,961.1466649944972,939.5838441120559,941.3157958984375,2318905
2023-04-12,945.6456681935958,950.3651944917187,935.3405340007788,947.8106079101562,2715967
2023-04-13,943.0476735346523,943.0476735346523,920.5323020820343,928.1961669921875,3071057
2023-04-17,913.6045530752888,913.6045530752888,880.0479877372154,902.52001953125,9509446
2023-04-18,908.8851612028584,923.4768357912104,905.118081001239,921.2685546875,3686404
2023-04-19,930.01491279315,930.01491279315,897.5408117499053,899.4892578125,4322881
2023-04-20,900.6150131777108,906.849997908035,893.5572878459132,898.4500732421875,3057560
2023-04-21,912.7385769204183,930.058094509041,898.6664688796623,908.3653564453125,7708194
2023-04-24,915.336507956545,916.9818832755612,905.810773247442,912.7819213867188,2033625
2023-04-25,909.66427950935,916.8952623465917,904.4251890994828,912.26220703125,1237595
2023-04-26,913.6046340319483,923.9963455090889,907.5428023369495,922.74072265625,1647101
2023-04-27,922.7405549365553,930.9239839533802,918.8003227670106,927.6765747070312,1654910
2023-04-28,933.5778538030751,941.3287204258247,928.1170892619535,937.2330932617188,2629188
2023-05-02,937.2330500133947,946.6574109853232,937.1449939796715,940.2717895507812,1905168
2023-05-03,935.383612963258,937.1451640234525,929.2181842525774,932.6972045898438,1649820
2023-05-04,930.1429312641081,940.6240728161159,923.3169217153221,939.6112670898438,1403672
2023-05-05,939.6112995646188,942.3856562380777,926.6638358501583,929.7025756835938,1641673
2023-05-08,931.860317179693,949.0354364471825,929.2179911385407,947.4940795898438,1389075
2023-05-09,943.310546592168,953.5275207382244,938.9507509380634,950.3567504882812,2981949
2023-05-10,954.8928721149749,958.9885000891095,944.2794833076161,949.7403564453125,2091411
2023-05-11,953.1313155120371,962.3353773174958,951.2817082971303,958.3718872070312,2653108
2023-05-12,956.5220989051446,971.8476126008535,948.9914261143347,964.8894653320312,1585037
2023-05-15,967.9280271436118,974.0934545889473,962.5113447584275,968.6326904296875,1523466
2023-05-16,969.029171530708,973.5212126376882,958.3718093802247,960.6618041992188,1166324
2023-05-17,960.4856425245669,963.5242748656918,936.0000416434151,946.4373168945312,3602382
2023-05-18,952.9548780438885,955.6412859557199,945.0719814105876,951.1493530273438,1515743
2023-05-19,958.8121508579495,972.3761145386989,953.3953602383261,964.7573852539062,1984436
2023-05-22,964.7574259522803,988.142058569474,959.1204412283433,986.33642578125,1864932
2023-05-23,986.4683674899087,996.4651459607213,972.3759622400529,975.3265380859375,2138096
2023-05-24,968.0162570560002,982.0645818343734,967.0913998691856,979.378173828125,1302744
2023-05-25,976.9562396329684,984.9273017144972,971.5395557776253,982.945556640625,1124803
2023-05-26,982.0646706941013,1004.3923078473814,981.1838952046896,1003.37939453125,1635167
2023-05-29,1009.3685328040946,1011.0860016988547,990.343807092243,991.9291381835938,1288914
2023-05-30,994.3954209848742,1007.6070519102713,993.5587273662103,1000.4287109375,1983735
2023-05-31,999.5039447900565,1015.842263588286,997.1257867528099,1008.5758666992188,5967930
2023-06-01,1011.130277424262,1017.4278437738973,1002.0142724716981,1005.757568359375,1445692
2023-06-02,1011.1299805877024,1013.8603623420851,996.6852450760048,1001.4855346679688,1336554
2023-06-05,1007.60741468537,1011.5709053899891,1000.5612089882695,1002.5870361328125,1435758
2023-06-06,995.2761367676417,997.3019630614764,980.9635374557176,994.0430297851562,1943605
2023-06-07,998.6232586264239,998.6232586264239,983.1215245316038,994.4395751953125,2459039
2023-06-08,994.4397062241886,996.3773694830828,984.9713687904267,992.4138793945312,1385218
2023-06-09,994.483535144358,996.1570299960225,974.0935620544836,977.4405517578125,1824218
2023-06-12,980.2590475628807,1004.9207615086518,978.9819660973052,1003.7758178710938,1670970
2023-06-13,1008.4437012138533,1008.4437012138533,994.659652900638,996.4212036132812,2014656
2023-06-14,1002.3223995401124,1002.6747312014286,991.7971765761573,1000.4287109375,836964
2023-06-15,1004.0839906959278,1010.2494187089729,1001.0453584675398,1007.2547607421875,2109652
2023-06-16,1012.8917131455976,1016.6350086072225,997.4340618209815,1011.3062744140625,2909817
2023-06-19,1011.3062583022473,1016.326742527771,1000.0763720962833,1001.9260864257812,1278608
2023-06-20,997.9185714311081,1031.167844221509,997.4781837120299,1029.3182373046875,3504867
2023-06-21,1034.911258232146,1035.5277581027726,1023.1529262908601,1030.9036865234375,2019683
2023-06-22,1030.6394483509903,1030.903616484792,1020.6866424307497,1024.6942138671875,972005
2023-06-23,1023.3729535972627,1030.9916822721086,1013.7724802824208,1026.2354736328125,1699790
2023-06-26,1028.0849819534594,1035.747684153959,1024.3857686531876,1028.30517578125,1190307
2023-06-27,1027.8648759890825,1034.4266096115366,1021.8755603546006,1030.5072021484375,1504039
2023-06-28,1033.5458552796372,1033.9862429818343,1027.4245092257097,1030.7274169921875,1424076
2023-06-30,1030.8155124648054,1051.64587307893,1026.103385374333,1046.317138671875,3036648
2023-07-03,1048.122532521005,1052.5264087080682,1034.4705163411097,1040.7239990234375,1749952
2023-07-04,1041.0767188245734,1050.765250048829,1038.0380861290398,1048.6513671875,1094468
2023-07-05,1051.6456785701223,1059.2203244334053,1046.0086953056398,1052.350341796875,1653610
2023-07-06,1052.350444029781,1055.1688821775692,1034.8669671056903,1039.887451171875,2334220
2023-07-07,1037.6855485837548,1041.9132059513465,1016.2386893126182,1019.5855712890625,2159585
2023-07-10,1021.6995986931692,1023.3730936770958,986.4685780485771,990.4320678710938,3960400
2023-07-11,996.8177311203523,996.8177311203523,979.4224139658332,981.9766845703125,4982603
2023-07-12,986.2041503181097,990.4319151501721,971.0107750078914,978.1451416015625,3824027
2023-07-13,968.852833059387,990.3437719505531,957.4468358949763,976.6036987304688,12294227
2023-07-14,981.3597797535931,1019.1450609916047,979.0258112610475,1013.728271484375,6605038
2023-07-17,1014.6092023502191,1032.2687925328412,1007.2988308720637,1016.1946411132812,3159479
2023-07-18,1020.7747396994328,1030.5073521429554,1009.7210715004743,1028.0411376953125,2431478
2023-07-19,1026.103227175343,1034.822924171381,1019.0570247569714,1029.67041015625,2242397
2023-07-20,1030.5143323299164,1033.0018240959564,1019.8538392368483,1026.783203125,1990001
2023-07-21,986.0956583917775,1012.6580766444939,972.7700413864833,990.937255859375,5259150
2023-07-24,994.9794342953185,1001.8198745284378,986.9840638411596,988.6719970703125,2672505
2023-07-25,993.6469995062498,994.0911868104546,981.7427580647266,987.4728393554688,2506726
2023-07-26,986.2735996383723,995.7348123721746,986.1847838526082,990.537841796875,1969964
2023-07-27,990.5375857160634,997.3780261141985,985.1628765145609,992.625244140625,1769815
2023-07-28,989.6937165202716,993.6469399129364,974.9466121497854,980.3657836914062,2031899
2023-07-31,984.3192177617724,994.5355273324045,973.6587208185041,992.0480346679688,2526624
2023-08-01,994.9793793917436,1014.5236172012242,987.7835680689003,1011.414306640625,2710536
2023-08-02,1010.0817209938373,1010.0817209938373,996.3119174094886,1004.6626586914062,2701150
2023-08-03,1000.3095436316498,1008.7935622683476,990.5818876285174,999.8653564453125,1608187
2023-08-04,1004.2630215862282,1023.7184469839464,1000.3097980002166,1016.6114501953125,3315303
2023-08-07,1025.6728350804024,1026.7388411159695,1015.5453439658982,1022.3414306640625,1655404
2023-08-08,1025.9839313271757,1027.7606806728131,1010.0820029948859,1013.9464111328125,1667697
2023-08-09,1013.5909131904206,1018.0772481064246,999.4213823034272,1016.4337768554688,1559337
2023-08-10,1012.7470414389036,1017.0112828857859,1002.6640114432352,1007.683349609375,1676669
2023-08-11,1030.5145553835255,1054.4562079261914,1025.4508634459457,1040.6864013671875,7391806
2023-08-14,1039.9755896493652,1045.6167458160426,1025.1841331110563,1040.2864990234375,1720940
2023-08-16,1044.5062540877195,1053.8341857636037,1039.4869167828192,1045.75,2567226
2023-08-17,1045.4836196748608,1049.1259338228729,1034.0235657188812,1045.350341796875,2331256
2023-08-18,1042.0634838454698,1046.3720792893296,1029.3153290695282,1042.685302734375,3406088
2023-08-21,1042.0186765925823,1056.1883128969907,1038.4651791034473,1047.615478515625,1661946
2023-08-22,1050.058827230818,1054.5007004424544,1044.8618572620376,1047.837890625,1805887
2023-08-23,1059.7862774231219,1061.607488458807,1047.0825876067986,1050.5028076171875,2347850
2023-08-24,1056.232852776328,1056.2773148804363,1038.5098243021278,1040.5086669921875,2464221
2023-08-25,1034.9563526812944,1040.1089684585731,1021.630734406428,1025.1397705078125,2105159
2023-08-28,1026.0726972424002,1030.2480146240741,1012.1252589346082,1018.47705078125,2571967
2023-08-29,1025.0954238707116,1033.4461664023459,1020.1205480361718,1028.3380126953125,1794652
2023-08-30,1035.8448433662163,1043.9734931140565,1031.9804353220804,1039.842529296875,1497356
2023-08-31,1047.8380043204443,1055.4780053846014,1035.7561295626863,1041.3084716796875,4483967
2023-09-01,1042.0634536035036,1055.3890732148016,1040.3755200972385,1053.4346923828125,1669640
2023-09-04,1053.6124492900608,1097.1428118661256,1052.7240745436104,1094.921875,4517935
2023-09-05,1098.6973538638952,1103.0947650256453,1088.4365832275823,1097.63134765625,2842400
2023-09-06,1101.4512034048375,1103.716601965782,1086.2155576402247,1097.897705078125,1767709
2023-09-07,1099.8076146565365,1116.686729905708,1092.9671744858488,1114.0216064453125,2582004
2023-09-08,1118.4635100651783,1127.8359045398913,1114.2881932384664,1121.173095703125,2280777
2023-09-11,1134.054587163999,1140.9394899992535,1128.591061934933,1138.4964599609375,2691836
2023-09-12,1141.5612168232,1147.557744615851,1124.237914311097,1139.25146484375,2140769
2023-09-13,1138.8961864861055,1139.2515579991143,1124.7710092862524,1132.899658203125,2275523
2023-09-14,1137.8747185860282,1146.6251877366408,1133.2107513873373,1140.3177490234375,2655172
2023-09-15,1149.5565192762276,1163.7705102410034,1146.935858069755,1158.9732666015625,4286280
2023-09-18,1156.6638554014007,1164.92578346051,1145.7368032515049,1159.3289794921875,2761885
2023-09-20,1138.4520026505509,1158.4404303209662,1138.4520026505509,1149.023681640625,2220756
2023-09-21,1140.67314384353,1141.5615185661495,1118.7303315724985,1135.3428955078125,3112700
2023-09-22,1130.4122368080696,1140.3176354657983,1123.8827050689763,1131.522705078125,1321467
2023-09-25,1128.2356445519508,1137.1193897846435,1116.3314042513118,1122.416748046875,1246703
2023-09-26,1122.9055354091497,1127.3029464620797,1116.7757287564527,1120.64013671875,903152
2023-09-27,1118.0195931034675,1126.148243538348,1113.4000879041528,1120.329345703125,1670373
2023-09-28,1120.3290862857443,1124.682143125694,1100.2963059118865,1103.2723388671875,1807072
2023-09-29,1097.2314131256433,1110.2016601990904,1090.2576944183184,1096.9649658203125,2338327
2023-10-03,1094.9215648691343,1116.420184266186,1086.2154514422098,1100.429443359375,2162636
2023-10-04,1096.2542918858574,1105.848781254098,1088.2589202270465,1101.184814453125,2253785
2023-10-05,1109.5798776302995,1113.9772885314724,1090.7463794501093,1097.5423583984375,2995200
2023-10-06,1112.2450606248713,1115.7985592211169,1092.7896341215926,1099.541259765625,2497711
2023-10-09,1098.0308002863808,1125.259498373897,1093.7222059708497,1110.1126708984375,3430211
2023-10-10,1115.3988303366355,1123.5718337034398,1108.8691899321823,1120.951171875,1532394
2023-10-11,1124.6820647484235,1132.188785547008,1102.4727032802477,1106.5592041015625,2186131
2023-10-12,1106.026273920295,1109.180046834035,1079.508316270555,1087.1483154296875,3921609
2023-10-13,1075.8217920240336,1125.1265892637807,1073.6453173253565,1115.7098388671875,5740821
2023-10-16,1122.0172662264456,1136.4978174738649,1119.6186978710916,1128.8133544921875,2527113
2023-10-17,1136.1421798028337,1136.23099556479,1129.1239995018357,1134.5875244140625,1687345
2023-10-18,1135.3425934776208,1138.451904179633,1125.9258456117852,1127.7469482421875,1743126
2023-10-19,1125.3928067708391,1132.4553403342725,1123.7048736118115,1125.88134765625,2279726
2023-10-20,1122.8769670696267,1131.2626477630074,1117.002447131701,1128.7962646484375,1625449
2023-10-23,1119.2895214782643,1130.500354025122,1105.2087595917258,1109.110107421875,1646367
2023-10-25,1104.2223306927767,1123.6844054182386,1098.930904299627,1102.249267578125,1420065
2023-10-26,1089.6929725636132,1110.500234914075,1087.0472597558783,1104.7603759765625,4617424
2023-10-27,1109.423867744167,1139.0204624374228,1106.2399478560676,1137.8544921875,2675348
2023-10-30,1139.0205612831094,1143.3255646771229,1126.4644291114844,1134.31201171875,1158770
2023-10-31,1140.8143888371865,1147.8547702054714,1127.092285179139,1144.40185546875,2525870
2023-11-01,1147.9893163383501,1153.3256291336995,1125.8367537919505,1129.1102294921875,1572719
2023-11-02,1135.433111576424,1143.5049109478202,1134.536244979602,1142.0699462890625,1368604
2023-11-03,1150.3210958581922,1154.5364346274737,1132.7425321407638,1135.6573486328125,2052536
2023-11-06,1144.6259847970202,1147.5408012127618,1134.6707875501827,1138.75146484375,1175823
2023-11-07,1138.1235430757447,1145.9262375220176,1136.419474897602,1142.56298828125,1385282
2023-11-08,1147.9893677063194,1148.706904853455,1135.343569223839,1136.9130859375,937671
2023-11-09,1136.9131163569127,1144.2226020008384,1131.6664679555968,1136.778564453125,1483749
2023-11-10,1132.114570067689,1139.91726443477,1121.6660539695959,1125.970947265625,1469902
2023-11-13,1130.0522298306157,1133.2809285911112,1124.0432657341603,1130.9490966796875,730991
2023-11-15,1143.5050113703762,1150.6799447750532,1137.585713207677,1144.98486328125,2410620
2023-11-16,1151.3973009929277,1182.0252055670535,1146.19543129957,1175.8369140625,3936945
2023-11-17,1177.944617630974,1189.0208982757983,1171.6665514134138,1174.1329345703125,2882039
2023-11-20,1179.3347094518642,1194.3572252257263,1178.4827299614826,1188.70703125,2831858
2023-11-21,1197.8550024806386,1198.2137710148243,1185.4783091571305,1189.783203125,1514256
2023-11-22,1189.7833337789398,1197.9896859211622,1184.222804071194,1192.5635986328125,1535630
2023-11-23,1196.3751146648726,1197.5410849956572,1188.9759654784175,1191.9356689453125,1307344
2023-11-24,1191.8460499698579,1195.209299729265,1170.9939014615325,1174.1329345703125,1795933
2023-11-28,1174.1331185677063,1183.7744360555564,1161.7115360725436,1180.859619140625,2152951
2023-11-29,1187.4512222954509,1200.7248900227842,1185.2090560902102,1196.375,1835524
2023-11-30,1199.1105969392024,1207.8999330651009,1192.5634272249329,1202.6083984375,4104385
2023-12-01,1207.1827018315387,1209.873302207092,1191.0390995782195,1198.841796875,1854324
2023-12-04,1210.7699330120945,1210.7699330120945,1193.7294672882206,1199.962646484375,1547057
2023-12-05,1208.079303405702,1208.079303405702,1173.3706099732199,1181.6666259765625,3932040
2023-12-06,1188.3480468658904,1201.7561565080323,1183.4601685031644,1192.4288330078125,2077245
2023-12-07,1193.7295404457184,1199.1107404777804,1188.6622218527014,1191.0389404296875,1985003
2023-12-08,1195.523479228583,1228.662664661686,1191.936011924071,1223.416015625,4509751
2023-12-11,1228.79679968699,1240.366399714977,1225.164555961974,1233.4605712890625,2824656
2023-12-12,1234.9852005838925,1243.9538658023666,1228.7071349309606,1233.4605712890625,2730422
2023-12-13,1237.0929642850756,1240.1872198472763,1217.0929041230827,1227.98974609375,1896931
2023-12-14,1247.5416088826044,1272.8780937502777,1239.469808393788,1268.7076416015625,5145574
2023-12-15,1275.3442937676448,1342.6092881646725,1275.3442937676448,1337.4971923828125,7374290
2023-12-18,1336.1968267496413,1354.1790478184303,1328.259578376636,1349.1566162109375,3075527
2023-12-19,1346.6452362724422,1349.470388034906,1325.2997668235937,1334.806640625,2590417
2023-12-20,1331.8468765444763,1348.0353621695358,1287.0035473678945,1291.4429931640625,4368383
2023-12-21,1274.5820803335043,1297.8109488071018,1273.640326544804,1275.3892822265625,2841508
2023-12-22,1283.4161728189206,1316.0172535656466,1276.2412396375428,1311.8468017578125,2303438
2023-12-26,1311.846790805615,1316.0172425786313,1293.4162470382973,1307.76611328125,1363265
2023-12-27,1314.3131367037345,1323.775123281019,1307.2279780323215,1320.2325439453125,1402329
2023-12-28,1318.9320052031296,1329.784069209258,1317.0037201094588,1320.5911865234375,1928616
2023-12-29,1321.9364991732134,1329.0217673052864,1307.2279743187278,1314.8961181640625,1481617
2024-01-01,1309.4250078980624,1341.4879832626896,1304.9855627937286,1330.7255859375,1222315
2024-01-02,1330.9946756019074,1335.2547911647898,1310.6357418550415,1317.9901123046875,1440888
2024-01-03,1309.425252809294,1313.9095858668602,1287.4520208272204,1289.469970703125,1651716
2024-01-04,1288.797357256519,1295.792960816825,1270.994576409781,1273.5057373046875,3392241
2024-01-05,1278.035035660922,1290.456617444695,1275.2547708128366,1285.0306396484375,1776925
2024-01-08,1287.0037615090619,1302.7885941094585,1283.0127483406056,1298.5733642578125,2025264
2024-01-09,1309.9635092391663,1328.2147250936594,1302.5643587997124,1309.7841796875,3119270
2024-01-10,1322.7885382546506,1352.4748001007586,1314.8512909327094,1338.214599609375,4368914
2024-01-11,1345.2998080648288,1345.2998080648288,1321.9812780583718,1331.66748046875,2271368
2024-01-12,1349.7843412663717,1394.627674863261,1343.954707898776,1381.8922119140625,5862043
2024-01-15,1443.9551773970231,1452.56507457106,1413.0132807385155,1424.4034423828125,9712071
2024-01-16,1423.3271887860271,1423.3271887860271,1379.3807286407748,1395.031005859375,4459799
2024-01-17,1363.2372064171848,1421.533534323183,1360.1430604975646,1413.3720703125,3846289
2024-01-18,1414.358523662195,1420.8159189126027,1378.528749432753,1405.8831787109375,3205598
2024-01-19,1418.9428918477006,1437.0185974763335,1408.142701864733,1417.090087890625,2374099
2024-01-23,1408.9111717516448,1417.045240869086,1371.0877724206177,1377.052734375,3196630
2024-01-24,1382.8821061878912,1429.0655209921235,1377.0978571959367,1424.7274169921875,2136023
2024-01-25,1418.9430226727543,1418.9430226727543,1388.8921592944937,1401.09326171875,2641656
2024-01-29,1414.4238607817801,1435.7531697802578,1401.0930288670638,1423.0550537109375,2521598
2024-01-30,1427.9806488068612,1439.2327306752331,1405.3860182877652,1409.2723388671875,1939386
2024-01-31,1409.2725513242374,1429.155829178576,1397.5684647556716,1424.36572265625,7025931
2024-02-01,1424.3657818981044,1443.3452751848176,1415.6442307750892,1425.631103515625,2845408
2024-02-02,1432.3190138297282,1458.6191444768338,1423.461873597203,1431.3699951171875,2337374
2024-02-05,1432.4544144089232,1435.6628962360337,1402.177607972721,1405.702392578125,1452864
2024-02-06,1415.327761890156,1470.4586644925184,1408.1427129762185,1467.5213623046875,4988311
2024-02-07,1471.3625945906078,1473.0798088729546,1445.1075852437198,1459.9296875,3320199
2024-02-08,1469.5550440859258,1489.1671429180583,1461.6921553233612,1476.6046142578125,3496692
2024-02-09,1482.208006887323,1488.3085581351825,1459.2970698215458,1473.71240234375,3341297
2024-02-12,1481.304065041484,1522.8781876723006,1481.304065041484,1506.5648193359375,4885445
2024-02-13,1513.8404529412562,1513.8404529412562,1489.9804977671402,1505.3448486328125,3129897
2024-02-14,1491.0199142944446,1515.557709157271,1469.0578856712825,1510.67724609375,1386643
2024-02-15,1516.5518184441405,1533.2718474317546,1491.3361850950448,1502.58837890625,2555162
2024-02-16,1513.8403466388477,1515.6479172019986,1491.2909479936814,1507.0167236328125,1776881
2024-02-19,1509.3216548544526,1521.0256319400926,1499.9674978011171,1514.0665283203125,762624
2024-02-20,1501.1873571699214,1511.806834260076,1486.726792621626,1503.0401611328125,2240414
2024-02-21,1496.2620051814906,1504.6220203666105,1475.0230476841596,1478.8641357421875,2890991
2024-02-22,1485.8230358344838,1528.6624811955123,1481.3041093264715,1524.1435546875,3820901
2024-02-23,1533.7237613499926,1534.0400641620402,1503.401718284496,1505.48046875,2191549
2024-02-26,1505.4803951850522,1508.282107608994,1481.756030560344,1491.0650634765625,1844253
2024-02-27,1490.341956627804,1512.3943399674158,1489.438171329667,1499.1990966796875,2049420
2024-02-28,1504.5313987551174,1511.1290758119515,1486.0037994404374,1492.9630126953125,936575
2024-02-29,1484.151206745423,1516.325944705086,1479.18038707868,1503.7633056640625,3532888
2024-03-01,1514.247100429813,1517.6362954473304,1481.3945254584141,1485.9134521484375,2371138
2024-03-04,1490.3419743322556,1494.8609008766227,1477.688980008028,1480.3551025390625,1788071
2024-03-05,1467.7474237913298,1473.1249025500758,1452.428306078332,1463.5447998046875,3339546
2024-03-06,1457.8056064738694,1491.2456606831274,1449.5359493813753,1486.003662109375,2366177
2024-03-07,1491.245710506753,1495.3579776567758,1473.2603613876922,1480.083984375,3181239
2024-03-11,1495.7645371612152,1500.1027503417297,1475.022710519238,1480.9876708984375,2970902
2024-03-12,1478.5025029822566,1504.802635079841,1475.9267367530483,1478.2313232421875,2414182
2024-03-13,1481.078200438181,1492.3755169937738,1455.4106751588035,1474.5257568359375,2564135
2024-03-14,1476.7853510681853,1521.0708358921395,1455.0945013584935,1517.681640625,3513306
2024-03-15,1515.648045059528,1515.648045059528,1484.7837530249965,1488.8056640625,3931561
2024-03-18,1491.1554886334131,1503.2662345314548,1477.0112256738657,1485.2808837890625,1183544
2024-03-19,1483.6088500700662,1483.6088500700662,1440.7241700392394,1445.288330078125,1915379
2024-03-20,1450.3494151223667,1463.318711709427,1426.2635155604835,1434.3975830078125,1815178
2024-03-21,1453.2867566030643,1464.0869467648424,1431.0084269818583,1442.2606201171875,2684744
2024-03-22,1409.9050745315728,1420.253372134371,1363.0889516445493,1407.9619140625,7468824
2024-03-26,1411.9385986328125,1439.3233376188189,1405.883281194166,1411.9385986328125,4496344
2024-03-27,1418.0392113982823,1425.133904316943,1391.8294362991426,1397.432861328125,2589697
2024-03-28,1399.9634275441483,1410.8540845225189,1383.6952921692,1395.037841796875,5301493
2024-04-01,1399.963504370834,1418.0392113349508,1399.0597190226283,1406.922607421875,1014857
2024-04-02,1409.0010426655815,1414.4237535417801,1378.3627041499929,1381.2548828125,2031775
2024-04-03,1378.5888677519754,1408.5041387363324,1371.9460679465537,1388.07861328125,3343884
2024-04-04,1392.5525588467278,1403.12680367179,1372.5788136710444,1391.51318359375,3388449
2024-04-05,1394.0435758089868,1398.7884485793718,1377.1880684182822,1396.57421875,2773570
2024-04-08,1404.4823949416975,1404.4823949416975,1389.7055269441585,1391.8746337890625,1820136
2024-04-09,1391.8294793822013,1411.532044713991,1386.9038932119356,1392.2813720703125,2432095
2024-04-10,1392.7783713501115,1402.8103660477295,1388.3949244142395,1391.0611572265625,1829986
2024-04-12,1389.1180475681892,1394.495526133577,1370.3192686368632,1375.109375,4319991
2024-04-15,1362.0947590389117,1383.2433564326482,1350.2551940610103,1360.2420654296875,3295684
2024-04-16,1343.3415460355804,1357.1242748097825,1326.124498581722,1335.162353515625,2446933
2024-04-18,1334.9360832174405,1338.4156344575977,1312.3865744338084,1325.7174072265625,5180223
2024-04-19,1303.2583071904685,1315.4594078472446,1296.9318105536215,1308.2291259765625,5219506
2024-04-22,1312.476961975373,1331.546919970421,1310.940571103187,1324.85888671875,1939632
2024-04-23,1332.9930706796263,1356.988506173144,1329.5586421269877,1343.612548828125,2783858
2024-04-24,1346.6400077372402,1352.9212710257416,1334.258194078117,1336.92431640625,1321471
2024-04-25,1337.5570400015936,1369.2799929890816,1337.5570400015936,1359.4287109375,4558032
2024-04-26,1370.9067132992257,1384.1019566436012,1324.000234059479,1332.0439453125,4328477
2024-04-29,1278.8561952970113,1297.8356865346348,1248.1274951980017,1253.9117431640625,11493223
2024-04-30,1243.970054722854,1263.4014378252532,1231.3621841425993,1235.1129150390625,7606726
2024-05-02,1227.3404634168528,1245.3258133331726,1227.3404634168528,1229.7806396484375,6555505
2024-05-03,1238.1859449403644,1238.1859449403644,1205.2430126522052,1218.347900390625,5964228
2024-05-06,1227.3405262103495,1233.6670237681346,1218.7545652390693,1228.0635986328125,2504082
2024-05-07,1234.6121161206008,1235.482305651738,1214.6451628354746,1219.04150390625,5096525
2024-05-08,1219.041858451722,1221.835455001714,1197.3804722516304,1203.196533203125,6832455
2024-05-09,1204.4326729148268,1226.4147140935004,1203.9747137236045,1209.05810546875,5653762
2024-05-10,1209.103842357867,1211.6684585683724,1193.9911889468633,1205.53173828125,3357203
2024-05-13,1205.5318633259042,1210.7526657660123,1192.2053164741253,1202.5093994140625,2316566
2024-05-14,1210.8440767463294,1215.3778279238243,1198.6623177871977,1209.9739990234375,3200462
2024-05-15,1208.3254492327537,1227.605577871462,1207.4095307569285,1220.8277587890625,2975965
2024-05-16,1231.9102448423562,1243.6340450548837,1216.797591281093,1234.79541015625,5055915
2024-05-17,1237.4056862133607,1237.4056862133607,1218.354539882171,1221.102294921875,2487831
2024-05-21,1203.5170162046313,1236.352674993213,1203.5170162046313,1229.0711669921875,4966721
2024-05-22,1235.5280967620936,1239.1460415722408,1227.3306716998115,1230.124267578125,2390777
2024-05-23,1233.4214740027596,1244.229243498088,1225.4987578779112,1239.7413330078125,3326149
2024-05-24,1245.6491442101265,1245.6491442101265,1228.1092827961706,1232.093505859375,1769966
2024-05-27,1237.4059159314154,1245.2827928129143,1225.498975215569,1239.5125732421875,1942325
2024-05-28,1243.6797939006076,1248.6716163319936,1232.459793348847,1244.18359375,2147233
2024-05-29,1251.1444706820594,1251.693999332784,1233.6961813280827,1239.3291015625,3845920
2024-05-30,1232.8262352418744,1237.9096273683128,1213.6835172516428,1219.865966796875,4150461
2024-05-31,1219.8660687851575,1228.1551761836251,1205.1198028501265,1212.7677001953125,10319045
2024-06-03,1236.9937003814814,1240.8405131271677,1199.7157525932184,1203.928955078125,5384064
2024-06-04,1213.591962940745,1213.591962940745,1131.159301307034,1193.945556640625,5447244
2024-06-05,1209.0122615395378,1242.8096721211361,1205.4401574964277,1230.719482421875,3005139
2024-06-06,1240.1536393112701,1282.1027510061247,1237.314314344744,1279.99609375,5936709
2024-06-07,1288.6972059329155,1317.6860460396042,1280.4539402233233,1311.13720703125,5884025
2024-06-10,1318.9226183920705,1320.7544553620594,1279.9960827798045,1299.4593505859375,3293739
2024-06-11,1305.1840153510589,1317.045116592538,1296.3912190826195,1308.66455078125,2269082
2024-06-12,1348.2321242397916,1348.2321242397916,1313.8851781399326,1317.77783203125,5990861
2024-06-13,1326.0207944489473,1335.1341373311147,1316.2662416363514,1322.7235107421875,4232861
2024-06-14,1322.7237297663416,1324.4181566372622,1304.6343393143457,1310.7252197265625,3065114
2024-06-18,1310.7252228592902,1318.6936691396693,1307.0615488349397,1316.3580322265625,2223029
2024-06-19,1318.96837983833,1329.821990872493,1310.038175145869,1324.2806396484375,3117522
2024-06-20,1327.1199487664967,1327.1199487664967,1309.351220879319,1322.0823974609375,3163919
2024-06-21,1339.0726944173266,1357.3452216876528,1318.1897102742869,1326.1124267578125,6489262
2024-06-24,1316.9531726937482,1322.5402522484014,1306.649091291398,1319.700927734375,1988692
2024-06-25,1319.7927937640409,1328.1734708823708,1306.511974750157,1326.2042236328125,2079037
2024-06-26,1326.2040547202953,1331.1043077981906,1317.2738499690483,1322.3114013671875,1917424
2024-06-27,1314.3429036322482,1337.7446634682785,1303.8098420351955,1332.5697021484375,6613193
2024-06-28,1344.5682488555071,1345.2093470308835,1320.754369788584,1336.87451171875,4943575
2024-07-01,1341.8206598137976,1354.277129584565,1332.6614744225772,1345.346923828125,3723295
2024-07-02,1350.9797424125243,1366.9624749815348,1349.1479054736596,1356.2921142578125,3811366
2024-07-03,1363.8023218416347,1363.8023218416347,1347.4989317001362,1356.4749755859375,2070876
2024-07-04,1360.1388579395339,1405.5226605145738,1360.1388579395339,1394.348388671875,6822557
2024-07-05,1394.9437683604585,1400.6682585457854,1378.9610364856053,1391.646484375,3061687
2024-07-08,1399.5235000473267,1410.5145222990072,1379.5564315675228,1404.469482421875,2939620
2024-07-09,1404.469450241303,1416.2848212524264,1396.775712480121,1402.36279296875,2658608
2024-07-10,1402.362787426647,1403.7366651711977,1362.749312458762,1382.9910888671875,3507096
2024-07-11,1387.6163020664915,1405.0187507392727,1381.2507142482343,1384.7769775390625,3304053
2024-07-12,1401.3551776763888,1434.3282406805392,1383.4947685491409,1429.015869140625,6430647
2024-07-15,1447.151307694575,1498.8091362292691,1435.6107563362782,1437.625732421875,10337489
2024-07-16,1433.4123603546934,1449.8988922948752,1424.2531759434812,1437.579833984375,3540650
2024-07-18,1427.0467603725208,1464.7825551190067,1426.08500129454,1460.477783203125,4399468
2024-07-19,1475.0866374983025,1480.536307456328,1455.02800143865,1460.477783203125,5633838
2024-07-22,1455.0279345503902,1460.4318754221783,1438.8162237414706,1444.494873046875,2704495
2024-07-23,1452.709148220558,1477.4440123281659,1431.5737765809247,1475.1827392578125,2907674
2024-07-24,1471.1680813524624,1474.859845672042,1455.3396192995237,1461.6617431640625,2484299
2024-07-25,1449.0176107726975,1471.1681984532993,1442.418558993442,1465.2613525390625,2934731
2024-07-26,1479.2897613534178,1513.623118737351,1471.1678361386205,1509.3314208984375,2814159
2024-07-29,1513.807808579666,1518.2379705196097,1495.1644451317736,1506.562744140625,1639491
2024-07-30,1503.4709574865099,1507.162721654678,1493.3186060240473,1504.6246337890625,1783877
2024-07-31,1496.0874450317583,1518.2380302759052,1494.4261060729661,1516.02294921875,1984986
2024-08-01,1513.669510921287,1527.9289050481918,1510.0238261832649,1514.1309814453125,1785188
2024-08-02,1495.2105558060407,1512.700242031903,1477.7669490302255,1485.2889404296875,1692851
2024-08-05,1453.6319628576234,1472.7367950182772,1418.5602075632808,1442.0029296875,3279717
2024-08-06,1442.556947352931,1481.3204737693245,1442.556947352931,1460.7850341796875,2138704
2024-08-07,1481.32028851341,1490.5496984106899,1467.4761736674902,1471.7216796875,1897787
2024-08-08,1473.9368760483837,1478.5515813584914,1434.7580730310513,1437.8037109375,2373805
2024-08-09,1462.7691473992436,1478.5514152540486,1454.4164866608276,1467.429931640625,2021762
2024-08-12,1467.4762551007334,1477.1671360306439,1452.5707347567497,1463.09228515625,1273739
2024-08-13,1456.4008889713941,1484.4583177301981,1456.0778821561357,1469.9219970703125,1973825
2024-08-14,1476.7979173116655,1504.1631413420534,1475.0904989415167,1500.840576171875,3932148
2024-08-16,1509.0086211312146,1545.0033221857204,1506.8858116445701,1539.6964111328125,3101056
2024-08-19,1536.6967904344,1555.1556107399185,1531.2053364589876,1549.156494140625,1631947
2024-08-20,1550.5409001222765,1564.4312074180177,1540.5730921274398,1556.770751953125,2786109
2024-08-21,1556.0785414473562,1558.7089007907286,1544.77251408512,1548.0028076171875,1410370
2024-08-22,1557.001435945659,1557.001435945659,1544.0802622033714,1546.987548828125,1749127
2024-08-23,1546.8954400363718,1556.0324665846301,1529.451831116023,1533.42041015625,2158185
2024-08-26,1542.2344793675645,1600.3797649451567,1538.634986775259,1586.950927734375,2672708
2024-08-27,1592.857596855788,1621.4687659614717,1573.7065723737578,1579.7056884765625,3556487
2024-08-28,1580.5827246830283,1603.8407938485848,1562.5853743852022,1586.950927734375,2516461
2024-08-29,1581.9210714398946,1620.6845982779782,1566.4618077604207,1616.8543701171875,5112407
2024-08-30,1616.8542223287839,1630.1907878225138,1607.9478188485234,1618.1463623046875,4792561
2024-09-02,1628.2524830531247,1672.3691083499093,1624.3761758807066,1667.431396484375,4445349
2024-09-03,1666.8313914032008,1677.122205748866,1649.3417050915511,1652.4796142578125,2553290
2024-09-04,1629.0831362428394,1657.2790288527028,1628.990864675597,1647.680419921875,2644961
2024-09-05,1653.9103630128498,1659.1710819368627,1631.1137641238568,1652.5721435546875,2878565
2024-09-06,1650.2185750270176,1657.371368067543,1605.9635973449892,1620.7767333984375,3351716
2024-09-09,1622.8533100304692,1630.190758692684,1606.9787696493154,1612.147216796875,1418238
2024-09-10,1614.6390499132683,1651.418338040681,1612.516353260748,1642.0042724609375,2307528
2024-09-11,1641.1734897750914,1658.3863603703505,1637.020255658129,1641.68115234375,2303930
2024-09-12,1661.2940196148545,1674.3997384818872,1640.1586453881232,1668.308349609375,3349489
2024-09-13,1665.9084373020685,1679.7525517394818,1657.278961835486,1673.107421875,1599349
2024-09-16,1678.8296413550793,1683.6750814964284,1668.861833713112,1672.2305908203125,836199
2024-09-17,1672.3229140501364,1687.1361622910924,1667.9389442630015,1673.9842529296875,830317
2024-09-18,1668.7696073117113,1668.7696073117113,1606.0096190204538,1621.1458740234375,2629136
2024-09-19,1639.1434301216527,1639.1434301216527,1588.8431390509152,1602.687255859375,4167373
2024-09-20,1613.3007578547583,1630.0059662815008,1588.7505514636193,1624.4222412109375,4644317
2024-09-23,1628.067850700379,1628.067850700379,1598.995210509301,1617.73095703125,1541597
2024-09-24,1615.1467803404646,1646.0653044212677,1604.394494955744,1638.7740478515625,1907389
2024-09-25,1641.7273619615496,1646.5728018163418,1619.7613228876833,1645.0499267578125,2240579
2024-09-26,1644.911378652418,1669.0463051277889,1641.8195492460404,1646.3880615234375,4303250
2024-09-27,1670.5233140185844,1687.6439157001125,1658.1098018611099,1669.046630859375,4099016
2024-09-30,1668.6773565582057,1680.3986623933288,1651.2799409432007,1657.6943359375,2117894
2024-10-01,1652.0646427657496,1682.014037732526,1652.0646427657496,1676.5225830078125,1642542
2024-10-03,1640.989041503562,1669.8771388744728,1633.6055137577641,1641.4967041015625,3552386
2024-10-04,1640.9891614670892,1668.585120967133,1631.0675453333595,1639.697021484375,2982759
2024-10-07,1647.403547777275,1665.170162619272,1631.6674708011544,1640.02001953125,3419048
2024-10-08,1637.2972479895525,1655.7560670198745,1608.6860784925536,1651.556640625,2353030
2024-10-09,1654.8795808104267,1684.3675038256165,1652.2030290935238,1670.2464599609375,2499596
2024-10-10,1679.752579242776,1698.1652066805366,1658.52493675784,1669.2772216796875,3753869
2024-10-11,1664.985558657218,1710.0251243781688,1661.8937288498787,1697.888427734375,2977110
2024-10-14,1703.795405541892,1721.746564268976,1691.197237416939,1712.8863525390625,1751092
2024-10-15,1688.982151206483,1737.6672924502764,1688.9359590876895,1725.9920654296875,5696544
2024-10-16,1724.9767759144427,1739.7438323160645,1711.178852654657,1721.5157470703125,2144442
2024-10-17,1725.8074162826192,1732.406467033612,1708.779087058279,1723.8692626953125,2399099
2024-10-18,1723.131004572265,1729.499320587357,1700.9804185466976,1714.547607421875,2366406
2024-10-21,1730.7914799882533,1742.9742573730343,1698.2116142792604,1701.5341796875,1284980
2024-10-22,1699.861786760121,1720.4852689210156,1690.29316781954,1693.3123779296875,2089660
2024-10-23,1666.1395875924845,1732.5622140284268,1666.1395875924845,1714.67919921875,2522186
2024-10-24,1713.982524538951,1730.6578105145184,1707.2008681055163,1713.8896484375,1621637
2024-10-25,1727.9174488750862,1738.6473042006112,1709.523443574712,1720.8106689453125,4078295
2024-10-28,1714.0753386034114,1743.5243194149257,1714.0753386034114,1738.8328857421875,2418907
2024-10-29,1738.8328857421875,1742.6882077284597,1719.7421414088356,1738.8328857421875,1719955
2024-10-30,1728.8462617129542,1736.696163107448,1704.9713210844202,1708.2227783203125,1732047
2024-10-31,1709.3373898789023,1712.96046463564,1631.8134106823509,1640.6387939453125,3616088
2024-11-01,1650.8111638140645,1654.8058563354004,1626.6574833080622,1632.60302734375,242223
2024-11-04,1637.805527954895,1655.549172650557,1621.0837471816744,1637.759033203125,2843690
2024-11-05,1643.3793834807566,1656.7103354487508,1636.4119751279552,1647.6063232421875,1818350
2024-11-06,1663.909909005015,1721.4142724655287,1656.3851310340192,1707.85107421875,3477029
2024-11-07,1718.6739005238142,1730.286247860123,1685.3695976418162,1701.859130859375,2173869
2024-11-08,1708.362001544164,1722.4826835839845,1698.236125648119,1707.0150146484375,1521324
2024-11-11,1715.561735094185,1740.9231475456304,1703.7636353248058,1734.698974609375,1679869
2024-11-12,1756.7161336759398,1758.527614735439,1732.051459362745,1739.85498046875,2711052
2024-11-13,1733.491190775196,1746.1254018539637,1727.0811524376231,1732.3299560546875,1254074
2024-11-14,1739.0651082396855,1762.2898025270745,1715.236549220459,1726.9417724609375,2462563
2024-11-18,1726.9417159209622,1732.6086318630128,1686.1127500612015,1704.6925048828125,2483933
2024-11-19,1706.5504797321917,1732.5621364728022,1688.2494666004202,1691.2686767578125,2354204
2024-11-21,1704.692422493643,1708.9193618719978,1690.943359229425,1705.946533203125,1841245
2024-11-22,1715.236475249475,1766.9346651840413,1706.0859687752322,1763.59033203125,2765950
2024-11-25,1782.7276237438862,1783.6101168107489,1745.1036170937416,1757.3662109375,6531524
2024-11-26,1755.8798107621496,1778.9651348153143,1754.9973177165698,1764.6588134765625,2079873
2024-11-27,1762.0576363513833,1780.8696395864515,1753.0928812651694,1756.762451171875,1631975
2024-11-28,1751.234922470881,1765.5413576255617,1704.692655218577,1710.1737060546875,3631255
2024-11-29,1711.1954965200996,1739.343871709582,1703.717099505195,1716.81591796875,2482280
2024-12-02,1716.815868412719,1745.1499949802283,1705.11053196173,1738.6005859375,2014744
2024-12-03,1750.213096706416,1761.6396925392785,1739.1117373401646,1756.4837646484375,2954648
2024-12-04,1748.3549953752035,1775.2956408937375,1744.2674264782327,1762.8936767578125,3730643
2024-12-05,1751.1419141614758,1800.4711411585508,1750.212926408605,1787.3724365234375,3881814
2024-12-06,1789.230377738011,1801.6323413207838,1779.290254333529,1786.1646728515625,2250408
2024-12-09,1779.0116187620004,1789.2769792074946,1766.0057896953329,1774.2738037109375,1379520
2024-12-10,1780.3585795450927,1804.8374981860254,1776.4103814935652,1798.845458984375,2695207
2024-12-11,1789.4627767578736,1797.4056679284859,1779.9406516641586,1793.7825927734375,1387117
2024-12-12,1788.25506375356,1810.5972662478289,1785.050101126323,1798.7061767578125,2306173
2024-12-13,1801.307449587405,1834.751012344056,1776.5499005885722,1828.9913330078125,2569918
2024-12-16,1830.8954503030534,1839.395710737584,1811.7583256898854,1815.6136474609375,1371189
2024-12-17,1807.1600507614655,1823.788842010221,1800.3783943179042,1812.0836181640625,1987909
2024-12-18,1810.5970036341191,1831.9172257097202,1808.50678133644,1821.1409912109375,3460812
2024-12-19,1774.3666991556402,1807.9960121768104,1774.3666991556402,1796.8946533203125,1916115
2024-12-20,1815.7993232166502,1818.6327810428363,1761.7322848102608,1775.62060546875,3786921
2024-12-23,1782.2630803182885,1801.6789478663388,1764.2871892096744,1767.86376953125,2058339
2024-12-24,1773.06601621817,1787.047327368182,1755.0901257408873,1762.2432861328125,1310301
2024-12-26,1770.279127716681,1773.3448328151917,1752.3497312307734,1765.7735595703125,1065107
2024-12-27,1765.0769223622488,1767.7710098188536,1749.0053871294785,1757.64501953125,1328546
2024-12-30,1753.92906220862,1829.1305833657811,1733.1662064248123,1791.9710693359375,6262203
2024-12-31,1779.1973697587334,1790.902706632299,1745.1500579822189,1781.2412109375,1968650
2025-01-01,1781.2411519139441,1799.4027945625933,1772.4157682028151,1776.1781005859375,880695
2025-01-02,1776.1781443405744,1835.9585988305873,1774.4131582763305,1832.149658203125,3487645
2025-01-03,1839.39578190372,1850.6365112238773,1803.1652589268285,1808.4140625,2853344
2025-01-06,1812.6873957850632,1833.2644976795937,1792.9464055683138,1814.359619140625,1789037
2025-01-07,1820.8159934216214,1840.3247362082816,1773.34474198778,1779.84765625,2494547
2025-01-08,1770.9293133583365,1800.8426721992153,1760.0137077878744,1795.0364990234375,2372138
2025-01-09,1789.973737253202,1806.3702811912256,1783.6565748565195,1797.4056396484375,2742139
2025-01-10,1798.520544750172,1860.1588682186539,1797.823803836658,1853.4237060546875,4802079
2025-01-13,1853.2378510511296,1869.3092725236954,1825.8327099729115,1848.12841796875,5694121
2025-01-14,1798.613255928026,1801.307343226937,1670.0878165478216,1684.765869140625,15819311
2025-01-15,1705.621475442785,1712.63537817802,1683.8367584946177,1696.0528564453125,3350594
2025-01-16,1702.8345217636265,1707.4329657006222,1658.5218520735511,1664.978271484375,5362008
2025-01-17,1663.8055351506061,1682.6676054474335,1642.2690118617163,1678.726318359375,2424374
2025-01-20,1679.852244571819,1688.2041389869971,1654.0459000347748,1685.5765380859375,3401004
2025-01-21,1681.0721161839897,1708.6144991781723,1681.0721161839897,1691.3946533203125,4005357
2025-01-22,1696.8375516893925,1718.6556437932056,1692.9432311922842,1715.1365966796875,3009261
2025-01-23,1705.1425174400829,1716.3095348003362,1693.0838249010083,1695.71142578125,3750930
2025-01-24,1689.14253374764,1716.7318847093134,1680.7906394203148,1682.432861328125,3171259
2025-01-27,1665.68234023046,1670.1398000141753,1602.1518539761182,1606.515380859375,4174844
2025-01-28,1606.5150629404322,1623.9226587876494,1586.855368974236,1588.966796875,5079829
2025-01-29,1591.547615801338,1617.9169844026792,1591.547615801338,1613.131103515625,3733620
2025-01-30,1615.9462541458195,1626.2218247493452,1593.2835703540459,1607.5943603515625,2543744
2025-01-31,1603.793964194231,1631.1485975285875,1603.793964194231,1619.183837890625,2033832
2025-02-01,1619.6998520167685,1625.283360146892,1584.0401797243949,1589.670654296875,569018
2025-02-03,1562.4568078873006,1595.8642698782132,1559.1723641469969,1587.7939453125,2659929
2025-02-04,1590.7030615992098,1628.9903387622348,1587.8409721052678,1625.8466796875,3647768
2025-02-05,1623.4536609228255,1639.2190370925953,1604.6854105075327,1607.35986328125,2681942
2025-02-06,1617.6824253830039,1621.999100133098,1607.359887499065,1617.35400390625,2057798
2025-02-07,1617.025672633433,1624.3921885328962,1595.9113894202671,1619.3717041015625,2428098
2025-02-10,1617.7761000689636,1632.8376657376364,1606.6559354282797,1627.06640625,1823071
2025-02-11,1635.4653644908951,1641.2834762186028,1609.3774509519176,1617.0723876953125,1702553
2025-02-12,1617.729388478944,1635.0900203386902,1594.503678288202,1611.535888671875,2214307
2025-02-13,1606.5622214202544,1623.4066801989184,1595.5358743982404,1598.2103271484375,1838463
2025-02-14,1605.6236732588795,1617.2600103414084,1595.2541700507534,1605.8582763671875,1460459
2025-02-17,1605.8585088625016,1614.2104036379035,1589.7647103920724,1604.5916748046875,1127023
2025-02-18,1600.9316697718957,1622.0459502935064,1596.4742105506668,1619.230712890625,1511900
2025-02-19,1617.0723544835728,1624.955042298025,1598.5387078343076,1606.84375,1294110
2025-02-20,1600.180930784951,1608.9551792009363,1579.8643920353359,1583.6180419921875,1681532
2025-02-21,1585.917161721241,1599.1957218141617,1581.3658839013194,1595.9581298828125,1222563
2025-02-24,1581.2251903726578,1585.917253252102,1536.7444113650647,1542.7972412109375,4455420
2025-02-25,1535.2428515822398,1550.2104851517427,1530.7853922026459,1535.336669921875,1951519
2025-02-27,1520.2283446195179,1557.7648469558023,1515.723918518238,1528.8616943359375,2266866
2025-02-28,1512.7210513058783,1515.4893225453447,1466.2226629959907,1478.0467529296875,4910121
2025-03-03,1478.046630449053,1504.6506014906618,1471.8530164056688,1475.559814453125,1784684
2025-03-04,1463.9234789665418,1463.9234789665418,1429.2022169654124,1440.932373046875,3246644
2025-03-05,1437.6479808555375,1484.0055822609495,1436.7565347823277,1476.075927734375,3112003
2025-03-06,1482.6917280450903,1496.486345769904,1478.1404503979445,1487.8060302734375,2011489
2025-03-07,1485.1784900851062,1489.2605613408923,1459.7943874372977,1461.9996337890625,2091986
2025-03-10,1461.108298968804,1475.6067266347575,1451.7241737345792,1453.882568359375,1855766
2025-03-11,1435.7243009450326,1477.01445504007,1428.826991296439,1471.2901611328125,1846190
2025-03-12,1460.1699602910955,1468.615673429026,1414.2815626645433,1445.7183837890625,3113860
2025-03-13,1445.718328113091,1452.6156373329825,1434.9735504112195,1440.2286376953125,1983351
2025-03-17,1433.8943612072458,1452.240372186287,1425.4956147946596,1449.9881591796875,2029100
2025-03-18,1449.9881591796875,1449.9881591796875,1449.9881591796875,1449.9881591796875,0
2025-03-19,1462.515918539908,1465.1903713226372,1431.172917330291,1449.3311767578125,4522829
2025-03-20,1452.5217334734568,1484.6623608961072,1451.7710722212448,1465.80029296875,4608677
2025-03-21,1440.5568837823785,1493.999539860612,1427.794497774186,1470.210693359375,8109210
2025-03-24,1493.0144655011259,1511.6888993880027,1463.923674532845,1505.3546142578125,2487843
2025-03-25,1522.1051188470806,1556.7794159000157,1519.2429148187066,1524.8265380859375,4906013
2025-03-26,1524.8264723795628,1543.6415740044204,1522.1050532579748,1532.802978515625,3096513
2025-03-27,1525.5301958060209,1543.688453488265,1514.17542826833,1529.7530517578125,3383080
2025-03-28,1516.5683866264308,1525.4364532973739,1484.1931560534322,1494.421875,2211077
2025-04-01,1479.8765773281762,1487.3838776570444,1432.1113560752888,1436.099609375,4126827
2025-04-02,1421.6950443873868,1443.79470624483,1413.6247191910966,1433.47216796875,3167863
2025-04-03,1407.6187370667203,1407.6187370667203,1374.7742998684969,1379.5601806640625,3966161
2025-04-04,1359.759800282287,1366.5163248975466,1331.7012418104437,1334.5164794921875,4421312
2025-04-07,1262.1648740781764,1298.5283602272689,1222.5169440188433,1289.47265625,6484139
2025-04-08,1295.009353925452,1336.5341103828443,1287.5020533229856,1316.9212646484375,3938359
2025-04-09,1295.6192683920913,1303.1734204452107,1273.4727558349355,1295.00927734375,3306801
2025-04-11,1276.240998242005,1337.2378106579831,1276.240998242005,1304.9095458984375,4859622
2025-04-15,1332.5458262136349,1340.8039025068701,1319.4080504622327,1338.6455078125,3265147
2025-04-16,1327.8535827215892,1347.6540619987093,1318.9386646750484,1343.5250244140625,2553111
2025-04-17,1332.5455887626042,1353.2844795927467,1298.7627428503129,1349.43701171875,3549969
2025-04-21,1346.6220265747565,1406.6804305474286,1341.9299637643915,1390.7274169921875,2840104
2025-04-22,1398.2345345231154,1407.5248405824202,1374.3050173215452,1388.756591796875,2608145
2025-04-23,1459.2313816735855,1501.45994255803,1448.6272750083483,1495.8294677734375,13293318
2025-04-24,1496.7679958511324,1504.5568657257024,1479.0319759992367,1488.9791259765625,3193118
2025-04-25,1492.075876810925,1518.3514268428155,1471.5246201255204,1481.0025634765625,3800415
2025-04-28,1485.5590115748148,1489.7356862837348,1459.075220717647,1470.656005859375,2618810
2025-04-29,1476.066611334349,1500.5570233253402,1469.516839208954,1489.35595703125,2231069
2025-04-30,1491.2543430553478,1507.2965039752792,1475.1172814182116,1487.9320068359375,3682256
2025-05-02,1487.457338778727,1500.7466832221871,1478.0598506046454,1492.583251953125,1370848
2025-05-05,1499.7975435119658,1516.599026605548,1483.9452993699736,1488.9761962890625,1012225
2025-05-06,1496.7601790862454,1503.4048524304596,1485.6540126865718,1498.943359375,2055057
2025-05-07,1473.2189870905163,1498.2789208704455,1466.5743138239998,1483.9454345703125,5469936
2025-05-08,1482.6164125144514,1516.8839171296463,1476.8260778078231,1500.4620361328125,2789018
2025-05-09,1486.508160175475,1497.614209275505,1478.2498278573905,1489.735595703125,2035161
2025-05-12,1517.6433288868916,1589.9752928759262,1513.0869354293889,1585.513916015625,4028207
2025-05-13,1599.4677045406977,1602.410322246675,1533.2107764244072,1537.387451171875,3118470
2025-05-14,1547.2596313457075,1558.9353178581853,1534.919523856447,1554.5687255859375,1569126
2025-05-15,1566.244308903532,1616.1742558186468,1542.5133345262059,1609.9093017578125,4961582
2025-05-16,1606.0173694034354,1607.536128517188,1573.8381464904032,1575.6417236328125,2586263
2025-05-19,1576.6859717484479,1579.5336887353506,1554.948375573644,1565.8646240234375,1642018
2025-05-20,1576.4961832411707,1581.4321797094306,1553.334728382771,1555.1383056640625,2421580
2025-05-21,1561.4981492899233,1573.3636367465335,1545.740805122325,1568.142822265625,1420835
2025-05-22,1555.2330911478343,1557.4162711696033,1532.0716380056836,1550.107177734375,2202093
2025-05-23,1550.1072583475077,1585.9885382338316,1540.14024903174,1564.53564453125,1459454
2025-05-26,1568.5224213925635,1590.7346353917767,1562.0675503589828,1588.646240234375,1078813
2025-05-27,1588.8361022895458,1590.4497620548775,1558.1756397571362,1568.237548828125,2740015
2025-05-28,1579.5338055869945,1582.1917213209595,1563.3967414674157,1573.1739501953125,1775441
2025-05-29,1585.2291331768304,1590.449947687293,1571.560068374657,1580.1981201171875,2374051
2025-05-30,1580.1981290624824,1580.1981290624824,1544.6966828894888,1553.5245361328125,4408910
2025-06-02,1542.6083187355225,1552.1956097280508,1524.1930584472964,1548.6834716796875,1883100
2025-06-03,1563.3017256602932,1567.8580033166743,1534.9194565056011,1547.6392822265625,2380133
2025-06-04,1548.2087893328817,1561.1184163941086,1539.855439889435,1543.5574951171875,1659720
2025-06-05,1551.9108171545088,1569.9463576069004,1542.133609401811,1549.5377197265625,1409322
2025-06-06,1548.3986718413075,1556.5622202640966,1539.6657190446242,1554.5687255859375,1261281
2025-06-09,1564.3459192465248,1573.838309533215,1555.8027679885038,1564.6307373046875,1299786
2025-06-10,1569.3768695722647,1599.3727985016626,1565.295095562959,1583.425537109375,3055223
2025-06-11,1590.9245363876787,1637.816965348587,1581.43214655243,1634.49462890625,5085821
2025-06-12,1637.4372714141487,1638.3865104120698,1608.9601014765112,1614.8453369140625,3607962
2025-06-13,1581.4322448220746,1624.1480017350357,1580.1032869877788,1609.2449951171875,1988422
2025-06-16,1606.112289101041,1641.6138486897555,1597.948857378498,1635.5386962890625,2116100
2025-06-17,1640.2849517495486,1650.5367790475427,1632.6910399358933,1641.8037109375,1777245
2025-06-18,1640.1899392095554,1656.421901429878,1623.1985395100812,1628.799072265625,1794428
2025-06-19,1632.4062735507202,1632.4062735507202,1611.048395898946,1626.9007568359375,2514527
2025-06-20,1626.9005987693738,1654.1437092665208,1622.3442056301249,1651.580810546875,2719770
2025-06-23,1641.424111675593,1641.9937478022082,1612.9469403011108,1616.743896484375,2221446
2025-06-24,1632.5960763959326,1644.6513645867021,1603.4543714079707,1605.9224853515625,3601071
2025-06-25,1615.6046259750926,1633.3553472552276,1614.655387064414,1629.9381103515625,1307518
2025-06-26,1623.1986394339156,1639.2408012089484,1616.2691486002234,1636.5828857421875,2971055
2025-06-27,1646.9296583037208,1663.5413407361789,1623.9581209466817,1635.8236083984375,6478283
2025-06-30,1637.4372550040107,1646.7398434399704,1626.3312051891958,1640.8544921875,1855229
2025-07-01,1640.8544845891133,1656.422027101697,1626.9956185973117,1631.077392578125,1639826
2025-07-02,1634.5896185114452,1650.252062591259,1624.147989124903,1631.3621826171875,2069447
2025-07-03,1628.8940538231739,1642.658018730188,1619.876283711682,1625.002197265625,1839063
2025-07-04,1627.944776322193,1641.2341214350274,1619.5914273302828,1638.29150390625,768500
2025-07-07,1637.9119776639309,1637.9119776639309,1616.8389171435201,1623.5784912109375,1366412
2025-07-08,1613.706207247965,1631.6468464915597,1601.8407204299654,1621.39501953125,2139193
2025-07-09,1623.1986031481015,1627.2803769792602,1586.1782841289344,1589.0260009765625,2894808
2025-07-10,1589.975471475226,1594.626766178503,1565.2952552015806,1579.2490234375,2740853
2025-07-11,1559.7894840817337,1571.4651701734467,1547.2595755860575,1555.1383056640625,2548153
2025-07-14,1556.7518506109018,1559.0300472255988,1525.4269658120238,1537.5772705078125,3334703
2025-07-15,1509.2898319655103,1539.0959562243868,1471.3202764443654,1486.8878173828125,14685607
2025-07-16,1486.8879402294574,1494.102133199734,1480.8127876693677,1483.470703125,5218099
2025-07-17,1484.229990150248,1487.2676242963807,1464.1061708804082,1465.530029296875,4966082
2025-07-18,1477.1057905368714,1482.8458389456935,1463.71234424962,1481.6978759765625,3902458
2025-07-21,1481.697931914697,1483.5155205541757,1459.8857004250685,1464.0950927734375,3368842
2025-07-22,1466.677982232691,1473.087772892238,1452.5192665194224,1454.2412109375,3218227
2025-07-23,1458.0678802596879,1469.45233249405,1452.2321879726355,1463.52099609375,3471536
2025-07-24,1463.712377648238,1471.270131581955,1436.5427912035484,1441.900146484375,4654421
2025-07-25,1436.064314859312,1446.683380274027,1422.1925322304887,1425.5408935546875,2733655
2025-07-28,1425.5410042674102,1429.4633473383515,1400.0934795834673,1402.580810546875,4404841
2025-07-29,1402.5808125832252,1413.4869279726304,1397.7017947668448,1408.60791015625,6223556
2025-07-30,1416.3568500502006,1419.9922605116933,1405.1638031150178,1412.5301513671875,1642426
2025-07-31,1401.528476378077,1418.461572349329,1396.2667653746096,1404.3028564453125,2306285
2025-08-01,1401.5285055326744,1403.346210909819,1387.1783843156165,1389.1873779296875,2152783
2025-08-04,1389.1873471188792,1411.4779149609608,1378.1855877631428,1410.521240234375,2384774
2025-08-05,1415.7830505684403,1421.044761933848,1407.4599097942046,1418.461669921875,2614394
2025-08-06,1416.739609011352,1419.4182281448032,1393.3010784903524,1399.806396484375,1735697
2025-08-07,1394.8318000982188,1415.113258297849,1388.1350767781314,1411.5736083984375,1495363
2025-08-08,1410.9038567259868,1417.9831558923304,1395.7883501556053,1411.7647705078125,2815614
2025-08-11,1411.095332073909,1464.6691209526473,1402.102565584374,1423.5321044921875,2374556
2025-08-12,1425.4452846747972,1444.4831343163667,1424.488609987096,1434.1510009765625,3422656
2025-08-13,1435.0121342495343,1442.187194920782,1424.4887119317043,1436.064453125,2916128
2025-08-14,1435.9687383495286,1450.5101472151196,1421.427329483938,1425.2540283203125,4227538
2025-08-18,1433.1944030282975,1436.8298137488491,1411.9562705367805,1420.6619873046875,2795155
2025-08-19,1412.3389880278332,1418.3659689175522,1405.5465038396178,1412.1475830078125,2515817
2025-08-20,1404.3985318270595,1435.299172938886,1394.8317843350496,1431.1854248046875,10219330
2025-08-21,1435.0120868816957,1439.7954605046348,1421.714284853609,1428.793701171875,2157601
2025-08-22,1425.0625441411648,1426.8802493437775,1400.5716963052566,1402.7720947265625,2802805
2025-08-25,1415.8786685002913,1444.291862635263,1412.2432576388037,1439.0301513671875,2764914
2025-08-26,1436.829739757093,1441.2304199732146,1420.6619141455185,1428.1240234375,4092265
2025-08-28,1423.5319882641413,1423.5319882641413,1383.351649885718,1386.987060546875,4367902
2025-08-29,1386.9870122921272,1399.2323782553347,1376.8461671527366,1391.7703857421875,3404604
2025-09-01,1383.3517118814798,1408.7035931849784,1383.3517118814798,1404.78125,2105254
2025-09-02,1405.3550711275927,1413.3911616026767,1396.4579501048972,1402.197998046875,1295198
2025-09-03,1411.095239074557,1411.095239074557,1389.665701579074,1402.580810546875,1800307
2025-09-04,1401.624115685596,1402.3895021779256,1378.472634062406,1380.7686767578125,2192155
2025-09-05,1385.264927848617,1389.3786756591405,1342.0232792996746,1357.5213623046875,3895199
2025-09-08,1362.2091241287956,1366.7054484911205,1340.3012502157765,1342.214599609375,2929976
2025-09-09,1349.1028018598677,1369.7670716637901,1348.0504829006077,1365.2706298828125,2906889
2025-09-10,1372.7326284121245,1408.12959432408,1370.0538923872339,1400.4761962890625,3205017
2025-09-11,1400.4761563014292,1406.694542027328,1395.1188011862023,1404.1114501953125,1982922
2025-09-12,1411.0951659256086,1415.8785393694243,1399.6150696604511,1403.633056640625,2110883
2025-09-15,1403.6331265794308,1404.6855622147725,1389.091717298308,1402.9635009765625,1725617
2025-09-16,1400.4762510617772,1420.8533540580092,1397.7975149321212,1418.8443603515625,1724524
2025-09-17,1426.2107202474265,1434.0554062440674,1411.3822620774579,1417.3135986328125,2656774
2025-09-18,1427.932730760021,1437.7865275513097,1421.7143447880553,1429.080810546875,2792406
2025-09-19,1429.0806980526554,1429.0806980526554,1400.571745589634,1403.824462890625,3197957
2025-09-22,1361.3480439968562,1386.4128734280896,1353.69464670102,1377.515869140625,4457129
2025-09-23,1381.6295377070378,1381.6295377070378,1358.8607502014188,1367.853515625,3106480
2025-09-24,1363.357015656249,1382.1078153752596,1358.4779983143922,1379.8118896484375,2894044
2025-09-25,1377.8028975155194,1380.0032961040897,1354.6514157943786,1362.113525390625,2713246
2025-09-26,1358.4779609420507,1364.6963459745318,1331.6910715713623,1334.84814453125,2568054
2025-09-29,1336.570225397355,1341.8319363472835,1323.081135227491,1327.29052734375,2990852
2025-09-30,1331.7869333983938,1344.128061375167,1322.0288973878787,1325.0902099609375,2782077
2025-10-01,1326.0468430517603,1336.2833329104571,1322.124499946586,1329.299560546875,2253527
2025-10-03,1335.9961225265322,1339.1531955222524,1320.593684319884,1333.1260986328125,2793839
2025-10-06,1333.1262283449394,1359.4347832638384,1330.5432533018986,1356.2777099609375,1970901
2025-10-07,1360.3914919361123,1379.4293427815494,1355.7994064321326,1371.297607421875,1592836
2025-10-08,1371.1061300689087,1395.501334860933,1365.36608188255,1390.2396240234375,1735807
2025-10-09,1390.239729338229,1426.497726485028,1389.570103711726,1422.0970458984375,2681316
2025-10-10,1426.401995047643,1433.5770553849047,1410.0428808350023,1430.70703125,2129445
2025-10-13,1425.4453259408936,1437.116710756099,1412.53021728304,1429.941650390625,1820492
2025-10-14,1449.7448215684758,1468.4956217867668,1425.6365497607505,1430.611328125,5802489
2025-10-15,1433.0030698582757,1444.0048290109378,1421.7142615803032,1430.8983154296875,1710696
2025-10-16,1434.9164178827316,1454.0499120426946,1433.0987125812192,1449.3621826171875,2021043
2025-10-17,1445.5049950102464,1447.7229617012551,1426.4115530606123,1433.1617431640625,3210161
2025-10-20,1436.729726635375,1456.0159834726471,1435.9582292762962,1442.033447265625,2354881
2025-10-21,1449.0728493209122,1449.3621902568505,1428.1473078978013,1432.9688720703125,274400
2025-10-23,1456.1125063872835,1492.2742408174313,1451.7730982556657,1469.5164794921875,5011470
2025-10-24,1470.5771723395956,1477.9059268360006,1462.2841049432955,1469.4200439453125,1491451
2025-10-27,1476.7487702026774,1494.2028098142143,1472.3129544907802,1478.7738037109375,1394846
2025-10-28,1480.2202995851405,1486.9704898764082,1458.0411029138322,1467.7806396484375,1936466
2025-10-29,1475.3986987319204,1503.3637721065777,1467.684195732015,1501.7244873046875,2596355
2025-10-30,1502.1101652795687,1504.2317242993038,1483.2096558812607,1494.4921875,2183395
2025-10-31,1494.4922478418825,1502.592382401083,1482.727559295551,1486.4884033203125,1723467
2025-11-03,1485.1381829149193,1494.395562645935,1473.6628365639656,1488.4168701171875,2252136
2025-11-04,1481.5702926395418,1486.8740133372978,1470.577102559581,1474.53076171875,1666863
2025-11-06,1474.5308438593693,1477.2309670869563,1460.2590834514915,1471.92724609375,2474769
2025-11-07,1461.0304776743155,1464.5985060972403,1437.3084034480262,1458.4268798828125,2238714
2025-11-10,1463.8268869431597,1489.766925807937,1457.4624457601137,1485.52392578125,1558896
2025-11-11,1492.5634929827825,1516.3819735581708,1486.1989339305337,1513.97119140625,2270763
2025-11-12,1518.7928011904994,1542.9006234316184,1517.3463318560323,1537.11474609375,2331564
2025-11-13,1542.322006676396,1547.7221351315686,1523.6143137120737,1541.4541015625,1944022
2025-11-14,1533.2575434838177,1540.9720468472583,1517.9249445061835,1537.693359375,2543918
2025-11-17,1537.114640997858,1550.3256795971333,1528.917981996301,1549.0721435546875,2000978
2025-11-18,1546.7578509686116,1546.7578509686116,1533.3538784679217,1538.2718505859375,1640123
2025-11-19,1538.3684141194399,1609.920384105191,1531.9074470708654,1603.2666015625,6342672
2025-11-20,1603.2665542011332,1608.8596159330084,1583.9802968001477,1586.680419921875,2724035
2025-11-21,1577.6158729667095,1584.8482195726083,1548.6864865431146,1550.6151123046875,2958835
2025-11-24,1556.6902870321276,1581.4730802901095,1545.6970969556094,1552.929443359375,6392688
2025-11-25,1560.5475556076767,1561.1261197835458,1535.7646443632036,1543.9613037109375,2285950
2025-11-26,1543.9613614206683,1569.4192455362172,1543.9613614206683,1560.161865234375,1243303
2025-11-27,1561.3190013514552,1574.9157897727193,1556.4010290774631,1570.86572265625,2106176
2025-11-28,1570.865564972418,1578.483659702002,1561.2224368878728,1566.23681640625,1841289
2025-12-01,1571.8299936315989,1587.7411561438205,1569.9013678725416,1584.2696533203125,2034350
2025-12-02,1592.080392947732,1593.9126107646616,1566.043947999465,1577.133544921875,2326220
2025-12-03,1577.1337577357083,1595.5521106971942,1570.6729083512114,1581.955322265625,2371611
2025-12-04,1591.1161864307182,1612.3310689164612,1586.3910299706451,1595.552001953125,3935708
2025-12-05,1603.3629998227739,1630.6531017754521,1592.0805860622538,1622.9385986328125,3391204
2025-12-08,1622.938494735528,1634.8959973839192,1617.0562100086327,1628.338623046875,2702407
2025-12-09,1626.7957674386714,1626.7957674386714,1597.2878179621275,1598.4449462890625,2817704
2025-12-10,1603.941568474416,1611.3667301393214,1597.8663505929717,1606.545166015625,1482249
2025-12-11,1607.9917621882905,1617.5384834496251,1590.1519735223335,1612.7169189453125,1408684
2025-12-12,1617.5384660183624,1618.0206224635979,1600.759398181377,1613.48828125,1284337
2025-12-15,1613.4882062129197,1627.760083413747,1600.7593237362678,1623.90283203125,1689723
2025-12-16,1621.0097826236374,1621.9740954033066,1586.6802712102126,1592.75537109375,1929309
2025-12-17,1592.08049279527,1605.098716085843,1587.5482695500657,1595.937744140625,1394918
2025-12-18,1597.8663749636394,1614.1632854930872,1592.2733134092591,1602.109375,1822056
2025-12-19,1615.2240514930982,1621.0099286924765,1574.240754664169,1583.7874755859375,3487150
2025-12-22,1592.948392786367,1613.777526441746,1585.3302978609083,1610.6917724609375,1339691
2025-12-23,1615.3204698744262,1626.6994088603938,1597.0949330335684,1619.94921875,1614314
2025-12-24,1616.1883461808325,1620.0455976036985,1605.6773125107284,1614.9346923828125,989858
2025-12-26,1608.473917383925,1616.5741692876468,1591.5984416319955,1601.6273193359375,921138
2025-12-29,1600.4699875803433,1601.5308258848768,1567.3941275049592,1572.6014404296875,1516288
2025-12-30,1572.6014804595475,1577.3265193663256,1553.6044462320297,1557.55810546875,3323273
2025-12-31,1566.5263911525833,1573.469397324176,1559.1012285047973,1565.3692626953125,1359963
2026-01-01,1564.9834275068804,1586.9696909781806,1560.6440194608895,1576.16943359375,773806
2026-01-02,1573.7585752499272,1584.3660166272243,1567.10479302501,1581.6658935546875,950573
2026-01-05,1567.00831446455,1575.2049733402107,1523.7106458020903,1550.229248046875,3245802
2026-01-06,1543.1898909839229,1567.972683983436,1540.2969524525881,1558.618896484375,2112043
2026-01-07,1562.9582725593957,1595.4555676495659,1559.004495808975,1588.898193359375,3816569
2026-01-08,1594.2985190902186,1601.3379324306445,1577.0372951307525,1587.9339599609375,3266398
2026-01-09,1588.3196543103204,1615.224006073685,1588.3196543103204,1602.109375,3281306
2026-01-12,1599.987883032742,1617.345514868645,1582.9195921463609,1608.088134765625,4175707
2026-01-13,1624.8671900660424,1637.0175087160264,1567.97273059192,1605.5809326171875,7149266
2026-01-14,1605.5809595772776,1618.0206193834642,1590.3447688512542,1608.9560546875,2470615
2026-01-15,1608.9560546875,1608.9560546875,1608.9560546875,1608.9560546875,0
2026-01-16,1622.0685339254821,1652.081682009063,1617.0178290309627,1649.264892578125,3098089
2026-01-19,1649.264930539804,1669.662199998777,1636.7351555873774,1667.525390625,2087629
2026-01-20,1670.6334850729563,1670.6334850729563,1633.5299283544177,1638.8720703125,1739341
2026-01-21,1639.1633154048784,1646.2538418405477,1621.0000809866287,1634.209716796875,1728435
2026-01-22,1642.0772742114043,1659.9491909105602,1633.2384812850246,1654.218505859375,1853439
2026-01-23,1663.5429459948182,1671.604771225789,1650.04199127234,1658.006591796875,1874357
2026-01-27,1670.6334244449179,1675.975566209131,1651.6931036445249,1670.82763671875,2671530
2026-01-28,1656.1610721542709,1684.6201660350766,1642.465786823139,1679.9578857421875,2713867
2026-01-29,1673.3531293582296,1675.489938664914,1647.4193878632143,1672.1875,2235602
2026-01-30,1664.028545737421,1664.028545737421,1634.695378411855,1646.9337158203125,4448681
2026-02-02,1622.0684627483904,1640.037484641112,1606.1391439517708,1628.67333984375,1916380
2026-02-03,1728.9113946545401,1729.0085007948294,1640.6203339894569,1646.6424560546875,3200948
2026-02-04,1594.8722589690967,1597.7861546919391,1540.4795388093712,1575.2520751953125,5834470
2026-02-05,1567.3844065854084,1584.9650050129394,1554.2718762952904,1563.7906494140625,3184531
2026-02-06,1565.7331840230888,1565.7331840230888,1528.9209471121815,1547.9583740234375,3342992
2026-02-09,1554.4662097186297,1573.4065312801788,1548.6384184689223,1556.020263671875,1863558
2026-02-10,1549.22116873538,1556.4088016328246,1522.8018959178016,1527.94970703125,3234785
2026-02-11,1528.8237593707415,1532.8060592999798,1501.724508918872,1507.066650390625,2944646
2026-02-12,1485.115481610435,1490.9432729051784,1427.3232179375632,1433.7337646484375,5397659
2026-02-13,1382.1577086918394,1434.4136132707504,1355.9326502697174,1413.4334716796875,7214938
2026-02-16,1409.4512728724128,1424.894943209499,1405.2747603343228,1419.84423828125,2388700
2026-02-17,1421.9809909201456,1467.3405830262284,1416.1531999737515,1440.047119140625,2840341
2026-02-18,1440.6298873232702,1440.6298873232702,1401.9722781753735,1425.089111328125,2036245
2026-02-19,1427.8089128327592,1458.6962551084828,1401.583851168484,1408.771484375,2397127
2026-02-20,1401.5838264016543,1413.2394091575932,1389.9282436457154,1395.2703857421875,2392491
2026-02-23,1396.9214511058526,1400.2238897093428,1374.8730226483146,1385.265869140625,2629763
2026-02-24,1362.0519713376468,1366.3255900015026,1284.542301484879,1300.762939453125,10004684
2026-02-25,1316.1094767557106,1351.4647661176937,1315.13817824888,1338.6435546875,5703505
2026-02-26,1351.0762149795514,1364.6743939944429,1328.7363494550873,1334.0784912109375,2329520
2026-02-27,1357.8754160439462,1364.480293820491,1342.3346387501672,1349.2308349609375,8651443
2026-03-02,1312.2242981891923,1346.2197463288087,1311.2529996709177,1331.6502685546875,2088938
2026-03-04,1317.080808041033,1342.3345698471294,1317.080808041033,1324.8511962890625,3161598
2026-03-05,1338.643498816475,1338.643498816475,1294.255206333629,1315.2352294921875,2217963
2026-03-06,1317.080758597693,1341.169008688996,1315.3323738808347,1317.7606201171875,1871596
2026-03-09,1291.8270860425002,1333.3014871677035,1289.8844889206318,1319.606201171875,2256550
2026-03-10,1321.9373243586176,1325.2397631364865,1306.3965475843795,1322.4229736328125,1671877
2026-03-11,1327.959283660933,1336.506758028498,1308.2419949259765,1311.54443359375,1837000
2026-03-12,1311.25298917672,1324.2684129307795,1302.5113025822084,1319.1204833984375,2616965
2026-03-13,1311.252927306642,1317.7605795932589,1283.0852718311662,1287.3590087890625,2190786
2026-03-16,1275.1207179295407,1299.3059557205356,1265.0191898185524,1290.4671630859375,3618375
2026-03-17,1290.4671115039953,1290.4671115039953,1260.4539653473184,1283.182373046875,2285672
2026-03-18,1288.427519984832,1338.8379381853317,1288.427519984832,1318.246337890625,2564106
2026-03-19,1302.899825821349,1315.3323754260534,1271.6239431203578,1274.1494140625,1663249
2026-03-20,1296.586405720121,1313.6812357960657,1290.7586146555914,1295.4207763671875,5050431
2026-03-23,1277.0633953429879,1325.8225356751977,1272.401114823816,1319.606201171875,5166409
2026-03-24,1340.3919298664168,1353.9901088650618,1320.965959868353,1333.88427734375,3555664
2026-03-25,1309.3103756668886,1370.8907241704983,1309.3103756668886,1341.6546630859375,4167275
2026-03-27,1337.4780839327325,1367.005583137401,1320.7717965419583,1325.23974609375,8956139
2026-03-30,1311.2529249424974,1320.188823374682,1297.8489587275135,1303.093994140625,5541018
2026-04-01,1359.5264850203223,1359.5264850203223,1310.281697700231,1315.5267333984375,2469237
2026-04-02,1308.3390820367895,1372.2505708873946,1302.7055032991818,1361.9547119140625,6509389
2026-04-06,1356.9039655583058,1381.4778643297457,1354.0871762758024,1363.023193359375,2134581
2026-04-07,1351.0761971608322,1404.98326325891,1348.2594078315547,1400.223876953125,3459049
2026-04-08,1408.2857488059858,1423.9236312751325,1390.8023754342585,1419.067138671875,4239052
2026-04-09,1417.0274334936837,1426.837524825088,1394.784673688786,1422.855224609375,3101205
2026-04-10,1410.3255482102886,1415.7647965837057,1380.312398161064,1409.5484619140625,3450066
2026-04-13,1399.6411847669165,1406.2460622119338,1376.8156692623902,1388.3741455078125,2252652
2026-04-15,1403.526280064429,1432.5681278427714,1395.8529984877596,1409.6455078125,3993858
2026-04-16,1418.0957990201716,1426.5460484780597,1393.9104428440883,1408.5770263671875,5229848
2026-04-17,1401.8751070484177,1416.1531469053489,1388.9567901746564,1400.90380859375,3319268
2026-04-20,1404.400493568223,1410.228284438359,1383.129033178886,1387.3056640625,2352656
2026-04-21,1388.9568315587173,1413.2392936489045,1381.5749867966422,1399.8353271484375,3091487
2026-04-22,1306.3965083504145,1319.0233891002697,1244.2334031203575,1248.4100341796875,33066256
2026-04-23,1252.9751562640483,1257.15178754495,1235.4917819905966,1240.9310302734375,8304759
2026-04-24,1251.6218619302792,1252.0178436546378,1185.9918485183598,1191.040283203125,10903519
2026-04-27,1196.7816837673115,1219.549242680999,1188.8625328408116,1215.78759765625,6066942
2026-04-28,1215.4907250223948,1220.2421431663045,1180.2505268992788,1183.9130859375,6643295
2026-04-29,1187.8727482542276,1198.5636513231816,1180.0525618275544,1188.0706787109375,4777201
2026-04-30,1187.8727402459547,1201.4342390290972,1172.0344370426753,1186.9818115234375,5070033
2026-05-01,1186.9818115234375,1186.9818115234375,1186.9818115234375,1186.9818115234375,0
2026-05-04,1195.7918803363182,1201.2362970100348,1179.359665088433,1188.36767578125,3318673
2026-05-05,1187.8727482542276,1193.2181997887046,1177.9738086854425,1188.0706787109375,2459953
2026-05-06,1195.7919057864779,1199.751481633453,1174.4102203801453,1177.0828857421875,3541520
2026-05-07,1182.9231744098379,1183.913068279637,1169.1636254523005,1171.4404296875,3725309
2026-05-08,1167.8769370248579,1190.644498001188,1164.90725515838,1186.2889404296875,2813749
2026-05-11,1184.804006505599,1194.1090331242458,1179.0625736796997,1182.82421875,2505962
2026-05-12,1171.0444630813495,1172.0343569639203,1131.0527260581548,1134.220458984375,3959561
2026-05-13,1134.7154964657793,1142.931543844691,1125.6083995174693,1131.646728515625,2635034
2026-05-14,1127.4891556166244,1131.6466616749285,1092.2489568340422,1112.6407470703125,5837032
2026-05-15,1110.5619921830983,1140.3577744488487,1110.4630269602867,1121.15380859375,3729249
2026-05-18,1117.5902205133277,1137.8830455979364,1110.0670509907557,1135.0123291015625,2588569
2026-05-19,1144.3174142705511,1186.1899769855322,1140.6548549643858,1167.48095703125,5756760
2026-05-20,1154.4141906480702,1169.0646683575774,1150.652666418684,1157.9779052734375,1415960
2026-05-21,1161.8384595944722,1168.6687518922563,1151.4445733090024,1156.39404296875,2245247
2026-05-22,1158.0769708112805,1164.1152998147552,1148.1780311870052,1152.236572265625,2044782
2026-05-25,1156.1961159082641,1166.0950552567938,1150.3557175252993,1153.9193115234375,1419803
2026-05-26,1153.9192390579726,1161.838390039478,1148.2768923183116,1150.15771484375,1196820
2026-05-27,1143.6244635296307,1157.9779249858127,1142.0405366306575,1153.42431640625,1004168
2026-05-28,1153.42431640625,1153.42431640625,1153.42431640625,1153.42431640625,0
2026-05-29,1168.0747806951965,1179.6564907792917,1165.1050990493613,1171.83642578125,12446602
2026-06-01,1178.072747125031,1200.5434119372007,1178.072747125031,1183.022216796875,5970435
2026-06-02,1197.7716587190891,1244.2966735618968,1190.0504377083842,1230.93310546875,7663067
2026-06-03,1216.3817277239782,1217.5695521230916,1164.907242593571,1167.0849609375,4800922
2026-06-04,1154.6123413674918,1164.610246215695,1146.4951383776315,1156.4931640625,2025595
2026-06-05,1167.0848647183482,1170.5494932395648,1135.4082610957976,1143.0303955078125,1971395
2026-06-08,1130.3598899886003,1147.2870518319028,1120.856932535927,1139.6649169921875,1546444
2026-06-09,1146.9900420972515,1147.2870586092952,1124.9154800807084,1134.7154541015625,2225582
2026-06-10,1129.2710855592654,1140.3578496517691,1118.5801823841139,1120.658935546875,1600595
2026-06-11,1101.6530107998524,1102.7418699870848,1078.4894679990384,1098.980224609375,3435236
2026-06-12,1108.6811510385824,1111.155885750722,1089.3782202838927,1098.38623046875,2203987
2026-06-15,1112.1457872602355,1116.6003097726264,1101.7519013979902,1107.98828125,2361006
2026-06-16,1129.4688977693256,1150.1577036749375,1126.0042692485608,1147.2869873046875,8343470
2026-06-17,1157.1860191207213,1161.7395070902196,1147.58409621033,1155.00830078125,2263670
2026-06-18,1140.3578288590681,1156.9880955312617,1124.6184909080034,1150.058837890625,3368037
2026-06-19,1098.7822889851088,1124.5195317901655,1080.370285607286,1120.262939453125,10014063
2026-06-22,1124.519489786046,1137.0910941981099,1115.6104445324595,1119.0750732421875,2312385
2026-06-23,1110.2650463176826,1114.4226734702142,1094.3277776579753,1098.287353515625,3235632
2026-06-24,1086.5075036113628,1110.1659916215428,1082.1519463516245,1102.642822265625,3503015
2026-06-25,1121.5497933111187,1122.0447402631537,1086.4085597166397,1089.576171875,5877425
2026-06-26,1089.576171875,1089.576171875,1089.576171875,1089.576171875,0
2026-06-29,1084.5277065108403,1097.0994312395699,1075.0247494674097,1091.259033203125,5186504
2026-06-30,1091.35807971494,1094.5256920198099,1057.8006506475288,1060.9683837890625,3794233
2026-07-01,1059.1864801751997,1065.6207905687872,1019.5907239069678,1023.7482299804688,3819777
2026-07-02,1038.3987015097157,1071.956128900288,1037.408807609325,1067.20458984375,3726609
2026-07-03,1115.7093743357589,1147.2870134549564,1103.8306477080976,1127.4891357421875,12768463
2026-07-06,1133.4285739039879,1136.2992905292433,1114.6205888348386,1122.7376708984375,2747815
2026-07-07,1123.529612762691,1163.1253700406712,1122.5397188307415,1156.39404296875,5179529
2026-07-08,1153.2264273281507,1164.6102075120768,1130.1618504469234,1134.0224609375,3091794
2026-07-09,1132.5375461008239,1150.1577052219316,1109.6710220003508,1138.77392578125,2033525
2026-07-10,1161.1455289767832,1179.4585658788042,1141.8425981881667,1152.33544921875,3979475
2026-07-13,1150.2567271120654,1224.4987706003656,1150.2567271120654,1208.8583984375,9028077
2026-07-14,1187.8726953172163,1196.88070575604,1152.2365144577,1154.9091796875,9754723
2026-07-15,1145.3072123070285,1169.6585774419905,1132.9335388810666,1156.196044921875,3253196
2026-07-16,1163.521297781958,1191.8322387544756,1162.8282995597583,1175.4000244140625,5147444
2026-07-17,1197.800048828125,1223.5,1195.800048828125,1203.9000244140625,5037972
2026-07-20,1205.0,1224.699951171875,1200.0999755859375,1221.300048828125,3612829
2026-07-21,1219.0,1240.699951171875,1217.199951171875,1239.5,4642320
