date,open,high,low,close,volume
2021-07-23,2184.1333485457476,2193.073440967377,2159.101044993088,2162.21875,1517589
2021-07-26,2161.439428082877,2163.9609927990623,2143.7884750695794,2153.599609375,1311535
2021-07-27,2153.5994738464397,2163.4564989348496,2138.286744760263,2147.82275390625,1656945
2021-07-28,2154.791686439639,2171.70904873767,2148.4649408194014,2165.24462890625,912373
2021-07-29,2165.2447603460373,2174.4140872279304,2136.4531634811005,2140.80859375,1012663
2021-07-30,2145.6224079089297,2160.7976880873966,2125.449889543974,2139.47900390625,1708251
2021-08-02,2147.4564884336182,2157.90943218067,2131.5019482174794,2139.020751953125,1229936
2021-08-03,2136.4533375720525,2194.2201016351596,2132.8773893409325,2188.5810546875,1733476
2021-08-04,2188.5809632052687,2195.8246421852305,2170.884116848791,2179.640869140625,1588974
2021-08-05,2192.385952609774,2192.385952609774,2158.459444769305,2161.85205078125,921757
2021-08-06,2161.8519008480093,2182.987241606257,2161.668559103959,2174.505615234375,1432661
2021-08-09,2181.7954704787753,2196.0538187504912,2177.5777143707664,2186.426025390625,921476
2021-08-10,2195.1367286899463,2195.1367286899463,2163.1358692653607,2183.9501953125,1061370
2021-08-11,2191.468772784935,2196.0534354895062,2165.9780033754237,2191.88134765625,1300594
2021-08-12,2196.053798497601,2213.0170533085425,2179.961584972414,2193.578125,1226064
2021-08-13,2201.555140244041,2209.4865175732757,2189.6350166192296,2204.764404296875,1033159
2021-08-16,2204.305771857298,2234.4270945984576,2193.8984982404863,2224.844970703125,1146309
2021-08-17,2230.8968337306833,2280.8237649539165,2229.1088600787043,2277.47705078125,1921902
2021-08-18,2278.5779472979157,2292.3319389315047,2250.153031255165,2279.540771484375,1545643
2021-08-20,2283.162472171379,2411.533052936035,2270.3254140949134,2401.8134765625,5779927
2021-08-23,2406.9480469768787,2450.8233609202557,2378.981603002481,2415.337890625,2163220
2021-08-24,2415.200379832,2437.2067614250022,2393.1939982389977,2414.283447265625,1482854
2021-08-25,2413.366983695652,2444.955271973817,2402.9597075006236,2425.287109375,1746570
2021-08-26,2412.449852741006,2473.7009998175936,2412.449852741006,2444.9091796875,2117291
2021-08-27,2447.2930100539866,2466.5485938723205,2430.8800067244592,2455.49951171875,1176229
2021-08-30,2468.0161132066914,2480.9906212010574,2449.6774594419235,2464.43994140625,1168190
2021-08-31,2464.6232641041543,2510.057323226969,2453.3908387601336,2497.81640625,2535891
2021-09-01,2516.9804741986704,2544.488457523246,2489.472490874095,2505.885498046875,1775792
2021-09-02,2519.730705761241,2576.5805251779793,2503.3633698204517,2568.3740234375,1946183
2021-09-03,2569.428796771917,2575.4347507982197,2527.066550315939,2536.877685546875,1561823
2021-09-06,2558.242124344716,2590.334767481657,2544.7632589993036,2549.623046875,1444978
2021-09-07,2556.958567742195,2575.3887803425378,2539.9035303049654,2546.9638671875,1219915
2021-09-08,2557.2336235498806,2576.580993866543,2535.410803473173,2568.23681640625,946711
2021-09-09,2550.9067259695657,2589.0968827002084,2550.9067259695657,2577.1767578125,879454
2021-09-13,2565.1192178317674,2587.9966438317465,2544.4882321655605,2554.8955078125,1341412
2021-09-14,2569.2452128757213,2571.0790781240266,2522.5275404472445,2533.072265625,1755061
2021-09-15,2543.571371231245,2553.6576311748436,2520.6939445858234,2544.90087890625,1362350
2021-09-16,2523.3986724464917,2564.93576658699,2523.3986724464917,2538.298828125,1259196
2021-09-17,2539.995189306219,2551.8235307886684,2474.8011892197687,2496.119873046875,3095032
2021-09-20,2494.0570314432994,2575.6640446044953,2484.93359553053,2567.732666015625,2671330
2021-09-21,2576.5807082504507,2621.7855319964838,2564.3395680104672,2578.8271484375,2277437
2021-09-22,2592.9937622417,2603.996954087745,2543.5711817440856,2553.198974609375,1580594
2021-09-23,2566.4946160161967,2583.6412126587056,2542.5169155608255,2551.181884765625,1054473
2021-09-24,2539.995661644749,2549.0732069020873,2504.510182877493,2518.493408203125,1635284
2021-09-27,2535.318466780656,2535.318466780656,2479.8440482489273,2484.4287109375,1465932
2021-09-28,2498.6417854796455,2525.645410646024,2484.796011179194,2497.58740234375,1078052
2021-09-29,2489.426220987415,2516.475733810821,2454.6286721443216,2462.2392578125,1503894
2021-09-30,2462.239021129096,2480.577672127919,2459.1672075425986,2477.368408203125,1620199
2021-10-01,2481.220103055412,2486.721699736245,2457.4716335940357,2479.43212890625,956111
2021-10-04,2475.7181685362875,2497.7245522566104,2457.104390867413,2463.064453125,1025005
2021-10-05,2463.0645639440045,2489.4263789617203,2462.881222176855,2483.649658203125,562784
2021-10-06,2470.2624631907966,2506.8938779743175,2453.7117840011974,2462.927001953125,862471
2021-10-07,2473.884275290835,2479.6151043199557,2444.542430661737,2447.659912109375,1082816
2021-10-08,2448.6686008279357,2456.0499533089546,2407.3148494611005,2420.748046875,1579941
2021-10-11,2422.7196669590294,2444.0842448033245,2416.576262306945,2425.37890625,1086252
2021-10-12,2406.9483469886904,2464.7609987237042,2406.9483469886904,2453.849365234375,1174337
2021-10-13,2464.806609950638,2469.849739247255,2423.086176678627,2426.891357421875,1660007
2021-10-14,2426.891528144012,2454.399508060635,2402.363579385024,2429.458984375,2158809
2021-10-18,2450.7781773520624,2456.371333446059,2423.4994249410124,2433.539794921875,1758177
2021-10-19,2448.118416627324,2505.0600242932765,2311.128766922109,2335.244140625,5431133
2021-10-20,2355.60008520027,2369.354075577072,2264.8237487133774,2272.755126953125,4864654
2021-10-21,2295.449214993159,2296.91639684673,2226.312579458627,2242.588134765625,3254632
2021-10-22,2254.7372649645436,2290.7268695395164,2228.146219546092,2250.244384765625,1845622
2021-10-25,2250.2447329349848,2258.909702579586,2209.807909446135,2251.849365234375,1560381
2021-10-26,2277.7275415015733,2277.7275415015733,2229.892536419655,2248.159423828125,1595060
2021-10-27,2264.9032432622957,2265.08771171756,2205.9972174927416,2211.025390625,3083879
2021-10-28,2214.162435127236,2228.923518028085,2184.64026932554,2204.61376953125,2015791
2021-10-29,2214.1626970370958,2216.00783261796,2189.253366695428,2207.843017578125,2453400
2021-11-01,2207.704838144641,2224.218712363869,2184.871284135414,2220.713134765625,1941114
2021-11-02,2228.00095308612,2239.994332957805,2216.0075732144346,2231.598876953125,1350154
2021-11-03,2245.529365215164,2245.529365215164,2201.430592289004,2224.63330078125,1591607
2021-11-04,2240.9168651250698,2241.8394327928854,2232.6137561147257,2235.2431640625,245719
2021-11-08,2259.368036962324,2259.368036962324,2214.2545717250646,2243.592041015625,2555533
2021-11-09,2250.8809814410465,2256.7853253136295,2229.338933044708,2242.900634765625,1696949
2021-11-10,2224.3566591004865,2232.6135940809363,2210.471971660299,2214.300537109375,1794509
2021-11-11,2216.6531194363647,2220.5740317221494,2182.9794021584476,2192.205078125,1282647
2021-11-12,2203.0912850134637,2226.7091041265194,2192.2049429967233,2218.728759765625,1651974
2021-11-15,2217.944918240035,2241.8393296425534,2217.944918240035,2236.995849609375,1007999
2021-11-16,2246.1292576965247,2246.1292576965247,2214.2547253123867,2220.29736328125,1245209
2021-11-17,2217.85215215205,2223.433730277708,2202.3529739283745,2205.9970703125,956809
2021-11-18,2204.9361107340683,2220.0201779877475,2186.4847625270886,2213.608154296875,1236943
2021-11-22,2222.834276192178,2223.2955599902784,2193.0814712146957,2203.598876953125,1629290
2021-11-23,2202.9071803024035,2214.1624610990734,2155.5794126491605,2208.8115234375,1932539
2021-11-24,2219.697669450403,2219.697669450403,2183.7175326638003,2190.867431640625,999070
2021-11-25,2202.168866154651,2202.168866154651,2159.7307564591697,2167.157470703125,1363272
2021-11-26,2162.498113767791,2181.872030316052,2145.153800572585,2154.287353515625,2450902
2021-11-29,2153.641646446176,2160.8838919689742,2107.790083240306,2149.02880859375,1724612
2021-11-30,2142.201816029922,2178.18194989089,2123.7504653319897,2138.096435546875,3931035
2021-12-01,2158.808171914308,2174.261179127797,2143.3551647008185,2163.28271484375,1263139
2021-12-02,2174.4917985531033,2203.0913936974166,2163.4209875294982,2198.75537109375,1673117
2021-12-03,2198.7557270711723,2204.8445389781946,2156.871016775684,2162.17578125,1890178
2021-12-06,2162.4981353647304,2180.9033112221523,2122.82773441734,2127.90185546875,1079171
2021-12-07,2147.645003442618,2160.330307809702,2132.976268850808,2141.8330078125,895313
2021-12-08,2138.74234043503,2162.913566527393,2138.74234043503,2159.36181640625,839769
2021-12-09,2159.730601998244,2166.742205367051,2141.7867084684403,2158.577392578125,716666
2021-12-10,2165.266186534611,2165.266186534611,2140.356860997144,2152.165771484375,724539
2021-12-13,2169.878707242946,2169.878707242946,2122.8277658869124,2125.91845703125,1804894
2021-12-14,2126.5181369952916,2144.923314001436,2125.5955694738186,2138.788330078125,1219031
2021-12-15,2136.666733497352,2144.7853740777527,2122.3669345469166,2141.2333984375,755122
2021-12-16,2141.2327853919987,2145.2460437203467,2125.5491394205355,2130.66943359375,926493
2021-12-17,2124.6734417035645,2130.1626745452127,2053.635727847214,2057.556640625,2439222
2021-12-20,2053.6354404246763,2098.2416731716976,2030.7095458851932,2093.398193359375,2175705
2021-12-21,2112.6796087992666,2124.3961711894704,2078.313968874475,2096.857666015625,1591415
2021-12-22,2121.9056100305556,2137.958197159767,2093.3060126779696,2101.2861328125,1661605
2021-12-23,2120.936563069817,2126.518141634147,2098.4721790146714,2122.5048828125,1423081
2021-12-24,2131.1313501993504,2133.8990532515572,2106.4988380819586,2119.091796875,895503
2021-12-27,2119.091396971638,2129.378159849496,2101.8394295824955,2123.19677734375,584302
2021-12-28,2131.1312461712605,2138.88072424466,2119.8297925930797,2130.301025390625,783710
2021-12-29,2135.6515864361554,2142.0636112628677,2121.029025533564,2128.22509765625,1410236
2021-12-30,2129.285672023917,2149.5821558993616,2118.8144413846076,2145.52294921875,963711
2021-12-31,2158.80805910807,2186.8080742426982,2149.5823836417967,2177.397705078125,1123597
2022-01-03,2193.8658187106234,2193.8658187106234,2170.8016280177026,2178.458984375,879278
2022-01-04,2185.5164514267585,2221.6351077854724,2172.969667320708,2215.3154296875,1484275
2022-01-05,2217.668201674402,2232.6137528237414,2206.781858162971,2228.739013671875,1202512
2022-01-06,2212.3173082989642,2225.2332558870316,2184.3634624003967,2206.228271484375,1198901
2022-01-07,2203.091336677933,2234.3662869156815,2203.091336677933,2229.0615234375,1026186
2022-01-10,2237.2263021923413,2237.2263021923413,2216.0072486045374,2220.666259765625,919447
2022-01-11,2229.984449236247,2231.045537244075,2206.78196143357,2217.52978515625,1321335
2022-01-12,2220.80471306216,2228.923353104157,2212.7784198759605,2226.2939453125,1487554
2022-01-13,2230.7689863532246,2234.366910752829,2217.161111022906,2227.26318359375,1586299
2022-01-14,2232.613699122521,2233.536266766787,2177.9977396292516,2180.673095703125,1596037
2022-01-17,2180.95007834916,2208.811578296047,2163.421291763443,2204.521728515625,912205
2022-01-18,2222.1882824344107,2222.1882824344107,2174.8605248452136,2186.023681640625,1667579
2022-01-19,2180.9500656883006,2185.1939672473404,2126.5647442497966,2131.0390625,2145255
2022-01-20,2144.969805165682,2145.477262424906,2069.3192571985483,2086.66357421875,2829711
2022-01-21,2089.4309234306847,2153.5955382375378,2075.7768793547984,2145.33837890625,4596050
2022-01-24,2157.7932378009095,2163.3748167460417,2091.183903108086,2107.697998046875,2231103
2022-01-25,2106.6830783507557,2152.9959260266146,2067.3816091725157,2147.04541015625,1843543
2022-01-27,2131.130757090645,2145.522899051187,2098.840897134726,2117.615234375,2620474
2022-01-28,2116.9231742366246,2139.156912679783,2101.654639237959,2106.728759765625,1967721
2022-01-31,2112.6797111221827,2132.8379023904786,2095.1509274927844,2097.68798828125,1639875
2022-02-01,2124.9497772882905,2140.356609559864,2101.977711293963,2127.11767578125,1270508
2022-02-02,2144.139442850704,2152.3502043716894,2118.7226604993693,2147.64501953125,1246111
2022-02-03,2148.660032239758,2151.381561728838,2112.679894301866,2120.19873046875,1448039
2022-02-04,2127.4407541453415,2133.668085060555,2106.221700656468,2127.994384765625,1014561
2022-02-07,2117.523400314476,2137.3124313751655,2063.783834660051,2082.788818359375,1207402
2022-02-08,2092.3833950526905,2092.3833950526905,2072.59436433985,2089.01611328125,1190660
2022-02-09,2091.9683346232428,2103.77724567414,2080.9436961748984,2101.2861328125,1049611
2022-02-10,2103.453865797984,2108.0667032229794,2081.173951129736,2106.35986328125,1195100
2022-02-11,2102.5316351323763,2102.5316351323763,2074.8546061486245,2083.15771484375,2100036
2022-02-14,2048.1002824123775,2063.092007452558,2036.106902380233,2055.98828125,1661501
2022-02-15,2073.8853768071913,2125.7336205155843,2050.4522545459176,2112.771728515625,1533070
2022-02-16,2112.772016837564,2125.364973684278,2098.8411568667316,2109.45068359375,995668
2022-02-17,2105.299203055527,2133.89879783849,2099.763797613663,2128.870849609375,869374
2022-02-18,2116.3699693999442,2147.552797780108,2116.3699693999442,2133.483642578125,890713
2022-02-21,2120.060325542813,2125.64190451936,2107.836304953848,2117.108154296875,737919
2022-02-22,2103.453977670858,2103.453977670858,2075.869298496765,2094.18212890625,902667
2022-02-23,2094.2285657072484,2097.872662877861,2077.852989918128,2085.371826171875,1324411
2022-02-24,2029.6487068776512,2068.3965458271337,1993.0228184416958,2003.26318359375,2997629
2022-02-25,2025.0359926632968,2025.958560313713,1994.7295552526316,2002.6175537109375,2193728
2022-02-28,1996.4362920120016,2011.1050267987432,1955.8433174978943,2003.9091796875,2334036
2022-03-02,1964.100070792032,1987.9485312073057,1958.6570125347691,1982.68994140625,2034688
2022-03-03,1990.8088019834302,2000.080652659017,1925.0299034360949,1929.089111328125,2372998
2022-03-04,1914.327745279424,1917.0492746170337,1822.3016283677987,1863.125244140625,6320118
2022-03-07,1826.2224928441972,1826.8221842843884,1777.787695736685,1793.4251708984375,2976453
2022-03-08,1775.5273755035412,1806.3872141713298,1754.3083224259412,1798.0841064453125,3211938
2022-03-09,1811.9229310414248,1851.6395148775414,1799.9295511516395,1843.197998046875,2879079
2022-03-10,1893.016245468416,1950.307779804072,1890.3408896965675,1939.1907958984375,4879791
2022-03-11,1937.3918100514977,1946.8019537959337,1909.7147841936192,1932.225341796875,2481643
2022-03-14,1932.7789999825723,1932.7789999825723,1887.6654246669948,1899.8433837890625,1730325
2022-03-15,1886.650824336971,1919.6787909056195,1868.1994715317196,1880.3773193359375,2391023
2022-03-16,1900.4893793550675,1918.9407325526897,1874.70365830864,1911.698486328125,2808685
2022-03-17,1935.639106275331,1952.7987279140002,1921.1086670661186,1939.283203125,2995889
2022-03-21,1943.3886385101139,1947.4478458328756,1887.5732990228782,1892.37060546875,1674982
2022-03-22,1894.7233746492507,1894.7233746492507,1816.5357636929396,1839.138671875,5356303
2022-03-23,1856.2060329404437,1860.403760616855,1822.3016732433457,1825.34619140625,3212162
2022-03-24,1817.4580414741008,1837.1548357958966,1800.2521344461686,1813.675537109375,3054664
2022-03-25,1821.9786658067917,1823.916035126248,1794.3938737079172,1801.7744140625,2233647
2022-03-28,1808.1862866220808,1827.4219107941271,1781.7548155020881,1822.1632080078125,1794533
2022-03-29,1826.6838416765195,1840.3839479654703,1821.1946095227677,1833.18798828125,1249125
2022-03-30,1845.1352295498923,1862.6640142306164,1840.5685649040033,1859.8040771484375,1476829
2022-03-31,1863.0329557864059,1894.9537708833109,1861.7413386769822,1890.0179443359375,2540524
2022-04-01,1895.7840679842056,1924.3377153455756,1880.5618152277048,1917.2337646484375,1714996
2022-04-04,1917.0957842913808,1967.329553226161,1909.8997107949106,1963.6392822265625,1693019
2022-04-05,1978.4458852242442,1990.900545728104,1962.300954941463,1974.10986328125,1277652
2022-04-06,1969.6818883232045,1996.8052865269308,1957.0427568505327,1976.18603515625,1736115
2022-04-07,1974.2486635833036,2006.584705844274,1969.7743454729411,1997.174560546875,1824732
2022-04-08,2009.075281976827,2023.6518941209981,1995.9748679875904,2014.0111083984375,1693462
2022-04-11,2018.5778301287842,2024.2055823639428,1973.2796726397237,1995.559814453125,1380107
2022-04-12,1975.1245273813329,1997.3584926129786,1960.4557952898751,1967.1444091796875,1370233
2022-04-13,1972.1728485640856,1997.3589908165504,1965.7148749217226,1985.50390625,1071601
2022-04-18,1981.6752569101895,2013.8727769023644,1969.7280512232717,2009.029296875,1828131
2022-04-19,2016.4560910850196,2035.9685322519292,1938.36082869583,1949.431640625,1775996
2022-04-20,1950.6769054291142,2000.726199322018,1930.6572329192002,1997.312744140625,1511804
2022-04-21,2015.809998008398,2033.1081387235731,2000.1263504266392,2027.7572021484375,2244813
2022-04-22,2013.0425187732717,2019.5004920232318,1955.843327130768,1962.255126953125,3520828
2022-04-25,1937.39193661304,1994.5911271225677,1888.4958544032822,1938.0838623046875,2437310
2022-04-26,1976.3242431340236,1990.8546826536087,1956.7658553041135,1981.9981689453125,1447088
2022-04-27,1981.4905209911224,1985.7341963482077,1940.6207357053515,1978.9996337890625,2214481
2022-04-28,2057.325784433154,2075.777136759909,1997.358889371201,2068.25830078125,5865359
2022-04-29,2070.6108785522424,2112.6800562293024,2050.4529092273547,2061.800537109375,2678692
2022-05-02,2048.0996632271354,2077.6218205349137,2035.091372568921,2057.78662109375,1543544
2022-05-04,2068.3505289089035,2076.561516258867,1982.2749208249636,2003.40185546875,1608395
2022-05-05,2009.3521410025294,2031.4475889658502,1986.8415826854189,1998.8349609375,1101451
2022-05-06,1960.4558944592732,2001.9714310478225,1943.1115807928168,1982.781982421875,1585602
2022-05-09,1957.2271063005157,1973.7409757642536,1946.7558742515077,1952.7525634765625,1341414
2022-05-10,1968.7593575486865,2027.711340063075,1954.9208428517652,2011.56640625,2162232
2022-05-11,2015.8103020008812,2020.1463248801338,1952.1531345692745,1995.97509765625,1858636
2022-05-12,1997.2205530262227,1997.2205530262227,1945.8795310968778,1973.1876220703125,1531515
2022-05-13,2001.9719603820347,2046.255211118596,1987.3491718672285,2024.2059326171875,2057239
2022-05-16,2029.649060720628,2049.899377892837,2004.0939789578993,2045.5633544921875,1396818
2022-05-17,2064.613986444951,2100.6864704769278,2049.2994990966104,2071.164306640625,2055096
2022-05-18,2062.9531478936055,2123.7502522488235,2062.9531478936055,2113.970947265625,2137455
2022-05-19,2071.7178290173856,2106.9598652076074,2071.5793087399024,2089.200439453125,1734602
2022-05-20,2112.679448532611,2166.1883603295064,2105.9446611385215,2145.845703125,2599505
2022-05-23,2130.2087744947225,2203.091621261757,2127.7640602356446,2195.526611328125,2363306
2022-05-24,2195.710572764617,2195.710572764617,2123.7964837164777,2130.807861328125,3078655
2022-05-25,2149.5362916112877,2149.5362916112877,2109.4507752396985,2120.7060546875,1884260
2022-05-26,2112.817929570817,2118.2150396923926,2083.1574737044525,2103.638427734375,2299127
2022-05-27,2119.1376270697115,2154.102846538108,2103.9152627481394,2150.135986328125,1011303
2022-05-30,2160.8376106165097,2181.872195220209,2150.5048993904047,2167.06494140625,939562
2022-05-31,2177.2593130842984,2184.5475062836144,2125.503185928786,2171.031982421875,3123979
2022-06-01,2186.4852537874876,2226.8937604870093,2123.7506557885217,2129.701171875,2197599
2022-06-02,2117.292467917809,2128.3171047841256,2082.373197034353,2107.88232421875,1460335
2022-06-03,2107.144149119919,2144.9232428233177,2089.753661822762,2114.478515625,1845303
2022-06-06,2096.258170795974,2123.7045584032867,2073.5631417313366,2103.91552734375,2131405
2022-06-07,2075.7772157284135,2084.864597189544,2036.1529801465351,2040.3507080078125,2034730
2022-06-08,2043.4871668520366,2047.1312637050473,2016.7327073311749,2026.9271240234375,1506843
2022-06-09,2026.881347231475,2037.3525812909693,2002.6639437882225,2027.527099609375,1497867
2022-06-10,1995.5139817929394,2037.8138019222129,1995.329513295874,2029.556640625,1641981
2022-06-13,2000.1263414732807,2045.332149006579,1989.055531465126,2026.7884521484375,1519441
2022-06-14,2021.207221128956,2042.5183965410713,1992.745921918183,2002.8941650390625,1592475
2022-06-15,2009.12997070331,2009.316067845654,1983.3492678056143,1997.8218994140625,1432377
2022-06-16,1996.3795031731913,2014.0630512199468,1987.1189537199953,1997.961669921875,1353485
2022-06-17,2010.3402675696632,2010.7124619144486,1954.4974823593948,1964.223388671875,3252189
2022-06-20,1964.7347694778286,2050.2671870270387,1962.082147042186,2043.752197265625,2022000
2022-06-21,2042.914794921875,2077.351171875,2021.6479144811628,2052.221923828125,1606187
2022-06-22,2037.517065444526,2070.7434775451175,2034.5854100804563,2050.221435546875,1741378
2022-06-23,2055.0140404155354,2100.944811964209,2040.2157965035597,2096.52392578125,1585753
2022-06-24,2108.0648874286912,2158.1372909061834,2103.457903649479,2144.26953125,1930048
2022-06-27,2155.391646400277,2170.2830533947563,2138.824910673951,2159.85888671875,1450391
2022-06-28,2159.859033532507,2162.977012973852,2120.024698894455,2157.06689453125,1404108
2022-06-29,2137.1031691398257,2140.546761833503,2070.8364482410825,2078.700927734375,1682914
2022-06-30,2070.743094395346,2093.17336676102,2060.039895765843,2076.04833984375,2387212
2022-07-01,2071.7671225755216,2134.124893111263,2050.919242420677,2124.212890625,1235612
2022-07-04,2118.302947562289,2213.5149400791533,2118.302947562289,2210.629638671875,2410245
2022-07-05,2219.2850573839755,2244.879663833151,2207.2789510668454,2235.107177734375,2463079
2022-07-06,2233.71114676327,2335.2520235331563,2233.71114676327,2325.293212890625,4770394
2022-07-07,2331.4360868273643,2355.634625053916,2294.6729229831803,2301.606689453125,3333262
2022-07-08,2304.8641486646393,2330.3192399417867,2282.85287724535,2323.850830078125,1346970
2022-07-11,2314.683277789203,2350.0503725041167,2308.168286657509,2318.033935546875,1587197
2022-07-12,2303.5144792515607,2318.033691707686,2275.081154072802,2279.827880859375,1116476
2022-07-13,2293.276670878791,2344.7917226993836,2290.85672635887,2324.688232421875,2528792
2022-07-14,2329.342091585672,2348.095868699102,2297.185910184536,2324.735107421875,1663307
2022-07-15,2354.7039259067183,2395.562136339821,2328.690542605013,2390.536376953125,2996964
2022-07-18,2402.1700447340963,2424.50715479749,2357.542405698242,2376.575439453125,1566888
2022-07-19,2373.2718224136174,2396.586230998991,2347.9564715544484,2390.024658203125,1473121
2022-07-20,2396.5862002476183,2436.606863009035,2359.916195491061,2424.042236328125,4012897
2022-07-21,2435.6759523656815,2447.68205933035,2412.1288677174807,2426.78759765625,1990695
2022-07-22,2435.6759511785335,2460.0605866356937,2430.1382542048914,2457.640869140625,1905780
2022-07-25,2462.2008801941065,2470.1119395332294,2431.021999269328,2441.818359375,1253821
2022-07-26,2443.1215914391,2443.1215914391,2362.2427237400657,2370.619140625,1685576
2022-07-27,2359.683113104987,2411.011840198826,2350.0501434093944,2403.05419921875,1404133
2022-07-28,2443.1219268109276,2443.1219268109276,2405.8934022119042,2438.5615234375,1442054
2022-07-29,2457.08229818408,2461.735863142762,2416.130926547679,2454.662353515625,1463059
2022-08-01,2454.75559668609,2455.22095319731,2401.239597895777,2413.3388671875,1559918
2022-08-02,2419.853744456171,2456.2447128108165,2418.923031477534,2452.661376953125,1359934
2022-08-03,2434.0469255488947,2479.419179681581,2417.8989657522525,2444.3779296875,1767904
2022-08-04,2451.4978019028654,2460.292993446503,2433.8142566347733,2445.866943359375,1189384
2022-08-05,2455.220968777058,2473.509388894115,2445.495063075813,2462.108154296875,1176666
2022-08-08,2462.107877139054,2473.8349508660503,2444.0987184027517,2466.715087890625,1024511
2022-08-10,2466.7154054852,2491.239557844071,2448.8921143690263,2459.6884765625,1098949
2022-08-11,2472.0207743267024,2482.9100730310865,2425.997053260057,2432.60498046875,810674
2022-08-12,2443.028125367328,2444.1451625929203,2405.985934863655,2415.1533203125,1473527
2022-08-16,2427.2529025034546,2464.853843722323,2411.0585873295126,2461.2705078125,1584117
2022-08-17,2467.320027889315,2507.34068469778,2461.270393720594,2498.638427734375,1711381
2022-08-18,2498.964307798236,2526.885696712183,2480.0242080950043,2496.21875,1465489
2022-08-19,2502.6872877942105,2511.947836813186,2444.5177245784657,2452.010009765625,1324508
2022-08-22,2464.5280903001526,2482.0255406158353,2438.561287791541,2444.703857421875,1410895
2022-08-23,2421.761877769445,2447.4960020805047,2406.125853468167,2413.106201171875,1305045
2022-08-24,2397.5169772650443,2429.1612230829833,2383.835539959323,2408.918212890625,1242489
2022-08-25,2420.97080576477,2446.28615596523,2387.6978133263765,2395.841552734375,1106593
2022-08-26,2419.760329714929,2433.534925806054,2384.486402396111,2393.374755859375,1048791
2022-08-29,2373.3181258060654,2427.2063170667802,2373.3181258060654,2397.33056640625,1450034
2022-08-30,2409.336523273569,2482.211391344048,2406.4514495172953,2475.556884765625,2227943
2022-09-01,2466.3893587664284,2471.0429235942897,2414.2694326943833,2425.43798828125,1702269
2022-09-02,2433.8143825228476,2441.260086178749,2405.8929938132164,2423.204345703125,937600
2022-09-05,2417.0619395801264,2440.701961614832,2406.9172576008355,2420.41259765625,1274074
2022-09-06,2411.6636411836425,2438.4682228183756,2385.417578276144,2394.81787109375,1250776
2022-09-07,2393.607581856152,2416.968340289085,2383.3697395276185,2386.906494140625,1344964
2022-09-08,2401.2395369991264,2416.1309449805162,2385.4174160188995,2398.5869140625,1004533
2022-09-09,2417.992346167213,2463.597282642268,2404.450426728119,2409.336669921875,1785443
2022-09-12,2411.4769751463623,2424.506954942599,2395.6548568223607,2401.611328125,1595709
2022-09-13,2417.9926066904686,2428.230450675686,2400.309057988729,2407.382568359375,1342130
2022-09-14,2373.318183967383,2425.4381127133333,2370.246785578454,2393.2353515625,1610054
2022-09-15,2401.239624928891,2418.737075392725,2374.2489469742636,2382.99755859375,1199906
2022-09-16,2377.9719147737073,2386.2088164056318,2344.1404034915768,2352.982177734375,2516820
2022-09-19,2355.634841254877,2408.6854876205534,2334.275021189461,2400.541748046875,1166725
2022-09-20,2418.551223322361,2439.8644630460844,2400.867673904899,2404.5439453125,1253333
2022-09-21,2403.1006133665405,2463.3642712733895,2401.239187639688,2441.818359375,1960049
2022-09-22,2441.3534191357107,2514.088550922145,2438.5146989733626,2506.177490234375,2620240
2022-09-23,2510.9704141412954,2535.029435145417,2488.7264651964556,2496.21875,1789791
2022-09-26,2483.6076189345317,2539.9157549456013,2459.921018735176,2476.20849609375,2678551
2022-09-27,2490.5882195781237,2525.7226385949675,2469.5540129323945,2493.613037109375,1898501
2022-09-28,2484.9568387403497,2521.0685443686107,2468.297168875616,2514.87939453125,1526197
2022-09-29,2523.256079212632,2538.05432487034,2504.6418194042685,2513.43701171875,2019666
2022-09-30,2519.4401616202003,2526.7927036363517,2483.049191410216,2509.62109375,1340054
2022-10-03,2534.331327920192,2544.5691702290874,2436.1876941403398,2440.794677734375,1683197
2022-10-04,2466.3894502184908,2491.0533447206753,2451.6375582772425,2483.095703125,1327939
2022-10-06,2495.520819589302,2505.758662619022,2424.5539531332897,2432.8837890625,1752351
2022-10-07,2430.929115680719,2431.9529908377535,2396.585897974441,2419.574462890625,1025923
2022-10-10,2391.932203005508,2429.8121733824573,2365.8722412607012,2425.065673828125,1043728
2022-10-11,2429.160755023565,2429.6726925816597,2368.6644143812155,2373.9228515625,1129783
2022-10-12,2385.8361936297756,2424.1351699022425,2377.227098382573,2411.80322265625,882873
2022-10-13,2404.031468304621,2426.5080943947714,2385.324047754245,2388.58154296875,753331
2022-10-14,2410.5466454265525,2443.0284379054874,2392.118482769441,2397.33056640625,1001536
2022-10-17,2395.283296478773,2429.114580925303,2390.0712122909918,2411.058837890625,778918
2022-10-18,2438.467662824839,2458.9433454897803,2417.061267311491,2421.947509765625,1123374
2022-10-19,2434.0935671739553,2436.1410901715394,2399.750123779902,2404.031494140625,1241979
2022-10-20,2390.2105548019117,2429.160985633916,2390.2105548019117,2420.69140625,1428125
2022-10-21,2425.437982906568,2481.978795439789,2425.437982906568,2470.01904296875,2458302
2022-10-24,2429.2542543930936,2457.082484061264,2373.3183084682664,2394.81787109375,719908
2022-10-25,2406.823911204295,2406.823911204295,2326.7825901046936,2331.808349609375,2923789
2022-10-27,2321.19823927991,2354.7039075293396,2315.6139612383386,2344.466064453125,1846329
2022-10-28,2351.0739605456774,2374.1554588131044,2337.950817693374,2349.35205078125,1164951
2022-10-31,2368.664220442707,2393.7934675751053,2365.9186629602423,2373.96923828125,1324443
2022-11-01,2407.0443376702624,2413.462589432024,2386.993534336973,2390.9287109375,1280132
2022-11-02,2402.3596953433735,2402.3596953433735,2343.7060480992495,2359.540771484375,1338284
2022-11-03,2357.104375655982,2388.3051119623005,2350.170980365437,2385.822265625,730444
2022-11-04,2384.5102013800715,2385.494052611196,2356.6826063748276,2361.461181640625,889055
2022-11-07,2371.533438556047,2391.1157606130273,2358.3222450873786,2373.126220703125,1283685
2022-11-09,2351.7634634725714,2384.4631906481854,2335.5071583906392,2350.63916015625,1436444
2022-11-10,2346.1420774835647,2377.998639238533,2343.378098022359,2355.136962890625,1459152
2022-11-11,2384.5570335917323,2386.2436029803034,2337.7091547392424,2345.251708984375,1162847
2022-11-14,2348.7654157270244,2355.2772254587667,2300.3714172362206,2302.8544921875,2137131
2022-11-15,2302.854619380513,2313.348499590698,2290.065009867017,2302.573486328125,1558333
2022-11-16,2308.2418420054555,2326.4656207921867,2275.026742263156,2321.640380859375,1330395
2022-11-17,2323.6080304666507,2340.520161450394,2299.528265107938,2304.915771484375,960476
2022-11-18,2314.285308458912,2331.6659179626067,2294.4687464064905,2327.12158203125,1075675
2022-11-21,2327.1221904608046,2353.638143641051,2314.332807175285,2343.706298828125,1354881
2022-11-22,2347.922260774859,2364.8812870191077,2339.5834285605038,2357.1044921875,921265
2022-11-23,2362.070141632423,2365.817972083248,2344.267946991005,2349.28076171875,734152
2022-11-24,2358.322459003739,2398.6116388754754,2352.841165126067,2388.445556640625,999929
2022-11-25,2393.926561051514,2394.301252575009,2359.4464771620264,2377.48291015625,783480
2022-11-28,2367.6919405844546,2382.2147839081817,2362.8198066386367,2366.00537109375,830905
2022-11-29,2367.8790865656842,2473.521050861577,2367.8790865656842,2468.133544921875,2542932
2022-11-30,2467.9466456779196,2527.9119400300024,2457.640110711155,2515.12255859375,3698270
2022-12-01,2511.0465154871617,2513.8573884522593,2479.9864607226045,2494.977783203125,1675569
2022-12-02,2492.3073440103817,2492.3073440103817,2442.789040807247,2450.238037109375,2101890
2022-12-05,2436.0895342853623,2459.5134721150293,2422.1756237147833,2454.688232421875,1640511
2022-12-06,2442.4612008071144,2492.260407447323,2439.6972215426445,2487.200927734375,1484562
2022-12-07,2492.3542210697833,2548.3374401729443,2488.7937362807015,2536.67236328125,2368561
2022-12-08,2525.1475783453566,2540.138899664637,2516.4338270786425,2534.891845703125,1314703
2022-12-09,2552.9280684970827,2568.7627875835333,2540.326035802867,2550.632568359375,1883397
2022-12-12,2531.846740641604,2552.272461746136,2519.1509196139464,2545.947998046875,1163204
2022-12-13,2545.713849591254,2548.524722446894,2527.724309065042,2539.436279296875,1265839
2022-12-14,2548.524618131547,2548.524618131547,2502.9417233548033,2515.403076171875,886858
2022-12-15,2500.1311147260653,2514.0916926459977,2481.485519660825,2495.3525390625,990722
2022-12-16,2499.8027696932227,2518.2607878724857,2486.0295393132346,2502.894775390625,1793864
2022-12-19,2502.8949660154867,2548.5247569057906,2502.8949660154867,2546.74462890625,1546941
2022-12-20,2535.4072115481604,2535.4541051770434,2485.9826992018316,2505.93994140625,827567
2022-12-21,2518.495530215325,2525.2415802436117,2483.0318167422197,2498.11669921875,779092
2022-12-22,2507.766947485057,2519.010438376079,2475.441911173368,2478.580810546875,852567
2022-12-23,2466.0723653240034,2482.516016701331,2443.6322768985397,2455.859619140625,1189702
2022-12-26,2455.7192934301843,2471.554016166847,2442.4145395401115,2452.43994140625,605144
2022-12-27,2459.5135385661692,2468.7893266975734,2412.899901025725,2429.76513671875,870960
2022-12-28,2429.5311873666774,2438.994551135019,2415.5706098761807,2420.723876953125,822651
2022-12-29,2417.5851352059226,2420.4429019760137,2379.3103211896605,2406.154296875,1345863
2022-12-30,2417.303621302198,2423.39384546772,2394.113921595018,2399.59521484375,696432
2023-01-02,2411.6351479258137,2417.397574589378,2378.0453542016885,2397.1123046875,681703
2023-01-03,2389.288629096571,2400.4852259893814,2375.187372319704,2381.79296875,821843
2023-01-04,2389.7103596638617,2397.1122332067716,2367.738749685802,2376.21826171875,1672649
2023-01-05,2377.577119468793,2428.5475281799704,2377.530225832681,2420.817626953125,2008493
2023-01-06,2417.350414886035,2447.23926843855,2412.5718400080136,2414.024169921875,991782
2023-01-09,2426.1113944322215,2463.683259131931,2407.981172315986,2458.623779296875,1267078
2023-01-10,2458.6239724813863,2486.0768796680745,2450.2382465637206,2477.17578125,1413088
2023-01-11,2477.315731797696,2480.923109820686,2424.9398968952273,2429.76513671875,1471687
2023-01-12,2423.066396823305,2438.52619885642,2410.557920042191,2426.767333984375,1703829
2023-01-13,2426.9074485857586,2472.865263078271,2404.842052094002,2458.57666015625,1348015
2023-01-16,2462.277808968446,2462.277808968446,2421.098566027576,2433.372802734375,930068
2023-01-17,2441.1961878922,2506.361636182838,2437.7763840753073,2499.38134765625,1892865
2023-01-18,2499.8026436298446,2523.6950602012694,2492.3069835290053,2516.855224609375,2038075
2023-01-19,2501.7703015431557,2510.3902647563878,2447.2391922770157,2482.703125,1649842
2023-01-20,2389.2424863597353,2440.7751674380825,2376.1719702724854,2388.0712890625,4569549
2023-01-23,2398.611629271074,2439.8377666491706,2391.115967929602,2432.716796875,1388360
2023-01-24,2439.8377013585127,2445.4594472141775,2418.1003297998273,2436.558349609375,1462462
2023-01-25,2436.5583895331097,2475.442132338579,2430.4681647563493,2457.031005859375,1591810
2023-01-27,2469.3516836418157,2479.7051105733485,2415.6639689590274,2447.4736328125,1581382
2023-01-30,2445.4593254849115,2445.4593254849115,2370.6900635765246,2406.24755859375,2744039
2023-01-31,2406.107041179538,2426.907453495928,2380.996532538842,2414.305419921875,2366794
2023-02-01,2436.277139068055,2438.9006661337953,2386.29058767451,2411.963134765625,2014615
2023-02-02,2407.512884964956,2473.3341654353926,2401.4226597256984,2468.7431640625,1980667
2023-02-03,2473.5682220386975,2489.9180874534236,2465.2760552491372,2481.7666015625,1638238
2023-02-06,2465.1355681110294,2478.2529751629318,2435.855641655891,2471.319580078125,1697446
2023-02-07,2478.252900765544,2478.7682732055678,2431.6861528791146,2437.214111328125,1495745
2023-02-08,2429.249664704148,2443.1166814551907,2415.8044618276526,2419.973876953125,1061956
2023-02-09,2423.9095510264488,2435.9962137625616,2404.233439479655,2423.62841796875,1102484
2023-02-10,2422.0354830337656,2423.58137162955,2394.2547806952557,2415.00830078125,1523011
2023-02-13,2398.6114877954283,2427.422934377346,2389.241911671227,2418.28759765625,1146525
2023-02-14,2422.0357987409097,2437.964080589496,2408.1687782051913,2416.976318359375,1944364
2023-02-15,2389.2418808116263,2409.6676022484476,2377.0614320074883,2387.78955078125,2009134
2023-02-16,2398.6114580984527,2400.3915860402444,2363.8035747277663,2367.78564453125,1982857
2023-02-17,2365.8178448890317,2385.728193088593,2348.8588215110553,2356.916748046875,1395341
2023-02-20,2359.2589434386396,2382.682880525997,2350.0767143505186,2353.121826171875,632091
2023-02-21,2368.6286731708738,2383.573100260027,2353.918485467913,2357.525634765625,862797
2023-02-22,2357.5257170089444,2364.4593403317426,2326.231425421773,2336.819091796875,885515
2023-02-23,2334.898285011658,2357.2914796321907,2323.748581330186,2333.63330078125,757215
2023-02-24,2335.0857488958277,2352.93483741435,2316.1123569764086,2327.590087890625,732783
2023-02-27,2330.213499681786,2330.213499681786,2301.167814723951,2312.5517578125,853991
2023-02-28,2314.0508189349907,2318.360914996789,2282.10047622532,2305.5244140625,1780454
2023-03-01,2303.0420714806132,2314.2855640997213,2293.672494298023,2310.77197265625,967339
2023-03-02,2310.7715838012773,2314.2851746534843,2289.924278078184,2300.558837890625,827174
2023-03-03,2310.5376237400724,2332.930820645566,2300.840020315843,2315.222412109375,1176008
2023-03-06,2325.4823921309917,2341.317116378873,2319.5328472837136,2328.19970703125,1214503
2023-03-08,2330.213721820577,2343.7058207487166,2311.6619142323125,2328.43359375,1448340
2023-03-09,2328.199133162967,2334.8513947284646,2302.0109858136857,2306.227294921875,1038910
2023-03-10,2295.5462667016423,2314.753898729146,2290.9552656680103,2310.022216796875,772024
2023-03-13,2310.5372081992105,2331.6187520696412,2290.8611005868083,2300.324462890625,1314549
2023-03-14,2306.789489693156,2316.159065199627,2285.9421841912585,2288.471923828125,1250763
2023-03-15,2297.326294305923,2304.4472637094073,2242.139582051885,2254.413818359375,1738040
2023-03-16,2272.0754044015916,2313.629567620044,2255.959778594288,2304.306884765625,1628035
2023-03-17,2315.8310843335667,2326.6529900073347,2285.9891230052194,2293.10986328125,2127178
2023-03-20,2293.109759358822,2357.9940680831646,2272.122002260381,2352.8876953125,1561128
2023-03-21,2356.448790549242,2364.178692148459,2303.7449160091246,2307.352294921875,1595161
2023-03-22,2316.7217600971435,2324.9668050696246,2299.668946519059,2320.2353515625,1063244
2023-03-23,2318.9702297973176,2342.4410651457583,2310.5376107798725,2328.43359375,1578627
2023-03-24,2316.3466138744157,2340.42637928558,2314.285352832304,2324.404541015625,1449326
2023-03-27,2328.3398676853553,2347.079021550026,2308.663756127451,2341.457275390625,1387736
2023-03-28,2351.5761749174585,2355.0428722060337,2316.065345463075,2326.2783203125,1412387
2023-03-29,2328.339717443786,2379.685041469694,2323.7018229114383,2371.29931640625,2613254
2023-03-31,2397.4873671058185,2406.528917254898,2357.900904964468,2398.939697265625,2146167
2023-04-03,2407.9810328704666,2407.9810328704666,2356.4952584817374,2376.21826171875,918048
2023-04-05,2354.1062120661572,2425.361890623062,2344.268156254537,2419.927490234375,1489612
2023-04-06,2412.6658543080293,2422.035430441264,2392.052786814912,2403.530517578125,797414
2023-04-10,2403.5309724956965,2406.997670571254,2365.8184214215507,2372.517578125,853322
2023-04-11,2379.872367468845,2393.926731843661,2373.313664093931,2387.1337890625,913184
2023-04-12,2394.863546824328,2394.863546824328,2359.8680901156886,2369.518798828125,1109809
2023-04-13,2365.817888436723,2400.813345533759,2365.817888436723,2376.311767578125,1261711
2023-04-17,2410.7919035266423,2416.413649123673,2381.1839518825154,2390.975341796875,1566977
2023-04-18,2398.611502284606,2398.611502284606,2370.5027737422083,2380.856201171875,1474786
2023-04-19,2387.3682119969135,2387.3682119969135,2351.9980589345573,2372.002197265625,1320243
2023-04-20,2359.071980020171,2372.7514242465463,2323.6549356542655,2335.460693359375,1401364
2023-04-21,2334.8985362313215,2351.2952956149684,2328.948763469482,2340.473388671875,1206288
2023-04-24,2344.268066845747,2346.985152561744,2319.0639972751146,2342.159912109375,1735797
2023-04-25,2333.8209652172677,2342.159796485265,2321.8278620036335,2333.446044921875,1701098
2023-04-26,2333.0246619170675,2359.25947739244,2325.7163461418977,2352.513427734375,1245903
2023-04-27,2355.464358774714,2363.0069127114803,2302.104672693143,2313.30126953125,2743893
2023-04-28,2282.475637067844,2312.2240412567344,2266.500464029124,2302.385986328125,3761927
2023-05-02,2315.971855388902,2321.7809467940324,2295.5461338359078,2297.138916015625,1760370
2023-05-03,2302.057705803351,2333.0241972231997,2298.028742765095,2329.2763671875,1258140
2023-05-04,2330.1666992972782,2351.1546871627665,2323.7953417533013,2348.718505859375,1150227
2023-05-05,2342.3939614990504,2361.1331131910424,2337.4280405507902,2343.0966796875,1354871
2023-05-08,2347.781555269767,2367.551452542733,2339.7236282415865,2357.66650390625,972810
2023-05-09,2365.8177172648216,2365.8177172648216,2342.440673095588,2357.19775390625,1651327
2023-05-10,2362.0703036365408,2375.187711114094,2347.8754863302474,2363.6630859375,2025658
2023-05-11,2377.01473661989,2435.153006318236,2364.506488862105,2428.968994140625,1749356
2023-05-12,2430.4677017594245,2473.567745815297,2423.3467334156567,2458.01416015625,2170011
2023-05-15,2471.6474104831673,2502.3796674441996,2457.68683286568,2494.41552734375,1561055
2023-05-16,2501.676631857383,2509.5469836938037,2483.4997470807257,2507.20458984375,1477905
2023-05-17,2503.551082464544,2505.4249979454307,2480.174032590373,2493.947265625,839404
2023-05-18,2497.4608202875834,2500.9275181261632,2456.562707020694,2461.9033203125,1434067
2023-05-19,2462.933411093132,2482.0005890356556,2436.698599279995,2474.926513671875,1174757
2023-05-22,2468.883425701609,2488.044164033545,2457.6868274525827,2471.7880859375,768232
2023-05-23,2466.0724102706818,2482.7503013483833,2459.5137070518767,2462.605712890625,703864
2023-05-24,2454.828849478122,2471.6940858485823,2443.585358564482,2450.09716796875,628872
2023-05-25,2445.4593932735347,2460.5911673681608,2417.866037057171,2433.51318359375,1072231
2023-05-26,2439.6034163578033,2489.215276857039,2438.9944854012556,2485.1396484375,947073
2023-05-29,2501.6767687989336,2510.6247595458312,2478.29972264562,2483.21875,698267
2023-05-30,2488.0910998656495,2496.992197756338,2483.7343381873484,2489.074951171875,948051
2023-05-31,2489.074813825218,2511.046424287853,2471.69420420573,2499.38134765625,3388305
2023-06-01,2498.8659721401505,2559.065499215518,2487.154001892024,2527.81787109375,1541080
2023-06-02,2539.1550471381843,2565.577205199851,2521.9617840092747,2545.4326171875,1509260
2023-06-05,2545.1986707322853,2550.3988316606133,2514.934891601561,2525.8505859375,1000190
2023-06-06,2529.785574641997,2537.187448342108,2501.8172981781318,2521.493408203125,655372
2023-06-07,2520.416110477185,2555.08354396702,2510.4376028778556,2544.96435546875,1428490
2023-06-08,2536.3440331351285,2549.976810943418,2506.2676049291867,2510.952392578125,923536
2023-06-09,2519.4323305648973,2519.4323305648973,2454.922930965873,2470.0078125,1413808
2023-06-12,2478.252867148135,2489.49635841686,2467.00937587941,2476.800537109375,775484
2023-06-13,2463.8236387402744,2526.9744854379633,2461.8559364064695,2507.20458984375,1787924
2023-06-14,2502.6139267130325,2531.753401635034,2484.8117310531497,2528.614501953125,1536248
2023-06-15,2542.8557406744076,2546.1819855222075,2509.3126166975953,2520.134521484375,1830192
2023-06-16,2520.1347273058177,2552.272417668782,2514.044503108003,2544.44873046875,1748145
2023-06-19,2552.3364390198453,2561.215681534716,2526.831966831268,2534.625,1068263
2023-06-20,2522.1091236755915,2531.9329770787776,2501.4222534475853,2527.871337890625,1129279
2023-06-21,2537.175471993452,2556.917961609869,2520.644795113001,2528.343505859375,1201840
2023-06-22,2520.833422303501,2529.6656181838885,2501.9884986425827,2507.32568359375,830052
2023-06-23,2504.4446537175895,2513.1822966173913,2481.9156119396744,2495.281982421875,991214
2023-06-26,2495.8011416107556,2526.0759372924686,2495.8011416107556,2505.2001953125,758700
2023-06-27,2505.2006451051598,2514.17444143718,2489.9923296006514,2504.4921875,687747
2023-06-28,2506.003196288723,2538.7340730259034,2495.659762322393,2513.843505859375,1397573
2023-06-30,2518.283176287608,2537.128101107674,2504.4920076017515,2529.807373046875,1160181
2023-07-03,2538.167390684016,2555.973383680779,2512.143335772479,2551.439208984375,980665
2023-07-04,2551.4391523518384,2556.7761071606037,2526.832013165509,2550.447265625,721907
2023-07-05,2550.4000140334656,2606.5570388098804,2546.7634034896237,2603.203857421875,1717547
2023-07-06,2607.0294895800894,2611.8470936454723,2584.122693189166,2604.384765625,1265020
2023-07-07,2600.606143081461,2616.239255649272,2541.945763973456,2548.652587890625,1178930
2023-07-10,2559.7988641116162,2561.1687332755905,2504.161420460869,2509.404052734375,1518183
2023-07-11,2509.9234410943345,2566.2693379928464,2499.4381773549544,2535.8056640625,2476367
2023-07-12,2555.1232291632496,2555.1232291632496,2496.132370263905,2525.556884765625,2395826
2023-07-13,2536.230950893927,2538.5924762454397,2504.350358648507,2507.656494140625,1495067
2023-07-14,2507.9398398406797,2537.6950582794675,2504.208676033007,2528.626708984375,1419016
2023-07-17,2522.108996496163,2553.470006059391,2522.108996496163,2533.160888671875,912701
2023-07-18,2536.797628873859,2551.486361639526,2529.0045957679067,2534.199951171875,1215904
2023-07-19,2534.152671386877,2547.518811662444,2513.512849060663,2523.620361328125,1166542
2023-07-20,2521.211472609234,2565.8442969854914,2510.962361431316,2553.51708984375,1430764
2023-07-21,2503.2167121195757,2528.107279975843,2448.4293274769584,2459.7646484375,5198952
2023-07-24,2459.7645667813194,2461.606510252722,2432.3708753693927,2437.330078125,1777469
2023-07-25,2437.2827434233677,2443.328385961522,2420.3743162018372,2425.900146484375,1653775
2023-07-26,2436.6216173368666,2454.852637375737,2429.8204711189323,2440.211181640625,1300033
2023-07-27,2419.1464560588693,2439.927878172612,2411.5895752902356,2427.50634765625,2276136
2023-07-28,2427.6478101117627,2450.082298629333,2423.1136357825694,2441.439208984375,966450
2023-07-31,2432.4179675637956,2439.833017513151,2412.5338814230513,2418.957275390625,2003252
2023-08-01,2427.6479605439827,2431.2375250527625,2404.032708009508,2409.794921875,1758897
2023-08-02,2397.4203701639326,2430.906751196545,2395.5311500140792,2426.656005859375,2082908
2023-08-03,2416.2652071007064,2419.193590473485,2396.664548759299,2409.983642578125,1475310
2023-08-04,2409.9837745344507,2417.2099494932445,2394.6338605350475,2404.977294921875,1359318
2023-08-07,2399.3095225583493,2431.426264198894,2398.128759998035,2426.89208984375,803823
2023-08-08,2426.892332951756,2442.006095237761,2413.998496748592,2423.72802734375,1002061
2023-08-09,2423.728051323445,2426.6562044247025,2400.254396793667,2410.833984375,1212549
2023-08-10,2407.858655066693,2410.078350646361,2387.5968125800373,2396.192626953125,1313334
2023-08-11,2394.586595022939,2396.1451094353415,2360.5806315433233,2363.2255859375,1472199
2023-08-14,2363.2251669987254,2399.309220170674,2350.2840570922026,2392.79150390625,1060479
2023-08-16,2393.6420733684345,2413.526162761276,2384.573723858393,2411.2119140625,1155882
2023-08-17,2411.211835360745,2418.8157621774308,2392.697385139432,2402.379638671875,1532873
2023-08-18,2391.8471070850114,2425.5223618143514,2391.8471070850114,2413.242431640625,1970819
2023-08-21,2413.242923041807,2432.276726439806,2398.412588935679,2420.7998046875,977004
2023-08-22,2431.0486690370512,2432.371030942716,2411.589608542429,2423.6806640625,960025
2023-08-23,2432.3709662687493,2440.400151982646,2420.563340218901,2431.4736328125,1136112
2023-08-24,2441.816945842161,2448.193063592426,2424.7666885493973,2438.274658203125,1143934
2023-08-25,2424.813789909451,2437.754900358477,2410.172335393052,2421.554931640625,802955
2023-08-28,2422.9245672610446,2425.758397164274,2398.364708099724,2414.1396484375,619841
2023-08-29,2417.1625413385354,2417.1625413385354,2382.4010763286196,2386.2265625,958564
2023-08-30,2386.2267815427363,2395.531283546496,2380.4175215051932,2391.70556640625,1227377
2023-08-31,2391.800127828613,2399.1208563423525,2353.1183890956854,2366.295654296875,3235414
2023-09-01,2366.295478687051,2375.221997637154,2361.5251517569636,2366.059326171875,813413
2023-09-04,2374.750081350931,2374.750081350931,2353.968656613572,2362.847900390625,1143301
2023-09-05,2370.9711237168385,2383.6760822203914,2363.508796889263,2368.1845703125,844088
2023-09-06,2374.2302550029017,2386.1797113664225,2368.5625942948077,2383.7236328125,1094146
2023-09-07,2370.971057439671,2382.164777985807,2361.5249576092338,2368.562255859375,1894798
2023-09-08,2365.303809586244,2381.409458726338,2362.98956084817,2374.56103515625,1018234
2023-09-11,2374.56064166783,2398.2702140730084,2370.073744210262,2395.76708984375,1121083
2023-09-12,2407.8113166309895,2407.8113166309895,2350.190096421303,2360.439208984375,3946716
2023-09-13,2355.8577428337417,2370.026895256559,2353.968522510699,2367.712646484375,1231305
2023-09-14,2371.915982844162,2374.749813170141,2355.007554146237,2362.281005859375,2081195
2023-09-15,2337.720923661659,2352.078949842382,2329.4083093619734,2332.9033203125,3750697
2023-09-18,2334.462383994481,2354.865824842396,2325.6301868541846,2350.803955078125,1499641
2023-09-20,2313.9639482061284,2342.6329558606117,2309.571603660966,2330.21142578125,1795159
2023-09-21,2329.4083423668044,2345.466712934621,2307.587758348168,2336.351318359375,2223720
2023-09-22,2331.2976959839657,2352.0791179092685,2321.851595108828,2344.947265625,1176741
2023-09-25,2344.9474233920378,2361.2419484979387,2323.7409716241323,2338.713134765625,1122778
2023-09-26,2336.9653395056166,2351.13449071523,2324.921560977445,2341.64111328125,1263548
2023-09-27,2338.854755186994,2366.0595739072196,2332.242484069745,2363.178466796875,1086791
2023-09-28,2361.5249830465486,2362.4695930397675,2317.3171892403825,2324.0712890625,1612346
2023-09-29,2328.9832409544006,2335.831663481838,2314.7668142739085,2329.030517578125,1249567
2023-10-03,2352.0793159909003,2360.5808074944816,2325.441355403221,2332.14794921875,1585626
2023-10-04,2330.4000529721457,2371.962891301867,2328.605155673671,2368.940185546875,1587335
2023-10-05,2378.5282398571253,2384.951634682424,2357.1329132667297,2379.992431640625,1909928
2023-10-06,2380.370280630673,2380.4175572613035,2355.857693575274,2360.95849609375,1083342
2023-10-09,2347.3556872087443,2377.110900145193,2343.577247470783,2372.198974609375,1468771
2023-10-10,2373.049196717411,2381.220211590912,2364.689536585054,2376.82763671875,1092373
2023-10-11,2378.858797693367,2421.932877349777,2376.8750243529425,2414.801025390625,1697398
2023-10-12,2413.4784558549445,2425.3333570160435,2398.5535723136,2415.36767578125,1625010
2023-10-13,2411.6366617212666,2433.9765964845883,2401.8598557508294,2427.128173828125,1531977
2023-10-16,2418.201982536736,2438.983405824161,2411.211959678051,2416.59619140625,954899
2023-10-17,2416.5959914300765,2427.6478831402897,2405.402269838559,2414.56494140625,1253538
2023-10-18,2427.6948378684415,2428.828323680122,2398.8842345151143,2407.102294921875,1084689
2023-10-19,2385.1403533078123,2412.911796263609,2385.1403533078123,2406.9609375,1272343
2023-10-20,2380.417254803117,2402.6628669388015,2347.403180666586,2356.943603515625,3608160
2023-10-23,2355.8573699699264,2370.9238535380587,2342.9635355529686,2345.93896484375,922707
2023-10-25,2337.9571469218904,2352.079021024989,2328.463769809878,2340.08251953125,1435836
2023-10-26,2324.685275571129,2352.0789663438077,2319.63151968151,2339.232177734375,2650560
2023-10-27,2330.6365808936484,2356.8022349334974,2327.377722123193,2344.569580078125,1784812
2023-10-30,2334.131422886168,2353.9682338455405,2326.007684246207,2341.59375,875135
2023-10-31,2333.375469284453,2353.9680124672905,2331.108497635082,2346.4111328125,920414
2023-11-01,2347.3557889052863,2355.810002061713,2330.1639334762745,2335.31201171875,1267131
2023-11-02,2355.056473471797,2375.0387708224666,2343.923525695381,2366.28466796875,1595123
2023-11-03,2375.990630954531,2390.7394714750735,2365.3334507176373,2387.64697265625,1125583
2023-11-06,2393.1182567807336,2395.734986484967,2370.3765897293997,2376.37109375,1338677
2023-11-07,2375.038895368902,2383.7929986816816,2364.8098616648895,2375.467041015625,1473411
2023-11-08,2376.941895240918,2402.6334209300708,2376.6563873825557,2397.25732421875,745022
2023-11-09,2397.923585100202,2399.779037894486,2353.2012953376957,2356.67431640625,1823094
2023-11-10,2356.959640581963,2367.9975743738846,2345.874315737013,2366.046875,771062
2023-11-13,2357.150040381176,2366.6654209997896,2351.250550859455,2358.053955078125,760809
2023-11-15,2380.6528921237327,2381.7473002380734,2356.008150196764,2365.904052734375,1457029
2023-11-16,2360.004517474422,2384.363983366674,2355.3896975279267,2370.471435546875,1420578
2023-11-17,2345.5413365463196,2410.721694174483,2345.5413365463196,2406.24951171875,1756043
2023-11-20,2411.6257332818254,2411.67335664948,2378.8452916250544,2384.982666015625,944231
2023-11-21,2383.6031799042325,2395.021638251079,2376.9424125352384,2383.841064453125,1088806
2023-11-22,2386.2196667193302,2401.9200453459357,2382.6513988496476,2399.683837890625,816610
2023-11-23,2384.744493416554,2405.250183815159,2384.744493416554,2397.780517578125,1023670
2023-11-24,2393.2133351940906,2397.68551736679,2385.9339300524603,2393.308349609375,735137
2023-11-28,2409.0565945439425,2409.0565945439425,2378.8452597451787,2388.884033203125,1880641
2023-11-29,2390.2632916948874,2406.1063053822163,2386.5523866736053,2402.680908203125,1265214
2023-11-30,2394.212385917684,2430.7039632772917,2394.212385917684,2422.187744140625,3095684
2023-12-01,2424.0431539867304,2456.8235929635157,2418.80969477302,2439.410400390625,1345599
2023-12-04,2452.1135410090665,2481.9917426867814,2450.210464919808,2476.1875,2188039
2023-12-05,2509.205964012819,2509.205964012819,2432.416885978685,2439.030029296875,3108717
2023-12-06,2445.4527600494966,2458.488784721016,2438.791993776988,2443.216552734375,1573754
2023-12-07,2427.468811211775,2435.747145781318,2377.51306360873,2396.210693359375,3925967
2023-12-08,2396.924331120229,2411.1497784060275,2386.742920518536,2400.064453125,1605805
2023-12-11,2400.064193064186,2407.343365383198,2377.893312595381,2382.31787109375,2012243
2023-12-12,2378.8449404873386,2395.9726240588475,2375.990326558754,2381.461669921875,1677929
2023-12-13,2386.3146698320634,2394.735641759348,2376.9895509561466,2390.168212890625,1513205
2023-12-14,2399.1607668413926,2402.443526941537,2379.987134057767,2394.403076171875,2166569
2023-12-15,2397.8756426243285,2409.2940980653966,2385.505649229838,2400.635009765625,2543337
2023-12-18,2398.0185536861045,2421.188598416162,2393.118225591137,2412.624755859375,1969036
2023-12-19,2412.1964150951935,2442.5503838900313,2412.148791734133,2436.603271484375,1656220
2023-12-20,2448.2598103471983,2448.2598103471983,2423.5674440982407,2433.55859375,1468642
2023-12-21,2419.0477452371683,2454.968308668264,2413.100632086325,2429.467041015625,1945695
2023-12-22,2435.17613073748,2454.7302841239025,2423.3771518428653,2450.781494140625,1174984
2023-12-26,2450.781313378341,2466.0533121048866,2442.645617190292,2459.48779296875,893776
2023-12-27,2460.677141603151,2485.41712833234,2455.8242051287975,2481.896484375,1073278
2023-12-28,2487.177993887164,2512.0606226614736,2480.517227084653,2506.1611328125,1635216
2023-12-29,2506.1610729677977,2537.847337890644,2494.2192234523473,2534.849853515625,1305681
2024-01-01,2534.754547548559,2540.0353975040516,2510.157197777863,2526.095458984375,526353
2024-01-02,2519.672680825229,2525.3342855910964,2480.659621945382,2487.130126953125,1310629
2024-01-03,2473.0472868784123,2501.2129048853863,2469.7645272072045,2480.2314453125,1008270
2024-01-04,2480.23168969662,2495.884445034577,2462.628234785015,2466.91015625,1376844
2024-01-05,2469.241559022431,2502.450148337657,2469.241559022431,2493.07763671875,1150738
2024-01-08,2497.739759008787,2498.738920423555,2442.1224064230973,2453.302978515625,1189828
2024-01-09,2457.394333140588,2463.5317063411544,2446.927415886918,2454.72998046875,1017205
2024-01-10,2454.968232542675,2468.5752734716893,2440.695161423241,2452.494140625,881278
2024-01-11,2454.9679364475815,2463.5317780863525,2409.1514766037876,2413.29052734375,2399600
2024-01-12,2410.7217407226562,2431.1798095703125,2390.1210340857506,2420.712890625,2979841
2024-01-15,2422.616012767572,2453.778885673361,2408.342941207669,2448.497802734375,1391204
2024-01-16,2448.497846598297,2459.34552056362,2432.46456864424,2444.5966796875,1599406
2024-01-17,2425.4704913619616,2446.7374597198636,2416.6687643925234,2438.69677734375,3047652
2024-01-18,2445.4526346107855,2445.4526346107855,2414.5752732931774,2424.518798828125,1273095
2024-01-19,2440.6951612875596,2449.2113805931954,2409.2944048265504,2441.07568359375,1323064
2024-01-23,2332.2195173136815,2360.2898868611123,2250.815399164317,2260.426025390625,4369332
2024-01-24,2272.272831171449,2327.3667905613916,2252.433170186705,2323.32275390625,1551469
2024-01-25,2335.835631151106,2348.3958868393197,2302.9123219857183,2310.619873046875,2364765
2024-01-29,2293.206638020459,2330.3166209593796,2293.206638020459,2325.939453125,1587091
2024-01-30,2335.074220580043,2373.6591324226742,2328.698962527643,2339.498779296875,1793711
2024-01-31,2331.268234546181,2365.428357794056,2323.418045593117,2361.289306640625,1445004
2024-02-01,2355.151672158884,2389.8351839626457,2348.7287909985926,2353.724365234375,1727534
2024-02-02,2356.9596217343483,2366.3797549936667,2323.6557917946216,2333.7421875,1956115
2024-02-05,2344.5897815922713,2345.3034351378046,2295.8234559808247,2302.246337890625,1315445
2024-02-06,2307.4321116623337,2323.0374748228087,2300.8665921440406,2308.764404296875,1557511
2024-02-07,2321.6578831908423,2321.6578831908423,2294.681915513385,2307.908203125,1149076
2024-02-08,2323.465605276218,2323.465605276218,2282.739731180173,2299.9150390625,1758661
2024-02-09,2299.9151175875504,2310.762558563017,2289.4958222778605,2306.6708984375,886474
2024-02-12,2306.623444399983,2312.0947881032084,2266.563600188382,2270.03662109375,1292460
2024-02-13,2274.176025390625,2284.59532096982,2264.755891263485,2277.982177734375,957865
2024-02-14,2269.4181070464574,2277.98194895984,2255.145037190819,2272.22509765625,1397975
2024-02-15,2253.575255883098,2269.1327637686886,2233.021940876607,2236.92333984375,2553695
2024-02-16,2255.0974271593814,2266.5635064730027,2243.346072294225,2260.140625,2363302
2024-02-19,2273.700074434181,2278.8859101258126,2258.760974142025,2271.4638671875,576683
2024-02-20,2255.240478966608,2291.731824668169,2253.432417243069,2287.5927734375,1032995
2024-02-21,2287.592651559068,2305.386366108225,2278.077271339296,2290.447265625,1127778
2024-02-22,2303.0071486729075,2303.0071486729075,2251.1007115051457,2272.36767578125,2258516
2024-02-23,2272.796066238622,2288.924588379188,2268.4188986500394,2278.0771484375,1210775
2024-02-26,2275.2227191568054,2289.923935534392,2264.6605539019442,2287.7353515625,831596
2024-02-27,2287.5451965256293,2292.2076402527696,2273.3671395694214,2288.734619140625,1120424
2024-02-28,2294.2534952803453,2307.4797813093674,2284.6428680098106,2304.197021484375,629152
2024-02-29,2307.4799957614687,2311.0958871651037,2281.074812304817,2295.3955078125,2848084
2024-03-01,2299.8197932900557,2320.610992152407,2287.4974222733213,2292.921142578125,2326244
2024-03-04,2299.106276780367,2310.239225924015,2287.878080904484,2304.625244140625,1501261
2024-03-05,2288.449156471972,2302.722228133959,2275.222869655507,2283.548828125,1587199
2024-03-06,2287.497512070002,2292.112564616578,2260.188416020836,2284.45263671875,1354111
2024-03-07,2288.401396798682,2308.4313192997674,2286.545944054963,2302.2939453125,1820704
2024-03-11,2292.25506306885,2296.0612151038335,2268.038467208084,2274.033203125,2040761
2024-03-12,2264.6605848205845,2269.4182751248295,2246.3911005141035,2262.900146484375,1012157
2024-03-13,2259.9027333065187,2259.9027333065187,2192.200898030252,2200.52685546875,2322669
2024-03-14,2193.15243804242,2228.216473730242,2190.297824060878,2221.460693359375,2292515
2024-03-15,2217.131226818886,2223.6967462831662,2203.6668243480685,2214.89501953125,2751403
2024-03-18,2208.3294060404837,2212.3258191228897,2185.682755494743,2188.48974609375,2487402
2024-03-19,2172.5989819315796,2192.248147291929,2137.9630941512487,2157.0888671875,4220638
2024-03-20,2140.96046434362,2155.661679736964,2131.445084502093,2133.300537109375,2995013
2024-03-21,2125.735961002828,2149.6670495560147,2125.735961002828,2133.681396484375,3504486
2024-03-22,2130.541200274139,2156.185102851086,2123.880434290045,2147.193115234375,3507809
2024-03-26,2123.928254544735,2149.667173922062,2123.8330078125,2131.4453125,3027027
2024-03-27,2140.960556087323,2153.3305504113832,2127.6390237383353,2131.15966796875,2168861
2024-03-28,2136.20288054334,2177.023769167726,2131.540437113006,2154.615234375,3186360
2024-04-01,2159.991486744805,2183.7799392419947,2152.379181945704,2175.120849609375,1427873
2024-04-02,2186.6347521861035,2186.6347521861035,2166.7000736443174,2175.88232421875,1221495
2024-04-03,2171.2673211234596,2171.2673211234596,2151.4752820475064,2155.424072265625,1175309
2024-04-04,2159.991348715431,2171.409805184411,2140.2469344044857,2155.18603515625,1890255
2024-04-05,2155.1857913246454,2169.982252620154,2148.667895879807,2157.0888671875,1153449
2024-04-08,2166.651870170275,2178.0227019906465,2157.326751979139,2158.991943359375,1127294
2024-04-09,2160.942933319301,2164.368563257449,2146.431977910618,2154.4248046875,1189343
2024-04-10,2166.556884127424,2166.556884127424,2148.287400105084,2151.332275390625,2308993
2024-04-12,2151.3322566982424,2155.0910177947553,2120.597763925149,2124.118408203125,3388551
2024-04-15,2119.7413313923703,2119.7889547581244,2083.868392288314,2087.72216796875,4909564
2024-04-16,2077.2075959305644,2123.1193075676006,2066.7883005804556,2113.17578125,2821129
2024-04-18,2107.704193082432,2129.2564348333967,2101.994965354063,2107.46630859375,3392171
2024-04-19,2112.414458340636,2135.0134868927034,2089.5775452774938,2123.452392578125,2337694
2024-04-22,2140.9606320927674,2144.3386386629995,2121.025956224656,2132.87255859375,1804108
2024-04-23,2143.8150341424634,2163.3215624158415,2139.7233744330624,2153.092529296875,1991778
2024-04-24,2156.232834312824,2158.4214182791357,2136.8213188005566,2150.7138671875,1404398
2024-04-25,2129.589797086767,2131.3026120529203,2107.752045118327,2122.73876953125,4951866
2024-04-26,2136.202757718772,2145.7181374858937,2111.082248057202,2114.935791015625,2307512
2024-04-29,2125.7360519827253,2125.7360519827253,2112.414518980148,2118.218994140625,1395292
2024-04-30,2123.8804638974716,2131.683029125793,2117.172074458158,2122.35791015625,2119102
2024-05-02,2098.1892381976913,2134.490325594093,2098.1892381976913,2118.409423828125,2140383
2024-05-03,2123.832868867289,2127.305889730108,2097.1898042040793,2109.607421875,2595307
2024-05-06,2117.1724074125173,2151.9035502756888,2104.8024113242645,2146.8603515625,1619256
2024-05-07,2156.185274976806,2273.7954738082717,2149.5245084609905,2264.089599609375,8277810
2024-05-08,2251.7194941298253,2257.2860845113137,2212.325912736349,2227.59814453125,1813439
2024-05-09,2227.1700153936445,2247.6280831254676,2207.0448465882805,2212.9443359375,1558987
2024-05-10,2208.5199417588396,2256.0968470099992,2208.5199417588396,2248.056396484375,2610266
2024-05-13,2258.951417394285,2266.230590832508,2234.1161804125177,2246.248291015625,1170617
2024-05-14,2246.200805229027,2257.333753909957,2233.0219103629047,2235.73388671875,689430
2024-05-15,2235.686124115199,2241.6332365347407,2205.3319229404124,2210.708251953125,812282
2024-05-16,2223.7443255783614,2234.306490394986,2189.822088503335,2229.59619140625,1880021
2024-05-17,2237.922206273115,2237.922206273115,2202.905792515625,2207.9013671875,1264582
2024-05-21,2195.1981059581112,2212.135528356664,2190.2025315947476,2198.71875,1663959
2024-05-22,2199.00419017492,2258.95108069029,2198.7186823296997,2252.195068359375,1914851
2024-05-23,2252.195220775294,2271.130966541499,2240.872011390838,2267.039306640625,1614718
2024-05-24,2263.2329537227774,2267.752758864751,2250.1016839011268,2254.240966796875,974100
2024-05-27,2254.241167032986,2283.643598592014,2248.0085466112523,2268.9423828125,1116934
2024-05-28,2274.175797760931,2292.255019584135,2263.2807342292895,2279.83740234375,1631747
2024-05-29,2265.8021695871143,2278.9334400458533,2254.5739750699586,2258.380126953125,1592495
2024-05-30,2253.242158147563,2257.476456113005,2220.9374870126303,2237.446533203125,1837380
2024-05-31,2238.9689767771592,2262.2340350676586,2205.284623556336,2216.1796875,5529186
2024-06-03,2265.6119681036826,2271.7493417150577,2230.6905701180376,2241.728271484375,1207445
2024-06-04,2258.951313785197,2388.408110980156,2228.597343141122,2375.324462890625,7826048
2024-06-05,2410.7690967329754,2591.9418352796642,2402.633400538643,2476.615478515625,11061076
2024-06-06,2473.998928676966,2473.998928676966,2395.9728086186924,2426.04150390625,4102547
2024-06-07,2431.464908387118,2470.668224470338,2402.633262772041,2452.87451171875,3974253
2024-06-10,2454.0164768149452,2467.9564154482496,2422.6157231372044,2441.028076171875,1449122
2024-06-11,2441.6466046084306,2451.8280151494614,2427.6590419168024,2432.46435546875,1402423
2024-06-12,2443.5497898876715,2443.5497898876715,2395.021347798781,2406.154296875,1754677
2024-06-13,2367.3791052932656,2384.364152841729,2327.8902752131453,2366.855712890625,3123098
2024-06-14,2376.0794838583147,2412.013628887546,2373.5812878627453,2382.56494140625,1729552
2024-06-18,2382.709074497223,2400.0998034109475,2376.223616661745,2388.810302734375,1820933
2024-06-19,2397.2172668730286,2397.2172668730286,2355.4220960878674,2360.70654296875,986976
2024-06-20,2360.706616671376,2392.4132989465716,2350.76215431065,2384.9189453125,2163310
2024-06-21,2378.0010255446114,2380.88345103012,2331.4499008681246,2345.621826171875,3646215
2024-06-24,2339.5690411047367,2371.1316987941946,2331.9306593223905,2346.48681640625,1945519
2024-06-25,2343.7483395788545,2350.8101414046546,2332.7468944491416,2336.87841796875,833789
2024-06-26,2341.4901275588795,2370.3143802575937,2337.0703149827955,2349.753173828125,1738656
2024-06-27,2353.9324813657418,2385.8793605123847,2340.5292511645553,2365.654296875,3402726
2024-06-28,2366.4712693367455,2392.8935023480167,2366.327241894727,2376.12744140625,2129791
2024-07-01,2364.597966641717,2424.1200103499796,2354.077159765737,2406.921630859375,3312865
2024-07-02,2416.4334016689368,2416.4334016689368,2382.1806721302996,2387.753173828125,1305210
2024-07-03,2389.1944701801613,2421.093501473132,2377.3286254147783,2411.9658203125,1406405
2024-07-04,2416.481418640606,2437.4270904546393,2395.1993700290486,2398.1298828125,1977010
2024-07-05,2398.130118634334,2453.9051033921646,2398.130118634334,2447.179443359375,1754286
2024-07-08,2459.6697583062924,2493.2980557831365,2436.8505564470056,2485.755615234375,2818809
2024-07-09,2485.755514072415,2511.553315058721,2467.356125887833,2488.637939453125,1479529
2024-07-10,2479.8470552409967,2523.0834432634088,2472.1605862592346,2508.142822265625,1764036
2024-07-11,2514.4359645699687,2514.4840519117424,2488.542221172962,2506.60546875,1432671
2024-07-12,2499.0630428864465,2536.0541721256345,2499.0630428864465,2519.480224609375,1912642
2024-07-15,2525.0046235125783,2526.2056340831227,2511.2169283337776,2517.6064453125,920101
2024-07-16,2523.03539758819,2618.2035401549106,2521.690359323134,2583.0859375,3298003
2024-07-18,2594.1829285927874,2643.376276472366,2550.9465464495743,2631.077880859375,5569762
2024-07-19,2631.654457755346,2635.4976917206695,2609.5077751156914,2620.124755859375,1668862
2024-07-22,2599.659583162453,2642.175360458866,2599.611495821651,2628.099609375,1911629
2024-07-23,2638.380313247674,2701.121159308212,2624.9289933695,2657.932861328125,3906259
2024-07-24,2640.3016724627655,2649.3812655791385,2570.258828910882,2610.564697265625,3611927
2024-07-25,2610.5648880170047,2618.0592415362944,2565.358799338894,2601.100830078125,2166670
2024-07-26,2617.2424725522474,2620.1248981828116,2581.9327585778365,2604.800048828125,2135309
2024-07-29,2604.943905005056,2613.3990665465953,2587.2651227956057,2605.328369140625,957011
2024-07-30,2609.1714290661307,2646.4027551967984,2580.154827236723,2585.919677734375,1560399
2024-07-31,2598.9871405340136,2603.4548064845294,2570.210971234448,2599.611572265625,1751085
2024-08-01,2607.63447908741,2618.155286095555,2589.571230917644,2609.123779296875,1886392
2024-08-02,2605.7128261438243,2651.3512329439095,2576.0717881089126,2587.025146484375,1738872
2024-08-05,2571.0757046052054,2634.5371590152968,2561.70782083409,2609.4599609375,3118731
2024-08-06,2613.495316474495,2663.120982084399,2602.493871399837,2642.271484375,2296031
2024-08-07,2672.6806902344133,2672.824952238418,2628.29138888837,2636.50634765625,1713875
2024-08-08,2646.066651142138,2651.1108958474742,2613.783391199029,2626.081787109375,1464161
2024-08-09,2647.988365284219,2649.909982385296,2612.0542193230376,2639.533203125,1284031
2024-08-12,2630.693760855518,2655.098203741582,2615.7050539259953,2640.974365234375,1297178
2024-08-13,2634.5370281742244,2649.5735880618686,2623.1035003273,2633.96044921875,1051237
2024-08-14,2633.5761711471446,2635.0654712777045,2600.524451664369,2615.368896484375,946995
2024-08-16,2630.59777348397,2645.6826561697726,2604.463826464813,2640.542236328125,1727926
2024-08-19,2642.271493522543,2651.591289168054,2629.7809828751347,2635.0654296875,1130327
2024-08-20,2635.065549158341,2648.2285794460054,2627.8594849965834,2643.232421875,1097889
2024-08-21,2641.742926879829,2685.555887581203,2635.449584394862,2681.80859375,1417729
2024-08-22,2693.0980594265625,2699.8718060680067,2673.065343530661,2683.345947265625,1552947
2024-08-23,2689.495041641558,2710.440713352591,2662.7366663031476,2705.25244140625,2111401
2024-08-26,2705.2524174551604,2723.843920575267,2693.722715834364,2710.584716796875,1152244
2024-08-27,2698.9110690675607,2713.419371206562,2651.39913578788,2658.4609375,1357212
2024-08-28,2651.83161941354,2672.729205544788,2638.1400974654807,2656.01123046875,1723549
2024-08-29,2661.391380337622,2699.871806559106,2637.419255873575,2676.091796875,2129934
2024-08-30,2686.132239865862,2705.9249885246168,2651.9275984762385,2669.1259765625,4029712
2024-09-02,2684.499119525131,2698.815073255556,2670.086991109642,2679.7431640625,957950
2024-09-03,2671.0477444623643,2717.1184670971547,2666.2437017564966,2684.787353515625,2022116
2024-09-04,2671.0476947453803,2732.3954127863854,2663.0248497469543,2729.897216796875,1640986
2024-09-05,2728.7444187868173,2743.1084599551136,2712.9870175378533,2727.20703125,1945173
2024-09-06,2717.2628675406695,2754.1097362282353,2717.2628675406695,2727.6875,1672730
2024-09-09,2741.2830254850464,2823.0476940661742,2731.7708798965596,2807.29052734375,3342754
2024-09-10,2819.0120375659517,2822.4710418704444,2774.3344439235466,2784.99951171875,1536584
2024-09-11,2797.4904873071846,2834.3854446904593,2784.519570865381,2790.332275390625,1913665
2024-09-12,2796.913567246111,2847.2598392446016,2780.7719373945893,2840.5341796875,2454564
2024-09-13,2840.534331776925,2840.534331776925,2804.1197811969887,2818.00341796875,1902001
2024-09-16,2795.9527214811214,2795.9527214811214,2697.3736760288116,2754.734130859375,1489057
2024-09-17,2754.734220040867,2799.6998714212546,2748.008560355651,2760.88330078125,1098661
2024-09-18,2761.363767778583,2780.1476218120856,2749.5457757201657,2763.141357421875,464796
2024-09-19,2763.5255740396533,2819.3005569204092,2760.7393230916587,2797.63427734375,1713010
2024-09-20,2810.172827301893,2872.193064647857,2781.924915858446,2860.903564453125,3641632
2024-09-23,2863.209148677128,2916.053612830565,2853.552976949162,2909.8564453125,1300470
2024-09-24,2901.64167780885,2901.64167780885,2830.6380232967213,2834.91357421875,1929308
2024-09-25,2834.913608154621,2844.3295785071546,2791.244908103834,2833.376220703125,1055354
2024-09-26,2835.4422567851584,2875.5560144698934,2825.9301112254557,2869.070556640625,1902889
2024-09-27,2869.0704340908233,2911.2498345646336,2837.027375911129,2849.998291015625,2977081
2024-09-30,2848.0287842912826,2880.407986959027,2827.27545942713,2842.360107421875,1627702
2024-10-01,2846.587262073405,2846.587262073405,2778.0815699262566,2809.163818359375,1184642
2024-10-03,2794.75192453702,2808.5396213284594,2748.969490062006,2779.95556640625,1233447
2024-10-04,2777.6974314563677,2799.7960274174525,2706.6456883133583,2737.103271484375,2456486
2024-10-07,2733.5004540047285,2754.109751462268,2714.3323694403375,2722.35498046875,1280975
2024-10-08,2732.539476632422,2772.8934351480907,2689.0148030331857,2708.3271484375,1761488
2024-10-09,2712.746640266062,2715.1008087621585,2652.5039938931,2660.4306640625,1476282
2024-10-10,2661.4396754977797,2678.1576503885535,2626.081874049611,2646.7392578125,2065078
2024-10-11,2656.4432884023827,2680.6556147827187,2629.7808535241675,2674.1220703125,679307
2024-10-14,2682.193036816241,2694.7794871149144,2656.6354375124847,2679.791015625,874010
2024-10-15,2683.6344784180606,2689.591444565931,2656.8758662364426,2672.44091796875,1082666
2024-10-16,2679.8390730118053,2687.9100055740655,2647.6041338219375,2672.248779296875,1170797
2024-10-17,2670.5191491058513,2672.969257705141,2616.713872890363,2631.318115234375,1368242
2024-10-18,2631.318027881403,2632.61521314749,2587.889531863665,2610.61279296875,1137277
2024-10-21,2608.5951357141957,2630.693731707355,2575.3991543839065,2587.98583984375,792345
2024-10-22,2579.8669872871565,2603.7910250164714,2568.961717025015,2576.60009765625,1272253
2024-10-23,2518.27935266977,2587.5056595460446,2518.27935266977,2555.078369140625,1431962
2024-10-24,2543.2602724519998,2543.2602724519998,2356.479181179084,2406.921630859375,9216267
2024-10-25,2404.231105477805,2440.4535382451563,2402.1173737371087,2428.971923828125,2761166
2024-10-28,2444.2968286647133,2488.1097901772814,2421.3335992998454,2474.8505859375,852829
2024-10-29,2484.3625217211766,2484.3625217211766,2436.6103856054533,2447.8037109375,1695654
2024-10-30,2456.7875756265485,2462.840716685124,2434.112398972091,2454.81787109375,1200637
2024-10-31,2454.817848962692,2463.0328092843833,2425.1770448391885,2429.164306640625,1901355
2024-11-01,2444.2489262035915,2446.1705433526063,2412.9267074180943,2438.0517578125,118532
2024-11-04,2447.179020886652,2447.179020886652,2405.38385504112,2425.84912109375,1097260
2024-11-05,2421.23748263124,2431.08577001099,2408.7469718081425,2422.53466796875,702046
2024-11-06,2444.7447080070283,2451.4515690636567,2425.1105935476853,2430.65087890625,1219166
2024-11-07,2430.650792943567,2439.5930367343426,2397.0201443149404,2406.15673828125,1322446
2024-11-08,2414.3698717211782,2444.793147696757,2398.1863642528074,2437.45458984375,1700877
2024-11-11,2438.7183808715204,2444.4530163003965,2405.7194291168203,2421.271240234375,1175577
2024-11-12,2425.11043110781,2427.005760537496,2387.202893306927,2392.548828125,1624222
2024-11-13,2393.1320758129814,2403.5323013697825,2381.7596248219456,2395.902099609375,1262017
2024-11-14,2391.479431181601,2395.6590274804553,2316.9279912203806,2322.27392578125,2443393
2024-11-18,2333.8890447659433,2357.0710550111958,2309.20064286303,2355.02978515625,1374215
2024-11-19,2363.7776960673323,2371.8452445208204,2337.728605593575,2342.83154296875,1133370
2024-11-21,2356.828074767604,2356.828074767604,2309.540950041982,2316.05322265625,1291829
2024-11-22,2323.9749048547187,2383.4121196689493,2311.242003100475,2376.75390625,1696471
2024-11-25,2400.8106354018087,2435.5105635219556,2388.758077739939,2402.219970703125,4368045
2024-11-26,2416.6054934792924,2425.061742768364,2391.4795053433168,2409.7529296875,982442
2024-11-27,2405.816200610109,2423.1176358895655,2389.1466999635395,2417.237060546875,948232
2024-11-28,2416.3623676782477,2468.023439226603,2384.48111118336,2393.22900390625,2540530
2024-11-29,2386.328105245208,2437.2601873197295,2386.328105245208,2426.22802734375,1795164
2024-12-02,2415.390571345119,2420.736506211275,2391.62550835502,2409.704345703125,1006993
2024-12-03,2410.530520207273,2421.659736640615,2396.922686625458,2413.30078125,1641588
2024-12-04,2411.599696499456,2423.1662596170304,2387.7373419097,2395.464599609375,1321495
2024-12-05,2396.5340239678508,2444.550142583365,2381.4195611129917,2424.7216796875,2071795
2024-12-06,2425.110340492518,2425.8879784428123,2405.670578244081,2414.22412109375,1308086
2024-12-09,2395.9507252372305,2407.5659358566236,2316.5393429808005,2333.50048828125,3385021
2024-12-10,2341.2279687941573,2345.4075655839893,2321.3995041053026,2330.196044921875,2063838
2024-12-11,2337.631401911156,2341.859645105597,2318.191639733101,2334.083740234375,1718225
2024-12-12,2318.240245124781,2332.722772767621,2272.5081579587118,2279.263427734375,3231056
2024-12-13,2279.2635193052206,2327.474225501901,2268.0856558037367,2323.14892578125,2260902
2024-12-16,2323.343284729169,2325.9676052312534,2296.807961204117,2299.86962890625,1247552
2024-12-17,2287.428194383181,2313.3315812440496,2287.428194383181,2297.05078125,2131569
2024-12-18,2284.220661696739,2316.2476218485995,2284.220661696739,2293.1142578125,988403
2024-12-19,2281.2561952032424,2320.087074457144,2270.5643255197165,2293.746337890625,1655915
2024-12-20,2286.21332261703,2307.013773197231,2259.532059224196,2268.52294921875,2069691
2024-12-23,2271.5363740214907,2285.8731996598376,2250.3956311310467,2273.383056640625,1066199
2024-12-24,2265.801653352284,2290.9274044487324,2265.801653352284,2270.126953125,683646
2024-12-26,2266.919035292096,2276.2502151045587,2259.5804783595795,2267.405029296875,1033769
2024-12-27,2277.368215575781,2279.9438892300855,2263.031390488396,2275.667236328125,556816
2024-12-30,2275.910271731068,2293.0657677973463,2259.87246712566,2277.854248046875,924180
2024-12-31,2274.4522031674646,2286.7477579775477,2258.171402140518,2261.670654296875,1878762
2025-01-01,2259.872381567988,2271.681942318693,2255.255437992742,2257.0537109375,559893
2025-01-02,2264.7322920787183,2312.9914067295535,2250.6384645099884,2303.61181640625,1650744
2025-01-03,2315.130020118565,2346.9626313452286,2298.5575750577605,2338.846435546875,1274239
2025-01-06,2350.2670870956954,2351.1904282758464,2295.4954659724062,2309.637939453125,900419
2025-01-07,2310.5615649077026,2334.958562700219,2308.714882320198,2323.829345703125,922768
2025-01-08,2324.0237704097904,2341.519557890918,2301.668041961683,2333.74365234375,953351
2025-01-09,2337.6802325968333,2404.3584797296335,2319.5525105592806,2367.179931640625,2425267
2025-01-10,2367.179935005387,2387.2029865724408,2346.1851325534217,2373.643798828125,1651911
2025-01-13,2349.3438257292696,2391.57666015625,2341.5679211240063,2382.3427734375,2595013
2025-01-14,2395.9508859718553,2398.866850538961,2297.8773726189215,2301.619384765625,2052741
2025-01-15,2307.40252642736,2318.0943958552334,2284.2693987793928,2306.52783203125,1215150
2025-01-16,2310.3669829255227,2313.3315939832087,2260.892885353062,2279.31201171875,2762596
2025-01-17,2284.1723497985477,2312.651652513846,2277.36843216085,2288.060302734375,1333005
2025-01-20,2290.441458627697,2301.6679693677006,2270.224057382351,2279.506591796875,1382273
2025-01-21,2287.5740781905074,2310.7074432888235,2267.113680466325,2274.938232421875,1842885
2025-01-22,2276.930879740294,2295.836001726839,2266.870707504643,2277.319580078125,2658047
2025-01-23,2250.152521908459,2275.7158571987056,2190.7155426543577,2256.664794921875,3408925
2025-01-24,2267.5025558634734,2314.1093382473864,2257.9283780654696,2301.76513671875,1688664
2025-01-27,2298.7518143345746,2342.199634147266,2295.0095652975047,2325.82177734375,2477358
2025-01-28,2333.7433982337784,2339.575326759144,2312.7970074864847,2321.933837890625,1892156
2025-01-29,2318.3374809178226,2328.883647447392,2297.7800261125353,2317.171142578125,699576
2025-01-30,2317.2194197586923,2357.070928236086,2317.2194197586923,2341.276123046875,1419960
2025-01-31,2334.229440018275,2409.558518344911,2334.229440018275,2399.644287109375,2116148
2025-02-01,2405.6707931713304,2529.1132944774954,2366.936968510051,2435.85107421875,2970999
2025-02-03,2434.830286295242,2449.410108368866,2348.809336060859,2373.54638671875,2528480
2025-02-04,2381.370825473779,2381.370825473779,2335.5416818552712,2369.755615234375,1992474
2025-02-05,2384.28688281628,2384.28688281628,2320.1356662382636,2324.072265625,1357416
2025-02-06,2332.7716531398264,2341.4708999692994,2294.183769504499,2306.236328125,1132113
2025-02-07,2313.3317910048513,2315.2271204320805,2270.6616062511516,2297.63427734375,855602
2025-02-10,2304.4867548065286,2330.8277302484084,2286.1649194081388,2295.301513671875,1326354
2025-02-11,2304.5840958345143,2311.3393665799927,2232.2196194927346,2250.395751953125,1389260
2025-02-12,2260.552786653806,2274.354970884732,2240.5299732010462,2267.162353515625,1341909
2025-02-13,2264.8296518793604,2279.8954679957756,2248.5488505922667,2256.470458984375,1334967
2025-02-14,2256.9563530266864,2299.7238291391645,2248.597160502172,2253.40869140625,1135380
2025-02-17,2253.4088903821407,2270.5643868259226,2235.5728123714134,2264.149169921875,1409168
2025-02-18,2264.149124063214,2273.042958104678,2223.908909176285,2231.684814453125,1035705
2025-02-19,2234.3575336219537,2241.1128031202393,2185.0291400031115,2187.36181640625,1521343
2025-02-20,2187.3616661020073,2191.29826490085,2164.1312481856835,2185.07763671875,2206196
2025-02-21,2185.077799541156,2190.423733855982,2164.0341157208236,2178.85693359375,1781509
2025-02-24,2167.533624682074,2187.9453763046404,2156.647404610398,2178.662841796875,1627949
2025-02-25,2180.169242301758,2206.024219899787,2175.2606550849946,2196.0126953125,1988040
2025-02-27,2206.072509704585,2206.072509704585,2170.546537494994,2182.064453125,1699658
2025-02-28,2182.1619689131203,2186.584562304575,2124.620319863376,2128.89697265625,3683249
2025-03-03,2137.4017551745787,2137.4017551745787,2098.0362385376666,2115.872314453125,1306470
2025-03-04,2118.8854906754163,2118.934137542599,2076.166659537152,2096.918701171875,1800330
2025-03-05,2091.7184776027166,2130.500709473983,2089.7745013224167,2109.651611328125,1145673
2025-03-06,2114.074138785248,2167.3391346618955,2103.139272550152,2156.79296875,1856868
2025-03-07,2164.3260745394045,2164.3260745394045,2127.8765170889214,2142.796630859375,1738356
2025-03-10,2146.149847764431,2203.642852252801,2133.173710965246,2184.786376953125,1242387
2025-03-11,2177.2534958213787,2199.074582727622,2149.3088359977787,2154.84912109375,1325891
2025-03-12,2155.23770879418,2167.4846153385556,2123.7938017514352,2131.472412109375,1526212
2025-03-13,2123.794114513715,2148.0451714730893,2103.819710507243,2113.8798828125,1845629
2025-03-17,2100.4663210186386,2133.951264191827,2096.0923744917604,2110.42919921875,1111886
2025-03-18,2110.42919921875,2110.42919921875,2110.42919921875,2110.42919921875,0
2025-03-19,2145.177877700536,2150.8641033799995,2132.007390619496,2138.422607421875,1341405
2025-03-20,2142.1646370243157,2185.9041047576643,2127.1474672295594,2179.586181640625,1426689
2025-03-21,2182.1134468098517,2192.027678706935,2163.451321362083,2183.27978515625,2152415
2025-03-24,2187.2162299631173,2202.525042593678,2178.225340005486,2192.99951171875,1454404
2025-03-25,2187.702353641122,2227.7968652873274,2180.509736169552,2207.6767578125,2229340
2025-03-26,2208.3567115329447,2216.035321727168,2175.114769761594,2183.036376953125,1416907
2025-03-27,2181.3358461347175,2197.5680014294758,2138.3740156444046,2181.773193359375,3752627
2025-03-28,2184.057285417061,2231.684702856062,2177.5450125337175,2195.575439453125,2280152
2025-04-01,2195.7212865784686,2220.652688338022,2157.8137477663568,2171.27587890625,2495962
2025-04-02,2180.8497368615344,2180.8497368615344,2128.7026682002793,2175.212158203125,1351493
2025-04-03,2163.110957010432,2189.791983972201,2158.3969569161945,2181.676025390625,1310088
2025-04-04,2167.5335505043304,2203.5457585235163,2159.7576453904135,2181.676025390625,1120226
2025-04-07,2089.7743723315093,2198.248336997428,2089.7743723315093,2186.389892578125,3435185
2025-04-08,2204.760675866648,2241.598930289759,2189.2575129830993,2225.123779296875,2774874
2025-04-09,2229.6921366684232,2288.205774983497,2225.3668369244515,2284.172119140625,2989089
2025-04-11,2327.5228811667503,2327.76587820031,2278.680477421297,2299.86962890625,3836083
2025-04-15,2332.77164275884,2332.77164275884,2279.5066427888187,2295.35009765625,3042779
2025-04-16,2285.14401964844,2309.443722111737,2285.14401964844,2300.30712890625,1131979
2025-04-17,2291.0731880539342,2313.2343263375133,2277.4653549947234,2308.4716796875,1962402
2025-04-21,2301.765134543979,2305.9444935688916,2283.005716590514,2285.14404296875,1478430
2025-04-22,2303.612042656163,2338.603617987649,2289.1295133424655,2331.508056640625,2352346
2025-04-23,2342.491544775146,2369.707214175023,2326.356445853068,2355.905029296875,2226066
2025-04-24,2355.904639515163,2417.7229359717494,2252.193563957013,2260.163818359375,7065430
2025-04-25,2266.5789615776075,2276.2988426038023,2230.129407729378,2266.87060546875,2859858
2025-04-28,2279.3122481174555,2283.2002007794895,2250.1526031522,2253.65185546875,1555660
2025-04-29,2262.7883676038414,2267.1623141907044,2247.8198453161813,2256.664794921875,1896387
2025-04-30,2255.012618257728,2286.6022346772866,2251.1246654676283,2276.49365234375,2083807
2025-05-02,2268.7176720341317,2279.3122481174555,2245.2926623246576,2253.65185546875,1424284
2025-05-05,2258.997813142575,2288.934859100469,2254.1378722660597,2282.8115234375,2074103
2025-05-06,2274.646499038448,2323.148847500318,2274.646499038448,2315.081298828125,1888125
2025-05-07,2302.639778279785,2320.038270117709,2289.3235889472185,2304.389404296875,1610400
2025-05-08,2295.5443813766215,2305.458613110968,2275.4242740006657,2288.934814453125,2323073
2025-05-09,2264.73235471963,2277.0765565746965,2237.8083308384716,2267.551025390625,1805685
2025-05-12,2293.891985834208,2320.135665333158,2280.381445753612,2315.76171875,1274873
2025-05-13,2309.0549545191607,2330.8273923712263,2286.893579057945,2293.891845703125,1929665
2025-05-14,2303.611726353103,2303.611726353103,2272.994102142081,2284.657958984375,1568111
2025-05-15,2285.727303591603,2303.514495923454,2274.4521467468458,2289.226318359375,3236681
2025-05-16,2293.891932245899,2320.135611131763,2283.2000630701764,2314.6923828125,1473000
2025-05-19,2308.4717935959884,2337.6314373045693,2308.4717935959884,2315.9560546875,936655
2025-05-20,2327.523098554208,2327.523098554208,2272.994464209847,2275.521728515625,1617408
2025-05-21,2280.284124796257,2309.1521244400974,2279.3121366782702,2297.6826171875,1570754
2025-05-22,2289.0319557427415,2296.9051542054985,2248.3057496249735,2265.41259765625,2423653
2025-05-23,2271.438875913527,2298.2658421573706,2264.3435526876015,2293.1142578125,844118
2025-05-26,2301.6678802484216,2330.147179774353,2297.8772214812275,2327.036865234375,892618
2025-05-27,2327.0371461384607,2342.005670151259,2294.1838960837363,2313.5263671875,1865258
2025-05-28,2321.107628598645,2321.107628598645,2286.1160563082135,2295.8359375,897517
2025-05-29,2302.6399170703785,2309.4438340900037,2289.518077103958,2300.404296875,1111275
2025-05-30,2293.891989062484,2308.374517293052,2277.8541849016656,2282.519775390625,3288892
2025-06-02,2282.1309268833143,2317.2197947019963,2277.9515675984035,2305.167236328125,1178205
2025-06-03,2298.8492103092544,2312.84574439433,2276.9794774877073,2286.40771484375,1643913
2025-06-04,2293.405928626477,2301.2791271801098,2276.4934305579545,2298.265869140625,3287896
2025-06-05,2298.2659555931978,2313.3317717537793,2283.1028456979607,2309.83251953125,1787978
2025-06-06,2306.8196167541355,2329.369695281899,2303.709302009238,2322.857421875,997488
2025-06-09,2326.939503171982,2331.799443654797,2311.679337516298,2326.161865234375,1293622
2025-06-10,2326.3563309102015,2332.965897755389,2311.776508737784,2328.10595703125,1778782
2025-06-11,2328.1059440121844,2335.590205225147,2304.875522401424,2309.83251953125,1977707
2025-06-12,2320.0381494311273,2321.107431191998,2258.997490579552,2267.3564453125,3339584
2025-06-13,2240.4326931985097,2259.7751625270976,2237.5167287388153,2254.04052734375,1740682
2025-06-16,2255.0122175216065,2271.147313653889,2248.3055950712346,2262.204833984375,1105297
2025-06-17,2255.012389459953,2267.745528476323,2248.3057664982202,2263.37158203125,1119284
2025-06-18,2262.496584614853,2266.09289301594,2221.4787354933574,2232.9482421875,2056563
2025-06-19,2235.6699307829094,2243.154191716161,2226.144399912506,2229.93505859375,1214549
2025-06-20,2230.712900802916,2248.2086882601934,2228.1856365828094,2241.59912109375,2685864
2025-06-23,2242.777637332428,2245.3314785900775,2218.517104573964,2234.62548828125,842856
2025-06-24,2254.171508269237,2260.0647671143856,2220.0888759075924,2222.839111328125,2440747
2025-06-25,2238.455843673713,2249.751254907696,2230.9909542436453,2238.1611328125,1047270
2025-06-26,2248.179631450258,2250.242367688747,2231.187595893491,2240.223876953125,1874722
2025-06-27,2240.223846681488,2269.395425704689,2238.7505321874146,2265.859375,1050745
2025-06-30,2268.8061816314857,2275.7799667017143,2247.295884252707,2253.778564453125,1403754
2025-07-01,2259.082297140465,2261.636138264844,2245.9207831543013,2254.662353515625,759914
2025-07-02,2254.171318752975,2267.9222549022306,2246.9030627072866,2266.05615234375,1128034
2025-07-03,2268.9044793168537,2285.503727857006,2263.011220929018,2272.243896484375,1060039
2025-07-04,2276.7619917524657,2299.7456018762664,2269.1990253303456,2297.68310546875,1242346
2025-07-07,2299.353049094105,2372.7240702364506,2299.353049094105,2367.518310546875,2701583
2025-07-08,2362.607071634493,2375.474114379278,2343.552299734942,2350.133056640625,1471046
2025-07-09,2356.3210447333263,2396.29693113012,2354.45494224249,2380.286865234375,1741690
2025-07-10,2380.287101883039,2390.6986215441034,2354.9462812164356,2365.553955078125,1053695
2025-07-11,2455.524228892195,2484.9905196389013,2417.218050921477,2474.775634765625,7242235
2025-07-14,2455.524324131349,2487.4461403450564,2445.7022268348237,2471.8291015625,2427712
2025-07-15,2475.8561480958347,2484.8924301255456,2465.3465513939755,2481.94580078125,1700294
2025-07-16,2481.356455874828,2487.8388961282812,2462.890865236824,2472.811279296875,1284379
2025-07-17,2468.2929253596812,2480.472229470397,2461.613851577524,2465.14990234375,807474
2025-07-18,2470.1590393490687,2470.1590393490687,2437.353331809416,2445.309326171875,771112
2025-07-21,2446.5862827986753,2449.2384410834075,2411.717835071157,2421.048828125,1169960
2025-07-22,2426.0580626810415,2440.7912088106837,2408.967709089577,2435.58544921875,861632
2025-07-23,2436.8623544586453,2442.755612873297,2398.5561747634065,2406.806640625,1320795
2025-07-24,2412.2087602925917,2422.1291744035116,2377.9297369143965,2394.430908203125,693984
2025-07-25,2382.9390347834888,2385.3945590187477,2362.6071022777146,2372.42919921875,769388
2025-07-28,2372.429243771511,2404.7440871927433,2369.384537540986,2398.163330078125,987995
2025-07-29,2401.3064573670335,2413.7804732980653,2386.4749941452433,2409.949951171875,732282
2025-07-30,2398.5561023639793,2409.262092241855,2355.829980147422,2394.037841796875,1224146
2025-07-31,2377.0459063535795,2503.652646914568,2377.0459063535795,2476.34716796875,5505507
2025-08-01,2504.634914777358,2678.9771490412722,2491.767870864873,2508.26904296875,4259653
2025-08-04,2501.688117328015,2537.2440606709806,2489.9999177635377,2498.44677734375,1293028
2025-08-05,2492.357168773925,2507.5814194600316,2472.516580355361,2489.60693359375,756361
2025-08-06,2493.535672934169,2517.501733064876,2481.65107965462,2490.490966796875,885487
2025-08-07,2490.5890589949863,2498.741447368421,2450.613172635303,2472.712890625,847151
2025-08-08,2471.2397680498043,2484.892387860569,2442.362896885792,2454.1494140625,839794
2025-08-11,2445.800338508461,2479.588254454568,2434.4066106815794,2473.5966796875,992436
2025-08-12,2473.2040732697083,2491.47326996814,2435.9784208260676,2439.612548828125,1406211
2025-08-13,2440.7912554195577,2456.9977164716393,2429.397526276142,2450.711669921875,969803
2025-08-14,2454.44372812859,2464.3641420365734,2429.200986749531,2436.469482421875,1104362
2025-08-18,2493.8306848086754,2550.798853268267,2476.445619289953,2522.4130859375,3089136
2025-08-19,2526.439827717028,2568.47845225644,2512.8852854397333,2558.4599609375,1400717
2025-08-20,2552.763210757331,2632.3222027047505,2542.45000809748,2622.3037109375,3156954
2025-08-21,2619.651659128844,2619.651659128844,2580.559664029887,2600.891357421875,2235686
2025-08-22,2599.9091636055095,2611.20457553655,2572.4072910777595,2583.11328125,1223445
2025-08-25,2595.9802980489717,2595.9802980489717,2568.67481978843,2584.783203125,667598
2025-08-26,2577.9077368329176,2656.877302702266,2577.9077368329176,2644.697998046875,4348648
2025-08-28,2699.112419661415,2699.112419661415,2599.7128399390217,2607.177490234375,3198743
2025-08-29,2617.392493882605,2674.5570512791683,2594.4086426961376,2612.4814453125,1972773
2025-09-01,2612.4815545305705,2625.741386224198,2592.346254551359,2602.36474609375,1096729
2025-09-02,2601.8736154116664,2644.5014224406004,2598.043093323752,2629.37548828125,1525106
2025-09-03,2633.304255827349,2639.099197248745,2611.00814317238,2617.294189453125,1010692
2025-09-04,2701.0768426775303,2701.0768426775303,2608.2580202655204,2619.16064453125,2494678
2025-09-05,2620.1425429211836,2625.3480621978892,2577.1217125435624,2586.55078125,944879
2025-09-08,2583.2115458729263,2597.5519036054347,2572.210845043877,2577.219970703125,903410
2025-09-09,2590.0869983381435,2599.123279686501,2564.844256818159,2594.998046875,1610956
2025-09-10,2594.9981209437656,2605.704111140776,2572.407297029418,2596.471435546875,1031486
2025-09-11,2596.766224743345,2610.4188445583272,2567.496325786017,2575.35400390625,1212707
2025-09-12,2578.300371116456,2582.130892891774,2523.2966298659717,2534.592041015625,1368380
2025-09-15,2534.5921470999765,2547.262556392294,2522.7073137348634,2535.083251953125,752745
2025-09-16,2542.1552867248165,2543.9233122758214,2526.8329581431617,2534.985107421875,1040928
2025-09-17,2540.9764060412954,2545.0035615909655,2520.8411078875088,2523.984130859375,970247
2025-09-18,2525.162751622593,2563.468928857849,2525.162751622593,2540.780029296875,1550153
2025-09-19,2553.745139554843,2558.3614770399663,2509.3493104728077,2514.06396484375,2214708
2025-09-22,2523.2969180781097,2541.173088066885,2514.653424077742,2526.43994140625,1174161
2025-09-23,2523.1984923690093,2529.484778551504,2473.400506763053,2477.329345703125,1430474
2025-09-24,2477.3294242524616,2530.1723576313984,2465.3465130647555,2504.143798828125,1882881
2025-09-25,2500.7060335521905,2521.8235432620777,2486.7587030055865,2493.14306640625,1624258
2025-09-26,2489.901473834488,2500.1163583210514,2454.9347142199126,2467.1142578125,885612
2025-09-29,2450.613113672247,2472.614514244821,2399.538211102725,2453.46142578125,2403556
2025-09-30,2453.461508732884,2481.3564080346573,2447.273779473271,2469.66796875,1678088
2025-10-01,2470.650311487506,2504.6348647874647,2453.4616408468078,2491.080322265625,1483899
2025-10-03,2491.080311445024,2503.2598561816244,2463.6767554329513,2499.62548828125,1242611
2025-10-06,2490.0981302259243,2504.2420946178245,2475.364983857677,2496.580810546875,818923
2025-10-07,2494.812642046405,2513.8674143383946,2463.676642465363,2472.418212890625,1291750
2025-10-08,2466.328548368669,2480.0794841222178,2441.8716228402013,2455.62255859375,1225128
2025-10-09,2456.506502076689,2478.1151158494545,2453.854583800399,2472.811279296875,1259173
2025-10-10,2465.3464877788733,2489.8034147865233,2461.9087536325683,2483.91015625,1018875
2025-10-13,2474.3826327864285,2486.5621769669815,2441.183896906515,2448.452392578125,1114750
2025-10-14,2448.648848847169,2464.560598461446,2438.139252730148,2457.783447265625,1461017
2025-10-15,2458.07813584284,2486.75861164498,2458.07813584284,2474.186279296875,881070
2025-10-16,2473.0076593520143,2522.8056437611326,2462.498063399367,2515.93017578125,1446646
2025-10-17,2519.85903126701,2568.478412302955,2514.4568778185712,2557.37939453125,2050690
2025-10-20,2562.58498576505,2578.005629364242,2539.601375794003,2548.24462890625,1011485
2025-10-21,2547.852148012694,2560.326164154914,2539.1105769627225,2545.593017578125,82020
2025-10-23,2554.727472782394,2619.7497080594576,2549.914741090149,2555.31689453125,3386744
2025-10-24,2538.029794005612,2538.029794005612,2430.4778348556065,2471.63232421875,3110800
2025-10-27,2471.6322783442465,2480.0793772907623,2461.4173938576832,2467.1142578125,2127832
2025-10-28,2474.186322669988,2481.0617908155573,2437.7462455795494,2452.676025390625,2294976
2025-10-29,2467.9000740374127,2468.8822836920012,2439.8087819972766,2443.8359375,1870143
2025-10-30,2446.6842295799647,2452.577487459322,2411.2263654202525,2425.6650390625,1195631
2025-10-31,2425.0756732953823,2435.3888748221552,2409.262001702085,2421.637939453125,1401937
2025-11-03,2412.405317967791,2430.8706683206365,2396.8863568906377,2416.23583984375,1049185
2025-11-04,2416.2358320421877,2419.4771719714577,2397.8685588393732,2402.190185546875,1251588
2025-11-06,2420.066396652233,2420.066396652233,2389.3234247182095,2392.662841796875,1329256
2025-11-07,2392.662907838229,2400.582354781839,2376.4281382767645,2389.693115234375,817896
2025-11-10,2380.7836246996762,2404.8389919884094,2379.7936938785956,2384.54541015625,780558
2025-11-11,2397.8104470854564,2409.194651815599,2378.9029129343594,2403.05712890625,1422399
2025-11-12,2406.126077343887,2410.283738675327,2391.870927758796,2400.08740234375,1680827
2025-11-13,2404.542090020514,2406.5219517661053,2380.7837490734196,2383.357666015625,1256059
2025-11-14,2380.882834280137,2405.729954130381,2367.91464319838,2403.255126953125,975973
2025-11-17,2406.9177360630524,2413.847251909541,2391.672897873711,2400.582275390625,920038
2025-11-18,2391.474933232895,2398.503297074712,2377.7147497683018,2379.793701171875,1229034
2025-11-19,2387.7133295616327,2426.023607035294,2386.7233986621463,2417.015380859375,1465143
2025-11-20,2420.480036715518,2434.239978963932,2400.5823298037967,2403.947998046875,1396929
2025-11-21,2411.6696515110984,2418.5991679296735,2388.703302574577,2409.19482421875,1840712
2025-11-24,2417.312010655888,2420.281803162537,2388.703106181435,2399.790283203125,4092327
2025-11-25,2397.612593614541,2399.7903932161203,2381.7736995196474,2389.792236328125,1240672
2025-11-26,2387.713234421413,2403.2551005876053,2384.7434418412868,2400.7802734375,1242683
2025-11-27,2401.6713428676044,2434.932874570679,2400.5823222546774,2427.013427734375,1872248
2025-11-28,2425.3307221458876,2445.129340285854,2422.5588672698223,2441.763671875,973225
2025-12-01,2441.7635217623283,2462.9479451967945,2434.042012825968,2439.6845703125,1924828
2025-12-02,2446.119251627908,2459.3842290026473,2435.2300117380223,2452.850830078125,2179406
2025-12-03,2453.2466947597763,2459.879183417393,2378.903029581739,2423.350830078125,3535932
2025-12-04,2415.431298091029,2457.9983250655837,2398.8004113086886,2437.40771484375,2587753
2025-12-05,2397.6126302941066,2397.6126302941066,2263.674931718664,2315.052490234375,4008271
2025-12-08,2326.4365509724244,2331.3862051452247,2278.8207811571547,2290.699951171875,1898154
2025-12-09,2294.659840185007,2306.934886746879,2274.960311827886,2283.275634765625,1471488
2025-12-10,2283.2756424827394,2293.570827267341,2271.891437024881,2278.52392578125,2857290
2025-12-11,2273.1783599753567,2289.710157566845,2268.9216087951613,2282.384765625,1108032
2025-12-12,2283.6714979780418,2285.750449542293,2222.097844295659,2237.837890625,3203114
2025-12-15,2237.83786456232,2275.8511140306505,2229.32436224316,2270.406494140625,1274115
2025-12-16,2270.3073037063286,2279.513708903146,2253.0826036728013,2258.13134765625,1256042
2025-12-17,2258.230235399214,2263.179889712154,2245.460223944765,2252.686767578125,808100
2025-12-18,2247.1431656574155,2255.35964054673,2232.5912296171614,2242.6884765625,1057295
2025-12-19,2240.906558258753,2261.7941971851546,2240.906558258753,2257.04248046875,1237214
2025-12-22,2257.0424338692947,2271.8913972500136,2257.0424338692947,2266.44677734375,790773
2025-12-23,2266.2486667249427,2286.7401862916095,2257.7351650294536,2279.414794921875,1128801
2025-12-24,2279.414949884213,2281.790687332576,2255.161643229268,2259.22021484375,519380
2025-12-26,2259.3192987304974,2266.9417181800486,2252.092754960529,2262.387939453125,533626
2025-12-29,2265.8526552878384,2275.554026080165,2257.0423672814736,2270.20849609375,1086695
2025-12-30,2270.208530832208,2274.8611576222947,2260.0121944524367,2267.1396484375,1556717
2025-12-31,2266.941697626568,2302.0842435941418,2263.773967171593,2292.580810546875,1324220
2026-01-01,2298.6194441455013,2302.5791675634955,2276.8409653465346,2299.609375,758866
2026-01-02,2302.5791870325143,2333.959947048983,2298.61946358104,2324.357666015625,973413
2026-01-05,2317.923087360375,2369.8944570321323,2312.8743433478985,2360.09423828125,1344113
2026-01-06,2374.646286801663,2403.65131045372,2343.958428959233,2400.285400390625,1584720
2026-01-07,2391.672939054789,2397.5134344101753,2358.0152900780245,2375.239990234375,892690
2026-01-08,2364.944858096775,2393.7519432044614,2344.255399502143,2362.66796875,1163828
2026-01-09,2358.0152139754705,2361.9749372567057,2337.2266667489866,2348.7099609375,1189464
2026-01-12,2338.216782309291,2389.5940992696505,2337.226851410769,2381.9716796875,1057665
2026-01-13,2390.782022961365,2397.8103867825116,2341.1863921461404,2365.439697265625,1519683
2026-01-14,2374.7450098298477,2374.7450098298477,2317.428110518576,2329.80224609375,1027639
2026-01-15,2329.80224609375,2329.80224609375,2329.80224609375,2329.80224609375,0
2026-01-16,2346.1362458650515,2349.0069488178538,2325.2486070875743,2336.6328125,1367606
2026-01-19,2329.30730174585,2400.978198972787,2329.30730174585,2389.593994140625,1505238
2026-01-20,2398.602397957309,2414.441291216623,2344.6511677927724,2355.14453125,1460806
2026-01-21,2355.1445790948096,2376.329002586571,2336.2368032094596,2344.15625,1020245
2026-01-22,2345.04711560399,2377.8139237153,2341.879385191128,2366.52880859375,1745964
2026-01-23,2375.8341817545133,2409.7888602718917,2352.8678330006896,2385.238525390625,1378097
2026-01-27,2387.713182496065,2397.216615218734,2356.5303610828705,2376.724853515625,2060117
2026-01-28,2378.902901138909,2395.8305735138733,2317.0322235644744,2354.451416015625,1797593
2026-01-29,2346.6310422104034,2350.7887033771153,2288.720088416137,2328.911376953125,1478536
2026-01-30,2317.428169157251,2360.985127484,2316.4382382861886,2349.10595703125,2090462
2026-02-02,2332.3760961990047,2336.236729715009,2279.810673107486,2333.56396484375,1375089
2026-02-03,2365.934667080886,2375.734885556113,2319.704945981085,2344.750244140625,1553270
2026-02-04,2336.830792697157,2369.3994200347297,2333.0690072409366,2347.1259765625,1232755
2026-02-05,2338.7116518565326,2398.6024687612185,2327.921502178045,2330.693115234375,1962066
2026-02-06,2330.693062545289,2404.5419995502302,2313.963328097432,2399.790283203125,1421995
2026-02-09,2400.58238066687,2414.441412967627,2377.813970458483,2410.481689453125,958484
2026-02-10,2410.4817200012817,2433.3492202602692,2405.6311553074825,2428.89453125,792532
2026-02-11,2435.2298831546827,2445.723246803812,2422.360782146142,2438.1005859375,1137856
2026-02-12,2450.078811010715,2454.6325895142136,2326.436546675471,2385.436279296875,4656164
2026-02-13,2375.834017414984,2375.834017414984,2277.13796094467,2281.988525390625,2791519
2026-02-16,2284.8595085309053,2303.5691050619544,2265.0608913838323,2295.649658203125,2036833
2026-02-17,2286.047297375419,2302.579093779329,2280.206560511637,2289.01708984375,1233244
2026-02-18,2289.3143418344703,2305.4500224815533,2282.7807010907572,2300.1044921875,830787
2026-02-19,2312.4783943638467,2313.864200838222,2252.686669538672,2256.349365234375,940180
2026-02-20,2261.992106805432,2307.7268660551376,2255.359618111006,2291.195068359375,1716316
2026-02-23,2301.589198978469,2326.3374699352266,2297.4315377942003,2321.78369140625,1300035
2026-02-24,2307.627974972371,2348.116051360412,2306.835981930553,2334.85107421875,1544803
2026-02-25,2345.0472309590837,2356.0355607092815,2325.3477025655893,2350.98681640625,1158620
2026-02-26,2354.0555642457175,2363.261969498705,2331.485092501007,2359.30224609375,1470677
2026-02-27,2345.443166643118,2354.946357613014,2307.1328918130507,2314.557373046875,3053227
2026-03-02,2279.810762828429,2330.29723651677,2267.139599527044,2297.233642578125,2273224
2026-03-04,2269.812432719107,2288.3243336403816,2229.4234459004774,2238.53076171875,2648737
2026-03-05,2252.5877729936083,2254.86466241023,2205.961930722778,2232.294189453125,1751288
2026-03-06,2222.4938661562232,2227.344430687897,2197.15153951635,2203.2890625,1674258
2026-03-09,2176.8580406764563,2177.8479715726257,2148.545920373073,2172.50244140625,1512817
2026-03-10,2201.606195210621,2201.606195210621,2153.0995838952795,2168.146484375,1084986
2026-03-11,2168.1465318534633,2172.8982483412015,2134.290944612132,2139.636474609375,1313256
2026-03-12,2143.2992989000727,2143.2992989000727,2088.061111223958,2115.383056640625,1791973
2026-03-13,2114.492390950521,2169.8294312879443,2098.950524241146,2138.250732421875,2298875
2026-03-16,2147.7540473535414,2164.681719709848,2132.3110295750503,2153.79248046875,1981511
2026-03-17,2150.921837339099,2162.8010077496438,2123.8966763186418,2136.46875,1705956
2026-03-18,2143.2002132585976,2153.099521402979,2108.2556071724653,2113.79931640625,2441148
2026-03-19,2090.734099450428,2112.1167039586576,2049.256090646583,2056.383544921875,2098905
2026-03-20,2078.5578289353593,2078.656918696704,2048.166999131025,2061.72900390625,2429744
2026-03-23,2041.534531517212,2075.8850852106953,2012.8265355843985,2031.5361328125,2599535
2026-03-24,2049.1568963579134,2093.7037854091727,2045.1971728866906,2064.005859375,1702418
2026-03-25,2076.874939459462,2133.0039707547157,2064.9957691670343,2113.304443359375,2069217
2026-03-27,2101.920214571949,2105.5829103672913,2048.6618866972776,2053.512451171875,2789151
2026-03-30,2043.2172992976207,2061.4319304866403,2025.5964816164349,2034.505859375,2482193
2026-04-01,2098.5542902611737,2098.5542902611737,2031.338082923151,2043.91015625,2028470
2026-04-02,2034.3079361718803,2049.0578094497764,2002.13518292342,2044.5042724609375,1431905
2026-04-06,2044.5042099690797,2071.727308039528,2021.3398041699922,2063.807861328125,1661298
2026-04-07,2043.9101735971367,2098.1584324058085,2030.1502314824131,2089.34814453125,2709707
2026-04-08,2108.552830795398,2170.720540058606,2108.552830795398,2123.995849609375,3794437
2026-04-09,2123.896656880212,2141.1213571449207,2093.7037656964103,2111.720458984375,2506245
2026-04-10,2111.7205746871014,2148.1500806118274,2100.039341580484,2133.59814453125,2144484
2026-04-13,2109.5427916939393,2119.145073286812,2092.2190005842986,2105.781005859375,1994541
2026-04-15,2119.342960674532,2146.1701846556675,2119.342960674532,2135.875,1552971
2026-04-16,2136.270876584757,2141.9134343634555,2107.6619703228953,2117.561279296875,1845734
2026-04-17,2120.4318458384037,2222.3947217120526,2111.522468334881,2218.237060546875,4882697
2026-04-20,2218.2371672517165,2230.710151347242,2200.814287067127,2209.03076171875,1460822
2026-04-21,2216.1580861785023,2312.1813760556415,2204.773881708532,2287.43310546875,3217281
2026-04-22,2287.136135627566,2383.753483110979,2287.136135627566,2344.9482421875,5558325
2026-04-23,2312.478464472606,2375.8340388417187,2312.478464472606,2342.572265625,2063531
2026-04-24,2364.5490228916565,2364.5490228916565,2275.8511183860137,2303.8662109375,1676706
2026-04-27,2311.3896002112174,2339.0088177903613,2301.5893808110277,2304.856201171875,1099681
2026-04-28,2297.62960044326,2310.8945777237636,2258.131454523486,2266.44677734375,1629120
2026-04-29,2281.7906936045574,2326.0405558989446,2267.9316611922086,2291.095947265625,1778765
2026-04-30,2288.720225829817,2344.948348918507,2189.331260792845,2228.2353515625,4434979
2026-05-01,2228.2353515625,2228.2353515625,2228.2353515625,2228.2353515625,0
2026-05-04,2245.955163802939,2341.978456380622,2245.955163802939,2286.04736328125,2554255
2026-05-05,2278.3259741656116,2311.884535117792,2265.0609967330465,2303.965087890625,1741424
2026-05-06,2306.5388097283676,2315.84406275992,2265.258742886433,2293.768798828125,1196175
2026-05-07,2286.7402347777156,2304.4599000972157,2245.262229356629,2249.32080078125,1859012
2026-05-08,2249.3208664913536,2274.16822791307,2233.2840347907604,2264.664794921875,1104526
2026-05-11,2254.1717310173203,2293.7689667003274,2236.4518230397666,2283.968505859375,1903862
2026-05-12,2262.289070470158,2283.770522059433,2233.2840475795756,2239.2236328125,983506
2026-05-13,2242.193325602698,2272.683243444049,2227.3443631814885,2244.47021484375,1308559
2026-05-14,2245.1630860930386,2262.882750990242,2222.3946773716366,2226.057373046875,1380764
2026-05-15,2226.0574260984463,2275.7519058077983,2223.582599004531,2249.32080078125,1038522
2026-05-18,2240.312727327763,2242.193499373944,2202.299235574,2231.502197265625,1118204
2026-05-19,2219.424971337065,2259.022205437637,2207.0508356806363,2210.41650390625,1145022
2026-05-20,2202.4969749325523,2204.4768365637315,2178.83772511289,2187.05419921875,1071994
2026-05-21,2201.6062145049336,2206.5558687641624,2154.0895336163376,2157.059326171875,1581812
2026-05-22,2158.0493989217307,2202.101324725408,2153.4956200308816,2181.411865234375,1382889
2026-05-25,2192.696776899151,2215.56427562462,2170.8192089984664,2174.383056640625,780722
2026-05-26,2177.451947396857,2197.6464396286196,2167.9485147687737,2187.153076171875,2302703
2026-05-27,2182.8966461541704,2192.3009893676626,2164.9788008323703,2176.263916015625,616538
2026-05-28,2176.263916015625,2176.263916015625,2176.263916015625,2176.263916015625,0
2026-05-29,2112.017544397656,2185.569457533162,2096.77270543257,2131.816162109375,17701621
2026-06-01,2136.7658114814612,2145.6751894306544,2059.3532647482753,2063.31298828125,1470488
2026-06-02,2058.066228961863,2075.88498419097,2044.9001003727778,2072.6181640625,2148903
2026-06-03,2070.9353670832684,2078.4589383211337,2051.334687643431,2069.549560546875,1544973
2026-06-04,2067.9655912455964,2089.64498066566,2052.621662732285,2058.462158203125,2142735
2026-06-05,2065.688783694319,2106.07801320051,2056.284440039605,2100.138427734375,1822999
2026-06-08,2084.101554867211,2103.603145099428,2070.440460223743,2088.853271484375,1601497
2026-06-09,2098.3565153522595,2117.0663546833757,2088.8533235633454,2111.32470703125,1460636
2026-06-10,2113.403324412981,2182.6984855334144,2112.017517863509,2147.655029296875,2325534
2026-06-11,2142.2104294070446,2143.2003602893956,2113.7994614200466,2118.254150390625,1178896
2026-06-12,2129.539277901612,2157.455280606382,2123.40175473256,2146.962158203125,1156153
2026-06-15,2177.848007096508,2188.7372471319904,2128.351461480678,2134.39013671875,1439449
2026-06-16,2139.2405659215233,2186.7572467009,2138.3497248298445,2177.748779296875,1337309
2026-06-17,2178.9369260000276,2202.2003013528906,2161.0190806510564,2175.47216796875,1511401
2026-06-18,2186.460250293131,2199.2305034441215,2174.68016968817,2196.16162109375,1120482
2026-06-19,2187.3514048487905,2188.34133574496,2157.950263886682,2172.50244140625,1508994
2026-06-22,2181.5106513903265,2185.9653403900866,2160.524164883483,2162.89990234375,765860
2026-06-23,2160.10009765625,2179.699951171875,2156.0,2160.10009765625,710082
2026-06-24,2160.0,2166.0,2140.0,2157.800048828125,942271
2026-06-25,2161.0,2200.89990234375,2161.0,2174.199951171875,1898262
2026-06-26,2174.199951171875,2174.199951171875,2174.199951171875,2174.199951171875,0
2026-06-29,2172.0,2189.89990234375,2143.0,2151.300048828125,1423514
2026-06-30,2151.0,2151.300048828125,2114.199951171875,2118.199951171875,2364422
2026-07-01,2133.5,2190.0,2120.199951171875,2182.0,2497576
2026-07-02,2186.0,2216.0,2179.199951171875,2210.60009765625,2585362
2026-07-03,2224.89990234375,2239.300048828125,2190.0,2201.199951171875,1536616
2026-07-06,2202.10009765625,2221.39990234375,2190.300048828125,2202.0,2131061
2026-07-07,2200.0,2219.39990234375,2193.699951171875,2208.800048828125,2552492
2026-07-08,2199.0,2199.0,2130.0,2135.800048828125,1326689
2026-07-09,2139.0,2166.800048828125,2137.10009765625,2144.5,2201039
2026-07-10,2151.5,2178.0,2145.0,2150.60009765625,1665179
2026-07-13,2143.0,2143.0,2120.0,2130.60009765625,1833988
2026-07-14,2125.0,2145.0,2116.10009765625,2120.199951171875,2681897
2026-07-15,2121.0,2128.5,2091.0,2102.60009765625,2029614
2026-07-16,2104.89990234375,2123.0,2096.0,2098.39990234375,2143092
2026-07-17,2100.0,2154.5,2092.10009765625,2143.800048828125,1059832
2026-07-20,2153.800048828125,2153.800048828125,2128.39990234375,2139.699951171875,689849
2026-07-21,2139.699951171875,2147.699951171875,2127.5,2142.5,1032417
