date,open,high,low,close,volume
2021-08-06,1443.201464252009,1446.380535210929,1431.8788215028985,1437.27880859375,3754855
2021-08-09,1446.6854412607183,1452.3031718189327,1433.9692629808042,1448.688720703125,5018477
2021-08-10,1452.7821274360933,1463.233797417648,1446.7289110997303,1460.838623046875,6846517
2021-08-11,1458.7050449256349,1466.7179508225947,1452.7823883444703,1461.1002197265625,4899639
2021-08-12,1462.4937154428749,1477.605069335375,1458.008185126683,1471.5953369140625,5659579
2021-08-13,1478.0404344197511,1500.25023470125,1473.075933355373,1491.2791748046875,5612790
2021-08-16,1487.3597412491697,1498.0291547007535,1472.030646043933,1484.485595703125,4564109
2021-08-17,1484.0498695811086,1523.2436269461366,1468.9385199499,1516.9290771484375,9510390
2021-08-18,1505.9114463640587,1528.9922175200145,1504.1695013711565,1509.7872314453125,6686090
2021-08-20,1494.6759407419665,1519.8470681780625,1494.6759407419665,1509.351806640625,6206972
2021-08-23,1511.7906467286912,1526.9455907943864,1508.524499573149,1514.403564453125,6189051
2021-08-24,1524.201733492807,1530.2985404267783,1491.7144197309817,1498.8128662109375,7602939
2021-08-25,1496.330844263311,1521.5019722788666,1496.330844263311,1511.616455078125,6153253
2021-08-26,1510.2662216732501,1520.7178910273901,1498.0726074267532,1504.779052734375,5302248
2021-08-27,1502.427583260766,1504.7791665153063,1485.1822849945138,1488.31787109375,6698514
2021-08-30,1483.3099411608266,1496.8970925686256,1472.2921164162058,1478.955078125,6559667
2021-08-31,1480.7838114569747,1493.7177308949172,1468.3288630679174,1486.2708740234375,12255438
2021-09-01,1488.927423514973,1488.927423514973,1457.267595791076,1461.2740478515625,7801974
2021-09-02,1460.9256195979472,1475.688666436114,1448.122367094647,1471.1595458984375,6830050
2021-09-03,1477.2129082319484,1485.835450675509,1467.0660576377923,1481.2193603515625,5339139
2021-09-06,1485.1386831091097,1508.5242719501346,1480.0870004095007,1507.1307373046875,4876026
2021-09-07,1506.7823763845429,1511.0501627608223,1484.13709211518,1486.4451904296875,3520341
2021-09-08,1481.393539587416,1481.393539587416,1465.8031107394431,1474.774169921875,4584896
2021-09-09,1468.372535490299,1476.2112878647204,1465.1063886676236,1473.3370361328125,3331674
2021-09-13,1465.8467121859994,1481.9597033775865,1459.0530841826737,1473.598388671875,4662374
2021-09-14,1477.1256761332663,1477.1256761332663,1462.0143254707277,1468.5902099609375,4945167
2021-09-15,1474.7743181658348,1493.8050477371864,1472.1178092741352,1490.6259765625,4062344
2021-09-16,1493.892212208418,1497.4196938873126,1473.2066122492358,1482.6131591796875,3246568
2021-09-17,1478.0404287798092,1496.3308524712506,1467.1096806648243,1473.075927734375,7454864
2021-09-20,1467.588794337864,1487.359829336001,1461.4483951332998,1470.071044921875,5660743
2021-09-21,1480.6532560868934,1503.9517705576725,1467.2838494209095,1496.72265625,4672222
2021-09-22,1495.4598787260009,1514.5341989673232,1492.0195796575874,1495.372802734375,4553892
2021-09-23,1508.5243325905415,1519.8469748097546,1499.0307113119939,1517.713134765625,3826090
2021-09-24,1531.1697244858785,1557.2989006716446,1526.3357843635558,1536.264892578125,8280446
2021-09-27,1540.5326105890063,1540.750353714178,1496.4178321652648,1499.0743408203125,5045337
2021-09-28,1489.3630166815442,1489.3630166815442,1458.878978328413,1469.417724609375,6557197
2021-09-29,1445.1612257222725,1481.8727405310417,1441.4595923280765,1473.9033203125,7792548
2021-09-30,1483.2660547022504,1483.2660547022504,1454.6110403673977,1459.052978515625,6914031
2021-10-01,1450.2563356034423,1462.3192838563787,1446.9031126334762,1450.2999267578125,5733906
2021-10-04,1456.7014416476638,1470.2015147989575,1450.517558435886,1462.14501953125,2947154
2021-10-05,1455.3949602586436,1483.2224874376122,1448.427180676316,1474.3822021484375,4373310
2021-10-06,1482.4825385793185,1488.4922711780735,1454.5243375467423,1457.6163330078125,4271698
2021-10-07,1469.330685011527,1484.3113702738483,1460.3161404249604,1472.8145751953125,5476108
2021-10-08,1485.2258362951297,1508.0888641225727,1479.2596960117546,1501.4259033203125,4738376
2021-10-11,1464.975834271688,1506.7825168192749,1449.036994022464,1472.77099609375,8840633
2021-10-12,1460.6211560239162,1471.0728279811535,1447.5565660773696,1467.7196044921875,7439300
2021-10-13,1477.1257522003684,1492.5420290685638,1463.277374662343,1488.6661376953125,7104171
2021-10-14,1527.6857924741366,1553.4665576738048,1479.085483572147,1494.37109375,19655776
2021-10-18,1515.4923316359125,1566.8797152948314,1515.4923316359125,1560.91357421875,13438109
2021-10-19,1579.944155219386,1597.799091923905,1552.3343687944996,1587.0426025390625,10324260
2021-10-20,1593.3570895202022,1609.5571565198998,1562.5682333583247,1569.7972412109375,5876115
2021-10-21,1579.9440255087377,1579.9440255087377,1521.4582041825172,1527.380859375,8779629
2021-10-22,1524.11481075835,1535.6986813056806,1486.7500689564513,1497.8985595703125,7369809
2021-10-25,1499.8582271507623,1506.564672832556,1469.5047506520364,1487.2291259765625,5905209
2021-10-26,1502.6062654350915,1517.1485436893581,1490.1727607226414,1497.0264892578125,5871709
2021-10-27,1501.77149758961,1523.7827607577628,1494.785943644436,1519.2135009765625,5090259
2021-10-28,1510.7780094844702,1515.522964410046,1486.7897990608278,1497.2022705078125,5329972
2021-10-29,1492.8968534222288,1504.8470363291535,1459.5505540155075,1465.437744140625,5875091
2021-11-01,1474.0048022483252,1500.1018935472132,1472.6867651673283,1493.8193359375,3636806
2021-11-02,1489.3820710857715,1499.4430457112571,1481.7813682676247,1491.9302978515625,3471772
2021-11-03,1501.6835397594302,1509.1084388738689,1492.896626127134,1495.9720458984375,3530713
2021-11-04,1506.955597967376,1508.7129805889124,1498.1686848596946,1501.4197998046875,483407
2021-11-08,1520.1361328125,1529.80173828125,1496.4114648437499,1526.726318359375,5245903
2021-11-09,1524.3098926867096,1537.7099364183555,1516.621343004618,1531.1197509765625,4016134
2021-11-10,1516.6214263051052,1538.544734840755,1513.0626830662195,1529.054931640625,4780368
2021-11-11,1522.7285049549678,1528.7036505029794,1501.6838848740288,1523.0361328125,4731349
2021-11-12,1531.5589422300618,1566.5747692273608,1527.2094631819336,1564.2462158203125,5069009
2021-11-15,1565.915958976433,1581.6445568553665,1560.116617053724,1570.3533935546875,4354074
2021-11-16,1572.857750868686,1589.5089115274943,1561.4347616165671,1574.8787841796875,6034233
2021-11-17,1575.0983554327267,1583.401946486974,1564.6857762457305,1570.616943359375,4732492
2021-11-18,1565.4766573762213,1572.3743637688792,1545.6182521663638,1563.5435791015625,4326924
2021-11-22,1567.5856381094713,1568.815827663556,1538.7206437480575,1545.9698486328125,6621839
2021-11-23,1524.6175312167047,1535.2936539110958,1502.5623970170118,1526.19921875,8436160
2021-11-24,1528.923167102742,1529.362512840415,1483.231210384729,1490.2607421875,7333061
2021-11-25,1493.7753000534872,1516.7969705965193,1491.0952485220696,1513.4580078125,4476260
2021-11-26,1496.01598951676,1509.8992483843338,1479.7162221928609,1486.438232421875,4494181
2021-11-29,1485.867137758942,1504.319656915026,1466.6677523751573,1490.568115234375,3942776
2021-11-30,1497.7733686584895,1520.0481727071376,1493.819257622796,1504.8907470703125,14808963
2021-12-01,1506.9556455329875,1530.5924639911489,1505.198262855981,1506.8677978515625,5193264
2021-12-02,1506.9558718875126,1538.1494190898488,1503.7486265678017,1536.17236328125,5559574
2021-12-03,1556.2503551294296,1569.914049638286,1522.3768651886874,1525.012939453125,6754012
2021-12-06,1520.1360551467185,1523.6068431192248,1486.3064377344938,1489.6455078125,3991449
2021-12-07,1494.7420908613853,1515.6549914895222,1488.50340265687,1504.0123291015625,4202122
2021-12-08,1522.7722156867264,1546.3211884129332,1522.4207176698017,1540.653564453125,3029169
2021-12-09,1545.6180646900336,1554.7564760644466,1530.6803119329384,1549.5281982421875,2082171
2021-12-10,1546.4967870719056,1549.7918796579963,1534.1951080838337,1545.8377685546875,1823469
2021-12-13,1552.691619157812,1556.4699276693766,1527.8685881008832,1533.0089111328125,4040584
2021-12-14,1520.9269292908916,1549.1329011030184,1502.8697785484514,1539.59912109375,4768144
2021-12-15,1533.316570661763,1535.908667518198,1512.4036713776811,1523.82666015625,3053149
2021-12-16,1548.825573419924,1561.9619682661307,1544.7396365465954,1556.6898193359375,4481031
2021-12-17,1599.2183437253605,1618.549554473689,1587.5756827064808,1599.9652099609375,18887243
2021-12-20,1583.1382500746142,1607.6977390246545,1570.4851797435072,1580.677978515625,5773891
2021-12-21,1582.5230517551581,1615.034630275392,1582.5230517551581,1591.837158203125,5353584
2021-12-22,1603.6117948544356,1607.2583855937914,1592.496327262333,1603.34814453125,4156428
2021-12-23,1609.103704090808,1635.7719679184652,1605.3692654601534,1632.2572021484375,4112933
2021-12-24,1645.7451196749826,1648.2054986567352,1629.0939594879846,1637.4415283203125,3780347
2021-12-27,1634.365802494469,1647.1068262235926,1621.2294105889453,1639.769775390625,2647733
2021-12-28,1652.5547486394014,1665.910921270975,1650.5338229288552,1658.96923828125,3340933
2021-12-29,1655.0151681366292,1664.065732003417,1648.7764809648074,1656.8165283203125,3236635
2021-12-30,1655.893905461335,1678.1248402781916,1646.9751665027095,1663.23095703125,4584738
2021-12-31,1660.7268115874554,1668.0638636147924,1644.6028452130947,1658.749755859375,4619420
2022-01-03,1658.7497778274603,1681.8594057710459,1658.7497778274603,1668.1517333984375,3329616
2022-01-04,1668.151697346698,1675.3570314082458,1650.1825005622568,1668.766845703125,3921999
2022-01-05,1669.5135974739028,1672.0618238908942,1616.792115448411,1620.8780517578125,6995719
2022-01-06,1606.2478877431283,1606.2478877431283,1581.6445284122708,1597.2852783203125,6449205
2022-01-07,1595.2202481604722,1613.2773992100788,1587.619653412898,1594.2098388671875,4834389
2022-01-10,1594.8248209393573,1643.0649981325935,1593.0674382165591,1626.238037109375,7857560
2022-01-11,1629.9726844976424,1643.1530566094832,1625.7110523005758,1630.4998779296875,5142287
2022-01-12,1642.1864712150102,1659.8481478952956,1634.3660958630228,1649.69921875,5362535
2022-01-13,1673.907008333963,1680.4971934061439,1639.9455664762318,1666.7017822265625,14277630
2022-01-14,1653.6972065268249,1698.5104677026313,1652.8185151312207,1695.30322265625,7688506
2022-01-17,1703.387453946787,1716.8753470487895,1696.3139444514936,1704.22216796875,5262464
2022-01-18,1688.9329161779824,1709.0549730457055,1679.574830220187,1687.7467041015625,3690315
2022-01-19,1683.5726913474412,1683.5726913474412,1636.8702228464153,1640.560791015625,5747770
2022-01-20,1620.3068375307487,1623.8216029050018,1595.2641342391942,1602.4693603515625,5533463
2022-01-21,1577.2512194384997,1588.6742087714806,1560.5560811826049,1569.079345703125,8252758
2022-01-24,1550.89025964962,1554.097504585174,1518.3786791357186,1526.1112060546875,7116712
2022-01-25,1517.1485371127924,1528.923023226851,1494.214713216816,1513.2384033203125,9137653
2022-01-27,1495.5328367763693,1502.2987179861893,1463.0212533681874,1474.971435546875,11231734
2022-01-28,1477.0802616309584,1517.9833897106614,1475.7622245146904,1481.6494140625,10998502
2022-01-31,1509.591964395572,1537.270746047761,1507.2634105184352,1525.5841064453125,8788872
2022-02-01,1551.856926666537,1564.0707591029711,1524.265994070383,1557.085205078125,5119935
2022-02-02,1571.9789834277135,1575.3180537987653,1557.0412289736769,1570.3094482421875,4253717
2022-02-03,1563.1920737397209,1563.1920737397209,1523.6509588896436,1527.6490478515625,3832922
2022-02-04,1521.8936991988624,1541.180934987661,1502.694311108858,1529.8897705078125,4700077
2022-02-07,1513.2823459720125,1521.8935649371356,1489.733479878767,1506.955810546875,4310209
2022-02-08,1502.5623164200595,1515.7426876167267,1490.2606366365032,1508.976806640625,6053401
2022-02-09,1524.5296259925371,1531.5591574092173,1515.7427117216866,1526.5506591796875,3867244
2022-02-10,1542.6746701881318,1558.7107891978585,1536.6116777128484,1554.932373046875,4334630
2022-02-11,1528.923139634157,1534.1513109136818,1505.1984702260409,1512.5355224609375,7551371
2022-02-14,1484.9886020779093,1510.0752867515978,1474.6639771818056,1478.134765625,7459637
2022-02-15,1492.8967373992116,1534.8542531207022,1485.3838827787808,1527.3853759765625,4669915
2022-02-16,1527.3856131552257,1542.499065171273,1517.368507859867,1523.0361328125,5350642
2022-02-17,1532.4378490996394,1536.8313062358195,1511.6129051790003,1515.5670166015625,3937950
2022-02-18,1502.5622537515017,1513.5458959572875,1496.850759804493,1499.8822021484375,5602215
2022-02-21,1494.65424801455,1526.5507925084316,1486.3066787281666,1520.7513427734375,5120890
2022-02-22,1493.6876185215017,1538.5887302005694,1485.911220635109,1523.95849609375,8878515
2022-02-23,1537.7100334675147,1544.9592379110045,1523.1237768881938,1531.4273681640625,5478811
2022-02-24,1485.0762465850694,1506.9117054360172,1467.8539173756792,1474.575927734375,13592379
2022-02-25,1506.9557211653544,1518.5105342990194,1473.5654486264136,1489.0303955078125,9737281
2022-02-28,1478.1347163040493,1518.4228051512885,1463.0212662482625,1507.4830322265625,15076542
2022-03-02,1502.5621301885437,1506.428393379465,1485.8669954086708,1496.235595703125,6771489
2022-03-03,1511.5247764511598,1523.5629119775879,1498.6520343318016,1512.095947265625,7344147
2022-03-04,1489.6014451161038,1525.4081160427997,1477.0800939331489,1514.248779296875,9074499
2022-03-07,1491.1392344591268,1538.5885677889987,1490.2605431011661,1528.7911376953125,9742588
2022-03-08,1509.9870842476325,1581.6444056414032,1509.9870842476325,1562.4888916015625,10984500
2022-03-09,1573.7363895823908,1609.411241059636,1573.7363895823908,1593.3751220703125,10193515
2022-03-10,1620.9658987002945,1620.9658987002945,1590.6070690763233,1604.402587890625,6547182
2022-03-11,1593.9461769078878,1609.2354285026502,1591.310102745416,1600.9757080078125,4758657
2022-03-14,1609.367286068122,1665.1202128221414,1609.367286068122,1661.341796875,10289724
2022-03-15,1659.27699787109,1659.27699787109,1608.0053726067936,1616.17724609375,7140443
2022-03-16,1638.7594929307566,1664.1975665515567,1624.7004302568198,1660.1995849609375,5233979
2022-03-17,1689.9872589454178,1689.9872589454178,1610.6853579171534,1629.62109375,17731459
2022-03-21,1635.2448316509428,1658.0029622596096,1617.758849881559,1628.25927734375,8362085
2022-03-22,1625.579059476518,1660.7267148165508,1615.9134542580089,1658.442138671875,5709382
2022-03-23,1666.877628359794,1669.5137026271,1631.7299714623814,1645.2618408203125,6192824
2022-03-24,1630.9831884689734,1664.7688324815458,1630.9831884689734,1657.8271484375,3784303
2022-03-25,1662.4840638904113,1664.2414466217965,1632.6085574568626,1648.9083251953125,3438588
2022-03-28,1639.6381504800765,1652.7306737771728,1627.9076417562392,1646.579833984375,4008555
2022-03-29,1646.5798912876753,1660.1996084457126,1634.8493821555994,1657.2120361328125,3917785
2022-03-30,1678.3006231006957,1686.2088459320603,1665.1202517150882,1672.9844970703125,7795839
2022-03-31,1669.5138216935436,1680.9368109998677,1664.4173681750951,1675.5328369140625,5399145
2022-04-01,1657.9588459097863,1678.5642235880214,1650.4460988003643,1672.633056640625,6171518
2022-04-04,1660.5071270406477,1663.362874183329,1645.7890456129824,1654.531982421875,7364074
2022-04-05,1655.278878381211,1660.3752240705198,1631.8617314560988,1635.33251953125,5472024
2022-04-06,1629.9726764339382,1632.1694051083773,1601.1076831042346,1606.994873046875,5407453
2022-04-07,1600.1409496978658,1606.379636923527,1588.2786162958694,1591.31005859375,5797544
2022-04-08,1601.8546631351082,1615.0350361175692,1588.674290152647,1594.4736328125,5131446
2022-04-11,1593.946182924903,1593.946182924903,1548.7375537727073,1552.2523193359375,8248407
2022-04-12,1544.3002774245751,1544.3002774245751,1518.1592058721535,1531.075927734375,6456184
2022-04-13,1542.0594523193558,1544.3001583273306,1521.8935272961232,1536.4359130859375,6257693
2022-04-18,1410.7391117521547,1449.8408809660887,1397.1193943855035,1424.7103271484375,30523965
2022-04-19,1438.110326839995,1438.110326839995,1361.9716942234015,1372.5159912109375,17044923
2022-04-20,1383.9390500304542,1402.6552210404843,1373.3947525064125,1395.098388671875,10678747
2022-04-21,1401.5127612789481,1429.8065810155888,1396.4602858072528,1422.4256591796875,7766514
2022-04-22,1409.7286280030771,1415.3082973438313,1390.4413932842554,1393.121337890625,8134245
2022-04-25,1382.0057282177281,1382.0057282177281,1365.5741364473374,1371.7249755859375,7000570
2022-04-26,1385.8719894508067,1398.8766646653621,1376.5140121457584,1389.2110595703125,5345435
2022-04-27,1381.961856821622,1381.961856821622,1362.2791486149092,1364.4320068359375,8819356
2022-04-28,1379.545574627146,1407.4880056040677,1368.517954039761,1390.6170654296875,9245177
2022-04-29,1397.1192785504973,1403.5337684574995,1371.4615334467492,1377.3927001953125,9831395
2022-05-02,1362.7625430622788,1364.3881007348616,1345.276562373256,1354.0634765625,7072627
2022-05-04,1359.5554279531984,1379.545659645514,1344.52982470503,1349.2747802734375,6220959
2022-05-05,1370.8026539111372,1396.592226787759,1368.5179703073688,1392.8577880859375,6144870
2022-05-06,1361.9716296199067,1372.3841009487683,1348.8352364842315,1355.68896484375,6171472
2022-05-09,1353.1847646359806,1394.3075653232786,1337.5001444983088,1379.85302734375,6832202
2022-05-10,1369.0011227639045,1378.7985527649935,1358.5008040403675,1364.607666015625,6212545
2022-05-11,1361.927588201104,1361.927588201104,1328.2297970447912,1341.5419921875,7846080
2022-05-12,1330.3388057853947,1342.201139918884,1321.8155419424827,1325.7696533203125,7034979
2022-05-13,1334.9958431960715,1343.7387794348365,1316.3675217689756,1321.9033203125,6723761
2022-05-16,1326.8241461984453,1328.4497039979815,1299.2771895162246,1308.45947265625,6145331
2022-05-17,1313.555783441477,1340.0043728900273,1301.2541039526504,1334.2489013671875,6516378
2022-05-18,1337.3685103231596,1361.7082228295687,1322.6944046587707,1326.1212158203125,6594126
2022-05-19,1301.3420497086145,1304.593165199384,1245.6769672791786,1254.0245361328125,16561140
2022-05-20,1276.7384777715263,1288.820483325111,1271.2026795948527,1278.627685546875,10488908
2022-05-23,1278.5838689742561,1307.4928382619098,1274.1465416425442,1290.2705078125,5887569
2022-05-24,1290.446197671662,1291.2810188777573,1261.1418602736273,1266.1943359375,5693167
2022-05-25,1260.9222603048568,1267.5124463343247,1229.50904023106,1239.350341796875,9630092
2022-05-26,1245.9844752652336,1256.5287726581694,1236.3628467990359,1251.212646484375,13040065
2022-05-27,1268.7863108351823,1289.0401890208304,1263.030946945637,1284.0755615234375,8284860
2022-05-30,1306.6140992805463,1344.3978291185176,1304.8567164973847,1341.5860595703125,10904213
2022-05-31,1341.4973856707466,1347.9798088750379,1321.4731129690717,1335.192626953125,16033857
2022-06-01,1343.5395760270444,1345.0935709100895,1307.2204739379727,1312.9481201171875,8738508
2022-06-02,1317.787679252321,1344.2943706627866,1310.3284820297667,1339.099609375,7205840
2022-06-03,1354.107037116939,1380.8357328382388,1347.9798343719913,1351.265380859375,9395707
2022-06-06,1346.2037716099271,1364.4964924732922,1325.7798357609638,1358.68017578125,6624883
2022-06-07,1349.6224971381034,1349.6224971381034,1334.3045457286844,1337.9453125,4904592
2022-06-08,1349.9331029298305,1349.9331029298305,1324.89162890625,1331.99560546875,4697608
2022-06-09,1318.6758791479733,1347.0473471279781,1315.5678888604193,1345.3157958984375,4361061
2022-06-10,1319.6525958969517,1326.6233521245908,1308.5526310764772,1311.394287109375,6516436
2022-06-13,1281.9126277011962,1281.9126277011962,1253.5854977400272,1264.951904296875,6987685
2022-06-14,1252.0759892436106,1286.6191002718645,1245.9932304081092,1279.204345703125,6090247
2022-06-15,1278.8932479061086,1284.3988943960317,1259.9345334598274,1262.9093017578125,4651958
2022-06-16,1276.9399223929138,1282.0459060881565,1236.0920528309707,1240.7095947265625,6641772
2022-06-17,1235.2484462558373,1240.487542584052,1214.0252932515164,1231.91845703125,9692047
2022-06-20,1234.360400176754,1263.0426411881947,1227.2119802322318,1255.7611083984375,4595194
2022-06-21,1264.507932381181,1292.9238409740165,1263.3979359517734,1287.507080078125,6270787
2022-06-22,1275.2082505737685,1296.1205167768,1274.2758102801847,1276.2738037109375,6253366
2022-06-23,1278.5382855533985,1294.6997896368189,1272.4998618309749,1289.7713623046875,6254281
2022-06-24,1294.7000469527272,1303.1360211955607,1268.8593475306172,1279.69287109375,6114340
2022-06-27,1303.6242355705597,1317.7877464947417,1301.049022203048,1309.4405517578125,4511097
2022-06-28,1304.4675862357901,1321.5615283971508,1290.2596343094642,1314.3687744140625,4412178
2022-06-29,1300.649368901304,1311.5717770934775,1293.8118342756918,1299.36181640625,5060038
2022-06-30,1300.960176372367,1316.0116836459267,1292.0357622839565,1298.1629638671875,9165177
2022-07-01,1291.1478536823045,1318.675765280758,1280.802665224558,1313.7030029296875,4651635
2022-07-04,1314.4576225280762,1325.113587041055,1298.251676497921,1321.339599609375,4800224
2022-07-05,1330.9301027704544,1340.831183761111,1307.1317370251647,1310.6392822265625,7379669
2022-07-06,1316.1891734537298,1331.9955641744978,1305.3556528910078,1324.580810546875,5209162
2022-07-07,1334.7043054068324,1344.3833886802468,1328.177438923174,1330.8414306640625,3323472
2022-07-08,1345.3157123104625,1347.0472634324174,1331.9513115451052,1344.8272705078125,3652582
2022-07-11,1327.555545243658,1331.906752322399,1302.1588521446984,1308.15283203125,4702638
2022-07-12,1298.0742548130895,1304.1125702899615,1275.1638853794875,1277.47265625,4710356
2022-07-13,1287.5957856267937,1296.475756562151,1277.4725970808702,1282.6673583984375,5264025
2022-07-14,1288.4837317181796,1290.215282622801,1255.627840557895,1268.8145751953125,6157606
2022-07-15,1284.043782478867,1284.043782478867,1252.6531072631665,1270.1466064453125,5620018
2022-07-18,1287.5958695188904,1326.3125236399783,1285.8643184329112,1323.0269775390625,5835171
2022-07-19,1306.7323988881258,1320.3186917980886,1305.4447378345067,1317.921142578125,3418540
2022-07-20,1333.1055078617853,1354.9058777609023,1331.995511602117,1345.5819091796875,5079392
2022-07-21,1347.0915186497457,1363.4750207876066,1334.7483380319422,1361.210693359375,5008061
2022-07-22,1362.1875644368015,1367.5155470877928,1325.0249071257533,1337.590087890625,7020642
2022-07-25,1314.3246918354944,1347.225032901467,1314.3246918354944,1335.192626953125,7859626
2022-07-26,1329.0209351127858,1329.0209351127858,1283.1558613643324,1288.6170654296875,7268273
2022-07-27,1288.4837019687088,1308.019636802142,1283.1557197414088,1306.2880859375,4517285
2022-07-28,1328.7988388509684,1353.7070916560501,1322.9824146761307,1347.44677734375,6636841
2022-07-29,1361.122085160738,1381.457133330871,1356.859655449305,1376.129150390625,7009465
2022-08-01,1388.8275224964943,1388.8275224964943,1365.6508188965988,1377.3280029296875,2983249
2022-08-02,1373.3318144123843,1373.7313697062698,1357.1702038475848,1370.712158203125,4374635
2022-08-03,1375.5076524859794,1394.1555935461508,1367.4268997061906,1390.6923828125,6011955
2022-08-04,1409.6954786756162,1424.214210429917,1398.5510710597634,1420.7066650390625,7402209
2022-08-05,1428.2545901627868,1443.6168753071975,1422.8378294078434,1435.58056640625,5361971
2022-08-08,1435.8913682028474,1440.3313538806547,1417.2434283560572,1438.0225830078125,3763409
2022-08-10,1439.6210168307325,1439.6210168307325,1410.22833119954,1422.9710693359375,4423829
2022-08-11,1447.4355241612493,1448.6342987746457,1435.003562604036,1438.5111083984375,3462090
2022-08-12,1432.6056381248397,1433.2271926806513,1412.0484853977919,1415.5560302734375,3562286
2022-08-16,1428.7873514369574,1428.7873514369574,1412.8921814722432,1417.6429443359375,3004430
2022-08-17,1417.6429220050966,1431.4513202213034,1407.4753986046935,1426.3453369140625,4067324
2022-08-18,1415.5562190867397,1419.1969856808453,1397.7074982537147,1405.655029296875,4635706
2022-08-19,1407.741913599355,1425.1466359156411,1407.5642491319722,1418.22021484375,4739884
2022-08-22,1408.3634783046587,1419.907441241582,1397.7075125167294,1399.1727294921875,3950555
2022-08-23,1374.619490522654,1380.3914715875098,1361.2995342191398,1369.646728515625,5551574
2022-08-24,1363.0755394912346,1372.8435075266768,1359.5235511147102,1365.2955322265625,2888426
2022-08-25,1374.6194842114278,1375.2410388101719,1344.2055841247086,1348.11279296875,4331088
2022-08-26,1363.2088193983936,1371.911126256518,1347.4912051170422,1351.132080078125,3079136
2022-08-29,1304.068208908207,1304.068208908207,1287.5958190364718,1298.02978515625,8079050
2022-08-30,1308.108629152098,1328.5325643697543,1301.8038708297447,1325.7353515625,6725875
2022-09-01,1296.5202209856338,1303.668532666685,1288.5282470130728,1300.205322265625,8140604
2022-09-02,1312.459816939898,1312.459816939898,1285.8199018463954,1290.2598876953125,5175653
2022-09-05,1288.4839564379495,1302.691911850084,1284.3547477166785,1297.63037109375,3669352
2022-09-06,1297.6301585781393,1305.355689709022,1283.5553183345817,1292.12451171875,3428442
2022-09-07,1278.7158670634933,1301.5817931585523,1276.984316019413,1294.3890380859375,3600574
2022-09-08,1309.7957516157421,1315.212512366536,1299.6725627710948,1310.594970703125,4061475
2022-09-09,1321.33978765346,1349.7556970653623,1314.2358103004844,1342.3409423828125,4816910
2022-09-12,1354.9061513249576,1372.7548731045804,1350.7769427256635,1364.1412353515625,5494819
2022-09-13,1378.0827779506399,1379.0595531212691,1368.6700299824238,1371.9111328125,4947158
2022-09-14,1329.3315936480085,1331.06314454904,1307.1316672343812,1310.15087890625,14332197
2022-09-15,1309.7956992197146,1309.9732552773253,1268.9922765591873,1272.322265625,12784100
2022-09-16,1265.3959486362396,1265.3959486362396,1215.0908880161,1222.8165283203125,20464045
2022-09-19,1236.0919491545515,1248.5239084132897,1225.9687606499624,1234.5823974609375,6595241
2022-09-20,1250.2554997650657,1255.2283703476603,1229.964787284812,1233.0284423828125,7219797
2022-09-21,1225.3472325735095,1233.250428524418,1215.1352658184694,1222.9940185546875,7917054
2022-09-22,1213.3148220155867,1228.9435493746757,1207.6760620818068,1214.735595703125,9168498
2022-09-23,1214.336184710104,1238.5785519030435,1209.4522000549628,1212.5157470703125,10426200
2022-09-26,1207.6760182711466,1242.7074594125004,1203.2360329098556,1225.657958984375,9414587
2022-09-27,1237.379375300364,1248.9677795003172,1223.6598650205738,1237.46826171875,8561254
2022-09-28,1224.5481116517592,1248.390814263547,1222.7721172911329,1238.4896240234375,7022098
2022-09-29,1247.5472969933132,1251.942839805904,1236.9801085571755,1241.997314453125,6119965
2022-09-30,1233.3837161802428,1260.334518980672,1221.8841953463611,1255.1396484375,8120130
2022-10-03,1253.8520673346413,1253.8520673346413,1230.764139749159,1237.6461181640625,4943169
2022-10-04,1260.689584755021,1271.8339930032037,1255.6280440611135,1269.30322265625,6631341
2022-10-06,1283.155753461511,1296.2981533267844,1282.3565344267981,1292.1689453125,6180672
2022-10-07,1284.3544909391683,1294.5664568499894,1278.8489526769124,1288.6612548828125,3994466
2022-10-10,1266.5947604561948,1300.915873263201,1266.5947604561948,1298.8291015625,5274677
2022-10-11,1298.829113538426,1313.925065790571,1261.0447896892608,1264.3304443359375,12824774
2022-10-12,1276.0518156752744,1279.6925820570834,1255.2283273173289,1268.681396484375,5481467
2022-10-13,1270.7235652096092,1276.8951003117459,1256.5156147949663,1260.8668212890625,4821514
2022-10-14,1318.6758527906138,1326.6678276560115,1302.913902361635,1309.1298828125,14990688
2022-10-17,1311.4828704785755,1327.5555954732513,1310.2396529236003,1323.0711669921875,4286396
2022-10-18,1340.8755527341007,1341.7191065769207,1329.553590285518,1335.2811279296875,4692004
2022-10-19,1335.5475842083438,1336.391138059882,1315.3900942154946,1319.0751953125,3553171
2022-10-20,1309.7956544303293,1335.5475689920102,1309.0852134280171,1332.7947998046875,4583939
2022-10-21,1332.262019144321,1337.323558976435,1324.3143804980116,1332.4395751953125,3594485
2022-10-24,1348.4237774893445,1351.3542116722354,1341.763798344682,1347.8465576171875,982837
2022-10-25,1356.9483052781436,1361.2107345868535,1350.6879909536958,1355.3499755859375,3914341
2022-10-27,1374.201834673,1377.8823898027329,1357.7738493894442,1368.052490234375,6760137
2022-10-28,1369.892594419864,1371.6430686464905,1352.836264607297,1358.4468994140625,3053981
2022-10-31,1373.7079380791174,1388.205841518274,1373.7079380791174,1380.3509521484375,4542336
2022-11-01,1394.1754919196,1413.879997898497,1388.834101733467,1412.0845947265625,4542692
2022-11-02,1411.1871250678016,1411.8604013679294,1386.949178263202,1394.400146484375,2938906
2022-11-03,1381.3384738631173,1385.9616594777258,1365.9877968987141,1374.1568603515625,3174027
2022-11-04,1364.9103708165444,1364.9103708165444,1347.5847954712758,1359.1202392578125,4509682
2022-11-07,1365.7633606565107,1371.598421588422,1338.5629558638961,1353.2403564453125,4898592
2022-11-09,1372.5858226539308,1372.5858226539308,1347.5399247059643,1356.606689453125,3334755
2022-11-10,1333.086979052459,1357.32492412614,1333.086979052459,1348.302978515625,3435763
2022-11-11,1388.4303838615199,1412.5336530698069,1388.4303838615199,1409.4814453125,7214098
2022-11-14,1414.014771210018,1428.602422973989,1408.0001044253945,1423.12646484375,4908813
2022-11-15,1416.4386189277827,1434.392653098893,1411.8603621306952,1430.9365234375,3497614
2022-11-16,1433.7642672771042,1444.4020103215976,1430.4876342122222,1438.8363037109375,4497697
2022-11-17,1433.8088841252084,1438.8361005144955,1421.0166369279846,1425.011474609375,3469515
2022-11-18,1428.8716685979427,1434.5272328106976,1414.3289457404594,1430.3978271484375,3126064
2022-11-21,1420.2537091834579,1425.4154934915452,1404.0502607137878,1407.775634765625,3071764
2022-11-22,1408.4938228981273,1425.550153449475,1402.2099116423676,1422.9019775390625,3399329
2022-11-23,1426.3581957002846,1429.1410489418556,1417.7402816433105,1421.1964111328125,3245067
2022-11-24,1426.4480659668009,1468.6400477795382,1422.6328335688406,1463.0743408203125,5282215
2022-11-25,1464.5104516907584,1475.8214702395546,1448.710925020796,1468.32568359375,4563255
2022-11-28,1461.4581406136585,1484.3495304082828,1454.2765281290706,1457.3287353515625,3825766
2022-11-29,1455.3538334700106,1471.1085408527335,1449.8330561316118,1462.40087890625,3131710
2022-11-30,1454.2318618548122,1477.3926101335646,1448.12755589009,1467.6973876953125,11868134
2022-12-01,1486.7734674759286,1501.49579683449,1483.272518616262,1487.5814208984375,5407928
2022-12-02,1486.5939592971272,1491.8006727944214,1466.799593723397,1470.3455810546875,4283343
2022-12-05,1470.4353696971718,1476.5846043633042,1457.2391986740056,1472.00634765625,3824966
2022-12-06,1458.7651217066502,1459.6628233200083,1443.1002723866409,1447.9029541015625,4822398
2022-12-07,1443.5042639072717,1457.6879939155688,1433.3601913539392,1441.260009765625,4898087
2022-12-08,1441.259904655338,1457.7776358497745,1434.975993517009,1454.4112548828125,4206837
2022-12-09,1461.4583510232733,1461.4583510232733,1401.4020860579217,1408.7633056640625,8880658
2022-12-12,1391.437558650479,1405.7558561467295,1373.5284545512598,1388.9239501953125,8037679
2022-12-13,1388.9241738714206,1416.1245821024263,1383.4931437594348,1411.3218994140625,6135067
2022-12-14,1420.1642028852773,1425.9992644015567,1412.0848869396593,1417.8302001953125,4976020
2022-12-15,1408.7632757795202,1409.3916231159728,1378.1964900565588,1382.909423828125,6443866
2022-12-16,1368.995176129455,1390.9888691230103,1357.3699822373837,1366.4815673828125,9630453
2022-12-19,1353.689233868756,1361.7237298285659,1342.1089696118938,1353.150634765625,6222740
2022-12-20,1347.4502703396117,1360.9157960258838,1330.797859741164,1353.1058349609375,7396259
2022-12-21,1360.0180406581342,1365.4042507201466,1348.662092527513,1355.1256103515625,6236361
2022-12-22,1365.8531440573202,1373.4386796309227,1357.100552434212,1366.346923828125,6302640
2022-12-23,1354.362536751784,1355.4398445619386,1340.2686636264464,1343.94921875,6283822
2022-12-26,1347.0014980506858,1355.439916556154,1343.2760138103065,1348.7071533203125,4115459
2022-12-27,1355.4845408502367,1365.808109659706,1344.3081993200292,1359.88330078125,4860076
2022-12-28,1351.1308690136332,1368.9502266632046,1345.206059437163,1355.664306640625,5029860
2022-12-29,1350.1432281967893,1365.6735099605971,1347.4501233533117,1362.30712890625,4624745
2022-12-30,1371.6879869113943,1373.8424925770119,1350.1880783318293,1353.9134521484375,5060544
2023-01-02,1359.1203949695496,1370.3416663943312,1350.188306748515,1368.097412109375,3801140
2023-01-03,1364.3719160112378,1375.862541681665,1360.1078329075388,1366.7957763671875,4551130
2023-01-04,1365.4041375693505,1365.4041375693505,1338.5628377347775,1341.8843994140625,7059590
2023-01-05,1351.8489350836053,1351.8489350836053,1318.948147732721,1324.2894287109375,9868404
2023-01-06,1319.6215095559523,1324.1100180918568,1298.5255194372007,1300.3209228515625,6443714
2023-01-09,1300.051455589557,1336.9918995481128,1300.051455589557,1332.5931396484375,11498717
2023-01-10,1330.3940638155937,1332.0997191472895,1305.3033424100618,1319.397216796875,7158624
2023-01-11,1319.6214032298747,1341.166242466281,1314.2351934207732,1320.7435302734375,6173092
2023-01-12,1330.3487159486822,1333.0867494017475,1306.1557039592878,1329.1368408203125,6591385
2023-01-13,1331.7403914839063,1363.9679024832087,1317.8260159746374,1349.8291015625,11610426
2023-01-16,1355.5294722785563,1371.6881017494266,1348.6172135046606,1369.44384765625,6073063
2023-01-17,1370.7904478929847,1384.435469422026,1368.097342887301,1382.01171875,5922644
2023-01-18,1386.7245774992048,1393.0982370846807,1382.1013922396473,1387.30810546875,5843098
2023-01-19,1382.3707240663339,1391.0335664749514,1370.0273269921345,1381.4730224609375,6165284
2023-01-20,1380.6652340912512,1386.9491460799632,1368.0974101138277,1369.4888916015625,6496429
2023-01-23,1377.9719689342094,1394.3999522014951,1371.7778059195255,1389.64208984375,4855020
2023-01-24,1400.4144270919162,1408.3142446162876,1391.2129861446776,1393.14306640625,5200802
2023-01-25,1388.7446156153799,1396.8239314140474,1381.3385761332681,1385.15380859375,4158617
2023-01-27,1387.8467984858346,1392.2903779726057,1353.1955355242728,1363.7435302734375,6209955
2023-01-30,1372.4062845546568,1386.0513053859913,1364.5064664421677,1381.38330078125,6964719
2023-01-31,1390.450178190422,1390.450178190422,1358.2226654027863,1376.8499755859375,9448126
2023-02-01,1384.4354819888624,1395.9710362007636,1371.7330909295972,1392.425048828125,6194199
2023-02-02,1393.2329580209157,1424.607586792744,1393.2329580209157,1421.7349853515625,6916834
2023-02-03,1434.0784025458154,1440.4969913344742,1412.084711865144,1435.7840576171875,7040194
2023-02-06,1434.5270336544245,1434.5270336544245,1401.8506763029516,1409.2567138671875,4570612
2023-02-07,1408.494023406654,1414.822864476851,1396.0159473630506,1402.5692138671875,4336238
2023-02-08,1405.3520131355485,1439.0158269283195,1405.3520131355485,1427.7945556640625,7983338
2023-02-09,1432.9113793663391,1454.0522977867906,1423.79979497045,1451.5836181640625,6904911
2023-02-10,1447.9478465069383,1450.955234729636,1433.1357691390035,1443.998046875,4786762
2023-02-13,1433.6295447624907,1433.6295447624907,1405.8007934239577,1407.1024169921875,4001199
2023-02-14,1422.5877904936112,1432.731863182567,1416.7079103135172,1430.26318359375,5043736
2023-02-15,1421.9593883192538,1435.424912829853,1414.7777752469344,1433.6744384765625,3465747
2023-02-16,1436.3224479052117,1449.294191179773,1434.3923676992977,1437.9383544921875,4290289
2023-02-17,1430.9364201598676,1431.8341218036317,1414.328939750233,1421.7799072265625,2857734
2023-02-20,1422.8120381309877,1439.0155950587757,1420.6127131506628,1429.5447998046875,2417716
2023-02-21,1435.1556281819492,1437.80391388057,1414.7778439330089,1417.9197998046875,2723288
2023-02-22,1403.107837917392,1413.880258937871,1396.1955782623447,1402.0306396484375,3656244
2023-02-23,1409.257050222941,1409.257050222941,1389.7769663588479,1392.0660400390625,4766854
2023-02-24,1400.4144840656777,1408.493798396826,1386.9489601804307,1392.02099609375,2790986
2023-02-27,1382.4606439922532,1382.4606439922532,1348.3479787508859,1354.9012451171875,4920268
2023-02-28,1360.556563512157,1368.0972790929927,1329.7654634659286,1335.3760986328125,9679811
2023-03-01,1339.7298370988067,1347.3153714875734,1329.9448681268595,1343.0064697265625,5125043
2023-03-02,1333.0870811609395,1336.318785501753,1317.1978042286796,1321.5516357421875,4644499
2023-03-03,1334.6580489083317,1337.39608302168,1322.3146501038996,1327.97021484375,4615015
2023-03-06,1341.6600924158531,1364.8656589746784,1340.4032881447426,1353.2403564453125,6561742
2023-03-08,1338.0692966126087,1342.961726985448,1329.585949900398,1339.999267578125,4137080
2023-03-09,1342.0639414577045,1345.0712200119858,1323.7508062262864,1328.95751953125,5104656
2023-03-10,1310.6444413069564,1323.481619051477,1308.5348642940003,1321.012939453125,3699580
2023-03-13,1314.4147222773474,1327.0724033065608,1281.9179661287412,1288.2916259765625,8798403
2023-03-14,1293.5881864305952,1300.1862721963982,1266.6571346659055,1274.7364501953125,7402784
2023-03-15,1290.894921852731,1295.2487527671929,1271.9085107865455,1274.422119140625,7556182
2023-03-16,1272.7614692311392,1272.7614692311392,1255.615279699322,1260.462890625,7323117
2023-03-17,1283.7132927675293,1295.2936653670802,1267.016064862061,1275.3646240234375,9090018
2023-03-20,1274.4670058884406,1274.4670058884406,1243.1821248798633,1260.0589599609375,8221829
2023-03-21,1255.8845609971513,1261.2707706940655,1247.80524645178,1248.43359375,8536755
2023-03-22,1259.4753551088436,1263.2905869400715,1240.758298512187,1247.1319580078125,8356487
2023-03-23,1242.3740984776875,1242.3740984776875,1229.851204859829,1233.935791015625,7607718
2023-03-24,1246.010073486212,1255.839864166571,1236.5842047746808,1239.4119873046875,7559127
2023-03-27,1244.4391639270898,1252.96733132641,1233.5320647577266,1246.8629150390625,4170193
2023-03-28,1249.6905026499728,1254.9869645456447,1235.1028501650894,1236.673828125,6633366
2023-03-29,1237.930550460286,1247.7155201650944,1224.958805711683,1242.01513671875,8813966
2023-03-31,1260.37313586201,1283.6684502024389,1251.3063709749888,1281.873046875,8711975
2023-04-03,1288.2017312639566,1288.2017312639566,1261.4053617670984,1266.522216796875,5242764
2023-04-05,1256.7824202977913,1281.469217839355,1256.7824202977913,1277.92333984375,7506334
2023-04-06,1271.1454333092524,1282.2769547830226,1266.0733974815537,1276.44189453125,6948465
2023-04-10,1278.2823267500144,1287.3042729141996,1270.2479401489488,1281.5589599609375,4993788
2023-04-11,1282.7261836983632,1286.7209130613805,1246.9078582930506,1262.303466796875,6942255
2023-04-12,1268.4974270475386,1285.059979527605,1256.7823760661174,1282.1873779296875,5831169
2023-04-13,1265.5347242249475,1266.701780039936,1241.5212084434136,1247.0869140625,11267238
2023-04-17,1122.3963899019734,1132.136430654267,1064.0457840517952,1129.5780029296875,53171705
2023-04-18,1140.0362461201344,1140.0362461201344,1124.909994178881,1130.5206298828125,12430884
2023-04-19,1126.0321873055573,1126.0321873055573,1103.6345720960464,1106.1480712890625,11307230
2023-04-20,1104.801324932899,1111.2199133454824,1096.452765729637,1098.2481689453125,8621249
2023-04-21,1102.467343601474,1107.0905288861618,1095.1959823564707,1101.7940673828125,8691352
2023-04-24,1102.3774892119632,1104.1728922888556,1093.400473827501,1100.8514404296875,8313774
2023-04-25,1100.537247505562,1109.110341734084,1090.7074586862907,1099.5947265625,6808576
2023-04-26,1102.3776768107684,1106.8661852668383,1095.6898430443146,1101.9737548828125,5680192
2023-04-27,1104.1729691026203,1120.152101431663,1100.0435636550399,1118.7606201171875,8020704
2023-04-28,1127.2438790677813,1130.2063382433646,1117.5935866641942,1124.595703125,10118277
2023-05-02,1126.2116409241175,1148.833678512012,1126.2116409241175,1146.7689208984375,8886401
2023-05-03,1136.4904547779106,1142.3255163545746,1132.989395915365,1139.3182373046875,5549783
2023-05-04,1139.1384292092687,1145.2877729850925,1133.3482975814445,1143.2679443359375,4505401
2023-05-05,1148.1604275980321,1148.1604275980321,1125.9423114267645,1130.296142578125,5373791
2023-05-08,1133.303321607686,1140.3503667127331,1126.7949851195513,1136.131103515625,5260842
2023-05-09,1136.4903186239899,1141.8765286648618,1131.7324559214633,1140.70947265625,4969897
2023-05-10,1145.8265283700148,1145.8265283700148,1130.3411732804484,1134.021728515625,6515734
2023-05-11,1140.305527683217,1145.3775639523772,1124.8651030446258,1127.60302734375,6888461
2023-05-12,1125.1344060204995,1127.5133374467855,1112.2973374345554,1117.818115234375,8292212
2023-05-15,1122.0373891886634,1139.0937216777986,1118.2221569213568,1129.6229248046875,5534710
2023-05-16,1135.5927028546282,1143.6270896069495,1133.5728739365072,1134.96435546875,5236469
2023-05-17,1131.6424605485188,1131.9566341490838,1115.3491568163822,1119.343994140625,10465667
2023-05-18,1129.8472737459822,1130.7899043107132,1115.3493701951222,1118.5362548828125,6948732
2023-05-19,1127.5581838226922,1143.043537044953,1124.6406535054546,1139.0936279296875,11094136
2023-05-22,1142.7292411104354,1163.0622048581356,1140.3054905530537,1160.5487060546875,7625947
2023-05-23,1166.293994801615,1179.714700851119,1164.3640238293533,1167.05712890625,7436031
2023-05-24,1163.6908378150881,1171.5007993107326,1159.2023290054685,1165.8004150390625,4824077
2023-05-25,1162.0747750049484,1173.2960455245018,1157.361841386736,1170.9171142578125,4334121
2023-05-26,1172.398361832931,1188.063211884976,1172.398361832931,1182.677001953125,5521606
2023-05-29,1196.3669615854992,1196.3669615854992,1175.8545005172648,1179.9390869140625,4419365
2023-05-30,1180.4776039676979,1190.7114241239608,1175.2260715243845,1188.4222412109375,6274719
2023-05-31,1184.8315574211917,1194.9307014660071,1179.7147016049091,1183.440185546875,17800782
2023-06-01,1187.2553678657034,1193.4943505359809,1183.2605297506059,1184.517333984375,4277841
2023-06-02,1190.8858847438232,1194.4340008819925,1179.104437792939,1181.7882080078125,10909311
2023-06-05,1186.3369863034209,1191.2951754512299,1180.241587621195,1186.7918701171875,5002553
2023-06-06,1172.326397297681,1172.326397297681,1158.1340462786784,1163.5926513671875,10008100
2023-06-07,1174.0550816558036,1177.2392682391398,1166.7769408938925,1172.6448974609375,5397578
2023-06-08,1170.1429253728747,1175.4196213460507,1165.5031332892086,1167.0498046875,5034942
2023-06-09,1166.777036268273,1166.777036268273,1149.9463343805824,1151.7203369140625,5339073
2023-06-12,1158.5890989066725,1178.7858962557063,1158.1342150829948,1175.374267578125,4785588
2023-06-13,1182.6069242988215,1188.611368241848,1180.0141088524708,1187.1102294921875,4846587
2023-06-14,1188.4749628140476,1188.7933592845616,1176.5114958499232,1183.0618896484375,3457981
2023-06-15,1177.1937141878004,1177.1937141878004,1166.9134071805377,1170.68896484375,6161155
2023-06-16,1170.8708768960637,1184.0625068222432,1165.4578042106698,1175.101318359375,8536287
2023-06-19,1177.2392578125,1182.2429795419966,1170.9164175038359,1177.2392578125,4451787
2023-06-20,1177.239178669295,1187.24662145551,1174.6008306327171,1185.791015625,4009180
2023-06-21,1182.6522836320391,1186.154977548267,1178.1489786763307,1182.1064453125,4041529
2023-06-22,1173.0543732215287,1173.0543732215287,1158.5890460770524,1165.9127197265625,6676607
2023-06-23,1161.2728742885731,1163.9112226889422,1149.354940265523,1150.8560791015625,7239467
2023-06-26,1155.6324341119628,1159.044063025893,1148.3542924289115,1155.723388671875,3403244
2023-06-27,1164.5025282959484,1166.322063496411,1159.2258317923613,1163.729248046875,3240024
2023-06-28,1173.6001280966725,1179.6955262002027,1165.7761494538163,1176.6478271484375,5662358
2023-06-30,1190.1579290222737,1218.0878609550978,1186.7463005247835,1214.99462890625,12821692
2023-07-03,1209.9908380904787,1224.5471188494619,1208.5806539697087,1213.35693359375,7732412
2023-07-04,1223.0006455219911,1224.5472060405089,1211.2646211133026,1223.77392578125,5797775
2023-07-05,1235.3278393695025,1235.4187939129251,1219.9982784398992,1225.7298583984375,5414936
2023-07-06,1221.4085546821386,1225.8663271465525,1216.4957873550766,1222.63671875,5963897
2023-07-07,1213.6298905441663,1224.3651918692738,1205.7603791627248,1210.1727294921875,6295647
2023-07-10,1215.9499539497926,1220.817188493727,1200.2564625432983,1209.2176513671875,3940315
2023-07-11,1213.129595917475,1229.0051076173486,1207.2616391546826,1226.91259765625,6126128
2023-07-12,1229.0960058756348,1229.9148189122855,1207.26158386156,1212.9931640625,8102770
2023-07-13,1214.448888824335,1252.5681765318216,1210.7642853266614,1241.923828125,9977644
2023-07-14,1256.0706748916025,1300.9676843031073,1256.0706748916025,1297.2830810546875,12833381
2023-07-17,1297.2830136298498,1327.3053432456984,1286.68431035238,1294.5537109375,11569884
2023-07-18,1304.60684950845,1344.5910945115115,1300.0580111210427,1342.0892333984375,16743977
2023-07-19,1351.9145478817393,1363.5596166733535,1328.8973849794104,1341.861572265625,13687062
2023-07-20,1338.2681331891117,1338.2681331891117,1310.7021306189188,1318.7081298828125,8347221
2023-07-21,1201.0749181366625,1228.1860320061471,1187.2464976059423,1211.4462890625,45548305
2023-07-24,1219.998238537962,1228.0951916387085,1213.857307807066,1215.9952392578125,8859789
2023-07-25,1216.359245637285,1221.681363730559,1204.759709076421,1214.17578125,6801982
2023-07-26,1221.817896357927,1228.186269607745,1218.5427551834298,1227.1400146484375,5528885
2023-07-27,1236.0101907567564,1240.7410487249037,1225.5024420215238,1231.052001953125,9191861
2023-07-28,1231.6888321728816,1240.7865080925476,1215.4495028674003,1219.54345703125,6122735
2023-07-31,1227.0491075504592,1235.0095744205735,1212.9477090948283,1233.3719482421875,7902180
2023-08-01,1239.1034366209878,1245.471809643269,1234.55459874793,1242.0146484375,6064652
2023-08-02,1245.7447635687552,1248.1555587567932,1226.7760211098619,1234.4180908203125,7419145
2023-08-03,1228.186202359877,1243.2428998554956,1227.2764348025732,1241.1959228515625,6503741
2023-08-04,1245.3807687817762,1260.8468164782487,1239.1033507409106,1253.97802734375,5712345
2023-08-07,1262.6664818373094,1269.1258096249944,1252.7499927266074,1267.3062744140625,3729093
2023-08-08,1267.1698175564386,1267.8067215289614,1259.482325527499,1264.7589111328125,4161877
2023-08-09,1259.1183508602219,1270.0355619948482,1257.7536994683937,1268.5799560546875,4090828
2023-08-10,1266.0324754708959,1269.8535657391153,1260.5738702782457,1263.758056640625,3873025
2023-08-11,1266.3965371663332,1270.8088879474917,1243.6978792880777,1248.064697265625,5783517
2023-08-14,1248.0646177377491,1269.1257591782453,1242.378570429603,1267.806640625,4304135
2023-08-16,1283.4999620150966,1291.8242453324951,1278.5871955772961,1290.505126953125,7735313
2023-08-17,1291.8699868845008,1291.8699868845008,1279.1332405349353,1284.1824951171875,5618346
2023-08-18,1277.0406772674733,1281.5895150593437,1261.0743232513742,1263.4852294921875,5134103
2023-08-21,1264.3495172472738,1280.04300828704,1261.9841437074754,1278.58740234375,3032722
2023-08-22,1277.9504163795991,1279.1786914005518,1270.626854331071,1277.086181640625,2890714
2023-08-23,1288.2309000421885,1288.7767383819312,1278.8148277508842,1280.9072265625,2559125
2023-08-24,1293.2346518402169,1296.4643712635414,1286.8207457961107,1295.1451416015625,5171963
2023-08-25,1285.5016097963642,1294.14440193583,1284.0460038576823,1291.9609375,4307172
2023-08-28,1291.9607743738602,1296.2367481573856,1284.0458417309012,1287.912353515625,3133464
2023-08-29,1295.5091803090381,1295.8731095932837,1287.5942458909171,1289.732177734375,3074444
2023-08-30,1298.2383261733323,1307.0176054605395,1295.5090234553786,1305.6529541015625,3070887
2023-08-31,1305.6529176191962,1314.523151204695,1299.739428562197,1305.92578125,9792735
2023-09-01,1301.8319683222358,1315.524015813637,1299.3301072963106,1313.5679931640625,3582133
2023-09-04,1312.7945503532342,1337.358273748617,1305.2434354057439,1332.900390625,4609014
2023-09-05,1332.8094095252152,1346.5014550487228,1325.0763856474239,1345.4552001953125,5496840
2023-09-06,1348.1845184505673,1349.0942859762029,1331.2628646848657,1344.135986328125,5075786
2023-09-07,1337.9042448716023,1340.4516386395803,1330.1257983242597,1333.9012451171875,4411743
2023-09-08,1331.4448248574233,1341.679709913553,1328.442547485381,1336.994384765625,3125838
2023-09-11,1336.9945540619674,1344.6821575553772,1332.3547611267988,1343.2264404296875,4182226
2023-09-12,1348.730324182031,1368.290325510809,1343.817557451124,1365.6519775390625,6793161
2023-09-13,1369.2002453382354,1369.2002453382354,1354.3255672096375,1363.1502685546875,4804686
2023-09-14,1369.200240762729,1376.0690305788348,1363.8781225031132,1370.9742431640625,6444213
2023-09-15,1381.0272468920564,1381.3911761511094,1372.839338313645,1375.2047119140625,8657816
2023-09-18,1369.1092169496771,1369.1092169496771,1353.7341230453653,1357.1912841796875,3991916
2023-09-20,1342.9988490854248,1360.193478454991,1342.9988490854248,1355.7811279296875,4169337
2023-09-21,1352.4151068014573,1368.7909240446215,1342.8170139394665,1366.2435302734375,6779195
2023-09-22,1357.282291448548,1370.9742270619945,1351.1867819544711,1361.1488037109375,5455613
2023-09-25,1355.417217832278,1355.417217832278,1338.7685376167728,1341.1339111328125,4217863
2023-09-26,1345.682751173916,1346.3650768655104,1327.3509120486192,1328.85205078125,3996528
2023-09-27,1324.6214638718475,1336.9942795100794,1319.2083917349964,1334.62890625,3863586
2023-09-28,1335.447772053514,1339.723634998435,1305.5163982722486,1309.5648193359375,5814602
2023-09-29,1302.8780821778992,1316.251731755555,1288.2308468786073,1305.92578125,6068968
2023-10-03,1306.471635140572,1307.3358698250358,1292.1427973188988,1304.6065673828125,4181867
2023-10-04,1296.4188460811952,1319.1175035605104,1290.2323819022101,1314.0228271484375,4510406
2023-10-05,1320.9826189619423,1342.4986459516133,1319.3449927806503,1331.3994140625,7384621
2023-10-06,1336.9034978713848,1350.5500119701062,1331.2629831328265,1345.2733154296875,3598672
2023-10-09,1332.718425809864,1356.46333522133,1330.261986939683,1342.31640625,3567552
2023-10-10,1350.0042495921527,1361.9221836979577,1336.539643834747,1360.2391357421875,5688951
2023-10-11,1361.922136312119,1381.2546983673178,1347.7752053035967,1359.5567626953125,7220129
2023-10-12,1357.2822909047482,1368.654385789573,1320.982541821264,1333.264404296875,11081662
2023-10-13,1278.2234711912276,1308.2458018313064,1273.6746332154582,1302.013916015625,17973439
2023-10-16,1302.8780961484347,1313.340423053773,1300.9676064898863,1304.7431640625,4850745
2023-10-17,1310.2927452175127,1322.2106781963569,1308.2913009819003,1312.294189453125,3923764
2023-10-18,1311.8847923385383,1322.8020028156968,1308.5641186072812,1310.565673828125,4264837
2023-10-19,1297.4195403384058,1309.746935628435,1297.4195403384058,1304.288330078125,6795691
2023-10-20,1300.9675589324422,1308.7005828841384,1296.6461631947295,1298.4656982421875,3928622
2023-10-23,1296.964582762976,1303.1055136577397,1278.4508355358098,1281.5440673828125,2636516
2023-10-25,1289.2390579545506,1292.5105816192142,1254.4969210469303,1262.5604248046875,6940777
2023-10-26,1248.7372916684367,1266.2004921783227,1246.940214740459,1252.7919921875,6357656
2023-10-27,1256.6623976967833,1276.3373223697179,1256.6623976967833,1272.0521240234375,4634358
2023-10-30,1272.0520110993787,1272.0520110993787,1256.1553924305153,1269.010986328125,2667696
2023-10-31,1271.6835518717269,1272.7894712580314,1256.0634389161826,1261.039794921875,3451595
2023-11-01,1265.324779602583,1269.3794791877367,1245.603735057758,1247.9075927734375,3090672
2023-11-02,1262.514333895597,1268.32010174213,1254.8194697606157,1262.652587890625,3758060
2023-11-03,1271.7756915818663,1282.7880874213406,1269.6560973022642,1280.069580078125,3349045
2023-11-06,1284.5391312922866,1296.8417109189295,1281.6823697767961,1293.20166015625,2736381
2023-11-07,1290.1604881630135,1295.5976155760281,1285.4145181543718,1294.1231689453125,2272209
2023-11-08,1294.7681818070128,1294.7681818070128,1277.6735106371746,1281.8665771484375,3550635
2023-11-09,1286.3821608724284,1287.8566074771882,1262.5602919196745,1266.9376220703125,5498051
2023-11-10,1262.46802069147,1265.4170263311844,1254.2202543175401,1261.454345703125,2943649
2023-11-13,1271.5912989072524,1273.9872886097166,1263.2974105189112,1265.78564453125,3462092
2023-11-15,1289.2390443084512,1303.0621934611509,1283.7097846473714,1299.8367919921875,8551860
2023-11-16,1304.9973516506468,1339.3709592887674,1299.9288638617754,1331.537841796875,6673907
2023-11-17,1327.9899276991723,1337.1592379171582,1322.4606682729127,1324.7645263671875,4901251
2023-11-20,1328.8653942384274,1338.0808269307881,1321.170530438921,1323.8890380859375,3584210
2023-11-21,1328.8653376978914,1336.2376835381015,1324.0272357402534,1326.1007080078125,3793135
2023-11-22,1323.5202369954038,1344.4853438157159,1323.5202369954038,1343.4256591796875,3108786
2023-11-23,1352.733312304696,1352.733312304696,1334.1180718038254,1335.5465087890625,3186928
2023-11-24,1332.1368202960523,1338.6797545299087,1321.3546973396635,1324.626220703125,2973195
2023-11-28,1330.7083049952287,1331.6298481427323,1315.0881936422663,1329.51025390625,3755373
2023-11-29,1337.251355220777,1346.0981477081089,1336.0534165206054,1345.08447265625,3875778
2023-11-30,1339.2326879569457,1346.0521303013406,1335.8230230312827,1340.983642578125,10120867
2023-12-01,1345.3608832594507,1345.3608832594507,1332.6896647955414,1338.357177734375,3489187
2023-12-04,1345.8677509348179,1356.4194883018783,1335.592634024112,1349.4617919921875,5511948
2023-12-05,1350.798062419795,1351.8117374373267,1328.8652893459846,1339.877685546875,5123039
2023-12-06,1342.4582175598755,1361.1194695973477,1337.2054656873006,1358.63134765625,5269178
2023-12-07,1357.2948166644478,1357.2948166644478,1347.1118322726165,1350.89013671875,4424453
2023-12-08,1355.0371580856024,1377.4305905862009,1351.2127312666094,1374.1591796875,6323433
2023-12-11,1373.0993558033465,1380.471701337861,1365.727010268832,1371.717041015625,3862018
2023-12-12,1361.5800891380788,1373.0993792323097,1352.5029110424384,1360.243896484375,6103494
2023-12-13,1360.1977053814053,1360.2438275366712,1320.7096034385588,1335.3160400390625,8549258
2023-12-14,1348.5863495012065,1392.4517835867966,1346.697140932601,1383.6510009765625,12489858
2023-12-15,1403.5564479809898,1463.917528966799,1401.6672393803897,1454.5638427734375,18395389
2023-12-18,1444.9337442546357,1468.0184484698,1437.884028140626,1441.6162109375,6467243
2023-12-19,1446.9149134299466,1450.4628321473872,1422.1715017334877,1436.040771484375,4221721
2023-12-20,1442.2611198785871,1459.2635456213156,1409.9609881911038,1415.85888671875,6592367
2023-12-21,1401.897594233354,1425.3048140325604,1401.897594233354,1415.4903564453125,5319038
2023-12-22,1414.5228268659648,1443.136790994993,1403.510429556433,1440.280029296875,6741060
2023-12-26,1414.5688833319446,1426.5489455360587,1403.5103643743007,1422.816650390625,6878067
2023-12-27,1422.862643983342,1446.8227662265847,1422.862643983342,1444.1502685546875,4225849
2023-12-28,1445.855092876647,1445.855092876647,1432.9996108186176,1440.0494384765625,5702253
2023-12-29,1420.1442885580782,1437.1005945803086,1419.1766231359832,1421.84912109375,4388990
2024-01-01,1418.254950581332,1434.8427277811138,1414.799163664711,1429.635986328125,2808451
2024-01-02,1424.7057474638627,1427.6086309615123,1403.5102544550214,1414.015869140625,5396313
2024-01-03,1400.6995390215577,1400.6995390215577,1371.2562788380874,1373.099365234375,7550363
2024-01-04,1386.8763509676678,1400.5152349032498,1375.7718232468026,1394.018310546875,7056038
2024-01-05,1388.5352963045564,1418.9001014903272,1388.0745246781073,1412.3111572265625,8895403
2024-01-08,1408.9935731336889,1415.4904983479466,1394.525388427754,1403.326171875,4440136
2024-01-09,1420.9275847658068,1431.1566925228285,1406.1367703448866,1409.316162109375,4412074
2024-01-10,1405.3072902245185,1414.983494047482,1386.9225479581153,1400.653564453125,4096845
2024-01-11,1405.261293276588,1405.3534251009314,1369.9661425866611,1376.9698486328125,11296088
2024-01-12,1439.450552270239,1491.056974118596,1433.3683893367258,1486.2188720703125,26754401
2024-01-15,1515.8923891628679,1534.3232525223632,1507.6446228067189,1522.4814453125,13228305
2024-01-16,1515.7543934625273,1519.1640585147397,1497.5077919845023,1503.5439453125,6500917
2024-01-17,1493.1303945709744,1518.2424471875822,1493.1303945709744,1511.51513671875,9209876
2024-01-18,1513.7729287969016,1519.6247054977496,1500.5026844916376,1513.726806640625,6375464
2024-01-19,1522.0207083253042,1534.830181149936,1515.1552565650597,1529.0244140625,4522736
2024-01-23,1520.638356967558,1543.3082963711743,1509.2111992011553,1513.3121337890625,9401255
2024-01-24,1529.669692631178,1548.1926898142694,1515.9386754431387,1543.95361328125,8999681
2024-01-25,1541.6956238359799,1548.6994420250173,1527.9185982399085,1538.147705078125,8865304
2024-01-29,1534.5076571987393,1547.5935254301967,1518.3345293026832,1526.62841796875,4253785
2024-01-30,1532.0195441969254,1557.4081059509288,1518.933674931135,1521.882568359375,4995943
2024-01-31,1518.93352092331,1536.442841049227,1509.5798353047996,1530.591064453125,6763779
2024-02-01,1529.3471931576782,1545.4280783736983,1520.8689274978267,1527.0433349609375,5760011
2024-02-02,1535.3371760388302,1583.6720744845543,1534.3695106294924,1560.4952392578125,7858483
2024-02-05,1561.7853328521521,1567.3145920332188,1549.8974031142452,1554.82763671875,3634135
2024-02-06,1554.4129683538292,1597.034340689009,1542.6171705805966,1593.7628173828125,7694265
2024-02-07,1593.348042190383,1593.348042190383,1554.5049774833712,1560.8636474609375,4613877
2024-02-08,1564.7803892211357,1572.4752526176906,1550.7729772594932,1559.34326171875,5919715
2024-02-09,1552.5238399589869,1560.080561966992,1529.577503446997,1538.378173828125,4600004
2024-02-12,1539.2997433619348,1560.126598289278,1539.2997433619348,1548.2847900390625,3555808
2024-02-13,1550.957305138598,1556.578696520759,1532.9872115852988,1552.3857421875,2696481
2024-02-14,1529.9460822117326,1538.470357405494,1507.1840085834583,1535.475341796875,3768579
2024-02-15,1545.4281272111978,1555.334717770244,1531.2363377721808,1544.8291015625,4834391
2024-02-16,1556.486498735968,1574.917363137815,1555.5188333576436,1568.14404296875,4880654
2024-02-19,1571.2311682439513,1577.2211990906292,1555.2884257624896,1566.39306640625,3690993
2024-02-20,1552.800253854097,1561.3245282446908,1537.825177221973,1553.0306396484375,3706389
2024-02-21,1542.6631922718518,1542.6631922718518,1516.2149495640556,1525.6607666015625,4300508
2024-02-22,1534.3694366019563,1552.4316609246032,1515.3856690741432,1549.4366455078125,5841277
2024-02-23,1563.8587905950133,1565.194983220865,1540.728079066558,1545.2896728515625,5373072
2024-02-26,1543.5386736406174,1543.5386736406174,1515.9385009458492,1529.89990234375,2782438
2024-02-27,1530.683233844853,1539.9907975363865,1523.1266247075048,1533.0792236328125,5159088
2024-02-28,1538.9772213327412,1555.380736114235,1531.6509975218291,1540.129150390625,3188916
2024-02-29,1534.369531530479,1550.2661528030922,1523.5875203601972,1542.5712890625,7814722
2024-03-01,1538.0556768856939,1540.7741844629486,1521.4678984651173,1524.8775634765625,6387291
2024-03-04,1527.7803779385492,1533.8625405850848,1505.479077403563,1508.75048828125,4445156
2024-03-05,1505.8015436860508,1508.8886908149464,1476.3121621695554,1480.4591064453125,4596579
2024-03-06,1477.049450044554,1493.0382016771937,1452.352047887815,1490.6422119140625,6420684
2024-03-07,1489.7666719434026,1500.686936051952,1478.339514092148,1489.62841796875,6348359
2024-03-11,1481.9797912201366,1487.186533050453,1463.4106723438592,1475.0220947265625,6752895
2024-03-12,1474.4691365947879,1497.5077168540815,1472.303532549028,1486.403076171875,4614222
2024-03-13,1486.3570462420234,1497.046924837975,1473.1329238521018,1484.9747314453125,5688997
2024-03-14,1487.7393497230903,1527.6882245455754,1481.8414508033693,1523.58740234375,8803799
2024-03-15,1512.344570167545,1516.6758908384104,1491.3794617139743,1505.8016357421875,11809997
2024-03-18,1502.11556344857,1504.5576756669025,1473.4094674521489,1476.911376953125,4958904
2024-03-19,1467.4193112677192,1473.5475961267095,1435.764324431153,1438.943603515625,6870411
2024-03-20,1440.3720813461923,1451.3844780457566,1430.5576233604784,1432.95361328125,4759059
2024-03-21,1441.2935411478331,1453.2274803947662,1422.3097740379771,1432.72314453125,11062497
2024-03-22,1401.6672315575609,1408.9474454626866,1380.6560012352104,1390.470458984375,14673890
2024-03-26,1374.9424783172167,1389.1802760076575,1371.164173630106,1375.54150390625,8351081
2024-03-27,1378.628657389427,1381.3932870499673,1365.3124028550521,1367.431884765625,6857402
2024-03-28,1370.47310016729,1393.189164332538,1370.47310016729,1380.5179443359375,12499530
2024-04-01,1405.353474561426,1409.9150687111335,1375.6798265220143,1378.121826171875,6580002
2024-04-02,1368.353462463362,1376.0023163808078,1364.6672894897633,1366.5103759765625,7279400
2024-04-03,1362.9623414349414,1377.7991638971826,1359.2761687738598,1364.48291015625,8736248
2024-04-04,1373.6062588459959,1378.3061066574217,1352.8254147328123,1370.0582275390625,11186915
2024-04-05,1363.93009899174,1370.0582714607572,1360.24392608138,1363.0545654296875,5072482
2024-04-08,1366.6485404880466,1373.9747637962018,1358.4467836601393,1360.8427734375,6610887
2024-04-09,1373.099263903387,1395.0320353978589,1370.6111424492417,1377.5687255859375,9423230
2024-04-10,1382.6372778632074,1391.3919380114644,1368.076963217734,1388.581298828125,6744595
2024-04-12,1386.001183911433,1388.5815502616929,1363.42337207245,1368.261474609375,12275616
2024-04-15,1363.884010132131,1374.8964069734686,1346.420810540168,1352.9637451171875,8531224
2024-04-16,1337.1591322439795,1340.9835588768526,1302.1866141339272,1303.4766845703125,16173541
2024-04-18,1309.6051010829012,1331.3534994670702,1297.072135276183,1307.9002685546875,22107945
2024-04-19,1276.3373231980736,1314.903883353496,1270.5776782377934,1300.52783203125,20603621
2024-04-22,1308.4992564312556,1324.1193692022916,1302.1867077963823,1320.341064453125,5859087
2024-04-23,1329.786912241484,1333.334831262017,1320.571479724218,1329.2340087890625,4856174
2024-04-24,1330.9848800805114,1330.9848800805114,1315.0882599841418,1318.4979248046875,4268213
2024-04-25,1308.5912027225215,1331.5376484238018,1308.5912027225215,1325.5936279296875,9089398
2024-04-26,1326.745647271391,1331.9985107982977,1315.042094094127,1318.037109375,8062444
2024-04-29,1317.7607514168,1326.838042603384,1316.1941728580287,1322.1842041015625,5055957
2024-04-30,1322.1381364606618,1323.8430815716633,1306.3337587531646,1309.098388671875,6936588
2024-05-02,1302.1404919784582,1312.2774667921617,1301.0806948402314,1303.4766845703125,10076354
2024-05-03,1310.526523531366,1313.0147575937467,1293.1093350669514,1305.181640625,8842345
2024-05-06,1308.5913151241766,1332.2749298443393,1305.9188174045357,1314.0284423828125,6445422
2024-05-07,1313.1530130338447,1330.1094313833817,1304.536606119083,1327.897705078125,6080661
2024-05-08,1322.6448266752147,1326.791770914921,1313.751912640343,1315.318603515625,6234983
2024-05-09,1315.5490256671164,1336.1915031252968,1313.0607915586831,1326.6075439453125,6088406
2024-05-10,1322.460619610937,1323.289918499904,1302.1405469699123,1313.10693359375,8777481
2024-05-13,1313.198944644248,1313.198944644248,1300.4816046041549,1311.7705078125,3735954
2024-05-14,1314.489298423798,1321.2626187308836,1306.7944348778417,1312.922607421875,3463230
2024-05-15,1314.1206697254095,1319.4656655532185,1307.2552175350827,1308.5452880859375,4327544
2024-05-16,1321.4468679639122,1341.5365553493355,1315.0421875208667,1339.3248291015625,9249145
2024-05-17,1342.6884167000094,1342.6884167000094,1326.3310252131012,1330.98486328125,7542860
2024-05-21,1317.8067987413262,1331.3534390178734,1316.332352094495,1321.6312255859375,6752663
2024-05-22,1316.6550066153582,1345.40711294369,1315.9638491315707,1340.6612548828125,7173285
2024-05-23,1340.5687460581835,1362.17899995001,1336.2375383449094,1356.880126953125,8641428
2024-05-24,1353.0558377538796,1359.737026123514,1345.4531061608475,1350.1529541015625,5277938
2024-05-27,1356.373491379203,1363.5154519951307,1345.6836115365593,1355.9127197265625,5821844
2024-05-28,1359.7370687266528,1360.1978403527887,1345.7296562893546,1351.9500732421875,6186922
2024-05-29,1350.4295268928772,1350.521658721026,1336.237738072663,1337.1131591796875,7401634
2024-05-30,1329.6026885129104,1336.0995011368218,1310.0198938256992,1315.4569091796875,9663150
2024-05-31,1325.1855631996355,1350.5180110539181,1315.9737013923686,1322.4595947265625,37113815
2024-06-03,1353.5731158092904,1353.5731158092904,1319.7337879140582,1321.519775390625,10589244
2024-06-04,1324.4335719499218,1330.0734594103187,1276.8234990229753,1310.0048828125,13736134
2024-06-05,1316.1148183429186,1351.6930870098186,1316.1148183429186,1344.2672119140625,9233424
2024-06-06,1358.2260359203012,1385.8145809499692,1351.2232206049546,1383.8875732421875,12660930
2024-06-07,1392.1124223339962,1447.289283385155,1388.5874921626576,1441.555419921875,24075302
2024-06-10,1433.7537546129818,1437.9836711469225,1407.4342739573517,1409.7371826171875,6810606
2024-06-11,1410.0190163300265,1416.0348049461413,1404.2850385180848,1405.97705078125,4853054
2024-06-12,1416.5519427607585,1418.1969101793593,1393.7573942458623,1396.060302734375,9564320
2024-06-13,1405.27206045412,1414.6718735675256,1399.9611430962834,1404.2850341796875,7307565
2024-06-14,1413.4498626747718,1413.4498626747718,1396.8592841989566,1399.5382080078125,4237727
2024-06-18,1407.151975588544,1416.5517883847267,1405.6480284899164,1408.2799072265625,5420939
2024-06-19,1414.6718886285164,1424.6827126496337,1406.8699977638037,1420.6407470703125,5493456
2024-06-20,1425.2936379231433,1426.4215695435462,1409.125891319924,1424.4476318359375,7927010
2024-06-21,1452.2712899886412,1464.256053061363,1432.2496398990345,1440.70947265625,17301941
2024-06-24,1433.0485032665965,1437.3253492351942,1424.4476516241698,1435.492431640625,5564989
2024-06-25,1434.4115183965616,1451.237207255743,1429.1006009006553,1449.4041748046875,4551525
2024-06-26,1448.5111662607692,1455.889996430208,1442.8712785271127,1448.2291259765625,4851004
2024-06-27,1446.1141853395814,1483.6665071274144,1440.0983968135813,1478.9195556640625,14757754
2024-06-28,1478.1676356666337,1493.1602914681441,1470.3657449978248,1472.7156982421875,8197544
2024-07-01,1465.900925341744,1503.8761950899986,1465.900925341744,1495.3223876953125,6801771
2024-07-02,1500.3980870491325,1535.7414752975033,1491.2803144467298,1523.7567138671875,10493173
2024-07-03,1527.469729765856,1537.8095248596555,1509.6100836947476,1529.7257080078125,7269965
2024-07-04,1530.4775505601317,1560.3690026530594,1530.2896001922775,1551.5802001953125,8008311
2024-07-05,1552.332191113537,1565.8679458210338,1535.3185512266714,1548.572265625,7065022
2024-07-08,1544.483343885064,1566.008939897241,1541.5694246287367,1561.9200439453125,5880533
2024-07-09,1560.2748898271884,1566.7137383996742,1551.9090338070268,1557.68994140625,5191182
2024-07-10,1557.5490553427878,1573.5287378659184,1539.2664644712022,1549.32421875,9852770
2024-07-11,1556.6090643284788,1565.0688961998292,1543.4963708254108,1553.507080078125,8857679
2024-07-12,1579.1686539269024,1616.5329122564228,1566.6199259649964,1609.0130615234375,17078316
2024-07-15,1622.5956425223837,1624.2876547269145,1600.4591521853247,1604.5950927734375,6942230
2024-07-16,1615.4519041715741,1633.593589888385,1597.9682742375035,1622.454833984375,6886281
2024-07-18,1615.827983176718,1659.4431419133819,1615.827983176718,1652.5343017578125,11248896
2024-07-19,1733.3255702708213,1733.3255702708213,1679.2295989019908,1685.3394775390625,29819116
2024-07-22,1692.1074068427617,1713.5859571917674,1685.3394724496927,1702.1651611328125,8462126
2024-07-23,1701.3662125939957,1729.5186076175692,1676.2217119382558,1726.6517333984375,7113056
2024-07-24,1727.2157639340674,1731.7746506207213,1710.3900744958235,1723.8787841796875,6002845
2024-07-25,1710.7660645530111,1721.0118842620095,1703.246213719811,1715.324951171875,5815599
2024-07-26,1715.794815664594,1769.984759694825,1715.794815664594,1766.130859375,11369047
2024-07-29,1779.9486525351583,1788.78450012986,1752.1252276626687,1758.799072265625,4635931
2024-07-30,1758.7989073403546,1767.1177185175402,1748.3651383345386,1764.48583984375,2721265
2024-07-31,1764.344953812893,1772.0058245898792,1753.1122228334534,1756.1201171875,5004209
2024-08-01,1744.6994808498382,1755.7913074406626,1734.3596852882927,1741.4095458984375,7475014
2024-08-02,1732.3855594141,1747.895251074617,1707.147084115294,1711.8939208984375,7400938
2024-08-05,1677.8196096487513,1689.6164211011132,1615.4049418548652,1646.7532958984375,10736703
2024-08-06,1654.5551502330297,1689.0994653436978,1640.126459251215,1646.0013427734375,7690163
2024-08-07,1688.2065718679119,1689.9925594528395,1656.341179884447,1684.11767578125,5094329
2024-08-08,1673.1196857214622,1673.1196857214622,1623.4416964698462,1638.5284423828125,6227910
2024-08-09,1664.9419144885312,1673.8717370362467,1650.6071993461458,1664.471923828125,4258524
2024-08-12,1666.633818145862,1695.2562016016923,1661.980842064797,1689.5223388671875,4315329
2024-08-13,1701.366147109179,1701.366147109179,1681.673584839887,1689.5693359375,4176918
2024-08-14,1693.8464406687062,1715.4660123309595,1689.5694795075585,1713.821044921875,7450718
2024-08-16,1738.9653871768742,1750.1041425189478,1719.6957707243737,1747.378173828125,7335657
2024-08-19,1748.3653628246682,1755.46226812506,1738.2135180462226,1752.8773193359375,2585989
2024-08-20,1767.1649081160394,1772.5227558229078,1756.0730824760828,1759.8330078125,3870333
2024-08-21,1762.5588344138969,1766.2247842698705,1755.0389843478197,1760.3028564453125,1966902
2024-08-22,1770.9248323444356,1779.9956751616294,1757.4830533776285,1767.39990234375,4300287
2024-08-23,1765.4729100507645,1769.6088509029312,1745.5453515046195,1750.3392333984375,5015935
2024-08-26,1757.7651122966831,1775.3897624868237,1752.125224235838,1763.5460205078125,3728589
2024-08-27,1763.5460856398784,1788.5495673509674,1761.431127538951,1786.05859375,3830679
2024-08-28,1792.450420519267,1833.903574209478,1783.5205978872887,1822.7177734375,6514531
2024-08-29,1816.9838956969513,1833.4335688344042,1805.610144647818,1817.3128662109375,7228284
2024-08-30,1821.6837784081808,1832.9635541258785,1812.2839653100993,1827.0416259765625,13466759
2024-09-02,1826.712755054023,1857.1681741009113,1826.195834151735,1846.5933837890625,5573739
2024-09-03,1848.943412636329,1848.943412636329,1820.226934986873,1824.7388916015625,4694322
2024-09-04,1805.7980647866775,1811.5319278069883,1786.0115271331308,1807.0670166015625,4778310
2024-09-05,1810.638983993486,1823.5637269032381,1794.9882723576418,1817.1248779296875,4081810
2024-09-06,1806.644261552745,1820.2739919338662,1783.0037062532772,1787.70361328125,5848106
2024-09-09,1776.564732765143,1805.5631341580754,1775.6247514250556,1780.9356689453125,4772612
2024-09-10,1790.5704823041315,1818.8638977650467,1782.2046254069915,1797.5263671875,6909600
2024-09-11,1799.7822173243185,1810.4040523138208,1790.6644442667855,1795.50537109375,5312946
2024-09-12,1809.464116978717,1838.9795546148218,1796.1164275717779,1833.3865966796875,8555092
2024-09-13,1833.38646078049,1841.0473312410704,1819.47480653783,1827.4176025390625,3843127
2024-09-16,1828.9686923682912,1834.8435757434945,1817.0309752474043,1833.1986083984375,1570181
2024-09-17,1830.8485176417557,1840.906271327735,1825.5846454813945,1835.3604736328125,2793127
2024-09-18,1822.388675234394,1822.388675234394,1768.386797525358,1778.5855712890625,6385468
2024-09-19,1795.9282898631557,1809.370068657787,1766.036952686509,1780.5125732421875,7976570
2024-09-20,1790.664520804125,1800.0643345616268,1755.3212440246816,1791.3695068359375,15242974
2024-09-23,1794.4243751721033,1803.73021337189,1765.7078993837924,1782.6275634765625,3636672
2024-09-24,1774.6847802570394,1796.210376017183,1759.0811128709156,1784.6485595703125,7277616
2024-09-25,1773.1337292502485,1787.4684442930745,1764.156976545127,1781.546630859375,4268341
2024-09-26,1783.8966765192179,1802.8372091877666,1779.384720079492,1786.1995849609375,8952803
2024-09-27,1816.137952637302,1856.0871602157958,1789.0665584656958,1792.3094482421875,14908931
2024-09-30,1767.1648713969455,1787.1394743316184,1758.2350489085036,1763.0289306640625,6986955
2024-10-01,1762.464916843665,1794.3772357071236,1762.464916843665,1790.0533447265625,4029072
2024-10-03,1776.0946700907043,1797.1032292411892,1768.1048290238766,1779.7606201171875,7503887
2024-10-04,1776.141704358394,1836.8174281895435,1772.8047248589348,1803.025146484375,10001483
2024-10-07,1807.772048058558,1825.4437429610623,1801.0512733437376,1818.2059326171875,6112575
2024-10-08,1821.5897622643915,1840.4363182559603,1791.933306709296,1831.6005859375,5637391
2024-10-09,1835.3606336116181,1858.3431317562972,1828.3577036972526,1835.548583984375,4857163
2024-10-10,1840.3895163779584,1846.1233796899428,1799.2182871655539,1803.82421875,4782119
2024-10-11,1802.8842276209207,1830.1436867455332,1795.4583520140732,1818.9578857421875,4709431
2024-10-14,1816.1849669571325,1851.2932470173037,1815.1979406537325,1841.3294677734375,3751378
2024-10-15,1842.3635074756771,1871.9258760220825,1834.6086610794148,1841.70556640625,5353705
2024-10-16,1837.66365041544,1841.9406117141925,1801.3333460914546,1804.8582763671875,3111512
2024-10-17,1819.0518851747047,1859.2831333510103,1814.3050481446446,1849.977294921875,8162822
2024-10-18,1780.1366215888147,1820.6027474745542,1757.0600349091483,1766.788818359375,10526196
2024-10-21,1777.5986762175419,1784.8366013292746,1727.6856903747387,1741.5504150390625,4654601
2024-10-22,1746.6730915066728,1765.0968155765634,1736.0983025734054,1740.46923828125,4125240
2024-10-23,1734.500561986716,1772.804801466981,1733.3255853155424,1760.9610595703125,4311910
2024-10-24,1749.6812424897346,1770.9247972575436,1748.3652457001226,1751.51416015625,2906475
2024-10-25,1751.6082405232555,1763.7340231622866,1735.5816269882255,1750.2923583984375,4689120
2024-10-28,1748.0833692337449,1768.951025226307,1745.5454653432146,1753.394287109375,7018940
2024-10-29,1754.9627985871089,1760.2866061853301,1738.8011693476826,1748.59326171875,4621252
2024-10-30,1741.6532608340028,1748.308049494395,1707.7613496606602,1713.227783203125,5919715
2024-10-31,1699.7282140714156,1699.7282140714156,1660.369867072741,1670.5897216796875,7395236
2024-11-01,1677.4819828348002,1678.9080088899161,1665.6460129974564,1674.011962890625,371966
2024-11-04,1639.4546463788554,1679.8587185569368,1633.275200045737,1676.6739501953125,7336722
2024-11-05,1673.2039554066878,1681.2371893406507,1658.9436944231081,1667.68994140625,3160880
2024-11-06,1677.0067780250674,1737.089967643031,1675.7233776805178,1733.7625732421875,10421494
2024-11-07,1723.5426610222241,1735.6638830746192,1698.8724555004114,1714.1309814453125,4550965
2024-11-08,1728.3437169759088,1749.829154713953,1723.7329222391422,1739.704345703125,4210960
2024-11-11,1738.8011800020988,1775.8778590726738,1732.669314114394,1768.367431640625,3804234
2024-11-12,1778.8248092339409,1788.2366040442323,1769.2229240437619,1776.6383056640625,5012450
2024-11-13,1769.3181384269985,1780.8213927172376,1764.7549244206982,1776.2581787109375,4257495
2024-11-14,1773.5961711004963,1783.4833086013102,1764.469627272938,1772.5980224609375,4311431
2024-11-18,1758.005024675079,1758.005024675079,1706.477991896976,1722.11669921875,4839244
2024-11-19,1735.4737552340218,1767.987103735295,1730.7679155470983,1734.7607421875,4669769
2024-11-21,1751.16006482196,1774.9271666789355,1730.8154024223286,1743.6021728515625,5436504
2024-11-22,1762.6632608249854,1819.6568388300636,1743.5545347717343,1808.438720703125,6301486
2024-11-25,1821.5107285834974,1824.6480325215346,1789.1874693080074,1796.5076904296875,12764638
2024-11-26,1811.0054643107326,1842.9960045611826,1803.7328244508496,1829.2586669921875,6850495
2024-11-27,1834.9153604909611,1845.6581372544963,1817.4703304442407,1829.591552734375,4447143
2024-11-28,1820.4648690644453,1820.4648690644453,1760.3341042723987,1765.0875244140625,8468790
2024-11-29,1759.811276019277,1784.4340168837268,1754.0121263454853,1766.2283935546875,5244346
2024-12-02,1767.321793063357,1789.9481217185034,1744.6954644082105,1787.0960693359375,2868263
2024-12-03,1793.9408410909798,1806.0620629902432,1778.8725217831325,1798.789306640625,4715792
2024-12-04,1791.0887427426558,1819.5616835014869,1782.53258632828,1796.079833984375,4705573
2024-12-05,1806.2997139926326,1853.7388717964993,1795.7946087095554,1839.4310302734375,9050038
2024-12-06,1837.4822303839658,1842.3781605401093,1818.088252003757,1827.5950927734375,3573331
2024-12-09,1829.3062538776032,1835.0103583375276,1803.6377838079438,1828.783447265625,4274645
2024-12-10,1843.3763652761136,1868.6645376907804,1836.7215769538172,1852.4554443359375,6174921
2024-12-11,1858.5873457085745,1880.4530791874988,1855.7352935156714,1876.79296875,5025612
2024-12-12,1877.7911587179638,1900.2273959695365,1873.3705705619063,1889.00927734375,6462130
2024-12-13,1872.6099443049989,1907.500003205855,1857.4465798294907,1901.0828857421875,5362693
2024-12-16,1897.042541916786,1900.9879041439099,1880.0728539329739,1882.402099609375,3119221
2024-12-17,1870.9463322304846,1884.2559097971648,1861.439491111427,1879.1221923828125,5811050
2024-12-18,1869.8054617493733,1887.060284654621,1864.8618349910091,1881.54638671875,3064095
2024-12-19,1838.623014099366,1863.1031292043601,1825.3134369549032,1850.2213134765625,5323592
2024-12-20,1877.7436779576376,1882.3068918972044,1816.9949422253026,1827.357421875,11056720
2024-12-23,1834.8678004850174,1844.3270603797318,1814.8558547757257,1829.4013671875,2781793
2024-12-24,1832.015755380025,1846.2284355881454,1749.2586619372746,1814.9034423828125,2360544
2024-12-26,1814.9034908105154,1825.0757640546135,1808.4863732653307,1813.3348388671875,3623321
2024-12-27,1815.236249934069,1829.25884045684,1810.007487366256,1822.2237548828125,3937500
2024-12-30,1821.2253729676181,1821.5106246003575,1793.4654453593812,1812.0037841796875,7789055
2024-12-31,1798.9794709559926,1803.4476395627287,1754.0596496753712,1787.2860107421875,3613063
2025-01-01,1781.5820268405544,1799.597444352464,1781.5820268405544,1789.662841796875,1838368
2025-01-02,1793.9409285299619,1865.8602051810894,1792.3248119514092,1861.296875,7083645
2025-01-03,1856.6384617090841,1856.6384617090841,1827.214835312903,1843.1387939453125,6218003
2025-01-06,1855.7354066651392,1875.6997732327457,1832.9189877307317,1842.283203125,7164403
2025-01-07,1849.08049857111,1861.9623140172655,1828.7834170796311,1835.6282958984375,4294832
2025-01-08,1834.8202633622047,1842.9961231909604,1795.6045452981161,1837.81494140625,5482050
2025-01-09,1838.670663062687,1855.5927707165636,1816.3295863112587,1822.7467041015625,6833503
2025-01-10,1841.475056372847,1880.2630131182193,1836.9593070090002,1869.947998046875,8036913
2025-01-13,1859.538056114521,1885.0164358188285,1852.8832675701437,1865.4322509765625,5804152
2025-01-14,1871.7543886244132,1874.5589763818855,1835.8660634362316,1844.374755859375,5792162
2025-01-15,1850.981884706997,1861.4869901029845,1841.5700892018165,1853.501220703125,2985439
2025-01-16,1868.9973329214629,1869.948017007702,1822.3187674971882,1833.3466796875,7533579
2025-01-17,1759.7161759087412,1766.3709642563163,1722.6394979722525,1725.9193115234375,16409953
2025-01-20,1733.0496195308024,1737.8030402662885,1704.7193015774908,1723.8756103515625,4333011
2025-01-21,1729.3418737355341,1741.3204695981628,1704.6240883474466,1711.896728515625,7169109
2025-01-22,1718.2664752007781,1773.7864501626696,1716.1274359637641,1764.8974609375,8373913
2025-01-23,1766.370941552174,1786.8582289789933,1761.3322697336553,1773.4534912109375,5907471
2025-01-24,1773.501188842313,1801.4513245969808,1772.312833717117,1782.96044921875,4887027
2025-01-27,1757.5772848453794,1771.1245336940863,1722.639643077662,1732.146484375,7652371
2025-01-28,1739.7518311714375,1771.599747206543,1734.9033656716754,1739.51416015625,6999495
2025-01-29,1754.0120684956396,1795.5094503993766,1749.7339902797964,1788.474365234375,5145155
2025-01-30,1780.7738303869369,1794.1308715011382,1753.0613674474346,1768.2247314453125,7336056
2025-01-31,1778.7300025936208,1803.8755513464537,1778.7300025936208,1787.0960693359375,5820470
2025-02-01,1787.571323971164,1797.3633003755383,1754.9628135718901,1760.0489501953125,1701402
2025-02-03,1745.4559465267448,1784.0062318529979,1742.0335070965566,1771.40966796875,4823228
2025-02-04,1795.8423067996916,1816.9474478919842,1782.5327290891591,1805.1590576171875,7334787
2025-02-05,1812.0038151596648,1825.0281403385413,1800.88085809743,1803.4952392578125,4996744
2025-02-06,1822.46137881177,1829.116167362465,1806.2997494743677,1821.177978515625,4765255
2025-02-07,1824.647881405861,1828.8307982430788,1796.2698706401704,1809.7696533203125,4126260
2025-02-10,1811.0531389851265,1811.0531389851265,1785.9550565261386,1787.5712890625,3828734
2025-02-11,1790.2331848086437,1809.1518213900456,1777.7792464526458,1783.150634765625,4411601
2025-02-12,1792.0396375530902,1801.1661822584174,1755.9136395546725,1771.2672119140625,5633947
2025-02-13,1776.3532848619434,1781.106705479717,1745.1233346132335,1752.3485107421875,5237744
2025-02-14,1762.568310549922,1767.6069826690268,1738.1832403249714,1764.8499755859375,5292961
2025-02-17,1747.8801254076848,1761.3797918708847,1732.2888845014002,1751.4451904296875,4428956
2025-02-18,1751.445375977347,1769.8410902296603,1746.977091046225,1760.619384765625,4365260
2025-02-19,1756.2937934312417,1758.004955145868,1716.840404092615,1721.498779296875,4611411
2025-02-20,1716.5077280780874,1740.7025920720746,1716.5077280780874,1735.14111328125,2218020
2025-02-21,1731.956275207461,1739.6092122968646,1717.1255109603246,1725.4915771484375,3379879
2025-02-24,1711.2788452920981,1718.8367369576058,1663.9347338827708,1677.1016845703125,7594720
2025-02-25,1659.0864344677666,1690.7441464007027,1659.0864344677666,1680.5242919921875,5092963
2025-02-27,1668.640674098442,1688.2723238346587,1664.7428925260701,1677.2919921875,5757079
2025-02-28,1668.4981483304996,1668.5456129045258,1599.478390980019,1604.469482421875,12182167
2025-03-03,1608.8427856333933,1643.3525496222132,1608.8427856333933,1624.3388671875,7504969
2025-03-04,1611.4095762179882,1615.2123126810395,1587.6424733239176,1605.0400390625,6759673
2025-03-05,1608.9852468032536,1647.4879525703643,1608.9852468032536,1627.0958251953125,8180782
2025-03-06,1630.42326495067,1637.3633054431778,1607.7018912844446,1631.2313232421875,10610547
2025-03-07,1619.109945155919,1620.9162680194895,1592.8710891886537,1602.853271484375,8019331
2025-03-10,1602.8533592169706,1634.225933863566,1593.5366088108908,1617.5413818359375,7558981
2025-03-11,1597.149102761885,1597.149102761885,1556.3172718227022,1579.656494140625,12671234
2025-03-12,1556.174800445261,1556.174800445261,1486.6798171088662,1512.395751953125,14870008
2025-03-13,1520.381526929375,1526.8462251444753,1492.8592690164621,1501.938232421875,7822888
2025-03-17,1468.9496345204805,1515.3905319411103,1468.9496345204805,1511.6353759765625,7526032
2025-03-18,1511.6353759765625,1511.6353759765625,1511.6353759765625,1511.6353759765625,0
2025-03-19,1523.9465678973438,1523.9465678973438,1495.2359553339961,1508.307861328125,7387068
2025-03-20,1513.4891497172634,1551.4214700841842,1513.4891497172634,1535.8778076171875,7186750
2025-03-21,1500.131882621123,1524.8022038807094,1486.5371700431922,1514.011962890625,10074677
2025-03-24,1519.1456594946171,1527.844442496362,1495.140885206093,1514.2021484375,8857726
2025-03-25,1525.8478634077803,1555.461694060302,1525.8478634077803,1548.141357421875,9890140
2025-03-26,1545.8123648464964,1556.9829031533513,1516.3411573986234,1520.5716552734375,6651302
2025-03-27,1516.8640098840594,1540.0606082841557,1507.7849306219216,1524.469482421875,9426573
2025-03-28,1511.5877308709687,1519.620965158934,1483.0672076469882,1493.1920166015625,6799047
2025-04-01,1463.3404602190724,1471.0885586286036,1442.9957978349414,1451.21923828125,12680733
2025-04-02,1459.4902057913214,1478.9317655581158,1459.4902057913214,1473.7030029296875,6193478
2025-04-03,1458.967226269639,1458.967226269639,1411.8133230002038,1422.6986083984375,10459504
2025-04-04,1388.4740776445042,1399.4069443976105,1376.5905268259103,1380.060546875,9590254
2025-04-07,1285.3249277060586,1336.5668248830998,1242.5441423903983,1327.8680419921875,21715252
2025-04-08,1360.4289830692378,1384.671428260199,1345.218037067066,1358.3375244140625,12805001
2025-04-09,1335.758736096975,1339.9416532809853,1313.7503760547593,1334.4752197265625,8546854
2025-04-11,1341.653050406826,1367.8444460129276,1328.1533814570482,1339.9417724609375,12567440
2025-04-15,1374.3089224037624,1376.3053358191778,1339.513907284088,1355.675537109375,10178530
2025-04-16,1354.7249077086744,1357.1016180730755,1327.9156612183533,1343.4117431640625,12022740
2025-04-17,1329.0562651695689,1359.2880635441882,1310.3278363222762,1349.4959716796875,14264227
2025-04-21,1340.4645789137878,1399.2169026224717,1340.4645789137878,1379.442626953125,15648970
2025-04-22,1368.985143422317,1368.985143422317,1349.3060284057444,1352.6334228515625,9399738
2025-04-23,1374.6891479419496,1414.4277879886072,1368.6047467603623,1402.1639404296875,11136642
2025-04-24,1397.4105217628291,1409.7694145318515,1389.4247524558623,1398.8365478515625,7114292
2025-04-25,1402.7343459374797,1427.642222162945,1391.3261370921732,1407.2025146484375,8329979
2025-04-28,1407.2024661808139,1416.1389193452367,1393.0373668593481,1409.0087890625,5886253
2025-04-29,1408.9139315851942,1435.3429977745961,1401.403503476668,1423.6495361328125,8056743
2025-04-30,1422.9840278751349,1434.3922372400868,1409.4842438297574,1426.1212158203125,7704183
2025-05-02,1425.740942139582,1448.082019175758,1422.4135476873855,1432.5859375,7402310
2025-05-05,1440.2864278864722,1447.8919007730015,1428.6881281546378,1434.2020263671875,4282493
2025-05-06,1431.730100318134,1440.8566434846055,1425.1703575249446,1436.9588623046875,4270530
2025-05-07,1426.026145690909,1443.8990531370239,1422.7937965506155,1433.9168701171875,5691799
2025-05-08,1433.631664427957,1441.7124795125974,1427.1669659401214,1436.864013671875,8424409
2025-05-09,1426.6915991963783,1436.8639888159648,1420.4171072727893,1433.2513427734375,4478653
2025-05-12,1461.2014458755218,1551.516434397431,1456.4480254270004,1546.66796875,11372857
2025-05-13,1529.6507024801845,1532.6928451513845,1487.4403056280353,1491.2430419921875,12846210
2025-05-14,1496.3767741072957,1516.3411402167324,1492.0986956552736,1513.869384765625,4870057
2025-05-15,1511.3975456512203,1538.7771765983814,1493.5246391320036,1533.453369140625,11151167
2025-05-16,1533.0731584594146,1533.0731584594146,1503.5069061207216,1511.49267578125,4576751
2025-05-19,1498.7534529196623,1506.8342676039738,1478.9791776249906,1482.8770751953125,8855798
2025-05-20,1492.5740269319685,1505.4082621953962,1481.1658178089215,1483.6375732421875,7143998
2025-05-21,1490.577561992386,1493.5246593705174,1475.556707413097,1491.14794921875,4157309
2025-05-22,1478.7889435849781,1483.82761514235,1464.0533417684774,1471.1834716796875,6158990
2025-05-23,1473.5603223754533,1508.9257236923431,1473.5603223754533,1487.6304931640625,5038421
2025-05-26,1489.3416207391451,1505.693456152503,1485.6339297061554,1502.55615234375,3170102
2025-05-27,1501.985940722686,1504.8379932276155,1479.6448627674063,1492.669189453125,7775714
2025-05-28,1503.0315254066693,1509.4010623010483,1492.5740005619675,1494.2852783203125,3623370
2025-05-29,1510.6371345194693,1529.5557725671263,1498.8486276920114,1507.40478515625,8609500
2025-05-30,1514.5387348868949,1515.5027951891782,1499.2101525439637,1506.5369873046875,13148092
2025-06-02,1503.9340358386107,1503.9340358386107,1483.6887699715526,1497.9569091796875,4374509
2025-06-03,1502.9700087561519,1510.9717563250315,1480.410974183671,1487.5450439453125,6853403
2025-06-04,1487.545069852834,1501.3311794658816,1486.0025968815146,1495.4503173828125,4548307
2025-06-05,1492.2689554139665,1511.3572786610305,1486.195328477135,1498.43896484375,6948539
2025-06-06,1498.8244913615613,1512.5142181403369,1487.641415492617,1507.5975341796875,3960020
2025-06-09,1521.2871674371763,1530.9277705261318,1514.5387452749073,1516.3704833984375,2903202
2025-06-10,1527.0715350387688,1549.726952383094,1520.8051430073597,1538.6402587890625,8591925
2025-06-11,1532.9522867625028,1575.8529708756475,1532.9522867625028,1572.478759765625,10597410
2025-06-12,1558.8854834598367,1569.4901466126246,1540.6647205061456,1550.787353515625,10483574
2025-06-13,1519.3589933969258,1551.1729824718614,1513.7673967286814,1544.424560546875,6968315
2025-06-16,1542.4964798976407,1576.0458254086714,1539.7006814911979,1565.441162109375,5591842
2025-06-17,1562.45249586964,1588.192976732241,1557.5358118299073,1580.9625244140625,7622083
2025-06-18,1562.7417700471647,1585.589952431105,1562.7417700471647,1574.214111328125,5629707
2025-06-19,1565.5375611980423,1571.4183055533617,1553.5831898154863,1560.2352294921875,5147760
2025-06-20,1560.8136276168789,1572.0930860674746,1551.076642111549,1564.573486328125,9202821
2025-06-23,1543.4605584963404,1543.4605584963404,1518.7806380620095,1527.071533203125,7943676
2025-06-24,1543.4604830931148,1551.172965207259,1519.9373891083474,1524.7576904296875,8083992
2025-06-25,1532.8558375256184,1561.6812632899293,1528.1319186406413,1556.8609619140625,7813533
2025-06-26,1550.9801998907828,1565.6338688312192,1548.8591966999713,1557.92138671875,6519233
2025-06-27,1560.8136478253264,1571.0326636135578,1544.8102701550988,1550.208984375,8912268
2025-06-30,1556.9573602116636,1556.9573602116636,1536.8084767193552,1544.2318115234375,6294505
2025-07-01,1551.1731318297038,1559.5604099565173,1542.9786187031953,1549.05224609375,4178937
2025-07-02,1559.8495930029494,1589.735462831807,1545.7743359105034,1552.619140625,8653641
2025-07-03,1560.331649069145,1573.7321112354073,1556.9574379034102,1560.5244140625,5259695
2025-07-04,1566.5979433677658,1584.3366759246808,1554.3544249759318,1581.733642578125,4411273
2025-07-07,1581.0590301119776,1584.915271648836,1564.670003580329,1568.5262451171875,3294523
2025-07-08,1569.490144015709,1587.035994129852,1563.2237521630664,1579.8055419921875,4590681
2025-07-09,1578.9380931561673,1579.1308581535004,1565.2483655342028,1574.9853515625,4580828
2025-07-10,1579.9985303020203,1579.9985303020203,1549.3413641152463,1557.728759765625,5330179
2025-07-11,1522.3475129338776,1549.341199857552,1506.826166489392,1537.5797119140625,11391755
2025-07-14,1534.5911874414394,1534.5911874414394,1503.7412587495296,1513.8638916015625,9173426
2025-07-15,1508.8507771918205,1545.967099361679,1507.790334380739,1528.614013671875,7614807
2025-07-16,1522.2513030563432,1554.0652948238287,1521.769272878048,1550.1126708984375,6223491
2025-07-17,1540.5684750083872,1552.1371994765352,1523.3117708067696,1526.589599609375,7374814
2025-07-18,1534.8803087969368,1541.821613244393,1523.2152032454187,1529.095947265625,5161833
2025-07-21,1523.2153333190533,1531.8918763569468,1510.4897839367352,1527.36083984375,3682661
2025-07-22,1508.7544033781517,1528.806905141675,1508.7544033781517,1514.4423828125,8473741
2025-07-23,1519.648319505044,1534.6876368616054,1494.2934861823694,1517.9129638671875,8035026
2025-07-24,1523.21527148752,1525.14339208434,1492.558106924831,1496.70361328125,14169664
2025-07-25,1487.930738061539,1493.8114825426642,1456.9844249801497,1461.2261962890625,10851259
2025-07-28,1459.4908778130184,1464.6968268487494,1429.2193615593824,1461.515380859375,6439855
2025-07-29,1458.5267960319763,1462.6721845547067,1442.3305365336291,1459.2979736328125,7070448
2025-07-30,1465.2753927209724,1467.0106307922656,1451.8749299240865,1464.40771484375,5719051
2025-07-31,1455.4418850255533,1472.21655890233,1443.198365471235,1454.76708984375,6851407
2025-08-01,1440.2096707795008,1444.8370894973941,1412.83033538686,1416.782958984375,8702978
2025-08-04,1408.9741142502269,1429.5086455065348,1398.8514812022438,1427.291259765625,8610216
2025-08-05,1425.5558755811649,1425.5558755811649,1402.7076942328947,1407.8172607421875,10213323
2025-08-06,1399.8155998166778,1403.768223634903,1378.895537719122,1385.0654296875,10566934
2025-08-07,1378.60613953599,1390.1748623852432,1363.3739407112198,1385.2581787109375,9892020
2025-08-08,1373.785961785155,1381.6912093691872,1366.169861688454,1371.9542236328125,10048009
2025-08-11,1368.8692198674414,1381.884033692687,1363.1812406590395,1376.870849609375,6625368
2025-08-12,1376.8709588997938,1389.2109785794498,1369.9297713819558,1372.9183349609375,9899184
2025-08-13,1373.7860181657672,1382.462561438393,1371.279484756972,1375.3284912109375,10318063
2025-08-14,1374.9427475738962,1417.1686356270611,1374.9427475738962,1395.6700439453125,12902347
2025-08-18,1412.0590009823861,1412.0590009823861,1378.2205097468736,1384.19775390625,7254561
2025-08-19,1381.2092603896435,1397.309139357621,1381.2092603896435,1388.2469482421875,3986094
2025-08-20,1388.921654258322,1445.1264179190935,1388.921654258322,1442.427001953125,10413061
2025-08-21,1453.802949118853,1453.802949118853,1430.9547668193538,1442.619873046875,6565539
2025-08-22,1444.258688328196,1450.2359327005538,1432.6899649169563,1434.0396728515625,5543397
2025-08-25,1452.549588321255,1483.6887826854402,1452.549588321255,1477.0367431640625,10694531
2025-08-26,1468.2638125760993,1483.1103644867733,1464.021923789744,1474.6265869140625,15994798
2025-08-28,1474.6266696224122,1474.6266696224122,1444.162386475055,1446.1868896484375,5443364
2025-08-29,1447.922152992462,1447.922152992462,1414.951220922169,1416.782958984375,8169075
2025-09-01,1423.6278448203498,1449.368326287933,1423.1458146544753,1445.5120849609375,4546057
2025-09-02,1445.5120710387366,1458.4305028963795,1432.8829043510907,1444.837158203125,5218763
2025-09-03,1446.0904115917858,1447.9221496497632,1420.0607841831338,1425.9415283203125,4623483
2025-09-04,1430.665555379037,1430.665555379037,1407.6244895421655,1410.4202880859375,5787724
2025-09-05,1417.1685500698275,1419.771465639559,1381.4983212585462,1392.681396484375,5466487
2025-09-08,1398.8515684147906,1405.5999908675153,1376.967445534214,1381.402099609375,3811567
2025-09-09,1427.7733097648295,1453.0316426482493,1419.5787971834648,1450.2359619140625,13072640
2025-09-10,1455.8274419814547,1479.7361846012639,1455.056264347903,1477.518798828125,7281071
2025-09-11,1469.1314991861996,1472.6020926929066,1452.3568266067848,1455.4417724609375,8003662
2025-09-12,1481.7606968153777,1487.4486761823323,1466.4321143461764,1470.7703857421875,12856963
2025-09-15,1470.7703889313757,1472.6021270614033,1447.2472937742573,1454.1885986328125,6167414
2025-09-16,1454.18869843609,1459.5874130189484,1449.4647790449067,1456.9844970703125,8923112
2025-09-17,1462.3832147820146,1471.830935901443,1459.58741614181,1467.685546875,4795698
2025-09-18,1494.2935138953433,1499.1138155530703,1483.2068200825713,1485.2313232421875,9331945
2025-09-19,1489.0875921991392,1495.546867150236,1465.4681136380061,1484.845703125,12988129
2025-09-22,1429.4121385641438,1460.2620677071914,1428.7373434373958,1445.6083984375,15655204
2025-09-23,1439.3420265057648,1458.6232324870878,1439.3420265057648,1443.6802978515625,9832164
2025-09-24,1433.7504516255494,1442.909024606748,1429.4121802134027,1440.884521484375,4937004
2025-09-25,1435.4857737282794,1448.6933526456728,1423.4350200871756,1431.436767578125,9491867
2025-09-26,1421.9889772759154,1425.555953399892,1389.4036912657584,1396.8270263671875,8597058
2025-09-29,1407.5280279964163,1412.3483294621576,1384.872611107433,1389.982177734375,10513117
2025-09-30,1391.1390030128964,1400.0083106366037,1386.4150840398418,1389.982177734375,7556305
2025-10-01,1394.031143886091,1397.405354815276,1376.099646484765,1393.83837890625,6250692
2025-10-03,1387.282784330546,1396.2485922754322,1381.6911874663804,1394.609619140625,6877533
2025-10-06,1394.6096065704758,1425.6524188431904,1390.4642178899833,1422.9530029296875,4630590
2025-10-07,1424.5918193613172,1429.6050033943986,1401.743637948074,1406.0819091796875,5570320
2025-10-08,1404.6358503769075,1444.1623224877194,1402.707729786136,1441.2701416015625,4657192
2025-10-09,1448.0185870707542,1459.5873108023447,1433.557682406266,1455.0562744140625,7028753
2025-10-10,1455.7310370996563,1467.0104954131987,1444.933608930849,1460.4549560546875,3738353
2025-10-13,1443.1982662450723,1450.6214834671307,1430.087069727637,1439.5347900390625,5859355
2025-10-14,1445.1264411305913,1459.9729938155936,1433.075686951717,1436.353515625,5600789
2025-10-15,1430.569218120133,1435.1002548224249,1414.7586043879573,1421.41064453125,6986098
2025-10-16,1420.9285143742625,1421.5069270236047,1408.0100826842827,1418.61474609375,8005748
2025-10-17,1402.6114532010124,1405.9856644896408,1382.4625679694304,1389.307373046875,16959378
2025-10-20,1401.4544470050912,1414.276496397426,1397.8874708768014,1408.395751953125,6994246
2025-10-21,1424.881136066363,1432.5936185349226,1417.1686535978035,1419.482421875,1698704
2025-10-23,1455.7310466373283,1490.4372172856354,1451.8748054541832,1473.566162109375,20358624
2025-10-24,1484.1708637038648,1487.5450748262833,1463.4435668090073,1470.57763671875,8652257
2025-10-27,1478.0165606695539,1483.2043487095048,1466.3685916918344,1472.633056640625,7273211
2025-10-28,1467.9347848431598,1474.5908017388306,1458.9296979699484,1468.4241943359375,8211019
2025-10-29,1468.4241778932897,1488.0005573851865,1465.1941469679696,1478.408203125,4884976
2025-10-30,1475.0801523386458,1476.2546872805226,1457.5592692997866,1462.1597900390625,5608867
2025-10-31,1458.4403008415877,1465.3898918009988,1449.3372364048548,1450.9034423828125,4819814
2025-11-03,1450.9033496746388,1459.8105780526128,1442.974820743242,1454.0355224609375,5470600
2025-11-04,1448.3583414401685,1450.511814804534,1431.9142548968182,1436.808349609375,8691330
2025-11-06,1447.2816360762577,1451.58846323567,1430.9354078512456,1435.6336669921875,7944752
2025-11-07,1438.8638806951196,1449.533031326473,1418.4065403991735,1445.5198974609375,8765759
2025-11-10,1458.5381171839108,1487.8048281611332,1458.4402591842686,1481.4425048828125,9787975
2025-11-11,1492.6989304110698,1500.9210336624128,1479.0933228205395,1497.88671875,13692989
2025-11-12,1507.3812396717751,1526.1745164244364,1505.5214596999074,1518.8333740234375,14635417
2025-11-13,1524.1189242683809,1524.5104757353395,1497.8866487683968,1509.14306640625,19655689
2025-11-14,1487.8047537888665,1497.59294295853,1457.2656513734084,1470.9691162109375,9739549
2025-11-17,1464.3132041198487,1478.212385937251,1460.8873376663598,1475.66748046875,7910354
2025-11-18,1474.1013313334302,1474.1013313334302,1451.784211591062,1454.91650390625,7525119
2025-11-19,1458.9296699222182,1510.317665675936,1458.9296699222182,1508.4578857421875,10981126
2025-11-20,1522.0634729079381,1522.0634729079381,1501.5082748815287,1503.955322265625,7387584
2025-11-21,1498.5718033380108,1518.6375916910017,1493.9714020948772,1512.2752685546875,9186302
2025-11-24,1530.4813442936104,1551.4280945139647,1508.3600590826622,1515.2117919921875,19270381
2025-11-25,1516.1905908718425,1517.7566773334454,1493.5798964672151,1498.1802978515625,8107952
2025-11-26,1499.6485223505715,1527.251289037942,1499.6485223505715,1524.902099609375,7575038
2025-11-27,1530.8728564928056,1540.954739594805,1519.3227449478784,1533.2220458984375,7552252
2025-11-28,1531.8516566735827,1535.179665000364,1524.0211050739736,1527.055419921875,4453221
2025-12-01,1529.4045743430058,1540.6609920101703,1523.042251313739,1530.872802734375,5341800
2025-12-02,1533.8093151456649,1546.4361036663386,1523.1401645511503,1527.9364013671875,6335969
2025-12-03,1522.1613705980963,1552.406900951154,1521.182551618934,1545.261474609375,12895312
2025-12-04,1534.7880917871573,1565.1314788059085,1534.7880917871573,1563.7611083984375,12609619
2025-12-05,1575.8985332981872,1597.2368345243183,1566.1103436503722,1581.9671630859375,10344725
2025-12-08,1582.8481284293375,1595.4749170068917,1566.306063981828,1576.681640625,7550413
2025-12-09,1567.2848235795727,1572.8641631737528,1548.883099378693,1565.1314697265625,6957599
2025-12-10,1573.9408513587562,1573.9408513587562,1549.2746619298632,1551.2322998046875,5116140
2025-12-11,1564.1527099609375,1573.3536321517727,1547.023378030827,1564.1527099609375,5159319
2025-12-12,1567.4806809838458,1567.8722324584342,1549.0788370408115,1564.348388671875,4633912
2025-12-15,1551.4280562362142,1576.6816332735752,1551.4280562362142,1572.766357421875,4190558
2025-12-16,1566.1103574156468,1569.0468143358012,1552.0153403019585,1559.1607666015625,5499258
2025-12-17,1553.5814245843821,1572.8642300238714,1552.4068896118622,1568.0679931640625,4817628
2025-12-18,1576.3879761796316,1595.4749463972676,1572.6684162407605,1592.3427734375,6577293
2025-12-19,1615.0513027562847,1619.847539612933,1595.2792073285575,1603.9906005859375,13149023
2025-12-22,1628.7547583833573,1657.3362243784013,1628.7547583833573,1653.8125,23098923
2025-12-23,1643.4370603643276,1643.4370603643276,1621.3157754082474,1632.9637451171875,6593060
2025-12-24,1625.8182910699556,1632.2784723030877,1617.4983299175808,1628.16748046875,4271167
2025-12-26,1628.167521100225,1633.453167508233,1616.7152673020842,1621.0220947265625,2006491
2025-12-29,1622.8818655924697,1637.6620082639456,1602.4245250544589,1609.863525390625,4062817
2025-12-30,1612.1148331917736,1612.9957941560388,1582.554548282334,1587.2528076171875,9395937
2025-12-31,1586.6655664923117,1594.1045668429529,1575.1154547350545,1581.1842041015625,6538656
2026-01-01,1581.184158007412,1604.8715288376811,1579.9116455766828,1595.2791748046875,3658165
2026-01-02,1601.2499777187402,1608.6889779975038,1593.0278744696911,1605.6546630859375,2524526
2026-01-05,1602.3265912739637,1602.3265912739637,1549.568226955718,1572.374755859375,5917885
2026-01-06,1566.2081943610224,1585.5888575673962,1565.1315174017209,1578.0518798828125,4466729
2026-01-07,1580.7926463324388,1607.2207586859843,1580.7926463324388,1604.2843017578125,4508079
2026-01-08,1604.186403368615,1609.472049603195,1574.5281413468902,1579.128662109375,3942131
2026-01-09,1575.898487352098,1596.747378487979,1572.9620305433675,1579.91162109375,6816681
2026-01-12,1575.996349102621,1579.1286413969012,1558.867017677559,1562.09716796875,6985362
2026-01-13,1583.7290294043642,1583.7290294043642,1552.7983751003353,1565.1314697265625,8080618
2026-01-14,1554.3644397699236,1582.7501883551427,1549.5682031809922,1565.91455078125,7557157
2026-01-15,1565.91455078125,1565.91455078125,1565.91455078125,1565.91455078125,0
2026-01-16,1628.461030733189,1658.119292555676,1618.3792672921977,1654.00830078125,19335957
2026-01-19,1649.309891747184,1649.309891747184,1631.201741600405,1645.59033203125,5104958
2026-01-20,1637.5641409981627,1644.6115898062917,1617.889903547792,1623.7628173828125,6406503
2026-01-21,1616.0301458476063,1621.9030597634667,1596.6494821313709,1619.358154296875,6224582
2026-01-22,1630.712428320841,1635.8022392467942,1618.7708845027832,1628.265380859375,6228892
2026-01-23,1631.8869227568262,1640.2068839190629,1626.9928279555104,1635.4107666015625,5869137
2026-01-27,1650.0930280724322,1653.6167523834592,1625.9161283991023,1647.05859375,10673087
2026-01-28,1644.4158380681818,1653.029492632909,1615.05126953125,1631.2017822265625,8588664
2026-01-29,1622.8818691859371,1631.2018305177105,1607.318623503672,1624.35009765625,4749582
2026-01-30,1619.9454090553113,1619.9454090553113,1583.8269648597889,1606.241943359375,9207926
2026-02-02,1626.7970461591942,1626.7970461591942,1583.7290136495644,1594.8875732421875,6784887
2026-02-03,1690.616056346825,1691.3991593070652,1617.9877374621406,1620.9241943359375,8805868
2026-02-04,1540.66097646391,1551.3301265638145,1478.1144237257668,1503.2701416015625,28828622
2026-02-05,1501.5082372972433,1518.1481590925844,1483.5958031001303,1488.00048828125,10628127
2026-02-06,1489.86026239605,1492.6988611765453,1448.6520095352703,1475.177978515625,13900866
2026-02-09,1489.8602864300617,1495.6353420798034,1461.376679139494,1465.4876708984375,8294615
2026-02-10,1468.2284271414342,1483.7916723660803,1459.4190565785855,1466.0750732421875,8657000
2026-02-11,1469.4029562852068,1474.003477029586,1437.885033967625,1440.7236328125,7934411
2026-02-12,1398.6344233110094,1405.2903204885395,1351.259562174479,1356.64306640625,26048896
2026-02-13,1266.493817560756,1348.1273389393946,1254.3564391221673,1340.1009521484375,45785709
2026-02-16,1344.6035807140283,1346.854912154694,1309.953484521095,1336.6751708984375,14621891
2026-02-17,1340.9819956812096,1400.6899531531467,1338.0455387563604,1361.73291015625,25347684
2026-02-18,1361.4392729027982,1371.3253201935424,1316.805153615715,1344.603515625,20241373
2026-02-19,1355.6643110050506,1372.3042339560152,1334.326009074035,1341.471435546875,14574228
2026-02-20,1330.4106332686276,1336.0878308198503,1309.8554358713993,1324.5377197265625,12633552
2026-02-23,1323.3632672728343,1323.3632672728343,1290.0834217940796,1299.3822021484375,12887826
2026-02-24,1273.4434027288626,1275.988307999553,1237.3249610296912,1248.4835205078125,27839061
2026-02-25,1258.9568742250233,1295.564726518415,1258.9568742250233,1262.7742919921875,16669618
2026-02-26,1277.848187510079,1286.168148899459,1259.054910753846,1261.7955322265625,11493914
2026-02-27,1298.207628321947,1306.723305439908,1266.7874442662774,1272.5625,23141724
2026-03-02,1263.6552272829085,1271.290062662244,1246.0364867011174,1261.5997314453125,9700361
2026-03-04,1264.6340504084835,1289.104523520103,1264.6340504084835,1279.7078857421875,15154950
2026-03-05,1292.0410271405913,1292.0410271405913,1262.7743163409898,1278.141845703125,10362147
2026-03-06,1275.4011212294208,1299.0884925711757,1275.4011212294208,1280.686767578125,8724291
2026-03-09,1262.676497890922,1290.0834296280893,1255.3353554613236,1287.14697265625,10068514
2026-03-10,1292.0410437407636,1293.0198627132945,1256.9014187299574,1268.1578369140625,9600171
2026-03-11,1260.7188580118502,1271.975276386956,1244.3726286871142,1249.2667236328125,7868891
2026-03-12,1245.5471752363726,1251.5179472285731,1231.3542997621664,1238.9891357421875,7599940
2026-03-13,1224.5025045780033,1242.7085131232232,1216.280401513626,1221.8597412109375,7366098
2026-03-16,1213.931245180508,1227.7326883178384,1198.2701415781937,1223.3280029296875,12314450
2026-03-17,1218.6295738865974,1218.6295738865974,1189.3628638376754,1206.785888671875,11223276
2026-03-18,1211.7778669014497,1263.459555545422,1208.7435520363658,1240.261474609375,12365381
2026-03-19,1217.846529327881,1228.4178221249233,1189.3629208552388,1194.9422607421875,9156461
2026-03-20,1215.6930991638783,1238.0102183433878,1203.1641691885866,1229.2987060546875,27299975
2026-03-23,1211.9735596886824,1234.3885372371806,1201.4023868626336,1230.1796875,12420293
2026-03-24,1242.1213008151199,1269.5282325903943,1224.5025589595862,1251.224365234375,13613495
2026-03-25,1243.100095463166,1263.263742406015,1230.4733068170258,1252.00732421875,10824030
2026-03-27,1257.9780904958054,1267.3748481809973,1236.444073189259,1242.806396484375,13092541
2026-03-30,1223.5236944376795,1238.6953882487069,1216.6719617488286,1224.1109619140625,14108486
2026-04-01,1262.6764804554484,1275.4011271577126,1242.610691424955,1248.6793212890625,8137156
2026-04-02,1233.3119397486187,1277.7503462365091,1233.116223742555,1273.247802734375,12873492
2026-04-06,1273.8350657038357,1292.041075138383,1271.4858762157266,1278.5333251953125,10208682
2026-04-07,1274.4222980187042,1316.609371698259,1266.1023367797188,1311.0301513671875,15355792
2026-04-08,1320.4267760360608,1347.7358488962445,1302.8080347694565,1317.68603515625,16030133
2026-04-09,1301.7313192842819,1309.170319257509,1286.1680743957882,1303.395263671875,14894607
2026-04-10,1290.0834192154255,1290.9643801968148,1256.1184483091881,1265.12353515625,19233369
2026-04-13,1245.0577246851824,1261.6976471062894,1238.8911174058185,1249.756103515625,10366082
2026-04-15,1278.631284802942,1294.4881045276459,1272.9540869097948,1277.6524658203125,12098912
2026-04-16,1294.0965334739733,1302.808046184627,1281.2740288923192,1291.2579345703125,18527029
2026-04-17,1285.1893342368037,1300.165312581974,1278.4354593069281,1290.7685546875,12064048
2026-04-20,1292.0410136169874,1296.8372503675125,1280.3930442184933,1284.7977294921875,7172300
2026-04-21,1282.2528368892558,1296.9351212811175,1271.7795218169556,1285.385009765625,10057440
2026-04-22,1267.5705813427946,1270.2133447995752,1229.2987830540255,1241.729736328125,20088378
2026-04-23,1227.438951608261,1238.891085420282,1200.0320212693207,1214.32275390625,14792854
2026-04-24,1174.5826894228176,1197.9764852174349,1127.7950978335834,1130.144287109375,42078914
2026-04-27,1130.1443119385692,1154.9084786451926,1130.04645394258,1145.5118408203125,19579883
2026-04-28,1138.0727223885278,1144.6308809119316,1125.4460537763027,1127.697265625,12720276
2026-04-29,1133.961747660014,1153.2444330805374,1132.2978032475876,1142.7711181640625,8303109
2026-04-30,1142.7711514334947,1164.5988623339997,1135.0384576467616,1156.768310546875,12205669
2026-05-01,1156.768310546875,1156.768310546875,1156.768310546875,1156.768310546875,0
2026-05-04,1169.6886601132755,1169.6886601132755,1140.5198072387318,1143.652099609375,7735811
2026-05-05,1144.728787187228,1160.0961972461241,1135.5278649580357,1153.1466064453125,8164108
2026-05-06,1161.8580797644604,1166.2627649868193,1139.443102180398,1142.4774169921875,9856963
2026-05-07,1148.1546369607545,1150.5038263553197,1134.6468875555572,1138.07275390625,12013987
2026-05-08,1136.4088093734103,1158.4322359116547,1134.2554554613432,1154.2232666015625,7582770
2026-05-11,1151.0911273032605,1161.8581361470833,1147.2737093616843,1152.0699462890625,7336288
2026-05-12,1137.3876630949442,1137.3876630949442,1099.2137225952,1116.1473388671875,16891948
2026-05-13,1112.5255790772605,1118.398492694932,1097.2560275682617,1099.3115234375,6664111
2026-05-14,1096.0815207310736,1098.137016652994,1065.933848927119,1071.8067626953125,16914842
2026-05-15,1078.658538900176,1109.1976439317652,1078.266987402901,1095.2984619140625,17482450
2026-05-18,1095.2984136735845,1121.8243835304838,1094.319594715878,1118.3006591796875,12096377
2026-05-19,1137.3876555901809,1173.0166903851343,1137.3876555901809,1171.5484619140625,32175705
2026-05-20,1161.8580984968487,1181.3366195800531,1159.802602590221,1168.4161376953125,15121010
2026-05-21,1170.7653346096859,1176.3446743746752,1152.0699163634372,1156.180908203125,10021033
2026-05-22,1157.4533539662823,1166.5564175672662,1147.6651649263981,1149.622802734375,8803066
2026-05-25,1157.9428754813864,1159.900513478819,1141.4008105061328,1143.75,5856136
2026-05-26,1141.5965459846338,1155.6914427435413,1138.2685377836078,1142.966796875,8005767
2026-05-27,1136.4088302961693,1142.5754376343073,1130.5359164445094,1135.3321533203125,6371871
2026-05-28,1135.3321533203125,1135.3321533203125,1135.3321533203125,1135.3321533203125,0
2026-05-29,1156.96396849116,1184.370898370815,1129.1654871448488,1136.3109130859375,69085430
2026-06-01,1150.1122640819906,1191.222659904496,1148.8397516554953,1177.02978515625,19439331
2026-06-02,1206.3943648530496,1251.811588367994,1206.3943648530496,1243.8831787109375,36032600
2026-06-03,1215.7909483013548,1223.425783618914,1190.2437985614154,1196.7039794921875,18534303
2026-06-04,1182.4132636253246,1189.4607121046952,1170.8631524946943,1175.855224609375,12755957
2026-06-05,1194.159169493737,1197.8787294549086,1169.0035692089534,1172.1357421875,8692290
2026-06-08,1152.559265415463,1175.26781631171,1151.5804465064052,1162.4453125,8631711
2026-06-09,1168.3182691086097,1168.3182691086097,1142.5754025403635,1155.300048828125,10984054
2026-06-10,1160.0999755859375,1171.4000244140625,1143.300048828125,1145.300048828125,8887626
2026-06-11,1129.699951171875,1133.699951171875,1109.0,1114.5999755859375,9372176
2026-06-12,1120.0,1123.300048828125,1111.5,1116.4000244140625,8075333
2026-06-15,1130.0,1151.0,1123.0,1134.9000244140625,7856192
2026-06-16,1136.9000244140625,1153.800048828125,1123.199951171875,1143.5999755859375,10456090
2026-06-17,1149.0,1162.5,1148.0,1157.699951171875,5995119
2026-06-18,1142.9000244140625,1142.9000244140625,1125.300048828125,1127.5,16781447
2026-06-19,1062.300048828125,1066.0,1030.0,1051.4000244140625,45665442
2026-06-22,1055.0,1080.300048828125,1055.0,1065.4000244140625,10178505
2026-06-23,1053.800048828125,1055.300048828125,1026.0,1029.300048828125,19323064
2026-06-24,1040.9000244140625,1065.5,1037.699951171875,1056.5999755859375,12346266
2026-06-25,1065.0,1068.0,1039.0999755859375,1041.199951171875,15866779
2026-06-26,1041.199951171875,1041.199951171875,1041.199951171875,1041.199951171875,0
2026-06-29,1037.0999755859375,1046.5999755859375,1029.0999755859375,1036.699951171875,15080892
2026-06-30,1030.0,1030.4000244140625,996.0,1000.4000244140625,24128263
2026-07-01,1006.0,1014.0,982.4000244140625,985.2999877929688,13037982
2026-07-02,1006.4000244140625,1045.0,1006.0,1040.9000244140625,18741111
2026-07-03,1063.0,1068.699951171875,1042.0,1047.199951171875,11653534
2026-07-06,1050.0999755859375,1053.0,1033.0,1042.199951171875,5559747
2026-07-07,1040.5999755859375,1087.5,1040.5999755859375,1071.800048828125,18866296
2026-07-08,1071.9000244140625,1079.699951171875,1064.4000244140625,1069.300048828125,13022221
2026-07-09,1062.699951171875,1062.699951171875,1040.4000244140625,1050.800048828125,9003333
2026-07-10,1075.0,1091.300048828125,1064.699951171875,1068.0,9747266
2026-07-13,1057.0999755859375,1114.9000244140625,1057.0999755859375,1102.5999755859375,20994760
2026-07-14,1107.800048828125,1113.5,1090.0,1092.9000244140625,14819413
2026-07-15,1079.0,1088.0999755859375,1073.0,1076.300048828125,8501933
2026-07-16,1082.5,1097.300048828125,1077.9000244140625,1082.4000244140625,8592146
2026-07-17,1105.0,1116.800048828125,1092.0,1096.5,12547728
2026-07-20,1102.0,1103.800048828125,1083.199951171875,1087.0999755859375,6372645
2026-07-21,1080.0,1094.5,1067.199951171875,1073.5,9485229
2026-07-22,1064.0,1069.300048828125,1046.199951171875,1052.0999755859375,7517203
2026-07-23,1046.9000244140625,1058.5,1032.0,1047.4000244140625,13794578
2026-07-24,1028.0,1043.4000244140625,1013.9000244140625,1040.9000244140625,29036900
2026-07-27,1065.0,1082.0,1057.4000244140625,1079.199951171875,15956349
2026-07-28,1097.0,1118.5,1097.0,1105.699951171875,28100895
2026-07-29,1147.0,1164.5,1128.4000244140625,1155.5999755859375,34400369
2026-07-30,1168.0,1187.699951171875,1151.300048828125,1155.0999755859375,22630218
2026-07-31,1118.9000244140625,1139.300048828125,1107.199951171875,1130.0999755859375,14367075
2026-08-03,1145.0999755859375,1180.0,1138.0999755859375,1180.0,8582270
2026-08-04,1168.0,1175.699951171875,1153.300048828125,1167.5,9243589
