date,open,high,low,close,volume
2021-07-23,452.7885886294382,455.1863478911576,442.4905585024975,444.2769470214844,5243460
2021-07-26,446.02512327014847,451.85240108089187,439.82529732851236,441.9747009277344,6531495
2021-07-27,444.77363553830605,448.41328948030787,435.803474211003,438.5833435058594,4632295
2021-07-28,440.38892495180284,442.2995059711165,432.3358329521524,436.3098449707031,3579030
2021-07-29,437.1026973867314,447.74464702774253,436.758806817129,443.4649353027344,4462290
2021-07-30,444.0190426276406,451.27925674698844,439.433659580239,445.4137878417969,4357415
2021-08-02,471.72237290015136,480.1289456454637,462.8095265781686,471.7032775878906,36666555
2021-08-03,474.06288748271686,477.1675814561553,467.1370316958157,471.5027160644531,8598145
2021-08-04,473.8240376195003,484.33223200219084,471.08235884052044,475.954345703125,11512810
2021-08-05,477.83628601638054,481.84848834114666,471.01549833455255,472.467529296875,7075850
2021-08-06,474.7794129635303,478.5241648227434,472.65866673346244,475.2761535644531,3553315
2021-08-09,477.7215532698715,512.0355931613523,477.13884018907476,505.9599609375,27172245
2021-08-10,509.1697244943344,520.6332079726308,500.572111885612,504.31683349609375,22718380
2021-08-11,507.63187398305723,510.47862124605444,482.99492182587534,491.4492492675781,14865920
2021-08-12,495.59512080618356,521.3688972760511,491.4491928274069,513.9080810546875,30341990
2021-08-13,518.5890143530681,518.5890143530681,504.0112712205573,508.34832763671875,11688585
2021-08-16,510.8511969207865,510.8511969207865,499.0438194141243,502.4064025878906,4956310
2021-08-17,502.4828213442436,514.9015982976184,499.61694973961863,510.0487060546875,8253620
2021-08-18,512.5611026834993,525.4097714837724,510.74608572942896,519.4965209960938,13629770
2021-08-20,515.8568251294255,518.3405568908621,498.85266736975257,505.5970153808594,8280035
2021-08-23,509.1698110648772,512.9814106404633,484.4373272618531,487.9814758300781,8559910
2021-08-24,491.0192683848827,498.9577293216548,485.2875259523744,490.0257873535156,6996380
2021-08-25,492.3376835992036,506.97274287055376,491.16269479653494,503.7247314453125,12582655
2021-08-26,505.9122470426363,508.95962562109236,499.61685792000196,500.89697265625,7009955
2021-08-27,501.52744444802903,507.6030772101167,497.70628296652023,506.0555114746094,4466105
2021-08-30,509.7428908243019,518.3405036940947,508.02337991160215,515.4268798828125,6642175
2021-08-31,517.958537143327,527.2248669476649,516.047956082899,525.7919311523438,10251115
2021-09-01,526.3651179164771,528.3521386801139,519.2959441899928,524.693359375,4574825
2021-09-02,524.645627771378,546.0441029858177,524.0724184072805,540.6849365234375,12314090
2021-09-03,543.3692291199822,553.5526585836229,540.025712343023,548.317626953125,8757735
2021-09-06,551.3172427115916,580.8166176959147,550.0849389702365,574.7791748046875,25302570
2021-09-07,582.7271084741174,631.4469159039206,581.8386954530353,627.98876953125,57776555
2021-09-08,636.2234176575344,653.9249770697746,623.9097101901401,629.8038940429688,44363970
2021-09-09,620.9388235089269,641.5730749368555,607.994648926271,629.5364379882812,28326075
2021-09-13,633.3576865211747,659.2842881650438,632.4023958929376,656.427978515625,23892315
2021-09-14,666.2195164341555,718.1490861021709,664.1178659933643,714.2610473632812,59109125
2021-09-15,724.8744004242056,752.7497694747001,697.7919387933493,703.523681640625,42781400
2021-09-16,715.4744828994826,725.7820476868224,703.5237879284034,720.2318115234375,18011055
2021-09-17,729.8419356268201,767.9962401958985,724.2439473392164,738.1338500976562,61620795
2021-09-20,735.344457955422,735.344457955422,703.1320305153737,708.4243774414062,23477555
2021-09-21,713.3507666884213,736.5287522011388,679.1721636703103,693.4347534179688,26517155
2021-09-22,702.8952555340493,717.4352890695318,696.4861552746881,702.3787231445312,14540470
2021-09-23,716.2874305425736,719.15717189762,704.0432124380497,706.731201171875,7153935
2021-09-24,711.6957978263426,714.7568666983012,696.3905118515826,705.8128051757812,7698190
2021-09-27,714.5846720867846,739.4366109086279,708.0607870904169,733.677978515625,18612320
2021-09-28,745.1760887005539,760.4813742194357,723.5573962591459,739.5513916015625,32886570
2021-09-29,738.2697712162725,738.2697712162725,718.4972090414793,721.2904663085938,12895755
2021-09-30,730.8275179612635,742.3064842119641,722.6391910378322,726.7142333984375,14624460
2021-10-01,722.600937497743,731.0188342725019,714.2117077779394,725.7767333984375,7999080
2021-10-04,729.4117442017802,777.671181248159,728.6081909334994,766.9671020507812,26394340
2021-10-05,781.5262841908084,805.1346843985925,766.220995883522,797.0419921875,36846475
2021-10-06,803.3362987888527,862.8356180521629,799.701304536151,853.9107055664062,58581180
2021-10-07,879.6713599740023,912.3768479509706,865.7148838801975,897.4446411132812,43227600
2021-10-08,922.9089144024961,949.7314707233908,903.2224700916694,932.9625854492188,61367310
2021-10-11,938.386143772065,942.901233243362,908.7513041372002,913.0654907226562,30074685
2021-10-12,911.6211544193551,933.0485795141814,903.9685109404938,921.617431640625,16397000
2021-10-13,928.0743509808589,948.9277928153172,924.2958465804438,942.958740234375,16210660
2021-10-14,957.3456169788136,1070.2221583588364,954.6672036355999,1045.264892578125,71177100
2021-10-18,1070.2222900170823,1141.5831706234305,1066.5968126237165,1124.4986572265625,39694580
2021-10-19,1181.3767633267862,1223.715020073123,955.8246976856224,1043.6004638671875,74305750
2021-10-20,939.247136912426,956.542126323062,837.4478704424226,848.3624267578125,98333925
2021-10-21,849.5773237517543,908.7513728155234,844.4883090577833,874.936279296875,46361195
2021-10-22,885.4108040136294,895.3592636302011,851.3661399222843,884.3681640625,28022520
2021-10-25,896.3159953889234,896.3159953889234,757.8222322387996,769.5403442382812,38866505
2021-10-26,778.2738467089225,841.7908132440822,775.0215081433207,801.518798828125,41011205
2021-10-27,813.1889620258643,829.3169516914018,771.7212256854679,790.1641235351562,26793965
2021-10-28,781.5261744941331,940.3185183937978,774.830111799569,873.836181640625,59298778
2021-10-29,786.452644498911,867.0923651852371,611.6853836785933,808.9801025390625,82848030
2021-11-01,836.2426462438464,846.5737034907943,774.1127339547178,818.3067626953125,29989312
2021-11-02,830.6944570874435,831.0770542230431,807.5930166737078,811.3715209960938,9742650
2021-11-03,803.5275604057109,812.0411495783096,779.7086843682415,784.25244140625,10088006
2021-11-04,792.2878230168269,792.2878230168269,784.3960336538462,786.54833984375,2229843
2021-11-08,783.4394326914522,803.5276232732843,745.9892826098776,796.6880493164062,11974709
2021-11-09,798.744695788232,820.7460466901832,797.7881153142341,818.8328857421875,9656004
2021-11-10,818.8329448657571,828.3987502964319,810.2237199781499,812.949951171875,6275409
2021-11-11,812.1368185923187,818.83288187871,798.7446920195362,810.5106201171875,4924717
2021-11-12,815.9631289352451,837.9644794223619,810.2236461994755,827.298583984375,9255302
2021-11-15,839.8297018475894,882.9236334955848,831.2682963246622,864.1746826171875,21402501
2021-11-16,876.0363026013368,888.663175327125,871.7795082222789,881.058349609375,9298944
2021-11-17,884.8368717873966,888.376230951553,861.017996425268,864.3660278320312,7189458
2021-11-18,864.2704907893898,866.5663073674178,833.277258911216,851.9784545898438,7714073
2021-11-22,872.4013360762617,879.7670169284739,834.4728993720023,848.2476806640625,11376478
2021-11-23,838.9210144360316,858.6265474074252,834.7120373037754,854.0349731445312,6078636
2021-11-24,859.0091648235742,862.5485238389406,816.0586832283827,825.3375244140625,7679846
2021-11-25,825.5289322017202,836.5296074280467,799.3664801261674,827.9682006835938,9169669
2021-11-26,812.136749304831,817.8284142896866,784.3959180564916,787.3134765625,10211011
2021-11-29,751.8722447146331,766.220951674836,717.961455588346,742.1151123046875,13888743
2021-11-30,755.9854889294681,784.300304193251,753.4027101366349,760.6249389648438,37176726
2021-12-01,773.8735716461917,781.5262151235336,761.7728057936304,776.6954956054688,6448797
2021-12-02,779.8521922490369,789.1788514019692,768.13408203125,785.5916748046875,4869021
2021-12-03,783.4392862869588,795.3487230119167,774.8300633607286,784.3002319335938,4777395
2021-12-06,779.6129850272708,783.917596601041,763.5424468288683,766.603515625,4473930
2021-12-07,774.782296835367,793.7703941806479,771.9603730141326,787.3134765625,4528051
2021-12-08,794.4401219971872,819.5025433025235,793.0530685659395,814.4326782226562,7190775
2021-12-09,818.8327430810557,825.5288052324195,805.0101459630205,819.6458129882812,5118754
2021-12-10,814.0499355714337,832.177146166277,813.0933551536059,820.6981811523438,4358630
2021-12-13,825.0505821653528,840.0689058887316,819.0719547583575,821.4155883789062,4485978
2021-12-14,822.6591569974429,822.6591569974429,806.3972899405168,817.924072265625,3374432
2021-12-15,814.2413940429688,829.7380109764728,811.1803245375164,814.2413940429688,2762485
2021-12-16,819.8372334189439,823.4244099770325,804.8189092187393,815.1500244140625,2918474
2021-12-17,813.0932981435311,814.910824163982,789.6092622094507,796.2575073242188,4227183
2021-12-20,771.9603320663088,789.8483960477014,746.8022808767176,759.6204223632812,7418777
2021-12-21,770.0473025270165,783.2959190984652,765.2644000268486,779.3739624023438,3613582
2021-12-22,784.3959282082651,806.0146218999914,783.4393478080111,803.2883911132812,3721795
2021-12-23,809.9366489419472,810.5583911805874,797.9793937561532,804.8189086914062,2917612
2021-12-24,804.4841762422918,806.2060094133651,792.5269203528403,800.8491821289062,2502607
2021-12-27,787.2656969472819,803.5275643204335,787.2656969472819,802.5709838867188,2640676
2021-12-28,804.197239422749,838.5384444013264,804.0537289934838,826.0072631835938,8220616
2021-12-29,822.1330549050041,826.4854841456622,810.2236169807592,812.4715576171875,3670117
2021-12-30,809.9366452342384,810.9888603317575,795.0139557996592,796.8314819335938,3488161
2021-12-31,798.6490550469467,803.5275920733769,793.148717363111,795.6358032226562,2712460
2022-01-03,795.7792102328074,813.0932910770235,794.2964639939953,808.9321899414062,3501695
2022-01-04,813.0934320470813,816.632791604765,806.6843309645255,811.2280883789062,2496924
2022-01-05,808.3105401459006,810.3193358857377,792.0486712908943,804.1015625,3312721
2022-01-06,789.1788811772717,811.0845971118439,789.1788811772717,806.636474609375,2842824
2022-01-07,806.6364468564537,849.4434210596276,805.871194190164,823.5679321289062,12254034
2022-01-10,825.0507604325603,840.5951950494057,825.0507604325603,835.5253295898438,4778546
2022-01-11,837.0079076053454,844.6605513320229,821.846130575881,824.9550170898438,3257687
2022-01-12,831.0770286441109,831.6510119073969,811.4193133660083,823.8548583984375,3419540
2022-01-13,823.8548939556812,836.0512944177246,816.0109227658304,830.455322265625,3384510
2022-01-14,826.389878029222,868.575052720324,819.5024870795423,863.5051879882812,14072932
2022-01-17,870.4880935360479,878.7625366802649,852.552212487915,858.3873291015625,6834869
2022-01-18,860.8267950144796,864.9400793905221,818.7372540065226,823.71142578125,5857768
2022-01-19,826.007188135928,839.8297868060608,813.3803149842316,837.9166259765625,4437914
2022-01-20,837.7253394127231,846.573708684282,828.0639001026577,842.1734619140625,3262969
2022-01-21,835.0946243235542,842.7472669290393,817.8761784612129,824.2852783203125,3915909
2022-01-24,822.1808513613033,822.8026519734727,770.0472197159386,774.6387939453125,7654105
2022-01-25,773.8735948639569,796.8315259847665,750.7243359734663,793.8661499023438,5090144
2022-01-27,783.0566619569519,788.6048747715051,768.1340316451315,778.465087890625,4740612
2022-01-28,789.8962779357254,822.6591571598229,781.5261993018318,807.9277954101562,5541007
2022-01-31,817.8762226720011,842.6994951423859,812.7106652800595,830.311767578125,4650001
2022-02-01,855.7568218072992,860.8267447497954,811.7541224138043,819.6937866210938,11012459
2022-02-02,825.528937214117,830.3118395154734,819.7894544524893,823.5201416015625,2531086
2022-02-03,823.1374954346853,833.9946604283558,819.7894637856192,823.281005859375,2603770
2022-02-04,823.6157361364072,827.9203479977473,814.2890771035037,818.5936889648438,2105561
2022-02-07,821.4634643660883,830.8379411325016,793.9617763305423,799.318603515625,4119747
2022-02-08,805.9190261088892,811.7541434780367,785.8308367340682,801.6622314453125,3851680
2022-02-09,821.7026349564876,830.6945148513543,808.4061428878093,813.0455932617188,6791815
2022-02-10,817.8763684205742,818.0198788567704,803.8146226900188,809.1715087890625,2569073
2022-02-11,799.2229563012527,805.3929118060793,789.1788616978258,794.67919921875,2582020
2022-02-14,783.9176738659128,784.3481467427245,757.9464914570359,763.6859741210938,4917765
2022-02-15,770.0472704453267,787.2657187285763,757.1334342328896,784.874267578125,4358562
2022-02-16,794.7270491362025,801.6144402521307,784.5873194273629,789.1788940429688,2883449
2022-02-17,795.8432770473512,799.7268308876444,786.3021598655497,788.0761108398438,2350333
2022-02-18,784.3843407866482,793.3021461586674,779.6377490239366,782.8021240234375,1905006
2022-02-21,776.71308828005,782.466518563606,763.2884176184195,770.3843383789062,3000870
2022-02-22,748.9048075699675,766.5006909695835,747.9459025666769,757.1513671875,4301060
2022-02-23,767.028206618924,785.3432704681574,762.3295482566363,780.8843383789062,4772916
2022-02-24,743.1513372533774,761.706124650164,704.7951392015902,707.7197875976562,10021435
2022-02-25,738.3569313049317,770.4802523422242,736.43912109375,767.1240844726562,7097351
2022-02-28,748.2335437330316,778.6308432859064,748.1376766458561,776.0897216796875,4654745
2022-03-02,762.3295601914336,782.2747747149571,762.3295601914336,775.5624389648438,3010826
2022-03-03,788.2198312768968,788.2198312768968,764.1033495247531,766.788330078125,2962409
2022-03-04,747.9459499283832,748.1377426465694,700.0006967278458,716.5418090820312,15395743
2022-03-07,709.5897468418132,709.5897468418132,679.2883702523093,688.4938354492188,6257302
2022-03-08,688.4938145005526,698.9938363295868,679.911602739765,688.541748046875,4872109
2022-03-09,700.9115916909994,708.247179513342,689.5005992648034,704.8430786132812,4485413
2022-03-10,730.6856761006417,740.2747269681041,719.1788150596866,726.9459228515625,5542997
2022-03-11,723.3021172073092,733.5624136526724,717.261026682613,726.6103515625,2461743
2022-03-14,712.4663698183352,731.500609450496,708.1992311335562,721.9115600585938,3574348
2022-03-15,727.8088643475137,738.260951818079,720.1855582131946,725.3157348632812,3053279
2022-03-16,736.4391067360884,741.808951811937,732.9870718340318,736.6788330078125,2456680
2022-03-17,744.3500900693359,747.5623987702991,735.6240769974887,738.7884521484375,2471381
2022-03-21,741.2814584448425,750.5349146050415,736.4390001621797,739.0759887695312,2165538
2022-03-22,742.1923774277674,742.1923774277674,721.1923371362956,734.329345703125,2670547
2022-03-23,740.2747313820081,753.315817228746,731.6445855498343,734.9528198242188,3000265
2022-03-24,734.9048530021917,747.3706186398333,729.055497086839,740.754150390625,1803315
2022-03-25,746.9869966303647,747.226722880888,736.4390416073429,738.40478515625,1756340
2022-03-28,739.3157852645799,745.021281953523,727.4253393670668,734.760986328125,2500762
2022-03-29,737.3980325623683,743.8706420809585,734.5213172207725,736.0555419921875,2496305
2022-03-30,741.2336478074692,762.3295601642147,737.39802737897,757.103515625,5002096
2022-03-31,758.5417816937282,760.1719318843885,741.2335583054335,742.8637084960938,2496423
2022-04-01,745.0692712309167,769.6652107383051,743.678847114612,765.3980712890625,4160527
2022-04-04,770.9117051894282,803.2747497258875,770.0007337119072,798.480224609375,5650502
2022-04-05,806.29522295351,806.3911485669371,785.7746916521106,788.5554809570312,3480544
2022-04-06,786.3019940411438,794.8842043400234,755.3773119584281,759.4047241210938,5400080
2022-04-07,763.1444871171112,768.0828710596587,751.7814867799905,755.3773803710938,3337181
2022-04-08,759.3089019356707,766.932208402062,756.6239796371771,757.8705444335938,1715933
2022-04-11,757.8705446099199,775.7541463006711,757.8705446099199,768.4664916992188,2482781
2022-04-12,768.466567794218,768.9939538919417,744.4939403802098,751.3980102539062,2743228
2022-04-13,757.535033812601,761.0829944105257,746.0281725394982,748.233642578125,1501647
2022-04-18,746.0280984470324,746.0280984470324,726.1787530169014,735.6719360351562,2339997
2022-04-19,739.3637470823809,746.028149065406,714.6719413774526,721.8157958984375,2121322
2022-04-20,723.9733010370588,730.206183761219,712.3225814572845,716.8773803710938,2149320
2022-04-21,726.6581806159744,730.0143480389419,720.2814976284852,728.4321899414062,1365751
2022-04-22,720.3774134728478,734.5212628555095,720.1376872121248,724.1651000976562,1361764
2022-04-25,714.3842750969842,723.4459396878267,709.5897497607627,714.9595947265625,1579619
2022-04-26,718.2198643472478,731.4527419983289,718.2198643472478,729.774658203125,1581369
2022-04-27,723.9733001974,727.3774013604941,711.6034018561074,717.7404174804688,1666186
2022-04-28,725.6034130090244,729.7266927343346,713.5211750959596,726.274658203125,1902979
2022-04-29,728.7198354443312,735.1445103763091,714.3841945990085,715.295166015625,1428538
2022-05-02,709.589828853284,712.1788845288097,700.144636298913,707.1925659179688,1299170
2022-05-04,709.5897192662012,714.0965845939512,689.5965728841302,691.9938354492188,1654040
2022-05-05,699.9527234423535,702.4937866015687,684.8499695415969,687.7266845703125,1245236
2022-05-06,680.822601971508,681.7335734964315,671.2335512395149,675.5965576171875,2164692
2022-05-09,670.2745521702802,673.5827859142714,656.1307043240547,662.3635864257812,1879751
2022-05-10,660.4459860223872,670.0829720077813,647.261038933011,650.85693359375,1497882
2022-05-11,651.0006738796643,659.7266865850647,617.1992702428569,630.0964965820312,2586387
2022-05-12,626.1650266060757,626.1650266060757,592.6033483040655,595.1444702148438,3756193
2022-05-13,600.2746029601208,633.8362820393608,600.2746029601208,625.0143432617188,3683558
2022-05-16,630.8157038528764,632.733514074853,613.2677520271753,626.8842163085938,2251248
2022-05-17,628.5143079717993,658.7677496910941,623.8156499562485,655.0759887695312,2795767
2022-05-18,658.0005976065388,664.1855463260029,641.123835134138,644.1444091796875,2385266
2022-05-19,617.5348081686917,634.2677118034904,617.5348081686917,627.9389038085938,2189389
2022-05-20,642.4663649976997,642.4663649976997,629.0416946843148,635.0348510742188,1380474
2022-05-23,637.6717341963559,648.6032730504853,624.7744520775292,626.4046020507812,2459723
2022-05-24,632.5416834113544,632.5416834113544,612.7402724783993,624.3909912109375,2143475
2022-05-25,628.0827999454365,631.1992413192115,610.8225092599131,620.8430786132812,2333806
2022-05-26,621.3704612382862,625.2060813693868,599.5553717426519,613.1239013671875,2987486
2022-05-27,622.3294000294301,637.6718813860879,621.3704949446391,625.6376342773438,2191764
2022-05-30,636.2335343369524,683.6993368232811,635.6102226107063,666.534912109375,7812575
2022-05-31,676.028124019133,681.7815548618489,649.5143734748466,664.1856689453125,8925215
2022-06-01,664.1855754670206,670.1307396795575,656.8978623091069,659.5348510742188,2016185
2022-06-02,658.7677684309222,663.6581607683315,644.0006072707567,645.43896484375,2332416
2022-06-03,653.0142522679963,656.8498719582635,637.0005283557482,638.0553588867188,2642554
2022-06-06,637.6718498151133,637.6718498151133,621.5143233471069,630.8636474609375,1819887
2022-06-07,630.0006972383154,637.671938604992,623.2883610424733,627.7952270507812,1587641
2022-06-08,627.7951383080986,636.0416982008035,618.4937477604262,620.9868774414062,1797454
2022-06-09,617.9663790319635,625.1102334506426,615.0896638454017,622.808837890625,1149323
2022-06-10,615.6170203862054,623.0964678070094,614.8019745332211,618.1581420898438,982264
2022-06-13,608.9047221427337,608.9047221427337,596.1512963607189,600.8978881835938,2000311
2022-06-14,598.3567730071047,608.9047289415248,594.0417001248419,597.5896606445312,1952853
2022-06-15,599.2676815282338,606.4594689090985,596.6306928219168,597.7333984375,971460
2022-06-16,607.5620300312622,607.8976818120256,572.6579320266809,575.438720703125,2867076
2022-06-17,574.3841026183452,576.3498461890345,557.55533135052,569.9251708984375,3552167
2022-06-20,565.7539374982994,573.3293102416699,545.0895469103124,550.6511840820312,2426937
2022-06-21,554.2471650728097,578.2197933199036,550.4594781043841,575.19921875,3366401
2022-06-22,573.1376300903587,573.1376300903587,560.1444767813281,565.562255859375,1686383
2022-06-23,565.5620738146566,571.31550296542,557.9867605489629,565.2744140625,2026544
2022-06-24,567.7197987305723,575.2951730448887,566.329374517574,571.9869384765625,1938626
2022-06-27,580.1854702463316,589.7265868941489,577.7402741523979,587.8087768554688,2296044
2022-06-28,585.4594333043565,597.8772647016177,578.9868245846517,594.5690307617188,2017990
2022-06-29,586.8498972814355,589.6786789165258,572.4663213676748,576.44580078125,2143251
2022-06-30,576.4458115878501,579.0828005548084,551.3704203640056,552.5211181640625,3232913
2022-07-01,552.5212333821821,561.7267006484258,552.0417807427542,555.39794921875,1928361
2022-07-04,557.603264447267,562.3977895070027,548.4936668337691,551.7539672851562,1698911
2022-07-05,555.2060917333258,559.8088248298748,546.575945229699,547.3909912109375,1576894
2022-07-06,547.3909174991014,555.349876135565,534.1101061343558,553.5758666992188,2751283
2022-07-07,560.2880904988817,563.83605013881,554.3428687410162,558.7059326171875,2197534
2022-07-08,561.9183896749655,566.7129151841376,559.4252598209652,564.7951049804688,1642440
2022-07-11,563.4526072774471,570.2129349811356,559.7608460929987,568.5348510742188,1443087
2022-07-12,564.7952038620751,576.4938598579835,558.4184604076978,565.9938354492188,1990023
2022-07-13,568.63069652461,580.7128767836736,567.0005462288519,568.4389038085938,2991446
2022-07-14,570.5005476153027,573.2813370291781,557.1238110154856,561.6306762695312,1831386
2022-07-15,564.7951002576639,569.9732111750395,562.0142520748284,566.95263671875,1140354
2022-07-18,571.3156167910009,580.1375549518509,570.7882307191559,579.1786499023438,2221750
2022-07-19,575.3430823542267,586.3704914326827,574.3841772169696,582.7745971679688,2129099
2022-07-20,590.6375899350586,592.0280139927977,581.5279917644572,583.1581420898438,1599889
2022-07-21,583.0142815342965,587.7129397797984,578.3636153637467,582.8704223632812,1622641
2022-07-22,585.5554208104461,591.4526520400029,582.1033273455841,584.6923828125,1465991
2022-07-25,584.2608649521661,585.6992226002644,571.555372393964,574.6718139648438,1288536
2022-07-26,573.0416500492445,574.2882734696738,566.7128999579446,571.5553588867188,1549042
2022-07-27,568.6307211126588,577.5005932379406,564.6033080098491,576.2540283203125,1176622
2022-07-28,579.2745812840235,581.9115704628194,573.5211503484685,577.7403564453125,1600700
2022-07-29,581.0965298192818,613.6993054197036,580.3294173928925,610.91845703125,6964646
2022-08-01,619.7881369626931,621.2744863270818,606.7470541909253,615.5210571289062,3068787
2022-08-02,613.2197507670724,627.9869112565144,606.0279632287563,621.322509765625,3211110
2022-08-03,618.829313411847,621.9937467081836,608.9046701516379,615.7608642578125,1638012
2022-08-04,618.4937254140075,622.7129308275984,605.1169889496701,612.7402954101562,1794443
2022-08-05,614.3225449519457,620.6033613369306,611.5896304376946,615.95263671875,1225071
2022-08-08,616.5760560147945,633.8363499623315,616.0007362939818,631.4390869140625,3886443
2022-08-10,635.993815492765,649.658213337879,627.3157359351122,645.4869995117188,5461816
2022-08-11,659.7266798057877,662.9389883388416,625.4937575348999,642.562255859375,8853819
2022-08-12,642.658088269632,656.8019358215906,636.4252062975823,639.0621948242188,4080911
2022-08-16,642.2746020918585,648.219825211908,638.6307745430928,640.6924438476562,1596822
2022-08-17,641.4595287093513,648.2197974358056,640.6924163941009,644.048583984375,1526304
2022-08-18,647.7486040500028,694.8401197747062,646.7875527086823,686.3348388671875,10273793
2022-08-19,679.367206741652,723.4313866358459,669.9969563003375,706.5169067382812,25609355
2022-08-22,690.9959798177083,698.2038655598958,675.8113789190849,684.7491455078125,9845889
2022-08-23,675.6190629449635,690.9958837232273,671.1021101097654,687.1036376953125,4889154
2022-08-24,687.1036709253551,700.6064305927118,680.5685335101208,696.0894775390625,4455258
2022-08-25,701.4713147729843,705.1713385375806,687.1516280127702,689.07373046875,3528550
2022-08-26,691.9570028507702,699.4051511453445,688.208878955493,690.6596069335938,1996839
2022-08-29,640.0602322953268,669.8528256904547,640.0602322953268,664.8553466796875,5290429
2022-08-30,672.6879176851461,686.0464965239026,669.0839750502066,683.0672607421875,3375748
2022-09-01,679.4633117026335,688.9296441380101,675.8113282652359,679.5113525390625,2309164
2022-09-02,686.0946248089316,697.9155454159838,682.4906820227618,684.893310546875,3497693
2022-09-05,688.3529655280593,693.3504438156573,682.3463951482332,683.2113647460938,1573079
2022-09-06,687.0557436758734,689.6986353118853,677.7335323554455,680.7127685546875,1471443
2022-09-07,679.4633199409355,683.7880511145341,674.273619069449,678.9347534179688,1244503
2022-09-08,685.4218749040482,695.8012183635217,681.529628438986,686.9595336914062,2501592
2022-09-09,690.5154109056056,693.3505241850971,682.3464742421432,684.0763549804688,1383138
2022-09-12,687.1518083050969,696.7623231065668,685.7102310848765,693.2064208984375,2318918
2022-09-13,696.7141308682723,699.3570218643766,690.03481280108,691.9088745117188,1479262
2022-09-14,684.2685790131527,690.6595941201938,680.4724143502455,685.08544921875,1269173
2022-09-15,688.5453022120886,709.255948600198,687.2478475991634,696.1375732421875,5718669
2022-09-16,696.1857900300075,701.90400002121,665.0476952847173,675.6192626953125,3745099
2022-09-19,677.445132492067,681.769863646316,662.9332216463908,665.0475463867188,2263251
2022-09-20,672.6399129939919,687.1517659873382,671.1983358625498,678.646484375,2330872
2022-09-21,680.3764142155558,685.1816716665337,668.6996151465081,673.0723876953125,1419089
2022-09-22,672.7359824221543,677.5412394394555,666.1047042751097,673.6009521484375,1654457
2022-09-23,676.0997973326622,679.3192967139297,657.3592912232281,659.0891723632812,1804335
2022-09-26,653.514948974793,654.8604443917335,635.2549724593209,638.61865234375,3249490
2022-09-27,641.9822926342706,655.1487076728745,638.1861281243855,650.29541015625,2808630
2022-09-28,645.7304485248993,656.3020137513898,640.7329695953376,653.6110229492188,2044821
2022-09-29,662.212434066262,684.2685747160095,657.8396620689726,679.4633178710938,5846347
2022-09-30,677.5411459947105,684.2685048911119,668.1228552713316,678.502197265625,3220279
2022-10-03,678.454262359223,681.8179423325876,672.8320763518452,678.646484375,1735784
2022-10-04,686.1906863024635,691.9569945907195,681.097125712755,691.2362060546875,2443139
2022-10-06,697.5311178257068,706.0844990362724,692.0050720900297,702.7688598632812,4123619
2022-10-07,704.4507323222597,708.8715456512886,695.8493098754161,706.6130981445312,3152365
2022-10-10,697.2427596921899,706.8052324285117,694.6959501322827,702.7207641601562,1952447
2022-10-11,706.3727119175857,717.5208836357033,693.0140752630524,697.3388061523438,3747651
2022-10-12,701.5674653120799,706.0844182586865,679.0308000714988,694.1673583984375,2818945
2022-10-13,693.8791542639392,699.5493813422859,683.8841956146955,695.8973388671875,1887973
2022-10-14,703.4895658883336,705.3636276929803,691.3803427255539,694.6959228515625,1612489
2022-10-17,691.1882661529459,701.3753888200109,684.6050280344027,699.6455078125,1387810
2022-10-18,703.1531940981404,706.0843887773229,696.762179608223,702.6726684570312,1675213
2022-10-19,704.4506054419728,726.0262189364106,701.759673523846,713.868896484375,6094000
2022-10-20,710.1689515649681,715.9833008672721,697.338880039237,713.724853515625,2237769
2022-10-21,714.0610941771943,726.5547606971182,706.6609876607333,714.5896606445312,2936578
2022-10-24,719.8274346220986,721.2209707598263,711.2260136250042,714.8299560546875,649393
2022-10-25,713.3403604890858,717.9053543756781,706.949345584689,711.5624389648438,1544325
2022-10-27,716.9443275387331,717.8092972415595,708.1026431350895,712.3793334960938,1783787
2022-10-28,712.4274029252721,715.7910828811591,706.6130535902522,710.6014404296875,1484665
2022-10-31,715.02223097656,723.5275122770238,709.2559226622329,712.331298828125,1993381
2022-11-01,715.983223123316,718.5300325479279,710.5532597800865,713.34033203125,1359226
2022-11-02,713.1000928878391,731.6483719820442,709.496150369875,726.0262451171875,3424051
2022-11-03,722.6625386527651,730.3989899063743,716.9442716712568,722.1339721679688,2828562
2022-11-04,722.7106851516149,736.5978902348501,718.914520220098,728.95751953125,4743835
2022-11-07,732.6093774870152,744.7186587845509,731.840548196199,734.1470947265625,4583239
2022-11-09,739.5289537551955,740.9705306631004,729.9184410358297,731.6002807617188,1566292
2022-11-10,732.3211519095285,733.2822032899871,709.2559187785197,715.4547119140625,2557799
2022-11-11,725.5937142276478,728.188564407462,715.5026758178592,718.6741333007812,1668424
2022-11-14,722.4222866521745,735.2042574354825,720.8365285161076,729.2457275390625,2342968
2022-11-15,720.7884795888853,720.7884795888853,703.0570712594154,711.8026733398438,4125858
2022-11-16,713.1001504608964,719.6352883561772,693.9271629857877,699.7896118164062,2945626
2022-11-17,694.8400620996681,709.6883158221774,694.8400620996681,698.1557006835938,1607026
2022-11-18,702.5286300025073,704.4507329573705,686.5270994401002,690.1310424804688,1537039
2022-11-21,683.30746519128,693.9270701831339,682.9230212132383,687.6802368164062,1154333
2022-11-22,686.1907268555873,690.9959840464528,685.2296754174142,687.2959594726562,876182
2022-11-23,690.7556338291377,696.1855972312744,689.2660160199417,693.6868286132812,1116201
2022-11-24,693.8791563778007,699.4532431323529,693.3025489630949,695.3687744140625,1110302
2022-11-25,699.5973301130941,699.5973301130941,691.956960278436,693.5907592773438,800689
2022-11-28,691.9569103078361,707.141508552453,690.9958590435197,697.6271362304688,1780538
2022-11-29,693.927138381639,700.9909012314463,692.0530764558565,694.8401489257812,848626
2022-11-30,697.7233860566423,710.6014995654872,697.7233860566423,707.526123046875,2643749
2022-12-01,711.0819597756384,711.0819597756384,701.5675273795142,703.4415893554688,1155151
2022-12-02,706.3728107890029,706.3728107890029,698.9727029443902,701.6636352539062,926912
2022-12-05,704.4506997319677,705.1234474660251,696.8583699551792,700.7025756835938,1114128
2022-12-06,700.510389761847,713.5806653543264,686.2867820984801,688.5452880859375,3646370
2022-12-07,689.5543435836036,694.5998631708007,684.7010459979788,689.3621215820312,1847900
2022-12-08,693.494677992646,694.4076885689964,687.632287821003,692.5817260742188,1090422
2022-12-09,694.3595989031506,699.1648556429648,689.7946050003271,694.0232543945312,1253279
2022-12-12,692.8699649826519,696.7622111200841,682.8269668976824,695.705078125,1082376
2022-12-13,696.2816809919368,701.9519072402693,692.9180013736183,694.6959228515625,1172294
2022-12-14,696.7623005892895,711.0819906438809,695.4649045961899,706.2767333984375,1858776
2022-12-15,671.294349077165,675.1385543689454,660.242258863296,662.21240234375,14531256
2022-12-16,654.8604901907255,656.3020673848719,642.1265583090993,645.9707641601562,8857773
2022-12-19,649.4304220173508,655.052548711493,646.7875309177612,650.4395141601562,2696707
2022-12-20,650.1032899888746,651.5929080618553,641.0213417068694,647.8928833007812,4253915
2022-12-21,651.1122841437563,652.2655574856316,624.8275534056962,628.0950927734375,3812361
2022-12-22,631.4107014114885,631.8431862262303,607.6246818377681,615.98583984375,4836262
2022-12-23,609.7871635502972,613.19888456986,581.436144913995,583.5985107421875,7402977
2022-12-26,586.3373854710143,604.8857228291293,582.3970985315749,597.8219604492188,3578861
2022-12-27,603.5402509083933,610.2195695568774,598.7830349698085,608.4415893554688,2032618
2022-12-28,610.2676392795988,616.0339476822408,605.8948671391798,613.87158203125,2067777
2022-12-29,611.2287292645092,611.9975587018101,603.1078326865637,608.3936157226562,2332891
2022-12-30,613.1508686561056,620.4067958874563,610.8443215490863,614.78466796875,1680270
2023-01-02,617.9560667531842,619.5898659085333,614.2079427296143,617.3313598632812,937786
2023-01-03,623.6743242983069,629.2964515840634,617.1391864413968,618.9651489257812,2364730
2023-01-04,620.8391198061865,621.3676862725811,608.3454533085388,610.4597778320312,1377074
2023-01-05,613.5351764356643,613.5351764356643,606.9038989695055,612.3338623046875,861066
2023-01-06,612.5260661474731,615.0248348999058,606.4234134216908,611.4689331054688,730880
2023-01-09,614.5442930206433,616.802740213554,611.5169578269877,614.6884155273438,592137
2023-01-10,614.1118061125997,617.7637894721394,609.8831567544471,612.1416625976562,978802
2023-01-11,611.4209895171705,618.9171796509218,611.4209895171705,615.7937622070312,922620
2023-01-12,618.6287656865076,619.2053730333024,613.391024097763,615.6975708007812,685572
2023-01-13,617.4754555896214,618.436506882368,612.2377143125699,616.514404296875,697974
2023-01-16,617.9559625689178,618.2923070480526,613.1507062503415,615.120849609375,789814
2023-01-17,615.072928988647,618.6288310909478,608.970275734508,616.1781616210938,1093013
2023-01-18,616.5625388704334,617.4755494689374,612.862514293984,615.2171020507812,706202
2023-01-19,614.1119118645845,616.0340148751153,610.2677058435229,615.3612670898438,802422
2023-01-20,614.5924295569436,626.5575323721631,613.6313780642821,616.4664916992188,1759179
2023-01-23,619.5898761828312,619.8781798837502,614.8807006554281,617.7638549804688,756232
2023-01-24,618.0521750882124,622.1847433234806,613.727443485847,618.1483154296875,845755
2023-01-25,615.4091718667469,618.6287288923002,601.1375836321711,603.1077270507812,1518420
2023-01-27,606.1351415478857,608.2013669034804,577.5919026789232,588.019287109375,2034846
2023-01-30,590.0374544937227,602.3388993422445,586.2412901456229,600.5128784179688,1192737
2023-01-31,601.666157288251,615.0728347139909,597.9661332300914,611.8052368164062,1169450
2023-02-01,616.0340074816537,627.3744033760954,592.7765496017748,603.58837890625,3338066
2023-02-02,603.5402772460419,609.7390704875578,598.6389385850789,605.6546020507812,1229577
2023-02-03,606.5194598104575,608.5377027613076,593.9297110808111,603.0116577148438,1017351
2023-02-06,602.5793041732339,611.5170715944566,600.6572011296191,610.12353515625,903072
2023-02-07,610.2675966476265,613.0546689773735,605.9428656477614,611.6611328125,876421
2023-02-08,613.1027061059085,616.9949522506726,610.3156337930109,616.3222045898438,971390
2023-02-09,617.9560087796183,631.1224238086837,612.1897007661225,626.076904296875,3035079
2023-02-10,628.2392464437056,628.2392464437056,616.5624496873583,619.0612182617188,1367860
2023-02-13,619.0612502040619,620.9833529029391,608.8260298693727,615.1689453125,859178
2023-02-14,616.9948668866994,619.4935765293071,611.4207816900214,617.0429077148438,773609
2023-02-15,615.5534303030852,622.7613159038239,606.4234418754828,622.04052734375,826243
2023-02-16,622.0404827601184,627.566527991282,620.7430869081431,623.9625854492188,908726
2023-02-17,622.9054404528221,626.5574237602891,620.1183681440637,624.5872802734375,769510
2023-02-20,624.5873409306264,627.4704951888236,615.697615301185,616.850830078125,839690
2023-02-21,616.8508118650119,622.2327348494944,614.1118388637648,617.5235595703125,810862
2023-02-22,617.8616828195629,617.8616828195629,596.9892485591747,598.438720703125,1476831
2023-02-23,595.2500010387023,595.2500010387023,580.7552769874351,582.011474609375,1905454
2023-02-24,584.572233784881,589.4521124279975,581.721592920745,587.37451171875,1103521
2023-02-27,585.586842291092,586.6497651128188,574.9573781570954,579.6439819335938,1272125
2023-02-28,582.5429169724576,590.0802204159008,580.3687084358909,588.7273559570312,1169989
2023-03-01,582.9777083994695,594.0903286253041,582.9777083994695,590.7565307617188,838187
2023-03-02,593.7521690559382,593.7521690559382,587.5194265019813,588.6790161132812,675954
2023-03-03,590.4183414841121,596.6993876701133,590.4183414841121,593.2689819335938,922970
2023-03-06,594.815183946331,600.0333085160055,594.3320264483681,595.0567626953125,1159437
2023-03-08,594.2836708719799,597.955655741694,591.5780009142527,597.4241943359375,599416
2023-03-09,597.9556511067062,600.4681052459064,593.3173513609585,594.3319702148438,705160
2023-03-10,592.1577698697596,592.8342021080991,584.1856717974013,591.33642578125,783871
2023-03-13,586.6980935711408,592.3510119367778,579.7889186983143,581.3833618164062,1063211
2023-03-14,581.7216823064098,584.6206275670729,576.0203997020952,583.0261840820312,1024101
2023-03-15,584.6205899040308,588.4375460471758,581.2384873178091,585.2487182617188,787957
2023-03-16,584.1374216958255,586.1666596187266,575.6338614305823,583.122802734375,921400
2023-03-17,586.2632384274996,598.1488994313497,585.7800809966179,591.0465087890625,1271225
2023-03-20,585.5868265849324,589.3554782684878,579.7889372128043,584.0890502929688,694608
2023-03-21,583.8958579284644,588.2925795270403,581.8666199534874,586.3116455078125,823110
2023-03-22,588.5823522609539,589.3554513252387,583.5091992922685,584.37890625,504390
2023-03-23,584.3305274362247,586.1664900307246,579.4506498588422,584.765380859375,932262
2023-03-24,584.7172205771292,588.0993232950119,577.9530151413638,579.8373413085938,886735
2023-03-27,577.9045541394373,579.7405758504568,557.273756758416,562.4918212890625,1429219
2023-03-28,564.3278714387397,564.3278714387397,540.0250294109654,541.32958984375,2025058
2023-03-29,544.0353297866267,549.5433369284385,538.3340478543822,545.4848022460938,2017776
2023-03-31,549.1568312970292,556.1143114551206,548.3837910526167,553.5052490234375,1237105
2023-04-03,557.5637386094194,560.1244968758161,547.5140393131734,551.0894165039062,1707849
2023-04-05,551.814251246554,555.5345999388841,545.5332028098575,547.5625,1555308
2023-04-06,549.446746107555,553.4569773922535,547.5624788327432,550.7030029296875,1559125
2023-04-10,550.9444358350739,563.36155807753,550.9444358350739,561.7188110351562,1300834
2023-04-11,563.3616098587896,569.1594994971305,558.5783391113217,565.1976318359375,1285557
2023-04-12,565.197635011639,568.6763452225161,559.6413240770095,564.7144775390625,1406652
2023-04-13,562.3953664982557,573.9911472507971,562.3953664982557,572.6866455078125,1102409
2023-04-17,572.6866198054396,577.469831967838,564.4729421410221,576.5518798828125,974707
2023-04-18,577.8080203709955,584.5239208859513,576.1169692546705,583.2193603515625,1216107
2023-04-19,586.4565804544169,593.1724223305447,580.2721410381891,586.2633056640625,1814835
2023-04-20,586.408162777187,589.3554703517726,578.8226145422205,581.47998046875,698282
2023-04-21,581.7216122755364,583.5092713793935,574.6675247863046,582.6879272460938,830247
2023-04-24,582.6879133199665,587.0363305835483,577.1799063235927,583.074462890625,870486
2023-04-25,583.6059565485311,590.4184655085617,579.7890004994059,587.4229125976562,977657
2023-04-26,585.5869246681476,592.3511300686048,584.1857560393577,587.7128295898438,1087979
2023-04-27,587.7128297229548,589.5971558807756,584.6206097433502,585.6835327148438,702044
2023-04-28,589.5487427779342,598.777097974444,587.9060545034424,596.9893798828125,1552366
2023-05-02,599.1152156226632,609.7446791256459,597.3758606634655,605.8311157226562,2483827
2023-05-03,605.3479535974491,611.4840293440175,601.6276060127417,606.5558471679688,1461740
2023-05-04,606.5558701950412,614.1414185142082,606.410899369404,610.324462890625,1244544
2023-05-05,609.5030736918968,612.3537142113009,602.9804486464425,604.3333129882812,878399
2023-05-08,606.8457138859117,609.358108854915,604.3333189169082,606.9423217773438,659593
2023-05-09,606.9423563854236,612.063872465247,599.1152293994576,601.6276245117188,935395
2023-05-10,602.0141272485756,604.671492978806,597.182553193611,603.2703247070312,650253
2023-05-11,603.9951435554933,606.5075977957569,603.2704073479683,605.492919921875,530789
2023-05-12,605.4929216107128,615.7358954264791,603.9951452401535,607.2806396484375,1240961
2023-05-15,603.946803518235,614.1897177142323,603.946803518235,611.0491943359375,927921
2023-05-16,610.7593280594807,615.2527159899354,603.2703874948438,605.05810546875,676721
2023-05-17,605.0580771450104,607.812050922383,597.1825873927388,601.7725830078125,671895
2023-05-18,603.9467913583308,606.6524611877803,592.3510129642508,594.138671875,723251
2023-05-19,594.1387003090096,596.2163009623825,583.7508150005077,589.790283203125,847752
2023-05-22,589.7903102163014,603.8502400193032,586.6497866071002,602.4973754882812,1083528
2023-05-23,607.232225520433,614.8660768217217,601.047787396071,603.318603515625,1199438
2023-05-24,602.9804894607112,605.7344632968645,597.1826001389735,598.0523071289062,659056
2023-05-25,598.6321223430514,600.5647522779765,595.2500199569325,597.714111328125,595504
2023-05-26,600.8545126460898,604.6231638436186,598.4387257192567,603.318603515625,1185212
2023-05-29,608.7783441310976,625.2056962743177,605.1546635112696,623.997802734375,4019467
2023-05-30,615.54262069554,631.6800920920291,606.1693539220789,622.0652465820312,10121546
2023-05-31,621.3405346360181,628.2980143158045,618.4415896843725,627.62158203125,2740993
2023-06-01,628.2013474299047,636.8981822848411,625.6406481101294,627.62158203125,2453298
2023-06-02,631.3901618160381,632.6946633033423,621.8719249263726,623.7079467773438,1537757
2023-06-05,614.5763554374817,625.5440073713022,614.5763554374817,621.9686889648438,1619948
2023-06-06,622.1136164148201,624.6743748849649,615.590989837588,621.340576171875,882889
2023-06-07,622.355181118812,635.6420127352648,622.2585732078223,630.9071044921875,2220779
2023-06-08,632.9361639555937,635.6418334713252,620.7606216452159,622.3067016601562,1224083
2023-06-09,624.2394667997938,625.1574778115129,617.3786541464546,618.5865478515625,745628
2023-06-12,620.3258665856548,625.2057450720657,617.0886762584374,624.142822265625,864306
2023-06-13,619.7460541736787,628.5878593378985,619.7460541736787,625.7855224609375,956702
2023-06-14,625.0608009197796,627.863137862436,620.4225009622656,621.8236694335938,785495
2023-06-15,621.8237336961143,627.1384664627478,619.8911035991567,621.340576171875,765612
2023-06-16,623.2731277351093,648.0591291971784,621.5337726628478,642.5994262695312,5271115
2023-06-19,639.7004143828938,652.2625071124672,637.9610594930957,645.3533325195312,4493884
2023-06-20,645.9815710222481,648.3007505906668,637.9611683985123,641.6814575195312,1519178
2023-06-21,641.6814435326194,645.0152419723585,636.8015647337592,640.0386962890625,1006572
2023-06-22,641.1016435894636,644.2421670702523,620.180902041152,623.176513671875,1913224
2023-06-23,623.1764855455648,624.2394083148006,604.5265613026615,606.6524658203125,1975633
2023-06-26,603.9468161787505,612.353767655795,600.7096848357049,611.1458740234375,914109
2023-06-27,614.0931209136884,615.0594358167783,607.9570448707394,609.358154296875,871962
2023-06-28,611.6773086368728,613.1267809322208,605.4445659710404,607.6187744140625,1192576
2023-06-30,610.9525692140236,619.8909816540864,609.0199394972533,613.70654296875,1309614
2023-07-03,614.3829877481598,618.4898259804058,610.7110030069288,611.77392578125,782176
2023-07-04,612.6436742017787,615.3010402965025,605.9277735483673,607.522216796875,939181
2023-07-05,608.4885062716027,611.6773336559634,605.97605213606,609.358154296875,690230
2023-07-06,606.845712523926,612.0154732666549,606.4591630007113,611.0008544921875,824834
2023-07-07,611.0008782828185,615.011108570404,605.8794212862821,609.406494140625,1054909
2023-07-10,610.4693865942265,610.7109652988543,593.6554851604675,595.1533203125,1947356
2023-07-11,595.4916205583365,603.5120232868549,594.2837268046685,598.1489868164062,1079845
2023-07-12,598.9703448877921,601.4827993412835,594.3803485172549,599.791748046875,957020
2023-07-13,602.0141317999735,605.4928415541777,593.8004558444361,596.9409790039062,966834
2023-07-14,599.0186806829533,602.6906658171805,595.8297940603383,601.8692626953125,757598
2023-07-17,601.096169347886,608.7300806190622,601.0478653989151,604.478271484375,1006467
2023-07-18,604.9131784790138,606.8941123954481,599.1152885894386,601.8692626953125,763870
2023-07-19,602.01414454374,606.362561318133,601.8208697801538,604.429931640625,655382
2023-07-20,603.85027915533,605.8312131490675,601.241216807369,604.0918579101562,635393
2023-07-21,602.9806080398712,609.1650481242644,599.5018973543947,602.1109008789062,1112376
2023-07-24,602.2074883123557,605.8794733245466,597.5208254198628,599.4051513671875,875139
2023-07-25,600.5647351003329,603.9468373897153,594.8634533637006,598.5838012695312,842704
2023-07-26,598.5838339600652,602.9805553805444,597.7624308288458,599.1152954101562,781540
2023-07-27,601.9175129570698,603.8501425584999,596.2645359853819,598.6320190429688,904121
2023-07-28,599.115217220885,610.66269167122,597.3758622570473,609.406494140625,1464610
2023-07-31,611.1941513812818,621.0022708409691,609.7929830328724,619.0696411132812,2235245
2023-08-01,620.3741408073221,627.0417369403806,614.2380650311951,621.098876953125,2000678
2023-08-02,621.3404872629606,622.548380900719,609.3581587847239,616.267333984375,1033405
2023-08-03,616.4606726599426,640.280302277995,613.7066394928819,637.961181640625,4563922
2023-08-04,644.0488850472316,646.3680644140179,629.6507693517275,631.5350952148438,2364709
2023-08-07,635.8352067554288,636.3183642073706,627.2833434477311,631.7766723632812,1052162
2023-08-08,634.6756015524184,636.1250738727936,619.0696516238874,620.9539184570312,1180459
2023-08-09,624.0461381011952,631.2934997057596,618.7797102060424,626.8001708984375,1792990
2023-08-10,627.0900425300978,627.0900425300978,613.7065462817083,624.6742553710938,2510995
2023-08-11,625.2057730505602,656.8042837316416,623.7079966729374,640.1836547851562,8325028
2023-08-14,641.2948876852256,641.2948876852256,617.0403490373427,627.7664794921875,2976922
2023-08-16,627.7664935059594,627.9114053523265,617.571824206713,619.7460327148438,1177223
2023-08-17,621.7270375403361,630.2305969641894,617.4752283388187,627.2349853515625,1611226
2023-08-18,627.6227331663357,636.7341911039174,621.3707265403385,623.6486206054688,1353750
2023-08-21,623.6486225113284,631.9845919304861,620.740717947231,630.5306396484375,1495106
2023-08-22,631.1122312149218,636.3464833795101,627.3804438193266,631.69384765625,1048022
2023-08-23,632.9538623466323,639.351228408673,628.640458956234,629.7067260742188,1078844
2023-08-24,632.0330426988634,644.1008584248968,631.9845894552789,639.3512573242188,2183330
2023-08-25,640.1267465389233,649.432017452763,631.015288599625,638.042724609375,3014348
2023-08-28,638.7698087937073,663.0992573608636,636.0073226630608,657.283447265625,5261237
2023-08-29,663.0022533544378,664.9408564344214,650.6436587195415,651.8552856445312,2900392
2023-08-30,657.1865143838507,661.8391504409985,650.4014028784128,651.90380859375,1632153
2023-08-31,656.2171744392032,657.9619054636153,648.2688895930214,651.3706665039062,1663214
2023-09-01,655.0055132699044,668.4788282914319,651.9037365209049,667.2186889648438,4146601
2023-09-04,672.259139231821,686.2655597338252,670.8051867747578,681.661376953125,6419929
2023-09-05,686.1200185574096,689.6095393294172,674.6338198580339,680.3527221679688,2678643
2023-09-06,680.3528162146654,693.9230386048933,674.6823663618638,686.7501831054688,3235426
2023-09-07,686.1685828482802,691.6451010445575,682.8244807077733,685.5385131835938,1886439
2023-09-08,688.2041060076076,734.7305807799529,685.5869799693687,703.2767333984375,13572298
2023-09-11,710.4980959482152,710.8858402654379,694.1653871206811,695.3770141601562,5096622
2023-09-12,698.8179912440602,700.1265247224153,664.9408889333117,667.0733642578125,4330553
2023-09-13,667.8003060803836,673.3737899209041,659.6581495009482,665.91015625,2241575
2023-09-14,676.5725263978794,682.6791147322127,670.4174848151537,675.0216674804688,2678027
2023-09-15,680.4012043582183,681.2735402172359,672.6952455488163,674.2946166992188,1614958
2023-09-18,674.6823203863187,676.4270513138744,666.8794548759508,668.18798828125,1032981
2023-09-20,667.1217801604571,667.5095244382878,654.8116388577122,657.7195434570312,1353493
2023-09-21,657.089564595286,662.4691765307525,647.4934552909062,650.692138671875,1346593
2023-09-22,652.3399284305606,654.6662757626573,640.7083100930171,642.9861450195312,1386201
2023-09-25,646.5241565755417,670.9505683264326,646.5241565755417,668.0426635742188,4487685
2023-09-26,668.0426217244582,670.272003395867,659.1734891212265,660.62744140625,1055108
2023-09-27,660.6274011415973,665.4254552220319,653.4060934004851,661.0635986328125,1155826
2023-09-28,662.7114624493929,667.2671914352635,649.432019765184,651.467529296875,1109275
2023-09-29,655.3447313727289,662.3721673644765,653.1153497179856,659.9489135742188,846290
2023-10-03,659.7551176082403,685.6839338324271,656.0232711781571,681.9520874023438,3635424
2023-10-04,678.4625940732778,687.6709582868493,675.7485617163084,682.4367065429688,2562621
2023-10-05,684.3268959604475,704.1975777836616,683.987664081713,697.364013671875,5547419
2023-10-06,699.7872078595303,700.4657307205916,692.0812493433717,697.7031860351562,1644795
2023-10-09,687.2348492387734,688.2041508597026,676.814856813785,681.2736206054688,1760290
2023-10-10,682.3883083039034,689.7549766039585,681.419006729608,684.0361328125,1371262
2023-10-11,688.2041621716112,689.9488932856664,681.8552482824642,682.9699096679688,946589
2023-10-12,683.3576003826759,685.9747264292018,677.1055934830505,678.75341796875,1230285
2023-10-13,676.8147887532707,684.8115263217841,671.919827892111,682.53369140625,1018087
2023-10-16,683.3576110109213,687.2832705610299,679.7227301012888,681.7582397460938,799567
2023-10-17,682.1944573369213,697.3155978622799,681.4674811336293,692.6629028320312,2163042
2023-10-18,696.297731085332,696.443149979561,677.6386766147592,682.2428588867188,1690083
2023-10-19,679.8680915794017,683.1152279198253,669.1088094987534,678.1718139648438,1100204
2023-10-20,678.5110825420045,681.9036379547146,668.8180670771187,670.8535766601562,1232956
2023-10-23,671.3867566401831,671.3867566401831,642.6469414030445,645.7487182617188,1717013
2023-10-25,646.7664012101851,652.3398846226371,631.1121589175814,637.8488159179688,1305923
2023-10-26,636.2495323980415,636.2495323980415,616.0395604948645,625.2479248046875,1821947
2023-10-27,629.9491556758582,641.289937465821,628.4952032246858,639.1090087890625,1056784
2023-10-30,641.3868243459642,645.3609368931129,632.4692385751396,642.9376831054688,988891
2023-10-31,644.3431864040434,648.3658113827747,642.5984554976728,644.9247436523438,603228
2023-11-01,645.6032635357916,649.4320163600589,631.9845890548634,632.8084716796875,840037
2023-11-02,637.75196132484,643.1800262948867,629.755223604172,635.1832885742188,1442254
2023-11-03,639.738992838946,645.6517083505973,637.8488430732646,643.2284545898438,763012
2023-11-06,649.9167457290843,653.454720358494,645.9426326934672,650.8860473632812,734713
2023-11-07,653.2607529672304,662.3236982611885,649.4320002380111,660.1912231445312,1366389
2023-11-08,668.8180658285191,668.8180658285191,650.9344404968971,656.1202392578125,2294522
2023-11-09,658.1557589362961,659.0281540044824,644.0039798314153,649.9651489257812,1785791
2023-11-10,649.3351166686587,655.3447388075004,645.3609449106679,651.8068237304688,711757
2023-11-13,656.2171767301602,656.2171767301602,648.5112172538406,650.4013671875,517232
2023-11-15,656.8956264649445,658.1072533179632,653.3091991477155,656.5563354492188,736475
2023-11-16,656.217215640302,662.9054206755253,654.9571353303045,658.785888671875,1042850
2023-11-17,661.2180154860007,692.2042244078162,658.8344472505014,688.166748046875,4894657
2023-11-20,690.6476892768594,692.6907139790527,675.9085302485208,682.2808837890625,1714181
2023-11-21,686.1724131218921,700.3765000825522,684.4212405869878,689.7234497070312,4324116
2023-11-22,689.7720347377233,692.4960873148697,674.2545842805505,681.01611328125,1440191
2023-11-23,684.9076339285715,687.2912022010344,680.0432331194197,681.01611328125,1285720
2023-11-24,683.9347418934378,685.2967978483117,672.8438844891551,674.0113525390625,896138
2023-11-28,678.292068887791,680.2378292349275,674.0113723721331,677.9028930664062,877968
2023-11-29,677.9028342356168,690.2584232436512,677.9028342356168,681.5025024414062,1575534
2023-11-30,681.0161075733927,690.7449091101554,681.0161075733927,686.6101684570312,2128035
2023-12-01,690.7449535465273,690.7449535465273,681.0161513839001,682.2808837890625,1060638
2023-12-04,688.7991725263297,704.365255521275,686.8534121519616,701.3006591796875,4528427
2023-12-05,705.0948597830115,709.1809681213401,689.8206301787228,695.70654296875,2826160
2023-12-06,699.8899779504493,729.5628214353729,697.1658661266101,720.417724609375,10164743
2023-12-07,722.6067612061894,741.5779249133865,712.1482991624781,737.2485961914062,7412553
2023-12-08,741.7725295617619,748.9718075030746,719.1530646313474,729.2223510742188,4842223
2023-12-11,730.5843075081475,745.7612129949724,729.6600595567314,741.431884765625,3619579
2023-12-12,745.6154276128719,765.0730320977601,742.6480954250093,749.7014770507812,7248708
2023-12-13,753.3983992180756,760.354456545439,743.0858341738951,756.8521118164062,2986173
2023-12-14,778.2555202400831,778.2555202400831,764.1973896118556,769.5968627929688,5071262
2023-12-15,775.3854382157864,775.3854382157864,757.5331121669142,759.6734008789062,2894186
2023-12-18,763.564970512828,865.2309473245374,757.9709095877819,855.3076171875,36365109
2023-12-19,857.3019947678671,891.6446519750523,829.0884705918971,858.1775512695312,37499776
2023-12-20,862.6529028150723,865.8633956645909,783.4117970324852,793.0433349609375,17968498
2023-12-21,785.1143338735873,850.7837484169171,780.1526685267163,844.7032470703125,25159581
2023-12-22,851.2700757023084,862.8473724838151,830.7423296287566,837.552490234375,10046698
2023-12-26,841.5413685811249,859.9288280165316,835.704087411776,846.211181640625,6342848
2023-12-27,851.0755237981033,860.7070608138608,835.6553975267009,843.9735107421875,5028695
2023-12-28,850.2486919514747,851.2702043206801,838.6713934207546,840.7144775390625,3578585
2023-12-29,842.514228653169,870.7277536311619,835.7526995841886,863.43115234375,10705182
2024-01-01,867.8091637940415,891.9852137195289,863.9176428801669,867.6632080078125,9040913
2024-01-02,871.4087430575801,878.8026082829379,843.2924835892586,862.1663818359375,5242381
2024-01-03,862.2637379448348,885.3210113245412,862.1664736735711,874.862548828125,6852189
2024-01-04,879.3864628577875,887.2667689617389,870.9710251239,877.1001586914062,4427039
2024-01-05,880.4566593807173,898.4063125446246,869.8036083663737,881.332275390625,9811302
2024-01-08,889.4070537169089,903.8056682019518,881.2834687569106,891.6932983398438,9604429
2024-01-09,899.9141319439532,901.568040062423,887.2666900896057,893.8822631835938,4254653
2024-01-10,895.049743619292,918.8853074439362,882.7914774042891,916.1612548828125,8474409
2024-01-11,923.2633867274659,925.9874396384585,912.5617036357883,914.79931640625,6012001
2024-01-12,919.9554609324346,935.9107194018452,915.8207202282164,925.4036254882812,6044161
2024-01-15,934.9378497581245,949.968860363305,925.2576801245043,941.164306640625,6618736
2024-01-16,943.6937789196344,945.1530991963142,909.7889282433969,923.8956909179688,5464749
2024-01-17,919.2745251746642,924.7226305453299,906.7243468366622,909.3511352539062,3782327
2024-01-18,909.7402350963464,918.3988924743866,846.6976111329817,902.1031494140625,6557942
2024-01-19,909.6429080379852,961.9838463785245,908.718660052236,957.1194458007812,14486659
2024-01-23,1016.70855547278,1018.5083601881116,901.5195098142007,909.9835205078125,15704924
2024-01-24,915.966676728098,950.5039226376546,884.44533558263,944.2774658203125,8909650
2024-01-25,949.0931551145891,963.1026520915601,932.9920015826493,943.9855346679688,6428039
2024-01-29,957.2167899690903,963.0540707875707,946.2718884344397,955.1737060546875,3870322
2024-01-30,959.6004305470128,959.8923421319275,935.083895247329,937.9052124023438,2502690
2024-01-31,942.6235930281385,955.2710348700111,938.8293367236201,950.698486328125,2254800
2024-02-01,961.6920687623486,966.5564697171404,932.0678550716874,937.1754760742188,5130192
2024-02-02,942.6722237238012,959.5516704043331,937.759190891764,941.2615356445312,2803549
2024-02-05,945.5421501235128,946.4177065459302,915.6260884032479,920.9769287109375,3260389
2024-02-06,924.2361484182774,942.1371670448619,914.0209067778649,939.0725708007812,2521842
2024-02-07,942.7209035389459,946.2232484688666,922.582271742166,928.8573608398438,1956892
2024-02-08,931.6300423471115,932.5542903997758,916.2585472845301,918.7393798828125,1638646
2024-02-09,923.3605299453964,928.5168422629188,891.1582206161369,913.680419921875,2482688
2024-02-12,916.404461661762,921.3174945030385,869.7548469754133,875.6893920898438,3029950
2024-02-13,875.689383033528,889.893468588213,853.2158757369956,885.7587280273438,3906213
2024-02-14,890.671774255579,908.6700569685536,872.9653437106202,904.000244140625,4480920
2024-02-15,912.9993608749373,941.7479565570809,909.8375004836041,925.6954345703125,4532823
2024-02-16,931.0462756973476,933.8189602899448,911.6859375395637,915.1397094726562,2036667
2024-02-19,916.4531520134705,930.8031350200507,914.0695836380933,921.2689208984375,2063916
2024-02-20,921.7066950052906,929.0032962660042,918.6420987238338,926.0846557617188,1723035
2024-02-21,926.8143614227711,933.5271992844978,897.0928233233121,900.6438598632812,2291737
2024-02-22,902.9300370059583,913.7776743528408,892.2283554324888,910.2753295898438,1724197
2024-02-23,921.609375493865,944.6666474571077,918.544838578557,938.6834106445312,7709557
2024-02-26,940.7265798126323,963.0541936681831,937.8565711680367,942.1372680664062,7397592
2024-02-27,942.623598184674,947.5852631824406,922.4363351343295,926.9115600585938,2829201
2024-02-28,927.1548226228704,933.624499649164,895.0497762990983,898.9899291992188,2972449
2024-02-29,897.9684487606784,908.6214991132877,887.6559421151687,902.2491455078125,3232361
2024-03-01,908.6700828752741,912.6102357055534,901.8599216545815,904.0975341796875,1305118
2024-03-04,909.4484169307406,920.1987314757222,898.8926903055565,912.5616455078125,2010812
2024-03-05,912.5616129300091,915.7234735291802,903.4652069581974,910.4212646484375,1167131
2024-03-06,910.6158996239215,911.5887798585625,886.828966010971,903.8543701171875,1888149
2024-03-07,906.3350998373955,920.7824053078607,904.9244711613974,911.7832641601562,1565514
2024-03-11,911.7833280657984,934.9378647657027,905.8000911314169,913.1453247070312,3587812
2024-03-12,913.5345363412507,915.8694726461583,890.6718509269596,895.9740600585938,1570749
2024-03-13,900.0600723465154,906.2378373948353,845.4328295181019,856.7669067382812,4244094
2024-03-14,851.3188255188942,880.7970843395206,839.3524106764495,874.3760986328125,2731461
2024-03-15,874.6192311242509,891.3041489960967,853.2645005350611,887.7531127929688,3393550
2024-03-18,887.7532786219938,897.9198896887684,879.4837960266108,893.979736328125,1605008
2024-03-19,893.9796674302884,893.9796674302884,875.5922073245148,881.8186645507812,1737458
2024-03-20,881.429458885694,891.6447009588725,858.8586264289776,877.440673828125,1978201
2024-03-21,888.2395759984497,918.3015963532017,885.5155234573463,909.3997192382812,3688075
2024-03-22,913.4371832059221,915.3829434774185,901.3734457706882,903.5137939453125,1554947
2024-03-26,903.5137458014697,911.3454186009526,895.1956329600326,903.5623779296875,1707716
2024-03-27,905.7028606973566,914.7020028119683,901.2762675331757,904.72998046875,1511283
2024-03-28,908.0863015167307,913.9235820680364,899.9140849929476,904.4866333007812,1729773
2024-04-01,904.8271911933256,946.5637742826015,904.7785590607525,943.8397216796875,4502891
2024-04-02,944.6179980727178,984.8465687172129,937.9537333851525,976.5770874023438,8068586
2024-04-03,975.7988563059273,1009.8009723392909,965.1944382032864,987.1329345703125,7346168
2024-04-04,992.3378540256052,994.7700546482171,967.0915996869154,971.0804443359375,2790135
2024-04-05,970.9343536307351,983.5331629811801,966.8968774062666,975.7501220703125,1970844
2024-04-08,977.74453412667,998.1750169293169,970.9343731924545,987.2787475585938,3002278
2024-04-09,991.9972621263587,1002.9421637413365,978.8146886772945,983.0467529296875,2439829
2024-04-10,987.1328830664589,1001.580129763248,985.9167828603355,995.2564086914062,2728295
2024-04-12,995.0132531665395,1039.8144351689357,989.2732360694988,1028.966796875,10944073
2024-04-15,1016.611090344949,1019.8216424231508,991.3162652001566,1001.5801391601562,4729372
2024-04-16,996.8129092158978,1008.7793817398203,978.9605834461273,988.8839721679688,2760799
2024-04-18,994.6726947608819,1005.4716407352543,961.2055936588595,966.0213623046875,2259164
2024-04-19,963.1514075494582,978.863446687198,944.1802434613628,965.09716796875,3556149
2024-04-22,977.6959697440519,980.7118746148025,968.0157998693791,972.9288330078125,1465887
2024-04-23,977.7445641745669,991.9972823197155,971.7126952857701,988.7380981445312,1744634
2024-04-24,995.2564189151784,1000.0721282769823,989.2731820876313,997.5426635742188,1689611
2024-04-25,1002.0664971997941,1009.8495379547439,994.7698964920286,999.9262084960938,1586884
2024-04-26,1006.250055632588,1030.2801494810624,998.7588067081535,1016.1246948242188,3367252
2024-04-29,1023.4698949675616,1039.0359770203002,1009.509088878468,1016.9029541015625,3571796
2024-04-30,1022.0105650313064,1029.0152543843437,1006.152571587356,1010.5792236328125,1889199
2024-05-02,1010.5792266684849,1047.2567597618308,1008.6821579346079,1027.6533203125,3702221
2024-05-03,1032.4203550167124,1046.429852756887,1012.7682237315972,1023.9076538085938,2504576
2024-05-06,1026.3886709985984,1028.528960059795,979.8363744592943,994.4782104492188,3652645
2024-05-07,997.2021831479814,1001.1909681286159,960.4759564027752,966.5564575195312,2314924
2024-05-08,962.1785221804282,988.4462877000152,962.1785221804282,980.128173828125,1871931
2024-05-09,981.6360964559748,985.9654251101786,956.0493597325559,959.3571166992188,1962409
2024-05-10,961.5461537722791,976.7231210230009,956.341268281809,968.5509033203125,1307761
2024-05-13,972.588234159212,972.588234159212,947.0987640219353,963.2972412109375,1422203
2024-05-14,967.2861524422921,1004.5475121298042,966.7024480660479,998.8074951171875,2536531
2024-05-15,999.196650305534,1011.698137040895,992.5810174853718,1000.7532348632812,1328038
2024-05-16,1003.0393773839199,1016.3677871740534,1001.1908814524986,1012.28173828125,1662931
2024-05-17,1012.8654698364782,1070.1681326935718,1010.9684011051608,1064.0389404296875,6852207
2024-05-21,1078.9243389513433,1091.8636954796618,1058.056102352016,1085.2967529296875,4808902
2024-05-22,1090.695876365908,1106.067429731797,1076.054101848184,1095.4630126953125,3646850
2024-05-23,1098.3818430387446,1108.013381623374,1086.318103738795,1091.6689453125,2440066
2024-05-24,1093.5171653492694,1093.5171653492694,1076.9782046633818,1078.97265625,2116118
2024-05-27,1085.8315239832161,1089.382560322964,1065.352467849225,1071.38427734375,2681079
2024-05-28,1075.032538935201,1077.5620035101513,1048.521555508971,1053.7264404296875,2907482
2024-05-29,1017.7298680936793,1032.5177171490443,999.2938373541398,1014.61669921875,7214522
2024-05-30,1014.6167581474996,1025.2697485586593,992.8242184779468,997.5426635742188,2329426
2024-05-31,1007.3201162016618,1009.6063607684777,970.9343753764787,992.67822265625,4783658
2024-06-03,1055.5264353623513,1055.5264353623513,1010.044281277833,1025.6590576171875,3598463
2024-06-04,1027.3614843900102,1027.3614843900102,822.3756157328047,887.3153686523438,11464052
2024-06-05,919.3718885455169,919.3718885455169,834.731301981009,893.979736328125,8798437
2024-06-06,917.3287149789666,958.1409896693187,900.5951645632655,946.9042358398438,5451521
2024-06-07,951.4768015842735,955.9520265923242,938.8293594364253,951.2335815429688,2476737
2024-06-10,963.1514043827723,963.9783288062943,946.223265038632,951.3795776367188,2242074
2024-06-11,958.3842394812071,1007.9038642874414,955.952039036498,992.3864135742188,8695834
2024-06-12,999.1479957146121,1005.9581573212355,987.5706972313934,999.0993041992188,4385975
2024-06-13,1008.8766929675778,1008.8766929675778,986.0140099543299,989.9541625976562,1996303
2024-06-14,996.2292406590046,999.8288495910675,987.1328353092402,990.5865478515625,1511522
2024-06-18,991.3649919993342,1010.4821129964232,991.0731397952356,1004.401611328125,2486989
2024-06-19,1007.7579476383654,1008.8767836383316,975.7015920363198,987.1329345703125,2550530
2024-06-20,989.7596692933629,999.1479871799726,979.8849706760459,988.05712890625,1694557
2024-06-21,991.1703399784665,1017.6326934037594,980.8578335678244,984.8466186523438,5664314
2024-06-24,992.3376310783221,1009.800780121332,980.2738949485534,982.85205078125,4131226
2024-06-25,986.5004961444992,991.1703091023405,960.3299957196748,968.113037109375,3163136
2024-06-26,972.8802276969641,975.5556483231308,961.2056649646006,963.5892333984375,3137677
2024-06-27,964.1241505876616,975.1663156441526,956.681594290807,964.3673706054688,2402997
2024-06-28,968.6967807608759,980.1767546967301,961.2055917025999,962.4216918945312,3777772
2024-07-01,963.1513874778738,972.1505292295609,962.2271394219919,965.924072265625,1815971
2024-07-02,968.2104095843656,986.9869860079963,964.1729329078795,979.3012084960938,3155918
2024-07-03,980.0794275820641,982.6088920671132,973.9502355038734,977.0148315429688,1904860
2024-07-04,982.4143527683916,989.3218373852103,975.4096038896014,978.7660522460938,1498265
2024-07-05,977.7446158567702,1006.3958906782086,975.8474875619644,998.36962890625,4670941
2024-07-08,1002.0665625286395,1023.2267059606762,999.9262736854048,1017.2434692382812,6083179
2024-07-09,1024.2968725281817,1026.3885886646217,995.4510108538374,1000.0235595703125,2638133
2024-07-10,1004.4500792432644,1009.1686430531889,966.7996643469504,994.1375732421875,2295822
2024-07-11,1002.3097124102246,1013.5465249501343,999.0991606103142,1001.4827880859375,2328069
2024-07-12,1003.0394419161614,1030.717834880254,994.5267405419942,1014.7626953125,4997763
2024-07-15,1018.4596721931164,1018.9948038378096,1006.9797564287414,1009.75244140625,3052646
2024-07-16,1013.7411310994822,1016.6110800799667,996.7157282259304,1001.0936889648438,1242326
2024-07-18,999.9747155655496,1000.8503313449255,976.8688148419121,982.85205078125,1850857
2024-07-19,985.1871949374652,987.4248076047402,958.2870326546424,962.2758178710938,3195475
2024-07-22,963.1513301873059,984.5060609497602,944.6666076887617,978.9606323242188,2819852
2024-07-23,988.1543959240528,988.1543959240528,914.5559876557652,946.51513671875,5290749
2024-07-24,948.2662862623954,961.4488003102255,942.380373279404,947.7798461914062,2446557
2024-07-25,944.617932534874,946.2231490508076,928.1276031809949,942.8667602539062,1573736
2024-07-26,949.5310250098081,964.4647115384872,946.5151203011804,957.4600219726562,1990326
2024-07-29,963.1513846075426,973.6584787454642,958.5788358551441,964.5620727539062,1761942
2024-07-30,967.5293436882579,970.9344243347224,961.6434304467767,962.76220703125,979935
2024-07-31,963.1513569252298,967.4320533746322,958.7733962119333,960.8651123046875,994897
2024-08-01,963.0540938351317,968.0157588976248,949.5310358633988,953.9089965820312,998861
2024-08-02,946.3691714869324,950.017472070922,937.5159858217409,940.19140625,1102487
2024-08-05,919.3716742269803,928.127594933904,896.1685081055878,900.4005126953125,2629317
2024-08-06,900.4006047337755,921.0743085161555,891.0609787769871,894.2228393554688,1708694
2024-08-07,902.6868891227388,908.7673905027752,896.3145355524397,905.6055297851562,1174614
2024-08-08,905.6055381673774,914.4101517510823,898.5035243657384,900.6925048828125,1150268
2024-08-09,907.2593844596997,910.2753485940325,900.8870312657102,901.811279296875,569574
2024-08-12,901.324836789467,907.9404100064904,890.2339792051241,899.3304443359375,1267706
2024-08-13,904.5354049755165,906.1893132628521,886.5857526351128,893.5418701171875,1973513
2024-08-14,902.8327864084092,903.8056665661769,881.721275108872,885.1749877929688,1764250
2024-08-16,890.088052927916,900.7897343367426,886.5856488389111,899.6708984375,908032
2024-08-19,900.8870049013632,915.1883547601168,900.0600805386694,912.2697143554688,1252866
2024-08-20,914.5559571361255,916.8422610765737,901.2761789488213,905.7514038085938,1191423
2024-08-21,904.8272442097932,913.2426819342716,902.5896315612875,909.4484252929688,943091
2024-08-22,909.642887819153,916.7449006288222,907.0647318182984,913.923583984375,841250
2024-08-23,913.5327638745908,916.5615652274948,900.8312388153719,902.1013793945312,1246894
2024-08-26,906.4980925087818,910.2597339175218,903.8600714399882,909.6246337890625,765618
2024-08-27,912.0671924301189,912.0671924301189,903.9089291312157,909.0383911132812,707733
2024-08-28,909.722272361479,917.9782754846938,904.2508700966449,905.7164306640625,1063625
2024-08-29,906.1073394829505,907.1820601271512,893.4058136007179,901.857177734375,1360184
2024-08-30,903.7623973573242,926.2343272375604,900.6358560559196,911.38330078125,2984431
2024-09-02,917.3921793574665,917.3921793574665,906.6935740728388,915.4869384765625,1054893
2024-09-03,916.4150548798932,927.2113393704577,916.268474966404,922.4727172851562,1573400
2024-09-04,912.6046313428337,919.3950744785514,910.7971303421785,917.6364135742188,1562616
2024-09-05,918.4180229891232,930.6798687097147,917.2455625223738,923.5474853515625,1929930
2024-09-06,923.8893960068252,926.4297368755625,904.202067351638,914.9983520507812,2639602
2024-09-09,906.7423111344923,911.3832529313147,897.8512675456839,905.7164306640625,1435727
2024-09-10,905.8141180995134,912.2626204280591,900.83123598393,908.7452392578125,1256105
2024-09-11,905.7164527775309,912.5557355924637,898.974850149286,902.0525512695312,1272594
2024-09-12,904.3486310924146,911.4810741982428,898.8772283386628,909.9666137695312,943329
2024-09-13,914.5587620086386,935.1254529196932,913.5328813947989,915.3892822265625,2599598
2024-09-16,915.9754458322201,920.3232878752007,906.400461098551,914.265625,1136823
2024-09-17,917.9783756912952,917.9783756912952,907.1820902595581,911.6764526367188,828569
2024-09-18,908.6476232213581,911.4810643946074,880.5577101379022,884.7589721679688,1847560
2024-09-19,887.1527274801933,893.2592302849855,846.1658687276656,863.36181640625,3593230
2024-09-20,867.7096220490602,876.4053061306394,861.456598788954,873.7184448242188,1955170
2024-09-23,877.6265403380215,891.6959459681877,874.499999127561,889.3021850585938,1325815
2024-09-24,891.0608614291759,898.388664565929,889.1067805927084,890.7677612304688,1174611
2024-09-25,893.0150054720007,893.0150054720007,876.4053171864165,880.5577392578125,1074569
2024-09-26,879.3363736817618,888.1297374185793,873.3764510025555,885.931396484375,1365404
2024-09-27,881.3393834048418,906.69359666064,881.3393834048418,903.664794921875,2305800
2024-09-30,898.8772120930789,911.2856377085185,898.8772120930789,907.2308959960938,1988164
2024-10-01,903.7624176043438,912.5557816675212,899.121475459889,909.771240234375,879838
2024-10-03,891.0608557123162,901.6128802347782,860.0886627262547,866.0486450195312,4255223
2024-10-04,866.0487858486598,873.1811700890481,848.1200555933987,852.712158203125,2313592
2024-10-07,857.0110161875185,860.5283377964594,823.938162655984,838.007568359375,3166651
2024-10-08,834.3925869798079,857.0110984077884,832.3408257833854,855.0081176757812,1054400
2024-10-09,856.8644548329776,867.2210595099299,852.9074530287559,859.3558959960938,1230532
2024-10-10,860.3329449268834,871.5200698579896,860.1864246416138,862.384765625,914176
2024-10-11,859.7955789049269,874.1092450663589,857.890338138545,868.7843627929688,690607
2024-10-14,868.7843678920703,872.3016896092538,860.870304577684,864.6807861328125,802776
2024-10-15,864.6808187832578,878.3593854080776,863.3129382672486,874.7443237304688,1234903
2024-10-16,873.3275627420701,879.7272252527259,867.2699597953294,872.1062622070312,716022
2024-10-17,867.6119543348509,872.49715678043,843.1859421069553,851.7350463867188,1864160
2024-10-18,849.3900988465355,863.5571854965049,842.8928155770121,860.7726440429688,891309
2024-10-21,859.4536658287434,864.3877082326511,831.6568527717635,839.0823364257812,964444
2024-10-22,839.0822721828517,839.0822721828517,809.9664805855499,812.3114013671875,1690141
2024-10-23,808.0124931113102,820.5674396767428,795.0178663943251,809.6246337890625,1551853
2024-10-24,809.6246491837754,823.6451567650979,808.1590884066134,811.0902099609375,739626
2024-10-25,811.0901567096519,813.7281182282945,779.7759624531329,793.4545288085938,1429801
2024-10-28,793.4545118418007,811.1389794606387,790.4745504477033,802.1990356445312,903462
2024-10-29,802.1990623566903,807.4751047244742,787.9831355089283,805.9118041992188,849115
2024-10-30,805.1300805421514,837.27473159333,800.1960387501244,820.127685546875,1597691
2024-10-31,820.1277660156958,825.6968487950911,797.4115758736057,802.4432983398438,1241687
2024-11-01,806.4980991102838,814.7052035957154,801.3197963455793,812.6534423828125,353630
2024-11-04,813.8746550134039,814.2165953006404,784.0260826536606,797.4603881835938,1622214
2024-11-05,776.7471536679914,812.6045499213147,773.9137125243552,810.064208984375,4430786
2024-11-06,815.8288180771423,843.479052319939,814.1678372992034,837.6656494140625,3702637
2024-11-07,831.60798227615,837.4213251026285,821.8375780181152,824.6709594726562,872399
2024-11-08,821.6909515472504,825.5502729372846,810.9435074723161,813.3861083984375,899276
2024-11-11,809.0871574281114,823.449663697152,803.2738145680513,817.001220703125,730959
2024-11-12,816.805803306554,824.4267067694932,791.4027520075463,793.014892578125,1007697
2024-11-13,791.1096679867378,798.5351515878928,778.2127220597378,783.000244140625,1223260
2024-11-14,785.5532620299794,793.6542800446634,776.715787832142,785.1604614257812,845850
2024-11-18,787.4189336774426,796.2564074114972,772.7879809667705,782.70556640625,1009781
2024-11-19,781.6255524707835,800.9207298435297,781.6255524707835,785.6514892578125,774201
2024-11-21,786.8297588238336,786.8297588238336,768.8602402902317,779.5142822265625,1176124
2024-11-22,778.6797202346419,795.8146138329548,777.2558928705714,793.9979858398438,704780
2024-11-25,805.1920544414671,811.6728445650092,795.7654397285049,797.4346923828125,1214000
2024-11-26,799.7914516855386,807.1560138557554,797.3365976287997,800.2333374023438,746418
2024-11-27,798.318502022411,815.9934504066711,797.3365604455078,807.7451171875,1161326
2024-11-28,807.7451220622485,812.3602594881381,796.5510239777685,799.6441040039062,1145818
2024-11-29,799.644128455749,808.0397771920319,795.3727064130112,801.2152709960938,1333757
2024-12-02,800.2824585932716,804.8485113179399,794.4889787848713,801.75537109375,985235
2024-12-03,801.755284968923,819.5284032589828,801.755284968923,816.8280639648438,1104201
2024-12-04,817.9573640876525,823.8490137689562,810.3964016767209,817.6137084960938,1153943
2024-12-05,817.9573418326229,826.3038453207108,816.3862592668719,821.73779296875,1345367
2024-12-06,821.7377818070067,828.66051784652,814.2259647295361,815.6006469726562,1312492
2024-12-09,815.600720279411,825.4201368969477,814.8642640330958,818.644775390625,970147
2024-12-10,823.5543993763625,832.4409585187535,818.0064055823236,819.9212036132812,1006094
2024-12-11,822.0815189374075,841.5239506173543,818.3010078202497,840.001953125,2301272
2024-12-12,839.5600825293537,844.1752201158147,820.9522769007369,824.7327880859375,1281101
2024-12-13,819.9703585485613,824.0945254435395,805.3885490956673,820.3631591796875,1034298
2024-12-16,819.9211443892573,828.6604476259884,819.9211443892573,827.2857055664062,729632
2024-12-17,824.634502863267,827.2857570385872,810.1017798894177,811.8692626953125,762025
2024-12-18,810.0526949734431,811.8692628707082,795.3726567905328,798.3184814453125,724323
2024-12-19,790.4629958590349,793.6543060907638,783.8839750870324,791.0030517578125,808692
2024-12-20,788.4991127040913,798.0239583061623,766.8963972875408,770.0877075195312,1390018
2024-12-23,772.5916883628535,778.2378529243803,763.1650723724459,773.9664306640625,1084917
2024-12-24,773.1316537260584,778.6305623537887,765.3252663670202,774.5554809570312,834321
2024-12-26,773.8190521457224,777.894133686508,764.4415220189156,768.2711181640625,827630
2024-12-27,763.2141562282254,771.8061457644069,763.2141562282254,765.1780395507812,636165
2024-12-30,765.178012647878,767.5837816200169,751.2835146561279,755.0640258789062,2554813
2024-12-31,754.0329896968527,775.635705214395,753.1492182706784,772.6898803710938,1077161
2025-01-01,770.8240906349993,780.2998502446493,770.0385494082041,774.6536865234375,581539
2025-01-02,770.8242031551142,781.6255614158865,769.842261495044,780.1526489257812,809623
2025-01-03,776.7158263480411,789.972038302148,776.7158263480411,781.9201049804688,862604
2025-01-06,781.6254216841314,788.44992698819,751.1852356637695,756.4385986328125,1421671
2025-01-07,756.0950134892886,769.2530545803372,756.0950134892886,761.3975219726562,676868
2025-01-08,758.1571108532257,761.986707195045,748.0431240200899,755.9968872070312,783013
2025-01-09,756.2423844699333,757.1751810895208,748.2395360624844,750.0070190429688,607785
2025-01-10,758.844468763775,786.2897489141516,741.6604904859134,765.079833984375,6281464
2025-01-13,765.07979774633,765.07979774633,730.3190422175168,733.363037109375,1644645
2025-01-14,734.4923531064418,750.8907906236192,734.4923531064418,744.0662841796875,1291155
2025-01-15,746.2756259468565,756.4878426961553,741.4150029754792,745.833740234375,865946
2025-01-16,754.1311544081465,759.2372627527102,748.2395047643329,749.4178466796875,1389758
2025-01-17,750.203381952315,767.7801605550096,745.3918441420027,765.12890625,1489997
2025-01-20,766.8963787966437,786.2897251234475,761.2011295834652,776.81396484375,1405314
2025-01-21,777.6486332915646,783.098396983037,767.1418465742918,768.565673828125,873078
2025-01-22,768.9584626892109,770.1368046259944,743.4279804350642,756.7333374023438,1097030
2025-01-23,756.6842258481879,783.0003105129763,752.9528594941094,780.8400268554688,1235738
2025-01-24,784.7677201339129,788.0081153506324,770.1367666669922,773.2789916992188,1303909
2025-01-27,765.0798295325012,767.9274242422011,731.5464995722151,734.19775390625,2669886
2025-01-28,743.3297547958026,745.5882083786041,723.0035526846763,736.5052490234375,1371367
2025-01-29,735.4742823766115,750.7434627677982,735.4742823766115,748.63232421875,699239
2025-01-30,750.2034311943397,770.8242061355454,749.2705746270735,764.9325561523438,2153478
2025-01-31,768.7129536169009,813.8331818904753,761.0047360698926,807.4505615234375,3111982
2025-02-01,816.631816887593,816.7299870817754,772.886267378862,780.3490600585938,3990832
2025-02-03,773.7699842437431,773.7699842437431,745.0972774095404,758.6972045898438,1830063
2025-02-04,760.1209590370465,771.8060879034241,760.1209590370465,767.7801513671875,1037714
2025-02-05,766.8964215163755,783.1475436861163,766.8964215163755,777.599609375,972279
2025-02-06,777.5996375625488,780.5454625919314,767.8783909924007,769.6458740234375,630878
2025-02-07,766.89633114124,772.9843805837537,754.6711471665461,760.1209106445312,616852
2025-02-10,756.0950146261121,773.1316770214524,753.3455901958814,759.7282104492188,1491971
2025-02-11,763.754208631578,763.95060894952,730.8591631305383,737.3890991210938,1244409
2025-02-12,741.3658974487201,750.8907428197523,709.0109102026115,745.4409790039062,2623575
2025-02-13,745.4410324970902,758.0589588097936,731.5465340845806,732.8721313476562,1038398
2025-02-14,737.4381099662598,739.156507692546,713.2332265913884,719.370361328125,937949
2025-02-17,711.9076626316186,719.3703948460214,702.431902183407,712.3495483398438,1010707
2025-02-18,711.9076515697161,715.3444471290181,696.4911566456836,706.21240234375,1091654
2025-02-19,704.0520828593114,718.781205931682,698.6514043994423,715.1480102539062,785782
2025-02-20,711.2040055376394,726.4870531910348,705.9782012794229,725.2052612304688,811604
2025-02-21,720.1273189856553,733.4877087452278,714.3592250914191,720.8668212890625,1034460
2025-02-24,712.9294932202166,718.0074329997282,706.2246845168203,710.2672729492188,811313
2025-02-25,706.4218811391905,714.2112689484896,695.3293470790202,700.4072265625,890830
2025-02-27,700.4073375623985,704.6964875205808,682.314203211433,684.6312866210938,1401348
2025-02-28,680.2435472094359,682.2648414820509,652.2903238550389,661.5587768554688,2521717
2025-03-03,663.6293398851926,671.3694999259257,646.8672880574485,667.129638671875,1528561
2025-03-04,665.502852487541,671.9611612232139,652.9313120537978,664.418212890625,1320164
2025-03-05,663.6293995371793,686.2088954541538,663.6293995371793,685.4201049804688,1044963
2025-03-06,689.9063540701239,697.2027406156811,687.2441337682803,692.5192260742188,867497
2025-03-07,691.9276579235068,701.7384005565264,687.096218783371,690.8430786132812,1087031
2025-03-10,693.209442523524,698.5831712617073,678.2221839055924,680.0463256835938,845259
2025-03-11,673.4401247920089,684.2861590126709,665.5520999042548,681.47607421875,814316
2025-03-12,682.3141369815257,689.3640831339504,676.4966946892555,688.4273681640625,645844
2025-03-13,689.2161379772787,693.6531517410809,677.9756790366395,679.4053955078125,810061
2025-03-17,679.6518919972846,687.1948394206415,678.1728874186538,680.9830322265625,717347
2025-03-18,680.9830322265625,680.9830322265625,680.9830322265625,680.9830322265625,0
2025-03-19,701.0482187498565,712.8802561971115,697.4986315880218,707.6051635742188,1111899
2025-03-20,713.077461395816,715.739681829762,702.1821390633141,704.8442993164062,1079612
2025-03-21,706.6684743381736,715.5425027471565,704.0062537793075,712.0914916992188,1869067
2025-03-24,719.7822607884958,723.2825597465707,713.5704533137521,716.7749633789062,1080209
2025-03-25,722.7402460776732,724.9094648551408,704.1541123893531,707.1121215820312,1418108
2025-03-26,708.9362380389247,711.8449592575918,691.1881820101338,694.5899047851562,1281906
2025-03-27,693.801103231383,714.7043207417444,692.0755978117448,707.99951171875,7239201
2025-03-28,707.9995193396749,724.1699943758265,707.9995193396749,717.3172607421875,1761132
2025-04-01,715.00015877948,724.1699754032784,706.0274946273433,714.1127319335938,1499170
2025-04-02,714.8522856111331,720.4232274954798,702.1328208706752,717.2680053710938,1594854
2025-04-03,709.9221924737554,729.4450407306138,709.9221924737554,727.916748046875,903058
2025-04-04,727.6702327062636,727.6702327062636,699.3226457275304,704.104736328125,1061286
2025-04-07,646.8179995417551,692.0755635210562,646.8179995417551,687.6385498046875,1327614
2025-04-08,705.9289765407171,709.9222773144395,694.5406520449695,703.9569702148438,704550
2025-04-09,703.4146595208468,710.8096830221978,697.3014280568923,705.189453125,899960
2025-04-11,718.1553297640821,725.1559878431281,711.4012326394994,720.4724731445312,933716
2025-04-15,734.9667873112688,745.8128221860048,724.7616183887982,743.9393920898438,1274195
2025-04-16,750.2991167067332,755.2784206290168,744.9253874480708,749.9539794921875,1008913
2025-04-17,748.3763421744666,759.9618784334257,744.4323298309911,758.6307983398438,973140
2025-04-21,762.8706580073784,768.688040551094,758.8773572399007,763.807373046875,749021
2025-04-22,765.1383831705073,768.7373184523483,758.2363616728352,764.0044555664062,610026
2025-04-23,767.6526909398367,776.0830052930373,752.320354981303,773.963134765625,1228461
2025-04-24,773.9631547109269,774.0124428303504,761.194402375835,766.1737060546875,1028891
2025-04-25,766.3216310244899,770.364219713152,737.7275407637317,741.326416015625,1352726
2025-04-28,737.72752688955,756.264373018634,737.1358889247003,753.3556518554688,691102
2025-04-29,754.7853772138506,763.018479071928,744.2844200685796,751.679443359375,634735
2025-04-30,749.3623495197105,752.3203587941305,737.5303124220309,740.9813232421875,944632
2025-05-02,740.9813376714335,751.3343703335095,735.656896801453,736.988037109375,580150
2025-05-05,739.5023838755238,756.2151497872823,739.4530957527704,754.7361450195312,886401
2025-05-06,754.7360435969998,756.2150481660001,724.0713127578846,726.437744140625,1029627
2025-05-07,718.6483739338369,734.5723489258471,715.4932119891761,731.121337890625,989272
2025-05-08,734.5723275602799,739.5023431814898,712.9788350670385,717.760986328125,766498
2025-05-09,698.0409023393815,714.852243053645,696.3646850436369,712.4365234375,1024950
2025-05-12,730.1353153269831,754.2431038111552,727.0293814055123,752.7640991210938,1196460
2025-05-13,753.306396484375,761.9339239310219,751.8766798999023,753.306396484375,892363
2025-05-14,754.2923766707776,770.8079287089939,751.7287926655451,767.0118408203125,1224784
2025-05-15,768.0964040062739,778.3508601731788,765.4341836378609,774.70263671875,1287971
2025-05-16,774.7026807824817,803.5925608097787,773.026463404744,797.725830078125,3070129
2025-05-19,802.5079507461013,808.7690463867202,792.1549181498677,793.3380737304688,1654632
2025-05-20,794.7184537377207,796.9862487035318,773.0263867622494,774.7518920898438,1297532
2025-05-21,775.6886984108646,784.4640904309061,770.0684683597756,779.1397094726562,805323
2025-05-22,775.5900103129791,779.0410211448486,764.1523984854095,767.948486328125,817185
2025-05-23,767.8992084707068,776.37887130798,764.6454102504924,772.0897216796875,615580
2025-05-26,773.0264282449356,782.8864592174475,772.9278520075518,781.8018798828125,711436
2025-05-27,782.8864794608991,786.3374903905126,774.3575283767981,782.0484008789062,794318
2025-05-28,783.8724408041122,785.5979461769514,763.2156644473807,765.4834594726562,2587692
2025-05-29,788.8024952955186,788.8024952955186,762.1804110792949,763.8566284179688,5124252
2025-05-30,766.1243998209635,770.6599899560567,743.8407540915622,745.4183349609375,2877095
2025-06-02,745.4183658044464,760.2084127450107,739.0586335838326,755.6234741210938,1621374
2025-06-03,756.2644019235054,766.8146474676054,753.3063925287589,760.701416015625,1639782
2025-06-04,762.5748835089084,769.4769057691308,752.4190026098947,766.3709716796875,1664766
2025-06-05,767.0610823525762,773.0263887499999,764.1523613281249,770.3148803710938,1481683
2025-06-06,771.0544490098707,774.6040362117428,767.0118602421354,768.7373657226562,954628
2025-06-09,770.0684415638943,781.3581893950801,769.9698653236161,776.8718872070312,1570448
2025-06-10,780.9637226955635,786.3374514848276,776.1816318591877,777.8578491210938,1007006
2025-06-11,780.5200076191703,784.7598689728884,767.3568906820597,772.0404052734375,911690
2025-06-12,772.0403982629076,777.4141269919678,758.2363553820893,760.504150390625,1442103
2025-06-13,744.4323691048785,763.8566429574286,743.1998651825194,759.8633422851562,1303106
2025-06-16,759.2224076463793,761.1451257798366,747.8833716880243,759.3209838867188,986884
2025-06-17,759.3209810568502,762.9692046486348,755.278392324323,757.9406127929688,884096
2025-06-18,755.7221104781557,760.8986269069122,746.9959466754532,749.0665893554688,542096
2025-06-19,749.3623599585177,751.2850780498452,732.8960960653637,736.3471069335938,1139746
2025-06-20,735.1146261123033,747.7848025202035,733.4384087446957,746.0099487304688,861498
2025-06-23,736.0513204324463,749.1158616189566,736.0513204324463,747.242431640625,685543
2025-06-24,752.4189910300936,759.8633630694503,750.4469847003795,751.3344116210938,578906
2025-06-25,759.2224214007845,761.7860055046007,754.785407249741,756.8067016601562,820300
2025-06-26,759.2223779101446,763.9058925790707,752.3203562927796,762.2296752929688,864747
2025-06-27,763.1663765893625,778.1536352975719,762.3775861691096,774.2589111328125,1772042
2025-06-30,777.5127109940225,778.8438512507685,766.1243875397373,770.5614013671875,1037262
2025-07-01,773.125049838831,774.2589775395347,760.504221489767,764.6454467773438,886549
2025-07-02,765.1384483548919,769.9205395847674,757.7434246916681,764.6454467773438,1093414
2025-07-03,766.0258736174288,772.188393323513,763.3143649467518,767.6034545898438,660457
2025-07-04,768.6880166316167,774.8998844997936,762.3283445832011,770.2163696289062,703398
2025-07-07,771.695302938464,775.5406786840115,764.2016437297402,773.3714599609375,876286
2025-07-08,773.7165932093118,774.9490970024384,769.2795795540561,774.2095947265625,791455
2025-07-09,776.0336714854559,787.4219944275909,773.2235869267852,775.0476684570312,1442155
2025-07-10,776.9704938376052,779.7312906627857,771.9419017696285,773.2236938476562,626845
2025-07-11,770.1669922520582,772.7306364036418,759.2716701051734,762.87060546875,512434
2025-07-14,762.8706231444427,766.715999189636,756.510891007912,759.5181884765625,540108
2025-07-15,759.5181302585863,766.0257864360892,758.5321272178298,763.1170654296875,405335
2025-07-16,763.117108372222,767.0118326385463,760.7013887502599,765.72998046875,481239
2025-07-17,767.110393788823,770.9558298608764,762.4761672914606,763.9058837890625,435163
2025-07-18,763.2649497147622,764.8425907296926,752.911917516384,754.588134765625,450648
2025-07-21,754.8839256662844,760.9971567311636,748.0312524803968,759.6660766601562,522909
2025-07-22,759.6661467275891,762.4762316615031,748.376398508386,749.9539794921875,485187
2025-07-23,750.8906698914072,752.27109834258,746.2071550346598,751.2850952148438,558332
2025-07-24,752.3204014688743,754.982622003035,745.4183794370497,746.5523071289062,384144
2025-07-25,746.4043428405047,746.4536309590791,731.7128726541297,735.8048095703125,878236
2025-07-28,736.0513347396806,739.5023456862162,717.9088531198367,719.880859375,523766
2025-07-29,717.8102861742594,728.1633191479267,716.8242830339102,725.5010986328125,456870
2025-07-30,725.6982668719108,733.8820803996492,723.7755488297619,725.84619140625,774642
2025-07-31,719.7822977111795,722.1980174588472,712.9788519207451,715.8875732421875,704978
2025-08-01,714.8522286445485,714.8522286445485,705.9782009786162,709.1334228515625,1040532
2025-08-04,706.9641912879697,721.9514497782222,702.7243901825243,719.6836547851562,551240
2025-08-05,719.6837133523417,721.5077950823943,711.6477637180978,716.0847778320312,560776
2025-08-06,725.6982905137828,732.6003122985607,714.1620420659119,719.4371948242188,1507424
2025-08-07,714.8522372617707,718.697673369037,706.0767857251128,716.97216796875,804696
2025-08-08,717.2186396291352,720.6696502896367,706.9641838798765,708.8869018554688,359497
2025-08-11,708.6403745865227,715.197258487698,706.2246551783644,713.1759643554688,447545
2025-08-12,713.8662613863329,717.8595620001822,709.9222488924858,710.4645385742188,275269
2025-08-13,710.9575041958168,719.585031089971,709.9222130046886,717.1693115234375,592729
2025-08-14,723.233330004245,727.4238435046104,711.6970808023615,714.6550903320312,1074069
2025-08-18,719.7822552485245,721.5570487732407,710.3166496628028,711.795654296875,632805
2025-08-19,712.387229906419,717.0707445667034,711.0561498121527,716.232666015625,392467
2025-08-20,716.2326514195792,723.0360364684142,716.2326514195792,720.9654541015625,521749
2025-08-21,720.6697087593641,724.0220832787563,713.9155512387482,715.54248046875,405628
2025-08-22,716.5298507263383,717.8134114863955,711.0005778357798,715.8386840820312,673850
2025-08-25,717.5665607700821,718.3564396682708,711.889219559999,712.7284545898438,881565
2025-08-26,710.9018345351168,715.3449710009613,705.965016239734,708.1865844726562,1384604
2025-08-28,707.9397566933663,707.9397566933663,688.5874527219514,690.8090209960938,1668258
2025-08-29,691.1546260096115,693.1293535124962,681.08350369212,683.2063598632812,856066
2025-09-01,683.7493611012148,697.0294148966823,682.6632851385987,695.0546875,631745
2025-09-02,695.0546642346831,704.582687446408,692.2406416302651,703.0029296875,885201
2025-09-03,703.9902917409503,704.5333297028382,699.3990266022989,703.8421630859375,386447
2025-09-04,705.9650614703268,707.594235717741,700.7320457947251,702.1143188476562,509597
2025-09-05,702.3117883967462,705.8663338783216,697.0787728347606,705.0270385742188,460678
2025-09-08,704.9777017536802,709.4208385294387,702.8054894994184,704.0890502929688,382250
2025-09-09,704.0890326471224,706.6562144337839,701.225714066178,704.1878051757812,287154
2025-09-10,705.1751459449127,712.382888691087,705.0763734194662,709.4701538085938,978049
2025-09-11,709.5689320452595,715.7893111704112,708.5815683662229,710.6056518554688,800265
2025-09-12,710.5563312251306,715.2463089348756,709.6676797640403,713.0740966796875,653882
2025-09-15,713.8145858384554,721.0716847944151,713.419616260161,716.0855102539062,766401
2025-09-16,716.0854930716454,719.1957127003687,714.3576066698868,718.0108642578125,524148
2025-09-17,720.4299402328429,726.4034785022318,718.5539251170164,721.7135009765625,811304
2025-09-18,723.6388296905811,727.1439585299116,721.170420611631,726.1072387695312,689466
2025-09-19,726.1073259687485,729.6618113637422,723.9351136656296,727.2921142578125,1021813
2025-09-22,726.1073378820126,727.6377396670805,715.7400183352996,717.9121704101562,721501
2025-09-23,717.9615472410603,720.7755097145233,711.889236307084,713.468994140625,571765
2025-09-24,712.9259390296913,715.6905453039404,704.9776733922639,706.4093627929688,773061
2025-09-25,704.8789693081311,711.8892274703102,703.8916056084497,705.8663330078125,835870
2025-09-26,703.3979236835822,704.4346435153576,693.1293171024316,694.2153930664062,770172
2025-09-29,694.2648366947033,699.004170585787,689.1798893368725,690.9077758789062,807138
2025-09-30,692.4875078520607,695.8939246745755,688.2418559889384,691.549560546875,1029077
2025-10-01,692.2406936156467,698.4611333852372,689.6242158644715,697.2269287109375,585121
2025-10-03,697.2268975699749,701.5219055391453,695.2027537834097,698.559814453125,544147
2025-10-06,698.5598352063671,702.4105778381528,695.4496153680865,701.2750854492188,486868
2025-10-07,701.2750717071539,708.9271404234233,700.3370641343154,707.841064453125,674546
2025-10-08,706.9523692299146,707.8410206152305,692.5368841305047,694.2647705078125,857598
2025-10-09,696.5850976102474,702.509279871993,693.3268094190671,700.8307495117188,717552
2025-10-10,700.040840339044,708.4827876443733,699.695287160937,706.6561889648438,677949
2025-10-13,701.0282093216927,703.0029366718946,697.0787546212888,700.6332397460938,642278
2025-10-14,700.0408872690281,703.6447890029829,691.3520984643081,695.252197265625,646712
2025-10-15,695.25222073191,707.939821034002,695.25222073191,707.1005859375,710916
2025-10-16,707.0511292966942,713.1727963572855,706.9524170311597,709.8157958984375,523985
2025-10-17,709.2232687146303,713.0740108975822,704.9776172461782,710.2106323242188,1099068
2025-10-20,711.8892211914062,718.6526383690112,710.5068879184854,711.8892211914062,753202
2025-10-21,712.3335407807863,715.3449879595829,706.360002554538,708.9271240234375,190939
2025-10-23,713.0247094604149,714.1107854087097,706.9523986901295,709.9144897460938,738210
2025-10-24,711.8398891354188,717.6159428174082,704.7308582671941,705.767578125,968687
2025-10-27,706.9523905535343,715.6411788315806,705.9650268795768,714.9500122070312,1055350
2025-10-28,712.8765803534119,717.0235198819313,710.9018529840118,712.5803833007812,1272243
2025-10-29,712.5803803687971,726.4528280289734,711.0499787165885,721.4172973632812,1217127
2025-10-30,721.4172616183508,723.7375420473244,716.8259966253172,718.9488525390625,426315
2025-10-31,717.0235137042613,720.6767713589553,708.0384680925657,709.6182861328125,441679
2025-11-03,709.6183109482918,715.8386902730573,707.051129142077,714.3082885742188,354001
2025-11-04,714.308299900693,715.8387016237986,707.0511403534776,709.4208374023438,333642
2025-11-06,706.4587120388389,708.5815680533891,694.0673099251787,694.4622192382812,501782
2025-11-07,694.4622580674597,699.2016522008522,688.2912347311672,695.252197265625,455448
2025-11-10,695.2521604357543,698.9053578461973,692.1419407334618,695.4495849609375,363370
2025-11-11,695.1040722823876,702.8548535282719,692.6850190689657,701.7194213867188,333113
2025-11-12,703.4966768089249,709.4208593504737,702.1143434436697,706.8043212890625,584863
2025-11-13,710.9018535118471,711.6917324074142,696.7332087314405,700.9295043945312,1565202
2025-11-14,700.9295436429979,700.9295436429979,693.4255430551825,696.3876342773438,827789
2025-11-17,699.0534982291201,707.3967335305382,697.0787708329927,704.0396728515625,763522
2025-11-18,703.9903132054046,704.0396693372819,692.8824716576336,694.9065551757812,896066
2025-11-19,696.5851125297817,698.1648703945233,693.1293394697474,696.0914306640625,643975
2025-11-20,698.8560330496829,701.7687680934944,693.3268202909111,694.11669921875,805276
2025-11-21,696.1055257501339,697.0005428471895,684.9181155148639,686.5589599609375,1101118
2025-11-24,688.1500746519908,691.1333842241816,676.3162557373989,681.089599609375,2005483
2025-11-25,680.1945499884686,682.2331326263637,672.089868426015,673.730712890625,1290958
2025-11-26,674.6754806072125,685.9623110229305,673.9793628922562,684.6695556640625,606666
2025-11-27,686.111485422338,690.5864497382659,682.2331587369652,684.0231323242188,622737
2025-11-28,683.6751147220048,684.0729136124422,680.1945868652382,682.8795776367188,336126
2025-12-01,687.6528135530694,689.8405859088411,677.9073483634517,680.4928588867188,603612
2025-12-02,680.1945699671849,681.6862247258848,675.222387438185,676.1671142578125,606817
2025-12-03,674.3273837373953,678.8023481026369,667.4658081280447,670.7474365234375,750515
2025-12-04,670.2502029372598,676.912939645635,666.7696751771999,670.1010131835938,1352801
2025-12-05,671.2446430397098,673.2335160561238,666.7199690664855,671.4435424804688,755102
2025-12-08,671.4435413279609,674.7251696602937,656.3280942900425,657.620849609375,978991
2025-12-09,657.6208176438158,667.7640816561914,654.637508269328,666.2227172851562,711148
2025-12-10,666.2724621903712,670.2502082332987,661.9963973333416,664.1343994140625,511568
2025-12-11,664.1344179386858,668.0127447169531,661.4991975290951,666.123291015625,533337
2025-12-12,667.3663409376724,671.6424666367883,665.3277581599484,670.4988403320312,390768
2025-12-15,669.2557631708876,670.2004899831288,666.7696719258248,668.758544921875,286537
2025-12-16,668.7585343940228,669.2060429502068,664.7807884645417,667.3165893554688,255392
2025-12-17,666.2227208054131,668.7088119639559,660.5047111407647,662.3941040039062,386764
2025-12-18,662.2947400997268,664.4328029533598,657.9689653998339,660.1566772460938,291111
2025-12-19,663.289127791317,671.9904469340066,662.2946913178668,670.2501831054688,678900
2025-12-22,676.1671118227357,679.5979298945077,672.5373943114024,677.857666015625,1058473
2025-12-23,682.7303729933149,684.8684357655194,674.4268524228779,677.0620727539062,1897510
2025-12-24,677.0620496274211,680.9900858422191,674.7251481897439,675.8687744140625,1143972
2025-12-26,675.8687919096521,708.5857163619734,675.0234844667915,701.574951171875,7180874
2025-12-29,705.0554629039028,707.0940455446912,691.6802801356496,695.3099975585938,1819431
2025-12-30,692.6250188596796,692.9233376691019,674.5759721947927,678.6531982421875,2182868
2025-12-31,678.653196688182,686.7578176876002,678.653196688182,680.7911987304688,1078861
2026-01-01,679.6973255003476,683.5756520016268,675.4709705136959,681.8353881835938,620303
2026-01-02,681.8354244636818,693.0228353177417,680.2939993006516,690.9841918945312,1547440
2026-01-05,691.0339476195951,697.7463939896544,670.0015913818412,671.7915649414062,2135762
2026-01-06,671.7915949996309,672.7363218553232,663.7863929614608,667.4658203125,1414363
2026-01-07,667.4658105970003,670.7474390045319,663.4383547925031,669.056884765625,980520
2026-01-08,669.0568640343182,669.9518811611798,649.8642517528838,652.7978515625,1877565
2026-01-09,652.7481629764471,654.4884269050301,631.6660963882098,634.1024780273438,2561891
2026-01-12,634.5002021304863,635.7432477661528,624.3569376043301,631.3179931640625,1714290
2026-01-13,634.4505014286894,637.1354921788691,622.5172631573034,626.6939086914062,1878574
2026-01-14,626.6938677389575,630.9202226838945,622.517222477785,623.9591674804688,968707
2026-01-15,623.9591674804688,623.9591674804688,623.9591674804688,623.9591674804688,0
2026-01-16,623.959181619537,630.5721477952922,622.5669462690697,624.1580810546875,1152976
2026-01-19,624.158118939412,632.362220398752,621.8708663397305,628.5833129882812,1126527
2026-01-20,628.4838734402763,628.4838734402763,607.7996062003467,609.73876953125,1509221
2026-01-21,610.5840243838279,614.8103796014684,598.0043781048507,610.2857055664062,1670035
2026-01-22,613.2690121311589,626.4950056672385,611.6778772867145,625.3513793945312,1326768
2026-01-23,627.4894278670247,635.2957300685937,612.3739810154212,614.3628540039062,1647574
2026-01-27,616.5506345646862,618.8875360787528,597.9546597378918,604.1201782226562,2338114
2026-01-28,609.5398859415311,625.3016807346197,607.05379460536,621.6222534179688,1674580
2026-01-29,621.4233694056476,622.5172252356551,609.3906517976394,611.9264526367188,1354675
2026-01-30,610.5840405773835,620.9262049566045,605.412958387773,619.5836791992188,1818270
2026-02-02,603.6229736412727,609.4901734458402,592.6841718125181,606.9046020507812,1313814
2026-02-03,618.3405835862949,625.4508286098437,608.6448280245021,610.6834106445312,1356592
2026-02-04,612.5728649070836,621.3238936952106,606.8548552103048,618.8875122070312,896728
2026-02-05,620.5283756785283,630.0749417953477,612.175084804621,618.2908935546875,576830
2026-02-06,617.4953860385164,617.5450957267515,608.5951668031754,616.5506591796875,731675
2026-02-09,619.5339670047707,623.7603223174035,617.9428928123683,621.2742309570312,714720
2026-02-10,621.2742122344498,635.3952228749347,620.5283848488142,632.6605224609375,1938170
2026-02-11,631.4671527202923,632.5112988652011,621.1747596274159,624.8541259765625,914394
2026-02-12,626.3955966021745,626.3955966021745,616.7495500900733,618.5892333984375,1631276
2026-02-13,621.5227876114942,629.2296701778768,608.5951136291751,614.0645141601562,3930956
2026-02-16,613.915348234197,613.915348234197,602.7777080045013,610.0867919921875,2330789
2026-02-17,609.6890031808155,625.9977863080613,607.6007107771652,614.1142578125,2129421
2026-02-18,614.1142457103051,622.9150451135974,612.5728812812634,619.9814453125,1430103
2026-02-19,618.5395007399701,632.4119020034003,615.8545100606631,625.5999755859375,2866005
2026-02-20,626.5999755859375,651.25,624.6500244140625,645.2999877929688,5078998
2026-02-23,650.7000122070312,650.7999877929688,632.1500244140625,639.4500122070312,2983677
2026-02-24,636.9000244140625,636.9000244140625,611.1500244140625,614.4500122070312,4217676
2026-02-25,615.0499877929688,622.7999877929688,605.0,605.9000244140625,2460682
2026-02-26,605.9000244140625,609.4500122070312,594.0,594.9500122070312,3156132
2026-02-27,594.0999755859375,594.4000244140625,558.0999755859375,569.5499877929688,32213440
2026-03-02,552.9000244140625,578.0,552.0,568.9500122070312,2790621
2026-03-04,553.9500122070312,561.0499877929688,547.4500122070312,553.4500122070312,2974290
2026-03-05,556.9500122070312,564.4500122070312,550.25,561.9500122070312,2346458
2026-03-06,561.0,569.4500122070312,551.0,552.7999877929688,1843513
2026-03-09,542.0,546.0,535.2000122070312,539.7999877929688,2055546
2026-03-10,550.0,550.0,540.5,547.9500122070312,1633157
2026-03-11,548.0,552.75,532.4000244140625,534.1500244140625,1506767
2026-03-12,531.0,541.0999755859375,520.0499877929688,536.7000122070312,3154397
2026-03-13,535.0,536.5,525.0,527.5999755859375,2008646
2026-03-16,527.7000122070312,529.0,518.25,526.4500122070312,1857687
2026-03-17,529.8499755859375,529.8499755859375,522.0,526.9500122070312,1317273
2026-03-18,530.0,543.9000244140625,523.5,540.25,2207154
2026-03-19,535.0,535.0,524.2000122070312,525.8499755859375,978842
2026-03-20,529.9000244140625,532.0,521.0999755859375,522.8499755859375,1740070
2026-03-23,520.0,522.7999877929688,506.6000061035156,510.29998779296875,2589941
2026-03-24,520.0499877929688,521.9500122070312,504.8500061035156,515.1500244140625,1739708
2026-03-25,518.0,530.4000244140625,516.0499877929688,523.75,1506234
2026-03-27,521.75,521.75,509.0,510.6000061035156,1982969
2026-03-30,508.0,513.2999877929688,492.6499938964844,494.5,2653568
2026-04-01,510.0,522.4000244140625,507.8999938964844,511.20001220703125,1664955
2026-04-02,502.0,513.9000244140625,497.0,511.79998779296875,1050731
2026-04-06,513.0,516.0999755859375,502.75,514.7000122070312,1154102
2026-04-07,514.0,517.5,508.0,516.2000122070312,881493
2026-04-08,533.0,537.7999877929688,528.7000122070312,536.5,1709944
2026-04-09,536.5,543.3499755859375,529.0,531.5499877929688,1219166
2026-04-10,533.9000244140625,545.75,533.25,542.2999877929688,1242295
2026-04-13,532.3499755859375,540.25,525.7000122070312,537.9000244140625,1066402
2026-04-15,545.7999877929688,557.3499755859375,545.1500244140625,553.5499877929688,1978086
2026-04-16,557.0499877929688,561.2999877929688,550.0,553.7999877929688,1415200
2026-04-17,553.7999877929688,570.0499877929688,552.5,564.9000244140625,1873250
2026-04-20,565.4000244140625,567.0,553.5,565.2000122070312,1805082
2026-04-21,565.5999755859375,569.9500122070312,560.5,561.2000122070312,1221915
2026-04-22,559.0,561.75,555.2999877929688,558.5499877929688,892060
2026-04-23,557.0,558.0999755859375,550.2000122070312,551.3499755859375,822626
2026-04-24,552.0,556.0,539.2000122070312,541.2000122070312,944945
2026-04-27,543.2000122070312,546.8499755859375,541.0,545.0999755859375,1281855
2026-04-28,545.0999755859375,554.0,541.7999877929688,543.8499755859375,1573071
2026-04-29,544.5,552.3499755859375,543.7000122070312,550.0999755859375,1348964
2026-04-30,548.0,550.0,536.1500244140625,539.5499877929688,1074426
2026-05-01,539.5499877929688,539.5499877929688,539.5499877929688,539.5499877929688,0
2026-05-04,544.5,556.5499877929688,542.0499877929688,555.25,1779862
2026-05-05,555.0,581.2999877929688,550.6500244140625,569.0999755859375,4973913
2026-05-06,574.5,576.7000122070312,566.0499877929688,572.75,1180667
2026-05-07,575.0,578.0499877929688,567.0,568.5,1391332
2026-05-08,566.0499877929688,570.8499755859375,564.0,564.9000244140625,675440
2026-05-11,562.5499877929688,562.5499877929688,552.0999755859375,556.7999877929688,882533
2026-05-12,555.0,557.8499755859375,531.0,534.0,1169426
2026-05-13,530.5,542.4500122070312,530.5,536.0999755859375,959485
2026-05-14,537.75,544.5999755859375,528.75,538.8499755859375,895611
2026-05-15,540.0,542.8499755859375,534.0,535.9500122070312,531456
2026-05-18,535.0,535.0499877929688,523.0,531.8499755859375,753397
2026-05-19,532.25,537.5999755859375,524.7000122070312,529.7999877929688,1146967
2026-05-20,526.0499877929688,530.7000122070312,525.2000122070312,527.8499755859375,487397
2026-05-21,530.0,534.2000122070312,526.0,527.1500244140625,695613
2026-05-22,528.7999877929688,541.4000244140625,527.1500244140625,530.25,1106967
2026-05-25,535.0,540.2000122070312,533.5499877929688,537.8499755859375,814819
2026-05-26,544.9000244140625,547.6500244140625,536.2999877929688,537.2000122070312,1238113
2026-05-27,532.4000244140625,532.4000244140625,521.5999755859375,523.2000122070312,1866537
2026-05-28,523.2000122070312,523.2000122070312,523.2000122070312,523.2000122070312,0
2026-05-29,525.4500122070312,527.0499877929688,503.0,509.8500061035156,1654816
2026-06-01,512.0999755859375,518.9500122070312,509.6000061035156,512.5999755859375,894925
2026-06-02,510.75,518.9000244140625,508.5,516.9000244140625,687193
2026-06-03,516.0,519.5499877929688,510.0,510.79998779296875,802284
2026-06-04,508.5,531.0,508.20001220703125,527.5,1948929
2026-06-05,530.5,535.0,525.0,528.5999755859375,712866
2026-06-08,521.9500122070312,522.7000122070312,515.0,516.0999755859375,485087
2026-06-09,517.0,520.0,515.5,517.8499755859375,323769
2026-06-10,518.5,519.2999877929688,511.0,512.3499755859375,448764
2026-06-11,510.0,531.7000122070312,507.3999938964844,521.0499877929688,1845215
2026-06-12,524.2999877929688,525.6500244140625,520.0499877929688,521.3499755859375,591021
2026-06-15,529.5,529.8499755859375,517.0,517.9500122070312,1350345
2026-06-16,520.0,524.4000244140625,518.5999755859375,522.9000244140625,680392
2026-06-17,525.0,525.0,519.0999755859375,519.9500122070312,915022
2026-06-18,521.0,525.0,518.5,524.0,1060338
2026-06-19,523.9000244140625,523.9000244140625,518.5499877929688,519.5999755859375,756287
2026-06-22,519.7000122070312,526.75,519.7000122070312,521.75,861709
2026-06-23,523.0,524.0,511.1000061035156,518.5499877929688,985511
2026-06-24,518.5999755859375,519.1500244140625,512.7999877929688,515.25,574636
2026-06-25,516.7000122070312,518.0,513.0999755859375,514.0999755859375,622652
2026-06-26,514.0999755859375,514.0999755859375,514.0999755859375,514.0999755859375,0
2026-06-29,514.0499877929688,514.0999755859375,501.6000061035156,503.8500061035156,1245805
2026-06-30,505.0,508.54998779296875,501.0,502.8999938964844,683811
2026-07-01,502.8999938964844,506.8500061035156,502.0,502.70001220703125,553174
2026-07-02,504.04998779296875,507.3500061035156,503.6499938964844,506.20001220703125,777478
2026-07-03,507.0,513.9000244140625,506.95001220703125,509.95001220703125,595781
2026-07-06,509.95001220703125,510.8999938964844,507.70001220703125,508.95001220703125,499406
2026-07-07,509.0,510.6000061035156,500.0,500.70001220703125,1288328
2026-07-08,500.0,504.0,496.29998779296875,498.5,793969
2026-07-09,498.5,500.95001220703125,496.0,496.5,650534
2026-07-10,499.79998779296875,506.70001220703125,498.54998779296875,503.25,1046353
2026-07-13,500.8500061035156,504.79998779296875,496.8999938964844,502.04998779296875,843555
2026-07-14,500.1000061035156,501.3999938964844,496.04998779296875,496.95001220703125,1122129
2026-07-15,497.5,504.75,496.8999938964844,503.29998779296875,975081
2026-07-16,505.0,510.45001220703125,499.0,499.8999938964844,833287
2026-07-17,499.8999938964844,509.0,496.79998779296875,507.0,1670497
2026-07-20,507.0,507.0,499.70001220703125,504.75,519486
2026-07-21,503.0,504.1000061035156,498.1499938964844,499.79998779296875,738038
