date,open,high,low,close,volume
2021-08-06,20.38236748867051,20.46910129820767,20.208899869596195,20.42573356628418,8223906
2021-08-09,20.42573356628418,20.512467375821338,20.252267601519684,20.42573356628418,7670837
2021-08-10,20.425730858218753,20.425730858218753,19.948697450474718,19.992063522338867,7343285
2021-08-11,19.992063522338867,20.122165046550514,19.775229854398926,19.992063522338867,8655301
2021-08-12,20.07879632810051,20.902764887276337,19.992062534348918,20.77266502380371,13674855
2021-08-13,20.81603621846804,20.94613611397148,20.55583642746116,20.642568588256836,9734894
2021-08-16,21.03286859612716,21.03286859612716,20.512467392783698,20.599201202392578,9160653
2021-08-17,20.59920142540613,20.59920142540613,20.165534026976527,20.252267837524414,7973831
2021-08-18,20.252268794606174,20.72930229369845,20.035435085144243,20.33900260925293,7908641
2021-08-20,20.208901655820704,20.25226939157738,19.905335777073798,19.948701858520508,9048947
2021-08-23,20.07880042808672,20.208900318125064,19.55839921362349,19.73186683654785,9143940
2021-08-24,19.60176695949248,19.99206662986602,19.60176695949248,19.90533447265625,8233304
2021-08-25,19.948697450474718,20.165531118414663,19.948697450474718,19.992063522338867,3960870
2021-08-26,20.03543471286227,20.122168525897408,19.818601007429365,19.861967086791992,4388277
2021-08-27,19.818601608276367,19.948701504618413,19.73186779261169,19.818601608276367,6665003
2021-08-30,19.861968041317123,20.078801757170606,19.861968041317123,19.948701858520508,6514245
2021-08-31,19.948700551261137,20.252268064424907,19.81860066113662,19.90533447265625,12755814
2021-09-01,19.992063522338867,20.078797320376765,19.905331378610573,19.992063522338867,5746286
2021-09-02,20.035435675723896,20.078801757170606,19.905335777073798,19.948701858520508,4622547
2021-09-03,19.948697450474718,20.078797320376765,19.948697450474718,19.992063522338867,4485349
2021-09-06,20.035431248512616,20.078797320376765,19.948697450474718,19.992063522338867,3775722
2021-09-07,20.035435675723896,20.078801757170606,19.905335777073798,19.948701858520508,5302631
2021-09-08,19.99206793996722,20.078801757170606,19.948701858520508,19.948701858520508,3914433
2021-09-09,19.992063522338867,20.035431248512616,19.948697450474718,19.992063522338867,3847580
2021-09-13,20.035434362780766,20.07880044138565,19.861966739741508,19.90533447265625,8635952
2021-09-14,20.035434362780766,20.035434362780766,19.861966739741508,19.90533447265625,11404677
2021-09-15,19.905335423941043,19.948701504618413,19.77523387328906,19.818601608276367,17256868
2021-09-16,19.861966123893804,19.905333855463873,19.688500160542958,19.775232315063477,22286215
2021-09-17,19.861966123893804,19.905333855463873,19.688500160542958,19.775232315063477,24880477
2021-09-20,19.731863956272285,19.861963827319848,19.60176408522472,19.645130157470703,10239638
2021-09-21,19.688496513793925,19.73186258302182,19.38492906627015,19.428295135498047,10140120
2021-09-22,19.471663452390732,19.60176331834842,19.34156193212349,19.384929656982422,9723023
2021-09-23,19.471662859035444,19.515028928263337,19.38492906627015,19.428295135498047,8459264
2021-09-24,19.471665713844125,19.55839786501602,19.29819810288085,19.341564178466797,10388205
2021-09-27,19.42829479857698,19.515028589838156,19.38492873010113,19.471662521362305,8668665
2021-09-28,19.4282957275318,19.51502952294011,19.34156193212349,19.384929656982422,11350575
2021-09-29,19.515030286423137,19.861963827319848,19.384930415375575,19.645130157470703,22206444
2021-09-30,19.861967688953737,19.992067585295782,19.68850171193432,19.818601608276367,14638191
2021-10-01,19.818598748017926,20.816033348435173,19.73186494487084,20.729299545288086,35110359
2021-10-04,20.989499624038228,21.293065434343035,20.64256443344486,20.685932159423828,28542026
2021-10-05,20.642566913980243,20.77266845324134,20.425733220958143,20.469100952148438,13352924
2021-10-06,20.469098451732336,20.9894995822774,20.425730725839653,20.51246452331543,40508684
2021-10-07,20.685934994895653,20.729301072509323,20.38236748867051,20.42573356628418,9134428
2021-10-08,20.51246702902894,20.642566913980243,20.425733220958143,20.469100952148438,7914906
2021-10-11,20.599201185358496,20.642567262972165,20.42573356628418,20.42573356628418,7353291
2021-10-12,20.425734769589766,20.512468584236522,20.295634874774592,20.33900260925293,8386488
2021-10-13,20.38236465425656,20.902765784801623,20.295630856780786,20.51246452331543,13948613
2021-10-14,20.555834760219238,20.68593464517054,20.469100952148438,20.469100952148438,12702200
2021-10-18,20.642567082246135,21.466535784170542,20.55583492777814,21.11960220336914,43875005
2021-10-19,21.206333291004285,21.336433160322,20.512464564127143,20.685932159423828,23602125
2021-10-20,20.729301072509323,20.77266880443281,20.295633679133353,20.42573356628418,12927201
2021-10-21,20.512466840280016,21.119601836879166,20.469100763798554,20.989501953125,25331808
2021-10-22,21.16296711927161,22.680802899506595,20.946133436380897,22.377235412597656,115092468
2021-10-25,22.72417166840491,22.897637630068512,21.336435703547167,21.640003204345703,53319421
2021-10-26,21.68336771284613,22.030301265389735,21.336434160302527,21.596633911132812,24445799
2021-10-27,21.683368311624996,21.94356806964061,21.50990070340811,21.553268432617188,18162921
2021-10-28,21.553269573857786,21.640003382558763,20.859400758559765,20.946134567260742,17364266
2021-10-29,20.685934454825425,21.119601836879166,20.16553326549898,20.989501953125,16105471
2021-11-01,21.336435317993164,21.943568654309416,21.249701511573768,21.336435317993164,22482750
2021-11-02,21.50989969775893,21.553267424940444,21.20633387903652,21.293066024780273,12204586
2021-11-03,21.423166450908568,21.856833774576277,21.293064930360615,21.72673225402832,19662155
2021-11-04,21.94356918334961,22.117036800370553,21.856837029148938,21.94356918334961,9910868
2021-11-08,22.117033937664992,22.2471338064364,21.726732677041188,22.03030014038086,22364054
2021-11-09,22.29050671414324,22.55070651217512,21.986939180232735,22.42060661315918,27949534
2021-11-10,22.483179435361848,22.572576117441,22.080896923655505,22.170291900634766,18408557
2021-11-11,22.125593589443778,22.17029107627141,21.946800231933594,21.946800231933594,9087058
2021-11-12,21.946803996936367,22.036200691027577,21.633918125267307,21.81270980834961,9367045
2021-11-15,22.080897203428407,22.125594692484373,21.63391549246913,21.723310470581055,7472234
2021-11-16,21.81270592005446,21.81270592005446,21.633914268843245,21.678611755371094,4493317
2021-11-17,21.58921424619166,21.678610920906067,21.410422601862592,21.455120086669922,7206748
2021-11-18,21.410426035377366,21.499821019327985,21.052839279174805,21.052839279174805,12290674
2021-11-22,21.008143254330285,21.455125025699015,20.874049063939694,21.23163414001465,15144944
2021-11-23,21.276328561996618,21.455121926759574,21.008140219952082,21.321027755737305,7176938
2021-11-24,21.4104275306022,21.455125025699015,21.186936644917832,21.23163414001465,5884980
2021-11-25,21.231631005954952,21.276328494453846,21.052837641759584,21.186933517456055,5125837
2021-11-26,21.008142418085097,21.186935801555634,20.829349034614555,20.874048233032227,7209870
2021-11-29,20.695255279541016,21.36572792383565,20.292972716024302,20.695255279541016,26736896
2021-11-30,20.695254114054183,21.09753836001572,20.695254114054183,20.784650802612305,4271236
2021-12-01,20.91874616097256,20.963445360318936,20.65055778529475,20.695255279541016,5898569
2021-12-02,20.874047491170423,20.874047491170423,20.65055662232513,20.784650802612305,4187212
2021-12-03,20.739953368381656,21.231632599164403,20.739953368381656,20.918745040893555,5631044
2021-12-06,21.00814098171974,21.05283847198129,20.739952629950537,20.829347610473633,5983533
2021-12-07,21.00814236416842,21.097539055674257,20.65055730324514,20.739953994750977,6328241
2021-12-08,20.874047549040583,21.008141729699513,20.784650860234624,20.918745040893555,4939244
2021-12-09,21.05284070163791,21.276331586814955,20.874049016556352,21.0975399017334,5503212
2021-12-10,21.097536835358373,21.276328494453846,21.052837641759584,21.186933517456055,5319317
2021-12-13,21.365728281905803,21.365728281905803,21.05284070163791,21.0975399017334,4212726
2021-12-14,20.91874646345942,21.142237348122663,20.91874646345942,20.96344566345215,4350221
2021-12-15,20.963443491458193,21.05283847198129,20.739952629950537,20.829347610473633,4861713
2021-12-16,20.87404598813581,20.963442670256928,20.382365089019615,20.60585594177246,9157304
2021-12-17,20.650556241143857,20.650556241143857,20.292971198611923,20.382366180419922,10293500
2021-12-20,20.33767049577501,20.33767049577501,20.069482116332317,20.114179611206055,7969017
2021-12-21,20.158877106079792,20.33767049577501,20.069482116332317,20.114179611206055,7246168
2021-12-22,20.20357322692871,20.29296990815182,20.02477986448249,20.20357322692871,7072820
2021-12-23,20.29297193563035,20.605857793521974,20.248272738002946,20.471763610839844,8518409
2021-12-24,20.42706456174666,20.42706456174666,20.069479533476024,20.15887451171875,6593200
2021-12-27,20.20357322692871,20.29296990815182,20.06947905764398,20.20357322692871,4025184
2021-12-28,20.203574511703945,20.4717628673279,20.158875315699966,20.382366180419922,4058607
2021-12-29,20.427066802978516,20.605858484180676,20.382367603852902,20.427066802978516,3573893
2021-12-30,20.4717628673279,20.51646206333188,20.337668689515922,20.382366180419922,2701320
2021-12-31,20.47176429700403,20.56116099015516,20.382367603852902,20.427066802978516,3542826
2022-01-03,20.516460964751232,20.650555135382962,20.47176177114073,20.60585594177246,6385594
2022-01-04,20.650555135382962,20.73995181750408,20.516460964751232,20.60585594177246,6402243
2022-01-05,20.605858484180676,20.65055768330629,20.292972615801872,20.427066802978516,7127303
2022-01-06,20.382367603852902,20.516463496129646,20.292972615801872,20.427066802978516,7417986
2022-01-07,20.561159817526164,20.605857309002523,20.47176312947344,20.516462326049805,5352715
2022-01-10,20.605857309002523,20.605857309002523,20.47176312947344,20.516462326049805,8226337
2022-01-11,20.516462326049805,20.73995319363161,20.42706563799708,20.516462326049805,11344815
2022-01-12,20.695252623893577,20.695252623893577,20.516460964751232,20.60585594177246,7981078
2022-01-13,20.65055773463309,20.65055773463309,20.516463547123156,20.561161041259766,6196111
2022-01-14,20.561158447872163,21.231631005954952,20.47176176577448,21.186933517456055,16831189
2022-01-17,21.41042762598526,21.678616007961217,21.276331729897134,21.49982261657715,16579585
2022-01-18,21.678612711343476,21.768009393441158,21.142234323857267,21.186933517456055,7441045
2022-01-19,21.142235968225446,21.231632657276087,21.008141787199495,21.052839279174805,5504174
2022-01-20,21.052839279174805,21.231632657276087,21.008141787199495,21.052839279174805,5622661
2022-01-21,21.00814098171974,21.32102852885045,20.784650120212085,20.829347610473633,8028725
2022-01-24,20.874048563634062,21.008142750810705,20.337670109827386,20.427066802978516,12317944
2022-01-25,20.382367654513118,20.65055773463309,20.11417927949325,20.561161041259766,6995265
2022-01-27,20.561159817526164,20.695253997055246,20.382366441420718,20.516462326049805,7169492
2022-01-28,20.60585594177246,20.829346794525307,20.561158453261847,20.60585594177246,5703163
2022-01-31,20.918745726349826,20.918745726349826,20.695254849561685,20.874048233032227,6102682
2022-02-01,20.963445360318936,21.09753954815784,20.605858585948376,20.695255279541016,10345830
2022-02-02,20.784650802612305,20.91874498289948,20.695254114054183,20.784650802612305,5780813
2022-02-03,20.784651487953862,20.8740481794597,20.695254796448026,20.739953994750977,4151889
2022-02-04,20.73995181750408,20.829346794525307,20.561158453261847,20.60585594177246,5329628
2022-02-07,20.650555135382962,20.695252623893577,20.561158453261847,20.60585594177246,5132340
2022-02-08,20.65055773463309,20.6952552287697,20.47176434788644,20.561161041259766,5051898
2022-02-09,20.60585594177246,20.695252623893577,20.561158453261847,20.60585594177246,3686570
2022-02-10,20.695255279541016,21.0081428545652,20.605858585948376,20.695255279541016,9814830
2022-02-11,20.695253997055246,20.73995319363161,20.47176312947344,20.516462326049805,7856571
2022-02-14,20.382363196057227,20.427062385516404,19.667193215707748,19.756589889526367,11887542
2022-02-15,19.980085421484706,20.158877106079792,19.756594536915753,20.114179611206055,6329315
2022-02-16,20.203573705940023,20.29297038928266,20.069479533476024,20.15887451171875,5154180
2022-02-17,20.248270645379144,20.248270645379144,20.024779795639642,20.06947898864746,2990546
2022-02-18,20.069477476164884,20.069477476164884,19.84598664326817,19.890684127807617,3970610
2022-02-21,19.756590364851,19.845987040820415,19.667193688881582,19.711891174316406,5325454
2022-02-22,19.488400182835274,19.577796858097773,19.354306022491407,19.443702697753906,7967669
2022-02-23,19.443703521381725,19.756591045504386,19.443703521381725,19.667194366455078,13657093
2022-02-24,19.35430934500497,19.35430934500497,18.683836723087246,18.77323341369629,15562873
2022-02-25,18.90732540804463,19.35430710424001,18.90732540804463,19.220212936401367,6627144
2022-02-28,19.130818889045162,19.354309767901064,18.952027209020496,19.309612274169922,3719485
2022-03-02,19.533101975450716,19.533101975450716,19.26491191393172,19.39900779724121,4596433
2022-03-03,19.488400182835274,19.533099373016405,19.354306022491407,19.443702697753906,4153853
2022-03-04,19.39900945371988,19.39900945371988,19.175518569253523,19.26491355895996,4796578
2022-03-07,19.175515306275177,19.175515306275177,18.862627780244377,18.952024459838867,5512286
2022-03-08,18.907328484833815,19.48840444342632,18.817931790027245,19.26491355895996,8292033
2022-03-09,19.35430908203125,19.443705771425627,19.264912392636873,19.35430908203125,4997588
2022-03-10,19.57779809386918,19.622497286871766,19.399006437158423,19.488401412963867,5835297
2022-03-11,19.443705771425627,19.667196642361553,19.309611589884074,19.35430908203125,10641873
2022-03-14,19.533099057529686,19.80128737388581,19.35430570989245,19.756589889526367,7375394
2022-03-15,19.935386611780064,20.0694825092267,19.71189572283589,19.801292419433594,6846313
2022-03-16,19.890684127807617,19.98008080198625,19.756589969089536,19.890684127807617,4423308
2022-03-17,20.0694817354741,20.73995437645742,19.756594161995196,20.427066802978516,15192734
2022-03-21,20.605855042570255,20.650554234230164,20.203572548229943,20.24827003479004,6083898
2022-03-22,20.248269885814565,20.337666563376843,19.845987394434026,19.98008155822754,7366442
2022-03-23,19.98008155822754,20.20357239958333,19.890684880665262,19.98008155822754,6972424
2022-03-24,19.980083947041475,20.069480635291995,19.89068725879095,19.93538475036621,4405621
2022-03-25,19.980080721523045,20.024778205882487,19.71189070006719,19.756589889526367,5570071
2022-03-28,19.756591455679803,19.890685624487837,19.443703925061143,19.488401412963867,7159635
2022-03-29,19.53310364337967,19.577801138232886,19.26491355895996,19.26491355895996,6497792
2022-03-30,19.35430710424001,19.443703784499057,19.17551544882177,19.220212936401367,6814486
2022-03-31,19.26491110686803,19.399006984559854,19.130816934276126,19.17551612854004,8040582
2022-04-01,19.13081625614232,19.309609616660413,19.086118768562724,19.220212936401367,10607411
2022-04-04,19.309611589884074,19.533102460820004,19.264912392636873,19.35430908203125,13261803
2022-04-05,19.35431064154525,19.935386611780064,19.35431064154525,19.801292419433594,8377562
2022-04-06,19.71189070006719,19.93538153206387,19.667193215707748,19.756589889526367,6691801
2022-04-07,19.845989767215695,19.980083947041475,19.80129057054043,19.93538475036621,6164467
2022-04-08,20.024782916358447,20.203576306053662,19.980085421484706,20.114179611206055,5812243
2022-04-11,20.203576306053662,20.2482738009274,20.024782916358447,20.114179611206055,5636321
2022-04-12,20.0247782865257,20.069477476164884,19.756589969089536,19.890684127807617,5415858
2022-04-13,19.890684127807617,20.0247782865257,19.801287453628984,19.890684127807617,4063739
2022-04-18,19.89068521152843,19.93538269850317,19.57779768740577,19.667194366455078,4439796
2022-04-19,19.756591045504386,20.024779377552477,19.57779768740577,19.667194366455078,8634544
2022-04-20,19.711891853429815,19.84598772455369,19.622496879480337,19.667194366455078,4610776
2022-04-21,19.756590364851,19.89068452625524,19.711891174316406,19.711891174316406,5046345
2022-04-22,19.6671933730533,20.248269199873565,19.62249588833626,20.024778366088867,13593912
2022-04-25,20.02478143861673,20.069480635291995,19.80129057054043,19.93538475036621,6980246
2022-04-26,19.93538475036621,20.02478143861673,19.89068725879095,19.93538475036621,4007088
2022-04-27,19.845987394434026,20.024779044458775,19.801288203102988,19.98008155822754,6440370
2022-04-28,20.069477555905653,20.114175040622694,19.84598672212096,20.024778366088867,5196942
2022-04-29,20.02478143861673,20.248272306693035,19.845989767215695,19.93538475036621,5980303
2022-05-02,19.890684127807617,19.935381612347065,19.801287453628984,19.890684127807617,5574697
2022-05-04,19.89068521152843,19.980081890577736,19.667194366455078,19.667194366455078,5020823
2022-05-05,19.756590364851,19.845987040820415,19.667193688881582,19.711891174316406,4973251
2022-05-06,19.533101975450716,19.667196153660218,19.35430860110472,19.39900779724121,4008872
2022-05-09,19.39900779724121,19.443705288277716,19.17551693185871,19.39900779724121,4374681
2022-05-10,19.488401962887846,19.53310115715176,19.17551612854004,19.17551612854004,6627695
2022-05-11,19.220212182735054,19.264909668561963,18.952023857574012,19.130815505981445,5823704
2022-05-12,19.13081466681101,19.13081466681101,18.86262635341401,18.907323837280273,6472563
2022-05-13,18.99672439724647,19.086121088371172,18.99672439724647,19.04142189025879,3492615
2022-05-16,19.08612060546875,19.577799836564427,18.996723916605895,19.08612060546875,6334547
2022-05-17,19.17551544882177,19.35430710424001,19.13081625614232,19.220212936401367,3964019
2022-05-18,19.354310253766528,19.48840444342632,19.22021606410674,19.26491355895996,3198002
2022-05-19,19.086118020154533,19.354306345315575,18.996721343400925,19.130815505981445,4268661
2022-05-20,19.309609616660413,19.622497145017153,19.17551544882177,19.220212936401367,6539615
2022-05-23,19.39900553624227,19.443703022069183,19.086118020154533,19.130815505981445,4715492
2022-05-24,19.22021606410674,19.39900945371988,19.041422674493603,19.26491355895996,3822900
2022-05-25,19.399008654757598,19.399008654757598,18.99672439724647,19.04142189025879,3077016
2022-05-26,19.04142066518543,19.130817350558594,18.862628999539062,18.996723175048828,3482555
2022-05-27,19.041419434333516,19.175515306275177,18.773231100649884,18.952024459838867,4756468
2022-05-30,18.996723175048828,19.086119860421988,18.952025684912222,18.996723175048828,3085932
2022-05-31,18.996721947086193,19.041419434333516,18.952024459838867,18.952024459838867,2753514
2022-06-01,19.04142066518543,19.086119860421988,18.952025684912222,18.996723175048828,4618347
2022-06-02,18.99672276168422,19.220213617704037,18.952025272520224,19.17551612854004,2687254
2022-06-03,19.220212182735054,19.264909668561963,19.086118020154533,19.130815505981445,2376146
2022-06-06,19.130817350558594,19.130817350558594,18.952025684912222,18.996723175048828,3058575
2022-06-07,18.996723175048828,19.04142066518543,18.907326489675665,18.996723175048828,5467984
2022-06-08,18.996723175048828,19.04142066518543,18.952025684912222,18.996723175048828,1632520
2022-06-09,18.952024459838867,18.996721947086193,18.9073252674917,18.952024459838867,1638001
2022-06-10,18.907323837280273,18.95202302624625,18.86262635341401,18.907323837280273,1628912
2022-06-13,18.86262666848421,18.86262666848421,18.549739160894948,18.594436645507812,6978917
2022-06-14,18.54974365234375,18.6838378437503,18.505046156908282,18.54974365234375,4484916
2022-06-15,18.54974365234375,18.594441147779214,18.505046156908282,18.54974365234375,3060444
2022-06-16,18.594438282711675,18.594438282711675,17.87926823533811,18.058061599731445,7871297
2022-06-17,17.968665751790656,17.968665751790656,17.655778202125404,17.700475692749023,6562891
2022-06-20,17.700473631549336,17.745172822067758,17.25349195696375,17.43228530883789,4780572
2022-06-21,17.566379896707375,17.879267417534184,17.432285732095828,17.834569931030273,3006661
2022-06-22,17.83457232076211,17.923967305748352,17.745175630675824,17.789873123168945,2309521
2022-06-23,17.7004771159899,17.87927050306055,17.655779621772293,17.745176315307617,2903295
2022-06-24,17.745173657685815,17.78987114520926,17.611079490015612,17.655776977539062,3141275
2022-06-27,17.745173657685815,17.78987114520926,17.611079490015612,17.655776977539062,3435302
2022-06-28,17.700473709062077,17.700473709062077,17.47698287079059,17.56637954711914,3878945
2022-06-29,17.47698287079059,17.655776223447692,17.387587899561815,17.56637954711914,2911052
2022-06-30,17.56637954711914,17.611078737833306,17.47698287079059,17.56637954711914,2829852
2022-07-01,17.611079088311097,17.923964904038094,17.521682410203464,17.834569931030273,2510750
2022-07-04,17.968664505502765,17.968664505502765,17.566380297392314,17.655776977539062,4764980
2022-07-05,17.745175630675824,17.87926981325523,17.70047643308266,17.789873123168945,2172288
2022-07-06,17.834569931030273,17.879267417534184,17.74517325292264,17.834569931030273,3057654
2022-07-07,17.879267417534184,17.968664095641817,17.78987073942655,17.834569931030273,2256307
2022-07-08,17.879267417534184,17.968664095641817,17.834569931030273,17.834569931030273,2821482
2022-07-11,17.83457310889654,18.102761485906964,17.789873909328055,18.013364791870117,2136231
2022-07-12,18.013362406083164,18.236853259024894,17.923965723886496,18.058061599731445,2131019
2022-07-13,18.14745774748712,18.14745774748712,17.923966880128415,17.968666076660156,1711397
2022-07-14,17.923968047932792,17.968667247376832,17.83457305924494,17.879270553588867,2438490
2022-07-15,17.923966880128415,18.05806276462364,17.834571897264933,17.968666076660156,3888758
2022-07-18,17.96866802833015,18.147459718576606,17.96866802833015,18.10276222229004,1920084
2022-07-19,18.102759896061162,18.326250758975497,18.05806240551828,18.281553268432617,1733146
2022-07-20,18.236855343437824,18.549742914338246,18.236855343437824,18.460346221923828,2638431
2022-07-21,18.460345480327042,18.460345480327042,18.370948791503906,18.370948791503906,1861097
2022-07-22,18.4156494609372,18.72853704428592,18.370950260401578,18.54974365234375,2691375
2022-07-25,18.549742169150182,18.59443966101174,18.28155380778079,18.370948791503906,2621417
2022-07-26,18.326253158461874,18.37095065485707,18.23685646057129,18.23685646057129,1044496
2022-07-27,18.23685572443342,18.23685572443342,18.102761535560404,18.147459030151367,1357707
2022-07-28,18.23685646057129,18.326253158461874,18.192158964176095,18.23685646057129,1509341
2022-07-29,18.281551436076853,18.505042276590753,18.281551436076853,18.415645599365234,2688899
2022-08-01,18.50504383910153,19.08611973248202,18.370947959390694,18.728534698486328,5196431
2022-08-02,18.7732323141659,19.130817350558594,18.728534824029296,18.996723175048828,3465913
2022-08-03,19.04142189025879,19.22021527250819,18.99672439724647,19.04142189025879,3404410
2022-08-04,19.175517779495873,19.354309456645215,18.90732770612177,19.04142189025879,5179908
2022-08-05,19.04142066518543,19.17551654579515,18.952025684912222,18.996723175048828,2668174
2022-08-08,18.996723916605895,19.175517294331605,18.952026424724476,19.08612060546875,2242450
2022-08-10,19.13081809735017,19.30961147507588,18.996723916605895,19.08612060546875,3695871
2022-08-11,19.2202127935225,19.309609473116993,18.9073252674917,18.952024459838867,3384528
2022-08-12,18.952026424724476,19.175517294331605,18.862629735861624,19.08612060546875,3140348
2022-08-16,19.13081809735017,19.175517294331605,18.996723916605895,19.08612060546875,3285567
2022-08-17,19.08612060546875,19.175517294331605,19.041421408487313,19.08612060546875,2817475
2022-08-18,19.041418829227837,19.264909668561963,18.996721343400925,19.130815505981445,3367337
2022-08-19,19.130817350558594,19.26491152606836,18.996723175048828,18.996723175048828,3208472
2022-08-22,19.041420537545097,19.041420537545097,18.683835503549403,18.728534698486328,2995773
2022-08-23,18.63913801371242,18.907326362934207,18.594438818775494,18.728534698486328,2215625
2022-08-24,18.72853523930223,18.8626294177853,18.683836043074542,18.817930221557617,5540331
2022-08-25,18.817929741679773,19.086119796906768,18.817929741679773,18.862628936767578,2519955
2022-08-26,18.996723175048828,19.220214035931754,18.952025684912222,18.996723175048828,4050990
2022-08-29,18.862629735861624,19.220214786213024,18.72853555511735,19.08612060546875,3976760
2022-08-30,19.220212182735054,19.220212182735054,19.086118020154533,19.130815505981445,2987602
2022-09-01,19.08612024468571,19.622498662623713,19.041421048549218,19.39900779724121,7092597
2022-09-02,19.48840357714319,19.667196958808745,19.309611900577686,19.622499465942383,7214311
2022-09-05,19.756589889526367,19.845986563344983,19.577796541889132,19.756589889526367,5413152
2022-09-06,19.801287532304173,20.114175040622694,19.756590047587128,20.024778366088867,7029366
2022-09-07,19.890687628106758,20.382366864963764,19.890687628106758,20.337669372558594,11453837
2022-09-08,20.42706606246897,20.561160244784514,20.292971880153427,20.337669372558594,8544734
2022-09-09,20.382367603852902,20.516463496129646,20.15887672352513,20.427066802978516,7536327
2022-09-12,20.42706563799708,20.605857309002523,20.203574770415276,20.516462326049805,11931156
2022-09-13,20.561159876023993,20.695254055934583,20.47176318771693,20.650556564331055,11480792
2022-09-14,20.427066802978516,20.516463496129646,20.382367603852902,20.427066802978516,4983940
2022-09-15,20.684474959932846,20.73043975846594,20.454647460378037,20.500612258911133,5293333
2022-09-16,20.316746698289617,20.45464281602339,20.040952709377795,20.224815368652344,7621644
2022-09-19,20.13288414054489,20.13288414054489,19.81112536191394,19.857091903686523,4090063
2022-09-20,19.857094212065615,20.040955140196857,19.811127664949442,19.903059005737305,2769912
2022-09-21,19.90305763927439,20.086920308226855,19.673230179805994,19.765161514282227,5095250
2022-09-22,19.765161109153865,19.811125898727656,19.581298443970056,19.719196319580078,3121582
2022-09-23,19.765163422173995,19.765163422173995,19.53533594052081,19.581300735473633,3349284
2022-09-26,19.535334158816802,19.535334158816802,19.12164402819352,19.21357536315918,6258183
2022-09-27,19.35147190706628,19.58129937272476,19.213575778360074,19.443403244018555,4591378
2022-09-28,20.040955288684245,20.040955288684245,19.351472857833485,19.535335540771484,6152889
2022-09-29,19.673226898327563,19.719193434620678,19.535330796336353,19.627262115478516,2861215
2022-09-30,19.627266882240484,19.719198223709487,19.443404199302485,19.535335540771484,3226644
2022-10-03,19.48937074675923,19.627266882240484,19.443404199302485,19.535335540771484,3531770
2022-10-04,19.5812955791854,19.719193434620678,19.5812955791854,19.627262115478516,2654820
2022-10-06,19.719197671046388,19.719197671046388,19.627266332153916,19.67323112487793,2409652
2022-10-07,19.627262115478516,19.673226898327563,19.535330796336353,19.627262115478516,1793061
2022-10-10,19.581299785985458,19.811127256494416,19.48937020053743,19.67323112487793,5286105
2022-10-11,19.765158217469722,19.81112300031877,19.5812955791854,19.627262115478516,2507254
2022-10-12,19.719193434620678,19.765158217469722,19.627262115478516,19.627262115478516,2250705
2022-10-13,19.627266332153916,19.719197671046388,19.581299785985458,19.67323112487793,2494125
2022-10-14,19.67323112487793,19.811127256494416,19.627266332153916,19.67323112487793,2736083
2022-10-17,19.673232078823812,19.673232078823812,19.489371145567983,19.581300735473633,2903656
2022-10-18,19.627266332153916,19.719197671046388,19.535334993261444,19.67323112487793,2954018
2022-10-19,19.765161109153865,19.765161109153865,19.62726498698817,19.719196319580078,3812012
2022-10-20,19.719198627221168,19.719198627221168,19.53533594052081,19.581300735473633,2138398
2022-10-21,19.5812955791854,19.673226898327563,19.5812955791854,19.627262115478516,1874409
2022-10-24,19.949023233787404,19.949023233787404,19.76516057358564,19.857091903686523,2874558
2022-10-25,19.71919715237124,20.316748209288225,19.71919715237124,20.178852081298828,7281948
2022-10-27,20.454647460378037,20.638510161399754,20.270784759356324,20.500612258911133,6706879
2022-10-28,20.500607098508926,20.77640108061878,20.500607098508926,20.546573638916016,6390289
2022-10-31,20.684472489253373,21.052196093928988,20.592541149723356,20.822368621826172,8254434
2022-11-01,20.914298995643463,21.05219512184894,20.638506743232508,20.730436325073242,7735529
2022-11-02,20.822368621826172,20.91429996135619,20.684472489253373,20.822368621826172,5131538
2022-11-03,20.82236807696814,21.190091672021545,20.730436739843686,20.960264205932617,11765692
2022-11-04,21.098162914694047,22.15536894942187,21.05219636760924,21.78764533996582,34154707
2022-11-07,22.017470689981508,23.212572743726327,22.017470689981508,22.706953048706055,52076818
2022-11-09,22.982747082003605,23.396437230857448,22.706954818397342,23.074678421020508,38875439
2022-11-10,23.028709641569023,23.120640971670838,22.431158626073632,22.47712516784668,14954605
2022-11-11,22.936778536367253,23.074674645608216,22.33922580724947,22.523088455200195,18761662
2022-11-14,22.660987312149096,22.98274610835494,22.431159851065548,22.79888343811035,22046223
2022-11-15,22.844851894634594,23.48836778746776,22.844851894634594,23.166610717773438,35052725
2022-11-16,23.16660977248699,25.143125671912575,23.16660977248699,24.775402069091797,191610244
2022-11-17,25.817576986983884,27.19135703573158,25.722833223779393,26.433408737182617,215982024
2022-11-18,26.622896507324715,26.95449877803277,25.391231188564348,26.05443572998047,108880653
2022-11-21,26.054437290416498,26.7650128528824,25.485976479026352,26.62289810180664,77988304
2022-11-22,26.717641384686765,28.612509516733002,26.62289761666704,27.4282169342041,174086537
2022-11-23,27.475587698129505,27.901933747314615,26.812383134305353,27.712446212768555,87003661
2022-11-24,27.949305604722422,30.033661321807752,27.854561834475433,29.275712966918945,239985161
2022-11-25,29.559945584863392,30.46000873138183,29.417829019664655,30.12840461730957,151615074
2022-11-28,30.317887428565385,32.97070185573009,30.128399909302086,31.786409378051758,321464637
2022-11-29,32.118018077534046,34.39185779447116,32.023272497136034,33.44442367553711,347649114
2022-11-30,34.202367830292665,35.14980188225838,30.79160668888573,31.075836181640625,356366103
2022-12-01,31.454814240470892,32.82859446934711,30.83898060243776,32.40224838256836,198522937
2022-12-02,32.87596521098875,32.92333619490914,32.118018625739396,32.68647766113281,100345607
2022-12-05,32.875959974614524,32.875959974614524,31.69166749436309,31.881155014038086,71585440
2022-12-06,31.502184073130287,31.881159161785035,30.36526242134035,31.26532554626465,107014786
2022-12-07,31.407436296582883,31.88115326266001,30.981090304278744,31.31269073486328,70789132
2022-12-08,31.50218463975457,31.549555623144894,30.270521000734377,30.50737953186035,55312942
2022-12-09,30.50737627125129,30.79160575538932,28.991481472645496,29.41782569885254,65342359
2022-12-12,29.370453629158902,32.16538461670395,28.659878138130864,31.644296646118164,142467203
2022-12-13,32.16538620420955,32.87596173030766,31.83378212352601,32.02326965332031,105835589
2022-12-14,32.21275717884997,32.30749913664757,31.0758356144087,32.16538619995117,64653991
2022-12-15,31.928530291607128,32.07064323987749,31.02846716253091,31.170583724975586,46565124
2022-12-16,30.6021214432668,31.02846752135696,29.891545851174655,30.412633895874023,43591915
2022-12-19,30.602124713939197,31.502187949620446,30.507382737204225,31.123212814331055,38418582
2022-12-20,31.21795484353167,34.01288620843195,30.886350734443038,33.77602767944336,181272162
2022-12-21,34.29711586681726,34.58134537998224,29.27571394656753,30.602121353149414,192467386
2022-12-22,31.265326721191407,31.644301824087744,29.370458435058595,29.607316970825195,99443583
2022-12-23,29.323087890172925,29.323087890172925,26.101810309803636,26.38604164123535,122876842
2022-12-26,26.76501334735533,29.180969581538392,26.38604006845622,28.75462532043457,136601051
2022-12-27,29.654687320477276,30.696867024050366,29.417828789779893,30.412633895874023,89075438
2022-12-28,30.46000454144311,31.454809518470295,29.89154197301765,30.79160499572754,104597559
2022-12-29,30.317891664700017,31.454813324961133,30.03366215317832,30.981096267700195,87697856
2022-12-30,31.360063882341095,31.50218042768441,30.649488383972272,30.83897590637207,42178363
2023-01-02,30.981096179774124,31.596926183960985,30.791608634572658,31.170583724975586,40172355
2023-01-03,31.265326800678057,32.35487751364419,31.170584831800326,32.07064437866211,84881999
2023-01-04,32.26012656701614,32.78121453755635,31.265321602498677,31.502180099487305,75920751
2023-01-05,31.691669831684266,31.881157365334328,30.507377264088994,31.028465270996094,45698294
2023-01-06,31.217954796330663,31.36006774500435,30.649492159112942,30.981096267700195,27818130
2023-01-09,31.31269676211312,31.596926273634818,30.838979704852182,30.981096267700195,28648565
2023-01-10,31.12320961861294,31.17058421629077,30.365263040034538,30.46000862121582,22376324
2023-01-11,30.507379604719276,30.88635108692129,30.03366254133598,30.46000862121582,25187049
2023-01-12,30.60211922382698,31.170581824777166,30.31788973043893,31.028465270996094,41148274
2023-01-13,31.0758356144087,32.44961568751798,30.9810936566111,32.16538619995117,75271636
2023-01-16,32.212761594435214,32.212761594435214,31.265327429893002,31.40744400024414,43209016
2023-01-17,31.31269676211312,31.407442342069903,30.744237739069728,30.981096267700195,23809717
2023-01-18,31.17057781354432,31.644294779621447,31.075832251824718,31.31269073486328,26275227
2023-01-19,31.075839874149658,31.833786482948522,30.74423936222969,31.40744400024414,43947894
2023-01-20,31.407440053819062,32.35487409931377,31.21795252188531,31.360065460205078,37966558
2023-01-23,31.644304528897653,31.881163084909836,30.933728860861102,31.123212814331055,47560769
2023-01-24,31.170583756894278,31.596926216316252,30.696866700492688,30.886350631713867,34050557
2023-01-25,30.886351179683643,31.123209712086663,30.08103361518314,30.27052116394043,29120299
2023-01-27,30.460007110434315,30.60212005389604,28.849368451982063,29.654685974121094,34619490
2023-01-30,28.47039351022335,30.033661194979423,28.47039351022335,29.55994415283203,37227440
2023-01-31,29.891539836631903,31.502178244128856,29.749425108226127,31.31269073486328,35809352
2023-02-01,32.07064206711671,32.35487518161221,29.180968854530615,29.844173431396484,78444937
2023-02-02,29.84417526545397,30.744238416929527,29.60731673160116,29.89154624938965,24517707
2023-02-03,30.223146897349054,30.412632629766172,29.228341832669635,29.512571334838867,28559269
2023-02-06,29.8915472692765,29.8915472692765,28.47039601767057,28.612512588500977,30328389
2023-02-07,28.801996549698398,29.03885507692797,28.13879375770789,28.328279495239258,25692419
2023-02-08,28.517766795236735,29.180969581538392,27.99667695554922,28.75462532043457,29213321
2023-02-09,28.659883623853364,28.754627402209174,28.233537524795846,28.51776885986328,12967212
2023-02-10,28.375654095873195,28.801998387843447,28.280910317517385,28.51776885986328,12718144
2023-02-13,28.61250891742844,28.849367428973085,28.186162873813256,28.37565040588379,16476556
2023-02-14,28.23353426163648,28.280907048882796,27.475587736566034,27.61770248413086,23057839
2023-02-15,27.47558920112941,28.517767083968987,27.28610165621779,28.233535766601562,108461456
2023-02-16,28.044048715701717,28.375651000227222,27.28610037863098,27.4282169342041,37728708
2023-02-17,27.38084806042569,27.665079405112444,27.143989510063726,27.238733291625977,17614414
2023-02-20,27.428219102608477,27.47559008681983,26.71764349691486,27.001873016357422,13475222
2023-02-21,26.812383722220556,27.096615030271987,26.670268971738388,26.765012741088867,11287304
2023-02-22,26.717640026796097,26.717640026796097,26.338664973978126,26.433408737182617,14410318
2023-02-23,26.33866698692814,26.90712780251311,26.196552234803676,26.291296005249023,17475738
2023-02-24,26.480785418379256,26.765014942723724,26.338668849119777,26.38604164123535,10402222
2023-02-27,26.62289873598339,26.670269718441354,25.58072085812388,25.675464630126953,14416765
2023-02-28,25.817577572468274,26.054436082307433,25.391231531922983,25.533348083496094,16207572
2023-03-01,25.533349691071,26.717642314829632,25.485976901868376,25.86495018005371,27761685
2023-03-02,26.007067891221244,27.949307157282245,25.912324115711318,27.001873016357422,74972504
2023-03-03,27.28610083387273,27.475588373073595,26.338666752042606,26.717641830444336,31886865
2023-03-06,26.954500350901867,27.66507591227446,26.622898060843905,26.717641830444336,24034894
2023-03-08,26.717641841818175,26.81238380437184,26.43341053289588,26.575525283813477,16951705
2023-03-09,26.62290018055149,27.238732021356004,26.291297864091444,26.38604164123535,29457034
2023-03-10,26.243924870576976,26.717641912954996,26.10180831219389,26.528154373168945,18602384
2023-03-13,26.670269481778327,26.717642270903067,25.817579155491448,25.959693908691406,16451332
2023-03-14,26.149181683055172,26.196552665513135,25.438606103662842,25.675464630126953,17256430
2023-03-15,25.959694183056854,26.149181727384224,25.4386061467873,25.580720901489258,10378460
2023-03-16,25.58072082972841,25.8175793559296,25.012260005428125,25.62809181213379,16145407
2023-03-17,25.817579428354897,26.05443795522054,25.4386061467873,25.580720901489258,14474482
2023-03-20,25.53334822674416,25.53334822674416,25.107002183806966,25.296489715576172,12817483
2023-03-21,25.485977216702373,25.533350006490206,25.34386246151319,25.391233444213867,8231139
2023-03-22,25.533348083496094,25.817577572468274,25.438604318143025,25.533348083496094,9524521
2023-03-23,25.485977216702373,25.62809197189156,25.296491478812513,25.391233444213867,9750086
2023-03-24,25.485975446073567,25.533348232570194,25.059631210126124,25.154373168945312,9405435
2023-03-27,25.201746358691597,25.485975853871143,24.396427046233466,24.538541793823242,14682995
2023-03-28,24.633283876905253,24.633283876905253,24.064823118328516,24.15956687927246,10179329
2023-03-29,24.159570159628792,25.107004283535804,24.159570159628792,24.964889526367188,15458843
2023-03-31,25.10700412109197,25.864950692478747,25.059633138037984,25.20174789428711,17209537
2023-04-03,25.43860377463845,26.52815253520259,25.29648903318869,26.338665008544922,27498143
2023-04-05,26.528154728578368,26.670269481778327,25.817579155491448,25.959693908691406,16069321
2023-04-06,25.912321055016896,26.243923326590046,25.77020631208183,26.007064819335938,12059313
2023-04-10,26.149179426081297,26.4807816959274,25.959691898430094,26.101806640625,13598478
2023-04-11,26.149181365966797,26.433410871442266,26.101808576996135,26.149181365966797,10351890
2023-04-12,26.19655057695976,26.291294341409262,25.81757732624874,25.912321090698242,10628633
2023-04-13,25.959691965908593,26.52815274325284,25.912320987416155,26.05443572998047,12152354
2023-04-17,26.054435662255695,26.1965504044506,25.81757715623519,26.101806640625,10152996
2023-04-18,26.101808162722623,27.14398601140368,26.05443718159093,26.765012741088867,29141937
2023-04-19,26.765014942723724,27.049244467068192,26.291297864091444,26.38604164123535,12802470
2023-04-20,26.480783309986805,26.859756581301436,26.338666752042606,26.717641830444336,21180929
2023-04-21,26.81238380437184,27.0492423249302,26.43341053289588,26.575525283813477,15543321
2023-04-24,26.622900828798567,28.42302541001542,26.480786063165947,27.996679306030273,114914226
2023-04-25,28.28090608885108,29.559942387690104,27.807189074991218,29.180967330932617,165437101
2023-04-26,29.41783010851941,29.938919983665322,28.470395943258403,28.659883499145508,124814428
2023-04-27,28.659882737179252,30.791609552341345,28.328280426736598,29.796804428100586,235048732
2023-04-28,30.03366081853027,30.649490797098387,29.844173281211553,30.081031799316406,94569856
2023-05-02,30.60211690037342,32.165384416578355,30.507374947828684,31.786409378051758,204453588
2023-05-03,31.928534141250196,34.15500312683477,31.786417561670437,33.586544036865234,343151755
2023-05-04,34.15500009977891,35.43403836011515,32.21276083131398,32.40224838256836,275121738
2023-05-05,32.639106368390046,33.491794913412264,32.3075022557361,33.0180778503418,207483533
2023-05-08,33.397052946467916,34.15499952454579,32.87596489992528,33.0180778503418,158914127
2023-05-09,33.39705244211342,33.681281952828456,30.981096179774124,31.170583724975586,126905423
2023-05-10,31.170587416873285,31.73904650563263,30.22315138573718,31.123212814331055,94417242
2023-05-11,31.644302123950112,32.54436167705264,31.454814570706354,31.928531646728516,137743556
2023-05-12,31.975900820497383,32.16538836300926,31.312696228792955,31.596925735473633,54099932
2023-05-15,31.83378240207002,32.16538648565508,31.312694401206713,31.691669464111328,48801180
2023-05-16,31.881154944770316,32.165384416578355,31.64429644923465,31.786409378051758,50104989
2023-05-17,31.8811604202612,32.828594565122756,31.833785821678568,32.21276092529297,87773958
2023-05-18,32.59173230764937,32.828590816820736,31.928527759134745,32.11801528930664,43139793
2023-05-19,32.30750129521875,32.44961785558444,31.312696215181667,31.739042282104492,38623945
2023-05-22,31.786413277985506,31.92852983841298,31.407441807136024,31.596925735473633,39038713
2023-05-23,31.6443003317323,31.975900820497383,31.50218377130483,31.596925735473633,26334035
2023-05-24,31.50218533704683,32.49699046696079,31.407443368169098,32.07064437866211,49417869
2023-05-25,32.118016341585644,32.35487485851718,29.986287882114766,30.317890167236328,78918846
2023-05-26,30.317892120240455,30.55475065242983,29.559945540069318,30.223148345947266,52280306
2023-05-29,30.554748457457542,30.88634893303162,30.317889942283454,30.74423599243164,38342982
2023-05-30,30.2231463990463,30.554748684167862,30.12840263085627,30.317890167236328,30754089
2023-05-31,30.3178919841247,30.602121498640997,30.128404436389047,30.50737953186035,25341934
2023-06-01,30.55475058822273,30.744238136410925,30.317892056531083,30.46000862121582,20794791
2023-06-02,30.60211966471934,30.69686523999644,30.2231463990463,30.317890167236328,18155919
2023-06-05,30.365263149857878,30.46000873138183,30.08103363363479,30.12840461730957,23679377
2023-06-06,30.175777083401936,30.791608899984187,30.128404293149657,30.602121353149414,31526798
2023-06-07,30.744238743501644,32.30750291503088,30.602122176010603,32.07064437866211,99888253
2023-06-08,32.3548721371462,32.402243113713304,31.360063558367873,31.644296646118164,46914299
2023-06-09,31.786415497556316,31.833786482948522,31.217956444500796,31.40744400024414,24830925
2023-06-12,31.502178244128856,31.54954921790184,31.17057781354432,31.31269073486328,18481171
2023-06-13,31.312696528802917,31.502184073130287,31.075838001937274,31.26532554626465,16812036
2023-06-14,31.502178244128856,31.73903672716742,31.265319761090293,31.31269073486328,19489115
2023-06-15,31.312700381975752,31.45481696125296,31.02847083759608,31.123212814331055,14736948
2023-06-16,31.265323708024585,31.502182220964166,31.075836174838102,31.217952728271484,18034381
2023-06-19,31.360067511341185,31.644300634919393,31.17058358118811,31.26532554626465,23821237
2023-06-20,31.123206948831402,31.454811033258984,30.93372303107171,31.360065460205078,17410144
2023-06-21,31.54954921790184,31.786407700940405,31.17057781354432,31.31269073486328,23054775
2023-06-22,31.312694694632054,31.40744026833308,30.933723242350222,31.075836181640625,14109469
2023-06-23,31.0758346071525,31.123205584515873,30.460004673080878,30.554746627807617,24307838
2023-06-26,30.602121280740924,31.075838339619807,30.27052078519544,30.649492263793945,11033301
2023-06-27,30.649492159112942,31.265325779221893,30.412633630482475,30.981096267700195,23652368
2023-06-28,30.933725357055664,31.123209289063123,30.791608793875735,30.933725357055664,9648453
2023-06-30,31.028467250591422,31.36006774500435,30.744237739069728,30.981096267700195,14373970
2023-07-03,31.123207230734078,31.265323784515147,30.981094291127103,31.028465270996094,16288496
2023-07-04,31.075835969391477,31.549552992138832,30.886348437457727,31.360065460205078,29446900
2023-07-05,31.454810953339457,32.354874017107385,31.407439974019894,31.691669464111328,41585187
2023-07-06,31.739042295901104,31.881158856328575,31.50218377130483,31.596925735473633,18663493
2023-07-07,31.549552992138832,31.739040524072585,31.170581542445387,31.360065460205078,14912804
2023-07-10,31.502182220964166,31.502182220964166,31.075836174838102,31.217952728271484,13203680
2023-07-11,31.217954707732375,31.360067656002734,31.075838145287698,31.170583724975586,13406298
2023-07-12,31.075836174838102,31.407440261457968,31.028465195085005,31.217952728271484,18276560
2023-07-13,31.312692905284617,31.360063882341095,30.696862975202635,30.83897590637207,12769558
2023-07-14,30.79160492931559,31.075834405828342,30.744233952259112,30.83897590637207,10988416
2023-07-17,30.83897597288619,31.075834472853323,30.649488450077705,30.79160499572754,17532573
2023-07-18,30.886350631713867,31.454813267900366,30.744237683297982,30.886350631713867,24480880
2023-07-19,30.981099849228592,31.217958405240775,30.838983269951385,31.123212814331055,14117155
2023-07-20,31.170579649372765,31.881155140338645,31.07583408207301,31.502180099487305,42035133
2023-07-21,31.54955936453962,33.349685860239916,31.454817386523725,33.11282730102539,172775659
2023-07-24,33.633907454353505,34.20236641636314,32.875960966949336,33.25493240356445,89931586
2023-07-25,33.30231136938579,33.34968235341252,32.49699018423367,32.63910675048828,33446144
2023-07-26,32.828593737968404,34.34448688588244,32.78121914057943,33.39705276489258,85247455
2023-07-27,33.491794913412264,33.491794913412264,32.733848335334386,33.0180778503418,37679849
2023-07-28,33.254932470820876,33.58653654447543,32.923332011340264,33.20756149291992,30923854
2023-07-31,33.6339095523313,36.52358274878127,33.30230907283714,36.19198226928711,216012818
2023-08-01,36.949931109393084,39.50800398595518,36.760443560356194,38.3710823059082,381693749
2023-08-02,38.60794142124087,38.939541926428376,36.80781509948869,37.613136291503906,159610570
2023-08-03,37.80261743187928,42.918758780305616,37.66050088851723,42.35029983520508,454943778
2023-08-04,44.33991345028571,45.76106454557804,42.160815827005635,42.68190383911133,274350314
2023-08-07,43.53459340978026,47.987533972193795,43.297734907675,47.13484191894531,306863736
2023-08-08,48.55599258993149,49.266568091247564,46.80324113235474,47.65592956542969,303287703
2023-08-09,47.276966721950146,47.466450665385175,45.52421133177971,46.37690353393555,170874267
2023-08-10,46.37689941026272,47.655933985594615,46.2821538327951,46.850616455078125,108926518
2023-08-11,47.08747148657461,47.51381751813541,45.950549940470445,46.329524993896484,69084615
2023-08-14,46.09266896339769,48.60336708105927,42.49241660510325,48.17702102661133,240638055
2023-08-16,48.22439546333115,49.92977606135665,47.750678429758835,48.55599594116211,207500648
2023-08-17,47.371705690791615,47.371705690791615,44.24517383803423,45.14523696899414,155217100
2023-08-18,45.145237147134836,46.424271760163485,43.96094450019189,44.76626205444336,127976241
2023-08-21,45.66632101232678,45.808433948457726,44.95574548915004,45.23997497558594,74415020
2023-08-22,45.57158297314487,45.66632856039977,45.0978658793942,45.33472442626953,40881273
2023-08-23,45.476833483311516,45.618950033616464,45.09785842528098,45.23997497558594,29610934
2023-08-24,45.476832934621584,47.608559478431964,45.38209097834404,46.045291900634766,119824410
2023-08-25,46.14004158107866,46.61375863301135,45.52420796789645,45.855812072753906,36732928
2023-08-28,46.32952506361928,46.70849650344169,45.95055000962291,46.140037536621094,42444304
2023-08-29,46.471637523181286,48.177018020383784,46.37689556773768,46.89798355102539,107331968
2023-08-30,47.37170418385738,48.17702170931327,46.99272910471684,47.18221664428711,57580129
2023-08-31,47.65593352120806,47.8454210601226,47.18221648100883,47.56119155883789,37388795
2023-09-01,47.84542141901538,53.53002594404691,47.46644633834359,52.81945037841797,236065708
2023-09-04,54.666948199655565,63.383342627633404,54.145860168378604,63.193851470947266,504243805
2023-09-05,66.08353252476887,71.72076287389343,65.84667398525357,68.45211791992188,573870002
2023-09-06,69.63639687278054,70.11011385830966,63.71493455366655,65.1360855102539,203998733
2023-09-07,65.46769116159847,70.58383645790843,64.61499907415545,69.30480194091797,202538874
2023-09-08,70.77332910874628,73.85249013953985,70.72596173758964,73.04717254638672,179288780
2023-09-11,77.40535955126246,80.34241091009851,77.21587563123676,80.29503631591797,169943821
2023-09-12,86.21649640893258,87.4955308989999,73.2840205019231,78.44754028320312,395003025
2023-09-13,75.69998999674335,79.86870170054486,71.43653632365411,74.75255584716797,238578975
2023-09-14,76.74216064453125,77.6895947265625,74.61043395996094,76.97901916503906,129797195
2023-09-15,78.12582566443758,78.50809415956083,75.25882288776097,75.83222198486328,77020431
2023-09-18,76.16669205664978,76.16669205664978,72.9174285933627,73.2041244506836,73958819
2023-09-20,72.63072879102356,75.92777869467669,70.71939382283874,73.77752685546875,76414678
2023-09-21,73.77753819464837,74.78099212363617,70.71940469200098,71.14945220947266,52360179
2023-09-22,71.67506458826108,72.72629741065597,68.18687665339945,71.7706298828125,94866289
2023-09-25,72.77407836610291,75.21102600867393,71.48392875636955,73.395263671875,85506777
2023-09-26,73.77752344789022,74.01644030787841,72.20067800489926,72.58293914794922,33138244
2023-09-27,71.53171482968419,73.29969834316329,71.53171482968419,72.05733489990234,31966561
2023-09-28,72.63072679846034,72.91742995228832,71.19722561164862,71.53170776367188,25011662
2023-09-29,71.96176482116118,74.11201667090307,71.29279320432067,73.1563491821289,39254526
2023-10-03,73.44304131069964,74.35092975345898,72.9174285933627,73.2041244506836,32681918
2023-10-04,73.06078338994553,73.20413498481635,70.52827014227594,71.72285461425781,34505676
2023-10-05,72.39181477286826,72.48738006681074,70.7193966097987,71.05387878417969,20716740
2023-10-06,71.48392876547659,72.63072679846034,70.52826130760212,71.53170776367188,27407523
2023-10-09,69.42925181099197,69.7159477130421,67.23121343944892,67.9957504272461,49805228
2023-10-10,68.23466242720937,72.86964844375987,68.18687613471485,72.29624938964844,75097719
2023-10-11,73.20412632686207,74.20758008111295,72.00954199616534,72.24845886230469,45128089
2023-10-12,72.67851840896257,72.72629741065597,71.48393399915822,71.7706298828125,21587597
2023-10-13,71.67505800481369,74.87654247079591,71.1972242847816,73.2041244506836,78755411
2023-10-16,73.77752190806342,73.82530819552927,72.82185448805656,72.91742706298828,23187941
2023-10-17,73.53860992565095,77.21793556939652,73.20412776471888,75.64108276367188,153256370
2023-10-18,76.35783535007072,77.12236498179846,73.72974970297993,74.0642318725586,60210098
2023-10-19,72.72629639667824,74.9243345965382,72.43960051702118,74.15979766845703,36281928
2023-10-20,74.1597985555901,75.73665143164271,73.25191732240218,73.63418579101562,34571282
2023-10-23,74.0642320020779,74.49427946497902,68.80806069870464,68.99919128417969,59336442
2023-10-25,70.14599359529018,71.57949479700116,64.98538781089782,67.18342590332031,67364514
2023-10-26,65.84548167212523,68.23465003982815,62.835128070586904,67.08784484863281,109965024
2023-10-27,68.2346640205432,69.90708222059983,67.32677548009934,68.7602767944336,71117911
2023-10-30,69.23810762386526,69.85929295858143,66.8011598677448,69.52481079101562,44719772
2023-10-31,70.43270268022025,71.10167440794099,68.90363590297575,69.3814697265625,44614720
2023-11-01,69.7159423828125,70.14599713975488,69.28589491703464,69.7159423828125,17172572
2023-11-02,70.71939704286561,71.24501709951491,69.5725989262039,69.81151580810547,22236579
2023-11-03,69.47702111216125,70.09820641659225,67.90017564320482,68.95140838623047,35993734
2023-11-06,69.85928955096627,70.91052229396627,69.4292421123821,69.57259368896484,28925365
2023-11-07,70.00264639716089,71.00610021761334,69.5725989262039,69.81151580810547,32735491
2023-11-08,70.24155864496703,73.10856103863915,70.14599335674411,72.24845886230469,61639026
2023-11-09,72.63072921774875,73.49083141671812,70.81495952907217,71.29279327392578,35223000
2023-11-10,71.87241451979042,71.87241451979042,70.7614819301236,71.58260345458984,20115569
2023-11-13,72.06561858957835,72.11392289158907,71.05129457916856,71.14789581298828,21466105
2023-11-15,71.87240885007655,72.25882111646102,70.66487512400067,71.00298309326172,19871941
2023-11-16,71.24451161071761,71.38941717616987,70.51999115365946,70.61659240722656,15227424
2023-11-17,70.90638846767897,74.96369921678199,70.23016509602736,74.28748321533203,116818430
2023-11-20,74.77050192323232,75.833130300537,73.22485997713441,73.51466369628906,46928842
2023-11-21,73.90107350596647,75.54331663579607,73.75616796622812,74.23918151855469,49893620
2023-11-22,74.67390627976918,75.44672362563398,72.93505435371864,74.09428405761719,35591880
2023-11-23,74.19088070543356,74.77049546387256,73.75616410895314,73.90106964111328,22783082
2023-11-24,74.23918404947891,74.86710316295054,73.32146121685264,73.51466369628906,21604709
2023-11-28,73.85276056803309,74.14257161362606,72.69353112606333,73.0316390991211,25080614
2023-11-29,73.41806020473524,73.75616821847983,72.45203309677821,72.7418441772461,14635478
2023-11-30,72.8867393516222,72.8867393516222,71.63090858501403,72.11392211914062,19003196
2023-12-01,72.40373852108722,74.62560411598744,72.25884033158745,72.83845520019531,34411168
2023-12-04,75.35010801484856,75.49501354276353,73.56295949110074,73.8044662475586,54336061
2023-12-05,74.38408695686151,74.57728942944792,73.22485738093923,73.5629653930664,28021269
2023-12-06,73.90106180433361,73.94936609999844,73.03163607377189,73.22484588623047,24145206
2023-12-07,72.45202309865564,74.04596908086624,72.06561083475596,73.46635437011719,25013914
2023-12-08,73.51465949348841,75.01200441922573,73.03164595230885,73.99767303466797,47322739
2023-12-11,74.3840797919607,80.51834983323151,74.19087733798413,79.40741729736328,268676897
2023-12-12,81.5809858186582,83.56134432590788,79.26252666993904,80.22855377197266,135491070
2023-12-13,81.14626727989334,82.49870654193177,80.27684151356856,80.66325378417969,84559239
2023-12-14,82.0639979129333,92.93180261789395,81.9190997463619,89.50241088867188,475975248
2023-12-15,91.77256862789645,97.37552839746964,90.90314281948662,91.48275756835938,325150277
2023-12-18,92.64199823904762,93.07670747599565,88.14997085304394,91.1446533203125,151821592
2023-12-19,91.72427654858022,98.05175743982211,91.28956727155851,96.6993179321289,328191530
2023-12-20,98.72796850106516,100.56342149911121,88.19827881214174,89.3092041015625,263936530
2023-12-21,87.81186316442245,96.40950566205356,84.1409573073929,95.49177551269531,280904719
2023-12-22,97.56873378119505,98.43815961566187,93.366517513174,94.42914581298828,137646820
2023-12-26,95.15366990712269,95.92649453972831,93.26991999917414,94.0910415649414,77725407
2023-12-27,94.67064825870702,95.5400740534905,92.93179666914004,93.41481018066406,48428319
2023-12-28,93.9461339416388,95.25026903131273,92.78690438864017,93.17330932617188,59468778
2023-12-29,93.41481914956424,97.08572513767659,93.22161667448547,95.97479248046875,153201085
2024-01-01,96.60270817665149,98.92117464693146,96.02309340163193,96.98912048339844,102849848
2024-01-02,97.5687339782715,98.19665304722149,94.4774503052584,96.60270690917969,70051082
2024-01-03,96.79591404803986,98.48646150056692,95.63668445724497,97.47213745117188,96843171
2024-01-04,98.24494832095202,100.08040119529873,97.47213110083865,97.8585433959961,66810041
2024-01-05,98.48645423674175,98.96946775898218,96.50610321767688,97.32722473144531,43542157
2024-01-08,97.90684461965608,98.24495262891907,96.21629720313938,96.55440521240234,38895310
2024-01-09,97.47214261372571,98.72797350856752,96.5061154468309,96.6993179321289,44804938
2024-01-10,97.03741137208159,99.98379673605552,96.16799294879866,99.54908752441406,110316122
2024-01-11,101.14302638785226,105.58675659103612,100.70831717546315,103.21998596191406,191294222
2024-01-12,105.29695688753002,110.12709252457267,105.15205134437832,109.54747772216797,199380642
2024-01-15,109.54747772216797,109.54747772216797,109.54747772216797,109.54747772216797,0
2024-01-16,133.89135686851773,141.81277583943654,131.5245787711283,137.03094482421875,492705331
2024-01-17,133.31174554194692,145.5802872922916,128.52991413906665,144.03465270996094,336463589
2024-01-18,147.80214655949518,149.7342007628873,131.66949690925196,141.28146362304688,272134347
2024-01-19,144.42102707789954,155.38543870873667,144.13121604872651,154.80581665039062,266085180
2024-01-23,179.48782169523838,186.25001077613237,153.35678808456038,155.82015991210938,269108130
2024-01-24,159.39447725907755,167.41250542685748,145.87009737042854,166.06005859375,198113352
2024-01-25,168.81323563203156,172.24263478322368,165.6736475587606,167.94381713867188,100074798
2024-01-29,171.2766022361289,172.2426293048714,163.54838568618877,165.0457305908203,74341987
2024-01-30,165.5770475395426,166.3015679017175,158.57335070518522,160.98841857910156,69398771
2024-01-31,162.14763049073332,170.7935688004512,160.36047472564235,169.19961547851562,84194726
2024-02-01,173.88485370691592,177.0244413432908,162.48573257138221,164.1279754638672,165894732
2024-02-02,166.8328675277832,169.05473267675833,161.42312492636867,163.21026611328125,61739734
2024-02-05,164.36949270222584,164.41779700164292,154.56432427706085,155.09564208984375,68987316
2024-02-06,155.9167751687519,158.62165412043726,146.93273452053208,155.4337615966797,81434112
2024-02-07,158.9114547964243,160.26388681342397,154.22621755824068,156.97940063476562,36816341
2024-02-08,158.81483761291764,158.81483761291764,155.24054055501526,156.4480743408203,34218693
2024-02-09,156.49639095381136,156.49639095381136,144.08293676285675,148.47836303710938,64801528
2024-02-12,145.53198106563605,145.91840076142,125.77672922866037,128.4333038330078,128716009
2024-02-13,127.51558290812739,150.99004543702262,123.31336630905908,148.2368621826172,240631230
2024-02-14,148.18855017049265,152.0526585425045,140.55694203193073,149.0579833984375,152849830
2024-02-15,150.9900322173008,156.0133699742742,149.63758549092898,153.50169372558594,77035160
2024-02-16,154.32281873176638,155.91675744222448,149.73419031877177,150.1688995361328,41902227
2024-02-19,150.70021195915933,158.7665433031342,149.1062733057522,153.2601776123047,87423359
2024-02-20,154.22623604893013,155.28887186140668,151.8111680573064,153.1153106689453,35987220
2024-02-21,153.45339926982894,154.95072937067133,148.18854017573477,148.96136474609375,35706625
2024-02-22,148.864787798235,150.55533528901128,144.13124597981874,147.02932739257812,39315419
2024-02-23,148.4783596105155,151.08662978480442,147.51233252815638,147.99534606933594,34425812
2024-02-26,149.05798499280453,151.08663306556755,146.5946129312173,147.1259307861328,35557532
2024-02-27,147.70551501733758,151.32811608617746,145.87006970528594,146.44969177246094,43995103
2024-02-28,147.65725474259105,148.1885578790574,140.55694934350973,142.39239501953125,39947465
2024-02-29,141.03996024708528,145.14557552825045,136.0166221452699,141.7644805908203,63490121
2024-03-01,142.97201720164563,146.25650359254868,141.57128079200768,142.39239501953125,30685800
2024-03-04,144.32443516093585,144.4210437619545,139.73580668020483,140.60523986816406,22040025
2024-03-05,139.97731000242382,143.35840458934615,138.91468911934692,140.12222290039062,23046386
2024-03-06,140.2671310321239,140.7501445788877,135.2437930938612,135.726806640625,26188126
2024-03-07,136.54792998405568,139.494300706541,134.90567219987318,138.81808471679688,24018294
2024-03-11,139.25281339479633,142.24750357678545,135.29211076423587,136.3064422607422,24321115
2024-03-12,136.98264193863284,137.5622493383565,131.04156659374277,132.1042022705078,34760039
2024-03-13,132.10420022883886,134.08455864652913,118.821328176579,120.02886199951172,88853047
2024-03-14,116.7926821837977,137.6588668415253,112.6870668569452,135.4853057861328,194522257
2024-03-15,135.9200107007086,140.8950591347964,128.96461849405387,132.2974090576172,122337843
2024-03-18,133.64985748620208,134.85739138202825,128.33670834456694,130.3653564453125,56717160
2024-03-19,129.9306412968978,132.73211391197069,128.57820929108397,130.6068572998047,46347136
2024-03-20,131.57288594055362,133.50494010925604,128.33670405221918,128.6748046875,39345072
2024-03-21,132.3456986122343,132.97361026423366,130.22044216654163,130.6551513671875,35779582
2024-03-22,131.3313788714317,140.26712938140219,130.41365609146135,136.16151428222656,112209659
2024-03-26,137.56226004977057,143.64823403338076,136.1615236325312,140.75015258789062,120887716
2024-03-27,142.48899893161777,145.82178951786975,136.78944487051461,137.99697875976562,89910843
2024-03-28,140.02562337507118,142.7788064704115,136.49963040210872,137.5139617919922,50962525
2024-04-01,140.2671269759742,141.76447187572347,138.96299928166604,139.88072204589844,47979360
2024-04-02,141.08824660513474,143.1168944653084,139.39769935145554,141.1365509033203,59236883
2024-04-03,140.07391271153716,142.77879121542654,139.59089921942842,140.3637237548828,42670072
2024-04-04,142.0059820822011,143.26182024597475,138.6248872707201,138.86639404296875,38590096
2024-04-05,139.1078926895903,144.32443276928885,137.94866319859094,142.8271026611328,81853830
2024-04-08,144.90405066538665,147.31911817647642,142.00596965207893,142.48898315429688,57797243
2024-04-09,143.50334613121177,144.27617085341947,140.6535687872011,142.19920349121094,38718449
2024-04-10,142.68221371819905,143.50334272990844,141.52298403256623,141.7161865234375,20413452
2024-04-12,141.71615563662652,142.682182620844,140.07391271153716,140.3637237548828,27108905
2024-04-15,133.40835334047503,137.17585327366032,130.70347441235015,135.4853057861328,49605843
2024-04-16,135.05058657793018,137.75546530686617,133.4083435162058,136.8860321044922,25012121
2024-04-18,138.52826919417433,140.50862753929243,136.7894323451951,137.12753295898438,24827547
2024-04-19,135.24378134003769,137.41734211157402,132.82871381610843,136.20980834960938,28016383
2024-04-22,138.14187782422596,140.07393205952982,137.56225565747317,139.2045135498047,23609150
2024-04-23,139.83241806417553,143.16520850000788,138.72149283236584,142.73049926757812,41842082
2024-04-24,143.93801879882812,145.33875495986388,142.4889783411218,143.93801879882812,44593104
2024-04-25,143.9380349970102,146.83611623856075,142.24748760610572,145.14556884765625,43990323
2024-04-26,145.8700791130304,153.59829522497904,144.51764718960035,152.68057250976562,131170998
2024-04-29,156.0133837793281,158.62165412043726,154.17793810161544,155.4337615966797,67507054
2024-04-30,156.20657824284422,156.35149115127095,151.27984890481235,151.9077606201172,49152158
2024-05-02,153.01868019625383,155.7235589085943,150.89342361527312,153.50169372558594,37976109
2024-05-03,154.3711386840482,155.04735472855293,149.8791036747728,151.666259765625,31288231
2024-05-06,152.43905788148768,152.82546277096304,146.35308505964014,150.36209106445312,40457121
2024-05-07,149.20289701629815,149.83082353601452,143.45503816581618,144.71087646484375,29872858
2024-05-08,143.93804841440885,148.52667747459975,141.32977800196028,147.07763671875,25210562
2024-05-09,146.83610628916324,147.7055247065565,141.1848423548996,142.0542755126953,21064246
2024-05-10,142.7304983816202,144.469350040949,137.61055200597553,143.0203094482422,27205055
2024-05-13,143.02031116831174,143.4067161015195,138.23848010295004,140.94334411621094,20343612
2024-05-14,142.00598759527406,152.63228598675715,142.00598759527406,151.95606994628906,65039211
2024-05-15,153.50168985643782,154.37112303156266,149.73419031877177,150.1688995361328,45470586
2024-05-16,151.5696386461477,154.08131487889273,150.3138152701782,152.29415893554688,44997396
2024-05-17,153.0669868648267,164.70761604986248,151.7628591597003,163.25857543945312,189723845
2024-05-21,170.74529116057357,175.81693347227377,170.02077083033066,173.3535614013672,165354884
2024-05-22,174.850882664295,177.45915255153835,167.12266685592834,169.68263244628906,93399530
2024-05-23,170.98680462466487,185.13909639941463,169.92416886925378,180.1640625,215698925
2024-05-24,182.38592611808767,184.31798038895636,176.54145900062892,177.74899291992188,87948476
2024-05-27,180.64705193668385,186.25001157584865,177.74897088957127,178.28028869628906,87126920
2024-05-28,179.68102874967494,181.37157606317993,171.46979894122205,174.12637329101562,79904182
2024-05-29,172.4358460600631,175.5754342936497,169.3445621319972,174.17469787597656,54953818
2024-05-30,174.17466922904362,175.91352075896393,169.82754777444387,170.60037231445312,43583688
2024-05-31,172.9188425530717,173.73997144459668,166.253261780986,171.75961303710938,56435354
2024-06-03,193.20542545857327,193.20542545857327,179.97085676274182,182.53082275390625,112293004
2024-06-04,182.57911467199892,182.57911467199892,146.0632887895185,159.34616088867188,198103673
2024-06-05,162.29255678180994,169.0547466477187,147.89875853482297,160.7952117919922,114119168
2024-06-06,166.156643436803,171.85619682132318,162.09933299863593,167.1709747314453,70250205
2024-06-07,167.1226789018243,170.45546926132343,164.32120636552713,167.70230102539062,45402104
2024-06-10,170.5520680176763,173.20864223994417,166.15664226548,167.13232421875,47647958
2024-06-11,169.44114936219302,171.95282574679086,167.7602716230211,170.21397399902344,66680300
2024-06-12,170.93848549838248,172.82223531927954,170.22363490708997,171.65335083007812,46384387
2024-06-13,172.629021832966,172.87052858279958,168.62001568188938,169.18031311035156,31750295
2024-06-14,169.73096025074096,170.60039349383896,167.3158924761419,168.86154174804688,28398761
2024-06-18,170.02077248148578,172.5324488802148,169.1030496690131,169.74063110351562,38754538
2024-06-19,170.19462134288167,170.20429104625947,165.509399469512,167.33518981933594,26756319
2024-06-20,167.30622035917693,168.2625776660129,165.86683480653784,166.4464569091797,17539484
2024-06-21,166.54307096513878,174.36789659782326,165.7702610550895,170.3299102783203,96727451
2024-06-24,170.0207672064484,174.84124767413104,168.40750374100836,170.8612060546875,50588329
2024-06-25,171.56641160547338,172.53243866464743,169.1320192890419,169.64401245117188,23352075
2024-06-26,169.7212949576987,171.22829479887451,168.28190934508692,169.09336853027344,22765762
2024-06-27,169.53775592087635,171.75962119726486,166.63967462308358,167.2869110107422,27461491
2024-06-28,168.2819166025185,169.9724640147662,167.12268703934365,167.90516662597656,23860432
2024-07-01,167.8858384656962,167.8858384656962,165.67364295516273,165.9248046875,26142598
2024-07-02,166.63967874291075,167.36419908527122,164.23426589972846,166.127685546875,19310733
2024-07-03,166.92949373180838,171.95283194157113,166.64933760491752,170.48446655273438,34748569
2024-07-04,171.80793077298466,174.078085681683,170.50378825279313,171.68234252929688,35385014
2024-07-05,172.49380085446586,184.99419419397512,172.04943663217713,181.8352813720703,224563674
2024-07-08,186.92624427823745,199.0015830559014,186.92624427823745,195.15679931640625,260960455
2024-07-09,202.67248606602504,205.99562160812033,185.67040341640404,189.1964111328125,152536043
2024-07-10,190.96424088864626,198.0355667372941,187.21606555143504,196.78939819335938,171789924
2024-07-11,200.35402607855056,201.9962840346014,194.1907828522732,198.98226928710938,121502241
2024-07-12,199.0015763368968,216.77646852131267,197.45592712938094,210.0432586669922,300609460
2024-07-15,212.91235516153696,221.22019365795316,207.2417811152686,208.97097778320312,167338162
2024-07-16,210.98031087747836,213.78179828693828,204.14085204153642,204.9040069580078,86369570
2024-07-18,204.79772222807077,204.79772222807077,194.2680339153355,198.8276824951172,94398777
2024-07-19,194.28735384117377,204.2953945792681,193.88162425265136,198.77938842773438,124381385
2024-07-22,198.77941170845065,202.092877772986,194.75108024304086,197.6298370361328,72152927
2024-07-23,199.9676033287016,201.8996574671432,158.57333751642986,187.54449462890625,167582146
2024-07-24,187.79564940838097,193.10879809240865,184.74301518535478,185.73802185058594,65395254
2024-07-25,183.5451298061113,184.89756170852175,176.78294081325456,177.32391357421875,73915719
2024-07-26,178.47350091383043,181.5164802835883,176.58975107824685,177.2080078125,50538191
2024-07-29,179.60373495043015,190.7903291849047,178.36722159114748,188.63609313964844,109648645
2024-07-30,190.11412909983775,191.56316969550664,186.92623684128557,188.8196563720703,58191861
2024-07-31,189.18673811937387,189.6794213596306,186.6364272405736,187.07113647460938,27603203
2024-08-01,188.0371737179095,189.0032008415369,181.3039634869943,183.33262634277344,35027956
2024-08-02,180.16405034725983,186.82963130040727,178.30928012325708,185.79598999023438,41362024
2024-08-05,173.91384612553048,179.29462379186714,171.95281242152842,173.2859344482422,84910762
2024-08-06,175.81692221850471,180.6470574442878,169.18032113520766,170.3685302734375,49560277
2024-08-07,175.52711174638142,176.78294985738333,171.03509186747795,176.21299743652344,46932256
2024-08-08,176.68633470427054,178.23198382055554,173.91384189510177,174.7736053466797,38021940
2024-08-09,175.90385667298315,176.19366772729245,172.918836716523,173.68199157714844,27492189
2024-08-12,173.88486658149876,181.08176505581912,173.69166412226653,178.28994750976562,64022633
2024-08-13,180.1640269058703,183.01380347185065,173.88485170539758,175.47879028320312,45899363
2024-08-14,176.64769691124744,177.07275114755012,170.69696708381423,172.97679138183594,28173960
2024-08-16,174.8509068595924,176.0584407467443,172.29094091499198,172.69667053222656,19956147
2024-08-19,174.9475156612531,175.62373169072927,173.57574419236784,174.04910278320312,17803897
2024-08-20,174.85090914087192,174.85090914087192,172.14603025028038,173.79794311523438,15629517
2024-08-21,172.9285005703665,175.2373046790679,172.62903453699906,174.39686584472656,15731941
2024-08-22,175.53151262836337,176.48190010032064,174.5132329380902,175.95822143554688,14101752
2024-08-23,175.53153721502187,181.67029385578945,174.56174971659635,177.8687286376953,31152412
2024-08-26,178.44087154021398,178.63482604972333,175.24057034107796,175.5800018310547,14596223
2024-08-27,175.58000187283673,177.732930963798,174.80416903683422,175.38604736328125,12765877
2024-08-28,175.82246098545056,177.47109662845367,175.04662809527807,175.49273681640625,13132709
2024-08-29,175.82245144142792,176.2879452311508,173.6889222076023,174.5035400390625,12705236
2024-08-30,174.92053171683256,175.96790378345872,172.6221405359968,173.22340393066406,15512791
2024-09-02,173.44647451573422,174.80417089483424,171.26445296503587,172.17604064941406,15070147
2024-09-03,172.62214388286833,173.75679327760074,171.73963386548303,173.06825256347656,10416245
2024-09-04,171.16747439480423,172.62215548031247,170.29467166261176,170.7019805908203,12223757
2024-09-05,171.361425005597,171.5069019894991,167.77321470272497,168.23870849609375,15774279
2024-09-06,168.23871731657772,168.90787300337985,163.02127106448216,164.71839904785156,21770999
2024-09-09,164.70868206155149,164.86385159098685,160.12159198125147,163.2443084716797,20754357
2024-09-10,163.8940736211628,166.648266336465,163.74861142759394,164.6214141845703,15088916
2024-09-11,165.30025244669852,165.30025244669852,160.11189895268603,160.8683319091797,11765516
2024-09-12,161.5471681788446,163.4576503196494,158.57962144579588,161.973876953125,19024067
2024-09-13,162.91459320487124,165.50392382769317,160.95561848280977,162.1969451904297,15434229
2024-09-16,162.1969416719876,162.39089619126182,158.73479357192855,159.00634765625,14572347
2024-09-17,159.04513504027807,159.3554741140235,155.35993992734947,155.74786376953125,20564052
2024-09-18,156.24246177034098,159.510640848416,153.22642211030902,153.76950073242188,23122350
2024-09-19,154.63259814355834,156.13577157479745,147.1167457851442,150.5594940185547,39913910
2024-09-20,151.28682668215325,158.36627730055375,149.90973042013914,156.55276489257812,51104236
2024-09-23,158.07534404955032,158.07534404955032,153.37186930442363,154.73927307128906,19794141
2024-09-24,155.16598810844948,155.5538971596079,153.22641325709387,153.94406127929688,14786775
2024-09-25,153.90524565933592,153.90524565933592,151.6456394142764,152.19842529296875,10610463
2024-09-26,152.1596530739605,154.71989148613915,150.1522006406007,152.11117553710938,16974098
2024-09-27,152.11115695981616,154.04102438162388,151.44200129782573,152.07235717773438,13164782
2024-09-30,151.96569253915848,154.48714586284484,150.1231022780062,153.92466735839844,17775338
2024-10-01,153.905245026714,153.905245026714,150.31703489522278,150.64675903320312,17263625
2024-10-03,148.37747182810955,148.7071959918156,146.43789703297085,147.019775390625,18663724
2024-10-04,147.0197694364903,148.80417462428395,142.4423719215199,147.47557067871094,29051138
2024-10-07,147.4755751230937,148.81387165538,138.87355093330055,139.9888153076172,35658511
2024-10-08,139.9888110319622,147.89257207973407,137.23460368921315,147.23312377929688,43656448
2024-10-09,149.9485135167497,150.98619307169363,148.37746276395055,148.84295654296875,23776424
2024-10-10,149.54121951305478,149.7351740404927,146.49608755915543,146.8549041748047,10797567
2024-10-11,146.6318664844768,150.54981625638,145.85603352786188,147.7956085205078,16029678
2024-10-14,148.86235000061498,149.49270582417668,146.4475743053261,146.77731323242188,9810920
2024-10-15,147.2816072330129,147.55314652032442,145.57478674165742,146.53488159179688,8339050
2024-10-16,146.43790874017114,148.13503682159694,145.9530150026209,146.2051544189453,12674832
2024-10-17,146.8839987064473,149.83214574272404,144.02311418252032,144.61468505859375,20798933
2024-10-18,143.52850918069143,143.9164181512575,140.92948652278565,143.21817016601562,11316090
2024-10-21,143.5285364344316,144.49832384277235,139.64938680106857,140.31854248046875,10148561
2024-10-22,139.84332683910512,140.31852794717514,132.385660073737,133.5203094482422,21418863
2024-10-23,133.82097472983776,137.09884622819033,129.36963911539456,135.207763671875,26287104
2024-10-24,134.80043637305508,136.59454881943435,133.30697042354228,134.82952880859375,12496782
2024-10-25,134.15067910800266,135.07197408429326,128.78775651789715,130.36849975585938,18714548
2024-10-28,130.36850235856787,140.97797800977168,130.02908567514768,139.14508056640625,32085342
2024-10-29,140.32823777104548,140.706454275782,136.47818050083393,139.19358825683594,17495826
2024-10-30,139.2614627680323,153.22639402597085,137.9037516638178,150.8504180908203,94008988
2024-10-31,150.70495350998422,155.0689967366955,148.09623787793072,151.248046875,55531774
2024-11-01,152.40208170538332,156.13576905850348,151.38381678887887,153.3330841064453,10418053
2024-11-04,154.1961997013364,154.42895400921907,147.12645592416698,148.6102294921875,31327165
2024-11-05,148.37747476717854,148.49384452190188,144.12010859943024,146.86460876464844,29226153
2024-11-06,148.37746892734404,150.21036648100588,147.22341957915307,149.35694885253906,18123332
2024-11-07,150.31706208314702,152.46999151099925,148.2417174308136,149.2502899169922,19226279
2024-11-08,147.40768653058942,148.13502708912853,142.55874947366215,144.05221557617188,14681163
2024-11-11,143.05333247817902,146.6318503125846,140.92951052560366,142.9466552734375,18847259
2024-11-12,144.31176858722438,146.50569750155717,141.00624961810425,141.6985626220703,13172317
2024-11-13,141.09400010796355,142.26409252756048,135.82857678051113,136.14059448242188,16372099
2024-11-14,137.47648417500665,138.6855734096438,136.02361015116972,136.17962646484375,14794085
2024-11-18,137.46671647854959,137.778749089151,134.36597052300058,134.84375,13930322
2024-11-19,136.80366413934334,143.29769752736752,136.34537555956027,141.56204223632812,36796687
2024-11-21,141.59131651366678,142.05935055981288,137.242454912685,138.1395263671875,20058952
2024-11-22,138.13952516203867,139.71914935308462,136.1601147640998,138.60755920410156,13970799
2024-11-25,145.28684563248834,146.94447780829347,142.02032335309661,142.66387939453125,23570160
2024-11-26,142.66387361288412,143.82422055248279,141.43527884782588,143.03440856933594,13248817
2024-11-27,143.0344254682713,147.91956879063721,142.2056018767696,146.73973083496094,22054792
2024-11-28,147.51003036775916,151.77112316022885,146.79822647559547,149.5771942138672,26332388
2024-11-29,149.17742700094757,149.17742700094757,145.09184127054766,145.61837768554688,18576066
2024-12-02,145.10158117052632,146.4667014273384,143.34643505664383,143.60971069335938,16680269
2024-12-03,144.3117772216751,145.5403721309389,143.84374319126988,144.5067901611328,12159196
2024-12-04,145.28683552924863,149.0896393668567,145.0040690402086,147.28575134277344,21984506
2024-12-05,147.28576690147628,148.21208948505128,145.97916389396914,147.08099365234375,11514970
2024-12-06,147.0809882427153,155.66169082037987,146.79822173420504,154.06256103515625,62323577
2024-12-09,155.42767895573652,156.93905527903473,153.81880360164936,155.232666015625,29324888
2024-12-10,155.6616883606089,155.9444548646509,151.4298469673627,152.94122314453125,16690253
2024-12-11,152.94123061193264,161.8534569431359,152.64870377649922,160.8003692626953,86849772
2024-12-12,160.79061880566996,162.74077799011005,157.33884359576595,158.67469787597656,39528508
2024-12-13,157.47535200948244,157.79713005597847,152.20016791621146,155.3496856689453,27371411
2024-12-16,156.0127385061786,158.74296440574355,154.55011908268318,154.97915649414062,19179446
2024-12-17,154.79387887934686,156.33450635692435,152.11241011135817,152.75596618652344,18045496
2024-12-18,152.11239702183474,152.97047171488302,149.23591556667952,149.5284423828125,13692945
2024-12-19,144.7993018434942,149.6649537734966,144.40927600542955,149.03114318847656,15016841
2024-12-20,148.39734706139518,150.3475060032551,144.31176169763356,144.7115478515625,16336702
2024-12-23,145.2868473857746,146.53494797169193,143.23917445778352,144.10699462890625,14758199
2024-12-24,144.10701499273313,145.97918101469836,142.9564281469045,144.17527770996094,11854675
2024-12-26,144.31177002265497,145.77438931342513,141.8935769612375,143.22943115234375,11467576
2024-12-27,143.22944290883257,144.09726316411354,142.26410874141638,142.57614135742188,8487014
2024-12-30,142.41035929005872,154.06255595801213,141.09399605672624,149.5284423828125,40675811
2024-12-31,146.2521735715285,146.93472621786813,142.05932891753955,145.32583618164062,41308416
2025-01-01,145.9694150326879,149.0799213774937,144.67255736248646,146.6032257080078,19810452
2025-01-02,146.89573855839768,148.67039060555615,146.26194275786065,148.2510986328125,14368318
2025-01-03,149.5771936249147,152.89247294681613,149.03115146986886,149.86972045898438,20331510
2025-01-06,150.05499125763896,150.06473669686073,141.19152172469998,141.7960662841797,21684925
2025-01-07,142.55664626110269,144.0972739411518,141.1915406603175,142.36163330078125,13305286
2025-01-08,142.55663105248505,142.84915790102664,138.46129980850364,140.18719482421875,16306841
2025-01-09,140.41146149448133,140.65523139290923,136.55990007502697,136.95968627929688,12452173
2025-01-10,136.22836680080084,136.90115917417702,131.87950557860447,132.3280487060547,21705766
2025-01-13,130.66065957789561,132.38655454577204,124.52740832141524,125.23921966552734,30293364
2025-01-14,126.76036272127637,133.09838085734017,126.48734159185184,132.17205810546875,30467846
2025-01-15,136.9986790542834,136.9986790542834,131.45047394191113,134.13194274902344,34455125
2025-01-16,136.51115216026915,142.11786019542308,135.7310854579321,139.41688537597656,45555802
2025-01-17,139.41687817088996,143.2391884484157,138.36379040893888,142.54689025878906,30934225
2025-01-20,143.78524421182075,144.91632523894924,141.21103466566075,143.04417419433594,32579099
2025-01-21,142.94665919283128,142.94665919283128,137.8372373086945,138.84156799316406,21897756
2025-01-22,138.948842420935,139.19261231991908,133.3031381070182,136.75491333007812,19198201
2025-01-23,135.5360511975187,140.80147457320356,134.66823103319388,137.84698486328125,17671282
2025-01-24,138.07128068295316,139.61189339546326,135.53606770963265,137.1741943359375,15843304
2025-01-27,135.53606101021532,135.72132851014717,132.42555478344428,133.63465881347656,15984361
2025-01-28,134.5609899811474,136.69641676793546,131.36272996028404,134.38548278808594,23224966
2025-01-29,135.24352361230092,138.7050588114207,134.99975373741268,138.19801330566406,19560159
2025-01-30,139.24136630835068,145.48186963795212,138.31504368765675,144.53604125976562,40194969
2025-01-31,145.4623630089832,148.76789703235926,142.6151324520022,147.1785125732422,50647026
2025-02-01,148.11458779116467,151.64438612020803,135.68232268110623,137.70074462890625,76893891
2025-02-03,133.91742565319052,135.770085778255,130.12436669043535,133.4298858642578,36236290
2025-02-04,136.51112826704033,136.70614118885823,132.70832421672853,134.4049530029297,21695745
2025-02-05,134.54147851313232,136.60865737440938,134.07344447296165,134.4927215576172,13087044
2025-02-06,134.4927099862534,135.2435253766935,132.22078781576374,132.9130859375,11527600
2025-02-07,132.60105901556773,132.80581736693776,129.68556612020308,130.10484313964844,16860473
2025-02-10,130.1731138687544,131.14819337338926,127.3648801342756,127.78417205810547,13464523
2025-02-11,128.06694944175052,128.36922173328736,122.37248822202777,123.10379791259766,20569801
2025-02-12,122.86002236779038,123.93260837679874,116.31723952964623,122.2262191772461,36495363
2025-02-13,122.46999648620088,125.59025567521468,122.22622658577481,123.41582489013672,15469045
2025-02-14,124.03011530466107,124.76142496433305,117.98462509374599,118.71593475341797,18631299
2025-02-17,117.71160391446142,119.76902235045776,114.94237413702469,118.74518585205078,22536906
2025-02-18,118.76469468438343,119.14497512180682,114.91312591664216,116.29773712158203,17608523
2025-02-19,115.25440120859302,122.70400846428122,114.28907452557706,121.17313385009766,33285812
2025-02-20,120.60759227327443,122.84052534202576,119.34973875737872,121.67042541503906,13856925
2025-02-21,121.68993047968901,124.42014874859022,120.65634110084174,121.99220275878906,25318595
2025-02-24,121.29014544223263,122.0312079881938,119.44724567552304,120.39307403564453,13838044
2025-02-25,120.32481162109531,122.24571942371571,119.74951084847419,120.18830108642578,13266198
2025-02-27,120.42232194371311,120.90986170866742,116.52200382407868,117.3605728149414,18748431
2025-02-28,116.02471092024379,116.45374829300523,108.9163802704631,109.61843872070312,28927630
2025-03-03,110.1742366379033,112.97271763384597,105.34759582505835,108.36058807373047,42918659
2025-03-04,108.42884813424732,112.47542994679773,107.25875559437905,111.73436737060547,42337061
2025-03-05,112.23165569007953,115.38116593715984,111.80262574306157,114.7961196899414,21555437
2025-03-06,116.5317586114764,118.35515260114708,115.83945302661144,117.5848388671875,23206624
2025-03-07,117.97487100460323,121.87518914949447,116.91203788096827,120.34431457519531,31222210
2025-03-10,121.00737219613185,122.29447692082437,115.4981711811672,116.76577758789062,21456437
2025-03-11,115.05938943101857,117.59459482893342,113.66502534627539,116.32699584960938,17046285
2025-03-12,117.20456415150993,118.1796437449144,115.07889034031751,116.22948455810547,13097183
2025-03-13,116.46350749120295,117.00954967579126,114.08431093389648,114.75711822509766,11472966
2025-03-17,115.06914081445184,116.73652596725118,114.6791075030871,115.81019592285156,13318439
2025-03-18,115.81019592285156,115.81019592285156,115.81019592285156,115.81019592285156,0
2025-03-19,119.44724542590674,125.29772275288992,119.20347553728244,124.91744232177734,28681078
2025-03-20,127.24788360294048,128.564246970936,124.81018468334392,125.31723022460938,28721000
2025-03-21,125.59195932684335,128.14305198936117,124.6107721446024,127.22073364257812,18904126
2025-03-24,128.24115208447,132.0677907905926,128.0449176571187,130.30165100097656,25775174
2025-03-25,131.57720350304496,131.85193470876698,126.43577741989547,126.97543334960938,24206199
2025-03-26,127.5052665558072,128.86911608910208,124.65982982271726,125.97461700439453,23494814
2025-03-27,125.09154196546167,126.75956453608055,121.36303545663691,122.00080108642578,25596858
2025-03-28,123.58051502573036,126.7693731723381,121.66720313211117,122.07929992675781,22400674
2025-04-01,120.49959080406954,122.85444144771988,120.05805958345053,122.04005432128906,17763188
2025-04-02,122.40309711636064,125.3859069544137,120.1954260260856,125.08174133300781,15024892
2025-04-03,122.84462544186496,127.06373308697486,122.80538454430163,126.73013305664062,16348518
2025-04-04,125.21910047070149,126.28859830298076,121.76531768458266,122.49139404296875,15394108
2025-04-07,110.87414702158829,121.71626793264664,110.87414702158829,120.11692810058594,23552525
2025-04-08,124.12017369213625,124.30660164493683,120.88225312321325,122.06949615478516,12601581
2025-04-09,122.05968297955437,122.3442281514102,120.19542589703975,120.74488830566406,9175006
2025-04-11,123.62958198589985,124.02205834651994,121.07849687066518,121.77513885498047,9778310
2025-04-15,123.42353275707677,126.0825490408804,122.64839400863852,125.85688018798828,14463246
2025-04-16,126.5731425799437,127.49546089809571,125.61158336328063,126.63201141357422,14424393
2025-04-17,127.5445282079467,128.53552187994697,125.74895385377972,127.04411315917969,18564617
2025-04-21,127.55433745296281,129.61483658512523,126.16105340969942,128.95742797851562,15830027
2025-04-22,129.6638835287244,130.98849224801376,128.05473710671907,129.8208770751953,14637811
2025-04-23,130.49789078700078,132.56819626978395,126.79881104403736,131.83230590820312,27531889
2025-04-24,132.46026590458877,135.07022732970128,130.49789159489117,130.9099884033203,28862676
2025-04-25,130.97867745700992,131.61644311296394,123.84544271635731,126.37690734863281,30370205
2025-04-28,125.5919521135349,127.16185750364504,123.2665359302718,124.7775650024414,27138997
2025-04-29,126.17085049685431,127.0637343857526,124.3066009231289,124.54208374023438,14094746
2025-04-30,124.60095286300937,124.85606361555452,121.1766118390647,122.12836456298828,11616287
2025-05-02,122.00080657494078,124.46358841621405,121.66720653732729,121.95175170898438,11822797
2025-05-05,122.5110235608379,123.5216450897602,121.77513322589094,122.658203125,10504976
2025-05-06,122.89368983738937,123.43334576116057,117.7522712967213,118.10549926757812,14448874
2025-05-07,114.78908142207489,119.60671387308892,114.49472977156876,118.96894073486328,16855633
2025-05-08,120.19542401189914,121.1177423140791,115.78008190533959,116.70240020751953,10641245
2025-05-09,113.3271146208744,115.5347856849174,112.17912746417934,114.22980499267578,18637874
2025-05-12,120.19542308648852,123.58051568110945,118.60589724545422,123.16841888427734,20291533
2025-05-13,123.33522128850758,123.7276976441779,120.9803781262134,122.41291046142578,14659708
2025-05-14,122.6483886632698,127.82905540266815,122.35402953613253,127.51508331298828,30886094
2025-05-15,128.14303812692796,129.32045962389876,126.92636076274638,127.78981018066406,23535264
2025-05-16,128.33928069803042,137.58206174522059,127.554327992959,136.00234985351562,85471529
2025-05-19,137.3662116781874,140.90829816390126,136.97374277636987,138.82818603515625,56293569
2025-05-20,139.3285809460806,139.77011218712744,133.58862989728664,134.1381072998047,28836535
2025-05-21,134.13809354232305,136.68917099102117,133.03915382172482,135.48231506347656,19235116
2025-05-22,134.42264414080014,136.38501850781913,132.69576008764562,134.25584411621094,14976845
2025-05-23,134.42264499727494,135.15853538959578,132.0579802767358,134.1381072998047,15543948
2025-05-26,134.13809543011678,138.34738151415786,133.9418460321477,137.5428009033203,26058857
2025-05-27,137.5624373062542,138.2394588444369,135.501953246272,137.0227813720703,17277004
2025-05-28,137.5526265027981,139.02440720157105,137.17977060148945,137.69979858398438,15877254
2025-05-29,138.24925335063955,139.56405541413906,136.5812383117921,137.3269500732422,15888843
2025-05-30,137.46432697475927,138.7398583041713,135.25665586684596,136.33595275878906,13735089
2025-06-02,136.18878169281027,140.65318629434617,135.60988485783986,139.34820556640625,26058034
2025-06-03,140.11353285155172,141.58531362736272,137.8567993342959,138.1609649658203,23097654
2025-06-04,138.16095421113735,144.02844892188415,136.3850079420446,142.2230682373047,60460703
2025-06-05,144.62696659601295,145.21568482046214,141.42830217154588,142.53704833984375,33141212
2025-06-06,142.6646005625936,144.72509949322188,141.19281988978116,143.65560913085938,25330188
2025-06-09,144.47981969170726,146.14783498921818,144.0186604956321,144.19528198242188,22597836
2025-06-10,144.92133614383496,145.02926732703176,142.2917618211895,142.497802734375,14830978
2025-06-11,143.15520004902666,144.90171198869172,141.75210960259835,142.7136688232422,15754001
2025-06-12,142.8019731944086,143.43975383374797,137.4741340828025,137.82736206054688,17973178
2025-06-13,133.45125406419086,137.08165836551828,133.45125406419086,135.7276153564453,16264194
2025-06-16,134.7660562358366,137.65073377772632,133.00972291579464,137.3073272705078,13765113
2025-06-17,137.36618890187978,138.0333889186888,134.91322124291764,135.2370147705078,8450765
2025-06-18,135.15853978934976,135.94349256105653,133.14710299051637,133.46109008789062,9407593
2025-06-19,133.44144971747895,134.13809916753468,129.08497646357898,129.86012268066406,13365251
2025-06-20,129.8601210424645,133.53957273458124,129.81105869222415,131.67530822753906,19220459
2025-06-23,129.7620039876927,134.78567753637665,129.56576954689626,134.40301513671875,18533609
2025-06-24,135.60004922589556,137.51336100600375,135.43324922165294,136.01214599609375,13635905
2025-06-25,136.13970955606624,138.67117406009436,136.09064720692587,136.9442901611328,11326924
2025-06-26,136.94428805528634,137.68017836589496,135.60005157380047,137.23863220214844,11721046
2025-06-27,137.8567996110911,139.62293953995606,137.02278451443232,137.3563995361328,12347443
2025-06-30,137.55261798575515,140.10369538929976,137.46431474251096,139.0538330078125,11927422
2025-07-01,139.38744458804968,140.4569349918225,138.07265739597696,138.83798217773438,8315552
2025-07-02,138.8379794648516,139.91729130097255,136.77748049470344,137.6703643798828,8089405
2025-07-03,137.67036312407228,138.81835026380506,136.6499351015523,137.07183837890625,6716053
2025-07-04,137.12089869376487,137.8273546110702,135.7079868591542,136.62049865722656,6596356
2025-07-07,136.5518074515587,137.3661945443934,135.64911711258847,135.93365478515625,5321322
2025-07-08,135.9336518948973,136.76766690416034,134.22639595233673,135.6000518798828,6423737
2025-07-09,135.6000659191784,136.3850186612145,134.5600098989651,135.0015411376953,5698153
2025-07-10,135.0113452725768,136.32613233808635,134.1969582172078,134.55018615722656,5710273
2025-07-11,134.4226283061368,134.78566273031768,132.4602541702808,132.7349853515625,6923282
2025-07-14,132.70555833616734,132.85273041587143,131.1847153017401,131.58700561523438,8056755
2025-07-15,131.76362479463486,134.0007454235766,131.28285264017018,132.74481201171875,10150376
2025-07-16,132.74480089878838,133.9320439196287,132.47989115199778,132.90179443359375,7455169
2025-07-17,133.44145391339126,133.5395786181952,131.88136992041262,132.37196350097656,6635586
2025-07-18,132.45045670751142,132.88216647054307,131.18471691953764,131.32208251953125,6410155
2025-07-21,131.48888932396167,132.65650447004936,130.2133579603405,131.8421173095703,6919490
2025-07-22,132.49950322925397,132.58782144932127,128.05472673541806,128.30984497070312,16445046
2025-07-23,131.19454232435555,134.2264070687872,130.53713374916273,132.31309509277344,53101661
2025-07-24,132.50933438263797,135.4038336289103,131.82250633683702,133.09803771972656,23012532
2025-07-25,132.9508633009882,132.9508633009882,128.51589304159458,129.546142578125,11164552
2025-07-28,129.46763752736715,131.92060532808168,128.0841600945496,128.45701599121094,10349292
2025-07-29,128.53552486564027,130.262408970196,127.92719358471027,129.73257446289062,7163091
2025-07-30,129.73255912133504,131.32207742701098,128.23134406114625,128.927978515625,7578162
2025-07-31,127.64263757496121,127.78982463606128,124.61077276007651,125.9255599975586,11606740
2025-08-01,125.92555652243416,126.64183392888535,123.99262410534071,124.50283813476562,8796099
2025-08-04,125.02287099668116,127.63283253707971,124.91493980601119,127.29923248291016,10135790
2025-08-05,127.28940440086355,128.14304739961315,125.48402364341896,125.94518280029297,5972558
2025-08-06,125.94518038951664,126.54370513665852,124.30659968183613,125.12097930908203,6331289
2025-08-07,124.61076705722772,125.54289184795594,121.76532284772455,124.85606384277344,9602587
2025-08-08,125.44476913684412,125.44476913684412,122.64838740126791,122.9231185913086,6290179
2025-08-11,122.92312162739256,125.09154427190134,122.20685921936172,124.43415069580078,11782258
2025-08-12,124.61076577569398,125.29759377381293,122.55027429547336,122.67782592773438,11311712
2025-08-13,122.74651501483442,124.24773020609193,122.55028057271002,123.28617095947266,6384343
2025-08-14,123.2861654737578,123.97299347649633,121.87325359856565,122.15779876708984,4332376
2025-08-18,123.08011529608763,124.35565406645395,122.15779700355628,122.42271423339844,6007654
2025-08-19,123.05068596191302,124.59114951160417,121.71627081857831,124.41453552246094,7350713
2025-08-20,124.94436534486198,125.3172212446295,123.44315023605661,124.3458480834961,8412432
2025-08-21,124.41453137077826,126.1316088523142,122.81519155416628,123.08011627197266,10920060
2025-08-22,123.08012175294941,123.82581861688747,122.50121742645993,122.62877655029297,4942149
2025-08-25,122.69746070231017,123.58052318172894,121.8634456048482,122.02043914794922,5148749
2025-08-26,121.91249981272732,122.26572777523891,118.82175888368263,118.91987609863281,9390576
2025-08-28,118.91988005163194,119.34179082721971,115.97631859009783,116.34917449951172,10301130
2025-08-29,116.76127171819442,117.39904486760945,115.12269096211786,115.88801574707031,8881411
2025-09-01,116.17256080457516,118.62552869535646,116.00576078460938,118.27230072021484,7840427
2025-09-02,118.92969652321648,123.55108721682238,118.34098571568744,120.67620849609375,21014216
2025-09-03,121.32379449647802,121.8928848490061,120.38185571601637,121.25511169433594,7336041
2025-09-04,121.75550871377118,122.21666786770476,118.92969244305947,119.34178924560547,7730498
2025-09-05,119.95012411515924,121.38265639647223,119.44971659336095,121.13735961914062,6947411
2025-09-08,121.76531943502084,123.28616245712534,121.24529146197689,122.22647857666016,7882195
2025-09-09,122.55027563766328,123.4529660124671,121.46115731024378,122.4717788696289,7614264
2025-09-10,122.74651417383208,124.87568854833646,122.69745930656914,123.80619812011719,8948090
2025-09-11,123.93374364578374,124.40471676063734,123.04086725264752,123.16841888427734,4767008
2025-09-12,123.60995834363463,124.11035839178246,122.99180565871924,123.85525512695312,5840841
2025-09-15,123.82581594245795,127.89775161794897,123.63939547343185,125.76856231689453,22257294
2025-09-16,126.03348998674191,126.85768362283127,125.10136516223172,126.53390502929688,6998422
2025-09-17,127.01467217502847,128.04492166553345,126.37690652323982,126.89693450927734,9413241
2025-09-18,127.46602749412804,128.38834581960882,126.18067471055596,126.85768127441406,7532604
2025-09-19,126.85767638554243,127.92718172677993,126.38671075917848,127.25016021728516,8686534
2025-09-22,126.81843747985664,127.9860525685712,125.84705682423157,126.12178802490234,6577881
2025-09-23,125.81762025098824,126.50444824089101,124.61076428503571,124.89530944824219,5860471
2025-09-24,124.90512386184271,125.31722065725701,122.95255609553759,123.22728729248047,4543381
2025-09-25,123.08991855595148,125.10135510293226,121.28453788728835,121.74569702148438,6416171
2025-09-26,121.74569796710315,121.96156032826418,119.2731022667213,119.61652374267578,5997139
2025-09-29,120.8135712330673,122.25591754307814,120.19542602271859,121.92231750488281,10555581
2025-09-30,123.62957810764705,123.62957810764705,120.24448551094981,121.1864242553711,10100674
2025-10-01,121.17660768947428,123.60014104100195,121.17660768947428,123.17823028564453,8723744
2025-10-03,123.17823337156545,124.78737966815716,122.65820538967303,123.4823989868164,6051511
2025-10-06,123.47259142744167,123.87488176539954,122.1970525819699,122.88388061523438,5113099
2025-10-07,123.13898492672288,125.09154522115257,122.69745371216777,124.68926239013672,9672645
2025-10-08,125.13079334445212,125.13079334445212,121.6672039773512,121.96156311035156,12875915
2025-10-09,122.56009310790607,122.99181037270597,121.48078123124621,122.71707916259766,5774638
2025-10-10,122.7170727132077,124.8069985824363,122.3736587186204,124.12017059326172,7690307
2025-10-13,122.69745346650471,123.72769546035846,122.34422550122235,123.13898468017578,6065989
2025-10-14,123.13898827804647,124.10055498626872,121.66720754165547,122.17742156982422,6665155
2025-10-15,123.04086878242238,126.09235389907303,121.96156442621576,122.53064727783203,17482919
2025-10-16,123.13898964966693,123.35485202448028,122.05968526146415,122.37366485595703,9719465
2025-10-17,122.3736647494599,122.8151959805655,120.40147644640258,121.19623565673828,10002889
2025-10-20,121.63777477180184,123.20767274803794,121.27473282366498,122.71707916259766,6729809
2025-10-21,123.2665381515399,123.62958008957105,122.64839294600301,122.8446273803711,2109920
2025-10-23,123.44315277778479,123.60014631478548,122.55027636515089,122.7563247680664,5009833
2025-10-24,123.45885889288692,123.5874976274735,122.25168552836024,122.42979431152344,6026631
2025-10-27,122.57821453159694,123.34012727774338,122.0142046314984,122.1527328491211,5375514
2025-10-28,122.49906398331915,122.74643688510353,121.31166952522095,121.4798812866211,5615629
2025-10-29,121.83609485631688,124.08224495810386,121.35124609857064,123.77549743652344,9132825
2025-10-30,123.87445116966977,124.92330981054603,122.26157509071302,122.64747619628906,5922925
2025-10-31,122.6969575476251,123.1917033441881,121.80641360396734,122.01420593261719,4768709
2025-11-03,121.95483698970986,122.3704216406608,121.42051063167797,121.80641174316406,5128145
2025-11-04,121.98452414285416,122.20221350434062,120.52008079158095,120.95545196533203,5224892
2025-11-06,120.81692424323556,120.96534949479134,118.78847096937955,118.98636627197266,6360660
2025-11-07,118.73899235413467,120.58934436937312,117.15580729925725,120.08470153808594,5976333
2025-11-10,120.5200752895204,120.94555696321363,119.27331380742977,119.50089263916016,4329426
2025-11-11,119.72847894052485,120.5695452579487,118.27392513725626,120.33206939697266,5425772
2025-11-12,120.4903875356432,121.94494138013059,119.97585523074416,120.3122787475586,6989819
2025-11-13,120.31227893199517,120.56954885944994,119.37226494018752,119.48110961914062,4559201
2025-11-14,119.41184639285468,120.708077970964,119.13478995318751,119.7383804321289,5135998
2025-11-17,119.83732249525528,122.20220670116191,119.76805838856761,121.21271514892578,9945324
2025-11-18,121.21271537552856,121.45019123472719,119.43162755848527,119.55036926269531,4555639
2025-11-19,119.55037169746471,119.86700869925201,118.54109361339948,119.5800552368164,4336986
2025-11-20,119.58005859323887,120.31228026494524,118.73899224137351,118.81815338134766,4766481
2025-11-21,118.81814883689376,119.13478583545809,117.74949613578106,117.83854675292969,4944515
2025-11-24,117.8979259294997,118.19476888067074,115.34503578363098,115.67156982421875,8220860
2025-11-25,115.79030106269562,116.30484091049443,114.43470243319453,115.51324462890625,7566496
2025-11-26,115.62208679845767,117.33391051184266,115.43408853630501,116.83916473388672,4487936
2025-11-27,117.42296659831497,118.16508529981995,116.36421088613673,116.72042846679688,5097254
2025-11-28,116.66106009888333,116.80948534739056,115.59240736869722,116.33452606201172,4191955
2025-12-01,116.33452501597145,117.64065360249184,115.51324519094152,115.85956573486328,5036657
2025-12-02,115.6814658132981,115.77051643308172,114.87997248913675,115.19660949707031,4302586
2025-12-03,115.89914543586497,116.36420768388543,113.01972887886025,113.50457763671875,9455659
2025-12-04,113.50457633827635,114.68207371454139,113.1978363693555,113.64310455322266,5895759
2025-12-05,113.97954066827744,113.97954066827744,112.55467033791894,113.39573669433594,5063577
2025-12-08,113.39573174306615,113.73216280047626,109.33881783984822,110.18978118896484,8555323
2025-12-09,110.22936462189614,112.67341005676235,108.74512723708395,112.4458236694336,9736504
2025-12-10,112.43592355403985,113.92016089811834,110.82305502452762,111.02095031738281,4960130
2025-12-11,111.0209528102994,112.40624253905625,110.35799526020449,112.09950256347656,5799050
2025-12-12,112.09950255267475,112.90098832064596,111.44643448305251,112.62393188476562,5141588
2025-12-15,111.86202596863794,112.41613883684465,111.3178025807766,112.05992126464844,4518917
2025-12-16,111.81254896084324,112.07970836679125,110.32831158525683,110.83295440673828,4101452
2025-12-17,110.82305780468228,111.31780359845318,109.55650978050424,109.91272735595703,4984147
2025-12-18,109.83356703704908,111.0209539312744,108.54722494395348,109.64556121826172,6400519
2025-12-19,109.9226193806105,113.28689236596487,109.68514350788604,112.78225708007812,8954745
2025-12-22,113.32647001913463,116.56211172956198,112.89109130599536,115.77051544189453,16841326
2025-12-23,116.56211455452244,123.171918804307,115.58251242621779,120.12428283691406,55006061
2025-12-24,121.21272176598036,122.53863689473276,119.2733191236313,120.21333312988281,27580407
2025-12-26,120.85650334531869,133.17567073801118,120.57944690536551,132.23565673828125,163985127
2025-12-29,133.58136645205133,135.7285614195044,124.42856912107744,125.02226257324219,80360842
2025-12-30,125.02226140881095,125.33889841696451,122.36053415406502,123.28075408935547,29253088
2025-12-31,123.63696653858712,126.16017301864866,123.082853684609,123.31044006347656,27013969
2026-01-01,123.99318799577601,124.8936289609912,122.70685346589649,124.46814727783203,16340819
2026-01-02,125.12120846442693,127.5949374380156,124.27024509357469,127.12987518310547,25385604
2026-01-05,127.64441448491989,127.96105903942214,125.22016312098025,126.25912475585938,15730837
2026-01-06,126.65491988596088,128.38653011877676,124.67593676274274,125.88311767578125,14799487
2026-01-07,126.16017734112607,127.2783076659258,125.45763922027034,126.69449615478516,10932461
2026-01-08,126.69449900266402,127.64441759084133,122.50895372317974,122.96411895751953,13165701
2026-01-09,122.92454116911743,123.66665984725954,119.33268193540778,119.9758529663086,14904914
2026-01-12,119.97585111176824,121.79651195037412,117.99686800064629,121.34134674072266,16531719
2026-01-13,121.80641234402418,122.53863400158137,119.01604638224075,120.05501556396484,11459758
2026-01-14,120.05501256493838,121.9944151130508,119.3821580034119,120.72786712646484,11544717
2026-01-15,120.72786712646484,120.72786712646484,120.72786712646484,120.72786712646484,0
2026-01-16,121.10387063281465,122.5881079631123,120.31227437030066,120.90597534179688,11686581
2026-01-19,120.93566042573316,121.36114210115709,118.49161504940649,119.62953186035156,19879572
2026-01-20,120.17374753306967,120.17374753306967,114.27637871238556,114.90965270996094,33802202
2026-01-21,114.90965590298583,115.92883858446235,112.70309387958838,113.93006134033203,23802894
2026-01-22,115.27576617489386,118.08591856789158,114.3951192947487,115.79029846191406,17626259
2026-01-23,116.31473513303618,117.04695676884054,112.52498067133685,112.9504623413086,15938677
2026-01-27,113.74205553686262,114.18733128301548,111.426648834066,113.40563201904297,18230496
2026-01-28,113.96963873979146,119.61963466909904,113.96963873979146,118.88741302490234,23452463
2026-01-29,119.72847959114681,120.31227599197317,117.05685538028918,118.79835510253906,19681289
2026-01-30,118.64004110646596,119.9758532201032,117.00737850125529,118.83793640136719,19011603
2026-02-02,113.78163422969803,114.58312753986426,110.3579942820657,113.7222671508789,26935344
2026-02-03,118.53119444751027,118.53119444751027,113.64310374312494,113.91027069091797,17141510
2026-02-04,114.38522298377437,115.42419214289463,113.30668080551449,114.78102111816406,14878650
2026-02-05,114.78102267408717,115.27576846147548,113.05930944775791,113.50457763671875,10242128
2026-02-06,113.29678588186955,113.76184813222955,111.4068533409124,113.32646942138672,13107658
2026-02-09,113.78163293038021,114.78102152467883,113.49467947066192,113.86079406738281,9623210
2026-02-10,114.23679944262477,115.47366391276675,113.70248063483847,114.24669647216797,12744272
2026-02-11,114.24670099357435,114.58313206836274,112.4260400450976,113.12857818603516,10515387
2026-02-12,112.99993262808485,112.99993262808485,111.61465048964344,112.33697509765625,10863707
2026-02-13,111.61465293564481,111.6641229849753,109.88304267542387,110.2689437866211,13084758
2026-02-16,110.26894080754757,112.228129850046,109.40808044086103,111.99065399169922,13966955
2026-02-17,111.81254748114848,112.26771269773154,111.12979588166314,111.80265045166016,8157349
2026-02-18,111.79275910803923,112.55466428306718,110.85273760207636,112.1192855834961,8573114
2026-02-19,112.11929093091405,112.61403673157888,109.58619484726107,110.2095718383789,9987523
2026-02-20,110.02157112923163,111.61465317600329,109.40808363228386,110.70431518554688,11560506
2026-02-23,110.82305518624956,111.31780096833103,109.63566832894264,110.7142105102539,9897270
2026-02-24,110.16999076308011,110.3876801222496,107.90406164974395,108.28996276855469,13884700
2026-02-25,104.87620827845176,104.87620827845176,103.30292032246065,103.46123504638672,56904412
2026-02-26,103.30292121835903,104.18356811002072,101.46246629777535,102.14521789550781,22825499
2026-02-27,101.9176296551278,103.46123405745462,100.660978708222,102.46185302734375,19027229
2026-03-02,96.47542830288897,100.28496934654335,96.17857781149914,98.29608917236328,27730177
2026-03-04,97.12849808895878,97.59355279486911,95.00108966081304,96.71290588378906,32963143
2026-03-05,97.17796714279064,98.20703929165258,95.98068323718186,97.81124114990234,16588277
2026-03-06,98.26640611757374,102.01658010112912,97.7221902796379,98.42472839355469,35489993
2026-03-09,96.08952777305076,96.92069707519984,94.26885934337594,96.54469299316406,16395706
2026-03-10,98.35546370865994,100.05739041937204,97.07901867562586,99.65169525146484,14800530
2026-03-11,99.93864913671383,100.72034838735314,97.95966598549178,98.20703887939453,12809686
2026-03-12,97.88050355464746,99.83970017013421,96.22805445701876,98.8699951171875,14255322
2026-03-13,98.69999694824219,99.68000030517578,97.0,97.19999694824219,11414655
2026-03-16,96.9000015258789,97.12999725341797,94.31999969482422,96.44000244140625,16521257
2026-03-17,96.44999694824219,97.2300033569336,95.73999786376953,96.73999786376953,9737324
2026-03-18,97.19999694824219,98.69999694824219,96.80999755859375,98.25,10580589
2026-03-19,96.30000305175781,96.98999786376953,94.72000122070312,95.04000091552734,11287455
2026-03-20,95.5,97.26000213623047,94.4000015258789,94.69000244140625,14353015
2026-03-23,93.5,93.6500015258789,89.19999694824219,89.44999694824219,17225370
2026-03-24,91.98999786376953,93.19999694824219,91.0,92.87000274658203,22201895
2026-03-25,93.98999786376953,96.3499984741211,93.80000305175781,95.23999786376953,17788550
2026-03-27,94.80999755859375,94.88999938964844,91.91000366210938,92.44999694824219,20674836
2026-03-30,91.44999694824219,91.5,87.0,87.2300033569336,25658445
2026-04-01,90.83000183105469,92.77999877929688,89.41000366210938,91.98999786376953,20132244
2026-04-02,90.0,92.19000244140625,88.5999984741211,91.83999633789062,19173192
2026-04-06,91.80000305175781,92.98999786376953,89.3499984741211,92.72000122070312,17311052
2026-04-07,92.69999694824219,93.58999633789062,91.58000183105469,92.93000030517578,16955456
2026-04-08,97.80000305175781,99.3499984741211,96.29000091552734,98.91000366210938,22586509
2026-04-09,99.0,99.5,97.0999984741211,98.48999786376953,16170504
2026-04-10,98.9000015258789,102.19999694824219,98.66000366210938,100.26000213623047,20758984
2026-04-13,97.16999816894531,99.2300033569336,96.25,98.91999816894531,16069563
2026-04-15,101.0,102.4000015258789,100.5999984741211,101.72000122070312,18343826
2026-04-16,103.13999938964844,104.80000305175781,102.30000305175781,103.23999786376953,21466219
2026-04-17,103.75,106.77999877929688,103.25,104.83999633789062,32766513
2026-04-20,105.13999938964844,105.13999938964844,102.30000305175781,103.0199966430664,15091460
2026-04-21,103.0199966430664,104.08999633789062,102.95999908447266,103.61000061035156,9274364
2026-04-22,103.11000061035156,106.66000366210938,102.98999786376953,105.81999969482422,21953698
2026-04-23,106.0,108.37999725341797,104.55000305175781,105.05999755859375,41805252
2026-04-24,105.05000305175781,105.77999877929688,103.01000213623047,103.91999816894531,14644667
2026-04-27,104.75,106.22000122070312,104.41000366210938,105.56999969482422,13917554
2026-04-28,105.58000183105469,106.75,104.77999877929688,105.13999938964844,13405170
2026-04-29,105.51000213623047,106.0,104.7699966430664,105.08000183105469,9523095
2026-04-30,105.05000305175781,105.06999969482422,103.0999984741211,104.20999908447266,8356443
2026-05-01,104.20999908447266,104.20999908447266,104.20999908447266,104.20999908447266,0
2026-05-04,104.80000305175781,105.66000366210938,103.31999969482422,104.41000366210938,10793514
2026-05-05,104.41000366210938,106.63999938964844,104.0,105.81999969482422,20280569
2026-05-06,106.45999908447266,106.94999694824219,105.0,106.73999786376953,12144328
2026-05-07,107.2699966430664,107.66000366210938,106.30999755859375,106.7699966430664,11251343
2026-05-08,106.66999816894531,106.9000015258789,105.6500015258789,106.02999877929688,6764649
2026-05-11,105.1500015258789,105.1500015258789,102.80000305175781,103.08000183105469,8606056
2026-05-12,102.45999908447266,103.05000305175781,99.16999816894531,99.36000061035156,10677665
2026-05-13,99.5,101.97000122070312,99.5,101.4800033569336,11227661
2026-05-14,102.29000091552734,103.62999725341797,99.58000183105469,100.19000244140625,18308366
2026-05-15,100.58000183105469,100.93000030517578,98.5,98.86000061035156,13415868
2026-05-18,98.0,98.0199966430664,95.16999816894531,97.66000366210938,13047543
2026-05-19,98.0,98.4800033569336,96.9000015258789,97.22000122070312,8673912
2026-05-20,96.19999694824219,97.30000305175781,95.6500015258789,97.12999725341797,6536277
2026-05-21,98.0,98.52999877929688,97.55999755859375,98.16999816894531,8098653
2026-05-22,98.16999816894531,98.41000366210938,97.4000015258789,98.19000244140625,6016639
2026-05-25,99.0,101.08000183105469,98.98999786376953,100.44999694824219,13515986
2026-05-26,100.5,100.83000183105469,99.0,99.27999877929688,8488045
2026-05-27,99.19999694824219,99.94000244140625,98.83000183105469,99.19000244140625,6755352
2026-05-28,99.19000244140625,99.19000244140625,99.19000244140625,99.19000244140625,0
2026-05-29,99.23999786376953,100.13999938964844,97.0199966430664,97.51000213623047,9652408
2026-06-01,98.19999694824219,98.4000015258789,96.0999984741211,96.2699966430664,7942957
2026-06-02,95.69999694824219,97.0,94.55000305175781,96.66999816894531,7592689
2026-06-03,96.66999816894531,96.72000122070312,94.63999938964844,95.75,9801364
2026-06-04,95.23999786376953,96.6500015258789,95.19999694824219,96.05999755859375,6298168
2026-06-05,96.5,97.68000030517578,95.80000305175781,96.47000122070312,8112711
2026-06-08,95.87000274658203,95.87000274658203,94.33999633789062,94.69999694824219,6307285
2026-06-09,95.20999908447266,96.19999694824219,95.0,96.01000213623047,6794999
2026-06-10,97.0,98.0,94.5,94.80000305175781,14178158
2026-06-11,94.29000091552734,94.30000305175781,92.66999816894531,93.33000183105469,9304606
2026-06-12,94.43000030517578,96.0999984741211,93.91000366210938,95.88999938964844,9874699
2026-06-15,97.41999816894531,98.80000305175781,96.8499984741211,97.08000183105469,10848353
2026-06-16,97.75,98.25,97.05000305175781,97.62999725341797,6900639
2026-06-17,97.88999938964844,100.97000122070312,97.51000213623047,100.44000244140625,19849822
2026-06-18,100.5199966430664,100.80000305175781,99.41000366210938,100.12999725341797,10858323
2026-06-19,99.01000213623047,100.80000305175781,98.83999633789062,99.51000213623047,13152144
2026-06-22,99.8499984741211,101.19999694824219,99.8499984741211,100.9000015258789,10258970
2026-06-23,100.9000015258789,101.0,98.19999694824219,98.66999816894531,9887408
2026-06-24,94.0,94.75,91.91000366210938,92.5,80616106
2026-06-25,91.01000213623047,92.25,91.01000213623047,91.7699966430664,50633854
2026-06-26,91.7699966430664,91.7699966430664,91.7699966430664,91.7699966430664,0
2026-06-29,91.80000305175781,92.19000244140625,90.3499984741211,90.61000061035156,19510430
2026-06-30,90.94999694824219,91.4000015258789,90.19000244140625,90.52999877929688,21360621
2026-07-01,90.9800033569336,91.91999816894531,90.44999694824219,91.18000030517578,13666959
2026-07-02,91.5999984741211,91.88999938964844,90.44999694824219,90.83000183105469,11833722
2026-07-03,91.4000015258789,91.58999633789062,90.30000305175781,90.56999969482422,11864556
2026-07-06,90.5,90.54000091552734,89.5999984741211,90.23999786376953,7950908
2026-07-07,90.61000061035156,90.61000061035156,89.6500015258789,89.91999816894531,6905670
2026-07-08,89.48999786376953,89.48999786376953,86.93000030517578,87.5,14036436
2026-07-09,87.70999908447266,88.58000183105469,87.55000305175781,88.12000274658203,6991080
2026-07-10,88.41000366210938,90.0,88.30999755859375,89.9000015258789,9078755
2026-07-13,89.9000015258789,89.9000015258789,88.72000122070312,89.75,6101114
2026-07-14,89.5,89.5999984741211,88.51000213623047,88.70999908447266,6693634
2026-07-15,88.80000305175781,90.0,88.5999984741211,88.87000274658203,7302377
2026-07-16,88.87000274658203,89.36000061035156,88.25,88.41000366210938,6202992
2026-07-17,88.5,88.80000305175781,87.91999816894531,88.41000366210938,5054877
2026-07-20,88.37999725341797,89.1500015258789,87.63999938964844,88.72000122070312,5972073
2026-07-21,88.69999694824219,89.0999984741211,88.0,88.30999755859375,5351993
2026-07-22,88.30999755859375,88.37999725341797,87.16999816894531,87.38999938964844,5926795
2026-07-23,87.0,87.87000274658203,86.51000213623047,87.02999877929688,6291068
2026-07-24,86.5,87.8499984741211,86.0199966430664,87.62000274658203,6225546
2026-07-27,88.0999984741211,88.52999877929688,88.0,88.12999725341797,5143354
2026-07-28,88.12999725341797,88.4000015258789,87.0,87.1500015258789,6530263
2026-07-29,87.4000015258789,89.63999938964844,87.3499984741211,89.12999725341797,10298238
2026-07-30,89.4000015258789,89.4000015258789,87.63999938964844,88.91999816894531,15815613
2026-07-31,89.5,89.87999725341797,88.43000030517578,89.1500015258789,12049926
2026-08-03,89.5,90.8499984741211,89.41999816894531,90.25,11813006
2026-08-04,90.38999938964844,90.48999786376953,89.55000305175781,89.5999984741211,6727736
