date,open,high,low,close,volume
2021-07-23,711.7852040065998,719.6277709371724,711.3880890007823,714.4159545898438,89658
2021-07-26,705.8288510846251,722.7052089867891,705.8288510846251,710.6932373046875,232509
2021-07-27,710.7925271563261,725.6338078234402,705.9281406529752,708.7078247070312,187002
2021-07-28,711.7851569523788,712.6786353607811,684.4851683663392,697.53955078125,283584
2021-07-29,697.8870463552545,722.7052201232223,697.8870463552545,716.4014282226562,100205
2021-07-30,714.8625766172564,731.6396845288363,696.0504513835692,703.644775390625,404659
2021-08-02,719.7269692879853,748.8138539975141,712.4304511461819,743.8502197265625,1256649
2021-08-03,747.8707564712873,756.457868055128,729.6542428090801,733.0791625976562,643612
2021-08-04,734.1711667947201,742.5597212181736,703.644814618973,709.998291015625,266763
2021-08-05,711.7852064463373,714.6641387702743,693.1219523425619,704.8857421875,159595
2021-08-06,700.5177779344442,728.1155742946239,700.5177779344442,721.513916015625,318176
2021-08-09,721.712486779006,743.5524795013417,721.712486779006,736.6530151367188,481133
2021-08-10,736.6033511638475,748.615322276519,698.3833659619497,712.5297241210938,470430
2021-08-11,709.799653647154,752.4869055448149,696.2489087501235,734.1214599609375,718351
2021-08-12,725.0877943903669,778.000129135756,719.2803053310743,747.07666015625,1945229
2021-08-13,747.4240835614579,752.9337055636158,736.6033364578587,742.46044921875,242172
2021-08-16,739.5318357342834,764.3996297527996,725.5343516139393,734.0718383789062,705211
2021-08-17,731.0440838683024,746.5305986462774,714.7633391294146,735.461669921875,351569
2021-08-18,724.6906323584409,731.6397206139328,714.7633634220239,718.3868408203125,175012
2021-08-20,714.7634112344317,716.0539441642449,699.9717552932211,703.247802734375,168520
2021-08-23,706.7719569534872,730.647027738936,699.8724926031928,708.2610473632812,733496
2021-08-24,708.2610272185757,729.1579165900769,708.2610272185757,716.9473876953125,258045
2021-08-25,720.7197294176391,740.574267418125,705.9280743707806,709.998291015625,544279
2021-08-26,711.2392146617655,726.6761061649164,710.9414087037169,720.372314453125,204698
2021-08-27,728.6614626251902,738.5887305083671,723.99563460185,734.1214599609375,235637
2021-08-30,744.545204265897,781.2761010096813,739.5319453420888,769.8597412109375,935515
2021-08-31,774.3269642452984,787.1827894237729,750.6504524596786,756.55712890625,579484
2021-09-01,760.3791986765348,779.2906344386117,757.0039029023417,768.9166259765625,410363
2021-09-02,770.356131291912,781.9710489979387,750.5015918256256,758.6915893554688,338976
2021-09-03,759.1382739225403,782.268798616166,753.7279001894975,773.9795532226562,340025
2021-09-06,777.2059063073274,779.1416752695603,764.3997051916463,769.4129638671875,393645
2021-09-07,769.3633750966328,788.026629367825,765.3428431256668,769.9093627929688,382140
2021-09-08,775.121167974551,834.8833407505691,769.3633639496921,819.8931884765625,2558679
2021-09-09,823.4669742362897,829.8204507152366,781.3257046661661,788.026611328125,1100983
2021-09-13,790.9055809886513,808.873914724482,770.5546783128094,799.1452026367188,639182
2021-09-14,798.7978288549585,818.8508663861757,797.4079867765824,803.9599609375,424343
2021-09-15,809.866626791173,817.709193865847,799.1451879407753,813.6389770507812,270638
2021-09-16,814.0360752141308,850.766971290866,806.094259846188,829.3737182617188,1488788
2021-09-17,836.6205951149897,879.5560335471739,829.5722583603068,838.0104370117188,3366028
2021-09-20,842.8252120875743,887.6964840248559,835.1315779371871,860.24755859375,2113627
2021-09-21,867.4943873814759,867.4943873814759,827.8349957398756,849.6749877929688,622734
2021-09-22,850.766949226461,864.7643742129435,836.2731607923549,844.0164184570312,415050
2021-09-23,854.7378861749792,905.0691536115454,854.7378861749792,893.2060546875,1453327
2021-09-24,900.5025972147039,987.4655148825643,895.4893382070256,972.0782470703125,2488847
2021-09-27,981.211354009263,990.4437026426193,947.2600797722073,958.9246215820312,547874
2021-09-28,962.8458642780928,965.3773058067213,903.3814975129932,913.50732421875,530470
2021-09-29,908.3450996601848,937.3327368167688,891.468742617318,911.77001953125,554001
2021-09-30,911.9188772807654,927.2068952940583,903.8778138814134,920.3570556640625,608286
2021-10-01,907.1538527008778,972.8723873087589,907.1538527008778,958.42822265625,797866
2021-10-04,968.7526119371245,1003.5477415167323,949.0470053614633,990.2947998046875,777795
2021-10-05,979.8214411205387,1046.2844579798864,967.9087184321431,1024.295654296875,1011731
2021-10-06,1032.4359394506866,1038.342615823591,979.8214156132959,993.9677734375,490950
2021-10-07,1001.1651076179677,1024.1467602544212,977.836024792958,984.4376831054688,227254
2021-10-08,990.0465964620379,1002.4060593742553,960.5129690627964,971.7804565429688,362181
2021-10-11,976.6447552081909,996.6482273625862,955.9960468950615,959.2720336914062,364934
2021-10-12,967.2634923064016,976.8433317372744,953.0178846217311,956.5420532226562,156989
2021-10-13,966.5685468442514,966.5685468442514,943.58689543334,947.5081787109375,133960
2021-10-14,957.9815196045478,960.8107672135138,929.2916861280793,932.8655395507812,127580
2021-10-18,944.0833678705693,1000.6688063233794,941.1548111306394,990.3444213867188,524594
2021-10-19,990.7414685598668,998.1869204779019,953.3652756948336,978.6301879882812,244365
2021-10-20,985.7777850159872,985.7777850159872,915.740916235063,935.6947021484375,323934
2021-10-21,935.1983894322259,953.6631466285819,865.5586318601464,874.2946166992188,410483
2021-10-22,865.9060774629015,894.9929648226268,834.8833604428778,881.0947875976562,606529
2021-10-25,898.4178711992104,908.3451404942292,795.1742705310138,804.3569946289062,729251
2021-10-26,818.8011604446792,965.2283827446694,813.887150018736,958.3289184570312,3609018
2021-10-27,964.9305500209731,964.9305500209731,897.4251205956375,924.4769287109375,1070596
2021-10-28,927.7529080192755,976.8432651172473,900.4032941680318,913.9540405273438,1312599
2021-10-29,918.2724623984193,931.2275374523855,886.9023138654153,906.4093627929688,750628
2021-11-01,921.9454424906071,949.1461219668132,905.4165161159617,931.2770385742188,254809
2021-11-02,928.8946260796536,954.7551511995093,926.2638754062659,950.734619140625,208101
2021-11-03,953.0178740262703,972.5746071011,933.0144017047419,966.2211303710938,320926
2021-11-04,971.5818300757168,979.8214512353339,958.0310836412847,962.44873046875,41167
2021-11-08,970.8869317798501,976.5454873655273,948.3520184842982,972.673828125,637489
2021-11-09,972.6738805908469,987.7633427694944,954.2588072735443,975.205322265625,217039
2021-11-10,974.8578246847806,1010.9931084106114,961.3070781397835,999.0307006835938,920764
2021-11-11,987.9618348263311,1009.7522026604581,969.5467627291104,980.02001953125,510033
2021-11-12,977.8360369998956,1007.1214817628367,976.3965708170276,1001.9592895507812,295068
2021-11-15,1009.5040904870855,1049.1139212369073,985.1822794701327,1020.126220703125,512598
2021-11-16,1026.578722494954,1046.9793059697115,1015.6091038701561,1029.20947265625,380450
2021-11-17,1029.2096364200115,1032.435998916626,1009.603279709816,1016.5523681640625,127616
2021-11-18,1022.7072031323598,1046.3341518074567,1014.417957760135,1028.8621826171875,254257
2021-11-22,1028.4651396804302,1077.108761151802,1002.7038627217302,1025.08984375,410020
2021-11-23,1025.0403232401643,1062.2179013131251,1021.7642756322748,1045.5400390625,300692
2021-11-24,1054.0775057928763,1122.7244762547507,1046.433435700296,1082.66796875,738584
2021-11-25,1087.035978044971,1136.6723240744218,1066.1887127126017,1113.7403564453125,485108
2021-11-26,1110.8615305951723,1155.931361345542,1032.4360963529753,1059.6368408203125,482587
2021-11-29,1032.6345474392983,1049.5605907789595,974.857886162155,993.0744018554688,427380
2021-11-30,992.727044534064,1136.3745994051428,992.1810567778203,1096.8641357421875,584204
2021-12-01,1111.8542378250331,1166.4542227182267,1098.4027385283482,1126.248779296875,827599
2021-12-02,1116.8179129889618,1161.4906295085202,1105.3023036337531,1139.650634765625,396576
2021-12-03,1141.437435743947,1215.048038281472,1141.437435743947,1171.119873046875,922219
2021-12-06,1160.4976899605701,1255.7994677503175,1158.2143697280333,1214.899169921875,1269351
2021-12-07,1206.1632611663283,1213.1123499137886,1144.2170743810411,1160.150390625,483693
2021-12-08,1167.446828954411,1216.0904468275116,1152.903355700753,1175.9346923828125,440658
2021-12-09,1176.3812563247682,1180.2032302628313,1113.0949229148914,1128.28369140625,369648
2021-12-10,1128.2838661940477,1149.5778108494815,1093.538422860946,1105.947509765625,364658
2021-12-13,1112.846865942415,1129.2765447734344,1072.790359366444,1080.78173828125,458800
2021-12-14,1072.2443152429444,1141.9833809298536,1071.2515883292517,1132.850341796875,408557
2021-12-15,1132.8502181109448,1153.5485477650716,1102.1252507772545,1111.506591796875,218418
2021-12-16,1114.7330944710386,1138.657789259078,1091.9996235265787,1111.1593017578125,184316
2021-12-17,1111.8541219195115,1113.8395757086537,1082.7671754355886,1097.707763671875,190192
2021-12-20,1067.181421630042,1072.095371331066,1042.4624974878818,1057.2044677734375,253488
2021-12-21,1073.1376508517455,1093.935228452157,1034.917669762206,1047.872802734375,129669
2021-12-22,1060.2323319852096,1090.0141390634458,1045.3911132642152,1052.489013671875,138400
2021-12-23,1064.2031652436692,1126.6457072915696,1059.4380279710806,1118.0089111328125,674525
2021-12-24,1140.5440483267466,1151.563293537025,1111.8542144495414,1136.176025390625,346092
2021-12-27,1137.6650788442992,1137.6650788442992,1101.9269088282479,1125.0574951171875,153930
2021-12-28,1141.536737896013,1156.4276420658475,1127.9363060447376,1151.1165771484375,202872
2021-12-29,1151.1166455884625,1159.505140296548,1135.6796922082628,1149.7763671875,124881
2021-12-30,1149.776312177293,1155.931292015117,1138.0125219830313,1148.48583984375,72696
2021-12-31,1137.7641398695582,1172.211831891909,1137.1685280372415,1159.5545654296875,164023
2022-01-03,1163.4759038880813,1168.9855865475745,1121.781374909157,1131.2122802734375,207951
2022-01-04,1133.6940656321176,1160.497690651441,1123.7667971064423,1148.43603515625,156538
2022-01-05,1137.6649551645808,1168.4394871105685,1132.1552727464218,1148.783447265625,206191
2022-01-06,1151.5631835621757,1154.5413642093192,1125.0574242755902,1131.16259765625,142588
2022-01-07,1141.5862845366546,1148.0390095808414,1095.9705305818973,1104.061279296875,305744
2022-01-10,1111.8541433357782,1139.9483634662745,1084.305971480807,1132.850341796875,186124
2022-01-11,1139.5511426109767,1147.9396357794758,1116.9169226082913,1123.022216796875,91694
2022-01-12,1131.6096635554377,1143.5223889452327,1126.7452764514362,1140.19677734375,156853
2022-01-13,1139.6506491584041,1169.3332120794307,1123.9159497109665,1134.6373291015625,175012
2022-01-14,1133.5948001200418,1185.315844123789,1117.562237455909,1160.6466064453125,343820
2022-01-17,1166.7023894515737,1178.664798097208,1148.2376917618444,1162.03662109375,105244
2022-01-18,1170.9215572439857,1212.7153418756259,1153.8962640742643,1165.2630615234375,304564
2022-01-19,1156.5268311227737,1217.6787835362024,1156.5268311227737,1202.0433349609375,524384
2022-01-20,1215.0482811297334,1221.8981223311916,1192.5631093429458,1204.37646484375,179793
2022-01-21,1204.3763291110492,1210.1341940940924,1134.8854401967044,1157.3211669921875,353759
2022-01-24,1136.6725031531666,1151.5137244811604,1073.2869035238775,1100.8846435546875,394578
2022-01-25,1080.0868483338074,1126.149399925716,1070.95380948633,1100.3385009765625,443423
2022-01-27,1091.9996460221294,1121.7814545500055,1090.3120586785453,1094.134033203125,481446
2022-01-28,1091.999680917595,1118.4558792417788,1071.1524142818953,1081.625732421875,601828
2022-01-31,1081.0796339251585,1101.9268995931368,1062.1185736731613,1068.3726806640625,194383
2022-02-01,1082.0722817416486,1097.9559115653792,1076.1159205577496,1088.8724365234375,137350
2022-02-02,1102.1750664791246,1127.7377847514392,1099.941430901932,1120.7886962890625,332320
2022-02-03,1128.432613533964,1133.59486609956,1098.3033764949164,1104.8057861328125,98429
2022-02-04,1113.8395279992326,1118.8031622594788,1086.4402911191694,1091.503173828125,177968
2022-02-07,1099.363648626301,1114.8356586168936,1076.8769158269263,1086.08056640625,103993
2022-02-08,1104.8362111025442,1104.8362111025442,1042.052406694923,1050.90771484375,153491
2022-02-09,1059.6635511146453,1073.5934006128662,1013.2472783163446,1043.345703125,273599
2022-02-10,1048.5693978466898,1051.4548909662428,1024.8389285027017,1030.0626220703125,74102
2022-02-11,1034.788855943102,1040.3110950558748,988.3228442082531,998.521484375,431367
2022-02-14,970.6120363624758,1009.6156280320816,947.677545752672,1000.8099365234375,282513
2022-02-15,1003.6954386377523,1023.6450223336664,980.0644431803579,1018.9188232421875,152152
2022-02-16,1029.813896126648,1044.340715200569,999.9642179780495,1004.5909423828125,95154
2022-02-17,1014.8890656403156,1019.8640120405132,985.0393872391298,995.6360473632812,110039
2022-02-18,992.3525398708326,1006.6804098776491,984.0444036263849,991.4073486328125,208084
2022-02-21,991.4073710595393,1008.8694212739458,976.8307534015412,991.1088256835938,192213
2022-02-22,975.0894449608119,1018.0729918233164,946.2347573038082,1005.6853637695312,142403
2022-02-23,1010.7598443959591,1038.5698678837623,1010.7101070774013,1029.4158935546875,170573
2022-02-24,1006.0336247442106,1015.9835174258043,975.0894827961843,988.42236328125,281686
2022-02-25,1016.8789836542999,1030.9083073758052,997.5761684791134,1016.53076171875,92262
2022-02-28,1016.8790249940855,1016.8790249940855,977.2784645423335,983.1488647460938,255258
2022-03-02,983.1489000887349,1054.1911601873326,983.1489000887349,1046.5794677734375,342376
2022-03-03,1076.5782716335825,1143.2425453853848,1036.977654463236,1051.15625,499359
2022-03-04,1043.7437432043278,1062.7480139509223,993.9942797532158,997.9244995117188,183262
2022-03-07,980.0644152363955,1043.74372749541,973.4477124052524,1019.1675415039062,188989
2022-03-08,1014.8889640062715,1043.7436502378223,991.2082336586559,1035.186767578125,149713
2022-03-09,1044.7387165131581,1054.5393363715755,1021.2569944146875,1047.1763916015625,117319
2022-03-10,1069.2651803267854,1069.2651803267854,1009.9637868895279,1015.9834594726562,194132
2022-03-11,1022.8489733887678,1022.8489733887678,1000.9094720490082,1006.0336303710938,88069
2022-03-14,1006.4316794857159,1038.7688318171897,1006.0336594729821,1026.6796875,202313
2022-03-15,1027.5751976428278,1042.7487844392967,1010.2623595636506,1018.570556640625,103044
2022-03-16,1023.6946678558763,1032.8983184389208,994.9892522210295,999.2179565429688,562843
2022-03-17,1013.8940390249564,1189.907660474208,1009.914082051355,1125.880126953125,388881
2022-03-21,1126.8253169938116,1158.714770795506,1126.4272970051304,1150.5557861328125,331324
2022-03-22,1149.212594720259,1153.192551758251,1094.4881854478656,1138.3671875,116561
2022-03-23,1142.1977800753561,1154.1376502298976,1120.2085434991372,1129.11376953125,101217
2022-03-24,1126.9745832671013,1223.8367611704475,1117.5221855182238,1197.967041015625,276708
2022-03-25,1224.8318838401535,1224.8318838401535,1169.1124805135503,1184.7337646484375,262224
2022-03-28,1188.9126650687483,1202.5937670945948,1179.559741937531,1194.18603515625,430120
2022-03-29,1200.2057197988618,1208.7626026078756,1169.6596000110649,1176.7239990234375,104010
2022-03-30,1189.0121682347662,1205.9767837373918,1175.0823185650702,1189.658935546875,88212
2022-03-31,1194.9821600191751,1271.5465387575075,1186.6740235813807,1254.6815185546875,1305492
2022-04-01,1273.5863631810898,1289.5559907716292,1233.7867893316807,1241.7467041015625,445433
2022-04-04,1259.6563341631252,1275.178141477198,1241.7465284641235,1258.41259765625,154669
2022-04-05,1268.6113531334317,1268.6113531334317,1223.836834787546,1227.020751953125,190994
2022-04-06,1225.8267769540141,1232.3936818245375,1189.111648709684,1212.493896484375,487344
2022-04-07,1223.836727283077,1253.6366055143578,1219.2598012126089,1237.567626953125,364746
2022-04-08,1243.5376213233003,1302.241987455202,1231.100255617389,1269.3575439453125,755280
2022-04-11,1273.5862592373733,1313.3858298385412,1266.621334382169,1272.292724609375,368086
2022-04-12,1278.7104989701652,1283.0386780514661,1225.0805524240927,1248.7115478515625,144757
2022-04-13,1261.248499481408,1266.6712644160598,1221.3494500879854,1228.66259765625,68881
2022-04-18,1228.4634966484664,1268.6112884257395,1218.2648568787693,1236.025390625,162894
2022-04-19,1247.7663492576262,1258.6614332385625,1156.4760832500072,1195.4796142578125,114121
2022-04-20,1193.9870698576212,1220.8517789294176,1166.2268461917024,1188.3653564453125,183665
2022-04-21,1194.3353100383229,1227.8167222587451,1191.0519184212474,1202.7430419921875,125733
2022-04-22,1203.439585244278,1218.8619197389341,1181.599618204664,1187.3704833984375,137144
2022-04-25,1187.0220897732102,1191.9970356649671,1161.6996637676232,1170.853515625,64606
2022-04-26,1192.4946600601647,1225.8268011632233,1178.0673154036172,1205.081298828125,111402
2022-04-27,1185.6291998841687,1222.8418231891405,1177.7687602928497,1188.8629150390625,107644
2022-04-28,1207.1208806334123,1258.1638765205512,1195.181009919101,1245.3284912109375,178847
2022-04-29,1257.6663124146685,1265.5764277423655,1193.9870054569637,1201.15087890625,115696
2022-05-02,1199.9571915157671,1275.5265862951726,1194.0370532920035,1246.8211669921875,551190
2022-05-04,1246.6220836256177,1252.5920192597491,1202.295262958731,1234.3836669921875,203355
2022-05-05,1260.3528582062354,1268.4620450386903,1189.3603981690442,1198.265625,98255
2022-05-06,1155.3814620010019,1193.9870932667527,1138.0687463155523,1158.16748046875,318391
2022-05-09,1154.187506906176,1172.5948076628692,1126.327808463613,1140.9541015625,110304
2022-05-10,1164.1374701941409,1183.5397613640432,1130.3078343081572,1143.3919677734375,259921
2022-05-11,1151.2025153014301,1164.1373750239181,1055.235854636121,1075.2847900390625,212547
2022-05-12,1069.6134735458124,1094.8364274442088,1034.7888488257163,1048.3206787109375,153638
2022-05-13,1077.6232482601374,1163.938573103821,1068.1708495740857,1143.7900390625,286397
2022-05-16,1142.2476827872572,1164.0379721077686,1132.2479920330545,1149.859375,133022
2022-05-17,1154.6352768736629,1228.8117772756677,1134.2877944083086,1223.1900634765625,306504
2022-05-18,1226.821719215018,1229.6574142256106,1191.9970962040484,1215.9266357421875,166254
2022-05-19,1170.1072601179073,1238.4132907081846,1169.1122709511405,1213.4390869140625,187005
2022-05-20,1235.7766011201281,1243.7365148149438,1213.4888184829156,1230.950927734375,88027
2022-05-23,1241.0004017431017,1247.6667814552331,1203.9868484465528,1214.6829833984375,62932
2022-05-24,1220.1056762235057,1221.5483621807343,1179.0623660141523,1187.519775390625,72503
2022-05-25,1187.5197409282252,1201.3501166224721,1095.4832297963771,1108.4180908203125,168055
2022-05-26,1106.9255672816716,1149.2126114250163,1093.2942628118658,1143.24267578125,187345
2022-05-27,1163.7893156650116,1203.9371115818135,1151.2026761158334,1199.011962890625,160152
2022-05-30,1230.3043480222864,1241.7467257030435,1217.220213599949,1238.114990234375,130344
2022-05-31,1263.1389435680314,1267.6163955145112,1211.0014788328458,1230.1053466796875,221269
2022-06-01,1228.7618793398688,1334.7780285105814,1226.5231536118413,1290.749755859375,788311
2022-06-02,1300.4510011583,1370.4484733711495,1275.6260669729018,1296.2720947265625,803313
2022-06-03,1327.3155489968465,1327.3155489968465,1282.5908345162777,1292.1923828125,245564
2022-06-06,1289.506184770585,1306.3712055018289,1281.5960681002477,1292.9886474609375,126917
2022-06-07,1290.5009606467158,1342.8871650294611,1274.6806084642533,1310.30126953125,267290
2022-06-08,1322.141725272152,1323.335663753735,1276.6209684174653,1294.6302490234375,164841
2022-06-09,1273.58629888239,1303.4359777624463,1268.6113524023808,1292.5408935546875,131687
2022-06-10,1268.611316225781,1313.3858332690436,1268.611316225781,1289.4066162109375,113899
2022-06-13,1273.387305226707,1313.1868756796916,1249.258815639585,1258.9599609375,360874
2022-06-14,1253.6864726865708,1287.5161076638276,1235.7766659339056,1240.9505615234375,769099
2022-06-15,1253.6864729337346,1278.3124572235045,1238.7616339702379,1252.34326171875,229899
2022-06-16,1271.5961858131204,1276.571131767006,1213.1405708549664,1231.6971435546875,365465
2022-06-17,1215.8768397488652,1248.0647170658722,1175.032483250766,1187.4698486328125,195990
2022-06-20,1193.4398976366629,1252.492611259602,1185.828326465114,1201.6485595703125,527757
2022-06-21,1210.9019664057766,1214.5833781967617,1178.2662690974923,1187.072021484375,105656
2022-06-22,1190.4548157595536,1194.0368741548002,1134.6857422881112,1140.9541015625,119515
2022-06-23,1150.5556850139506,1196.971953383258,1148.267282832789,1175.3807373046875,137593
2022-06-24,1193.7882731878715,1194.982211826882,1165.480753246501,1172.4456787109375,82383
2022-06-27,1196.8726110272946,1206.374685631799,1183.0422359536005,1194.434814453125,104684
2022-06-28,1197.817726478839,1197.817726478839,1157.819209143804,1166.3262939453125,119145
2022-06-29,1166.3263021833964,1183.9873606427989,1160.1574176711752,1163.5404052734375,120659
2022-06-30,1171.997980155566,1173.0924441492996,1101.552685562118,1146.7750244140625,225841
2022-07-01,1146.7749646785937,1201.947072702199,1146.7251666302022,1191.897705078125,340326
2022-07-04,1200.9022464424293,1203.1907703385036,1184.0870250079681,1191.59912109375,91174
2022-07-05,1190.007025903529,1219.7074278017851,1190.007025903529,1210.4541015625,295493
2022-07-06,1206.971821299971,1236.1747330201354,1198.4148161363757,1216.6231689453125,215296
2022-07-07,1224.3841359504365,1233.5379889587637,1198.2656667347337,1203.340087890625,162330
2022-07-08,1213.7874550863864,1218.563330787155,1200.9520689967617,1205.081298828125,382581
2022-07-11,1203.93701171875,1217.0708214449487,1194.5840883277172,1203.93701171875,735836
2022-07-12,1202.5937525353756,1228.8116943539515,1179.062233044075,1197.8675537109375,610165
2022-07-13,1201.9471357895916,1215.8769867010603,1192.6936862435086,1203.787841796875,142718
2022-07-14,1211.4492285841532,1217.0708207663386,1149.2623995011231,1160.2569580078125,240872
2022-07-15,1167.5700548785398,1198.96201344046,1166.4259144392681,1193.091552734375,119282
2022-07-18,1203.837630685539,1213.68804947541,1177.072393060479,1188.5147705078125,194201
2022-07-19,1184.037206679889,1200.9520239181732,1179.0622604333348,1194.28564453125,124106
2022-07-20,1202.6435186283072,1243.2391306619554,1201.001883449819,1220.4041748046875,322685
2022-07-21,1223.8367204952283,1223.8367204952283,1175.3807948607036,1188.1663818359375,245759
2022-07-22,1192.8926033645416,1193.9372691731699,1176.0772612094956,1181.698974609375,86182
2022-07-25,1186.9227385563504,1217.8668809287406,1181.2015501859744,1192.693603515625,225988
2022-07-26,1192.3951147479584,1201.8475124109543,1172.2962594735586,1194.0865478515625,161450
2022-07-27,1193.9871105818743,1213.886895758239,1171.649650304865,1207.668212890625,329203
2022-07-28,1213.8868897304028,1251.5472086979319,1211.896911222648,1240.85107421875,587642
2022-07-29,1248.7115710232292,1262.5916231694678,1225.6278678555047,1231.7967529296875,209035
2022-08-01,1233.587803453318,1261.6464536013684,1214.8819557155132,1249.059814453125,145075
2022-08-02,1253.3879798722674,1317.465315454424,1249.2090733715713,1292.640380859375,333788
2022-08-03,1299.4559240909414,1308.2615544149894,1268.760530880216,1291.7945556640625,195441
2022-08-04,1311.2964753209096,1392.9850758334082,1288.710144430415,1382.2889404296875,1095640
2022-08-05,1389.203875050912,1422.8345586571752,1354.1803037289617,1393.1341552734375,933481
2022-08-08,1399.9498899976252,1401.8900704727973,1340.2505343474065,1349.1556396484375,294949
2022-08-10,1349.2055042741997,1437.461007482125,1330.3505054343614,1397.1639404296875,631035
2022-08-11,1417.859663370271,1421.4913983787033,1370.1001799725354,1384.030029296875,305809
2022-08-12,1378.0602994870658,1403.3827307750405,1373.0853525575094,1392.2886962890625,259255
2022-08-16,1392.985121875102,1420.0985822830282,1391.641910513598,1409.253173828125,304899
2022-08-17,1417.8098293687556,1419.7003331637015,1396.0196627880632,1401.79052734375,155155
2022-08-18,1390.9950336260688,1397.7610094117172,1356.0709336829818,1380.84619140625,138834
2022-08-19,1387.7614676688388,1397.910310980136,1377.5628263040026,1388.656982421875,85670
2022-08-22,1378.75665572933,1407.3625987537891,1353.6331753339357,1379.254150390625,261878
2022-08-23,1362.5384195424272,1390.945292179432,1330.3007407990212,1383.1844482421875,84466
2022-08-24,1389.950250563736,1416.8149615963246,1383.0849215778871,1394.178955078125,162384
2022-08-25,1406.1684099970746,1450.7936488848054,1384.029901507823,1396.3179931640625,292454
2022-08-26,1402.7855857992529,1408.1585521021834,1379.154590842583,1393.781005859375,143233
2022-08-29,1343.2354838659517,1421.5410890456408,1343.2354838659517,1405.9696044921875,127367
2022-08-30,1397.9598671457043,1474.772987063063,1397.9598671457043,1464.6241455078125,353215
2022-09-01,1472.5841088045813,1497.4588403722262,1427.8095919828204,1434.625244140625,372609
2022-09-02,1447.1123417969436,1460.5446962292322,1430.0482524301221,1436.96337890625,145983
2022-09-05,1446.6645910478996,1491.488905950967,1430.993510148148,1466.9127197265625,419343
2022-09-06,1467.7085062684532,1501.239714307272,1467.7085062684532,1486.7625732421875,242597
2022-09-07,1488.2550984218642,1551.9842053733107,1473.7779569538754,1531.6864013671875,462442
2022-09-08,1544.2234109871222,1545.2184002983254,1519.5476274858243,1529.1990966796875,185731
2022-09-09,1522.3335440021722,1558.1531568022233,1507.3092307027694,1528.4029541015625,174841
2022-09-12,1539.1488045367223,1598.89783260776,1533.3281420585022,1588.500244140625,380602
2022-09-13,1594.967861939155,1594.967861939155,1526.5623469620389,1534.8704833984375,289027
2022-09-14,1522.3335907356964,1543.5269108764578,1503.4287945108738,1514.52294921875,155216
2022-09-15,1514.5229155155728,1542.2333419156828,1507.7072634252881,1517.10986328125,140989
2022-09-16,1518.2540993216628,1527.7561736491325,1458.2065232280088,1494.1256103515625,172874
2022-09-19,1508.4037882655705,1527.010039708867,1484.374772228052,1499.6976318359375,106135
2022-09-20,1507.3092890344767,1552.9793214136666,1488.2054219266224,1537.40771484375,268405
2022-09-21,1530.2935568850667,1551.934574350769,1474.8229029212548,1483.578857421875,271286
2022-09-22,1475.5689784498848,1504.7222104915893,1470.5940324672486,1483.2303466796875,67887
2022-09-23,1462.7834902757334,1481.4892155575333,1433.9784782173053,1443.18212890625,204138
2022-09-26,1428.8046120541915,1429.7498032906826,1388.0100514036192,1394.02978515625,115067
2022-09-27,1398.0593354821915,1413.9294864930234,1375.124906725617,1392.4376220703125,77113
2022-09-28,1386.0201821524038,1437.709830957896,1380.1000440281825,1402.4873046875,137281
2022-09-29,1425.8195616541473,1457.5099442282133,1408.3574521446385,1423.77978515625,157626
2022-09-30,1410.8947288228328,1447.7093303506501,1387.4130072751975,1438.0579833984375,132292
2022-10-03,1420.9440875977734,1429.0532740713522,1397.959860797389,1404.7755126953125,80103
2022-10-04,1421.8396523476085,1425.67033670636,1400.944877890436,1408.00927734375,84713
2022-10-06,1415.0737292358137,1441.7394909718255,1412.8848013664542,1417.9095458984375,81837
2022-10-07,1413.8796867468757,1418.804834820277,1403.9297945107965,1407.6112060546875,131217
2022-10-10,1386.0201191921565,1417.8597773501958,1381.6919399530293,1401.04443359375,80170
2022-10-11,1405.5716658566646,1417.8597594804305,1399.0047607360652,1409.4521484375,77941
2022-10-12,1409.8998863211445,1427.8096943336925,1393.134340334463,1424.9739990234375,162480
2022-10-13,1424.9737512460308,1474.5241385896272,1415.1233342602086,1445.8187255859375,498594
2022-10-14,1479.5489858554681,1479.5489858554681,1417.9094516052035,1425.7200927734375,170873
2022-10-17,1425.720120199558,1457.6592508234828,1418.904468130782,1444.92333984375,113471
2022-10-18,1450.6943100635676,1498.4537935224505,1450.6943100635676,1486.563720703125,210437
2022-10-19,1502.4337517656813,1536.2633859113985,1464.4252113971872,1518.85107421875,223523
2022-10-20,1505.0207552337404,1531.437769106373,1477.5590754960492,1488.9019775390625,89493
2022-10-21,1487.4592798595788,1532.1841240070685,1482.5341311616671,1526.8111572265625,261242
2022-10-24,1562.1332605268672,1562.1332605268672,1513.3787829690223,1524.7713623046875,30189
2022-10-25,1524.7216324706928,1646.3092767347048,1522.3336338513518,1622.1807861328125,851589
2022-10-27,1642.2795717487422,1653.6223521463216,1606.6091096092523,1633.026123046875,307241
2022-10-28,1626.8074789723617,1627.70299361949,1572.1825430013757,1588.6993408203125,238467
2022-10-31,1593.9727580348977,1640.239757565873,1581.037897950969,1607.1065673828125,323844
2022-11-01,1604.9176091561312,1626.7575739148785,1588.9977816629519,1592.6295166015625,206229
2022-11-02,1600.639307454657,1639.7424372168978,1576.9088359165205,1592.281494140625,407777
2022-11-03,1599.8432993450458,1600.8879652215214,1579.34654431835,1590.6396484375,193742
2022-11-04,1587.0077902153696,1594.9677038967004,1506.9609568409421,1555.516357421875,518952
2022-11-07,1563.9241983093139,1588.0028902929516,1550.1932976669289,1556.3621826171875,176515
2022-11-09,1566.1131219362744,1596.9577895220589,1546.3128110330244,1585.76416015625,216269
2022-11-10,1585.0178315903206,1591.9827561484701,1557.1581333577224,1567.0582275390625,111079
2022-11-11,1575.117762436355,1615.8625231654737,1575.117762436355,1591.9329833984375,203112
2022-11-14,1599.892953081392,1611.8826224055856,1583.0777315330945,1607.554443359375,78841
2022-11-15,1605.9127789576714,1620.8376189108096,1591.037737054507,1603.5247802734375,73068
2022-11-16,1610.688748512868,1610.688748512868,1549.2481584334012,1565.317138671875,111733
2022-11-17,1565.1181457539155,1639.7423421503197,1565.1181457539155,1617.205810546875,160404
2022-11-18,1620.091364970479,1647.7023186802476,1587.057768034507,1602.4801025390625,460908
2022-11-21,1598.9477866919578,1621.8325403284948,1584.2218966380292,1598.2513427734375,112203
2022-11-22,1596.8582604362666,1621.7329915121052,1571.585509371485,1591.03759765625,266761
2022-11-23,1591.186744408329,1629.7425774676287,1542.2831204174518,1563.476318359375,115541
2022-11-24,1557.1582900421529,1582.0330231099188,1552.2331414781981,1572.0831298828125,117204
2022-11-25,1579.0479752565245,1587.8536060252986,1554.1732434471905,1564.819580078125,30425
2022-11-28,1562.1331083515151,1592.9777748221502,1552.183215941633,1585.31640625,87831
2022-11-29,1585.316453645464,1603.823229789404,1573.2769863026501,1580.9384765625,71684
2022-11-30,1582.629839909948,1587.7540587198707,1495.4688079310454,1519.6470947265625,378096
2022-12-01,1521.0400821132619,1591.9828672170847,1521.0400821132619,1578.3515625,344610
2022-12-02,1577.0579657082371,1615.862546567935,1572.7794633376825,1608.2508544921875,193392
2022-12-05,1616.26057002897,1635.7623351342174,1593.1767464389911,1602.5794677734375,234630
2022-12-06,1601.9326749087409,1608.1513576529517,1560.143126867643,1567.25732421875,180421
2022-12-07,1567.158008278374,1580.341617031085,1557.1583168296463,1570.3917236328125,91250
2022-12-08,1578.2519005342508,1578.2519005342508,1544.7208113763998,1557.9044189453125,95695
2022-12-09,1560.0933887850003,1637.7025524156902,1559.1481975550105,1606.658935546875,107304
2022-12-12,1612.87766014499,1612.87766014499,1552.1833126626677,1560.4417724609375,260089
2022-12-13,1566.0632390585702,1566.0632390585702,1512.3836190577103,1517.706787109375,297320
2022-12-14,1518.8511071585792,1537.208610443495,1480.5440206039736,1517.2093505859375,347400
2022-12-15,1525.3184993331602,1540.2433378784945,1493.6777930335927,1504.572998046875,129628
2022-12-16,1506.4136561402468,1538.2533106953906,1498.3542678727044,1522.2340087890625,258752
2022-12-19,1522.2342033195575,1536.2635286090353,1512.4335826910826,1529.4478759765625,145130
2022-12-20,1532.2834714348016,1536.9598724070188,1492.7824461117932,1501.1402587890625,360828
2022-12-21,1507.4087385554947,1516.7616619511334,1458.156769870018,1469.798095703125,98678
2022-12-22,1468.1066196569461,1494.9713290644268,1435.8192674895627,1455.2215576171875,257157
2022-12-23,1441.7395139089115,1441.7395139089115,1346.1707418534331,1401.93994140625,279056
2022-12-26,1402.9348267482048,1493.4788474815996,1378.3088430871992,1485.618408203125,183410
2022-12-27,1492.4838943211619,1517.5078985743435,1466.813122755378,1490.6431884765625,108102
2022-12-28,1479.5489805619939,1488.4044089741008,1442.7343791626704,1458.9029541015625,120738
2022-12-29,1453.0822618119062,1455.9677548031752,1429.749692038714,1441.590087890625,633951
2022-12-30,1448.6048851772402,1492.4340891218915,1443.8786862012073,1457.3607177734375,76950
2023-01-02,1463.0818844744429,1502.4337576370717,1457.659241681,1473.330322265625,440094
2023-01-03,1480.5440324300716,1517.358635387002,1459.0024904621914,1507.8067626953125,115418
2023-01-04,1507.9561051225614,1522.1347028631058,1493.5784366437977,1509.29931640625,99376
2023-01-05,1509.2992253722778,1518.3536033020741,1485.5189578833529,1511.4384765625,261215
2023-01-06,1511.4384080048578,1512.3338011269257,1462.63413867184,1482.4344482421875,90755
2023-01-09,1489.8471980115103,1499.4488690092392,1450.69439350728,1482.4842529296875,64639
2023-01-10,1482.484093585374,1482.484093585374,1430.7944537996432,1454.6741943359375,129373
2023-01-11,1461.8879436276231,1461.937741673176,1404.0292949207524,1419.202880859375,293841
2023-01-12,1419.6008889148686,1438.7544316599965,1415.0239627324374,1429.55078125,127395
2023-01-13,1436.7147653215854,1447.2617491725323,1421.5909763958844,1428.506103515625,43741
2023-01-16,1428.5060024410798,1440.4956713594595,1417.8596661628249,1425.819580078125,37011
2023-01-17,1424.8246456152176,1454.6743239451455,1414.2777835637069,1441.44091796875,158052
2023-01-18,1457.6594160414465,1476.7134866247789,1444.7245543291335,1459.5001220703125,151142
2023-01-19,1461.3406345441292,1548.850010259292,1458.6542122047006,1532.03466796875,456510
2023-01-20,1550.1932604379308,1556.113397926105,1493.9265694425553,1509.5479736328125,182891
2023-01-23,1509.6475170306837,1533.2785129308181,1505.6675598264505,1523.37841796875,65678
2023-01-24,1542.2334465566876,1562.0834349143897,1495.4689484998073,1506.5133056640625,285093
2023-01-25,1500.4437982173981,1547.059020574531,1500.4437982173981,1542.7806396484375,247475
2023-01-27,1550.193349697315,1577.0580611490657,1534.2735206888701,1565.317138671875,332045
2023-01-30,1565.1180741766752,1612.230790388611,1552.979254034797,1600.489990234375,278805
2023-01-31,1611.8826224055856,1645.214763054096,1582.0329442128896,1607.554443359375,337973
2023-02-01,1631.7823375159937,1687.501734406784,1613.026814818591,1652.57763671875,357478
2023-02-02,1649.542891983264,1722.2765813445803,1643.7720272498664,1660.3385009765625,282330
2023-02-03,1677.4832962141236,1692.5346697070145,1649.7229609787332,1672.4993896484375,169881
2023-02-06,1702.5023667063665,1720.444429118963,1689.8930596198122,1707.885009765625,252684
2023-02-07,1719.198432326893,1723.3848648362637,1694.5280967999524,1701.7547607421875,117805
2023-02-08,1701.754793058034,1703.2998526701213,1637.013899389489,1647.4801025390625,127115
2023-02-09,1644.6891764893658,1663.5781338150534,1624.7535501076766,1634.47216796875,209045
2023-02-10,1633.6249232861055,1684.5604242031575,1624.753545237365,1671.25341796875,112926
2023-02-13,1679.6262793634437,1684.5104101040117,1606.811361013789,1624.6038818359375,82352
2023-02-14,1627.7438328930211,1636.764752162685,1595.0493581847722,1600.58154296875,50555
2023-02-15,1576.7583624106323,1625.7501841406631,1552.9851544397015,1607.359619140625,220188
2023-02-16,1613.7889135239823,1679.5764788683819,1607.8082257654005,1672.2999267578125,117120
2023-02-17,1671.4028824228158,1712.4203343466922,1659.6907024988031,1694.478271484375,178331
2023-02-20,1699.5121168357546,1719.4477428396929,1658.195580613554,1696.422119140625,134760
2023-02-21,1696.3721359790886,1703.4492584768982,1658.6439902244272,1663.4285888671875,68177
2023-02-22,1666.9672101799397,1671.7518091697198,1642.6956094605878,1649.025146484375,86941
2023-02-23,1657.2985448884442,1672.549226619591,1620.9160254164067,1643.941650390625,90795
2023-02-24,1651.816179138423,1671.602263889529,1642.99468884336,1652.464111328125,118865
2023-02-27,1627.7438115838079,1648.6263304895044,1597.391870626644,1624.5042724609375,275238
2023-02-28,1632.6281065385795,1644.639248130432,1601.927193998117,1620.018798828125,69568
2023-03-01,1620.0187887443776,1679.377163131215,1620.0187887443776,1666.9671630859375,338616
2023-03-02,1644.689051555835,1654.507322467522,1612.7920517680855,1620.068603515625,134739
2023-03-03,1622.7100071203986,1689.3946978967656,1617.0284025968438,1679.27734375,175273
2023-03-06,1698.5153928377697,1732.4059581878191,1684.56045416422,1712.619873046875,204449
2023-03-08,1704.5458369559801,1734.3993869278297,1691.6873344070698,1703.99755859375,166029
2023-03-09,1704.4959459717018,1707.3866359465487,1658.644008243808,1666.2694091796875,80285
2023-03-10,1658.743710509037,1659.4912964721002,1621.2148708277864,1641.59912109375,88218
2023-03-13,1595.0492720164607,1628.7405261862536,1549.0479156965075,1575.1136474609375,454437
2023-03-14,1576.160451291002,1603.9207865245037,1556.2248250296138,1590.314697265625,99081
2023-03-15,1604.5188607085267,1618.3741455524107,1583.885535816618,1593.9530029296875,83380
2023-03-16,1594.65071732213,1610.7985251533257,1585.9288812484347,1593.50439453125,109251
2023-03-17,1612.1939986230605,1618.025144529687,1597.8403244608583,1614.7357177734375,73572
2023-03-20,1594.7005265160367,1603.2728212963,1552.0383602022648,1591.2117919921875,93270
2023-03-21,1591.2118066201558,1624.454438696095,1586.128246317009,1609.7021484375,78279
2023-03-22,1609.8017380069932,1646.9817277477123,1606.3130035902598,1635.9173583984375,75408
2023-03-23,1634.721236894426,1652.563645461863,1624.8033122073975,1646.8321533203125,72027
2023-03-24,1646.8321092196895,1676.4863503753384,1646.8321092196895,1656.949462890625,123028
2023-03-27,1664.525149034231,1674.5427282843425,1620.915966325344,1670.0074462890625,76450
2023-03-28,1675.5394863466238,1686.8530515028494,1642.6955910104296,1656.2020263671875,69701
2023-03-29,1656.6505314714502,1723.4348790097097,1655.753403960082,1696.123046875,359298
2023-03-31,1708.4332984097878,1738.3866258110384,1664.624807972726,1693.1826171875,361340
2023-04-03,1699.46221519057,1713.6663486021228,1679.5764770853577,1691.23876953125,59470
2023-04-05,1722.3881147038874,1814.1418775671873,1703.1004218245732,1738.7353515625,720665
2023-04-06,1744.367287856391,1792.312444404277,1710.5266111429394,1757.1759033203125,277338
2023-04-10,1772.2272966539285,1772.2272966539285,1697.1198486362896,1704.4461669921875,157893
2023-04-11,1714.3641081758137,1764.1532832898558,1709.629397205268,1746.2611083984375,391364
2023-04-12,1746.3607573003533,1761.2128223229192,1736.3929447586845,1747.507080078125,53868
2023-04-13,1749.3511123539656,1773.3735163989588,1740.2305394839905,1748.304443359375,70383
2023-04-17,1764.3027896562517,1781.297958419662,1736.4925688058518,1773.9217529296875,108128
2023-04-18,1784.2384925024583,1786.7803334392747,1762.4089581190426,1774.021484375,79674
2023-04-19,1769.3864803773506,1769.5360219094443,1739.483041054842,1745.912353515625,110504
2023-04-20,1757.574611387264,1757.574611387264,1709.6792216828935,1732.4058837890625,182620
2023-04-21,1753.338290912362,1758.5215049547287,1733.7515142082468,1743.52001953125,66898
2023-04-24,1755.3318240193544,1789.2223873451114,1742.8720580907673,1784.338134765625,193396
2023-04-25,1793.2096572453897,1794.2064386001675,1769.6856416081143,1783.740234375,194735
2023-04-26,1779.2546072963264,1893.8844559456695,1767.4925393726496,1884.5645751953125,1097431
2023-04-27,1883.9166466200893,1894.881240859677,1858.9971142573895,1892.23974609375,165034
2023-04-28,1894.3328386794772,1916.3618011904039,1876.988942630409,1888.9503173828125,275394
2023-05-02,1917.807140960977,1933.7556410937086,1854.0131404300505,1877.4375,222312
2023-05-03,1928.7719250717055,1928.7719250717055,1819.6243665211362,1830.2401123046875,434582
2023-05-04,1830.2399723606761,1925.3826969048691,1811.6499771455453,1905.1978759765625,277814
2023-05-05,1906.8924184822226,1992.5657182262435,1904.69942672636,1930.167236328125,540972
2023-05-08,1946.7138508240469,2002.5336028190015,1924.7846625403145,1980.5047607421875,447623
2023-05-09,1997.6495672026576,2088.257020244701,1985.9373858241968,2063.28759765625,381103
2023-05-10,2068.371179127693,2083.273011568185,1918.804089602276,1972.82958984375,281618
2023-05-11,1991.2200573292678,2090.2502486361345,1959.1735163063056,2067.87255859375,276335
2023-05-12,2073.305063913471,2073.305063913471,2018.5319812084488,2027.453125,219143
2023-05-15,2038.4176637077649,2040.85972910824,1988.130098132242,1996.702392578125,115021
2023-05-16,2015.491735236106,2053.668506686267,1986.7843858852245,1998.9451904296875,238651
2023-05-17,2001.4371488770357,2006.4708213155545,1958.774861583445,1965.453369140625,105380
2023-05-18,1968.8422331083448,1982.5479749949716,1905.8457081622253,1914.617431640625,296751
2023-05-19,1928.7219337004433,2028.4499517433578,1923.8378026573344,2018.4322509765625,856971
2023-05-22,2030.2441553782448,2030.2441553782448,1973.6269301258947,1994.26025390625,94315
2023-05-23,2008.763624216869,2039.4146508610415,1975.9197272642405,1987.881103515625,129360
2023-05-24,1993.363312030062,2019.4789336761355,1943.7235541305351,1953.6414794921875,146761
2023-05-25,1962.4630225152198,2002.5335810915872,1943.7733736125483,1982.19921875,139853
2023-05-26,1990.4725199960153,2008.5142364444782,1973.62689238713,1995.306884765625,99750
2023-05-29,1993.5625073687145,2021.9208853650748,1977.813314889542,1986.6846923828125,183379
2023-05-30,1986.6847444860534,2013.498185248858,1983.4452053266184,1990.8214111328125,74776
2023-05-31,1997.5497293414878,2023.4660431952195,1980.6044472063554,1990.7218017578125,156500
2023-06-01,1990.7216200625671,2061.3435445327686,1990.5720785454248,2051.375732421875,306978
2023-06-02,2062.2406915226643,2115.5684899683383,2043.6508180045519,2087.55908203125,301987
2023-06-05,2107.1957625577943,2137.796901167116,2088.5061123458936,2108.242431640625,153265
2023-06-06,2118.160307113725,2137.7968504663577,2078.2890542739374,2085.166748046875,316724
2023-06-07,2085.8147014362853,2171.9863938140747,2085.764813701676,2159.078125,269961
2023-06-08,2169.992954799107,2176.422145704834,2113.226306742551,2124.639404296875,106095
2023-06-09,2128.227546927519,2154.0440815673746,2081.279057062785,2096.779052734375,103735
2023-06-12,2113.824365656599,2118.3098819292013,2044.5979465204084,2063.28759765625,174327
2023-06-13,2078.289000058815,2107.19565761359,2041.7071752035615,2097.776123046875,137294
2023-06-14,2114.5219898562855,2225.961938280897,2108.192331613306,2198.600341796875,911788
2023-06-15,2211.8575140635153,2367.3553834614013,2175.0264968738843,2305.1064453125,398499
2023-06-16,2292.5969732177864,2304.5084609946302,2231.6438945108976,2235.6806640625,239670
2023-06-19,2254.1208586101607,2254.2206340698735,2193.965260530118,2231.59375,168537
2023-06-20,2251.529539094207,2251.529539094207,2208.867252867857,2227.1083984375,95112
2023-06-21,2236.777308880551,2252.7258101916423,2214.947895052922,2233.28857421875,133110
2023-06-22,2235.381696882017,2384.3007161776145,2235.381696882017,2346.0244140625,1188034
2023-06-23,2359.231652917519,2362.3714163188147,2312.582244633178,2335.70751953125,300328
2023-06-26,2350.9583462461887,2350.9583462461887,2307.5484763463405,2341.688232421875,133192
2023-06-27,2341.6882859913944,2354.3972465730226,2321.5034662441026,2338.000244140625,110812
2023-06-28,2356.3908898950863,2356.3908898950863,2287.662870944106,2311.33642578125,94901
2023-06-30,2326.4377642673076,2327.335013487914,2277.6453662520407,2308.14697265625,90608
2023-07-03,2316.4697828641238,2327.235069246988,2269.172560291581,2286.01806640625,86057
2023-07-04,2296.5339838432574,2351.4068372582005,2295.985705515458,2321.951904296875,156280
2023-07-05,2340.392625029657,2340.392625029657,2317.5664304029524,2321.354248046875,97318
2023-07-06,2330.4247082709835,2344.927924337955,2284.7720776936776,2304.15966796875,137876
2023-07-07,2297.580917746684,2327.4344692867903,2284.6726484632777,2301.31884765625,56078
2023-07-10,2317.5164723652524,2332.4681915418023,2282.679015354852,2292.1484375,75541
2023-07-11,2292.995625070649,2377.3234211241474,2285.171037810654,2356.889404296875,128198
2023-07-12,2370.1963456922194,2425.8664313888144,2335.1094517035804,2413.157470703125,228569
2023-07-13,2436.930662350616,2455.0221433129773,2410.466073515559,2425.81640625,130802
2023-07-14,2437.977760796997,2456.9662508194046,2419.836145553873,2438.57568359375,93974
2023-07-17,2442.1141385244637,2451.0851700537373,2402.6913901887506,2414.254150390625,77156
2023-07-18,2432.3953740382167,2466.7344384235507,2357.7862023200028,2431.597900390625,404636
2023-07-19,2441.5657635368907,2806.088614914682,2433.3423182937895,2554.85009765625,2730713
2023-07-20,2583.6073013127784,2615.5541913838374,2536.7086913976805,2562.4755859375,440085
2023-07-21,2561.678022468409,2631.502600364963,2541.7922844434306,2560.48193359375,425969
2023-07-24,2574.5863452210847,2645.955984274849,2555.3983050262113,2614.557373046875,221077
2023-07-25,2627.6646843829926,2635.489514208469,2557.939887547565,2579.470458984375,136068
2023-07-26,2597.61194259584,2597.61194259584,2398.5048875177436,2469.575439453125,415893
2023-07-27,2491.25568088521,2510.742804981209,2443.111092928866,2489.46142578125,193278
2023-07-28,2488.912723380672,2498.7311153639303,2422.178271925932,2429.75390625,164773
2023-07-31,2452.081921435065,2479.8920214947857,2397.7573422813207,2421.72998046875,279900
2023-08-01,2292.5969481320963,2398.504959322981,2217.9381274674556,2263.04248046875,2364777
2023-08-02,2267.7273101370047,2404.1366829178305,2267.7273101370047,2365.11279296875,1136598
2023-08-03,2348.4166831066736,2394.966319962488,2306.801064889482,2330.175537109375,275212
2023-08-04,2332.468091982235,2436.631731132724,2329.4777482745653,2417.244384765625,462360
2023-08-07,2447.496692898169,2454.4245175780115,2354.3974173442607,2366.707763671875,216418
2023-08-08,2420.184727178429,2465.936886417031,2395.364972911305,2413.65576171875,392503
2023-08-09,2417.1946185651905,2434.0401249567735,2392.2750864150335,2405.033935546875,119973
2023-08-10,2411.7122353346144,2431.647860342547,2342.63524601117,2358.434326171875,122585
2023-08-11,2370.1466495471095,2374.283194645102,2313.5294224213717,2321.20458984375,129798
2023-08-14,2317.5165746628745,2321.2046168849233,2261.3478498017,2271.61474609375,151844
2023-08-16,2272.81068131126,2359.1819230723563,2215.844729928302,2338.099853515625,212987
2023-08-17,2349.3137060289023,2446.2506856961827,2342.4360125255366,2407.52587890625,361173
2023-08-18,2421.1316293695454,2477.9481573541925,2414.204048751146,2446.8486328125,573159
2023-08-21,2477.150805007828,2520.859759790156,2466.634957593686,2514.779296875,441391
2023-08-22,2541.792317571651,2553.7536931837526,2525.295538368998,2537.356689453125,157055
2023-08-23,2536.808213817981,2585.102215425797,2517.919258303536,2571.695556640625,147239
2023-08-24,2590.4351631095756,2618.544345709652,2581.6634394320513,2609.822509765625,290762
2023-08-25,2591.6314655103993,2621.5349054970575,2547.872862338516,2606.1845703125,196170
2023-08-28,2617.5477149824696,2630.0074813333003,2586.6973821687757,2599.057373046875,266512
2023-08-29,2600.0041725811598,2619.5411828545684,2576.6795881579374,2610.520263671875,99043
2023-08-30,2626.5185535603155,2709.1019762010837,2622.7307361973153,2675.51025390625,451237
2023-08-31,2691.25965281922,2711.1453913090304,2657.7180590353296,2698.785400390625,239004
2023-09-01,2703.819170694297,2716.1791615030393,2653.68102250894,2672.769287109375,187873
2023-09-04,2672.669568117357,2681.1920963285634,2586.647299057697,2595.5185546875,201320
2023-09-05,2629.509094456984,2649.245413056016,2577.7263540995004,2618.943115234375,200772
2023-09-06,2632.050854777753,2632.349937832396,2551.9593816729484,2558.886962890625,203543
2023-09-07,2580.517284988202,2580.517284988202,2531.774534932637,2539.599365234375,207312
2023-09-08,2556.544659376466,2560.631316585626,2468.379404391429,2510.34375,345522
2023-09-11,2537.1075492643554,2591.4820190869978,2521.9066340936292,2584.703857421875,312594
2023-09-12,2605.536249906487,2634.7918763760645,2495.49169935424,2555.59765625,483036
2023-09-13,2556.7439800729853,2596.565343489321,2477.101253240314,2567.808349609375,242626
2023-09-14,2585.5509979029885,2638.1811008663035,2569.802047552388,2621.833984375,197236
2023-09-15,2634.991563514682,2663.39983268819,2586.8469744549293,2643.115234375,338057
2023-09-18,2674.1151546964297,2674.1151546964297,2597.1137957549336,2618.594482421875,276325
2023-09-20,2618.5442727270506,2624.774155370577,2573.0413072406495,2589.537841796875,150192
2023-09-21,2589.537996733418,2589.537996733418,2551.760083464672,2565.31640625,106617
2023-09-22,2555.747216927766,2561.7279046428857,2423.4743889659994,2471.718505859375,404893
2023-09-25,2423.1754584983696,2471.7186615052624,2355.394326792122,2407.575927734375,372051
2023-09-26,2428.308543934395,2548.7696552936127,2427.9099287764634,2500.874267578125,491368
2023-09-27,2516.872539493571,2617.5973288044593,2496.9369154183746,2608.725830078125,423911
2023-09-28,2608.7261000540498,2662.4028707734165,2591.63139798236,2650.2421875,321974
2023-09-29,2656.4222245267474,2661.356243402279,2607.579939723066,2644.66015625,275756
2023-10-03,2651.3382802051024,2716.228835225244,2566.7116516348633,2691.907470703125,392069
2023-10-04,2700.280609501518,2701.2773908265463,2631.5026980745693,2646.70361328125,346847
2023-10-05,2671.274079294272,2726.196825665134,2615.554102575982,2689.31591796875,520925
2023-10-06,2691.3093623870645,2731.1806122002063,2689.3157998964075,2717.0263671875,205213
2023-10-09,2649.394887491382,2701.078096795542,2636.4367302009473,2664.097412109375,173841
2023-10-10,2689.265889427568,2709.8992123604708,2656.421996342621,2675.36083984375,182368
2023-10-11,2688.318999689899,2692.7546275293666,2642.417174995314,2661.904296875,314798
2023-10-12,2675.3610410538577,2697.190454441843,2666.4398969836006,2689.8642578125,198401
2023-10-13,2682.338368853502,2757.047075569227,2682.338368853502,2704.86572265625,168334
2023-10-16,2733.1741346715526,2746.6306812864564,2657.1196780956197,2675.809326171875,121084
2023-10-17,2701.177561887876,2721.2129634663106,2661.4060851483696,2677.005615234375,170963
2023-10-18,2697.9877073417597,2735.6660865174954,2683.584267235098,2713.68701171875,194343
2023-10-19,2706.261098685467,2711.2450049445565,2646.5041113099464,2656.471923828125,147301
2023-10-20,2656.472011080807,2681.3416554595547,2612.8129421462295,2620.7373046875,86450
2023-10-23,2620.7372502143685,2620.7372502143685,2518.36786308907,2537.705322265625,273059
2023-10-25,2537.705317396197,2550.414278485757,2349.0148191973926,2442.2138671875,433461
2023-10-26,2442.2136441930284,2516.723036718689,2353.549764356597,2486.221435546875,290303
2023-10-27,2530.2792649897806,2543.7856993291994,2485.9723879808084,2502.219970703125,151416
2023-10-30,2511.7890103669292,2511.7890103669292,2400.59825502699,2464.29248046875,296043
2023-10-31,2422.178743789525,2430.00357493341,2313.6293492801483,2394.66748046875,530865
2023-11-01,2444.107576453937,2485.9723881223977,2403.8873564733917,2462.1494140625,629811
2023-11-02,2496.937000066188,2613.560404859699,2491.9530938784314,2577.377197265625,757976
2023-11-03,2577.676283020732,2639.8753349674816,2547.0751476666574,2561.727783203125,277805
2023-11-06,2596.316179067954,2619.5412318109074,2555.797116945222,2584.753662109375,116235
2023-11-07,2584.753817114237,2587.395190350919,2544.2843969452842,2558.339111328125,68178
2023-11-08,2566.7615867324844,2576.6795114227075,2515.2776895532697,2548.121826171875,100906
2023-11-09,2559.7341865236303,2567.60866086144,2507.4031721963365,2520.361328125,114032
2023-11-10,2498.930767748316,2589.6378678141705,2477.0015787214065,2567.160400390625,242057
2023-11-13,2576.5800483993376,2585.501436283857,2548.720057968802,2570.7490234375,122805
2023-11-15,2592.1796248806177,2593.6249090759748,2538.801938284592,2544.98193359375,201096
2023-11-16,2561.52846170007,2666.3897987597757,2545.0316836199618,2657.8173828125,327435
2023-11-17,2656.4222071262966,2810.9233111054996,2621.1858902639533,2713.986328125,773780
2023-11-20,2713.9861397758727,2804.9424285480877,2684.3817854163135,2765.86865234375,547577
2023-11-21,2790.987540500741,2989.2971243950033,2777.23191038017,2955.805419921875,1027821
2023-11-22,2950.422539266905,2950.422539266905,2806.935930550524,2838.733154296875,468966
2023-11-23,2854.681588822901,2864.749176311212,2764.124162578336,2793.728515625,298929
2023-11-24,2814.910414997329,2873.8699320488504,2790.9876635950855,2798.9619140625,174816
2023-11-28,2822.8845230031484,2837.736466407255,2731.180647255871,2751.66455078125,252864
2023-11-29,2781.0196981618137,2801.952104492064,2731.2305232043923,2792.0341796875,180749
2023-11-30,2799.9585721619433,2885.681760914498,2791.9843220454263,2871.2783203125,236920
2023-12-01,2885.581778775273,2941.5013010542048,2845.910081970805,2861.310302734375,135852
2023-12-04,2879.6513537709025,2894.204458425399,2831.5566549468244,2862.257568359375,143752
2023-12-05,2880.647940274916,2954.958031533434,2861.4100133753864,2916.482177734375,258464
2023-12-06,2931.0353477220206,2943.04661079191,2848.850780028526,2892.4599609375,298338
2023-12-07,2892.6093427580595,3050.150670332983,2884.336009589137,3022.489990234375,873692
2023-12-08,3020.2972387372224,3021.3935521586927,2948.4790971158886,2957.051513671875,172026
2023-12-11,2964.427372009364,2986.3066712925433,2908.6575109749006,2920.91796875,211079
2023-12-12,2940.5047234326635,3020.2472244071087,2940.5047234326635,2953.761962890625,214391
2023-12-13,2953.7619498487666,3011.575262799974,2933.975744539925,3003.052734375,163635
2023-12-14,3019.2505461245996,3143.7983204111383,2990.343888535424,3035.4482421875,461627
2023-12-15,3066.099287190947,3117.4335242814327,2991.390577222455,3065.99951171875,245279
2023-12-18,3039.1860625458503,3040.1828438061143,3000.461013242662,3027.324462890625,131499
2023-12-19,3020.2470604679193,3043.671418857687,2965.473981755143,2973.747314453125,363943
2023-12-20,3040.1829145478287,3040.1829145478287,2920.569160532832,2969.81005859375,219556
2023-12-21,2935.470977080957,2979.379241064358,2839.3813591874805,2950.223388671875,351149
2023-12-22,2975.3920008070263,3066.099093628949,2960.440282210006,3046.811279296875,250175
2023-12-26,3055.134558622775,3077.0637463192515,3027.7729617360856,3051.89501953125,105637
2023-12-27,3074.073516710692,3188.703365744975,3057.477205475043,3113.2470703125,288120
2023-12-28,3116.087805228827,3297.3525843942384,3116.087805228827,3276.12109375,611727
2023-12-29,3267.449121760166,3274.376703167371,3204.1036210794846,3238.990966796875,199794
2024-01-01,3239.4894769602265,3239.4894769602265,3156.806513230659,3182.4736328125,147099
2024-01-02,3188.6534850522794,3214.6196865401002,3104.026850181101,3173.053955078125,173926
2024-01-03,3198.2226536740563,3249.4571145896516,3121.0219915075713,3216.06494140625,175970
2024-01-04,3248.1115604593124,3404.0080545467044,3230.019834302939,3335.13037109375,420591
2024-01-05,3379.1880210029085,3405.0045565694104,3305.3264372318986,3369.36962890625,163745
2024-01-08,3393.9905314444213,3407.8459379056594,3283.3976918604026,3303.73193359375,196051
2024-01-09,3377.0451638693694,3377.0451638693694,3189.700166805608,3210.483154296875,219380
2024-01-10,3210.5824855843007,3280.257640257493,3127.849642682925,3138.066650390625,208506
2024-01-11,3075.269677129369,3079.007607076131,2813.365385526219,2971.355224609375,2342717
2024-01-12,3030.1650606023977,3030.1650606023977,2966.5207248879083,2978.38232421875,460861
2024-01-15,3015.263298975321,3050.5991458245844,2982.718488313424,3003.2021484375,430646
2024-01-16,3024.2343840872686,3069.8870150888806,3006.0431258441595,3052.891845703125,400705
2024-01-17,3040.1827983533035,3153.8158603245415,3010.2793609924515,3139.81103515625,345298
2024-01-18,3132.933364378911,3157.902783425297,3047.8579871350894,3130.291748046875,333355
2024-01-19,3136.870548258173,3148.8319230847055,3017.206912260111,3102.83056640625,369313
2024-01-23,3019.2503748470804,3131.9365426585027,2967.467638119127,3004.5478515625,355554
2024-01-24,3040.182737020609,3349.1849168489325,2984.711959177215,3304.08056640625,1351575
2024-01-25,3307.320358520853,3307.320358520853,3151.3240848293176,3172.7548828125,342393
2024-01-29,3189.500811886163,3211.3801124722095,3109.010722933845,3182.8720703125,285287
2024-01-30,3218.257620637883,3239.4392217736736,3030.2149389554743,3052.09423828125,330910
2024-01-31,3070.9832161350632,3204.651677376252,3040.182773249632,3182.822265625,300884
2024-02-01,3207.3430599980697,3207.3430599980697,3125.009072693346,3148.383544921875,89462
2024-02-02,3167.7708968178654,3229.571335962833,3151.1745859055336,3190.49755859375,152460
2024-02-05,3190.4476392159117,3193.7370660668025,3124.9092709339634,3162.43798828125,92970
2024-02-06,3178.2867888104815,3284.992266448191,3173.8012733471433,3249.406982421875,258068
2024-02-07,3258.9761941682746,3308.316864488302,3229.7205680608477,3284.643310546875,120893
2024-02-08,3289.378266671567,3358.953649589097,3208.5392064729576,3217.958984375,177028
2024-02-09,3249.5070859610314,3328.2528098232774,3174.2500967002775,3309.31396484375,213348
2024-02-12,3338.1206430478173,3338.1206430478173,3189.7000117194175,3210.283447265625,114560
2024-02-13,3214.6196303466077,3316.0920133956415,3169.7644727138645,3294.611328125,116487
2024-02-14,3239.5391470082495,3309.263948593666,3190.696864484125,3297.252685546875,90283
2024-02-15,3307.071376698788,3348.2883835204843,3286.2883878779426,3317.986083984375,98488
2024-02-16,3320.278594089985,3367.5758192976077,3258.228956599111,3263.96044921875,174215
2024-02-19,3270.4394671479704,3299.246349568489,3189.7500690448915,3265.60498046875,148258
2024-02-20,3264.4587259167997,3289.776873349926,3242.330229941852,3280.4072265625,120005
2024-02-21,3283.4474685574814,3289.07918552389,3189.700139231907,3200.116455078125,110341
2024-02-22,3212.376768427184,3212.376768427184,3090.0218701805197,3106.169677734375,210071
2024-02-23,3126.1551477797134,3186.609832331089,3082.5958564879866,3149.62939453125,304576
2024-02-26,3149.6295838574715,3194.285434533736,3117.931890013103,3173.35302734375,231860
2024-02-27,3169.764500587581,3279.410442431805,3154.9125567160586,3251.600341796875,197113
2024-02-28,3269.4427381341293,3304.080889094544,3228.0264255090588,3257.53125,139443
2024-02-29,3259.4249310495698,3272.5823954085663,3184.716222023914,3200.41552734375,177010
2024-03-01,3219.6034533131615,3239.4891906773714,3184.7161093918116,3196.826904296875,82358
2024-03-04,3205.5488513130267,3433.8616543262924,3196.0794290635095,3409.390625,574464
2024-03-05,3411.135001605679,3427.681668397372,3347.789745173087,3371.363525390625,170976
2024-03-06,3369.0706772425256,3386.265153498686,3214.619473977718,3345.74609375,224695
2024-03-07,3345.746004660128,3399.0239114337855,3282.948788701088,3383.822998046875,198796
2024-03-11,3428.528963948504,3463.8149236707395,3315.294513993922,3342.00830078125,176591
2024-03-12,3349.0851823479143,3367.176907820409,3249.5567218019555,3256.235107421875,94662
2024-03-13,3256.235194037593,3273.379783106725,2940.554616412783,2995.8759765625,362409
2024-03-14,2993.832819644807,3134.5782992354857,2890.76572419457,3087.6796875,321260
2024-03-15,3093.8595312465636,3264.458542145309,3050.2503522484394,3207.542236328125,309103
2024-03-18,3204.5519019483904,3211.1806431882665,3102.4816006068877,3173.90087890625,193304
2024-03-19,3178.491163818427,3317.894683286497,3162.924168274876,3294.54443359375,399577
2024-03-20,3293.0976445143283,3424.7176696245842,3199.7960413354535,3412.843017578125,407532
2024-03-21,3432.700603486412,3457.5976129179967,3333.31184902946,3397.874755859375,362859
2024-03-22,3397.8747898027405,3465.3811453030276,3360.2048918154996,3415.686767578125,143188
2024-03-26,3415.686861435024,3502.552200487881,3354.8662387579075,3466.47900390625,175861
2024-03-27,3522.5098355388486,3585.376158382743,3430.156164922228,3468.923828125,566239
2024-03-28,3516.5227149639545,3522.5099840586718,3420.8759937268046,3452.458984375,121508
2024-04-01,3457.647688095944,3617.008775241245,3437.5405414136276,3492.77294921875,291555
2024-04-02,3497.3632376216165,3565.867472208016,3458.6455183512176,3498.26123046875,225687
2024-04-03,3495.4671229533137,3556.4875153593016,3428.9087019525073,3458.994873046875,245999
2024-04-04,3470.42056804004,3594.3569815902333,3430.5054433138853,3579.3388671875,252338
2024-04-05,3581.384611858956,3659.6181598737653,3500.5564832547275,3566.615966796875,246902
2024-04-08,3592.411117161467,3808.90072310769,3592.411117161467,3756.01318359375,508093
2024-04-09,3799.869936172728,3799.869936172728,3654.229673365909,3692.548095703125,252824
2024-04-10,3729.0704875632396,3821.873151556652,3701.8783091350624,3793.333740234375,226878
2024-04-12,3796.077751009571,4034.421024754051,3796.077751009571,3984.078125,872342
2024-04-15,3921.6609255637304,4030.429638257483,3780.710644206001,3996.6513671875,601366
2024-04-16,3938.7745853574743,3968.5114025219136,3827.860528038148,3841.032470703125,372639
2024-04-18,3833.897479711997,3919.4155814112473,3763.9461296993036,3784.652099609375,369685
2024-04-19,3750.973812949454,3876.107872118365,3743.040730826178,3751.17333984375,199296
2024-04-22,3789.941161102313,3846.820214862932,3723.931619844947,3810.148193359375,160608
2024-04-23,3854.2042264368833,4041.306367781283,3832.001438997348,4008.226806640625,487913
2024-04-24,3998.2981159577307,4108.264236497738,3920.812733455771,3940.670654296875,224574
2024-04-25,3946.6078425337014,3956.187569638441,3888.7309133638014,3909.8359375,135590
2024-04-26,3910.6843495904145,3948.503832863369,3846.8201499543375,3888.880615234375,107344
2024-04-29,3941.618650207895,3955.588944157999,3804.2608217832317,3837.939208984375,173482
2024-04-30,3875.908354572588,4021.4489815396305,3861.7884760690745,3987.1220703125,293819
2024-05-02,4037.4149206246875,4065.2556230484706,3949.2025912365457,3990.5146484375,233416
2024-05-03,4091.300193902659,4093.295950094807,3871.7670127664187,3884.58984375,561539
2024-05-06,3930.641802823152,3930.641802823152,3754.266850132369,3790.090576171875,263366
2024-05-07,3819.87735994646,3851.809459089168,3762.1999571454267,3826.613037109375,218127
2024-05-08,3826.8625945787303,3828.858350821014,3717.0960012531345,3765.343505859375,264257
2024-05-09,3771.9794440534642,3879.750285312135,3760.7033721231765,3833.49853515625,234632
2024-05-10,3880.4484659359778,3965.367988539331,3798.2234090640222,3920.1640625,224910
2024-05-13,3945.5103621327635,3945.5103621327635,3806.9051830609214,3896.76416015625,195636
2024-05-14,3886.9346366423383,4075.733120078279,3875.6088666424116,4057.921142578125,348261
2024-05-15,4055.4266347389243,4129.169974206474,3999.196105055563,4041.705810546875,241513
2024-05-16,3991.5124692069576,4253.954414057315,3964.1207636115423,4239.634765625,507594
2024-05-17,4239.63476669825,4239.63476669825,4144.287707464002,4159.9541015625,190087
2024-05-21,4240.981799105253,4241.979677175631,4091.300088548597,4124.72900390625,225438
2024-05-22,4141.144455841765,4188.54366604787,4094.293883697873,4151.671875,128255
2024-05-23,4092.6473325704237,4290.875714343323,4092.6473325704237,4277.20458984375,204554
2024-05-24,4243.975700419484,4340.769879338057,4231.052983696715,4275.25927734375,140378
2024-05-27,4280.847532075709,4290.776127245915,4141.194291142597,4162.29931640625,217676
2024-05-28,4175.121922904359,4261.987015623127,4121.835330419573,4133.2607421875,163755
2024-05-29,4143.289893201635,4213.041477244641,4110.260029552505,4199.021484375,106969
2024-05-30,4211.045757725345,4224.616997900701,4058.7694558618796,4088.3564453125,104178
2024-05-31,4101.278893071903,4169.0849032459355,4056.374379644109,4091.100341796875,245848
2024-06-03,4191.088285079068,4240.982193234771,4133.91006123071,4198.6220703125,161467
2024-06-04,4226.013763533818,4274.909790549911,3368.4374198067085,4060.26611328125,401664
2024-06-05,4141.194265026938,4141.194265026938,3852.5580141452415,4080.423583984375,346365
2024-06-06,4119.240883730172,4182.107205356868,4083.2673287414896,4127.1240234375,212289
2024-06-07,4179.064054478666,4289.878229763235,4132.961888374478,4211.94384765625,169590
2024-06-10,4290.875802652977,4608.600090218992,4260.939459843769,4556.01220703125,638699
2024-06-11,4565.2921935065415,4667.026058159355,4424.740969182014,4493.744140625,371758
2024-06-12,4510.409093719771,4673.312696496265,4472.689495754432,4649.064453125,314421
2024-06-13,4690.0273922761535,4878.626366135769,4673.412818218512,4815.66015625,488106
2024-06-14,4794.804183936456,5029.0063646763265,4711.431665084698,4789.515625,531231
2024-06-18,4819.55165711032,4834.669900763342,4671.067584424053,4680.34765625,264532
2024-06-19,4690.027320674839,4691.573836914431,4412.617194047689,4425.93896484375,482325
2024-06-20,4410.970340089671,4447.392888950368,4291.923196260908,4412.8662109375,568497
2024-06-21,4440.557899440718,4570.282062795166,4382.980133576854,4546.7822265625,442218
2024-06-24,4589.391190286636,4611.444394822626,4440.557761852461,4463.359375,416935
2024-06-25,4523.430846139272,4565.641379501979,4475.632585558786,4490.451171875,233927
2024-06-26,4467.500508948491,4521.4356284369815,4400.493088154087,4411.0205078125,200782
2024-06-27,4475.383505468586,4495.440953230593,4425.439900209234,4482.36865234375,444170
2024-06-28,4520.387964809812,4520.387964809812,4375.69563481038,4410.521484375,403797
2024-07-01,4476.48085571659,4489.502969148251,4391.66122291768,4471.8408203125,192011
2024-07-02,4485.461961340663,4580.2603787661055,4455.525618995787,4541.7421875,308007
2024-07-03,4593.233208691517,4596.226843196421,4470.49419399044,4498.53466796875,249421
2024-07-04,4520.388194968216,4686.035974298178,4520.388194968216,4675.857421875,279099
2024-07-05,4670.618343921816,4759.878738646286,4580.909196380433,4681.49560546875,263431
2024-07-08,4670.069308166907,4699.955950881119,4576.268770780649,4593.1328125,120817
2024-07-09,4680.048369217037,4680.048369217037,4500.48000714613,4554.91455078125,139098
2024-07-10,4590.189403337362,4641.130883694648,4440.557392483592,4514.849609375,168596
2024-07-11,4528.620214974435,4535.605361562838,4436.067022678091,4496.2890625,120805
2024-07-12,4500.430443344508,4610.197039523642,4500.430443344508,4584.6015625,194457
2024-07-15,4600.218184191828,4655.151180408671,4585.250012225912,4613.041015625,106895
2024-07-16,4659.092890825829,4659.092890825829,4456.523634702967,4470.39404296875,138365
2024-07-18,4540.345119614027,4540.345119614027,4233.447920767623,4256.94775390625,413754
2024-07-19,4255.001969922728,4267.775102107475,3981.5336681406125,4003.33740234375,595668
2024-07-22,4003.3377005985053,4134.658567411922,3917.669760824755,4112.55517578125,446554
2024-07-23,4139.248206398305,4190.938586180994,3976.693955521941,4168.486328125,278594
2024-07-24,4211.045564104454,4300.854592722795,4136.7533449771045,4166.3408203125,255414
2024-07-25,4166.34090475361,4253.904709431188,4117.494576078134,4225.16552734375,148349
2024-07-26,4240.9818849253315,4360.727255793811,4214.188760744477,4347.50537109375,188885
2024-07-29,4390.663715057179,4418.804072856297,4225.015947625477,4319.3154296875,357983
2024-07-30,4400.642389079133,4470.493855572452,4281.89489604049,4297.91064453125,463177
2024-07-31,4297.910684582167,4430.578773149195,4296.513752688315,4320.66259765625,274376
2024-08-01,4373.65049027233,4377.542117837708,4303.8487146668585,4324.5546875,116152
2024-08-02,4304.8458778287295,4314.475303495383,4211.04534177961,4237.18994140625,107588
2024-08-05,4101.2790854062905,4168.535973445427,4019.253552422683,4032.176025390625,228324
2024-08-06,4104.222969158677,4131.914086722891,3941.668478797364,3980.48583984375,248884
2024-08-07,4081.3213464533046,4161.3513633527255,3992.510197349553,4128.42138671875,163041
2024-08-08,4121.236558561792,4156.960399691937,4074.8352268491712,4124.330078125,158282
2024-08-09,4154.216285647432,4243.975616857837,4154.166586639825,4215.28662109375,118270
2024-08-12,4213.1908533024525,4315.822711651687,4150.823473076272,4295.3662109375,119023
2024-08-13,4280.896901334269,4359.778967520237,4244.524050945853,4329.54345703125,112684
2024-08-14,4325.7519167052515,4325.7519167052515,4193.183712071109,4280.498046875,107558
2024-08-16,4310.833626992766,4375.695707028537,4263.484113668576,4289.080078125,120199
2024-08-19,4290.875820477614,4370.65636929363,4290.875820477614,4358.0830078125,107939
2024-08-20,4540.345671810297,4769.75776555888,4465.504809088149,4699.00830078125,1460593
2024-08-21,4705.44437816601,4719.963309303967,4625.164891886658,4664.1318359375,207750
2024-08-22,4704.945838036972,4704.945838036972,4585.499627065823,4690.72607421875,305227
2024-08-23,4690.027204721696,4713.477340745305,4599.220295013255,4623.369140625,211182
2024-08-26,4664.880359323181,4683.041935689295,4521.485568320921,4537.2021484375,130941
2024-08-27,4499.930904640272,4608.200669171477,4499.831019389836,4536.55322265625,84288
2024-08-28,4560.202683330563,4585.199820172821,4495.989135052599,4534.50732421875,80855
2024-08-29,4565.292081697679,4569.283593900257,4499.432130355156,4539.84619140625,219833
2024-08-30,4568.5356935854425,4620.774712796989,4515.448380487453,4600.0185546875,112405
2024-09-02,4637.6386951565555,4637.6386951565555,4495.9896970788195,4502.6259765625,93293
2024-09-03,4527.872073409618,4538.200209637672,4438.961033428173,4448.19140625,117092
2024-09-04,4420.051207467802,4563.196524113505,4402.987395039499,4479.72412109375,168231
2024-09-05,4484.4641097069625,4509.2112912932635,4445.796333950144,4476.08203125,164697
2024-09-06,4476.082077152284,4492.447180449447,4395.653005304267,4412.267578125,74305
2024-09-09,4389.616408211825,4409.623670792674,4302.351766603895,4346.30810546875,268497
2024-09-10,4343.563614352394,4490.401767089901,4341.318388619346,4393.45751953125,175514
2024-09-11,4393.507904510937,4449.488966102785,4343.963351876364,4368.06201171875,224020
2024-09-12,4429.032135728339,4471.591538166975,4370.755666367393,4393.85693359375,100226
2024-09-13,4409.324257285936,4454.827109901564,4381.832422648386,4432.07568359375,168561
2024-09-16,4488.405898401422,4496.438622035847,4401.540319314821,4418.205078125,134706
2024-09-17,4464.955830584493,4464.955830584493,4378.239834458836,4415.71044921875,220638
2024-09-18,4449.987410979448,4572.077399119534,4405.681236300896,4491.5986328125,247647
2024-09-19,4526.125726650038,4550.324271294532,4352.794100628313,4385.474609375,252327
2024-09-20,4375.495929813659,4375.495929813659,4233.997002634532,4275.75830078125,1048476
2024-09-23,4345.360014033571,4360.727239120571,4191.087964372173,4201.9150390625,303904
2024-09-24,4201.9152942914125,4304.596858206489,4141.394082102613,4296.4140625,328785
2024-09-25,4300.754501200078,4305.843776693402,4198.072947520079,4216.53369140625,140232
2024-09-26,4223.918027387066,4223.918027387066,4174.173707649987,4187.89453125,148166
2024-09-27,4219.827011812909,4245.92191576332,4181.109533702007,4191.2880859375,332059
2024-09-30,4134.857758126603,4300.805189199778,4134.857758126603,4288.181640625,332491
2024-10-01,4280.897239529219,4315.822974583654,4193.083962820928,4307.8896484375,168408
2024-10-03,4238.98624167549,4310.833466110668,4209.0498981608325,4259.841796875,232658
2024-10-04,4260.939902118145,4310.833811979013,4145.136332229155,4276.30712890625,260212
2024-10-07,4250.960959251176,4279.799540610203,4044.9490619575254,4099.18359375,238565
2024-10-08,4043.5518055375815,4209.149877686159,4014.0147587818515,4192.83447265625,507625
2024-10-09,4231.003106592727,4402.089500223179,4166.939138241065,4385.62451171875,290728
2024-10-10,4396.501601894008,4543.339276130132,4365.76666212655,4519.1904296875,312943
2024-10-11,4554.065927329386,4596.226274725643,4458.818273047361,4566.240234375,179913
2024-10-14,4591.187565785064,4610.097063954765,4532.312756260438,4569.63330078125,123056
2024-10-15,4569.832423813049,4714.973987271678,4541.492783433824,4680.69677734375,420269
2024-10-16,4580.210683151495,4580.2603821573775,4142.590959302197,4375.49560546875,2539999
2024-10-17,4410.571382097035,4410.621081102606,4106.268268945073,4135.75537109375,1366014
2024-10-18,4102.775905738512,4176.119947833072,3971.6048750979985,4048.9404296875,836796
2024-10-21,4086.4605625987633,4106.268541102694,4032.4755014640186,4051.035888671875,306633
2024-10-22,4053.830103244239,4079.3259390880594,3991.512660555831,3993.907470703125,364073
2024-10-23,3991.512459454266,4130.9162269987755,3918.2183606420544,4042.953125,359027
2024-10-24,4080.3235250218186,4090.2526069519126,3944.761688547544,3953.24365234375,250850
2024-10-25,3990.8140299806037,3996.4519439320875,3794.980448148406,3843.078125,291453
2024-10-28,3843.0781261114676,3972.902167528592,3815.387008162855,3832.40087890625,202516
2024-10-29,3841.8306588204846,3843.626888112761,3714.202148149221,3784.352783203125,295822
2024-10-30,3791.9367824159895,3881.7458114732103,3749.028024088651,3857.8466796875,357476
2024-10-31,3851.8094623947213,4073.7374541779645,3841.8306814040616,4043.152587890625,478520
2024-11-01,4081.321314272084,4089.254639842141,4001.491068516151,4046.545166015625,15397
2024-11-04,3991.5625750368877,4060.7155801178146,3924.255741997487,4047.7431640625,267953
2024-11-05,3991.0135174184543,4065.6548490790633,3876.7564733518425,3966.715087890625,333134
2024-11-06,3971.5549579929616,3980.5358611643023,3910.6843920538736,3956.98583984375,349292
2024-11-07,3997.4496579337706,4067.3510663735633,3980.6852574145846,4004.085693359375,402938
2024-11-08,4016.459460510212,4041.3564710502233,3951.5973822659475,3979.138916015625,113058
2024-11-11,3971.5549839711484,4007.4785968914907,3903.9986828426904,3981.683349609375,255016
2024-11-12,3997.4997426338637,4025.490272581766,3951.5973491837494,3989.915771484375,146246
2024-11-13,3931.6398948487235,3950.6495222526505,3847.8181305930652,3881.696044921875,203014
2024-11-14,3881.6958189746338,3901.1544416870424,3771.9791719438003,3803.861328125,156409
2024-11-18,3808.9007418047086,3834.2966909525862,3697.1383936039942,3709.06298828125,188200
2024-11-19,3752.0216934250766,3873.6629375793714,3707.11717847717,3834.09716796875,297339
2024-11-21,3792.934707803318,3827.860441760991,3720.3390750770113,3783.35498046875,189476
2024-11-22,3791.8869419298317,4011.470072614241,3767.937866869448,3986.37353515625,349846
2024-11-25,4007.4786268574358,4090.8014518929426,3976.793873925198,4012.468017578125,404438
2024-11-26,3996.501974880271,4077.1805204364423,3941.6186768482075,4062.760986328125,205258
2024-11-27,4111.257831037676,4389.665824935616,4106.268440466029,4310.583984375,965868
2024-11-28,4290.876117456847,4362.872929746066,4258.395378023945,4298.06103515625,129952
2024-11-29,4280.946689746997,4320.313175154321,4245.971257716049,4304.09765625,259243
2024-12-02,4304.04795584442,4414.2632981065535,4234.994597388561,4345.6591796875,209077
2024-12-03,4308.987323356083,4372.70193901741,4291.125402386951,4331.04052734375,274021
2024-12-04,4335.780175684916,4522.3336741144585,4335.780175684916,4410.82080078125,625600
2024-12-05,4389.666017707924,4487.408378196929,4372.003379410567,4444.54931640625,317643
2024-12-06,4441.5553998240375,4512.404744552751,4440.557521729267,4490.80078125,183410
2024-12-09,4500.430433464687,4510.40921491361,4461.562884823053,4478.27734375,226946
2024-12-10,4466.5519278219035,4580.260328478153,4390.6634957089045,4549.52587890625,841918
2024-12-11,4560.302673313239,4696.014087661292,4461.06350667317,4621.12353515625,448630
2024-12-12,4633.597599002672,4633.597599002672,4511.856461852329,4533.9091796875,187801
2024-12-13,4530.117093482145,4539.796705926723,4431.726215611869,4438.9111328125,221922
2024-12-16,4435.11900713598,4526.574926708233,4431.576734705024,4460.3154296875,249525
2024-12-17,4440.058634282409,4467.001343154333,4350.748543762514,4381.98193359375,229819
2024-12-18,4383.62894102654,4402.588625561179,4277.5542030987945,4293.1708984375,151185
2024-12-19,4230.953243722065,4293.170550501188,4162.697995132908,4259.94140625,511114
2024-12-20,4259.941643578421,4294.318739301337,4132.213245738636,4157.40966796875,251027
2024-12-23,4238.986020995215,4242.827948995287,4146.532715702906,4186.94677734375,157692
2024-12-24,4191.038364150129,4250.960749774112,4141.194157643794,4168.43603515625,220376
2024-12-26,4168.4361336790125,4320.812319617644,4152.170914995154,4311.0830078125,314120
2024-12-27,4311.781629166351,4375.69552743411,4284.43937906196,4334.23388671875,209640
2024-12-30,4366.01594667377,4414.862275580923,4330.79104391054,4343.66357421875,253438
2024-12-31,4364.569289142778,4455.525781842671,4300.854674074336,4427.23583984375,289788
2025-01-01,4420.55022980807,4467.250729417571,4377.69117104035,4460.01611328125,82106
2025-01-02,4478.476785390263,4510.4088836818155,4432.574394096156,4468.24853515625,106897
2025-01-03,4490.451837915043,4509.611293988231,4329.144926564315,4354.5908203125,127570
2025-01-06,4340.769760777017,4360.377968109424,4202.5636431063,4245.123046875,220456
2025-01-07,4216.034728913173,4324.753736524859,4203.112013366734,4303.548828125,164182
2025-01-08,4303.549091356107,4319.315370491485,4228.209294550723,4255.451171875,92274
2025-01-09,4250.412342859158,4287.8824730396545,4180.760154626964,4194.0322265625,157635
2025-01-10,4188.1440854409975,4238.68700101099,4151.172896727584,4168.1865234375,209091
2025-01-13,4117.245033651734,4130.66668897215,3943.1153054955953,3985.97412109375,868973
2025-01-14,3966.515660193886,4039.9096460474125,3859.742699312801,4011.76953125,280853
2025-01-15,4046.3957590037708,4109.262080290389,4014.4137166723312,4059.717529296875,170471
2025-01-16,4091.3006007997433,4144.088259882971,4042.4045692292098,4100.630859375,152201
2025-01-17,4087.259045038989,4113.204121102867,4041.456534447466,4095.99072265625,76025
2025-01-20,4095.9905684946916,4189.2921739546,4085.7121313749935,4139.5478515625,66671
2025-01-21,4168.136948695766,4187.096633164337,3998.4976666085545,4025.9892578125,191973
2025-01-22,3990.963467110038,4152.8694303801085,3902.1023747207514,4118.79150390625,1244810
2025-01-23,4108.364079128299,4562.997445153047,4093.0465526348453,4471.0927734375,1440639
2025-01-24,4468.747718216432,4474.585402703165,4226.013864042113,4244.474609375,250147
2025-01-27,4177.703422662273,4179.70105742502,3978.988753408339,3993.8212890625,296376
2025-01-28,3986.280251030116,4060.043013702066,3843.4993521972006,3906.874267578125,369542
2025-01-29,3920.607834178739,4024.8842688049162,3907.373504186288,4012.29931640625,140623
2025-01-30,4006.5561695035503,4054.8988327245106,3902.529193991315,3956.46533203125,240651
2025-01-31,3970.2491839487334,4088.0596477632203,3958.313364763293,4018.841796875,139970
2025-02-01,4055.198468209591,4121.6695682165855,3842.200666892917,3913.11669921875,201342
2025-02-03,3870.916681544009,3926.8004641069774,3835.558644514606,3898.2841796875,192921
2025-02-04,3895.3878391394765,3915.3641870324996,3803.89606824867,3872.4150390625,393527
2025-02-05,3873.463708410127,3960.161103954459,3873.463708410127,3890.443603515625,396028
2025-02-06,3905.3759790001013,3940.334587507775,3880.405544351763,3916.5126953125,172402
2025-02-07,3936.1395759566217,3951.1218366417093,3881.15463047197,3907.623291015625,152667
2025-02-10,3907.623430526811,3913.1169263074735,3777.0280535592397,3790.412109375,144490
2025-02-11,3795.4561525665827,3804.495498859852,3496.5100542270875,3556.1396484375,540824
2025-02-12,3556.1395358549016,3561.68277720032,3396.9778897317397,3475.83447265625,1011381
2025-02-13,3513.939525957638,3513.939525957638,3386.390351310775,3399.974365234375,869828
2025-02-14,3405.9672832303263,3470.8904132625757,3327.0107201668793,3407.615234375,321223
2025-02-17,3394.98039948623,3469.8917057414424,3331.1060744563338,3443.17333984375,340083
2025-02-18,3406.3169685246808,3464.6478063030113,3362.518728625322,3399.574951171875,296138
2025-02-19,3376.0028230170024,3583.7068532544276,3375.0040056137427,3564.3798828125,563786
2025-02-20,3565.778053736514,3749.5104623848542,3520.8312715465577,3728.035888671875,523328
2025-02-21,3734.67829603574,3927.6997615913965,3730.5830470912088,3839.903564453125,807902
2025-02-24,3805.594148910312,3854.9356293170235,3711.7053163786886,3737.474609375,408922
2025-02-25,3745.515144289608,3832.362265757916,3735.5769602379637,3793.358642578125,289870
2025-02-27,3445.920082604282,3445.920082604282,2970.8824223717515,2995.50341796875,5271343
2025-02-28,2970.4828506344247,3221.1860098507127,2899.417092484988,3066.51904296875,5860362
2025-03-03,3147.573354074151,3236.0684303219236,3021.9220750790328,3133.43994140625,1638079
2025-03-04,3076.357605588281,3165.2523545809295,3070.764130582813,3137.1357421875,837292
2025-03-05,3125.3496261401665,3301.0914984443016,3117.5588016699776,3283.3125,1260570
2025-03-06,3306.1356346700045,3340.3951207891746,3242.211320083344,3283.362548828125,585854
2025-03-07,3273.17463498049,3281.1151846020675,3200.210974570784,3220.03759765625,454725
2025-03-10,3231.8233549061324,3238.665351493223,3016.4284846598407,3027.165771484375,716195
2025-03-11,2971.4816686741324,3055.382327554343,2959.545849901434,3024.868408203125,566221
2025-03-12,3032.359594145328,3093.2874546890985,3015.0800045977808,3061.82470703125,271429
2025-03-13,3081.351708240936,3086.3457952883286,3032.4096551764937,3050.33837890625,248157
2025-03-17,3032.4095501218376,3136.7859657963213,3016.5284514020777,3120.35546875,468552
2025-03-18,3120.35546875,3120.35546875,3120.35546875,3120.35546875,0
2025-03-19,3264.1852119804234,3320.0689960405084,3236.518019117133,3279.3671875,416246
2025-03-20,3151.5186254430423,3166.2011925649085,2758.98338424215,2837.740234375,8380075
2025-03-21,2888.579776662393,2933.276853082048,2849.6259000061577,2886.8818359375,3012943
2025-03-24,2903.61201219074,2940.018855653613,2870.800764859523,2879.24072265625,1313628
2025-03-25,2903.5620588825655,2933.476589975803,2821.659035549793,2831.846923828125,1049515
2025-03-26,2841.1360054075512,2881.338404499713,2811.670893029445,2816.614990234375,727654
2025-03-27,2826.753283591797,2908.556332914246,2801.982562755387,2879.84033203125,887991
2025-03-28,2901.2148050798073,2941.467194261462,2869.402617840101,2889.428955078125,722128
2025-04-01,2860.6128887685472,2904.7605668429906,2808.6743865981684,2826.0537109375,399933
2025-04-02,2826.6532573151685,2879.59057980199,2758.7336737471715,2876.29443359375,766198
2025-04-03,2846.629637863823,2883.1364632180375,2813.918367463809,2821.059814453125,419420
2025-04-04,2821.5590919338097,2835.642514396368,2610.2594723198176,2641.971923828125,975173
2025-04-07,2497.043512722258,2574.651576327285,2421.1333899355013,2506.781982421875,708097
2025-04-08,2576.9489045369987,2615.802804045263,2534.349439760512,2586.787353515625,574236
2025-04-09,2611.9074429318816,2636.178753982661,2567.010650570411,2596.62548828125,642997
2025-04-11,2686.718781462089,2686.7687711016274,2589.0843822567176,2604.2666015625,779654
2025-04-15,2656.354858330804,2742.652583598759,2621.9956375310576,2733.163818359375,847398
2025-04-16,2733.1637245553475,2761.9297132746988,2709.0923725064067,2751.641845703125,586575
2025-04-17,2781.706445779011,2874.8961575264766,2779.1094230105923,2822.657958984375,1111301
2025-04-21,2839.6377495632005,2921.5407729413864,2787.6992469331317,2892.675048828125,453196
2025-04-22,2893.5739405085255,2971.3817166183057,2879.590497233717,2952.104736328125,536950
2025-04-23,2982.468589386227,3046.8923080785953,2922.5395487421633,3015.529541015625,779938
2025-04-24,3016.4283827954623,3029.0135788869547,2961.493428804154,2976.97509765625,310870
2025-04-25,2963.4910851771074,3005.9408226627925,2900.166162562749,2963.591064453125,471789
2025-04-28,2938.5208635704803,3010.3357388681657,2938.5208635704803,2996.352294921875,269206
2025-04-29,3006.4402223922743,3063.6725052965658,3002.4449529937465,3034.30712890625,379027
2025-04-30,3031.4107759122876,3081.3516453671855,2996.4521672938595,3059.97705078125,358054
2025-05-02,3059.977087676741,3124.800239470039,3029.8126070807552,3033.408447265625,273948
2025-05-05,3055.0826160365164,3226.1800788983137,3046.9923417163604,3206.3037109375,703149
2025-05-06,3235.8686885167476,3278.5181428121323,3150.370065215958,3190.122802734375,774151
2025-05-07,3196.215727759166,3367.4129351365027,3196.11574847691,3291.403076171875,1765212
2025-05-08,3296.0972676697534,3401.971907176721,3234.370306432105,3258.2421875,814287
2025-05-09,3146.774219278688,3245.1577331967806,3146.774219278688,3228.67724609375,328404
2025-05-12,3376.0027012653204,3396.0790278875684,3328.95830572764,3381.99560546875,269435
2025-05-13,3393.9815039584023,3442.923556252093,3368.9110898345466,3421.249267578125,376110
2025-05-14,3445.919933309607,3448.9163854255285,3357.025187203939,3394.380859375,294684
2025-05-15,3417.9531212321826,3508.246116081658,3391.9838689960525,3494.862060546875,374416
2025-05-16,3515.437693717129,3518.533881236014,3444.9210902410227,3459.104248046875,313300
2025-05-19,3495.8609569858445,3495.8609569858445,3433.8342978939895,3457.606201171875,400712
2025-05-20,3464.997493117775,3486.7715170623933,3412.959009739315,3457.106689453125,411846
2025-05-21,3460.90215776377,3484.873774440922,3407.3654496440404,3427.341796875,190955
2025-05-22,3445.9198539307367,3494.36249535556,3421.049399482254,3454.110107421875,208151
2025-05-23,3464.6977326099372,3472.7880069742782,3415.9553963132175,3436.43115234375,102741
2025-05-26,3448.9163170348074,3500.35541067144,3412.5594629566626,3492.264892578125,231906
2025-05-27,3479.979682953564,3563.58064773017,3479.8797036761903,3529.421142578125,362315
2025-05-28,3553.792237749652,3649.1792975318585,3546.7005368114715,3633.797607421875,450883
2025-05-29,3665.659724870378,3673.9499577596735,3599.1383909055417,3660.96533203125,329014
2025-05-30,3665.6597474102746,3669.155608204808,3557.5877567610924,3605.930419921875,221218
2025-06-02,3605.93047254182,3620.7130186019403,3572.7697841487284,3591.747314453125,108306
2025-06-03,3600.736655579347,3634.896161211412,3522.9288792034267,3531.31884765625,152085
2025-06-04,3525.825346810071,3636.6940758457417,3495.860825449079,3624.308837890625,290300
2025-06-05,3651.7763164102143,3681.640858497527,3606.2301463931963,3637.093505859375,236648
2025-06-06,3662.6634248125642,3763.5439827362266,3644.8844262298944,3743.367919921875,429812
2025-06-09,3785.5179302294923,3833.361185949415,3750.9587507927044,3808.291015625,246729
2025-06-10,3816.5812247147865,3842.350518283415,3782.621433470402,3789.712890625,128036
2025-06-11,3790.4119186444104,3856.4338439724197,3761.6461736310275,3789.013671875,155511
2025-06-12,3789.0138473508905,3797.8034893351078,3662.3637509084137,3672.451904296875,228442
2025-06-13,3595.742547132935,3678.344695209193,3587.452314156666,3666.35888671875,194489
2025-06-16,3655.771626697023,3700.6184299674737,3603.733143137016,3680.841796875,155748
2025-06-17,3680.8417500892883,3695.524316765353,3598.1396224777113,3608.427490234375,401604
2025-06-18,3596.242072636783,3670.4542547211245,3571.3716167520056,3586.45361328125,1053137
2025-06-19,3586.353859322083,3638.392099628443,3563.081365097041,3596.541748046875,690638
2025-06-20,3587.752009131522,3605.331292463126,3535.813505658571,3570.272705078125,232065
2025-06-23,3536.412948681679,3802.697518552589,3521.130993843837,3754.45458984375,1365996
2025-06-24,3755.553364843471,3849.741892950218,3688.03321212627,3835.059326171875,592144
2025-06-25,3834.4599976291547,3935.9399429842224,3780.523858042811,3801.4990234375,517702
2025-06-26,3833.4610352985496,3848.7429897072993,3736.9751805900373,3770.0361328125,288150
2025-06-27,3771.9339449629583,3830.364763066567,3760.8472180954677,3775.52978515625,347440
2025-06-30,3775.5297933823385,3828.467115882144,3753.9552398793912,3788.114990234375,129827
2025-07-01,3800.50026724903,3857.5328392339247,3790.5120930906883,3806.29345703125,171315
2025-07-02,3805.993591730197,3806.29328571184,3715.600619665748,3759.548583984375,335785
2025-07-03,3760.5475301889387,3869.4186273444748,3755.8531371553654,3836.157958984375,612719
2025-07-04,3850.441020556604,3871.3162063698346,3732.4805898050176,3777.32763671875,358266
2025-07-07,3776.52856585056,3859.430409533606,3766.640371192982,3802.098388671875,178862
2025-07-08,3825.4706279627403,3832.8617791548577,3751.5581406339566,3766.640380859375,134964
2025-07-09,3754.5544764049387,3754.5544764049387,3673.6502698104186,3689.63134765625,595581
2025-07-10,3695.6243972600982,3720.7945470872723,3669.255715317707,3692.228515625,352135
2025-07-11,3699.619581290352,3699.619581290352,3596.8413702688067,3608.028076171875,133241
2025-07-14,3645.6833791950016,3750.559202432118,3607.728319356807,3728.185791015625,541391
2025-07-15,3753.55567396149,3895.387740407081,3744.3666029339856,3887.796630859375,428669
2025-07-16,3887.796802712256,3910.370173797803,3852.9381725223566,3886.49853515625,330694
2025-07-17,3866.6217808510846,3979.987553134107,3865.1235547856704,3928.6484375,479900
2025-07-18,3946.22752659031,4004.158935180657,3910.370079848425,3924.15380859375,492660
2025-07-21,3924.153856040393,3995.269606261466,3861.5280537326253,3967.7021484375,368099
2025-07-22,3995.169555259252,4029.529019567422,3934.941062107606,3985.5810546875,341163
2025-07-23,4020.140019566553,4029.6287847812214,3876.709988527546,3965.604736328125,776885
2025-07-24,3965.704363591859,3969.599897621719,3886.3983624488746,3901.180908203125,461587
2025-07-25,3901.1810905070565,3920.3583360173207,3826.7691934285112,3877.20947265625,331338
2025-07-28,3885.2995773131693,3943.3309638611036,3856.4338529553497,3904.077392578125,277144
2025-07-29,3927.4499696190414,3939.1360843499237,3855.4351380234893,3917.36181640625,130692
2025-07-30,3930.346495217124,3933.3429474371114,3842.650278141771,3896.7861328125,156034
2025-07-31,3855.4351723181794,3875.611235071329,3778.5262323522466,3839.65380859375,351630
2025-08-01,3853.4375017472657,3885.299679039511,3797.5037277457504,3811.786865234375,161240
2025-08-04,3815.4823316010934,3895.387720744572,3760.8470705446193,3878.70751953125,285393
2025-08-05,3895.387816559409,3900.381903503716,3805.494251561884,3812.186279296875,299828
2025-08-06,3807.491775344488,3814.583476139429,3722.092891086368,3805.494140625,159190
2025-08-07,3774.530790032322,3855.335016628536,3760.4473677655906,3837.855712890625,188489
2025-08-08,3837.8558921202707,3866.921576091164,3815.5824591127252,3836.357666015625,213342
2025-08-11,3834.459828601795,3866.421983984774,3776.5284219701452,3805.8935546875,194520
2025-08-12,3804.495462156776,3819.9771317980017,3707.809889433448,3760.247802734375,175427
2025-08-13,3765.54143821406,3836.8569000071175,3765.54143821406,3799.301513671875,132653
2025-08-14,3799.3017314657973,3820.476611890732,3755.5534799239613,3809.589599609375,69004
2025-08-18,3820.5765597656723,3928.84826910713,3804.3955226962144,3896.7861328125,204248
2025-08-19,3907.0739876424877,3967.7021552512415,3873.4138899223112,3941.932861328125,503218
2025-08-20,3945.3286914113623,4074.176134751126,3899.582806168415,3981.685546875,382428
2025-08-21,3990.2753913997262,3994.270660877974,3901.6803394899666,3948.624755859375,162082
2025-08-22,3954.318031125769,4010.2518047410867,3933.3428660200248,3950.123046875,195264
2025-08-25,3950.2228771468695,4001.661973760289,3925.352421179396,3938.037353515625,252653
2025-08-26,3936.339189314267,3954.2179223973935,3851.339735008566,3870.217529296875,165170
2025-08-28,3870.217593252188,3930.945738106106,3809.68916310185,3858.930908203125,240799
2025-08-29,3820.4763782130667,3851.3397369041486,3778.526049354257,3806.093505859375,202714
2025-09-01,3810.288584909986,3929.3475676767357,3801.0995137966274,3915.663818359375,206918
2025-09-02,3930.3464560124,3970.2991518803783,3891.3925775411203,3958.613037109375,121719
2025-09-03,3975.293101712797,4021.9378237589976,3951.2215057420694,4016.64404296875,243019
2025-09-04,4005.4572712946942,4138.1002635852565,4005.4572712946942,4120.92041015625,532878
2025-09-05,4135.103869360185,4137.600912759557,4010.9508227730253,4032.9248046875,131771
2025-09-08,4054.199710549154,4090.1571359198783,4031.9260343963538,4050.903564453125,92057
2025-09-09,4051.2032448297286,4090.0571429062966,3999.36472096845,4022.437255859375,98221
2025-09-10,4043.2126985904215,4092.1547495367977,4040.2162464916637,4077.072509765625,259998
2025-09-11,4086.1618876517928,4141.995681462717,4065.3864374482287,4079.170166015625,268126
2025-09-12,4086.1618789840236,4134.005133680696,4070.979903662358,4121.0205078125,110221
2025-09-15,4126.1144949163745,4139.997958614866,4075.973912448602,4091.055908203125,102415
2025-09-16,4091.05613262723,4197.730124651833,4016.3447854307296,4174.75732421875,382656
2025-09-17,4200.027297398419,4200.027297398419,4125.115990072644,4137.3017578125,117939
2025-09-18,4137.301483377276,4170.961335947306,4115.227522075392,4144.49267578125,225112
2025-09-19,4170.0627673921135,4229.991813151042,4130.509499650456,4195.033203125,361152
2025-09-22,4219.604138075884,4219.604138075884,4110.133652133226,4126.51416015625,182799
2025-09-23,4126.513992618642,4205.121114866628,4050.2044429482435,4185.34423828125,522204
2025-09-24,4160.873290509585,4165.068518631455,4058.295037121448,4074.475830078125,229105
2025-09-25,4105.139652621451,4179.052142717312,4085.1633039468943,4152.98291015625,403469
2025-09-26,4105.23937541557,4185.044785843522,4020.0402048713354,4044.51123046875,277563
2025-09-29,4064.3875337682975,4106.138147993831,3989.576211390607,4049.4052734375,300514
2025-09-30,4060.1926077371236,4077.172503021633,3969.0005331152315,4057.495849609375,264786
2025-10-01,4043.8120791080805,4052.202047428402,3990.575064814425,4029.229248046875,306108
2025-10-03,4045.6098779490244,4065.1867964258904,3972.296778718862,4032.425537109375,321537
2025-10-06,4045.2103898000905,4150.086214720834,4045.2103898000905,4126.81396484375,283710
2025-10-07,4127.612850321314,4208.717017198622,4119.122902534809,4196.53125,143928
2025-10-08,4170.0627493463135,4291.9184751954745,4165.268620787874,4249.8681640625,225852
2025-10-09,4262.9528041483,4294.914962005082,4205.021393032883,4245.77294921875,163108
2025-10-10,4237.38267088666,4299.309347211971,4226.995067882527,4273.140625,125166
2025-10-13,4244.973730365156,4319.885031489247,4222.300381476752,4306.5009765625,144821
2025-10-14,4332.869942189414,4371.7238420555595,4235.485244318628,4356.6416015625,282255
2025-10-15,4384.80816189385,4446.7348375287975,4337.164379267385,4415.3720703125,339777
2025-10-16,4429.755112202525,4429.755112202525,4027.131725884124,4167.66552734375,2234751
2025-10-17,4167.6652745227575,4184.7451483484165,4090.856075795886,4126.21435546875,756601
2025-10-20,4135.104160384754,4219.004824508504,4078.27154615598,4140.59765625,460659
2025-10-21,4175.056799609545,4204.9213428124,4125.115928800818,4138.8994140625,53168
2025-10-23,4146.49046805588,4177.553786820821,4062.090397527163,4076.37353515625,267544
2025-10-24,4093.653259733137,4143.09472279445,4079.2703862015205,4120.8212890625,237809
2025-10-27,4145.092081979562,4164.069611993444,4065.1866924474257,4079.96923828125,158580
2025-10-28,4087.959844809208,4101.144185529571,4037.6193022606853,4058.994140625,221079
2025-10-29,4064.088009839073,4091.9549176795936,4055.1986325449457,4083.365234375,124995
2025-10-30,4091.0560197475097,4124.016993372479,4060.1926601667074,4104.140625,135151
2025-10-31,4103.141810583689,4113.129984416659,4005.257707020593,4027.231689453125,146559
2025-11-03,3996.368323222262,4055.8976928568914,3967.302639875766,3979.388427734375,117226
2025-11-04,4002.0615492246907,4030.1281714477336,3966.603532037377,3985.38134765625,157170
2025-11-06,3985.3814098369926,3987.7784740589714,3913.3665776739012,3922.955322265625,145324
2025-11-07,3916.562638532727,3964.206178506701,3852.2388971817386,3932.144287109375,192921
2025-11-10,3932.2440437743085,4041.41483212297,3932.2440437743085,4027.631103515625,117565
2025-11-11,4054.799076148722,4070.180766042825,4014.2469935524205,4057.895263671875,90590
2025-11-12,4070.080753237664,4093.353490293699,4057.1961068644505,4068.3828125,133502
2025-11-13,4070.180902406307,4127.013514889329,4056.1974588152175,4108.7353515625,83236
2025-11-14,4125.115889632856,4125.115889632856,4067.3841947557485,4107.93603515625,71271
2025-11-17,4116.0266877607555,4159.075816932111,4107.13731009242,4145.9912109375,191767
2025-11-18,4165.06845156768,4165.867310385743,4079.170157362687,4121.0205078125,158991
2025-11-19,4121.020767398992,4144.992385896424,4088.2597505340323,4114.22900390625,57883
2025-11-20,4125.01590857784,4168.464465750207,4101.344228671733,4162.37158203125,140954
2025-11-21,4176.5550005989235,4176.5550005989235,4043.2128763420883,4075.574462890625,203118
2025-11-24,4075.5743954861523,4125.515265168376,4075.5743954861523,4102.94189453125,225356
2025-11-25,4102.941935261447,4123.517671315541,4040.216397399415,4066.68505859375,196940
2025-11-26,4069.0822156229347,4152.6834292890635,4035.2224024107963,4128.21240234375,165192
2025-11-27,4145.09197495984,4145.09197495984,4087.8596924147155,4130.80908203125,92208
2025-11-28,4116.226240775023,4201.025735469493,4116.226240775023,4140.697265625,168545
2025-12-01,4139.099310247748,4164.069745275787,4086.861111398709,4102.14306640625,104502
2025-12-02,4105.1396227947525,4190.039104044766,4071.1798302947473,4179.3515625,143908
2025-12-03,4195.033202678366,4195.033202678366,4107.536698338881,4156.6787109375,163110
2025-12-04,4152.084011884143,4200.027248008858,4114.328908517457,4180.15087890625,150609
2025-12-05,4186.743017141911,4186.743017141911,4117.92410932733,4158.576171875,124291
2025-12-08,4156.878025567784,4157.77735138333,4044.5113128568896,4090.35693359375,258231
2025-12-09,4046.309102835247,4085.1630005811903,3982.284812546994,4068.18310546875,167542
2025-12-10,4066.1854715577,4100.444711915739,3924.353406472661,3943.23095703125,116624
2025-12-11,3964.2061083654685,4069.6813187444673,3945.328557869836,4052.501708984375,249915
2025-12-12,4052.2021300760284,4083.964571682597,4009.5526765160544,4062.290283203125,131698
2025-12-15,4062.290110110083,4193.934040734021,4048.7060967150464,4162.970703125,443216
2025-12-16,4156.078913880497,4169.063539182213,4119.122672637147,4151.38427734375,132769
2025-12-17,4135.104056125352,4135.104056125352,4056.796869124996,4101.74365234375,276811
2025-12-18,4085.1632079580713,4094.1525646503997,4032.5255792078196,4081.967041015625,135330
2025-12-19,4095.1511838176543,4291.318816155381,4083.265354751722,4279.3330078125,376557
2025-12-22,4320.8837866245285,4475.4010232665605,4299.908622611788,4436.34716796875,631106
2025-12-23,4421.465009952108,4457.122497141178,4377.816496165949,4404.28515625,201217
2025-12-24,4404.485263318853,4429.755148339469,4381.811913363078,4403.5859375,136899
2025-12-26,4403.785763214781,4447.6337480067805,4340.46083980117,4362.23486328125,110584
2025-12-29,4362.234983083829,4427.9574601419545,4344.955637272645,4387.90478515625,212176
2025-12-30,4404.784536993825,4419.766797323736,4336.964936107852,4347.3525390625,181297
2025-12-31,4350.848331105513,4463.71469047533,4350.848331105513,4454.92529296875,280104
2026-01-01,4484.090718640086,4517.651080675808,4439.2439151146655,4509.1611328125,161348
2026-01-02,4524.642593461564,4577.1804835886505,4487.386901404861,4524.2431640625,128302
2026-01-05,4526.140968047329,4555.10667213502,4480.694777151124,4523.5439453125,118266
2026-01-06,4534.631141731442,4571.587386719121,4500.671349040062,4520.84765625,104585
2026-01-07,4494.677990676801,4581.87454861442,4482.692182701662,4532.8330078125,98814
2026-01-08,4545.318689382827,4553.808637566966,4386.206779615434,4399.19140625,158501
2026-01-09,4399.191358755197,4422.663568187346,4307.000705726627,4323.6806640625,156050
2026-01-12,4345.854208126679,4379.614038840315,4289.920437578507,4362.93408203125,96185
2026-01-13,4355.04362767122,4387.105274613399,4217.406303488271,4305.70166015625,353665
2026-01-14,4284.926811825078,4388.304416725754,4261.95401073604,4379.4150390625,280180
2026-01-15,4379.4150390625,4379.4150390625,4379.4150390625,4379.4150390625,0
2026-01-16,4413.274794761767,4442.939867381923,4315.4906663418715,4364.93212890625,197286
2026-01-19,4334.867522161427,4394.796566246609,4289.920739097542,4313.29296875,212411
2026-01-20,4280.931198639977,4313.292783515443,4045.2103020279765,4065.086669921875,575781
2026-01-21,4058.1950186710897,4063.888228971944,3862.7265059957567,3934.641357421875,420151
2026-01-22,3985.281268607603,3985.281268607603,3724.290243524651,3843.8486328125,1265952
2026-01-23,3854.436299220016,3940.3345945641263,3784.619061358994,3802.697509765625,490458
2026-01-27,3810.3884312565974,3853.2378443599,3754.7543504157143,3800.699951171875,401341
2026-01-28,3830.0,3898.0,3826.10009765625,3879.10009765625,116453
2026-01-29,3900.0,4026.89990234375,3878.199951171875,4005.300048828125,456449
2026-01-30,4011.89990234375,4047.199951171875,3940.39990234375,4021.10009765625,430431
2026-02-02,3949.89990234375,4101.7998046875,3928.39990234375,4079.800048828125,360527
2026-02-03,4300.0,4560.0,4282.10009765625,4367.0,969623
2026-02-04,4353.2001953125,4477.10009765625,4301.0,4423.2998046875,312397
2026-02-05,4423.2998046875,4467.7001953125,4342.60009765625,4443.0,252191
2026-02-06,4425.0,4485.2998046875,4408.0,4462.60009765625,204878
2026-02-09,4489.89990234375,4610.0,4455.7001953125,4599.10009765625,212259
2026-02-10,4628.0,4628.7998046875,4540.0,4590.60009765625,147718
2026-02-11,4592.0,4646.0,4585.2998046875,4605.89990234375,175173
2026-02-12,4627.0,4628.89990234375,4555.0,4591.2998046875,158260
2026-02-13,4589.10009765625,4618.89990234375,4510.0,4566.7998046875,184007
2026-02-16,4574.0,4585.0,4456.60009765625,4483.60009765625,111473
2026-02-17,4479.10009765625,4578.7998046875,4450.0,4567.7998046875,274597
2026-02-18,4589.0,4647.0,4567.7998046875,4606.89990234375,222240
2026-02-19,4644.39990234375,4644.39990234375,4551.0,4568.60009765625,99931
2026-02-20,4565.0,4785.0,4505.0,4756.0,410082
2026-02-23,4806.0,4849.89990234375,4687.60009765625,4765.7001953125,448451
2026-02-24,4760.10009765625,4823.0,4711.10009765625,4781.0,309101
2026-02-25,4819.39990234375,4974.5,4796.5,4944.0,362593
2026-02-26,4950.0,5061.0,4935.0,5009.10009765625,336133
2026-02-27,5009.39990234375,5110.0,4936.2998046875,5080.39990234375,394177
2026-03-02,4920.5,5303.0,4915.0,5206.0,1582606
2026-03-04,5123.0,5174.5,4963.0,4979.0,552306
2026-03-05,5042.0,5042.0,4861.5,4920.5,581342
2026-03-06,4930.5,5000.5,4903.0,4921.0,336511
2026-03-09,4860.0,4875.0,4670.5,4789.5,475141
2026-03-10,4854.5,4865.5,4429.0,4537.0,884481
2026-03-11,4537.0,4554.0,4303.5,4321.0,896337
2026-03-12,4300.0,4425.0,4265.0,4330.0,523034
2026-03-13,4330.0,4330.0,4144.0,4158.0,526941
2026-03-16,4117.0,4218.0,4063.0,4174.0,311508
2026-03-17,4200.0,4237.0,4110.5,4216.5,287485
2026-03-18,4248.0,4424.0,4224.0,4390.0,381581
2026-03-19,4331.0,4340.0,4185.0,4213.0,434290
2026-03-20,4234.0,4323.0,4176.5,4188.0,241373
2026-03-23,4110.0,4121.5,3937.0,3990.5,370258
2026-03-24,4123.5,4142.5,4000.0,4126.0,356052
2026-03-25,4219.0,4319.0,4166.0,4196.0,681413
2026-03-27,4196.0,4230.5,4101.5,4124.0,598658
2026-03-30,4074.0,4135.5,3962.0,4038.0,740360
2026-04-01,4131.2001953125,4217.7998046875,4092.300048828125,4134.7998046875,639264
2026-04-02,4100.0,4109.5,3953.300048828125,4048.10009765625,559572
2026-04-06,4058.199951171875,4150.89990234375,4009.300048828125,4123.10009765625,257078
2026-04-07,4137.0,4246.0,4031.0,4236.60009765625,400852
2026-04-08,4450.0,4580.5,4427.60009765625,4507.2001953125,758851
2026-04-09,4507.7998046875,4529.89990234375,4385.10009765625,4416.89990234375,476450
2026-04-10,4440.2998046875,4565.0,4419.39990234375,4459.0,312000
2026-04-13,4362.2001953125,4499.0,4301.0,4458.7001953125,334642
2026-04-15,4579.2998046875,4640.0,4535.0,4598.5,279299
2026-04-16,4640.0,4694.0,4587.0,4647.39990234375,340276
2026-04-17,4689.89990234375,4866.2001953125,4634.5,4839.2998046875,489014
2026-04-20,4839.2998046875,4954.39990234375,4725.39990234375,4880.60009765625,360940
2026-04-21,4930.7001953125,4996.89990234375,4807.0,4825.7001953125,411620
2026-04-22,4825.7998046875,4942.2998046875,4803.5,4909.7001953125,280906
2026-04-23,4859.0,4984.0,4826.2998046875,4839.5,367334
2026-04-24,4850.0,4887.39990234375,4750.0,4816.10009765625,262223
2026-04-27,4884.10009765625,5009.2001953125,4825.0,4888.7001953125,338902
2026-04-28,4899.0,4998.0,4889.39990234375,4965.10009765625,236667
2026-04-29,4997.0,5050.0,4917.10009765625,4935.2001953125,354086
2026-04-30,4935.2001953125,4935.2001953125,4747.60009765625,4857.5,724328
2026-05-01,4857.5,4857.5,4857.5,4857.5,0
2026-05-04,4900.89990234375,5070.10009765625,4791.89990234375,5058.2998046875,662781
2026-05-05,4950.0,5136.0,4720.10009765625,5018.2001953125,1875678
2026-05-06,5049.7998046875,5225.0,5048.10009765625,5148.60009765625,587088
2026-05-07,5127.89990234375,5245.0,4956.60009765625,5110.2001953125,1118993
2026-05-08,5126.0,5179.89990234375,5064.2998046875,5099.60009765625,361665
2026-05-11,5050.0,5221.0,5021.7001953125,5120.0,442843
2026-05-12,5120.0,5176.10009765625,4964.7998046875,4997.10009765625,236015
2026-05-13,4991.10009765625,5006.60009765625,4822.60009765625,4919.5,593722
2026-05-14,4942.7998046875,5180.0,4871.0,5144.7001953125,387925
2026-05-15,5228.89990234375,5247.7998046875,5073.0,5117.5,357710
2026-05-18,5074.89990234375,5115.7001953125,4950.0,5088.10009765625,374326
2026-05-19,5080.0,5180.0,5028.2998046875,5082.39990234375,324895
2026-05-20,5050.0,5139.0,5040.10009765625,5119.7998046875,266512
2026-05-21,5146.2001953125,5295.0,5146.2001953125,5237.0,550071
2026-05-22,5262.5,5325.0,5232.60009765625,5260.5,410075
2026-05-25,5325.0,5345.0,5264.0,5281.5,239111
2026-05-26,5289.60009765625,5328.89990234375,5267.2001953125,5305.5,239510
2026-05-27,5320.0,5455.0,5306.39990234375,5446.2001953125,328358
2026-05-28,5446.2001953125,5446.2001953125,5446.2001953125,5446.2001953125,0
2026-05-29,5474.89990234375,5476.2998046875,5230.0,5267.5,348840
2026-06-01,5289.5,5350.5,5157.0,5174.0,163199
2026-06-02,5109.0,5281.0,5067.5,5261.5,204472
2026-06-03,5299.0,5347.5,5204.5,5222.0,265111
2026-06-04,5222.0,5374.5,5186.0,5296.0,201738
2026-06-05,5336.0,5398.0,5287.0,5335.5,203971
2026-06-08,5289.0,5289.0,5107.0,5148.0,188537
2026-06-09,5218.0,5308.0,5131.0,5281.0,204371
2026-06-10,5295.0,5333.0,5152.0,5166.5,152639
2026-06-11,5159.0,5235.0,5118.0,5181.5,275475
2026-06-12,5234.0,5383.0,5211.5,5369.5,225909
2026-06-15,5444.5,5520.0,5409.0,5460.5,244814
2026-06-16,5469.5,5499.0,5345.0,5386.5,163833
2026-06-17,5430.0,5673.0,5410.5,5643.5,440733
2026-06-18,5643.5,5685.0,5580.0,5630.5,243449
2026-06-19,5649.5,5649.5,5470.5,5631.0,339856
2026-06-22,5639.0,5686.0,5603.0,5660.5,210697
2026-06-23,5669.0,5708.0,5542.5,5576.0,393864
2026-06-24,5589.0,5605.5,5401.0,5419.0,276743
2026-06-25,5440.0,5466.5,5230.0,5268.0,574864
2026-06-26,5268.0,5268.0,5268.0,5268.0,0
2026-06-29,5294.0,5600.0,5155.0,5452.0,1621316
2026-06-30,5390.0,5475.5,5261.0,5427.5,549555
2026-07-01,5454.0,5485.5,5191.5,5247.5,344483
2026-07-02,5273.5,5328.0,5169.0,5276.5,343597
2026-07-03,5275.0,5339.5,5231.0,5270.5,227732
2026-07-06,5287.0,5291.0,5195.5,5251.0,233716
2026-07-07,5253.5,5279.5,5073.5,5106.0,330868
2026-07-08,5085.0,5110.0,4959.5,5030.5,297571
2026-07-09,5030.5,5078.5,4925.0,5007.5,341857
2026-07-10,5037.0,5166.0,5037.0,5149.5,247260
2026-07-13,5139.0,5233.0,5090.0,5112.0,323058
2026-07-14,5062.0,5142.5,4998.0,5120.5,299911
2026-07-15,5120.0,5185.0,5032.0,5092.5,346133
2026-07-16,5131.5,5146.0,5027.5,5075.5,309292
2026-07-17,5077.5,5078.0,4881.0,4906.5,569747
2026-07-20,4870.0,4949.0,4861.5,4928.5,205653
2026-07-21,4940.0,4988.5,4914.0,4974.5,193449
