date,open,high,low,close,volume
2021-07-23,848.1522740839729,862.0426793303674,845.876991082248,858.256103515625,1504620
2021-07-26,854.8456849940596,860.3280412273677,851.9578122014277,856.2410888671875,1069900
2021-07-27,852.0145849141961,872.6858600493849,850.1461549234298,862.14208984375,2783140
2021-07-28,867.2460792697742,867.2460792697742,846.7640256653611,852.513671875,1752740
2021-07-29,849.0818572771991,860.9075098855167,841.0404135035433,847.4144287109375,2710720
2021-07-30,847.4143955646009,849.3632607285247,835.1299219737705,837.3815307617188,1667400
2021-08-02,841.7876372383316,846.7544105271238,836.0735036133595,837.9490356445312,639480
2021-08-03,835.8465425056723,869.4219239988957,835.0802425755015,864.8856201171875,1262560
2021-08-04,865.3586443792144,868.0004765193519,852.2557875115834,854.1597290039062,816440
2021-08-05,858.5423219206403,864.8856177232101,851.5415129479476,861.3213500976562,759280
2021-08-06,860.9074564254494,861.2859003823929,850.5008827763506,852.4237060546875,767480
2021-08-09,854.7581096755728,862.5630398413984,852.4236983005136,861.0162353515625,612720
2021-08-10,861.3804606330197,868.9819640579623,855.472369726162,864.3746948242188,1229340
2021-08-11,866.3472684418032,866.3472684418032,852.6460841562788,859.3843383789062,699700
2021-08-12,859.999335717658,863.1757477923805,855.231253058683,857.7785034179688,489880
2021-08-13,860.893185674235,865.1669921011738,857.6766432569867,864.197265625,822460
2021-08-16,864.1973765264362,875.0509927114857,859.8266199879604,865.4130859375,899420
2021-08-17,868.002835158111,889.1683842702934,865.7039353957224,886.0984497070312,1504020
2021-08-18,886.9711339882323,897.283124965694,886.9262103717087,894.53955078125,799760
2021-08-20,877.7117403770662,929.0752594831073,877.7117403770662,925.7711791992188,2862140
2021-08-23,931.8613588091245,950.5458885923531,925.127839625198,947.0478515625,2974840
2021-08-24,950.7823637052707,955.4653331645454,930.2057304609029,935.638427734375,1661680
2021-08-25,935.9293484040179,961.4254645221206,935.9293484040179,941.7877807617188,2003180
2021-08-26,944.8671329221003,951.7141731972623,936.8540996441607,948.544921875,1264080
2021-08-27,950.7824531941009,950.7824531941009,941.1327092848363,944.0347290039062,702080
2021-08-30,948.4172518500294,951.8466907906343,931.1163467742296,933.85986328125,2679160
2021-08-31,933.9899409367242,938.4813209968388,915.3054118574632,920.8753051757812,4547400
2021-09-01,934.0751792335434,940.8488873952448,924.8653174319492,937.8617553710938,2096860
2021-09-02,940.092074692671,959.7699487368149,934.7468567111564,957.4332275390625,1571540
2021-09-03,957.877798383852,962.2769639622948,950.8320657836158,958.6654052734375,939560
2021-09-06,958.3580323260536,962.5135830053379,953.6206687513525,956.6101684570312,681380
2021-09-07,953.9114657462754,964.627885245168,953.9114657462754,963.4807739257812,683060
2021-09-08,960.2429838918081,971.1225842019123,935.8821397191833,938.46484375,3447460
2021-09-09,941.7949209232929,970.8860247087187,938.502677899304,967.6788940429688,2207220
2021-09-13,960.2430131684756,969.703535465702,956.9318303644463,967.44482421875,750060
2021-09-14,967.3382690356509,974.8664970739657,954.5665657280898,956.9530029296875,1183700
2021-09-15,963.546983287572,963.5540856075748,950.2100389133391,951.6906127929688,752120
2021-09-16,951.068606464958,957.4852353615278,944.6330957897678,947.3695678710938,1025300
2021-09-17,953.3840816180705,960.1956688427188,950.7848055707891,954.3632202148438,1902580
2021-09-20,951.9649510663988,964.310919752859,950.8296769675709,961.3119506835938,1830260
2021-09-21,955.51252143458,961.6618594438124,946.1536858426481,955.0181884765625,2168220
2021-09-22,954.275642852174,954.275642852174,937.0693206376649,942.5138549804688,2150460
2021-09-23,946.0519862376016,951.7755892058528,937.5375183614632,938.436279296875,1074480
2021-09-24,942.5989906218736,945.1060517941786,936.591582859096,939.6307983398438,837880
2021-09-27,941.3217606359872,941.3217606359872,927.1830062569406,929.1271362304688,919480
2021-09-28,931.3882930541946,932.7435080689287,920.4637702805429,924.517578125,1153720
2021-09-29,924.5176182322745,931.8613595303609,918.6946973264556,922.7201538085938,925900
2021-09-30,921.3743094310335,926.6556637525463,913.7042082044361,919.8251953125,887460
2021-10-01,919.7992044835322,929.2573585603856,910.6721455627952,924.7636108398438,797380
2021-10-04,924.7635471269322,929.4961749994129,915.8753692965589,922.0673217773438,655920
2021-10-05,922.4008147859803,926.5184858411186,915.0618085536032,917.4600830078125,546560
2021-10-06,919.7944419403575,928.2781920718855,902.4391434558852,906.18310546875,1452160
2021-10-07,908.2479424917353,913.1390739897907,896.6375537049081,900.908935546875,953900
2021-10-08,901.3511659765843,907.2616243432852,895.7954771582866,898.1085815429688,1744920
2021-10-11,899.742795029679,907.9971338519913,898.8748107471135,902.7536010742188,776040
2021-10-12,902.0086961165803,920.0357128463954,897.3328287612022,918.4132080078125,1444980
2021-10-13,922.4008031981853,927.36994419383,909.4422452395929,913.9170532226562,1078500
2021-10-14,917.3867977061976,919.0305517975453,909.3926453481469,914.141845703125,843800
2021-10-18,927.1310070888065,927.1310070888065,909.1560181758603,919.4892578125,1126060
2021-10-19,921.2182682382414,933.3773825395709,912.1858493200423,916.1781616210938,1186040
2021-10-20,912.9402629175537,955.5126067841753,901.1359188027027,911.883056640625,4355380
2021-10-21,920.5086999095444,930.9152730842669,901.4315799633422,909.778076171875,1519240
2021-10-22,919.4681460971349,919.4681460971349,891.654188628098,899.0665283203125,910300
2021-10-25,898.7494522056979,898.7943758201238,880.0342051449518,884.3812866210938,1082920
2021-10-26,888.837396352805,917.3916932783961,886.8889045959246,914.4225463867188,2133160
2021-10-27,913.4567055858313,924.0533514065006,899.8600117667539,904.2875366210938,1057640
2021-10-28,904.544452461168,909.7071485293421,897.0977703124978,903.659423828125,629000
2021-10-29,904.0686002751187,913.585111856962,892.5607307643695,904.0757446289062,985500
2021-11-01,908.7745069829916,908.7745069829916,891.5043969691442,901.194580078125,851420
2021-11-02,899.3579654788268,905.68885071803,886.9174957276224,893.3126220703125,698980
2021-11-03,897.4070570370723,898.7370104629748,883.1798603696488,891.5615234375,889580
2021-11-04,899.3104395132142,901.641996713974,895.1183878380383,898.7989501953125,138100
2021-11-08,901.6418246636333,908.6340553959651,888.8421060591166,906.4119873046875,866240
2021-11-09,904.8751785562314,906.2098949798605,894.6021196648456,901.2493896484375,872960
2021-11-10,901.5895408307978,906.0955949908333,894.5520621379993,901.8274536132812,761180
2021-11-11,901.6895574397658,901.6895574397658,888.3688214198476,897.1216430664062,839120
2021-11-12,901.6894797020309,916.4020276373411,897.4474760430394,910.8467407226562,1330240
2021-11-15,913.585168400257,927.8123657124929,907.3922911349838,926.7465209960938,1016660
2021-11-16,925.4878715243992,932.5705397309982,919.3425657439357,926.0564575195312,922400
2021-11-17,923.2920098050582,930.9527903809816,921.3411364535517,926.7678833007812,1085520
2021-11-18,923.1016149853815,927.326948412393,917.3940895398055,923.3633422851562,832140
2021-11-22,923.7439696389215,930.993165313594,896.0985153114606,903.8473510742188,882760
2021-11-23,903.8783057512709,915.7929974624965,899.5340156633371,912.707275390625,739200
2021-11-24,913.5851063584854,917.8675365445407,901.6894669527759,908.2034912109375,687100
2021-11-25,908.1130063512932,914.0608253606675,899.5814292072116,912.5405883789062,594900
2021-11-26,911.1513161941361,924.7242531625676,903.2359526263224,914.6438598632812,1128820
2021-11-29,906.4477227556368,911.7912346834524,894.5520833493949,904.087646484375,962140
2021-11-30,904.087722093599,924.2864962609589,900.9972370407659,911.327392578125,3395600
2021-12-01,914.0608695550939,925.4759197030642,911.772120809225,922.9968872070312,1096240
2021-12-02,922.9969230323287,934.9972297714323,914.8579360839442,928.0120849609375,972000
2021-12-03,923.2064679921871,927.8029602303744,910.5875619236878,919.3594360351562,1508960
2021-12-06,923.1015975602498,923.8439133232283,900.6973693837199,904.8536987304688,698540
2021-12-07,914.8223019465877,925.1786532705372,902.9266617514947,920.448974609375,1408580
2021-12-08,914.7770547367203,929.0470591676616,914.7770547367203,926.8654174804688,671560
2021-12-09,927.8599559047318,930.1915130517904,911.7984598318444,917.6177978515625,810440
2021-12-10,914.5843920856661,918.8192516255823,905.5175676269319,916.9278564453125,788980
2021-12-13,914.5462950664953,920.6986873190383,900.4523436408915,903.2120971679688,1089800
2021-12-14,901.8370239439635,919.4354263630443,899.947952213803,915.4313354492188,1381340
2021-12-15,911.2559566474208,918.4909219125126,906.4477483570845,913.732666015625,1298180
2021-12-16,913.8231509553099,919.0739032099215,910.0355974091566,916.3045654296875,808340
2021-12-17,909.5430227667133,915.1577881230747,904.0686468737239,907.8585815429688,1085560
2021-12-20,904.0686419025157,907.3137469443055,885.0356178624627,898.418212890625,1426200
2021-12-21,903.4500338019109,917.6748492548985,899.312755811299,914.5606079101562,693560
2021-12-22,915.012664509883,920.2443648626917,904.6539315001476,913.137939453125,732240
2021-12-23,918.105464828767,918.3409961696084,911.4439066491336,913.991943359375,951380
2021-12-24,913.991936063587,924.721826136661,912.2099715881265,914.7366333007812,684400
2021-12-27,912.9190254794834,923.1017053929222,908.8007407866118,918.4552612304688,531760
2021-12-28,920.7224753992529,926.3633782225073,915.2504813594123,920.9603881835938,420980
2021-12-29,920.9604768674783,925.5283911498555,916.0380748256647,923.0850219726562,585380
2021-12-30,922.6258247815459,931.9044238445888,919.4472842634239,923.413330078125,797360
2021-12-31,921.9121767334499,942.8461234244764,920.7321384407006,937.647705078125,797740
2022-01-03,937.138471168772,942.8008071353958,934.4286700726966,936.3272094726562,517380
2022-01-04,936.3295372675155,949.1673012684034,933.9527909768977,946.371826171875,700680
2022-01-05,945.6558059208763,952.8407608402139,943.5193536306956,948.593994140625,648640
2022-01-06,939.7603311991328,948.594005660712,929.5253178060416,934.8807373046875,614180
2022-01-07,935.0211124846506,949.7478914760205,932.0019549281417,947.028564453125,979660
2022-01-10,947.0356789255305,950.171353246802,936.3795557250033,937.757080078125,412340
2022-01-11,930.2389991740683,943.3242024872585,930.2389991740683,940.3240966796875,635760
2022-01-12,944.5137996919733,944.5137996919733,935.4731134480703,937.7142333984375,474220
2022-01-13,939.7556126190678,939.7556126190678,932.6182282194294,938.0616455078125,707660
2022-01-14,938.0615485699726,938.2971379916308,916.9158877875449,923.1087646484375,743800
2022-01-17,923.1016361723443,928.5736304073865,909.3550280326456,919.923095703125,728060
2022-01-18,917.4868581127937,925.480751072956,913.0141441379319,922.1309204101562,724160
2022-01-19,921.6741323028983,925.2404426391132,883.7079913533144,901.0708618164062,1647660
2022-01-20,894.5521785237808,907.8752960762627,885.2759602512326,891.41650390625,1581120
2022-01-21,887.8905415478137,907.0306140862625,885.5137950742723,902.8433837890625,1104820
2022-01-24,902.8433653564273,905.9718952800393,885.035569968946,890.638427734375,1068740
2022-01-25,883.7580294219126,898.5514896995592,871.377095637776,894.1119995117188,1157600
2022-01-27,882.6565329985783,894.0763479807702,866.847238249443,874.8268432617188,1085180
2022-01-28,875.5192324292022,887.367303224022,872.1051600147229,874.7769165039062,748460
2022-01-31,876.8514561282352,886.9341729097754,876.8514561282352,881.3027954101562,595220
2022-02-01,885.035575319513,893.5147615647297,876.5182858541725,888.447265625,535820
2022-02-02,895.5037453816153,896.9312221277071,877.4532740468787,880.3082275390625,1208320
2022-02-03,876.470736059312,884.0672753338456,868.9098604703275,871.0748901367188,687080
2022-02-04,875.5190337962487,875.5190337962487,866.1357676568517,872.2667846679688,898480
2022-02-07,872.2668861051482,876.4707868459974,852.251251314687,859.94775390625,969380
2022-02-08,866.2403715618951,866.6805334078649,856.0101227354295,860.6327514648438,787700
2022-02-09,860.7684518343243,867.7702087983627,857.5066768617204,862.9120483398438,964860
2022-02-10,861.2919158079267,866.6164345305023,856.9619144201965,863.1405029296875,1008440
2022-02-11,862.9098273171583,862.9098273171583,838.4048060285817,847.6929321289062,1919600
2022-02-14,842.9725941481314,846.9814479324741,829.3544682388311,840.7957153320312,858340
2022-02-15,840.7957770026321,871.8671551087548,836.0946175581083,865.3887939453125,1003400
2022-02-16,864.4322341099049,875.3952731235455,858.0799747763696,867.1349487304688,808200
2022-02-17,875.5191399396814,875.5191399396814,854.589957034649,862.4815063476562,2276800
2022-02-18,855.9151390195902,867.5442891633147,847.4977536911479,856.9286499023438,1926560
2022-02-21,855.3917426008096,864.0993751768497,848.1592159982018,861.53466796875,740720
2022-02-22,855.7724306982542,865.6862395194872,844.0980321232106,861.767822265625,1261740
2022-02-23,861.7676636402483,866.4569152598489,848.6348897471195,852.995849609375,1184960
2022-02-24,843.6386840806717,854.9966374194626,835.5496498847488,844.3405151367188,2242100
2022-02-25,846.9696255773587,851.4875876331245,837.4531129304221,842.9298706054688,1619780
2022-02-28,842.2114206014785,845.5089179917233,824.6058711312781,839.3160400390625,3157460
2022-03-02,837.453060192515,851.2234252450468,830.6511122961579,849.0917358398438,1732620
2022-03-03,850.7761315280383,850.7761315280383,827.4392451978282,829.6732788085938,1339280
2022-03-04,823.1782203972036,834.7907571517372,809.9026756306102,827.5487060546875,1034100
2022-03-07,813.6618001046977,828.305344995348,810.8068464201199,825.1791381835938,1330840
2022-03-08,823.1782465752068,834.1222348244726,807.2380897773633,821.4319458007812,1954480
2022-03-09,826.9848668017117,826.9848668017117,812.0272616555344,815.83154296875,1422440
2022-03-10,823.178220052188,841.5094113959076,819.4191865056349,839.789306640625,1329780
2022-03-11,837.4530652294488,838.3119560039536,819.8475178354206,824.4844360351562,1465580
2022-03-14,831.6219049773262,831.6219049773262,816.4216800237268,826.3759155273438,773300
2022-03-15,828.8881640608861,835.5497222106292,820.5635978249851,830.8676147460938,1244220
2022-03-16,837.928784873894,851.0378018743297,831.314798180542,848.0828857421875,967800
2022-03-17,846.3008699405859,874.3222415562292,846.3008699405859,870.0089111328125,2017800
2022-03-21,873.1398874435722,874.091538547053,847.6118349758668,850.607177734375,806700
2022-03-22,843.4959680409034,850.2979155012549,820.9727831828227,829.3283081054688,2804480
2022-03-23,834.3601026620296,835.0738409876601,821.3224709636781,825.2813720703125,1185580
2022-03-24,824.5106536396075,832.6948310309244,821.2750162053575,828.322021484375,863620
2022-03-25,831.6479714257019,831.6479714257019,812.472177330297,816.5737915039062,1064340
2022-03-28,820.7990777854194,825.5073809192853,798.9111023778082,802.2442626953125,1602220
2022-03-29,804.145347637714,808.9012226809969,800.3387424417958,805.1873779296875,1675180
2022-03-30,814.042443661091,825.440824774015,809.9788745302855,823.0831298828125,1499400
2022-03-31,820.7991794859262,829.5448565449174,818.558059443659,827.0111083984375,1245620
2022-04-01,827.011084225629,837.8194464067323,820.7991554946868,835.41650390625,623180
2022-04-04,837.9288026791126,850.1337397864182,830.8889426798618,847.9282836914062,795680
2022-04-05,848.2065782377538,859.3409072575935,843.0866908877579,857.58984375,795640
2022-04-06,855.2964542635134,868.8574828846595,849.9672311618559,866.799560546875,941160
2022-04-07,863.623529414923,868.3817857753359,855.772406420242,865.45068359375,749740
2022-04-08,863.7185626008863,880.0869740374158,859.8001459513602,878.0314331054688,685620
2022-04-11,876.3755313965113,881.2408360849023,866.6211075082833,876.7728271484375,753380
2022-04-12,869.585574056673,880.2297904218118,867.073200944574,876.3660888671875,1098000
2022-04-13,879.0877289565441,882.6088497448424,868.3816537730407,874.6815795898438,546600
2022-04-18,870.7608236081213,889.1276796367903,870.7608236081213,883.2036743164062,1075460
2022-04-19,882.2043660979801,890.9833240815634,848.5039873606534,854.0402221679688,1318840
2022-04-20,865.9503329282819,876.4208784837731,856.0079468642954,871.0083618164062,1763540
2022-04-21,863.1566198338336,887.8736000969037,848.8113209887601,870.4225463867188,3706820
2022-04-22,862.6353334942335,872.6459298056822,852.6892373193697,869.6956176757812,2174140
2022-04-25,855.9360371889741,877.4539822579707,853.5499408387939,869.071533203125,1690140
2022-04-26,875.0631518299328,886.740245066332,870.2813859729387,880.5980224609375,1411860
2022-04-27,867.9861250911197,882.9865224238303,867.8905131213357,871.3812255859375,1348600
2022-04-28,872.1223120158221,886.2906859003774,869.0882957352318,881.16943359375,1579160
2022-04-29,880.3231385314856,892.5453606946028,873.4278108054131,876.5120849609375,1267960
2022-05-02,873.580862806584,883.6703776301842,870.7596091258471,881.7839965820312,831940
2022-05-04,874.1594051490745,883.2925664087096,859.3143917934682,864.9138793945312,1217140
2022-05-05,875.5484805219994,878.8120122682529,837.0958929140231,841.7700805664062,1266260
2022-05-06,836.7994849150571,841.5764645238136,811.7047860529368,812.6826782226562,1799940
2022-05-09,812.5869138092108,815.5444637835077,786.6004232578354,789.1993408203125,2302940
2022-05-10,795.6859023372512,797.5986088332542,784.2574693493992,789.9765014648438,1343540
2022-05-11,789.9763659679013,795.6427463161772,776.3148294755748,789.584228515625,1235740
2022-05-12,788.2502262841924,788.2502262841924,771.1435043920847,775.6024780273438,1435520
2022-05-13,788.5132143019538,791.9704217845216,779.662160756136,784.3507080078125,1108780
2022-05-16,789.0870282126605,789.9477694697513,771.5116443603436,775.5474853515625,1049660
2022-05-17,783.7314866241569,783.7314866241569,772.955760059927,780.5468139648438,1726100
2022-05-18,780.5468302078262,785.0871150116936,775.2199355018347,781.5127563476562,1920180
2022-05-19,773.2116423108808,776.795573964358,765.0826392686514,769.5894775390625,1410040
2022-05-20,780.4320481881457,810.987545816185,777.039399085454,806.3013916015625,3049540
2022-05-23,815.766886909745,830.5927547371803,808.6587964158414,812.627685546875,2063460
2022-05-24,820.0249794504701,826.207769570566,805.8757516422588,821.8468017578125,1848200
2022-05-25,826.2891896289867,840.9213823544329,822.6287336369144,826.468505859375,1630020
2022-05-26,833.7009160995754,847.807126036448,828.2712300547863,844.1012573242188,2111620
2022-05-27,848.7634542680133,852.4429974751748,836.1969593698274,843.5537109375,850540
2022-05-30,846.3725397938932,860.091397745614,843.2572123957054,846.7024536132812,1041160
2022-05-31,846.6140454280503,868.2539293335126,834.7528494351777,845.9661254882812,7190740
2022-06-01,840.6344339866434,853.4710703645783,821.5121570777668,824.4505615234375,1164940
2022-06-02,824.3764158624173,835.6781238899458,813.8589244229635,831.7307739257812,1377980
2022-06-03,839.8215216398289,840.0294980919014,818.9060834266065,821.0769653320312,1053720
2022-06-06,821.0770240328192,824.2234634024516,810.6575956639134,812.751953125,720020
2022-06-07,805.7298455721017,812.8785613409685,794.2512156445122,800.7974243164062,1015240
2022-06-08,795.2316392272904,801.4240030142854,786.4355710958702,799.6906127929688,1632720
2022-06-09,797.6081945846774,804.5297896546224,788.2765706120779,801.813720703125,574960
2022-06-10,796.6900966528078,806.8035443699671,790.7511800787684,802.1365356445312,896200
2022-06-13,798.0766589303453,811.4560294093365,790.9040107074842,805.9402465820312,2369280
2022-06-14,806.0384241925789,817.6820131144485,801.4240081753309,806.7532958984375,1321620
2022-06-15,816.0084878110587,816.0084878110587,796.6423326652351,803.44677734375,1295060
2022-06-16,810.4615075014236,810.4615075014236,794.4880046327609,806.8751831054688,1615080
2022-06-17,805.6319985764623,805.9643056464615,785.8832806785426,795.8006591796875,2912380
2022-06-20,798.5548875753915,813.9976212202965,790.786911378105,811.3269653320312,978040
2022-06-21,811.943836926761,822.4637217397108,806.2057179378793,811.5517578125,1112620
2022-06-22,810.5093484647258,810.5093484647258,793.0822277145312,802.1484375,1047280
2022-06-23,804.2930044865943,815.0495842777442,798.5548855485212,811.7669067382812,633500
2022-06-24,810.5117038890503,824.8546082052864,809.1727861040771,823.9771728515625,607600
2022-06-27,829.6364114375665,832.3715676148971,821.6365261583074,830.0308837890625,1276840
2022-06-28,827.2454834461704,836.8018353934641,815.338874929273,832.2137451171875,1044480
2022-06-29,829.6364353478446,838.0045261942926,824.9646404330405,836.763671875,1939440
2022-06-30,836.7637510100262,840.0990215743021,824.0992490415258,835.3746337890625,2056840
2022-07-01,832.0272347396246,852.5601087098107,828.7301979384398,850.9176025390625,770940
2022-07-04,851.1543704063492,861.839212805544,846.587760407668,860.457275390625,974580
2022-07-05,860.4573701235497,867.5630683643737,855.936230767393,860.000732421875,828760
2022-07-06,860.0005917923959,881.2029253178467,851.2140970055261,879.3021850585938,1567820
2022-07-07,879.3668496217688,887.0176759371295,869.0191000257028,870.5181884765625,1037580
2022-07-08,875.0631882180412,882.2358373017956,871.3333873460218,880.7606811523438,1176500
2022-07-11,879.8449412392922,885.8221487205375,877.0714936195278,884.1198120117188,787640
2022-07-12,880.645978578803,883.1922458145046,865.5499095074257,866.7023315429688,523780
2022-07-13,866.934151066283,876.2538080646989,866.934151066283,872.655517578125,455020
2022-07-14,872.6531611740702,881.8030752097137,867.063304661896,878.0900268554688,1045880
2022-07-15,879.8450396690306,900.7102825484843,878.7117633386516,897.6093139648438,990020
2022-07-18,900.8225942860705,907.196667670129,887.13957486052,890.6231079101562,879540
2022-07-19,889.4036338302298,891.7275649560617,871.5461438313414,878.778564453125,874560
2022-07-20,887.0175281461148,892.2774703615365,872.6722311949648,890.22607421875,1093260
2022-07-21,889.4084789979219,903.2732072268088,889.1096186219145,900.88232421875,1013120
2022-07-22,904.1243495548351,912.5522119155844,900.6719285996817,908.0071411132812,1264000
2022-07-25,908.0071520524283,909.0137044425796,894.766411822507,896.942138671875,719180
2022-07-26,898.0155707498697,898.0155707498697,872.6841794100048,885.0808715820312,2789420
2022-07-27,886.7306447605624,892.7078518968756,877.4540076107718,886.6301879882812,899460
2022-07-28,888.213071437358,925.0326711685433,882.7140403086746,913.9102783203125,2609140
2022-07-29,913.9102107900071,928.7647967421295,908.5857098513243,925.7068481445312,2276500
2022-08-01,929.6708923373585,932.4443398762256,913.5563647864252,920.7385864257812,1171340
2022-08-02,926.5627938461149,932.492195484333,922.8904301691787,930.4743041992188,1124380
2022-08-03,924.7959146203865,934.6559135323453,910.9264003474414,926.031982421875,1026500
2022-08-04,927.6147295626682,952.7094263394662,927.4760396801292,949.1804809570312,1765600
2022-08-05,948.7023972816155,957.3095762892108,943.3970417857365,952.5995483398438,1251200
2022-08-08,951.8105998827183,955.7459842821073,934.8353291990526,939.7581787109375,1149180
2022-08-10,949.2093015159327,963.5258813829354,932.68348964636,945.3312377929688,1444140
2022-08-11,946.7896746511869,955.5116112267651,936.6332082655313,941.0324096679688,1009220
2022-08-12,942.0078926509525,944.7072088705496,928.3176943939756,934.512451171875,978060
2022-08-16,934.8353086988791,949.4005501239244,931.621975764504,941.1926879882812,1321660
2022-08-17,941.147143228368,948.8912458088699,940.5351215538631,943.6958618164062,792000
2022-08-18,942.9642397741502,943.5739266034099,931.4880015618888,935.2010498046875,978420
2022-08-19,937.2261533588032,940.5686031850169,925.2717381373899,929.6183471679688,733960
2022-08-22,927.7104294976042,938.6606855421461,925.2717404605465,930.15869140625,795880
2022-08-23,922.8809036847656,941.4795932048883,920.545006157818,938.4526977539062,857620
2022-08-24,938.1275282827087,942.8184104993184,926.1348798522923,940.6235961914062,675360
2022-08-25,940.6211375345307,946.1201681968768,930.7252989085171,933.7186889648438,518180
2022-08-26,934.357088080453,940.3844948594152,929.0015334419696,933.7880859375,559780
2022-08-29,927.6626797454252,944.8292327613403,922.1684348325031,939.4425659179688,969240
2022-08-30,940.0951287537241,956.1140437146854,940.0951287537241,952.8074340820312,2195020
2022-09-01,942.0078832145506,958.744063880799,936.011530091356,943.58349609375,1581240
2022-09-02,944.5087654283562,949.0849482225406,933.8789088467682,935.3995361328125,624820
2022-09-05,932.4443943944134,936.3965311013484,919.3901495244241,920.9537963867188,994480
2022-09-06,921.0015687344246,923.2633930607658,905.9079525299986,910.5390625,1187400
2022-09-07,910.5391134796017,923.2179736116206,909.2528463850754,917.1093139648438,1114720
2022-09-08,918.1469056015584,921.7810361966315,908.7746556338956,914.4530029296875,1092940
2022-09-09,926.2280233070439,926.2280233070439,908.0955466177393,910.9861450195312,968680
2022-09-12,911.0005341429721,916.1839520278888,903.2803637680995,907.014892578125,871200
2022-09-13,907.1249754245528,921.2789916259427,907.1010432452141,911.5791625976562,1022920
2022-09-14,902.3669970682599,919.7415824989048,902.3646038505541,913.7356567382812,1232020
2022-09-15,917.8122714211562,920.8271425041155,907.4717013904033,908.9660034179688,669100
2022-09-16,908.9611636509358,908.965950086837,877.0022478808667,880.0458374023438,2323260
2022-09-19,884.4474014437671,900.88472221129,873.4995387524549,897.3103637695312,1072620
2022-09-20,899.4501150106618,904.7100572037066,888.217752215389,890.20458984375,1676000
2022-09-21,890.1735300162422,903.2468616685651,888.9804817566982,891.7945556640625,925980
2022-09-22,891.7945693619974,900.6456228659079,888.478445005912,891.2398681640625,1558620
2022-09-23,888.9780669665079,892.095787603155,882.2381820898678,884.4306030273438,716840
2022-09-26,884.425866299046,903.2708226936829,879.7278044915063,882.3936157226562,2261700
2022-09-27,886.9244450910807,898.7329914879972,886.8120222144737,892.8825073242188,1386280
2022-09-28,892.0384350007704,907.5313683013906,885.8555859647047,900.9301147460938,2110340
2022-09-29,905.43697869052,914.7518496602717,898.553617089837,907.53857421875,1743900
2022-09-30,906.1446628031387,917.859989578166,903.4668855002229,915.4595336914062,1619460
2022-10-03,914.1542456480082,915.419032275085,897.53760642412,908.1818237304688,1040920
2022-10-04,920.4900615466908,925.2718281001801,910.9839073035071,920.5785522460938,745780
2022-10-06,924.8939256046586,933.6469737881697,919.8802510514505,922.8880004882812,1340720
2022-10-07,921.6949819214251,926.7062634182732,916.5497969656735,923.885009765625,792260
2022-10-10,913.3173310273327,918.3381854649175,908.772259984939,914.228271484375,692380
2022-10-11,918.3381870418671,918.7996111303769,880.3351123244568,882.2334594726562,1098520
2022-10-12,886.5394331808242,897.3868975753101,882.2334504814719,895.4048461914062,774960
2022-10-13,898.4938256862745,904.7890392640152,889.6475586425298,897.2338256835938,605540
2022-10-14,906.5678074334687,909.192992180419,901.3628507054578,905.0926513671875,441300
2022-10-17,901.3629301920134,911.4046392286353,898.5990553147578,904.7173461914062,348500
2022-10-18,909.4918021546571,929.0516280286864,908.0572724982617,927.08154296875,1070220
2022-10-19,927.0816708021304,949.084974887004,920.7051459078175,943.8776245117188,2609600
2022-10-20,942.9164386840525,963.2245846501777,942.0078914799655,959.2748413085938,2257080
2022-10-21,959.2748062872689,973.0893346071903,955.5163453949966,970.4569702148438,1143860
2022-10-24,973.3284659262353,1006.5617395110415,973.0917708449023,998.1959838867188,903960
2022-10-25,994.6072972798272,1006.5042746840481,966.7295790124122,969.8568725585938,1427060
2022-10-27,978.7557973178949,979.066623793333,952.0496449194266,962.7249145507812,2029480
2022-10-28,962.7248373589282,974.1389099623481,958.7512203413013,969.8592529296875,1298600
2022-10-31,975.63158817604,984.6531685295568,969.2604467938723,979.5254516601562,1591100
2022-11-01,981.2642882424375,997.3930463889494,979.8428878133817,990.4230346679688,794120
2022-11-02,990.4252958613982,995.7165431923721,972.7525344734304,980.6773681640625,866340
2022-11-03,972.7670665172302,984.8936256529091,969.2628009610701,982.4139404296875,706560
2022-11-04,982.4139733671166,987.7797939369867,976.7018306580824,982.5029907226562,377460
2022-11-07,983.7631761620208,996.6786185241831,979.8524608940689,985.1460571289062,1354440
2022-11-09,991.6496335656057,1002.5641248989449,971.9060998180831,977.4330444335938,1044900
2022-11-10,976.4566170906535,981.2861027785875,964.2073930381024,970.4775390625,779820
2022-11-11,975.3308468569849,986.096132841332,971.6702726491044,977.5579833984375,716740
2022-11-14,977.5821721736097,980.9228480166308,956.8837573243904,965.181396484375,969520
2022-11-15,969.9337769504235,970.9895954976248,954.8296587657804,964.7171020507812,786820
2022-11-16,961.6674847779599,968.9838777219198,953.6272092631285,966.7543334960938,895520
2022-11-17,968.2984079078067,968.7649856959603,956.4003219984471,961.6121826171875,555640
2022-11-18,961.8045424723523,964.2457083087787,951.4625581446926,958.4421997070312,733720
2022-11-21,954.9258027188029,955.2913845006708,945.959595374172,950.5822143554688,996880
2022-11-22,950.5822777139481,954.7960396122812,940.4014174678483,943.4534912109375,948440
2022-11-23,947.6143552455651,953.0499331564823,938.4749274538566,941.1253662109375,1034440
2022-11-24,944.0066653755816,956.0033384566398,938.0347521904106,949.319580078125,1193920
2022-11-25,952.4246082931564,953.579074107529,935.1077972332808,939.40576171875,1157160
2022-11-28,939.1965857651202,954.6013456057,936.0699390007292,953.1679077148438,1060000
2022-11-29,950.0194469707408,980.0833535204478,949.0574019611502,967.875,1474460
2022-11-30,967.8751194993079,978.3518050397165,954.3680270356782,970.8887329101562,6267780
2022-12-01,971.1844763783482,978.8760218429676,958.918402011014,964.4260864257812,1058520
2022-12-02,964.4261522455644,968.6688040810393,946.6163390460978,950.0772705078125,1392340
2022-12-05,950.4908869951287,954.829719599565,940.5289292143373,950.1253051757812,1699980
2022-12-06,949.5865400726393,961.5640125023504,941.6015780256882,957.7687377929688,1362180
2022-12-07,958.1968682668006,965.8523605298685,953.7834631195595,957.7567138671875,1139120
2022-12-08,957.2348074765496,966.8071672950288,949.1055152070298,952.6819458007812,812480
2022-12-09,960.5057156090597,976.2327198229297,954.55065493276,973.6737060546875,1535100
2022-12-12,974.070610659278,987.0582188014018,969.0198741595633,985.4877319335938,1621200
2022-12-13,989.0304717449228,992.6356745430107,977.918804317662,980.72314453125,982680
2022-12-14,980.5716569197472,983.722319283016,962.3649657705649,965.0995483398438,1633600
2022-12-15,965.099528896614,969.2579780098973,944.4612434202146,949.43505859375,791080
2022-12-16,948.8169536219144,955.3107578672356,941.3659192260651,949.4759521484375,1386420
2022-12-19,952.4245773237286,967.8172977653243,952.4221698624169,965.9725952148438,1308960
2022-12-20,969.2603593091574,970.1190009321762,954.8801819531208,968.5653076171875,933520
2022-12-21,969.9819361576281,978.7846719841016,965.034602972872,977.1588134765625,1407560
2022-12-22,981.0454968531425,983.2100983416638,969.6212112192802,976.7932739257812,753760
2022-12-23,971.6655288939401,983.9316036398784,964.6931095390603,968.4306640625,1488080
2022-12-26,970.4605923964084,973.8613960070741,955.3107894512109,957.1146240234375,667640
2022-12-27,957.2348941227057,962.8965390472375,949.7790444448655,951.2702026367188,805820
2022-12-28,951.9436377686667,957.0376501925343,948.0954573229116,954.5219116210938,706920
2022-12-29,954.3486357126897,958.0789675321741,944.2736453316198,952.8093872070312,797020
2022-12-30,954.3269836216906,956.7537633002693,940.9690379694963,943.0927124023438,852880
2023-01-02,943.605089743773,948.3359275847182,938.0540709009123,940.9546508789062,503280
2023-01-03,942.7561140837015,950.5462484992747,936.8371057283733,948.9276123046875,628300
2023-01-04,951.4626345359947,952.3284986413037,937.9940027023204,938.9512329101562,639680
2023-01-05,939.9180819677221,956.953514715131,938.931962232578,951.2702026367188,1027860
2023-01-06,952.4246008148436,958.507140046837,951.2966170846182,956.5253295898438,787720
2023-01-09,958.9159069606102,969.948185730554,957.0663896164208,966.1672973632812,722880
2023-01-10,965.0778358287189,971.1362998923046,959.882769539765,963.197021484375,633360
2023-01-11,965.4121942056219,966.1289130603866,948.4513355132732,950.418701171875,650200
2023-01-12,950.4186468638417,959.6398691512114,949.5383968443565,955.947998046875,661240
2023-01-13,959.6399237937873,959.6399237937873,948.8193245957925,951.6718139648438,695420
2023-01-16,954.3487515992055,954.3487515992055,947.6625263236213,949.326904296875,485300
2023-01-17,949.3412351302933,960.4191980488445,948.2252887008742,959.4354858398438,803740
2023-01-18,959.637490852006,964.0604669531749,951.1426169650865,953.5477294921875,727980
2023-01-19,953.5477950971298,956.9943403755325,943.3645855366537,946.7052612304688,619980
2023-01-20,945.6949928843521,946.0677970430804,921.1508095584833,923.5655517578125,1440440
2023-01-23,925.968258825045,935.1076857952663,921.2085320684781,931.6010131835938,758000
2023-01-24,933.1836884033169,934.8191767143354,921.100405054796,927.9260864257812,754240
2023-01-25,930.7304063813388,930.8025714969032,921.1580473053148,925.2708129882812,823200
2023-01-27,926.4517363725988,932.8950421127241,915.1957982028595,924.3496704101562,895540
2023-01-30,923.8519398788394,924.2199291925845,912.8846604702918,921.9230346679688,996600
2023-01-31,923.5632546973585,923.5632546973585,910.5275559190421,914.796630859375,2350000
2023-02-01,918.7530764806257,922.4593341138153,909.8661965552411,918.2648315429688,1376100
2023-02-02,920.1480358662967,920.1480358662967,906.7515697639063,911.7589721679688,1418440
2023-02-03,914.2026246730563,916.5716255232229,902.8841498713109,914.1497192382812,1111560
2023-02-06,913.9427795938922,916.8289146873466,902.1240822223667,914.9769897460938,1382680
2023-02-07,915.0973356007868,918.7482804127793,908.1705989498274,912.8846435546875,797460
2023-02-08,911.5376623440889,917.0621988609329,908.6587496493516,913.6974487304688,465340
2023-02-09,913.8946180494057,918.0001613419217,911.5784642832865,913.9571533203125,694680
2023-02-10,914.4238059710973,917.3171634607323,907.9324094447323,915.0900268554688,527660
2023-02-13,918.5124812701553,923.5151271092916,911.5352474258254,915.23193359375,649780
2023-02-14,919.4649757438833,926.4494325744631,915.2656582715782,917.9305419921875,771780
2023-02-15,917.5505773812203,928.3158651411254,910.5781573870324,926.4951782226562,639960
2023-02-16,934.6268174336817,952.4174294521904,920.6771634421343,944.1919555664062,3480140
2023-02-17,941.6040304043207,941.6040304043207,905.3830096205454,914.9674072265625,3768700
2023-02-20,915.3858262045858,920.9175850071884,903.3602635902324,905.4310913085938,1306220
2023-02-21,908.22348640313,910.7584846549364,902.3983103267274,906.6649780273438,899080
2023-02-22,908.3052685319007,908.3052685319007,896.2003173548281,898.2687377929688,841600
2023-02-23,897.5856603621816,905.4840716796801,892.3449103461281,897.0108642578125,985360
2023-02-24,901.4963712704105,906.6794009027068,895.4234616793805,898.5933837890625,777500
2023-02-27,899.5120907471193,906.4869171192225,889.506799084537,895.7962036132812,1032500
2023-02-28,896.1546314621456,900.7147157952053,887.9748407331103,898.069091796875,2183640
2023-03-01,899.5121253534762,905.3036553676197,893.5065661510212,903.3049926757812,1278520
2023-03-02,904.3199042574889,904.3223117187629,887.8136451410029,889.0137939453125,781400
2023-03-03,892.2487615516765,895.4066464847127,885.3460995341404,887.4818115234375,920360
2023-03-06,890.9498716855312,892.491586413687,886.2839768146939,890.60595703125,1058980
2023-03-08,885.3220351974107,893.4416984829276,884.9636757334822,890.7695922851562,914920
2023-03-09,889.8916012406116,893.6916906328657,886.524443830512,891.6088256835938,1132300
2023-03-10,891.3347860663362,891.3347860663362,882.9192988941776,889.2062377929688,472680
2023-03-13,886.5220990663571,889.8868492532417,878.3495311290593,881.110595703125,729520
2023-03-14,882.6763445251868,886.7650360393362,876.0863593368684,878.57080078125,877580
2023-03-15,880.2712661986118,883.6913294817122,860.068319105529,865.5206909179688,1559160
2023-03-16,865.3594876919083,889.8916354808396,864.2892243605165,887.5177612304688,1660860
2023-03-17,889.8388669280592,907.9301191027328,888.6868084548083,907.1195678710938,2668600
2023-03-20,909.1326822220634,913.46188547074,897.208113594931,910.953369140625,1512900
2023-03-21,913.4617672017989,926.4012847579028,905.2867918077326,910.4505615234375,1955240
2023-03-22,914.375740843315,914.375740843315,899.4495976152062,905.2699584960938,564960
2023-03-23,905.270023239575,922.1154428734817,900.0004421747346,916.0809936523438,1133700
2023-03-24,914.1857147905675,918.753021309539,908.5553672829552,911.6868286132812,525980
2023-03-27,913.9428032955559,920.0902852964956,905.0462939880086,908.6996459960938,717080
2023-03-28,909.1325839790735,914.9024468921449,906.7274713230441,911.3452758789062,709620
2023-03-29,910.5756748529953,919.9556144513226,907.9877712202011,916.4898681640625,972120
2023-03-31,921.3986462953677,950.1108526170427,921.3986462953677,947.830810546875,2968880
2023-04-03,951.6550095894905,951.9436113712045,932.5126963767688,947.8765869140625,1274800
2023-04-05,945.642250666656,955.9361450661268,942.8522963659842,953.4852905273438,943020
2023-04-06,952.1840632157403,954.3486645213583,943.0446354809087,948.0111694335938,819560
2023-04-10,947.614408649465,948.4057001267859,938.0420483107636,939.4466552734375,448280
2023-04-11,945.113039506356,947.3738217881112,936.7913266983227,946.3925170898438,882520
2023-04-12,947.3738832999467,947.3738832999467,931.4977321731816,935.1222534179688,1137640
2023-04-13,937.9938749587279,946.652279958347,933.9653115214052,936.3271484375,923020
2023-04-17,942.3231227688117,981.7669696636776,938.0973234621073,973.8012084960938,3887020
2023-04-18,971.6655569141736,995.716684560564,971.6655569141736,993.8527221679688,2797200
2023-04-19,993.7853722296672,993.9681044192014,980.7087467125607,991.8059692382812,1797480
2023-04-20,990.6659438410156,996.7124301898316,980.3239589939257,984.8023071289062,1044260
2023-04-21,989.7333209020718,995.2395490177137,985.5902834651785,990.8814697265625,886100
2023-04-24,991.0795318784593,1001.1372814977768,986.2500605678892,1000.1849365234375,1157360
2023-04-25,1001.1373910406152,1011.7536368542101,981.7518752634843,999.02001953125,3369280
2023-04-26,995.8196634943948,1019.5077871045306,989.7043073642949,1016.4743041992188,2497880
2023-04-27,1018.408033316376,1024.8715637264543,1015.2076628065578,1022.3262329101562,2044640
2023-04-28,1024.0012237464778,1056.2774445367827,1021.4897664983184,1052.0135498046875,3330320
2023-05-02,1053.879761089468,1068.3343032631512,1047.7160147803438,1051.261962890625,1783400
2023-05-03,1051.2209510420817,1060.9306460240828,1043.1670312205617,1057.5394287109375,1140260
2023-05-04,1057.6916000333379,1063.3042867334113,1046.04086394016,1048.7432861328125,1270680
2023-05-05,1053.8774117325186,1067.3530533155804,1051.4577777630823,1064.508056640625,1101520
2023-05-08,1065.9656960938498,1078.051474961127,1051.9655487380255,1062.73876953125,1513120
2023-05-09,1063.5484776039464,1070.555868430063,1056.137440671495,1062.1634521484375,865740
2023-05-10,1062.1635169238866,1069.8283084549466,1062.0740538340442,1065.9656982421875,1208820
2023-05-11,1068.3343518182382,1074.9090620568536,1061.14579265938,1064.505615234375,1378740
2023-05-12,1064.4668051316933,1066.9033165611584,1050.979125750934,1053.596923828125,1339220
2023-05-15,1054.8466359196445,1064.5104186651977,1051.5230471836464,1053.23193359375,1451400
2023-05-16,1057.5054901206693,1063.01655723626,1050.0123083621,1052.9322509765625,1545140
2023-05-17,1052.9323532065437,1058.2935288814438,1044.2112367709651,1050.61669921875,1335760
2023-05-18,1056.2968884220702,1061.1311991242308,1046.6379450811667,1048.0592041015625,1023500
2023-05-19,1053.8797562212378,1053.8797562212378,1039.6717686865577,1048.5692138671875,1464400
2023-05-22,1048.9969905057267,1048.9969905057267,1035.6108130276493,1039.1253662109375,1021900
2023-05-23,1036.9596647912913,1044.6945620577999,1032.7102867214767,1034.721435546875,1109180
2023-05-24,1034.7214905063336,1039.2802127778732,1028.4996755350332,1033.604736328125,887280
2023-05-25,1039.3767467220487,1045.7580129108455,1030.2326296220945,1038.163330078125,1630040
2023-05-26,1038.649277781651,1045.612998378198,1033.0921810634413,1043.328857421875,1263180
2023-05-29,1050.2515958434233,1056.2968444728726,1041.8954146063086,1050.4691162109375,1068740
2023-05-30,1048.0785339194367,1050.4280607927806,1039.9109567511466,1042.9759521484375,939620
2023-05-31,1043.2442236391191,1056.7005082606518,1040.1019217606881,1047.7449951171875,8495880
2023-06-01,1053.2029416666162,1059.920225605312,1042.8961585462155,1057.4715576171875,1197320
2023-06-02,1063.5483984564728,1068.1409938134439,1054.8466388327379,1065.7939453125,1164960
2023-06-05,1063.5022900609333,1069.8182877608428,1053.396150825403,1055.530517578125,1630180
2023-06-06,1057.4645410746018,1060.2394310843038,1045.059622543714,1049.306640625,1570460
2023-06-07,1051.4576717333703,1084.0820673605128,1051.4576717333703,1081.326416015625,3136240
2023-06-08,1085.7862982131435,1091.4689743907543,1067.7761284449562,1070.7467041015625,1458580
2023-06-09,1068.4260737860425,1077.0842806083429,1065.5254877520883,1067.0989990234375,1418300
2023-06-12,1065.9654268620345,1080.4199675264285,1064.957492043108,1077.536376953125,1247040
2023-06-13,1080.4200604609791,1096.3250136163963,1077.681522566923,1087.3621826171875,1666940
2023-06-14,1088.9285338909026,1099.8541237717511,1087.7199561618338,1098.7784423828125,1447540
2023-06-15,1098.7784404567217,1111.8915087941307,1094.1254162079636,1110.257568359375,1475140
2023-06-16,1110.2574314814465,1120.3634533261356,1105.959663520167,1110.3709716796875,1470820
2023-06-19,1113.0999906177415,1119.1428787318441,1100.3494966969845,1101.973876953125,866620
2023-06-20,1101.9739015561158,1111.889077316111,1098.3553681415328,1109.7425537109375,1377540
2023-06-21,1109.7692257284955,1115.2609364668547,1100.5308062562183,1106.6510009765625,1292840
2023-06-22,1102.2229734385787,1106.610087326506,1087.3671442956072,1089.310546875,998060
2023-06-23,1089.3105001140964,1093.5188056768466,1085.4792849785672,1089.50146484375,870300
2023-06-26,1088.6889979500484,1097.3883956504592,1087.9614909301138,1094.0430908203125,700300
2023-06-27,1094.0697136655112,1105.606790737664,1087.9663967730482,1094.35498046875,882660
2023-06-28,1095.9383257783961,1102.2229302050036,1091.5874457907448,1099.5205078125,1112480
2023-06-30,1099.8057385733198,1109.2930737906831,1093.7628498998401,1106.7816162109375,737240
2023-07-03,1109.4742608970678,1109.4742608970678,1091.7323649487564,1094.127685546875,1105380
2023-07-04,1099.7089339518589,1104.3981913519117,1088.9525935020536,1093.716796875,602980
2023-07-05,1091.877638424981,1109.1843791086571,1091.5875325260167,1107.052490234375,777760
2023-07-06,1108.749282938762,1130.8638963591197,1107.2989895667035,1116.6993408203125,1807340
2023-07-07,1119.3870024597886,1123.8249846580147,1104.639994329797,1107.35693359375,1129280
2023-07-10,1105.5584370047643,1113.9411740219102,1090.137033497065,1091.599365234375,727760
2023-07-11,1093.0375740547688,1109.9504608059638,1090.1515049284876,1104.7510986328125,1370520
2023-07-12,1108.9425097986602,1116.7257974149522,1103.044674213883,1114.79443359375,961800
2023-07-13,1114.7945481317795,1117.7677204013155,1101.10386348561,1103.22607421875,864320
2023-07-14,1103.2260476483063,1121.5601964474229,1102.2229516810878,1118.5653076171875,909140
2023-07-17,1121.5600153188768,1131.0037982174301,1109.7159548122766,1115.3116455078125,835900
2023-07-18,1121.0767762874996,1121.0767762874996,1103.214019865013,1110.7869873046875,651680
2023-07-19,1109.474140309918,1113.099872794591,1102.2951427802072,1109.03662109375,557620
2023-07-20,1109.039149068114,1115.9763133829929,1099.8539596974226,1112.275634765625,755840
2023-07-21,1112.6142815820012,1123.1047125210703,1107.675990559853,1111.0478515625,736860
2023-07-24,1110.9317150506192,1114.240904338651,1097.7630584127653,1103.1944580078125,841620
2023-07-25,1118.6595788065326,1118.6595788065326,1096.1920709547035,1100.912841796875,1251520
2023-07-26,1101.782854796345,1107.0570447782643,1097.4850868996052,1102.2178955078125,689240
2023-07-27,1105.084872742074,1107.0573095594777,1067.2249913746018,1079.2745361328125,3587480
2023-07-28,1079.274414847325,1094.094008927738,1072.6030422662673,1086.796630859375,1344220
2023-07-31,1094.9714941232965,1095.1648193625192,1084.321492315447,1090.2967529296875,972180
2023-08-01,1092.9554242158722,1096.9050180022864,1084.0940955796066,1092.2496337890625,1300380
2023-08-02,1096.9051674617156,1108.9014818992541,1088.2324418414087,1106.2015380859375,2093220
2023-08-03,1106.4745849658384,1106.4745849658384,1082.9799056329914,1086.550048828125,899420
2023-08-04,1087.524094882693,1097.3329300970083,1083.4656816411343,1085.520263671875,820200
2023-08-07,1085.5201598181304,1090.2142561364215,1070.7997088700708,1085.752197265625,824920
2023-08-08,1086.269683664135,1087.6692261431792,1068.3827329317928,1074.631103515625,1160640
2023-08-09,1077.0843379769174,1080.770499591403,1071.4088623891944,1074.1064453125,745700
2023-08-10,1071.4283989401351,1075.3707938281743,1058.4724215116196,1063.052978515625,1411580
2023-08-11,1063.052851889292,1064.0317525660732,1051.462545130036,1055.929443359375,767260
2023-08-14,1056.019031719273,1065.482172143141,1049.49271169934,1058.68994140625,815760
2023-08-16,1069.8330467882704,1069.8330467882704,1053.1715510874783,1061.02978515625,578600
2023-08-17,1058.7140568528093,1064.9165153283604,1044.327143304433,1047.471923828125,1399840
2023-08-18,1047.4717200219604,1057.7469888950125,1036.9594566635292,1055.329833984375,1313340
2023-08-21,1055.3301629203336,1072.0617663579046,1050.7544447592395,1065.2091064453125,741920
2023-08-22,1065.2087368043804,1068.017499037363,1059.006279754725,1064.8026123046875,810440
2023-08-23,1068.3827644240982,1076.59141531689,1061.1312976972376,1072.4024658203125,1227560
2023-08-24,1077.2293516604975,1077.5677297651291,1070.4758345606986,1075.387451171875,920400
2023-08-25,1072.7336002667134,1077.106196754816,1068.9265803919498,1072.6611328125,839280
2023-08-28,1072.8059493727699,1073.9203429024108,1063.548292130875,1065.2137451171875,830140
2023-08-29,1066.9539668034333,1072.2403132788452,1061.13107799542,1066.5938720703125,1048560
2023-08-30,1066.5937738538591,1077.0842023090224,1064.0387656385944,1073.144287109375,1296640
2023-08-31,1075.6341644764625,1077.5194984985114,1047.5975220406463,1062.890869140625,4661300
2023-09-01,1065.9654617350495,1068.8515309310137,1056.780271815337,1059.4656982421875,716980
2023-09-04,1062.3493818150232,1062.5790587676486,1045.782190735882,1050.89208984375,1481820
2023-09-05,1051.6827734361013,1063.4809250756416,1051.6827734361013,1061.3465576171875,1246260
2023-09-06,1061.3463003660106,1068.3826061572556,1052.651741117413,1063.7464599609375,1125840
2023-09-07,1062.499263063086,1067.662273438942,1054.9601702804005,1058.5350341796875,823180
2023-09-08,1060.9377753034507,1062.5499988887564,1055.3299282000683,1057.9041748046875,609540
2023-09-11,1059.197278346375,1073.2144162789784,1057.4279634466775,1069.690185546875,939540
2023-09-12,1070.0407731659323,1082.6438538891957,1064.3749753318177,1078.9093017578125,987580
2023-09-13,1076.8693075928493,1091.0628963125491,1070.8022238142034,1072.240478515625,1016500
2023-09-14,1074.6674903273274,1088.2035630799883,1071.1384191832033,1086.64208984375,1621120
2023-09-15,1087.7199713277246,1097.436983614987,1078.9674607337877,1093.63232421875,2322820
2023-09-18,1093.520936518985,1104.1564186601954,1085.430666695504,1103.1605224609375,1150640
2023-09-20,1090.4295396415007,1103.5063738151878,1090.4295396415007,1096.4337158203125,1149000
2023-09-21,1095.4524730225298,1095.9359041052862,1080.468469960417,1089.3394775390625,923660
2023-09-22,1088.6867268112726,1094.485538919877,1081.9186920975258,1089.291015625,766020
2023-09-25,1091.1037799994651,1097.809024701422,1085.3509982409848,1094.4273681640625,688540
2023-09-26,1097.3887064230532,1114.9324416754052,1092.3634301954582,1112.159912109375,1320020
2023-09-27,1112.1329743431936,1112.15953000017,1099.392160251706,1105.751708984375,833060
2023-09-28,1107.0572006452949,1107.4414905953688,1085.1964608287603,1089.5787353515625,1039620
2023-09-29,1090.1829948627499,1097.6302647972745,1084.3359101256494,1088.053466796875,904580
2023-10-03,1088.0534273247772,1092.2979662071557,1075.8830267482342,1078.7884521484375,1000260
2023-10-04,1102.466898235408,1129.2368933140833,1090.1854359580695,1111.224365234375,4269760
2023-10-05,1112.133134966711,1117.0737861544242,1101.0142207723036,1107.961181640625,1360000
2023-10-06,1111.4058054484444,1115.159596235338,1102.943282159306,1107.6495361328125,776240
2023-10-09,1102.8052265698861,1110.963124505859,1102.2226544603382,1106.1795654296875,475100
2023-10-10,1109.9576728159118,1112.7132061512334,1103.4482313440737,1110.3468017578125,793260
2023-10-11,1110.346943115832,1125.1326645388579,1108.5075208132532,1121.6593017578125,1346760
2023-10-12,1122.6718952474573,1126.3942905425029,1110.0567767874256,1115.5242919921875,1084440
2023-10-13,1115.5194947656375,1140.89006454319,1109.7353178590727,1138.6904296875,1815820
2023-10-16,1138.4801110101337,1138.4801110101337,1110.6851864249252,1117.1390380859375,1732160
2023-10-17,1118.176009151309,1129.4012638739337,1118.176009151309,1127.617431640625,763320
2023-10-18,1127.6175162126597,1133.5081522747093,1121.5601105902879,1124.603271484375,713420
2023-10-19,1124.3107598597583,1171.2084119722504,1116.7499499703695,1166.6328125,5848240
2023-10-20,1165.0665009759139,1196.2501650332606,1160.3215353948747,1173.756103515625,4158680
2023-10-23,1174.737563762448,1192.8638693664939,1166.439450112173,1169.79443359375,1584600
2023-10-25,1173.7706524913156,1185.8419122956386,1167.6359404631069,1172.934326171875,2227000
2023-10-26,1172.8037423848627,1172.8327765742742,1132.2439239782368,1138.2674560546875,2538800
2023-10-27,1138.504296391866,1171.2567494104042,1133.1792373826613,1162.9876708984375,2608740
2023-10-30,1165.0687494899364,1172.3202147357244,1153.7104811078784,1168.534912109375,1452280
2023-10-31,1174.737551445242,1176.187844718631,1166.1349329466423,1171.5855712890625,1032780
2023-11-01,1176.7007579468655,1176.7031321655306,1156.2786786767133,1160.7861328125,1273800
2023-11-02,1166.4993523600601,1174.259722822047,1155.943102238269,1172.4119873046875,2141360
2023-11-03,1173.9242538455703,1176.7006649331317,1165.8502490692151,1166.9296875,954280
2023-11-06,1174.272032475979,1185.9637545794587,1169.8303438181208,1181.05517578125,1485520
2023-11-07,1180.93114667317,1190.3156030702842,1172.8133360675781,1184.942626953125,1059300
2023-11-08,1184.9207378259416,1187.0431707426692,1177.6756903769342,1180.6661376953125,726100
2023-11-09,1183.9943488426254,1187.1549087060657,1176.3288278066454,1178.00146484375,844460
2023-11-10,1178.001534052055,1179.107682584873,1169.6819152899293,1173.647216796875,566340
2023-11-13,1181.4660153063808,1181.4660153063808,1168.5319833888789,1171.150390625,570560
2023-11-15,1178.8887008037314,1179.0831492897994,1167.3648382975966,1175.4388427734375,1533940
2023-11-16,1176.4600636766515,1180.2260494881775,1169.2127608840135,1171.0069580078125,1388360
2023-11-17,1171.8382420628413,1190.5536123919974,1170.1169337010847,1185.114990234375,1401020
2023-11-20,1185.2122513533047,1186.6101912083868,1175.0475096726614,1181.68701171875,1082300
2023-11-21,1181.8061014748034,1187.390619074995,1175.740211112059,1185.1343994140625,906580
2023-11-22,1184.969187291023,1192.2604126604604,1179.618173374501,1184.03564453125,736420
2023-11-23,1187.108777770314,1195.6592891500939,1184.0503091860323,1186.099853515625,736280
2023-11-24,1188.856785321069,1189.9678009714137,1172.2297754873018,1173.7322998046875,808240
2023-11-28,1173.6861018319814,1179.6182059184034,1161.294223557196,1177.605224609375,1753940
2023-11-29,1177.721887720898,1183.2649759364126,1167.513222492359,1170.258056640625,1254300
2023-11-30,1170.8658636078696,1183.5178372953908,1165.291079540429,1178.45849609375,2944060
2023-12-01,1183.505832697915,1184.723806964948,1174.5807879300448,1183.440185546875,1273000
2023-12-04,1185.890694644969,1192.9898461660364,1173.7177189179897,1186.561767578125,1987840
2023-12-05,1188.905378529962,1199.7411933468277,1186.561668674142,1196.5830078125,1343740
2023-12-06,1202.4129615192155,1220.3114821368313,1201.1098717237628,1214.0682373046875,1592160
2023-12-07,1214.068489387603,1223.868552912261,1206.5220344821773,1214.3966064453125,1201700
2023-12-08,1215.3567724757775,1224.1431617374965,1203.752660650846,1205.369384765625,1401520
2023-12-11,1209.7650682695319,1221.4348277705242,1198.0466372862459,1217.712646484375,1078740
2023-12-12,1217.712707691383,1227.3062134664897,1205.984660533073,1213.0302734375,1282460
2023-12-13,1213.577318242544,1219.4899540718018,1207.090833725378,1217.7589111328125,891440
2023-12-14,1222.6016657430412,1222.6016657430412,1203.4487266124895,1205.54931640625,2094520
2023-12-15,1208.3088647303532,1213.273475219428,1177.6733682167696,1184.7918701171875,3190820
2023-12-18,1188.856773960526,1195.20709671206,1181.5145026369685,1184.2010498046875,1326480
2023-12-19,1194.6820385548563,1249.8800171417663,1191.8181369650838,1239.4112548828125,7057320
2023-12-20,1249.344964246128,1253.451294139686,1218.284011127997,1220.3529052734375,2889760
2023-12-21,1220.3529093641737,1227.6587363563501,1211.111975441892,1221.2330322265625,2212760
2023-12-22,1227.2697643528477,1235.5334701634072,1220.4624043287035,1233.5155029296875,1776560
2023-12-26,1239.231231683437,1244.7743198421122,1233.3476805779364,1242.9290771484375,1235700
2023-12-27,1244.7743807934926,1252.940743479988,1243.8262365503097,1250.631103515625,1428320
2023-12-28,1257.8956280076545,1282.4093176834056,1253.2933237105917,1276.3751220703125,3155440
2023-12-29,1276.3800299358215,1295.8296303919865,1271.3060869261938,1292.4405517578125,2068160
2024-01-01,1295.8295937247892,1334.4977820531587,1295.343353727144,1330.95556640625,2632200
2024-01-02,1337.1599466109542,1346.5444019784468,1314.017368980285,1323.6983642578125,2831540
2024-01-03,1329.6231660259264,1333.1386714277055,1292.085464985811,1295.10986328125,2026920
2024-01-04,1305.6053556554994,1320.1438831684018,1295.929227807237,1318.5076904296875,2647800
2024-01-05,1339.104798172864,1339.104798172864,1284.8647089854423,1296.5101318359375,5154128
2024-01-08,1304.5818613016936,1307.4993011704264,1269.5725828768998,1273.6083984375,2064756
2024-01-09,1283.6735826971483,1283.8194784373693,1257.8785273026567,1260.6258544921875,1626054
2024-01-10,1259.3616481901624,1275.115777308628,1249.855632084222,1253.575439453125,2052936
2024-01-11,1254.4991369821594,1259.3372009969391,1239.960609196855,1243.412841796875,1551334
2024-01-12,1243.412882004176,1244.7500419802445,1230.187177983067,1239.717529296875,2214110
2024-01-15,1246.719327172198,1252.6270955322634,1230.5031761148161,1238.720703125,1787668
2024-01-16,1243.2669793226419,1243.2669793226419,1230.8436425831026,1236.04638671875,1386740
2024-01-17,1236.0463090675019,1243.3884612072884,1227.9503425396467,1236.556884765625,1603238
2024-01-18,1232.6183064778645,1239.9119059244792,1213.7278364267615,1216.5723876953125,1269820
2024-01-19,1220.4624980020312,1226.2487069822835,1215.454201857682,1222.4803466796875,1882782
2024-01-23,1205.8752990422915,1214.7248440269445,1189.3431376844535,1197.560546875,1381076
2024-01-24,1204.8539601142438,1225.0329186336928,1193.7191124155943,1222.3829345703125,1318076
2024-01-25,1227.7804230060344,1229.2148073657952,1199.894509539683,1206.920654296875,1571546
2024-01-29,1206.9204907482026,1218.0311215166687,1204.2219538908316,1214.8948974609375,1265438
2024-01-30,1221.4349619791922,1230.7464111197748,1209.7652011959515,1211.7344970703125,1336068
2024-01-31,1219.9760538574608,1221.3132137411228,1206.7016792701943,1218.517333984375,1432188
2024-02-01,1220.4624198255085,1220.8999883482413,1197.4632437097164,1199.943115234375,1641132
2024-02-02,1200.0403395811848,1213.6550598033375,1197.6334752840992,1206.555908203125,1508122
2024-02-05,1218.0311089706686,1218.0311089706686,1194.5456949836594,1197.463134765625,1065954
2024-02-06,1197.2930250734012,1204.8782972993947,1189.2213941715715,1194.5213623046875,1540366
2024-02-07,1201.0127664952656,1221.2160616738404,1189.6833510691356,1215.405517578125,3094808
2024-02-08,1217.5206058102285,1222.3344529638528,1171.4008137355872,1178.183837890625,3308894
2024-02-09,1187.8115516355974,1199.0192898005487,1176.7252547719927,1191.3367919921875,1677638
2024-02-12,1196.0288208148531,1200.0159650087091,1186.0852367165428,1195.6884765625,890538
2024-02-13,1202.9576642776683,1204.2219356614419,1188.8323696594655,1194.86181640625,621970
2024-02-14,1191.2879296560866,1214.311439780955,1184.0186658275143,1209.27880859375,1018616
2024-02-15,1216.5929806051718,1216.5929806051718,1188.7990728318273,1196.3814697265625,1680952
2024-02-16,1198.0881640349294,1214.398776269175,1193.967862744964,1213.009033203125,1493232
2024-02-19,1216.5930164852844,1231.4651956447235,1209.9614397990672,1225.491943359375,955040
2024-02-20,1228.295674267131,1239.4132611463153,1217.6170099893618,1238.242919921875,1262888
2024-02-21,1238.2430700657023,1243.8994223880284,1227.8813049830892,1240.2911376953125,1786364
2024-02-22,1248.2879208798227,1251.1891912617275,1231.221484461544,1249.8238525390625,1504742
2024-02-23,1250.725794626142,1259.5028177463255,1244.36242905481,1257.5523681640625,1211238
2024-02-26,1261.9410311410406,1261.9410311410406,1251.5792664919886,1259.9417724609375,1323894
2024-02-27,1260.4781805242724,1268.4993815002254,1251.579253331016,1267.158447265625,1261744
2024-02-28,1268.2798418693449,1270.23029145315,1248.409636734329,1253.6026611328125,985574
2024-02-29,1253.870923754448,1270.8154552164003,1241.973228418269,1265.9393310546875,2774576
2024-03-01,1265.9393024510675,1275.8622625143462,1259.2590363096601,1268.499267578125,1511456
2024-03-04,1265.3054739095553,1268.3287662766822,1256.7722562030003,1262.4774169921875,1268620
2024-03-05,1262.916142142329,1265.4517028656157,1234.6346223569021,1237.877197265625,678604
2024-03-06,1238.5356112016407,1251.5792441148863,1223.0539160616202,1235.146728515625,1983280
2024-03-07,1233.6595168895515,1251.213565351221,1228.295779859597,1248.7510986328125,1297304
2024-03-11,1248.7510693967058,1282.9083450378735,1242.704722686538,1273.39990234375,2990598
2024-03-12,1270.742366692121,1275.1308784574157,1251.3597730620693,1262.9892578125,1726470
2024-03-13,1265.329864847095,1293.9526909826425,1244.8014527538478,1259.478515625,3627604
2024-03-14,1262.916095424481,1277.520062757353,1255.0654882939853,1274.00927734375,2245994
2024-03-15,1276.0574131314095,1282.3719707274233,1260.5757174081955,1269.5721435546875,2533984
2024-03-18,1269.5720901194436,1273.058590515928,1247.6783390381634,1258.2108154296875,1285192
2024-03-19,1258.0400185018889,1260.3561774506811,1203.5005227945605,1217.10498046875,3497728
2024-03-20,1225.8577395138957,1245.849850619731,1218.0803444904623,1243.53369140625,1399290
2024-03-21,1243.899280957958,1249.2874219974933,1231.2944523075062,1245.19140625,1807754
2024-03-22,1238.6330685079115,1263.8914161428056,1237.0727325440964,1254.82177734375,2027126
2024-03-26,1252.188693951079,1266.085647914321,1234.7077410841794,1261.0145263671875,1941704
2024-03-27,1261.0143937258958,1263.1842449564022,1244.26486125046,1251.4327392578125,1801192
2024-03-28,1251.725559550453,1286.662943862032,1251.725559550453,1278.6905517578125,4365832
2024-04-01,1278.6905088313356,1288.5646605805537,1259.259105795337,1260.770751953125,1486064
2024-04-02,1266.3296977478997,1282.4209106957937,1259.5031225578841,1279.1539306640625,1445766
2024-04-03,1279.153613535361,1279.4705139722075,1240.9735393790581,1245.337646484375,3850278
2024-04-04,1253.0665449260828,1253.1640436105463,1225.9065542492513,1243.216796875,2782752
2024-04-05,1255.6020205087175,1256.0896329438665,1235.609910667608,1237.3896484375,1532454
2024-04-08,1234.1471289178385,1242.070831345699,1215.5447612979117,1218.080322265625,2436980
2024-04-09,1221.9568204322716,1229.856118447093,1217.568308307814,1220.396484375,867882
2024-04-10,1225.8576809732397,1235.122317384732,1216.1298365503742,1232.4892578125,989760
2024-04-12,1235.9513205429635,1247.8003275327233,1226.93048972649,1236.6827392578125,2479930
2024-04-15,1223.9071717775282,1256.5772038528646,1223.9071717775282,1245.19140625,2293646
2024-04-16,1243.4848670618292,1259.8198844693493,1239.6571806790166,1241.5101318359375,1537722
2024-04-18,1238.5845133975265,1239.8278299900653,1175.438696965734,1200.7701416015625,6077666
2024-04-19,1184.8982400181717,1205.0610622146614,1175.145991129133,1188.65283203125,3702024
2024-04-22,1188.0676067078846,1210.2539707978533,1183.8498070872008,1198.892578125,2504706
2024-04-23,1194.1627552922757,1223.9071113857133,1182.923265778917,1219.6405029296875,2248818
2024-04-24,1226.3697451511061,1236.4877037276135,1213.3017073732103,1219.104248046875,1447036
2024-04-25,1228.7589289373705,1257.016045671301,1205.0122272167957,1249.5799560546875,6481728
2024-04-26,1255.577719460176,1259.4055250096735,1204.9148308950876,1210.619873046875,2643128
2024-04-29,1220.0064133361595,1230.9288851656872,1214.1550636319093,1223.809814453125,1243124
2024-04-30,1227.661713747895,1237.3652719202937,1219.2992087193918,1222.6392822265625,1625278
2024-05-02,1222.6394361091661,1239.0232624039868,1221.4692138221121,1225.02880859375,2223826
2024-05-03,1226.3940098821186,1230.2705047004076,1187.9457240527163,1197.6248779296875,2257460
2024-05-06,1206.5483236414682,1209.2545968284983,1193.1633843116958,1198.2589111328125,1431992
2024-05-07,1203.915115717785,1232.854961682826,1199.3072019637893,1223.2489013671875,2146918
2024-05-08,1220.2258356206057,1242.4366080549676,1212.033922087963,1238.048095703125,1398140
2024-05-09,1238.0479993328859,1243.3629273713277,1220.006338846349,1225.5894775390625,1404310
2024-05-10,1225.5895026353667,1242.9241492399713,1220.713378079698,1235.2198486328125,1394832
2024-05-13,1235.000439453125,1239.4620457764827,1221.9812107765313,1226.954833984375,680762
2024-05-14,1222.0055257869376,1228.2712739174021,1210.2540189195604,1212.86279296875,1113494
2024-05-15,1213.1796851229715,1218.5434216729525,1199.5265375412018,1201.964599609375,868812
2024-05-16,1204.402657392485,1209.2543770816883,1180.1683443302652,1203.59814453125,1944988
2024-05-17,1203.5982914182018,1203.5982914182018,1186.7512567218548,1192.456298828125,1442356
2024-05-21,1202.4524313213128,1213.9601340002173,1185.8736062341577,1199.9168701171875,2574902
2024-05-22,1205.377902195036,1212.9358947047542,1200.4529691348193,1203.9881591796875,1574654
2024-05-23,1209.7664623601186,1212.9359432167655,1197.3567495844486,1206.42626953125,1563326
2024-05-24,1207.7916749445649,1211.7169791086264,1198.5758469472141,1203.3056640625,907544
2024-05-27,1207.8158805547976,1208.7911053271469,1197.0884080589535,1199.4776611328125,1071662
2024-05-28,1200.087406309597,1203.2568874263645,1192.700124863538,1195.4794921875,1043344
2024-05-29,1193.528828078129,1217.5681428127048,1192.21229842894,1207.42578125,1739200
2024-05-30,1201.988999369859,1205.9143030935688,1170.5379988126033,1172.6103515625,2548428
2024-05-31,1182.7528615131375,1182.7528615131375,1143.4512485913367,1148.278564453125,5065946
2024-06-03,1157.982030125622,1164.8816984367209,1145.8892179735515,1148.3516845703125,2145030
2024-06-04,1152.6914487642848,1188.7991751662096,1134.8935940089252,1183.8011474609375,3117062
2024-06-05,1184.8983244338274,1255.138925870476,1184.8983244338274,1223.834228515625,4057558
2024-06-06,1227.8082386647086,1227.8082386647086,1195.9427151143166,1205.08544921875,1944280
2024-06-07,1207.5476639596725,1226.9546606426222,1202.9397507423146,1220.2255859375,2022404
2024-06-10,1223.9071650513101,1250.7258479508407,1222.4687322322625,1242.533935546875,1590348
2024-06-11,1248.2878787747818,1255.6020655644777,1235.6099550059755,1239.4864501953125,1138822
2024-06-12,1240.4860958775134,1245.7279298125304,1229.2710093188725,1237.2191162109375,960816
2024-06-13,1264.939858100785,1274.8384151814255,1241.0468467559358,1244.26513671875,2162544
2024-06-14,1250.530798169575,1250.530798169575,1235.6586200943152,1239.7545166015625,858944
2024-06-18,1242.924317079246,1245.8499922077183,1235.6101292580656,1243.5826416015625,519108
2024-06-19,1243.4116922872324,1248.0928192177737,1227.7350003342476,1231.7333984375,1568614
2024-06-20,1231.2212914272443,1243.9723078764991,1219.030981611133,1238.41357421875,1314826
2024-06-21,1234.9272949307929,1242.43647877753,1213.423539025857,1218.2508544921875,2543088
2024-06-24,1218.2508332341638,1234.6346583087952,1211.4730681548979,1233.683837890625,1448402
2024-06-25,1236.0975443458167,1237.7066892186635,1221.469171039949,1226.564697265625,625460
2024-06-26,1230.0512957918675,1241.9489927447098,1222.6638952554702,1235.73193359375,958712
2024-06-27,1234.2447235082604,1245.3623122032252,1222.9565418676607,1235.4881591796875,1732622
2024-06-28,1235.4880930192417,1254.9681873417092,1232.83062887306,1244.21630859375,2364066
2024-07-01,1248.190341786168,1263.4526348947984,1246.825003151459,1252.237548828125,1849028
2024-07-02,1260.6731498672789,1261.9409898247632,1235.1953999761106,1240.7054443359375,1162200
2024-07-03,1243.46057865273,1252.944617166032,1238.8769501129623,1244.1431884765625,631912
2024-07-04,1248.2878452755672,1250.725907473371,1239.5352257946527,1241.0467529296875,627352
2024-07-05,1243.7044433638162,1257.8452053322223,1234.8786098271976,1255.1876220703125,1583026
2024-07-08,1255.1875312556017,1277.5446095409718,1248.9948769956543,1269.4501953125,1448552
2024-07-09,1281.1043188658082,1287.3457825473995,1264.6718017609908,1283.9324951171875,1665146
2024-07-10,1286.272739031644,1292.148492428445,1266.8414557649778,1275.8134765625,1069980
2024-07-11,1277.5445997725233,1283.2009517257966,1250.0919954414926,1264.4765625,2107598
2024-07-12,1270.2303364798684,1277.4714284348233,1260.892606384798,1272.1807861328125,1451786
2024-07-15,1272.2053423278462,1277.3008688448235,1266.3295882382158,1270.279296875,695922
2024-07-16,1275.5438489913,1282.5224634298397,1258.1340185321596,1276.8660888671875,1514138
2024-07-18,1261.0478765328082,1290.3824958163455,1261.0478765328082,1286.5382080078125,1733594
2024-07-19,1290.3580699213107,1295.5736180260608,1266.6551960245981,1272.2381591796875,1077872
2024-07-22,1272.238180399717,1287.9828660899125,1256.2975320419166,1267.071533203125,1490342
2024-07-23,1271.6260354782692,1276.4742882301532,1248.804694029116,1264.255615234375,1936998
2024-07-24,1263.9861441496068,1263.9861441496068,1233.4761098611164,1244.5928955078125,2622088
2024-07-25,1246.258120653827,1252.0613177180549,1204.4598456374142,1214.842041015625,6938362
2024-07-26,1220.6943073708014,1220.6943073708014,1200.5664676549388,1213.0054931640625,3239386
2024-07-29,1216.2868348491809,1217.9273496541098,1204.2394948029564,1209.7734375,1605802
2024-07-30,1209.797879409765,1214.7195431087505,1200.3216083609314,1203.5782470703125,3429516
2024-07-31,1209.626379928458,1213.0544708837208,1200.8112889006393,1202.941650390625,1644722
2024-08-01,1207.1778469116407,1220.5474266945691,1202.9417534076554,1216.482666015625,2653524
2024-08-02,1214.5237707107583,1231.1744998253414,1207.177860807266,1221.918701171875,2310948
2024-08-05,1218.4415424702026,1238.4713415452024,1212.0995977432037,1229.65625,2651820
2024-08-06,1231.125436680094,1238.0306395754435,1224.80800220656,1228.48095703125,1898862
2024-08-07,1233.4026678441894,1238.4957837431841,1229.3379074982079,1235.4840087890625,1299940
2024-08-08,1233.4026691418508,1236.5613861961046,1213.544203957999,1218.980224609375,2850012
2024-08-09,1227.5506709259814,1230.1461303317321,1219.5190703371986,1226.6201171875,540012
2024-08-12,1225.1998031483815,1229.1910328839147,1208.8184486071577,1211.1446533203125,950040
2024-08-13,1211.5852595341548,1220.400350347257,1211.3403959004577,1216.8253173828125,623692
2024-08-14,1217.9027001628795,1220.3758467893003,1205.0229686093594,1211.879150390625,1123752
2024-08-16,1219.4210504335601,1240.6996789874936,1210.2876835634802,1236.7818603515625,1719668
2024-08-19,1239.0100656380018,1246.84570241674,1224.5876206046023,1225.86083984375,955402
2024-08-20,1229.5093760809918,1237.0511284851475,1223.853001996712,1233.378173828125,969464
2024-08-21,1238.9611529317065,1251.2533570232897,1234.9209023659757,1249.6617431640625,1249546
2024-08-22,1256.1506162947742,1256.175126574031,1246.3560695790254,1249.29443359375,1269810
2024-08-23,1249.2698551046158,1249.4658177656338,1234.1128188020332,1238.6182861328125,1023074
2024-08-26,1238.6183992640254,1246.3561153661935,1228.211692996233,1233.892578125,1266798
2024-08-27,1238.3490110409914,1240.3814512731633,1229.9502348453827,1234.822998046875,782130
2024-08-28,1233.623160154291,1233.623160154291,1219.421067401423,1220.6453857421875,1130322
2024-08-29,1223.7794778615714,1233.8433975893386,1219.739227716742,1226.5465087890625,1799588
2024-08-30,1226.5466567853994,1232.7906804899092,1220.3026330808896,1224.6856689453125,3808974
2024-09-02,1224.3182514554182,1232.1538882647328,1222.8735798311666,1229.16650390625,1751182
2024-09-03,1225.2977806572903,1253.2122384900103,1225.2977806572903,1239.37744140625,1975054
2024-09-04,1236.5860943016373,1244.6175751808373,1231.0276409406047,1241.33642578125,1005886
2024-09-05,1241.3364271150197,1241.4588589551533,1220.4739937313093,1226.718017578125,2238592
2024-09-06,1228.5299751825617,1233.7455231984802,1218.4660550701435,1225.8853759765625,1673400
2024-09-09,1221.9430822320048,1234.1128540342206,1218.8088751895502,1232.521240234375,1167196
2024-09-10,1238.5205074754888,1247.7763068594422,1231.1745969922415,1241.7037353515625,3044078
2024-09-11,1247.3354869933057,1254.4855537071685,1233.843475382894,1237.467529296875,1959876
2024-09-12,1238.9609985950592,1243.9072919509752,1218.4414733756007,1237.9571533203125,3109758
2024-09-13,1239.0102302969326,1254.1917785732983,1238.1532074103636,1239.69580078125,1465434
2024-09-16,1239.010182931185,1251.5472507889424,1224.3183625802224,1248.60888671875,788794
2024-09-17,1249.3678168076572,1266.0920766865643,1243.2707355265152,1247.2620849609375,1390374
2024-09-18,1248.7801580374735,1273.82978223933,1246.8457590323528,1271.895263671875,2354058
2024-09-19,1274.7603251179853,1311.0001499580665,1271.8953722212304,1290.039794921875,5068578
2024-09-20,1294.8389599793152,1324.34502932075,1288.5459164525182,1322.0433349609375,4645516
2024-09-23,1324.7857761298853,1336.8821362573885,1317.3664552569946,1334.580322265625,2144494
2024-09-24,1334.5069819657904,1354.9776083906138,1309.5308879913846,1320.500732421875,3080066
2024-09-25,1315.0403159214964,1324.5165876038302,1302.2094837583122,1320.966064453125,1437914
2024-09-26,1326.157165962487,1352.8473067879029,1326.157165962487,1349.4437255859375,2317212
2024-09-27,1346.7502607726374,1360.4626270641406,1337.4454407891174,1344.6444091796875,2194334
2024-09-30,1332.0583715698851,1341.8529184196636,1314.8199930267426,1317.342041015625,1766384
2024-10-01,1317.366434233817,1327.1609802132507,1308.9920495964698,1325.71630859375,1105518
2024-10-03,1314.9178279284415,1319.815101030596,1297.9488244544093,1309.9471435546875,1624730
2024-10-04,1304.1437497028292,1311.6611112934136,1268.5406002756786,1272.3848876953125,2066068
2024-10-07,1275.7151894977421,1283.085609756329,1257.08104060389,1260.4847412109375,2205716
2024-10-08,1258.8932253438966,1270.3527979787511,1249.588405312441,1264.3536376953125,2404340
2024-10-09,1263.0067516624074,1263.4964789798414,1209.1122364663238,1232.1539306640625,4733190
2024-10-10,1238.5204164903394,1239.8426563677194,1227.2566879101585,1230.4154052734375,2060004
2024-10-11,1234.1130307504627,1235.0924855367725,1222.4085938790001,1230.0972900390625,1256928
2024-10-14,1233.9660279344685,1233.9660279344685,1220.9637423731774,1225.3223876953125,1340768
2024-10-15,1225.3222728036258,1225.3222728036258,1210.6059428304568,1216.6051025390625,1590308
2024-10-16,1219.4209873781601,1220.9146795683384,1190.7474298066616,1205.8310546875,2473286
2024-10-17,1212.050559348295,1212.050559348295,1158.2050665313238,1164.914306640625,5255508
2024-10-18,1165.550954311709,1167.3384111015837,1139.1547011125215,1150.9815673828125,3278370
2024-10-21,1155.7565637971575,1162.612746802734,1142.533925143546,1153.136474609375,1497408
2024-10-22,1153.0629083726549,1167.999590770347,1145.9863729196563,1150.9815673828125,1934262
2024-10-23,1150.88365000072,1163.0533015067836,1136.2163414728786,1139.6688232421875,1414522
2024-10-24,1145.4721964063933,1145.961923724224,1085.2357363131969,1106.12255859375,5910994
2024-10-25,1111.1912252788309,1119.7614528867548,1105.3144977762543,1107.12646484375,2683018
2024-10-28,1112.1461886681932,1135.67760935932,1104.8492997188885,1112.6849365234375,1751130
2024-10-29,1116.578327107966,1119.4187695718488,1107.151075881287,1110.40771484375,1859662
2024-10-30,1115.9661654810711,1125.0261211854704,1106.8816994974356,1114.766357421875,1787546
2024-10-31,1120.0064826541425,1120.0064826541425,1106.783843812139,1108.228515625,1319530
2024-11-01,1122.8957498873983,1122.9202601664256,1110.8730395562663,1117.7047119140625,243228
2024-11-04,1118.0475024822197,1120.0064118163978,1092.5326605796133,1100.0255126953125,1926320
2024-11-05,1104.824925016146,1110.6526327797244,1095.1773199291385,1107.983642578125,1451860
2024-11-06,1110.7016083712465,1116.4313943432335,1105.828845245225,1114.423583984375,1613946
2024-11-07,1113.1502501339464,1118.953566970799,1097.8217603925332,1108.1795654296875,1783914
2024-11-08,1111.6809741845725,1125.3933386238537,1106.196052321326,1124.242431640625,1669990
2024-11-11,1116.5782541361323,1123.8507524320826,1103.9432657689679,1116.113037109375,1547190
2024-11-12,1121.6960137311985,1121.6960137311985,1097.4790195636049,1104.9228515625,2210678
2024-11-13,1097.6014501095724,1102.8415089706327,1088.1741983908398,1094.6630859375,1526776
2024-11-14,1096.5239680976797,1099.4133114300198,1066.8219347181403,1068.976806640625,2318476
2024-11-18,1072.845637037177,1086.6804340983117,1062.071635786028,1083.864501953125,1383330
2024-11-19,1089.643423898889,1098.776791739439,1079.3101283237172,1084.329833984375,1612040
2024-11-21,1080.1180982742223,1101.8864534079712,1071.033632712548,1082.885009765625,1655768
2024-11-22,1084.3543074515235,1103.2823418423575,1079.4570338025126,1100.5643310546875,1543916
2024-11-25,1106.0735284341415,1118.3656109388496,1100.0498592157883,1105.2899169921875,4059604
2024-11-26,1111.6810632665063,1120.4716451186348,1102.1313801239085,1109.3548583984375,634244
2024-11-27,1114.913327724581,1115.0112492816638,1102.1068858433762,1113.615478515625,874722
2024-11-28,1113.664550544404,1121.230814504437,1091.112581225545,1095.15283203125,2492756
2024-11-29,1090.622774339608,1108.2529583882053,1090.622774339608,1094.369140625,2698320
2024-12-02,1098.360424442499,1105.3145282665794,1088.7128204387702,1102.79248046875,936544
2024-12-03,1107.7631530400242,1110.1383782708992,1101.88642543769,1107.6162109375,1532464
2024-12-04,1107.2735244863482,1114.1297073005053,1097.699331001254,1105.7064208984375,1937738
2024-12-05,1105.7064182954339,1115.1091593631027,1087.6844281710369,1109.477294921875,2375568
2024-12-06,1109.942335992235,1122.4303812513715,1104.3840032711491,1110.603515625,1291202
2024-12-09,1111.6809160982632,1114.9131639435661,1084.084736281203,1091.5286865234375,1939702
2024-12-10,1091.6022412825384,1096.9892420246238,1082.2974218189368,1084.4766845703125,1830596
2024-12-11,1089.643149491886,1103.8452399796456,1088.6636949754889,1097.5032958984375,1469722
2024-12-12,1101.8619907056723,1103.8454103199126,1084.7950648611543,1089.1781005859375,1931220
2024-12-13,1089.6432359017049,1105.7308254342188,1081.4403036763777,1103.6004638671875,1109322
2024-12-16,1103.6004305381073,1105.5593396670854,1091.3817587585706,1096.376953125,1331372
2024-12-17,1090.133088034588,1094.0263965793858,1077.400176853591,1078.8448486328125,2997812
2024-12-18,1078.8447405680727,1084.2317409127404,1067.8503865043756,1071.5478515625,1932332
2024-12-19,1070.054175625308,1074.5841532566737,1051.6403808880132,1058.0068359375,3107980
2024-12-20,1057.8111007193206,1065.1570111409824,1050.6610334172985,1059.525146484375,3303524
2024-12-23,1062.708322884699,1067.6055962620478,1051.7873793407434,1053.6973876953125,877434
2024-12-24,1053.7462532668687,1065.1569237649555,1053.7462532668687,1061.0921630859375,645132
2024-12-26,1056.9295068728277,1065.646677318507,1051.1507004271073,1052.86474609375,1047852
2024-12-27,1057.3213405569916,1062.243124299287,1053.4035217869796,1060.5535888671875,925334
2024-12-30,1064.6671657463871,1066.1363476678403,1052.4239830676108,1057.761962890625,2470980
2024-12-31,1055.362368053192,1064.9365610122668,1051.8118450052175,1062.7327880859375,1271114
2025-01-01,1062.7083599692432,1067.2383380013703,1056.4888464754401,1062.341064453125,908580
2025-01-02,1062.2184577617957,1081.1953896374387,1059.3535053827372,1077.4979248046875,1258328
2025-01-03,1077.4980463628997,1095.9852530499713,1076.4451804294977,1093.4141845703125,2022900
2025-01-06,1098.7031222345627,1099.3886925826355,1062.708168151995,1070.0540771484375,2276932
2025-01-07,1072.6008593257118,1085.3827914774315,1067.556643514168,1083.59521484375,1191638
2025-01-08,1088.6639546405856,1089.61889910938,1074.7312347341058,1087.145751953125,899000
2025-01-09,1084.9663878388772,1112.5625706712315,1079.3835441095155,1104.849365234375,2294636
2025-01-10,1112.6850191440194,1115.5988728846087,1097.6013932627873,1100.8580322265625,1619708
2025-01-13,1099.4377722145753,1107.346820167491,1087.953691112149,1095.69140625,1609062
2025-01-14,1102.4740547140054,1105.1186538255058,1077.0327458330073,1086.7293701171875,1405098
2025-01-15,1086.729296171033,1087.243533704583,1063.785526300494,1077.228515625,1447250
2025-01-16,1079.897740142927,1086.3376064506783,1056.0969450291393,1062.365478515625,2651618
2025-01-17,1067.9238072235603,1090.3044408670125,1063.957087762971,1085.8233642578125,911802
2025-01-20,1086.8027835944508,1089.6432258033924,1078.550950453291,1084.2562255859375,802216
2025-01-21,1089.643237283974,1096.9891467488098,1073.261883089856,1075.6614990234375,1528828
2025-01-22,1075.6615179519883,1083.7420185055014,1074.5351212350931,1081.219970703125,896072
2025-01-23,1074.5352710178724,1082.1016546043643,1060.2597658750253,1076.885986328125,992014
2025-01-24,1078.3794557407605,1088.541296661115,1072.5517490137754,1081.268798828125,1327200
2025-01-27,1068.6094569572567,1093.0222906240829,1062.0226488198366,1065.034423828125,1099972
2025-01-28,1065.0344684028507,1068.511580131984,1049.2897831967905,1055.9990234375,1442066
2025-01-29,1055.999065234783,1070.0051951306505,1043.7313717099596,1067.9483642578125,794290
2025-01-30,1072.0130341370755,1093.4140927242859,1067.9482737315368,1085.8968505859375,1149120
2025-01-31,1085.89698558934,1168.979182557391,1082.0525780731275,1132.8372802734375,6279774
2025-02-01,1132.7392555620097,1162.6126211431954,1105.4369583300245,1139.693359375,2493130
2025-02-03,1139.6932438502913,1162.6125032952818,1132.102471398279,1134.7470703125,2281742
2025-02-04,1137.3426109524794,1137.5385736059584,1118.3901887339227,1126.1033935546875,2487034
2025-02-05,1118.4393606515434,1125.3444446405679,1089.7658000169133,1101.372314453125,2950590
2025-02-06,1111.1913151913373,1111.1913151913373,1090.622767268007,1096.7198486328125,1973914
2025-02-07,1101.0569688863627,1103.0284227250133,1088.0207544438842,1096.6705322265625,1585116
2025-02-10,1101.5498598448944,1110.1749706043065,1087.355367786663,1094.6744384765625,1520362
2025-02-11,1094.6744732841275,1100.120638888128,1073.432008835727,1082.081787109375,953674
2025-02-12,1091.1997235576923,1091.1997235576923,1070.3515746924138,1081.21923828125,1006516
2025-02-13,1081.2193503345854,1089.3269311979884,1070.8198818993094,1073.2349853515625,1022294
2025-02-14,1073.2349681662563,1096.6213178223038,1069.5384918140462,1082.25439453125,1921722
2025-02-17,1082.2544231416678,1094.1570291792382,1069.5138528463724,1092.4320068359375,1603030
2025-02-18,1092.4319970998413,1098.839222889283,1084.2750817407577,1095.33984375,906118
2025-02-19,1087.2569106375206,1096.1284538793498,1083.0922380145964,1086.7393798828125,852958
2025-02-20,1086.7392865301758,1091.6679212411477,1077.79386266096,1087.62646484375,1316934
2025-02-21,1092.6536957350927,1093.2205609483217,1079.0260682973858,1091.66796875,1188490
2025-02-24,1083.8067737481306,1102.954567745684,1082.3528505729125,1094.35400390625,968084
2025-02-25,1095.3643828084832,1112.0970733656543,1091.1258292098212,1109.139892578125,1285668
2025-02-27,1113.970010120733,1124.6159093883025,1108.9428267052685,1122.841552734375,1502006
2025-02-28,1114.3643442616553,1118.8001156452708,1076.9067192444568,1079.198486328125,3687132
2025-03-03,1078.5085638420096,1084.2997100205284,1060.0508496620337,1077.1778564453125,1043550
2025-03-04,1064.5850530660377,1066.6058413442574,1043.8847881453091,1057.931396484375,2085044
2025-03-05,1039.9419229791333,1088.9079569150601,1039.9419229791333,1082.821044921875,1693328
2025-03-06,1077.8924756394522,1092.3826144235686,1069.661679246352,1084.89111328125,2514922
2025-03-07,1084.7925306894954,1106.9713875186765,1079.9871117098396,1103.250244140625,1051212
2025-03-10,1103.6199765294396,1120.7716511937851,1062.1702264459468,1108.154296875,1013160
2025-03-11,1104.4084102107627,1120.0074898114024,1100.9336989252781,1109.6326904296875,957110
2025-03-12,1108.4499836980115,1110.9636356161657,1080.1842145507685,1082.081787109375,717178
2025-03-13,1085.3347901743698,1090.090874943906,1076.4632469398314,1080.3321533203125,584340
2025-03-17,1072.2492490691889,1085.9508789149836,1062.6137432408975,1071.6578369140625,820010
2025-03-18,1071.6578369140625,1071.6578369140625,1071.6578369140625,1071.6578369140625,0
2025-03-19,1087.5033697610372,1090.9040799581142,1074.5163677240084,1076.4139404296875,845086
2025-03-20,1086.271120215916,1098.4694914615347,1075.009141459973,1094.9208984375,953748
2025-03-21,1104.4577673706547,1121.2644608267756,1100.0466631178376,1118.2333984375,1585274
2025-03-24,1120.328086379809,1127.9674707416293,1113.8961935450627,1115.6212158203125,861902
2025-03-25,1113.8714507118227,1123.7287201871486,1099.1840951279878,1111.333251953125,1484284
2025-03-26,1111.3578626422513,1118.7262682603077,1104.063579074308,1105.714599609375,1066938
2025-03-27,1104.1128125771504,1117.8144422398716,1096.7445271579693,1105.024658203125,1731172
2025-03-28,1105.517475193002,1127.646997760458,1105.517475193002,1109.3125,1432302
2025-04-01,1114.8078497032716,1127.597753184735,1093.2205256884024,1101.0570068359375,2040110
2025-04-02,1099.0855311640705,1099.0855311640705,1058.6707268791135,1089.5732421875,2601704
2025-04-03,1083.3385986230503,1108.474636157424,1081.8353409401989,1106.798828125,635716
2025-04-04,1101.0570925274824,1125.1088561254655,1092.8016286511013,1114.93115234375,1183470
2025-04-07,1064.5851020592486,1112.5654093040896,1064.5851020592486,1108.449951171875,1474570
2025-04-08,1111.4073016655084,1125.1828137779767,1099.7017923907606,1121.461669921875,1747016
2025-04-09,1125.3059327009419,1164.4393672695312,1119.884434135581,1155.6910400390625,3706748
2025-04-11,1156.1098457181351,1169.0721793609666,1144.4536724994666,1163.8477783203125,2236634
2025-04-15,1173.7050486125815,1173.7050486125815,1156.0606322087224,1167.0513916015625,1561748
2025-04-16,1156.750512267111,1177.9929750036383,1156.750512267111,1174.6414794921875,1354424
2025-04-17,1169.0721953480534,1194.3067819071669,1162.4678727298167,1191.053955078125,1815842
2025-04-21,1183.3652899050483,1193.2225601249986,1178.1902230395742,1182.57666015625,953130
2025-04-22,1185.3368487432585,1192.7298020618234,1177.9438954246934,1186.470458984375,975908
2025-04-23,1192.3846812704378,1203.52332409568,1182.872391721411,1199.333984375,1165112
2025-04-24,1200.122529859617,1239.5516068159907,1172.5221759901558,1199.2353515625,4674476
2025-04-25,1196.1303234329278,1200.2211143550035,1176.6130019530442,1189.5260009765625,2256568
2025-04-28,1182.872408821696,1191.9410491581273,1175.9723197702358,1185.82958984375,1961052
2025-04-29,1185.8295221490512,1185.8295221490512,1162.7634874281835,1176.7115478515625,1952120
2025-04-30,1170.5507447965754,1186.0266096702662,1165.2771297171962,1177.0565185546875,2040862
2025-05-02,1170.5507104818705,1175.38079642651,1146.8932645437105,1149.259033203125,1265148
2025-05-05,1157.6869912803882,1159.2149162144215,1145.266855529405,1147.4847412109375,1827594
2025-05-06,1151.8220228830164,1170.1565213896226,1148.3719783129775,1161.432861328125,1742026
2025-05-07,1148.8648211135294,1161.1864086415594,1147.0412502249815,1152.511962890625,1353304
2025-05-08,1147.3861657675973,1158.278496658016,1141.0282750936403,1153.6455078125,2693092
2025-05-09,1134.571657701685,1157.7362397659676,1129.4951401198716,1146.1046142578125,1816458
2025-05-12,1163.0593372600815,1177.4509277148968,1156.2577967430507,1174.8880615234375,801500
2025-05-13,1173.015145021203,1177.8452314486558,1154.2863317813685,1168.18505859375,2333552
2025-05-14,1165.622154619381,1172.6207921164005,1159.855675848175,1168.2835693359375,1203066
2025-05-15,1168.086401710827,1190.2159229622525,1154.039793082659,1181.9359130859375,1928224
2025-05-16,1190.0683493886488,1190.0683493886488,1171.388749063929,1187.209716796875,1369102
2025-05-19,1184.8438914502012,1193.7647692133708,1180.999531963089,1186.716796875,845862
2025-05-20,1192.6311360901761,1192.6311360901761,1160.3485764416062,1162.4185791015625,1555350
2025-05-21,1162.4185267941418,1181.8866344084595,1162.4185267941418,1179.2252197265625,1350296
2025-05-22,1175.479471388035,1175.479471388035,1153.3006134373175,1163.9957275390625,2161612
2025-05-23,1161.1864237825985,1194.7011422958483,1159.2643042343639,1189.9696044921875,1154460
2025-05-26,1189.9696173066031,1214.8592247057952,1185.5338456909055,1209.487060546875,1248708
2025-05-27,1207.5647444321103,1223.287039801997,1198.7424167911379,1212.8875732421875,1584098
2025-05-28,1208.5506465230021,1210.8177464450378,1190.7582258939644,1192.23681640625,1447242
2025-05-29,1193.4196886080001,1202.4884496443203,1186.076070233292,1200.1226806640625,1862596
2025-05-30,1200.1226398609858,1210.965637017841,1178.190213793711,1180.99951171875,2134920
2025-06-02,1182.872352999963,1190.6596200561457,1178.436581676213,1185.9774169921875,2052718
2025-06-03,1190.6102735105335,1195.8838886319459,1174.0007984544225,1178.6336669921875,1468888
2025-06-04,1177.1551527412892,1184.7453229507516,1175.4301304656847,1181.6402587890625,1174082
2025-06-05,1185.3367545351257,1187.3082085967226,1173.2615984078448,1183.51318359375,1467916
2025-06-06,1184.7945008626184,1194.1589072151633,1177.9437464516939,1191.349609375,1004606
2025-06-09,1195.1938372207856,1196.3274471938503,1183.365114708085,1190.4130859375,678874
2025-06-10,1190.4132364428501,1202.0447428541313,1187.2588378438563,1198.3482666015625,1351562
2025-06-11,1203.8191937405054,1207.5156702821857,1186.8154016487767,1192.33544921875,1751374
2025-06-12,1196.1797702748977,1196.7219682813802,1166.2629784955525,1175.7752685546875,2717158
2025-06-13,1164.1437057419373,1173.0152496468293,1156.6522038434093,1171.4381103515625,829756
2025-06-16,1168.1358279718959,1180.4080809748382,1165.67151047508,1177.84521484375,532308
2025-06-17,1173.0645549268313,1176.4159307228267,1159.7079049158056,1164.1436767578125,1531068
2025-06-18,1165.0798980760962,1165.1785670316012,1146.1046546525247,1153.69482421875,1308554
2025-06-19,1153.6949059033861,1153.6949059033861,1138.5146860241305,1142.901123046875,1474774
2025-06-20,1152.3642204619714,1181.8866965695158,1142.9011448108538,1163.35498046875,22941194
2025-06-23,1169.5649873422751,1182.33010278974,1158.6726567752314,1162.7142333984375,1297744
2025-06-24,1170.5507995765256,1174.7894737609297,1162.0242370550627,1166.0164794921875,1100860
2025-06-25,1169.072165063601,1197.1160487166007,1169.072165063601,1185.0408935546875,2300288
2025-06-26,1192.7296708288593,1204.3612975681435,1184.4495399575046,1198.3482666015625,3115098
2025-06-27,1207.022714899013,1214.2677843038146,1195.7361888484309,1211.803466796875,2375672
2025-06-30,1216.3871038532982,1220.1329145409352,1204.0655164965995,1215.056396484375,1658010
2025-07-01,1217.372816627616,1218.0627773803344,1185.4352385063603,1187.850341796875,1077220
2025-07-02,1188.04743627807,1189.7231240038896,1173.0150999136306,1176.9580078125,1475052
2025-07-03,1182.8229590366266,1187.3573990908217,1175.4793416789278,1177.155029296875,1263638
2025-07-04,1180.3722835031997,1186.3610547246178,1171.562523360123,1184.2823486328125,790114
2025-07-07,1187.5487972878354,1200.7141366497992,1181.9065780378073,1198.783935546875,868414
2025-07-08,1198.7840271837383,1205.5150814379972,1191.310448409375,1196.7052001953125,711576
2025-07-09,1197.7445793149805,1205.9110196284917,1195.02243254381,1201.6051025390625,790360
2025-07-10,1200.2192286623992,1206.1089159251512,1186.6580370514957,1188.5386962890625,569850
2025-07-11,1189.8254707896688,1202.0503589059574,1186.4104626554943,1189.5780029296875,741064
2025-07-14,1190.4690633205,1195.1214113483147,1176.4623564912392,1184.331787109375,942914
2025-07-15,1184.331760512699,1197.7445682677817,1177.9966792980952,1195.913330078125,1064608
2025-07-16,1195.764818343496,1232.3900652629573,1191.5083223949603,1217.5419921875,2810630
2025-07-17,1216.5519742084794,1222.4912027237365,1210.6622875977482,1212.1470947265625,546708
2025-07-18,1217.0469507060495,1225.9062518713188,1203.1887503726743,1223.580078125,899652
2025-07-21,1223.9264602166884,1226.648606602319,1210.117802339508,1223.778076171875,957974
2025-07-22,1223.8772532551206,1226.203427315734,1206.6534634897112,1209.3756103515625,774548
2025-07-23,1217.5419742689219,1221.9963961260034,1204.475718488387,1213.8299560546875,720228
2025-07-24,1213.978486550879,1224.9660365299378,1143.3016340946085,1149.2904052734375,5372012
2025-07-25,1145.7268216991695,1145.7268216991695,1121.524509695536,1125.781005859375,3178714
2025-07-28,1125.8302629429359,1138.3026189736136,1099.7967164596962,1103.3602294921875,1879938
2025-07-29,1103.7067424951488,1117.6144856556757,1098.7078429960175,1100.588623046875,1801922
2025-07-30,1103.706815062738,1108.4087050820638,1099.5988238264354,1104.44921875,929698
2025-07-31,1101.2320238603286,1121.4748473361478,1099.2522808960853,1112.467041015625,1346218
2025-08-01,1112.4670181893894,1132.2644474256072,1110.1903863275757,1126.72119140625,1410024
2025-08-04,1131.4231217497854,1131.7201315326326,1117.5649207834713,1127.1666259765625,812794
2025-08-05,1128.3050016271839,1129.6413039812765,1113.654975972736,1122.1678466796875,1135934
2025-08-06,1123.5040825475805,1124.6918799400557,1101.7764528089713,1105.3399658203125,1127544
2025-08-07,1106.6763822525747,1111.8236659294805,1096.2827310775729,1105.9835205078125,1014230
2025-08-08,1110.6358898074127,1114.9913488361888,1082.3255873712649,1085.3941650390625,1242852
2025-08-11,1085.889132759474,1097.668628831309,1075.990416872879,1093.80810546875,1038967
2025-08-12,1096.7775575890291,1098.3613277292336,1077.9700001935494,1080.0487060546875,758197
2025-08-13,1080.0487362058261,1089.650561960338,1075.5943145930712,1085.7900390625,813725
2025-08-14,1088.7597401241678,1091.8283177570618,1073.713620089896,1078.3660888671875,941698
2025-08-18,1109.1510195768094,1158.0506960123084,1109.1510195768094,1132.511962890625,3478231
2025-08-19,1137.956187382094,1156.169846110898,1118.7526572097015,1149.63671875,1851158
2025-08-20,1153.2003423670624,1180.7188194712812,1144.9843602638375,1178.244140625,1652532
2025-08-21,1177.947081475256,1178.2440912579366,1156.961854071619,1167.4544677734375,991563
2025-08-22,1163.0990029157683,1178.9369467852596,1146.271187554434,1151.12158203125,921658
2025-08-25,1151.1216519452885,1154.9821751647326,1137.164487229387,1141.3218994140625,931358
2025-08-26,1137.3623336290386,1167.0584781102145,1137.3623336290386,1150.4285888671875,3619892
2025-08-28,1153.7941271909497,1156.36776877016,1143.3015140856053,1150.6265869140625,1065888
2025-08-29,1148.5479496996545,1172.403828681127,1138.3522249168302,1144.4893798828125,1593255
2025-09-01,1146.1722470178606,1164.088897204305,1144.4893929484178,1162.505126953125,643866
2025-09-02,1162.5050998988631,1190.3204645502594,1160.5253569224801,1188.7366943359375,1773623
2025-09-03,1194.2799342487722,1194.2799342487722,1179.2339361666077,1182.698486328125,827824
2025-09-04,1217.5419029056782,1225.6588005914818,1195.7647306585848,1200.318115234375,3346196
2025-09-05,1199.7241936187681,1204.0796521518241,1178.9368932342845,1196.2596435546875,1434458
2025-09-08,1196.2596628466547,1198.7343415037642,1173.1956094288282,1175.6702880859375,1112974
2025-09-09,1183.0944585427571,1191.8053767395427,1175.8684685429516,1190.0235595703125,1295618
2025-09-10,1195.962725605245,1206.8513123568812,1189.5285607065507,1205.1685791015625,1015673
2025-09-11,1199.8232260771458,1212.4936296645083,1199.8232260771458,1208.4351806640625,783400
2025-09-12,1207.8410976636726,1210.612786063452,1197.2495214584997,1205.2674560546875,632659
2025-09-15,1199.9221064465562,1207.6431519813145,1197.3484648796086,1200.2191162109375,523120
2025-09-16,1199.7243424756655,1202.6939571847636,1189.0336811893392,1192.0032958984375,1137133
2025-09-17,1194.774899636374,1200.3181558655824,1183.490340377746,1192.102294921875,1005661
2025-09-18,1192.8941515920553,1201.0111706040886,1187.8458309771875,1196.8536376953125,1345158
2025-09-19,1199.7242402515435,1199.7242402515435,1178.9369390590664,1182.4014892578125,2395784
2025-09-22,1186.757018498524,1189.0336505498083,1172.0079083232781,1176.264404296875,1107323
2025-09-23,1177.7491928436507,1182.401540693638,1153.2003306053482,1156.56591796875,2114020
2025-09-24,1156.0710202868643,1173.1957257922231,1149.6368551402074,1166.66259765625,1395188
2025-09-25,1172.5027215906443,1180.3227301395011,1159.7333558379437,1161.6141357421875,1273981
2025-09-26,1158.1496582482669,1167.0585017732535,1148.4488691874897,1150.8245849609375,1011036
2025-09-29,1148.2509405504338,1150.3296465346457,1137.5602800117397,1140.826904296875,2130382
2025-09-30,1143.895382806779,1147.8548684660852,1134.7886141239399,1141.2227783203125,1409305
2025-10-01,1146.1722736000493,1157.3577494359877,1133.4029066422722,1154.586181640625,727804
2025-10-03,1148.2510284780985,1159.4366256235703,1142.7077718177495,1158.05078125,1159975
2025-10-06,1151.7154665065368,1171.7108220607486,1151.7154665065368,1169.7310791015625,639965
2025-10-07,1169.7311331821136,1180.1247841983738,1163.0990422957848,1164.880859375,922441
2025-10-08,1158.1496839511196,1170.5230780104266,1146.8651244022467,1168.5433349609375,893579
2025-10-09,1163.197968702616,1177.0561696218326,1161.0202997488796,1175.7694091796875,922191
2025-10-10,1174.3835379681075,1189.825508756904,1172.4037950250843,1187.350830078125,1110822
2025-10-13,1186.8559075056137,1188.6377245076644,1169.9291293218175,1176.0662841796875,1062394
2025-10-14,1178.045970857359,1182.203503385522,1159.1394506119404,1163.5938720703125,1293553
2025-10-15,1163.593927526775,1212.5925659041254,1163.593927526775,1209.029052734375,2283392
2025-10-16,1209.029180670091,1273.4697968245464,1204.1787857264364,1263.6700439453125,6927367
2025-10-17,1251.0986441900652,1298.3154675829844,1248.5250023927233,1276.4393310546875,3171952
2025-10-20,1276.4393083872674,1292.3762154845654,1267.8274746091897,1272.380859375,1246633
2025-10-21,1267.0354865866798,1278.91394427343,1264.362881940729,1274.2615966796875,245138
2025-10-23,1273.9646971480547,1290.594587682161,1257.9288262168263,1259.9085693359375,1751448
2025-10-24,1261.4922595808105,1271.4899375308507,1246.6441871300804,1269.0152587890625,1433533
2025-10-27,1269.0152554590072,1279.1118963654396,1262.878100529046,1270.005126953125,1107997
2025-10-28,1270.7971128450895,1275.8454334586506,1250.90059851423,1258.126708984375,1343829
2025-10-29,1262.0861883530538,1268.0254174747151,1253.6722804307,1260.1064453125,836932
2025-10-30,1265.055743470564,1268.421330648146,1254.8600189572255,1266.9365234375,728703
2025-10-31,1266.936562876255,1270.9950118782403,1256.7408380455315,1258.7205810546875,943037
2025-11-03,1256.7407685588394,1257.0377783273605,1242.7836052827815,1253.8701171875,847050
2025-11-04,1253.177371541502,1256.146986166008,1238.0322886229503,1252.1875,770668
2025-11-06,1252.1874106660011,1265.9466482780479,1247.3370162918943,1253.2762451171875,1171263
2025-11-07,1251.1975257631498,1258.0276630056974,1243.6745268319905,1249.91064453125,596683
2025-11-10,1250.3066906185306,1260.30436878674,1247.4360390486281,1250.1087646484375,737986
2025-11-11,1255.1571405262182,1257.33480962889,1242.2888102211389,1255.256103515625,729912
2025-11-12,1257.1367644050517,1273.8656163816352,1248.8218199067699,1265.253662109375,824792
2025-11-13,1267.0354890346355,1276.241342093221,1257.433784052863,1262.2840576171875,691337
2025-11-14,1262.2840943043839,1266.04565435535,1249.6138115461388,1258.7205810546875,675047
2025-11-17,1259.1165711379783,1265.0558002471196,1251.2965619774902,1257.433837890625,774802
2025-11-18,1249.3167625326366,1257.0378083594742,1239.9129835344238,1252.286376953125,810387
2025-11-19,1255.0581047633507,1267.0355258014074,1250.2077102243575,1266.045654296875,726287
2025-11-20,1274.9544475029884,1275.5483462154762,1262.284044411627,1266.2435302734375,796864
2025-11-21,1262.0861742855689,1275.8454124308396,1260.1064312670817,1267.7283935546875,673231
2025-11-24,1271.984866531516,1272.7768120582564,1246.7431434991786,1256.3448486328125,2636542
2025-11-25,1254.5631724793213,1258.0277227547622,1238.1313296254432,1250.4056396484375,1065974
2025-11-26,1244.3674999781435,1269.7081874636608,1244.3674999781435,1263.8680419921875,810809
2025-11-27,1263.0759840448784,1266.5405341578542,1247.7329764017,1253.5732421875,708607
2025-11-28,1253.474308513992,1256.8397748924313,1245.456252826511,1248.326904296875,626947
2025-12-01,1247.8319091796875,1251.1974962319046,1238.9230662476566,1247.8319091796875,644563
2025-12-02,1238.3292827465073,1249.0199435929976,1238.3292827465073,1246.1492919921875,911551
2025-12-03,1244.2684462648342,1245.2583177415763,1223.58010823414,1229.3214111328125,642993
2025-12-04,1229.321470487732,1232.3900480470077,1220.7095157239153,1229.81640625,664641
2025-12-05,1224.9659360298317,1236.349457859604,1221.6993118668513,1234.270751953125,911699
2025-12-08,1234.2708233273659,1235.3596578333506,1200.5162286382879,1202.4959716796875,1534927
2025-12-09,1202.5949313108197,1209.1280591624318,1195.0719319412688,1203.48583984375,810028
2025-12-10,1203.4858003979025,1209.42502931087,1192.795140020992,1197.0516357421875,514862
2025-12-11,1197.1505915375403,1208.0391778126175,1193.5870783779355,1202.69384765625,339626
2025-12-12,1206.6533661653796,1227.440667797433,1203.0898529095268,1225.7579345703125,841766
2025-12-15,1225.4609799080217,1235.3596954161642,1213.087585522844,1230.9052734375,857798
2025-12-16,1223.976096957639,1251.1975629231342,1221.8973909961492,1228.0345458984375,1086329
2025-12-17,1224.4710526948065,1228.826511487183,1211.8997329045087,1222.0953369140625,526222
2025-12-18,1222.1943893572266,1231.3012803776764,1215.067362327251,1221.006591796875,707432
2025-12-19,1218.333914084677,1233.5778388122121,1217.244958746488,1231.796142578125,754446
2025-12-22,1233.3799179375205,1247.139156277124,1227.4406887981745,1244.4664306640625,880387
2025-12-23,1247.2381098755222,1248.7229171491836,1238.4282292183466,1243.7735595703125,663261
2025-12-24,1238.4281695801383,1251.296498665511,1235.2606292157682,1246.9410400390625,598956
2025-12-26,1251.197578468738,1264.0659079941283,1238.7252217109135,1259.71044921875,1433973
2025-12-29,1262.0861649513245,1273.4696872234344,1257.928752976819,1267.0355224609375,888206
2025-12-30,1270.9950649714724,1275.9444227011122,1254.8601104392756,1261.1953125,2043408
2025-12-31,1261.2941929994392,1281.1907064385064,1257.532753871268,1274.9544677734375,738631
2026-01-01,1279.9038019953546,1285.8430307749154,1270.9949588260135,1281.883544921875,932297
2026-01-02,1278.9139933200436,1285.843093903047,1264.6598193825089,1266.738525390625,736473
2026-01-05,1266.0456333676689,1306.6303643825825,1265.5506976235845,1301.2850341796875,2397082
2026-01-06,1305.6405855712505,1310.0950075841927,1285.2492556343461,1306.531494140625,866154
2026-01-07,1299.206279555489,1319.2016345339377,1290.9902981778757,1301.4830322265625,676669
2026-01-08,1295.8407549012722,1301.7799838940216,1285.8430769302618,1293.6630859375,555817
2026-01-09,1293.6630624857376,1297.523585427825,1277.0331732739394,1285.9420166015625,1194489
2026-01-12,1279.9038900005496,1304.650678283623,1278.5180456899122,1299.107421875,1032516
2026-01-13,1299.1073878756044,1308.5111671770626,1295.741800590403,1305.343505859375,1316337
2026-01-14,1307.6203227508863,1314.7473496056614,1289.0106892032973,1293.861083984375,904110
2026-01-15,1293.861083984375,1293.861083984375,1293.861083984375,1293.861083984375,0
2026-01-16,1304.84865359214,1307.521379328123,1292.0794070224156,1302.572021484375,1491989
2026-01-19,1292.7721602483716,1306.92737082662,1292.2772245055507,1302.27490234375,867546
2026-01-20,1301.6809837301757,1303.759689651478,1278.5179671532883,1282.576416015625,1173676
2026-01-21,1285.744057276074,1298.4143394017906,1258.4236292803998,1270.2030029296875,1046054
2026-01-22,1272.8758232319474,1298.7114459705208,1259.4135946051358,1292.772216796875,994359
2026-01-23,1296.7316708196486,1298.612450844874,1277.2312505157013,1280.69580078125,744221
2026-01-27,1286.8329850025766,1300.6911863795274,1277.2312795249743,1290.099609375,1159495
2026-01-28,1284.061247170184,1292.7721646067694,1260.1064054704575,1279.3099365234375,940426
2026-01-29,1273.469624548729,1281.289633195835,1249.5147837147256,1274.85546875,1151521
2026-01-30,1272.9747242813366,1326.0318114842878,1270.0051098390009,1318.90478515625,5292100
2026-02-02,1284.3582895097538,1297.7215549497396,1260.9973459444154,1295.0489501953125,1254558
2026-02-03,1316.5291266485092,1326.8238146627714,1278.0231002060646,1294.751953125,1232271
2026-02-04,1300.2951760305962,1314.549349773235,1281.9825533116166,1290.00048828125,875783
2026-02-05,1291.584366620273,1297.3255487536283,1273.9646057901502,1290.2974853515625,854891
2026-02-06,1284.9232344376526,1298.955754442273,1272.582532881995,1297.06494140625,835646
2026-02-09,1294.7759237126486,1300.7472192870343,1284.1271618661883,1289.4017333984375,746303
2026-02-10,1290.6956213051524,1304.031539657399,1290.2975106181864,1302.339599609375,936331
2026-02-11,1308.7089659813535,1318.561628121367,1290.4964656168943,1299.055419921875,911500
2026-02-12,1305.8227953614517,1305.8227953614517,1288.9041245785859,1299.25439453125,534672
2026-02-13,1298.7568514652864,1304.1310420444768,1271.8860200556599,1276.4639892578125,522586
2026-02-16,1270.5922119510924,1289.3023212476346,1268.1041719641228,1283.629638671875,456222
2026-02-17,1274.871645820785,1283.4304787866417,1271.8859979383005,1279.151123046875,396198
2026-02-18,1280.444876332585,1297.1645536622175,1271.8860430630725,1294.676513671875,446022
2026-02-19,1293.581692465824,1293.7806870539207,1265.8151441925572,1272.383544921875,659360
2026-02-20,1272.3836206611875,1294.7759800392685,1270.2936914164982,1287.6104736328125,754146
2026-02-23,1292.7855191803365,1312.192230207293,1289.3022633549854,1308.8084716796875,933582
2026-02-24,1299.353924566372,1317.5664251095868,1299.353924566372,1313.68505859375,1120203
2026-02-25,1321.6468168510896,1328.4143340861224,1308.7090091560112,1317.06884765625,991399
2026-02-26,1322.8409497665075,1322.8409497665075,1304.329957986796,1311.694580078125,438946
2026-02-27,1304.8275993451205,1316.5711960740248,1279.8477034582463,1285.5203857421875,1640870
2026-03-02,1255.8629883805265,1281.8380994843037,1255.2658831283409,1273.5777587890625,1161869
2026-03-04,1253.6735424604296,1263.9243158210686,1234.0678359197836,1239.342529296875,1112032
2026-03-05,1243.5223227943395,1248.3989052202091,1216.8504868841742,1244.9156494140625,935711
2026-03-06,1244.019904751239,1258.0524249795692,1228.2954445606556,1246.408447265625,830769
2026-03-09,1221.1299903572558,1236.6553351305477,1211.5759413803316,1229.887939453125,1467475
2026-03-10,1230.9826072862952,1243.522303698597,1227.5988488293071,1235.261962890625,1301806
2026-03-11,1231.1816100419267,1239.93955887264,1220.234234746695,1227.7978515625,1472136
2026-03-12,1219.1395753177198,1224.0161579162557,1203.514733028586,1214.959716796875,1358564
2026-03-13,1213.168285538536,1232.6744945444334,1194.8562871199344,1196.4486083984375,1681371
2026-03-16,1194.2591743624582,1213.4668913446515,1190.7759184372344,1207.5950927734375,1100151
2026-03-17,1207.5950020077244,1219.139482194919,1193.3633659883917,1201.1260986328125,1673011
2026-03-18,1200.2304654578923,1207.4955906675489,1194.1596723096407,1199.0362548828125,1144239
2026-03-19,1187.2926542754449,1197.2448139927578,1172.065801313426,1180.624755859375,826831
2026-03-20,1198.2400410064624,1198.2400410064624,1171.9663148133745,1187.8897705078125,1395157
2026-03-23,1183.3117630455056,1183.3117630455056,1159.2275856806557,1161.218017578125,944890
2026-03-24,1174.3547863594056,1189.3825224638597,1157.6351102980664,1177.5394287109375,1001494
2026-03-25,1177.539440295715,1211.9740086778086,1174.354797912852,1198.3394775390625,1003662
2026-03-27,1198.3394548823405,1209.8839351598494,1182.6151163705617,1187.4915771484375,2005121
2026-03-30,1179.3309642120366,1188.6860189427143,1164.0046134600323,1169.1798095703125,1814954
2026-04-01,1169.1797054868164,1185.899259966315,1161.5164700498515,1175.1510009765625,1836376
2026-04-02,1167.686942672178,1194.2591603964697,1153.853416433654,1185.600830078125,1357820
2026-04-06,1184.3070020173725,1212.9692704926588,1173.3596263684724,1210.1826171875,1460974
2026-04-07,1198.6380760519594,1219.5376103319732,1188.4868007955904,1216.9500732421875,1434686
2026-04-08,1232.0773509624717,1244.617047684696,1203.5147016792762,1207.8935546875,1638620
2026-04-09,1203.713679883086,1224.2151039575385,1200.6285347651888,1222.82177734375,1258634
2026-04-10,1224.9118687485109,1246.3090121782398,1223.219928701807,1243.3233642578125,1358310
2026-04-13,1233.371176371514,1240.8352960022146,1216.253389126647,1220.2342529296875,1346881
2026-04-15,1229.0917379884936,1253.872640241964,1226.4047034311463,1250.58837890625,1236533
2026-04-16,1249.0954762749834,1255.8629931221528,1240.5366436644936,1251.384521484375,1126023
2026-04-17,1252.0811466795121,1285.8189912582425,1246.8065751025206,1279.4495849609375,1994195
2026-04-20,1287.8094666929962,1288.1080800788768,1268.502252555048,1280.245849609375,1156327
2026-04-21,1291.8897516795223,1389.3214138075596,1280.6438847604063,1373.2984619140625,9586515
2026-04-22,1384.3453514895498,1418.3816875254627,1379.3692718652164,1389.1224365234375,7723484
2026-04-23,1382.2554353137614,1408.2305468992324,1375.4879183666435,1403.7520751953125,2963135
2026-04-24,1413.2066589426183,1424.054537171203,1402.3587807140336,1414.50048828125,3419416
2026-04-27,1422.1636316610054,1431.021078156859,1403.254528090985,1410.5196533203125,1719329
2026-04-28,1411.116713809729,1438.1865389402437,1394.29754002889,1433.1109619140625,4008095
2026-04-29,1438.0870762968618,1462.967475540752,1429.2296298687718,1458.5885009765625,2753356
2026-04-30,1458.9865705079092,1458.9865705079092,1429.2295895543105,1451.6219482421875,2305703
2026-05-01,1451.6219482421875,1451.6219482421875,1451.6219482421875,1451.6219482421875,0
2026-05-04,1453.0153009706396,1465.8536111463434,1439.3808909190743,1450.129150390625,1744112
2026-05-05,1449.0344676394734,1473.3177618614661,1440.6746291058269,1470.730224609375,2490700
2026-05-06,1477.8956432290731,1482.871722835905,1461.1759671555906,1478.9903564453125,2133310
2026-05-07,1480.8813119283536,1485.8573916055323,1461.275606594798,1468.938720703125,2247161
2026-05-08,1469.5358045328878,1489.1416310667987,1462.9674037520808,1475.30810546875,1471411
2026-05-11,1468.2421458743274,1490.932996739044,1463.4650606994803,1474.810546875,1358397
2026-05-12,1462.967423284842,1483.8669579031969,1459.086056844169,1461.5740966796875,1017058
2026-05-13,1461.5740672952757,1478.8908484996005,1456.4984904301248,1461.8726806640625,2205792
2026-05-14,1461.8727445007464,1472.3225120561528,1446.0487864767233,1452.6171875,1251986
2026-05-15,1452.617131014745,1460.4793610717816,1420.6707243134367,1423.6563720703125,3292954
2026-05-18,1423.6563754264616,1437.7883929144618,1411.315673705019,1424.8505859375,2030857
2026-05-19,1421.1683655225481,1447.5415879919792,1415.197069869092,1424.5521240234375,1803745
2026-05-20,1393.3023359604397,1420.0736694272298,1391.8095120290534,1413.30615234375,1425216
2026-05-21,1418.182735395652,1424.0545338254317,1396.7855923703842,1399.771240234375,2049251
2026-05-22,1403.7520517823116,1427.7367310993363,1394.4964951540549,1416.291748046875,1306017
2026-05-25,1423.1588465875102,1432.0162930768236,1403.2545270548178,1406.8372802734375,812160
2026-05-26,1410.8181273175521,1424.8506481231154,1406.4391527754333,1421.7655029296875,1472818
2026-05-27,1425.1492481665937,1436.7932262505208,1416.2918018660591,1420.6707763671875,1114165
2026-05-28,1420.6707763671875,1420.6707763671875,1420.6707763671875,1420.6707763671875,0
2026-05-29,1424.5521250230051,1437.1913189038273,1401.7616556323921,1414.699462890625,13063475
2026-06-01,1417.6851143863164,1428.0353845169382,1381.8573403477715,1385.1416015625,843583
2026-06-02,1378.3741345679712,1396.7856302282655,1361.554960181032,1392.008544921875,1860526
2026-06-03,1398.278433127751,1410.4200193262168,1378.672727179493,1384.843017578125,1725869
2026-06-04,1388.3262685439136,1393.2028510604366,1371.905205152534,1376.2841796875,1793823
2026-06-05,1376.3837167954562,1386.5348713182887,1365.7349542766742,1379.568359375,1342143
2026-06-08,1368.4219556747512,1405.7425544658806,1366.431523739224,1392.2076416015625,1107621
2026-06-09,1393.2028205070953,1407.8324462495086,1392.705212536451,1403.652587890625,1298664
2026-06-10,1408.031613975007,1447.9397503872112,1402.5579260971497,1431.419189453125,2288648
2026-06-11,1430.921554920732,1438.0870612333863,1413.1071649514413,1415.6947021484375,1538190
2026-06-12,1424.2535180578614,1428.0353872525923,1364.0429532388514,1369.1185302734375,2380729
2026-06-15,1403.2544619555651,1405.1453965207124,1364.938648632665,1368.123291015625,1885900
2026-06-16,1368.8200450572,1403.055498112747,1368.8200450572,1385.0419921875,1899090
2026-06-17,1385.3406517112828,1408.728227368765,1380.4640690854362,1400.5675048828125,1876655
2026-06-18,1400.567453799358,1407.1358547663242,1387.5300276767516,1393.700439453125,1065482
2026-06-19,1387.3310752454563,1413.206690709145,1387.3310752454563,1408.0316162109375,1832928
2026-06-22,1415.9932745499898,1423.8553832121065,1391.5108654699416,1395.1932373046875,1481212
2026-06-23,1395.1932180660483,1405.1453772340974,1383.6487377283752,1385.53955078125,1646370
2026-06-24,1387.331082222294,1392.1081675418368,1373.99516373437,1375.985595703125,1469059
2026-06-25,1385.3406276133912,1403.2545150394265,1376.7817945848838,1395.889892578125,1968226
2026-06-26,1395.889892578125,1395.889892578125,1395.889892578125,1395.889892578125,0
2026-06-29,1417.1874613828252,1421.665932995341,1374.8907850423968,1380.6630859375,3412530
2026-06-30,1380.663148515147,1414.8984803156866,1380.663148515147,1398.4774169921875,3178483
2026-07-01,1408.031549350645,1452.9157635917618,1401.1645351217885,1446.844970703125,2672318
2026-07-02,1452.020062681107,1455.3043238917066,1437.5894314892798,1439.28125,1434136
2026-07-03,1441.0726874416428,1456.697529173657,1435.8976131254694,1452.8162841796875,1863379
2026-07-06,1450.1290981665072,1472.8200698220285,1443.1625867004127,1466.649658203125,1178983
2026-07-07,1458.1903885512047,1475.8057840866516,1455.7023486297849,1464.7589111328125,1811724
2026-07-08,1453.0153429043864,1472.8201653686363,1434.8028417241362,1443.560791015625,1855873
2026-07-09,1445.0535809601008,1473.9148439407088,1445.0535809601008,1456.199951171875,1346613
2026-07-10,1467.0,1471.300048828125,1448.300048828125,1455.199951171875,1563905
2026-07-13,1452.300048828125,1452.300048828125,1420.0999755859375,1427.0,2167829
2026-07-14,1418.5,1448.699951171875,1418.5,1427.0999755859375,1841895
2026-07-15,1431.800048828125,1442.0,1419.5999755859375,1424.4000244140625,1328750
2026-07-16,1427.9000244140625,1436.300048828125,1417.800048828125,1423.5,1179052
2026-07-17,1416.0,1429.199951171875,1405.0999755859375,1427.199951171875,1433884
2026-07-20,1436.0,1456.0,1420.5999755859375,1446.300048828125,1689777
2026-07-21,,,,,495801
