date,open,high,low,close,volume
2021-07-23,21.74589941997563,21.954994606706165,21.66226102622948,21.787717819213867,7898554
2021-07-26,21.745905163218673,21.829543579054302,21.45317150542902,21.53680992126465,8873785
2021-07-27,21.66226577758789,21.787722598089726,21.536808957086052,21.66226577758789,3503955
2021-07-28,21.704083125763763,21.745901529057864,21.45316792018966,21.578624725341797,2451551
2021-07-29,21.578624307312566,21.954996310747585,21.578624307312566,21.745901107788086,3691407
2021-07-30,21.74590090797061,22.038634508478015,21.62044410640166,21.95499610900879,4876663
2021-08-02,22.16408920288086,22.833193144482617,21.996812419845604,22.16408920288086,16880445
2021-08-03,22.16409610494117,22.331372940067645,22.038639276231375,22.08045768737793,6380683
2021-08-04,22.16409442039613,22.582284881158323,21.787722367602154,21.871360778808594,6560824
2021-08-05,21.87135939698695,22.038636208831363,21.704084180412444,21.913179397583008,3080199
2021-08-06,21.829539508025846,21.954996310747585,21.704082705304103,21.745901107788086,2914322
2021-08-09,21.745902585738595,22.080454614157514,21.745902585738595,21.913179397583008,2428946
2021-08-10,21.996818602096322,21.996818602096322,21.41135288746586,21.494991302490234,3163939
2021-08-11,21.578624307312566,21.913177908263606,21.160433901393564,21.745901107788086,4603628
2021-08-12,21.871357910509825,21.871357910509825,21.662262707550326,21.745901107788086,2300752
2021-08-13,21.82954171429097,22.49864579327837,21.745903305600056,22.247732162475586,4759762
2021-08-16,22.373188237250282,22.373188237250282,21.8295409916608,21.913179397583008,5623083
2021-08-17,21.91318078204682,22.08045600918969,21.787722367602154,21.871360778808594,5671260
2021-08-18,21.913179397583008,22.45682664317249,21.8295409916608,21.913179397583008,7242368
2021-08-20,21.913177706909067,22.08045291057774,21.829539307439838,21.95499610900879,3558159
2021-08-23,21.996816208235305,22.12227461475357,21.704084180412444,21.913179397583008,4587709
2021-08-24,22.080453128076293,22.247729928662473,21.913177922759914,21.996814727783203,6301003
2021-08-25,21.996819269814694,22.205914516087724,21.95500085866814,22.08045768737793,4284460
2021-08-26,22.08045768737793,22.205914516087724,21.996819269814694,22.08045768737793,2871355
2021-08-27,22.08045081136323,22.247727594398487,21.996812419845604,22.16408920288086,5524479
2021-08-30,22.24772909551484,22.373185893621383,22.205909099299497,22.33136749267578,2792931
2021-08-31,22.498642498041164,22.74955768736391,22.373185701014652,22.540462493896484,18999730
2021-09-01,22.624101000711207,23.920492255106744,22.289548984995207,22.74955940246582,105905264
2021-09-02,22.916834423224127,23.753215253234277,22.833196021169144,23.460481643676758,24507853
2021-09-03,23.627762109287907,23.627762109287907,23.042294799445305,23.167753219604492,7431436
2021-09-06,23.335027953291938,23.335027953291938,22.791380660266203,22.875019073486328,5534062
2021-09-07,22.833200454711914,23.00047729130217,22.498648376801547,22.833200454711914,7609984
2021-09-08,22.91683652010172,23.08411333951742,22.791379703174936,23.00047492980957,2015915
2021-09-09,23.04229451560444,23.125932929590256,22.74956245955917,22.916837692260742,2835567
2021-09-13,22.916837249963855,23.125932483257813,22.833198837592263,23.08411407470703,3603814
2021-09-14,23.08411407470703,23.167752487078623,22.833198837592263,23.08411407470703,3118139
2021-09-15,23.125931091462704,23.585941534186478,23.00047427809074,23.376846313476562,11351765
2021-09-16,23.5462416360805,23.927386491885656,23.461544215234685,23.800338745117188,8689658
2021-09-17,23.842691150941675,23.842691150941675,22.995703887210176,23.4615478515625,8478012
2021-09-20,23.419195038528546,23.715640872535204,23.24979857302462,23.67329216003418,5160370
2021-09-21,23.80034304827797,23.80034304827797,23.080403532423468,23.249801635742188,3057872
2021-09-22,23.461545492438987,23.461545492438987,23.038051903156692,23.12274932861328,2010083
2021-09-23,23.207448962733707,23.800340649082695,23.08040120580175,23.503894805908203,8964666
2021-09-24,23.503894079030424,23.885038953538956,23.503894079030424,23.67329216003418,6112661
2021-09-27,23.757990319772123,23.800340649082695,23.165100248923014,23.503894805908203,2639851
2021-09-28,23.5462425171682,24.477928720833088,23.461545093153052,23.969736099243164,15391270
2021-09-29,24.47792833268532,25.02846965755285,24.054434757325712,24.816722869873047,49407780
2021-09-30,25.15551832457389,25.494312852361134,24.901421217108652,25.28256607055664,16721645
2021-10-01,25.240217483692597,25.240217483692597,24.393230298125733,24.647327423095703,8758023
2021-10-04,24.98611951150812,25.32491402924219,24.859071769295305,25.155517578125,5360130
2021-10-05,25.324912323818996,25.57900940663298,25.240213296214332,25.49431037902832,13082841
2021-10-06,25.621360778808594,25.70605981522692,25.409613995512654,25.621360778808594,11816465
2021-10-07,25.96015297778705,26.12955103541193,25.748406213505753,25.87545394897461,5925842
2021-10-08,26.256601155890657,26.256601155890657,25.706059841850966,25.91780662536621,5049101
2021-10-11,26.256598770880785,26.256598770880785,25.748406213505753,25.87545394897461,7480325
2021-10-12,25.91780390155205,26.04485163520925,25.367262645371117,25.49431037902832,4625421
2021-10-13,25.74840905876414,25.74840905876414,24.604976082193243,24.816722869873047,7779181
2021-10-14,25.113165971962967,26.425996882488615,25.028466942977502,26.171899795532227,14468309
2021-10-18,26.764791612953303,31.380870154087106,26.383646786992884,30.06804084777832,99121664
2021-10-19,30.66093408975799,31.042078936223103,28.374068241966757,28.83991050720215,32946758
2021-10-20,29.009308703025336,29.009308703025336,27.145936402908493,27.357683181762695,11853827
2021-10-21,27.781178165156373,28.077625609365118,26.044855135646525,26.34130096435547,12293127
2021-10-22,26.680094998908572,27.73882892743669,26.256601427497323,27.442384719848633,17399594
2021-10-25,27.86587829125988,28.077625076965504,26.680094998908572,27.442384719848633,11105504
2021-10-26,27.35768280198612,27.781176353815624,26.510695698327112,26.68009376525879,12705415
2021-10-27,26.976540176636092,27.230637282703935,26.5953953252842,26.764793395996094,5069463
2021-10-28,27.06124037250582,27.230638450482303,26.171902886378987,26.34130096435547,6233438
2021-10-29,26.383647570534876,26.383647570534876,25.494311770881886,26.002504348754883,6302140
2021-11-01,26.256602679648655,27.1882872887847,26.129554925266454,27.061241149902344,4458450
2021-11-02,27.10358792192015,27.31533470256015,26.680094360640147,26.764793395996094,3700476
2021-11-03,26.976539297793373,26.976539297793373,25.579010914198044,25.7484073638916,7219594
2021-11-04,26.00250758013617,26.34130213565426,25.91780853738168,26.21425437927246,1573909
2021-11-08,26.426000762491487,27.230639232745176,26.129554925266454,27.061241149902344,6713458
2021-11-09,27.10359103447808,27.82352887893147,27.018891989395353,27.61178207397461,5772115
2021-11-10,27.696479166083147,28.119972721433044,27.188284961063623,27.31533432006836,4463155
2021-11-11,27.400030534435643,27.442382472908687,26.891839582751853,27.14593505859375,4698113
2021-11-12,27.400031891333647,28.035272227896247,27.18828511247945,27.357683181762695,10547305
2021-11-15,27.35768432553594,27.654131766925385,26.849493327439124,26.93419075012207,4777578
2021-11-16,27.103590743991965,29.390456859216247,26.934192655642057,28.712867736816406,22872229
2021-11-17,28.797561102471622,29.517498837633678,27.823524655135348,28.07762336730957,14367451
2021-11-18,28.16232505926238,28.416420579010644,27.145939749269484,27.61178207397461,11326550
2021-11-22,27.865876215717915,27.865876215717915,26.42599753396666,26.55304527282715,8147305
2021-11-23,26.51069628992825,27.06123921199204,26.002505308792035,26.764793395996094,5476269
2021-11-24,27.018890802388313,27.230639213542453,26.38365041542542,26.46834945678711,7554572
2021-11-25,26.553047754076175,26.595396465820393,26.171902886378987,26.34130096435547,4193270
2021-11-26,26.214248746023156,26.425995499656626,25.833103943283103,25.96015167236328,5018226
2021-11-29,25.40961225678629,26.129551593828495,24.647324212182628,25.663707733154297,7389085
2021-11-30,25.70606059519336,26.510697426832152,25.66371026794934,26.34130096435547,5416702
2021-12-01,26.55304806981083,26.934191326540283,26.341301277572306,26.722444534301758,5763012
2021-12-02,26.934189474053568,27.442383679073092,26.934189474053568,27.31533432006836,6183580
2021-12-03,27.527080688876918,28.54346585281994,27.400031331759276,27.569429397583008,11495189
2021-12-06,27.696481719477532,28.50112019502346,27.48473492228122,28.28937339782715,18407697
2021-12-07,28.54346935561905,29.22105847106703,28.20467318239518,28.416419982910156,6480043
2021-12-08,28.882261407117568,29.559853732668444,28.458767819148104,28.543468475341797,6583659
2021-12-09,29.051655175827964,29.051655175827964,27.781174600520625,27.865875244140625,7198862
2021-12-10,27.865878122593006,27.95057554396278,27.018889369397403,27.18828582763672,12527829
2021-12-13,27.400031548729842,27.611778324936406,26.680093802027276,26.976539611816406,5282213
2021-12-14,26.764795451858056,27.103590003805657,26.680096409996192,26.807144165039062,2628857
2021-12-15,26.891843490308634,27.272988374953904,26.12955533651797,26.21425437927246,8299994
2021-12-16,26.553044618217005,26.680092353945394,26.087200766546765,26.171899795532227,6574893
2021-12-17,26.17190059220267,26.849491229212568,25.663708018320165,26.595394134521484,6181243
2021-12-20,26.383648028759435,26.383648028759435,24.774372850461855,24.90142059326172,7184222
2021-12-21,25.197869097218327,26.55304893479055,25.113170054463836,26.21425437927246,5796186
2021-12-22,26.171902296538796,26.38364908148733,25.70606001585193,26.256601333618164,4400281
2021-12-23,26.298947531260616,26.553044618217005,26.087200766546765,26.171899795532227,2121388
2021-12-24,26.17189881354047,26.256597839347954,25.494309838079698,25.706056594848633,3175921
2021-12-27,25.536662463492668,25.833108291577947,25.40961471302749,25.451963424682617,4479995
2021-12-28,25.53665950139067,26.553044618217005,25.53665950139067,26.171899795532227,5134587
2021-12-29,26.25659745055004,26.80713868689715,25.833103943283103,25.96015167236328,4706368
2021-12-30,25.96015682411683,27.10358984375,25.917808111185906,26.46834945678711,53960683
2021-12-31,26.21425437927246,26.59539764841786,26.12955533651797,26.21425437927246,3573999
2022-01-03,26.298951226015536,26.637747389555056,26.21425380063049,26.426000595092773,2389441
2022-01-04,26.595393980614094,26.807140750548122,26.298948179606523,26.55304527282715,5352834
2022-01-05,26.68009376525879,26.76479279872463,26.425998280360965,26.68009376525879,3605860
2022-01-06,26.849490875278086,27.56942859533,26.764791844830906,27.14593505859375,12588694
2022-01-07,27.23063906024938,27.315336485634425,26.298951226015536,26.426000595092773,7081993
2022-01-10,26.680095822053982,27.061240694283253,26.510697742063236,26.722444534301758,4365834
2022-01-11,26.2142527732469,26.637746345573994,26.171902446714327,26.2989501953125,3487172
2022-01-12,26.425998280360965,27.145936026071368,26.341299246895126,26.68009376525879,5834931
2022-01-13,26.934192361833176,27.188287876086363,26.468350047202364,26.84949493408203,5536473
2022-01-14,26.89184289670986,26.89184289670986,26.341301554207895,26.426000595092773,5556716
2022-01-17,26.553049673152003,26.84949552328606,26.468350628042284,26.63774871826172,7092680
2022-01-18,26.80714415716092,26.89184319899789,26.426000892144327,26.510698318481445,4155691
2022-01-19,26.595396465820393,26.637746793064416,26.29895063711145,26.34130096435547,2310667
2022-01-20,26.298946155076923,26.425995499656626,25.917802967836398,25.96015167236328,4358241
2022-01-21,25.917803959527333,26.256598455204244,25.706057197791814,25.790756225585938,3541778
2022-01-24,25.748409837768893,25.79076016588601,25.028470414776212,25.240217208862305,3780076
2022-01-25,25.155516580503107,25.621358821975537,24.85907078342991,25.324913024902344,4304781
2022-01-27,25.32491156631132,26.637742416165807,25.2825628615255,25.36726188659668,3808475
2022-01-28,25.536662892601356,25.748409685434698,25.113169306934665,25.19786834716797,8797384
2022-01-31,25.40961456298828,25.536662312703267,25.240216486368446,25.40961456298828,3324551
2022-02-01,25.579010114750638,25.621358821975537,25.24021399495291,25.324913024902344,3268283
2022-02-02,25.57900864152487,25.706056371381873,25.32491156631132,25.36726188659668,3171121
2022-02-03,25.409610591382503,25.706056371381873,25.32491156631132,25.36726188659668,3706845
2022-02-04,25.536659792026107,25.579010114750638,25.28256431767744,25.324913024902344,2252827
2022-02-07,25.409610591382503,25.494309616453688,25.2825628615255,25.36726188659668,2895330
2022-02-08,25.367267163807263,25.45196459099871,24.98612227944627,25.028470993041992,3674570
2022-02-09,25.19786834716797,25.240217059534707,25.070820594567927,25.19786834716797,2558294
2022-02-10,25.240216314704277,25.240216314704277,24.901421779268606,25.070819854736328,4339168
2022-02-11,24.986120946216804,25.07081998438868,24.647326409029077,24.816722869873047,3409504
2022-02-14,24.56262651161423,25.2825658876408,24.308531021487077,24.943771362304688,5479007
2022-02-15,24.986120252930398,25.494312852361134,24.774373471125905,25.28256607055664,6260947
2022-02-16,25.367265851583216,25.4943136012982,25.324915524678364,25.40961456298828,1854214
2022-02-17,25.494309616453688,25.663706051096515,25.2825628615255,25.36726188659668,4180425
2022-02-18,25.36726188659668,25.53665832123951,25.32491156631132,25.36726188659668,2232378
2022-02-21,25.49431375183754,25.536662463492668,25.19786792375226,25.451963424682617,3801085
2022-02-22,25.372259623334422,25.682217761734268,25.28369991391504,25.505098342895508,4775889
2022-02-23,25.505098406549706,25.54937910593789,24.973743526979227,25.018022537231445,3717405
2022-02-24,24.663783748975664,24.973741867553354,24.04386751182028,24.132427215576172,7407497
2022-02-25,24.486666032064296,24.929462892279332,24.132428881719463,24.530946731567383,5890171
2022-02-28,24.265268325805664,24.75234590005363,23.95531017658169,24.265268325805664,4516866
2022-03-02,24.176707091206808,26.12501388726757,24.132428082306483,25.770776748657227,7467734
2022-03-03,26.036454758953504,26.302133885667534,25.10658203829429,25.947895050048828,5384076
2022-03-04,25.947896433321763,25.947896433321763,24.796625223594987,24.840904235839844,5297945
2022-03-07,24.53094613939674,25.549378555479432,24.486665440962575,25.37225914001465,6072026
2022-03-08,25.460818847747042,25.859336687974846,25.062301007519235,25.37225914001465,5395346
2022-03-09,25.770777780392038,25.815056791065075,25.505098648945864,25.549379348754883,3259116
2022-03-10,25.903615290910427,25.903615290910427,25.23942002704093,25.28369903564453,2787791
2022-03-11,25.460818266620382,25.50509727490797,25.06230043548849,25.195140838623047,3275611
2022-03-14,25.372259194215353,25.416539892744108,24.663784909114614,24.885183334350586,9659681
2022-03-15,25.062301150650597,25.19514155757581,24.840902724623167,24.929462432861328,7059706
2022-03-16,25.10658233528631,25.19514204523858,24.796624195021348,25.062301635742188,8735064
2022-03-17,25.15086238896199,25.239422102587753,24.663786497724363,24.840904235839844,13183789
2022-03-21,25.018021248821153,25.283698674924196,24.619503420530712,24.70806312561035,7828677
2022-03-22,24.79662465728507,24.88518436888829,24.61950523407863,24.663785934448242,2685177
2022-03-23,24.663786497021956,24.840904235132392,24.265268630285394,24.30954933166504,4705969
2022-03-24,24.220989314117677,24.663786187541636,24.17670861329367,24.265268325805664,5313291
2022-03-25,24.486664341463882,24.486664341463882,24.088148208266155,24.132427215576172,3000370
2022-03-28,24.17670861329367,24.53094746334165,24.043869889093685,24.265268325805664,9652721
2022-03-29,24.309547025166953,24.7523438621344,23.955308204284293,24.22098731994629,54180022
2022-03-30,24.353825722266837,24.486664433833848,24.132427306609866,24.176706314086914,9478663
2022-03-31,24.220988765023353,26.25785366094304,24.176708065203197,24.619504928588867,15970927
2022-04-01,24.61950523407863,25.15086181456194,24.398106799638587,24.663785934448242,10739176
2022-04-04,25.06230052507849,25.460818357634963,24.929461810604966,25.23941993713379,7400381
2022-04-05,25.32797976939219,26.434971877415133,25.062300649985136,26.213573455810547,13070901
2022-04-06,26.390691179612674,26.70064930768628,25.992175034205957,26.213573455810547,14502551
2022-04-07,26.34641422488825,27.7190838701944,25.815057633785983,27.23200798034668,25111556
2022-04-08,27.364843985684633,27.76336181168139,26.92204715197085,27.054885864257812,10576793
2022-04-11,26.92204851700069,28.51611821267602,26.87776950703858,28.338998794555664,22811982
2022-04-12,28.338997227249447,28.471837628060868,27.320564852222343,27.497682571411133,8718391
2022-04-13,27.674805634821862,28.604678428497444,27.541966905601935,27.94048309326172,8380087
2022-04-18,28.029038717990268,29.755945324061496,27.71908060229466,29.313148498535156,32405205
2022-04-19,29.40170850539384,31.261453733677193,29.224589107873637,29.844505310058594,36561595
2022-04-20,30.287306456745878,31.350019615947346,30.110187033833633,30.907222747802734,20353038
2022-04-21,31.35001581118083,32.235609439990775,31.17289640976452,31.925649642944336,34050132
2022-04-22,31.704257106033058,33.298325257390836,30.99578274745985,31.482858657836914,38114962
2022-04-25,31.305735573338733,31.527133995719552,29.84450801258844,30.02162742614746,17471401
2022-04-26,30.464421702967282,30.774378116864494,29.578828088093484,29.933063507080078,16238525
2022-04-27,29.755946897745293,30.37586316192162,28.958914596608746,29.13603401184082,12690861
2022-04-28,29.490269185470403,30.375862874993672,29.224591754267788,30.02162742614746,11314059
2022-04-29,30.28730614476965,30.730103008353208,29.1360349751068,29.40171241760254,10801652
2022-05-02,29.180314848183873,30.06590860152316,29.047474433874154,29.623111724853516,11783480
2022-05-04,29.667389117803374,29.97734556324779,28.33899856028979,28.737516403198242,11493667
2022-05-05,29.003191821218802,29.755945066796738,28.516115993005336,28.693235397338867,7053280
2022-05-06,28.294716582433278,30.19874082149774,28.07331817940684,29.888784408569336,20927609
2022-05-09,29.88878653675312,29.93306554485692,29.003192861590065,29.49026870727539,10139808
2022-05-10,29.57883125055897,29.800229677948565,27.940480860912807,28.294719696044922,6980690
2022-05-11,28.250437975246395,28.73751551136713,26.612089333996455,27.099166870117188,12482870
2022-05-12,26.87776888490402,27.98476099969302,26.789209177893717,27.71908187866211,14390136
2022-05-13,28.29472058655581,28.73751745527101,27.36484614877228,27.586244583129883,7446075
2022-05-16,27.409123748625888,28.427554404503535,27.23200434552102,28.206157684326172,9895240
2022-05-17,28.29471932319236,29.224592030320927,28.117599907960287,29.13603401184082,7321697
2022-05-18,29.180313587958597,29.35743300663152,28.338998882966155,28.383277893066406,5367476
2022-05-19,27.807639473530955,28.427553997245365,27.63052176209932,28.117597579956055,8310062
2022-05-20,28.693237630796375,28.781795650720596,28.250439085495486,28.338998794555664,4950170
2022-05-23,28.604674006036277,29.047470827734273,28.338996588671808,28.693235397338867,4126832
2022-05-24,28.87035406798914,29.578831750221383,28.33899918458692,29.357433319091797,11692430
2022-05-25,29.224594071063507,29.224594071063507,27.80764371766958,28.25044059753418,9997527
2022-05-26,28.25043776231581,29.136033122302564,27.14344567375221,28.914634704589844,8489342
2022-05-27,29.003192772542626,29.71166703484351,28.4718379203849,29.44598960876465,7519540
2022-05-30,29.755948934145362,30.0659087765821,29.44599246998072,29.711669921875,6391515
2022-05-31,29.57882970308974,30.110184549717236,29.357431287282996,29.800228118896484,11853865
2022-06-01,29.800229357788137,30.331584226505772,29.667388951472798,30.19874382019043,7646789
2022-06-02,29.97734904460868,30.24302988958323,29.5345521406808,29.578834533691406,5640193
2022-06-03,29.71166831069205,29.93306673831013,28.78179559035049,28.826074600219727,2979087
2022-06-06,28.95891306507709,29.534546911298328,28.69323564541562,29.313148498535156,3357268
2022-06-07,29.224591754267788,30.154464452612853,29.003193331886973,30.02162742614746,5049531
2022-06-08,29.93306801844609,30.464426294417024,29.800230983157395,30.065908432006836,6902013
2022-06-09,30.021626121994647,30.110184135791243,29.091750085771984,29.313148498535156,2815366
2022-06-10,29.313150048801035,29.357432436312948,28.78179518137667,29.13603401184082,3459442
2022-06-13,28.958913148549673,29.047471162601532,27.71908068219349,27.85192108154297,3235104
2022-06-14,27.85192403286639,28.64895637860557,27.85192403286639,28.161880493164062,14615332
2022-06-15,27.76336257673522,28.560396561556114,27.674802869724914,27.71908187866211,4012525
2022-06-16,27.94047985028518,28.161878269666634,27.01060716453743,27.099166870117188,7068464
2022-06-17,26.877770594107172,27.27628676729198,26.523533432675332,26.700651168823242,4503468
2022-06-20,26.744929638614103,26.92204735998661,25.50509714332713,25.637937545776367,3775651
2022-06-21,26.16929114792124,26.966326767968226,25.947892739938368,26.74492835998535,3305323
2022-06-22,26.47925156669748,27.45340498462424,26.213574129597433,27.364845275878906,5707079
2022-06-23,27.18772896822817,27.541966132584335,26.92204982810902,27.23200798034668,10728717
2022-06-24,27.232005148060015,27.630522972222558,26.9220470280598,27.497682571411133,2331527
2022-06-27,27.89620288213967,28.737517612969715,27.67480444656713,28.604677200317383,9468512
2022-06-28,28.33899864783654,28.958914918912342,28.161879230633183,28.781795501708984,14475762
2022-06-29,28.560397440911327,29.047473310760854,27.14344715252729,27.40912628173828,16371349
2022-06-30,27.40912740709278,27.851924284821994,26.92204982810902,27.23200798034668,8400492
2022-07-01,27.14344676045258,27.76336303052118,27.099167750791658,27.320566177368164,6808415
2022-07-04,27.320568460523358,28.958917291932032,27.18772973130343,27.94048309326172,11717769
2022-07-05,28.029040319361794,28.294719443338035,27.674803176529405,27.763362884521484,3573077
2022-07-06,27.807643332012418,28.294720906589948,27.276286745716938,28.161880493164062,7086970
2022-07-07,28.294719872865905,28.51611830163908,28.250439173629694,28.383277893066406,5526725
2022-07-08,28.471840165937074,29.003195060002355,27.94048189359977,28.604677200317383,7064894
2022-07-11,28.56039610417535,28.781794523587564,28.25043797917108,28.516117095947266,2686046
2022-07-12,28.56039693138816,29.445990634687018,28.471838912367026,29.224592208862305,7852055
2022-07-13,29.401713286518696,29.888789175200888,29.224593860196425,29.623111724853516,5954312
2022-07-14,29.844510852363026,30.552985195740256,29.623112408915635,30.287307739257812,13600476
2022-07-15,30.730101923898342,30.907221338735674,29.80022921884216,30.64154052734375,11020453
2022-07-18,30.818660801093444,30.818660801093444,30.154465510646293,30.331584930419922,4798136
2022-07-19,30.110182811595777,30.508700612697673,29.800226398667373,29.888784408569336,3551414
2022-07-20,29.93306554485692,30.110184955543886,29.136033264173232,29.49026870727539,5040658
2022-07-21,29.623111724853516,30.24302802784543,29.401713286518696,29.623111724853516,11075040
2022-07-22,29.62311084939432,29.711668870802242,29.09175258613087,29.40171241760254,8055084
2022-07-25,29.047472792548156,29.40171162517645,29.003193783037588,29.224592208862305,8882545
2022-07-26,29.313150227883437,29.490269644197586,29.091751802058724,29.224592208862305,3373152
2022-07-27,29.26887121837287,29.357432615665882,29.091751802058724,29.224592208862305,3618555
2022-07-28,29.31314711749798,30.154461722015313,29.047469710353433,29.844505310058594,8707526
2022-07-29,29.933063130432636,30.7743777296308,29.933063130432636,30.243022918701172,12099065
2022-08-01,30.55298122432431,31.1728974610519,30.065905387706817,30.730100631713867,8164750
2022-08-02,30.907218919791596,31.659972151096444,30.685820513140573,31.39429473876953,12821011
2022-08-03,31.792816249786384,32.32417113633515,31.350019384905078,31.837095260620117,15665451
2022-08-04,31.83709429003333,32.10277172520827,31.350018429167307,31.5714168548584,6033055
2022-08-05,31.571417730279286,32.3241710471928,30.99578045621227,31.792816162109375,34284003
2022-08-08,31.394300906362133,31.8370978066542,30.8629425990483,31.084341049194336,6901623
2022-08-10,31.533535193906857,31.80305534211596,30.320708235330073,30.50038719177246,9346727
2022-08-11,30.94957832459709,30.94957832459709,30.320703782940225,30.410541534423828,3743175
2022-08-12,30.275788538210367,30.94958203641791,30.006271824345543,30.545305252075195,5168734
2022-08-16,30.724984398319435,31.174180066636705,29.961349705925493,30.9945011138916,7652926
2022-08-17,31.174178198615778,31.71321159746012,30.320705794536593,30.635141372680664,10244670
2022-08-18,30.81481633022274,31.264011913541122,30.410539619818135,31.129255294799805,5555950
2022-08-19,31.89289431780646,31.98273208589339,31.12926300779404,31.35386085510254,13334707
2022-08-22,31.17418070811313,31.353859664555518,30.410546000005745,30.50038719177246,5120108
2022-08-23,30.320707419339346,31.084338679804848,30.0961095866035,30.545305252075195,9375020
2022-08-24,30.455467489817238,30.859740847069,30.365626300468325,30.545305252075195,4272065
2022-08-25,31.21909574404945,32.25224704598374,31.03941680974471,31.758129119873047,19010292
2022-08-26,31.803056154719094,32.34208961072811,31.30893815510451,31.93781280517578,16904500
2022-08-29,30.994505567661847,32.56669063268817,30.994505567661847,32.43193054199219,18411113
2022-08-30,32.5666835629271,35.21693849691449,32.07256904945946,34.498226165771484,52542243
2022-09-01,34.138870035807294,34.94742359170225,33.42015766784006,33.689674377441406,25807211
2022-09-02,33.95918998602161,36.29500939004708,33.824433349135454,34.90250015258789,45608007
2022-09-05,35.4864554226655,35.755972120204305,34.67790190295834,34.94742202758789,18872289
2022-09-06,35.17202462777462,35.21694351228861,33.86935641432163,33.95919418334961,11807684
2022-09-07,33.95919047442928,34.588065070214995,33.86935271521311,34.18378829956055,10521195
2022-09-08,34.408388517438766,34.453307400170495,33.73459499518961,33.82443618774414,10207654
2022-09-09,34.04903280674765,34.04903280674765,32.83620245396325,32.97096252441406,14983024
2022-09-12,33.24047933657512,33.86935395538798,33.1057192657256,33.195560455322266,11267951
2022-09-13,33.554917954502315,34.27363382764176,33.060803362037404,33.240482330322266,18098835
2022-09-14,32.83620093137516,34.004108921793694,32.79128205233806,33.285396575927734,16728414
2022-09-15,33.59983790071185,35.17202276507768,33.06080103381752,34.76774597167969,26341979
2022-09-16,34.90250344416999,35.35169913033481,34.13887214852624,34.72282791137695,21732918
2022-09-19,35.26185792762313,35.5762935064599,34.49822670639627,34.67790222167969,12985149
2022-09-20,34.857586658268325,35.44154245625424,34.45330983097741,34.588069915771484,22633061
2022-09-21,34.767744015738174,35.037260720477526,33.86935271521311,34.18378829956055,16825715
2022-09-22,34.13886782317516,35.53137358843917,34.049030068160974,35.21693801879883,25938124
2022-09-23,35.48646134215516,35.755978084652,34.04903643077781,34.588069915771484,21513832
2022-09-26,34.58806451689813,34.85758121732593,32.836200823481235,33.06079864501953,16036483
2022-09-27,33.55491483315533,33.55491483315533,32.791283572843305,32.97096252441406,9268359
2022-09-28,32.7912894543292,33.285404089455575,32.56669158135434,32.83620834350586,5780357
2022-09-29,33.015885918290984,33.195564894421054,31.892896601342308,32.47685241699219,10290300
2022-09-30,32.52176646066028,32.7463642905998,30.59022375234407,32.07257080078125,27642509
2022-10-03,32.431922396038686,32.52176357630102,31.48861227937319,31.89288902282715,22756188
2022-10-04,32.342085745251744,34.76774286156377,32.29716686713482,34.498226165771484,20706800
2022-10-06,34.67790061607316,34.76774179664595,34.00410718368502,34.09394836425781,15781273
2022-10-07,34.04903030395508,34.49822593631812,33.77951018286469,34.04903030395508,14045235
2022-10-10,33.82443679561853,34.72282817476281,33.59983895083246,34.22871017456055,10954612
2022-10-11,34.273627298312775,34.31854617505386,33.959188306943936,34.09394836425781,6275242
2022-10-12,34.1837889162257,34.22870779664411,33.689674377441406,33.689674377441406,13581013
2022-10-13,33.68967242722836,34.49822593631812,33.599834671592035,34.04903030395508,16291160
2022-10-14,34.49822593631812,34.72282375249964,33.6447535494102,34.04903030395508,18713051
2022-10-17,33.779507606353775,35.53137112436549,33.68966985756976,35.35169219970703,32706247
2022-10-18,35.66613124845376,38.361304842637814,34.947418975422764,37.6875114440918,44951547
2022-10-19,37.95703917912272,38.09179926893842,35.935658394435706,36.11533737182617,27554828
2022-10-20,35.93565150915728,36.205168210057806,35.44153698632453,35.8458137512207,15720125
2022-10-21,35.935650561229295,38.09179096573933,35.800890500788405,37.28323745727539,90582352
2022-10-24,37.957036140148155,38.90034641205905,37.77735717714342,38.58591079711914,10084784
2022-10-25,38.4960674802647,40.876805897901974,38.13671300115312,40.56237030029297,39460596
2022-10-27,40.56237082785398,42.13455569052908,40.20301291697755,40.74204635620117,42718812
2022-10-28,40.60728378911161,40.60728378911161,38.990180280134844,39.25969696044922,16381657
2022-10-31,39.52921834342915,39.52921834342915,38.13671247356744,38.27146911621094,13313923
2022-11-01,38.27146499696211,39.03509959811383,38.22654612091567,38.540985107421875,12644122
2022-11-02,38.540992329317376,38.81050906318921,37.328161886257305,37.41800308227539,14093666
2022-11-03,37.37307521284219,38.00194978308184,37.013720763484315,37.28323745727539,15545628
2022-11-04,37.507839115923865,39.70889862371365,37.41800135115328,39.34954071044922,25749225
2022-11-07,39.61905233749253,40.24792689129683,39.12493784060724,39.43937683105469,13903804
2022-11-09,39.70889382996943,40.203008330739166,38.990181517296136,39.169857025146484,14721902
2022-11-10,39.169854023667064,39.88856970835777,38.0468650502008,39.124935150146484,9538514
2022-11-11,39.52921547877472,40.607285677250346,38.99018209308225,40.2928466796875,24829476
2022-11-14,40.42760614264274,40.562366200621135,38.90034033628033,39.169857025146484,14678963
2022-11-15,39.3495421060253,39.66398114805637,38.36131295013602,38.58591079711914,17082790
2022-11-16,38.81050855919446,39.03510640568622,37.7773570944959,38.36131286621094,9272092
2022-11-17,38.181625917607455,38.720659265608084,37.59767026803139,37.6875114440918,8175414
2022-11-18,37.91211526604416,38.40622981805118,36.83404497169821,37.7773551940918,8038346
2022-11-21,37.64260010357026,38.09179579250503,37.28324218158599,37.462921142578125,7181848
2022-11-22,37.732431563781645,38.76558284648332,37.507833756854374,37.59767150878906,9480514
2022-11-23,37.73243495850356,38.22654949278008,37.50783713136961,37.64259719848633,5989343
2022-11-24,37.822272527583145,39.30461955002025,37.46291806223747,39.03510284423828,24770715
2022-11-25,39.21478704225893,39.843658297607554,38.81051021589818,39.39446258544922,11705344
2022-11-28,39.08002101353237,40.20301012311663,38.855423191615515,39.30461883544922,19152630
2022-11-29,39.52922098254986,39.619058750310096,38.1816339035993,38.36131286621094,9069885
2022-11-30,38.54098989000355,38.99018556039011,37.50783847727806,37.7773551940918,16368246
2022-12-01,38.04687191090554,38.361310936430726,37.64259854923042,37.7773551940918,11032545
2022-12-02,37.867190369122156,38.22654479209243,37.552751393546416,37.6875114440918,10220169
2022-12-05,38.00194699257709,38.81050044166849,37.64259256960682,37.6875114440918,16843753
2022-12-06,37.86719553246672,38.9901846831675,37.37307756448564,38.765586853027344,20500998
2022-12-07,38.900348519818955,39.08002749255934,38.001957083208396,38.45115280151367,8914792
2022-12-08,38.45115046273783,38.810508386360794,37.77735692626313,37.91211700439453,8102404
2022-12-09,38.09179264019247,38.22654927946634,37.14847902982111,37.19340133666992,5812654
2022-12-12,37.1934055084188,37.64260121056351,36.205172907445686,36.923885345458984,16480634
2022-12-13,37.148480570132406,37.91211526604416,37.10356168851195,37.7773551940918,9836712
2022-12-14,38.001951665646125,38.001951665646125,37.283239304235664,37.64259719848633,16166384
2022-12-15,37.687521853520195,38.04687637574548,36.92388706799512,37.05864715576172,7679241
2022-12-16,37.01372053256229,37.05863941006544,35.93565033703315,36.834041595458984,11659471
2022-12-19,36.56452620645448,36.74420514996127,35.93565161772611,36.070411682128906,7553505
2022-12-20,36.02549616958522,36.29501634921664,35.66614164189573,36.11533737182617,10108487
2022-12-21,36.33992944076105,36.609446150314504,35.39661924377848,35.531375885009766,12748564
2022-12-22,35.621219903241396,35.755976555179906,34.228710510238635,35.12710189819336,10624804
2022-12-23,34.72282708954459,35.08218157371644,33.01588215168241,34.76774597167969,14742999
2022-12-26,34.8126658516304,35.71105722844667,34.40838904664485,35.17202377319336,5110715
2022-12-27,35.62121946160149,36.11533403343221,34.90250361847557,35.17202377319336,6495803
2022-12-28,35.172020177822255,35.93565139921936,34.992341235408006,35.6212158203125,14319150
2022-12-29,35.53137670615555,35.800893421937666,34.902502084603306,35.48645782470703,11458778
2022-12-30,35.80089734304907,36.38485314711085,35.396623938643145,35.7110595703125,8880952
2023-01-02,35.93565832841019,36.0704184179783,35.486462599305064,35.89073944091797,3806516
2023-01-03,35.93565276516196,36.115331714405954,35.621217174303155,35.75597381591797,3768286
2023-01-04,35.84581965650871,35.890738542876996,34.902505907317945,35.7110595703125,15048142
2023-01-05,35.93565034018438,36.025488095198575,34.90249902206781,35.21693801879883,7073157
2023-01-06,35.39661924377848,35.755973714152795,35.12709910713412,35.531375885009766,13398100
2023-01-09,35.71105473081195,35.71105473081195,35.21694019353965,35.30677795410156,8260924
2023-01-10,35.44154050082001,35.62121946160149,35.03726369583447,35.17202377319336,8024084
2023-01-11,35.21694265661594,35.44154050082001,34.76774696820781,35.17202377319336,5191931
2023-01-12,35.26186062320693,35.26186062320693,34.85758382873285,34.99234390258789,3819809
2023-01-13,35.03726021656484,35.261858038465896,34.76774351570173,34.90250015258789,5490674
2023-01-16,35.037261245324935,35.66613585053099,34.7677445365483,35.30677795410156,11980108
2023-01-17,35.486455496084375,37.41799811544172,35.35169543349079,36.78912353515625,34015688
2023-01-18,36.878963853318666,38.1816319828579,36.56452825488447,37.7773551940918,27240347
2023-01-19,38.18163439942746,38.31639447990898,36.834047302977076,37.41800308227539,21028311
2023-01-20,37.41800009819601,38.72066477920445,37.283240028461584,38.27146911621094,26478077
2023-01-23,38.5859128878418,38.94526740623121,38.226554942361034,38.45115280151367,10012982
2023-01-24,38.58591014958567,39.43938263921714,38.4960689560454,39.08002471923828,18620621
2023-01-25,38.94525797750701,39.439375889688975,38.361305741340956,39.25969696044922,9572483
2023-01-27,39.259700564116095,39.88857516063469,38.45114702186493,38.81050491333008,23094255
2023-01-30,39.035107921974024,39.214786891565154,38.361314356325764,38.94526672363281,15328264
2023-01-31,39.08001896399777,39.70889351780207,38.81050227725039,39.43937683105469,11448791
2023-02-01,39.79873051392807,39.84364938968304,37.732431385384636,38.09178924560547,11853979
2023-02-02,38.136713839006056,39.080024079648325,36.744207919287376,37.50783920288086,11552133
2023-02-03,37.6425950988785,38.09179072809142,36.33992708874291,36.834041595458984,12164558
2023-02-06,37.05864116502241,37.19340123100428,36.744205580519164,36.96880340576172,5174828
2023-02-07,37.193407809077534,37.552762336767024,35.71106052947048,36.11533737182617,7830467
2023-02-08,36.070411682128906,36.2051683194409,35.80089155332332,36.070411682128906,9835460
2023-02-09,36.20517445926875,36.78913026792283,35.800897624592174,36.60945129394531,7944176
2023-02-10,36.29500774138069,36.60944330692291,35.93564987182617,35.93564987182617,5075707
2023-02-13,35.935652866161654,36.20516957723968,35.890733985497135,35.98057174682617,6229293
2023-02-14,36.11533864192391,36.205176420232824,35.755980674505146,36.02549743652344,3022835
2023-02-15,36.07041779910414,36.744211381201296,36.07041779910414,36.60945129394531,4745356
2023-02-16,36.78912353515625,36.92388017065908,36.295009017464366,36.78912353515625,4387134
2023-02-17,37.11469240980951,37.76582450074348,36.97516207695008,37.20771026611328,5572185
2023-02-20,37.02167275692829,37.20771202674279,36.044971025907074,36.27751922607422,8224954
2023-02-21,36.32402787420793,36.83563320091994,35.858931477487204,36.37053680419922,9370466
2023-02-22,36.27751199045489,36.64959045587213,35.90543352503765,36.04496383666992,4808757
2023-02-23,36.13798181134814,36.46355135688297,35.85892473546347,35.99845504760742,3465047
2023-02-24,35.998458870257345,36.3705338281462,35.62638036396488,35.90543746948242,6350314
2023-02-27,35.90544185539691,36.370538270873055,35.11477936844908,35.71940612792969,12745906
2023-02-28,36.37053692940367,37.5797904037635,35.39383520260866,36.417049407958984,10698085
2023-03-01,36.69610843882855,37.67281021623531,36.41705129505578,37.30073165893555,10897703
2023-03-02,37.39375319540967,37.626301407385604,37.06818356960091,37.34724426269531,6243216
2023-03-03,37.5797929547783,37.905359036342276,36.92865724324619,37.02167510986328,7996805
2023-03-06,37.16120147705078,37.858846047151594,36.417047978624005,37.16120147705078,11198659
2023-03-08,37.11469710727934,38.88206143956623,37.11469710727934,38.74253463745117,16875862
2023-03-09,38.97507645810447,38.97507645810447,37.719314154782985,37.95186233520508,5386529
2023-03-10,37.672808577186665,38.46347104154381,37.11469431392325,38.18441390991211,5220866
2023-03-13,38.13790647139461,38.277436816871095,37.11469576591394,37.44026184082031,6647383
2023-03-14,37.44026198429351,37.905358406458646,37.11469590813955,37.39375305175781,5564064
2023-03-15,37.5797868273178,38.46346706130678,37.48676542746387,38.230918884277344,6460098
2023-03-16,38.23091985861556,38.46346804157162,37.48676638283688,37.81233596801758,5797687
2023-03-17,37.90535548826803,39.998289226884054,37.90535548826803,38.882057189941406,32174970
2023-03-20,38.88205971719748,38.92856864917561,37.39375260347285,37.62630081176758,7908860
2023-03-21,37.90535483360291,38.323942283777434,37.021671005101965,37.20771026611328,8124382
2023-03-22,37.3007275569943,37.90535425901492,37.3007275569943,37.48676681518555,4477410
2023-03-23,37.393749527124605,37.672806644439696,37.20771026611328,37.20771026611328,5642180
2023-03-24,37.347241187158204,37.53327690269565,36.74261446645003,36.83563232421875,4495243
2023-03-27,36.7426156264085,36.928654896223,36.044971025907074,36.27751922607422,11323037
2023-03-28,36.46355835405584,36.78912441366191,35.99846195553065,36.32402801513672,12243780
2023-03-29,36.51006660590049,40.74244304416487,36.04497021601641,38.69601821899414,25438120
2023-03-31,38.928569115860306,39.06809946187148,37.20771377321094,37.39375305175781,10359407
2023-04-03,37.39374896029178,37.71931500082368,37.16120077465365,37.48676681518555,11515747
2023-04-05,37.48677077317778,37.76582791572668,37.11469576591394,37.44026184082031,9803125
2023-04-06,37.347243976105375,37.626301118654276,37.16120469827141,37.44026184082031,7884742
2023-04-10,37.44026214923954,37.998376438934876,37.16120500439187,37.25422286987305,6663193
2023-04-11,37.34724593637017,38.50998704835674,37.11469771397286,38.37045669555664,11009043
2023-04-12,38.416961669921875,38.78904020676143,37.765826004654606,38.416961669921875,7406005
2023-04-13,38.32394481301325,39.95178224458684,38.230923402166646,39.858760833740234,17154863
2023-04-17,39.85875993923955,40.64942594587375,39.62621173994783,40.41687774658203,14615921
2023-04-18,40.37036941758654,40.41687834845669,39.579703399177994,40.0447998046875,8124105
2023-04-19,39.99828733862476,40.64942295846915,39.76573915642346,39.951778411865234,6670845
2023-04-20,40.091307070916095,40.18432847719801,38.88205717648176,38.97507858276367,5679451
2023-04-21,39.2541376310553,40.044800107029445,38.92856801569818,39.858760833740234,6445276
2023-04-24,39.858761857628735,40.23084041376508,39.300647571828314,39.44017791748047,4744973
2023-04-25,39.44017440546858,39.8587583083434,38.97507802591543,39.16111373901367,5764710
2023-04-26,39.161117446004425,41.67263884301276,39.161117446004425,41.207542419433594,19935615
2023-04-27,41.44008959105344,44.55623767985926,41.254050316610645,41.719146728515625,46751538
2023-04-28,42.04471754793559,42.27726576053656,40.9749943506095,41.161033630371094,11669717
2023-05-02,41.16102938705616,42.13773106961064,40.78895086589076,41.393577575683594,12956872
2023-05-03,41.161031276839715,42.88188653232908,40.97499200771559,42.46330261230469,18416615
2023-05-04,42.64933507200729,43.114431435053845,41.90518160081354,42.09122085571289,12539637
2023-05-05,41.95169359584756,43.393495265470335,41.39357933873184,42.50981140136719,12024104
2023-05-08,42.78886854569514,43.02141674431305,42.044715019798616,42.41679000854492,7966329
2023-05-09,42.509809305955926,42.695848565292145,41.39357729834235,41.486595153808594,4661893
2023-05-10,41.62612590423127,41.62612590423127,40.277345695977665,41.347068786621094,7430991
2023-05-11,41.34706864763886,41.626125764311034,40.88197227038399,41.393577575683594,6734786
2023-05-12,41.626125624704855,41.812164884663616,41.20753817689858,41.440086364746094,5525797
2023-05-15,41.48659257160953,41.57961396968968,40.742439128985815,40.8819694519043,5696861
2023-05-16,41.20754256321047,41.951696133852735,40.9749943506095,41.161033630371094,6386134
2023-05-17,41.1610334867565,41.62612991033567,41.1610334867565,41.207542419433594,4335607
2023-05-18,41.62612261866112,41.90517971424519,40.835460256439006,40.9749870300293,5293124
2023-05-19,40.92847797033878,41.393574310910815,40.230833459480735,41.0214958190918,6062256
2023-05-22,41.254048847575284,41.48659704524685,40.416877464999956,40.50989532470703,3748160
2023-05-23,40.64942653366864,40.9749925980232,39.85876051560132,40.137821197509766,6893648
2023-05-24,40.18433028816917,40.556405284853525,39.812251743080836,39.998291015625,4711384
2023-05-25,40.04480053700154,40.23083981228831,39.579704122986655,39.719234466552734,3200004
2023-05-26,39.812248083182986,40.13781766730701,39.57969990098168,39.951778411865234,4713616
2023-05-29,40.18432673272648,40.88197128173769,39.76573929363902,39.905269622802734,14580394
2023-05-30,40.370371881341555,42.04471833367832,40.23084153181175,40.74244689941406,19070599
2023-05-31,40.74244380622888,41.02150093569816,39.95178134799859,40.41687774658203,8416556
2023-06-01,40.41687774658203,40.74244380622888,39.95178134799859,40.41687774658203,10761376
2023-06-02,40.788949310203805,41.53310632415252,40.0913047709296,40.184326171875,9734350
2023-06-05,40.463385946030115,41.9982054529997,40.370368087354805,40.83546447753906,15793306
2023-06-06,40.78895072909231,41.719143480482366,40.5564025412448,41.440086364746094,13080051
2023-06-07,41.39357472193288,41.95168891679978,40.788948053824136,40.8819694519043,10688660
2023-06-08,41.114523522081555,42.23075562033433,41.02150211065815,41.719146728515625,21338505
2023-06-09,41.81216502489373,42.37027925823807,41.16102938705616,41.393577575683594,20316918
2023-06-12,41.533110842681104,41.99820725279666,40.881975158838515,41.85867691040039,13920470
2023-06-13,41.85867589050152,42.602829418874094,41.5796187609123,42.37028121948242,18781531
2023-06-14,42.50980814477752,42.881883104882796,41.85867252908875,42.230751037597656,11747144
2023-06-15,42.18424314042061,43.0214181012112,41.62612886549624,41.719146728515625,14194782
2023-06-16,41.90518584173115,42.2772643891852,41.254050157888564,41.85867691040039,12623454
2023-06-19,41.905184681266306,42.60282927712003,41.7191454126912,42.41679000854492,9540494
2023-06-20,42.27725913751735,43.06792151713636,42.13772881245349,42.60282516479492,8916384
2023-06-21,42.74235548985878,43.533017869477796,42.46329838813463,42.60282516479492,17191683
2023-06-22,42.69585097004892,43.30047416144113,42.09122423025278,42.32377243041992,16145827
2023-06-23,42.27726335908732,42.55632048867655,41.85867589050152,42.37028121948242,11850533
2023-06-26,42.64933834907165,42.74235975787067,42.13773302009075,42.37028121948242,11922249
2023-06-27,42.41679348706189,43.393498840077896,42.37028455320498,42.69585418701172,24012386
2023-06-28,42.78886511289448,42.83537403920603,41.998202720387226,42.277259826660156,43702806
2023-06-30,42.463302035682126,43.06792521662027,42.184241361583425,42.74235916137695,17325724
2023-07-03,42.97490436654431,43.20745254650569,42.23075090034861,42.277259826660156,15451054
2023-07-04,42.41679000854492,42.88188640578074,42.27726321841652,42.41679000854492,7085954
2023-07-05,42.416786743448476,42.50980814477752,41.95169038201416,42.230751037597656,9301103
2023-07-06,42.3702789356556,43.99811624365425,41.99820396572672,43.672550201416016,50515379
2023-07-07,43.67255151673337,43.858590781502755,42.55631947652091,42.88188552856445,23574206
2023-07-10,42.974911047709455,43.06792891479373,42.13773605033424,42.78887176513672,32248973
2023-07-11,43.25396655247273,44.04462903783374,42.97490941342791,43.579532623291016,24936819
2023-07-12,43.71906250260139,45.7189784832522,43.57953216035914,43.90510177612305,39602113
2023-07-13,44.18416106182596,44.230669995368096,42.60283248256398,42.78887176513672,20206940
2023-07-14,42.83538098858243,43.06792920627116,41.71914883399571,42.69585418701172,17883034
2023-07-17,42.88188948758449,43.34698591824551,42.74236268742868,42.83538055419922,9461931
2023-07-18,42.78886867196897,42.9749079410931,42.18424193441654,42.46330261230469,6739048
2023-07-19,42.50980954887694,43.90509867926631,42.50980954887694,43.48651123046875,20176298
2023-07-20,43.25396764032051,45.25388369251419,43.16094977443416,44.974822998046875,22028861
2023-07-21,44.88179992107635,45.16085703473908,43.57952865944529,43.719058990478516,29652918
2023-07-24,44.18415802142132,47.71888995345424,44.091140160737794,46.416622161865234,50026661
2023-07-25,47.06775785798207,48.183990012975414,45.579450683593755,46.5096435546875,32573698
2023-07-26,46.88171947856431,46.88171947856431,45.57944811311374,45.85850524902344,11196727
2023-07-27,46.091053740082074,46.13756267162202,45.579448396334634,45.76548767089844,6534766
2023-07-28,45.67246437665835,47.02124462614012,45.48642865816752,46.7421875,21127605
2023-07-31,47.160776570217244,48.370026523627125,46.50964088810301,47.904930114746094,51807942
2023-08-01,47.904925592843966,49.021157578474465,47.48633815468207,48.32351303100586,26806703
2023-08-02,48.27700900649972,48.323517938039664,45.43991805331078,45.76548767089844,30990936
2023-08-03,45.718977997197925,46.370110124995314,45.067842320996576,46.18407440185547,23254052
2023-08-04,46.23058746873957,46.8817232031959,45.67246960417516,45.99803924560547,11563224
2023-08-07,46.18407456121099,46.323601354047305,45.57944781370837,46.0445442199707,8374151
2023-08-08,46.04454452243123,46.09105345368218,45.486430250611846,45.85850524902344,7107198
2023-08-09,45.99803528902527,46.7421888293642,45.7654870858941,46.0445442199707,11973353
2023-08-10,46.04454391994447,46.74218852479212,45.718977857043825,46.23058319091797,15867605
2023-08-11,46.50963958376215,47.253793107421565,46.27709138584334,46.649169921875,14854994
2023-08-14,47.207279764678255,47.207279764678255,45.90500855870501,46.835201263427734,9483068
2023-08-16,46.83520624278951,47.11426692259798,46.044543779076044,46.27709197998047,11388888
2023-08-17,46.32360119421035,47.34681541349932,45.672465518009,46.18407440185547,14338055
2023-08-18,46.04453971027277,46.46312714459235,45.905009382698374,46.3701057434082,6668649
2023-08-21,46.370109120822434,46.74218765585247,46.23058233148909,46.602657318115234,5578827
2023-08-22,47.212765773624774,47.40049120739077,46.461867619125606,46.74345397949219,10531488
2023-08-23,46.931179766271875,48.010598333122076,46.837318838965274,47.44742202758789,12138009
2023-08-24,47.86980543986406,48.620703632611665,47.02504273516986,47.40049362182617,16028166
2023-08-25,47.353564223193096,47.54128967075143,46.83732192783151,46.931182861328125,9097480
2023-08-28,47.30662677413642,48.05752487297447,46.93117593443511,47.541282653808594,10176435
2023-08-29,47.869802325448454,48.151388681838135,47.494351463219026,47.91673278808594,15120359
2023-08-30,48.10445852001578,48.33911441523537,47.68207719250756,47.822872161865234,16625736
2023-08-31,48.01059333797025,48.10445425551131,47.02503580096672,47.118900299072266,12311152
2023-09-01,47.2596934405781,47.91673062959992,46.83731571530265,47.16583251953125,15600040
2023-09-04,47.68207449707698,49.13694024908304,47.49434907540032,48.15138626098633,37020654
2023-09-05,48.80843205883117,50.404093053790625,48.432981149229455,49.46546936035156,86754268
2023-09-06,49.981706468703194,50.31022329495699,48.94922194570711,50.02863693237305,35282390
2023-09-07,50.263293478921916,51.01419164900927,49.74705121077217,50.63874435424805,34030394
2023-09-08,50.68567522635135,50.920331130177054,48.99615343491929,49.559326171875,32792462
2023-09-11,50.1694328848339,51.62429877043312,49.324670200000845,51.34271240234375,111372704
2023-09-12,51.81201671135647,52.28132845044382,47.07196886268711,47.58821105957031,78423300
2023-09-13,47.400487119921294,48.996147798486994,46.32106865427153,48.714561462402344,51861783
2023-09-14,49.136946025268095,53.36075239697246,48.4329782966507,52.46906280517578,112962101
2023-09-15,53.03223387909261,53.126094807714594,50.77953578651581,51.43657302856445,56993750
2023-09-18,51.43657053268308,52.046677280816226,50.54487743178261,50.87339782714844,43412811
2023-09-20,50.5918088509116,52.89143359640021,49.65318533665026,52.093605041503906,64391050
2023-09-21,51.10805551702803,51.99974864931858,48.573771091778774,49.13694381713867,50891570
2023-09-22,49.371592682513466,50.59180604789957,48.66762508582041,48.855350494384766,53675534
2023-09-25,49.230808627378956,49.46546452781397,48.33911548961292,49.04308319091797,22810402
2023-09-26,49.18388137867243,49.559328695573406,48.29218818261429,48.432979583740234,21271205
2023-09-27,48.62069667216929,49.183872921530565,47.96365950486338,48.80842208862305,30241826
2023-09-28,49.0900087169937,49.512390011402935,48.43297154575317,48.714561462402344,30832380
2023-09-29,48.949222970267144,50.4979497871778,48.949222970267144,49.559326171875,34377987
2023-10-03,49.84091004282813,50.638742224195155,49.55932368846055,49.88784408569336,21145618
2023-10-04,49.88784378787346,50.21636060258033,48.80842525858275,49.98170471191406,23291977
2023-10-05,48.80842187374049,50.35715207695998,48.52683554058181,49.793975830078125,48742608
2023-10-06,50.169430440060935,50.169430440060935,49.51239322616008,49.88784408569336,11951840
2023-10-09,49.27773383947519,49.3246642984475,48.43297125571553,48.80842208862305,21159737
2023-10-10,49.136942058686046,49.37159794928257,48.71456432006409,49.09001159667969,14530708
2023-10-11,49.46546002926269,49.74704636806334,48.94921781136739,49.32466506958008,13848985
2023-10-12,49.55933029746937,50.12250666187195,49.32467437410961,49.46546936035156,13114698
2023-10-13,49.18387398337387,49.84090758430013,49.090009482838276,49.230804443359375,10970978
2023-10-16,48.76149332701162,49.27773555480619,48.52683744341731,48.94921875,12913226
2023-10-17,49.23080490388914,50.591809739587866,49.04307948162645,49.84090805053711,19725789
2023-10-18,50.12249431677087,50.49794155333522,48.573764171820415,48.855350494384766,24123697
2023-10-19,48.76148958038477,49.465457177077816,48.62069462882042,48.855350494384766,12662066
2023-10-20,48.85536125939943,49.27774262659758,47.91673759032138,48.33911895751953,13047711
2023-10-23,48.386047723592725,48.620703632611665,46.79038682615092,47.40049362182617,27437723
2023-10-25,47.86980651855469,48.526843794726304,46.508801499463154,46.931182861328125,18364223
2023-10-26,46.93117794621008,46.93117794621008,45.42938168415724,46.6026611328125,12875069
2023-10-27,46.93117593443511,48.479906172497294,46.884245474613586,47.541282653808594,18412382
2023-10-30,47.775943453016225,48.151390750813135,47.259697600127446,47.86980438232422,11505454
2023-10-31,48.15138471428183,48.19831517305236,46.83731396588461,47.118900299072266,10112337
2023-11-01,47.3066270758693,47.353557535990156,46.18027813014583,46.46186447143555,17053951
2023-11-02,46.884251338097506,47.77594450848249,46.555730917131974,47.40049362182617,12789445
2023-11-03,47.82287000808232,47.91673092971705,46.83731600865907,47.07197189331055,11108918
2023-11-06,47.3066291809082,48.010596855739784,47.16583421371599,47.3066291809082,8216930
2023-11-07,47.306629245100666,47.588215599302444,46.884247923515616,47.212764739990234,16629921
2023-11-08,47.49434907540032,49.13694024908304,47.35355769456628,48.15138626098633,19802897
2023-11-09,48.479908714613245,48.761495068872335,47.96366288781268,48.10445785522461,10879126
2023-11-10,48.01060179979728,48.62070503247328,47.682081369373165,48.432979583740234,13762947
2023-11-13,48.52683744341731,49.46546097779457,48.432972941640806,48.94921875,14637354
2023-11-15,49.37159540961809,49.74704624748531,48.43297189551459,48.52683639526367,14409386
2023-11-16,48.620697021484375,49.18387327489179,48.4329716036819,48.620697021484375,10050134
2023-11-17,48.62070660403032,49.840916689388045,48.479915198353595,49.46546936035156,20601049
2023-11-20,49.7001211463964,50.21636341869995,49.230809338745,49.559326171875,11552406
2023-11-21,49.747044766733374,51.76508669421343,49.04307715210979,51.061119079589844,38078347
2023-11-22,51.43656809930836,53.07915925673513,50.54487504059234,51.10805130004883,39760661
2023-11-23,51.20191088293207,52.187464835545065,50.87339409224923,51.76508712768555,15570408
2023-11-24,51.76509374476028,52.84450875253037,51.20191742801659,51.34271240234375,21518186
2023-11-28,51.53043367817091,51.53043367817091,50.357154255449025,50.54487609863281,16524338
2023-11-29,50.77953375611443,51.999747262799936,50.404086476073694,51.48350143432617,26198318
2023-11-30,51.718152655453636,51.85894761060413,50.77952916928886,51.061119079589844,19880234
2023-12-01,51.43657362631506,54.111653089908046,51.20191772146821,52.93837356567383,66233355
2023-12-04,54.158579379186726,54.909477500690066,53.26688629340447,53.92392349243164,42130420
2023-12-05,54.1585784156653,55.61344417155075,53.21995488534377,55.28492736816406,39125672
2023-12-06,55.613441554561355,56.92751586740124,55.425716141217876,56.50513458251953,43328035
2023-12-07,56.88058327269651,60.72893823139779,56.55206647642856,60.30656051635742,67240281
2023-12-08,60.68201158571849,61.667561978308896,57.913071504519685,59.321006774902344,41323843
2023-12-11,59.8372510645814,60.82280865244977,58.8516970572777,59.274078369140625,26225259
2023-12-12,59.79031702096578,59.79031702096578,57.44375829628552,58.19465637207031,21186115
2023-12-13,58.66396937388854,60.82280631129927,58.100796700125024,60.30656051635742,48287436
2023-12-14,60.86973770949425,62.74698486883798,60.16577002474036,60.91667175292969,63040147
2023-12-15,61.47984617241329,62.512330706441595,60.165771692227345,61.05746841430664,47327748
2023-12-18,61.47983874339105,62.51232315265732,60.447354334124775,61.66756057739258,24614117
2023-12-19,62.08995308703991,62.840847676588034,60.63508363052507,60.8697395324707,25093633
2023-12-20,61.385983155811736,61.385983155811736,54.440167277797826,56.645931243896484,29751533
2023-12-21,55.80117349351977,59.8372542398601,54.909480361283386,59.555667877197266,32889189
2023-12-22,60.2596272950298,61.339045778399,59.32100735286103,60.728939056396484,25544220
2023-12-26,61.24518515513477,61.85529188009375,60.447356589171115,60.63507843017578,14667613
2023-12-27,61.151324953983064,61.432907718802454,59.602594683523904,60.25962829589844,16378714
2023-12-28,60.54122240173586,62.043018734514206,59.79032423534669,60.963600158691406,25966207
2023-12-29,61.10439019381666,61.52677507777098,60.30656162785301,60.63507843017578,12751253
2024-01-01,60.96359798132105,63.31015690533078,60.77587613185208,62.08995056152344,33495776
2024-01-02,62.183802127838135,64.53036069869995,60.68200607471226,63.826393127441406,41210903
2024-01-03,64.0141219035088,64.24877778608929,62.887776531574076,63.21629333496094,19256891
2024-01-04,63.82640073136113,65.51592596811359,63.404023002737674,64.81195831298828,56887404
2024-01-05,65.70365288427179,70.67836089567574,65.70365288427179,67.53396606445312,116761947
2024-01-08,68.33180527233431,68.33180527233431,65.70365616142522,66.21990203857422,36508713
2024-01-09,66.73613874994446,67.25238461158625,65.70365418779089,66.17296600341797,24264212
2024-01-10,66.12602135277977,66.12602135277977,64.20184751396631,64.90581512451172,35907742
2024-01-11,65.42205942386977,65.60978843299601,64.34264805619416,64.85888671875,19700812
2024-01-12,65.18739787205257,66.03216043693283,64.34264246830116,64.90581512451172,26246971
2024-01-15,65.3281973376777,68.61337974708375,65.3281973376777,68.0032730102539,68548194
2024-01-16,68.42565435708897,69.55199968893142,66.78306323749348,67.90940856933594,46560482
2024-01-17,67.0646466913295,69.83359033285723,65.84444042925934,68.51951599121094,54032963
2024-01-18,64.76502183283814,67.72168730525873,64.34264412011906,66.73612976074219,157329595
2024-01-19,66.03215957631066,70.72527691877949,65.84443774706341,69.03575897216797,223892254
2024-01-23,78.18734062052353,78.9851691654005,70.58448452158211,71.2884521484375,181342574
2024-01-24,71.8047134094862,76.68555380946964,70.81915565509985,75.46534729003906,159093882
2024-01-25,76.49782956098102,79.21983965243219,75.51227183715429,78.1873550415039,143423574
2024-01-29,80.25231803739851,84.10067337655657,79.5952843799068,81.61331939697266,229399393
2024-01-30,84.0537471553611,86.35337213583074,81.84797594255285,82.22342681884766,241812307
2024-01-31,83.02125412258896,86.11871485088749,82.45808139775188,85.36781311035156,139472846
2024-02-01,86.30643796796674,88.18368518563763,84.66384665250473,85.79019927978516,171023321
2024-02-02,87.15119162995992,96.67822170603266,86.58801895516031,94.47245788574219,502923653
2024-02-05,99.25944583803468,108.73954277899219,92.50135877308848,97.28833770751953,624762919
2024-02-06,100.47966456391194,102.40383874910113,93.95622590187891,95.03564453125,249855866
2024-02-07,96.6313005013814,98.79013772951886,94.61326541205773,96.39664459228516,166753801
2024-02-08,97.3821894640993,98.32081297700628,93.86235129069811,95.2702865600586,117672992
2024-02-09,95.92731303132273,95.92731303132273,86.82266849666448,90.3425064086914,220190578
2024-02-12,89.63854415328414,90.01399498510484,72.8841161285872,76.02850341796875,389284421
2024-02-13,75.9815749938723,82.45807904774658,72.74332654749992,80.53390502929688,400673877
2024-02-14,78.89132111349791,84.28840713291508,77.9526974579471,83.11512756347656,252396060
2024-02-15,85.32087734275821,90.62410153509961,83.86600805738995,86.91653442382812,284629734
2024-02-16,87.5735842551381,90.0140041692764,86.4472316447537,87.15119934082031,136095716
2024-02-19,88.60606664305492,92.82987271772367,88.27754982502881,90.8587646484375,222980210
2024-02-20,91.6096555782137,92.64214003442518,88.41833412718155,88.98151397705078,134072640
2024-02-21,89.87320193537109,90.57716957455153,85.9309860204122,86.96347045898438,114645187
2024-02-22,88.05944985950624,90.44201069298316,84.43795448422189,89.6795883178711,172188774
2024-02-23,90.06080652313638,90.34671675383173,86.86817621170123,87.34468841552734,85253172
2024-02-26,86.48696066509125,89.67959081671027,86.2963587015016,87.86884307861328,91726112
2024-02-27,88.15475812873106,88.63127033483231,85.6292419821946,85.96279907226562,60296472
2024-02-28,86.43931199712317,87.10643345381168,82.96077868045889,83.91380310058594,77320909
2024-02-29,83.96144011446266,85.10507364712296,82.00774464487378,84.00909423828125,105860700
2024-03-01,84.81916509033552,87.34468101070814,84.72386411184947,85.62923431396484,74783203
2024-03-04,86.72521454996632,87.15407259263813,84.62856391979517,84.91446685791016,52574324
2024-03-05,84.81917022223696,88.82186972881932,84.05674780622174,88.10710144042969,115253956
2024-03-06,89.2030785198653,91.01382625558989,86.53461467811222,87.20172882080078,120174834
2024-03-07,87.20172952988189,87.2493836566038,85.5339368886,85.8198471069336,59575340
2024-03-11,86.34400391946667,87.63058532679507,85.1527234921258,85.91514587402344,63463093
2024-03-12,85.7245352402895,86.2010474034284,82.24600226617436,82.57955932617188,65379094
2024-03-13,82.1030458022145,82.43660285668346,73.71642896157448,74.47885131835938,191612158
2024-03-14,74.86006019030403,82.62720226462604,70.14258563616558,81.05471801757812,218653139
2024-03-15,81.05471676148552,83.67553349394863,76.81375441362816,79.05335998535156,160183221
2024-03-18,80.14935705706012,81.86480402396498,78.14800710967093,78.62451934814453,111196804
2024-03-19,78.62450501467305,79.57752931788121,77.6714807114649,78.57685089111328,74817247
2024-03-20,79.1010239596144,79.8157922484061,76.90906496558692,78.95806884765625,71356984
2024-03-21,80.14934539794922,81.34062582084084,79.48223126952938,80.14934539794922,70691447
2024-03-22,79.62518159589949,82.48425443925676,79.62518159589949,81.05471801757812,76449026
2024-03-26,81.48357712677169,82.38894729755872,80.67350793117305,81.67417907714844,50935015
2024-03-27,82.19835415023184,86.34400881839154,82.19835415023184,84.67621612548828,120301969
2024-03-28,86.15340376452,86.67756280093259,84.53325798679299,85.48628234863281,79330957
2024-04-01,86.39165046647544,86.62990653104322,85.20037014363655,86.24869537353516,55190742
2024-04-02,86.67756262868089,88.4883103667779,85.39098119695369,87.86884307861328,99675395
2024-04-03,87.6782425541773,89.20308010091972,86.86817328912653,88.82186889648438,75480238
2024-04-04,89.39368770305602,91.01382620351487,89.01247650559546,90.25140380859375,87262326
2024-04-05,90.5373071314174,90.8708641771756,88.3453483661522,89.53662872314453,74266481
2024-04-08,90.06079099184527,90.25139293210607,87.67823038359539,88.01178741455078,44069047
2024-04-09,87.9164970315671,88.58361117381362,86.0581024417384,86.86817169189453,43696280
2024-04-10,87.0587752050292,88.91717709894218,86.43930790705822,88.48831176757812,48274768
2024-04-12,87.77354117017303,89.77489085073096,87.53528508270188,87.91649627685547,48418306
2024-04-15,84.19969414624272,86.34399878801969,82.7701577183914,84.7715072631836,71102656
2024-04-16,83.86614226847004,87.4876376839171,83.58023205688258,86.91581726074219,50348939
2024-04-18,87.3923356109897,88.58361612515804,84.8668267377522,85.29568481445312,47681863
2024-04-19,84.53325947404623,84.9621248070188,82.91312093881383,83.05607604980469,74207139
2024-04-22,84.62856829105918,85.48628442070584,84.15205609858926,84.39031219482422,32690525
2024-04-23,84.91446826420206,86.34400479144789,84.72386630230213,85.533935546875,42558278
2024-04-24,86.34400169798714,86.91581483419928,85.48627835816968,86.01044464111328,32505222
2024-04-25,86.15339804712418,87.34467842036706,85.77218687348679,86.77286529541016,34351777
2024-04-26,87.1540676805207,89.58428250802055,86.86816475851957,88.20240020751953,66165102
2024-04-29,89.06012091405783,89.9654983920271,88.34535266508146,89.0124740600586,53824312
2024-04-30,89.53663395287069,92.15745089133256,88.9648208023151,91.68093872070312,110494020
2024-05-02,92.8722188981851,94.54001149091494,92.44336085416833,93.3963851928711,98993366
2024-05-03,94.15880371670775,96.58901131829077,92.7292672671889,94.58766174316406,113971395
2024-05-06,96.25545424852676,98.63801499725267,92.4433570505653,96.97022247314453,188776678
2024-05-07,97.11317769376612,97.54203572067398,91.53798698897205,92.53865814208984,108728559
2024-05-08,92.82456155997532,95.87423619098564,91.06146818670379,94.2064437866211,113113556
2024-05-09,93.39638691758861,94.34941127389054,88.48831002843394,89.250732421875,83485011
2024-05-10,89.87018907531386,91.0138152591766,86.15339307126308,90.060791015625,99653414
2024-05-13,90.34671736152471,90.44201834873111,87.10643289951236,89.34603881835938,62798125
2024-05-14,89.58429012394701,94.73062313845864,89.44133501529413,94.3017578125,105222356
2024-05-15,94.6829564251985,95.68363478174429,92.30039583437318,92.8245620727539,84117827
2024-05-16,93.68229097321344,94.82591721718214,92.63395843341075,93.58698272705078,80651718
2024-05-17,94.34940566824424,95.87424309353135,93.63463744348482,94.58766174316406,82155121
2024-05-21,93.96819600252569,99.59104091508928,92.63396050735828,98.25680541992188,206793531
2024-05-22,100.06754990165115,102.59306571051152,98.1615013320959,100.78231811523438,162400701
2024-05-23,101.02058400441331,103.59374691499406,99.40044547123269,100.35346984863281,121149201
2024-05-24,100.68701885681561,101.30648610667738,96.54136460158435,97.63733673095703,91361716
2024-05-27,98.73331194177877,99.78163717421599,95.92189328147012,97.494384765625,96493592
2024-05-28,97.92324147399907,99.06686766310644,94.73061169765953,95.49302673339844,87126691
2024-05-29,95.4930349911441,97.494391901646,94.01585164172438,96.8272705078125,85794252
2024-05-30,97.20848609109701,97.20848609109701,95.30243734421275,96.30311584472656,77018738
2024-05-31,97.06552775688458,105.26153564205966,96.63666971147957,102.21186065673828,596996129
2024-06-03,112.45687591840141,112.45687591840141,105.40449410999679,107.83470916748047,160415834
2024-06-04,107.8346937949534,107.92999476438683,86.82050647547496,92.8245620727539,284068043
2024-06-05,95.30244025423792,97.01788708721386,88.77422455102246,92.77692413330078,139589190
2024-06-06,95.06417839710879,100.01990208184179,94.87357643654165,97.7802963256836,105641480
2024-06-07,97.87559963266203,98.97157910947351,96.54137133497736,98.35211181640625,84765091
2024-06-10,99.40043872202402,100.52500770183882,96.63666676102173,97.18942260742188,66759074
2024-06-11,97.92325139402801,98.018552374275,96.5223044443011,97.58016204833984,68234398
2024-06-12,97.91372369695848,99.06688233521078,97.6754675996915,98.32352447509766,47519149
2024-06-13,98.73331194177877,99.18123450761057,97.08458404273613,97.494384765625,42052456
2024-06-14,97.74217001683962,99.40043753625832,96.82726756009055,97.77075958251953,47910765
2024-06-18,98.3044666231245,98.44742173486516,96.48418656035814,96.92257690429688,35331787
2024-06-19,97.20849108180167,97.35144619935713,94.45425108283057,95.39774322509766,39253925
2024-06-20,95.39773469472934,96.99881587198487,95.01652350566874,95.57881164550781,41974488
2024-06-21,95.5883430797428,96.92257132316207,95.25477874788938,96.0267333984375,47341955
2024-06-24,95.02605979527115,96.44606408167616,94.83545782819628,95.1213607788086,49149212
2024-06-25,95.34055959506527,95.8742509197313,94.83545783836364,95.18807220458984,23795528
2024-06-26,95.29290320397642,95.81706950753467,94.44471210985402,95.01652526855469,31850737
2024-06-27,95.01652507788769,95.58834550643971,93.4059188657293,93.94914245605469,38962271
2024-06-28,94.34940506631209,97.99948985583629,94.05396986201583,95.96954345703125,53577299
2024-07-01,96.25546665943106,96.49372276502372,95.12136527009027,95.39774322509766,20949761
2024-07-02,95.63599243396165,95.95049221570383,94.07303307566562,94.34941101074219,29096085
2024-07-03,94.77826671693231,97.15130253392236,94.59719703849831,96.69384765625,62471696
2024-07-04,97.2084771117056,99.43855044948322,97.01787516302313,98.73331451416016,81824578
2024-07-05,98.54271706157323,100.35346474066667,98.10432674280301,98.94298553466797,74213267
2024-07-08,99.59103913572996,101.68768968281967,98.399758763293,98.75238037109375,69792078
2024-07-09,99.28607162110846,102.44057971964517,98.82861675899215,101.06822967529297,98880924
2024-07-10,101.77346877378079,104.45146480648201,97.26566050690433,103.7081069946289,134958277
2024-07-11,104.29898671364889,109.11175529653569,103.87965367484735,108.71148681640625,178198788
2024-07-12,109.59779143130267,111.45618585586897,107.26288487007854,107.71080017089844,158615919
2024-07-15,108.454169713411,112.8380800984297,106.40516598653315,110.36974334716797,138487161
2024-07-16,110.75095684866538,111.78975715239761,107.69174961271774,107.89188385009766,60399835
2024-07-18,108.12060125016306,109.21658062223266,102.45010971393083,103.21253204345703,84893554
2024-07-19,103.35548641134525,104.56583139076773,100.54406752635379,101.27789306640625,65072210
2024-07-22,100.82997735526125,103.54609525052803,99.40044085554204,102.25951385498047,57995385
2024-07-23,103.09817217613504,103.75576128969922,92.12886011622375,98.87627410888672,119253056
2024-07-24,98.5236496060425,100.858563505765,97.0369340234099,97.57062530517578,69256057
2024-07-25,96.63666546923518,98.92392524331736,96.26498657393414,97.17035675048828,37870720
2024-07-26,98.63802388914903,102.35482044641822,98.63802388914903,99.70541381835938,74150250
2024-07-29,100.30581889413462,100.81092066677371,99.36232676654463,100.41065216064453,36122083
2024-07-30,100.41064771910196,101.64005002297408,100.30581445722922,100.53453826904297,29387753
2024-07-31,100.54405739245396,101.0015122272227,99.8292892119389,100.10566711425781,26015515
2024-08-01,100.73466382469624,101.30648421140835,98.92392350343542,100.11520385742188,32207899
2024-08-02,98.16150448621111,99.06687467744182,97.55156950603492,98.45693969726562,24854216
2024-08-05,95.30243165906236,96.49371205480065,93.139069659641,93.69181823730469,57534546
2024-08-06,94.34941044380753,96.73197131360065,92.84363022905858,93.2153091430664,36552604
2024-08-07,96.25546482397762,96.82727801229646,93.41544890022854,95.82660675048828,38858385
2024-08-08,95.49303276268921,95.49303276268921,93.64417054926444,94.13973999023438,27076745
2024-08-09,94.61624607803704,95.11182275823191,92.82456311125077,93.17717742919922,23286851
2024-08-12,92.76527777184745,93.11013070328266,91.4337651287291,92.79402160644531,36867310
2024-08-13,92.91854578867782,93.67530595612652,90.65784656420091,91.1176528930664,25538708
2024-08-14,91.59661639658253,92.00852365314249,89.13475413529366,89.73824310302734,27739978
2024-08-16,90.1405749957134,90.89733522873676,88.60789928064202,90.1693115234375,34756900
2024-08-19,90.66743648769365,93.25382632261386,90.52374653944823,92.14263916015625,31239316
2024-08-20,92.6790677755035,92.8993933228507,91.81693545080078,92.72696685791016,16869237
2024-08-21,91.33796640532672,92.53537028402364,91.33796640532672,91.90314483642578,15590227
2024-08-22,92.34379642206746,94.02016199448123,92.05641654344696,93.80941772460938,22672016
2024-08-23,94.30753688953413,94.45122683238652,92.91855116150052,93.0047607421875,18447799
2024-08-26,93.49329891962131,95.12177267604106,92.35337532933856,92.5832748413086,18557442
2024-08-27,92.53537211452758,92.88022502308392,90.81111488011929,91.03143310546875,18858070
2024-08-28,91.09849083798183,91.94146789413908,90.7440639469827,91.06017303466797,19336484
2024-08-29,91.00270296723399,93.20592922557975,90.83027650085585,91.02185821533203,30622569
2024-08-30,91.48166937211721,93.63699666098907,89.17307085690588,92.0755844116211,41487282
2024-09-02,95.79231545894427,96.271277036239,93.34003452187488,93.72319793701172,52636400
2024-09-03,93.87647357939973,95.16966843744115,93.1676124579,94.90145111083984,26155552
2024-09-04,94.64281638136983,95.12177798793876,93.79983927644906,94.59491729736328,19437901
2024-09-05,94.73860606629916,94.81524167640974,93.45498517625612,94.07763671875,15914761
2024-09-06,93.86689239614651,94.28838094316069,91.48166567259837,92.04683685302734,19518008
2024-09-09,91.96062437991569,92.00852346179641,89.86277029756926,90.878173828125,22951872
2024-09-10,91.18470680058694,92.22883952393096,90.87817168554915,91.05059814453125,13209197
2024-09-11,91.05059701456992,91.83609369387938,90.14056565020167,90.40878295898438,11717823
2024-09-12,91.19428667116527,91.86483730320822,90.6674332906752,91.29008483886719,16982988
2024-09-13,91.67324506725825,92.4395865318041,90.04477859056564,90.31299591064453,15168030
2024-09-16,90.70575429445073,92.89939939976608,90.52374653944823,92.14263916015625,19905720
2024-09-17,92.34379891570993,92.34379891570993,91.16555015159727,91.4816665649414,10317825
2024-09-18,91.0984900375195,91.9127232527566,90.1022490852343,90.41836547851562,8909159
2024-09-19,90.95480335581628,91.21344670806728,87.54459916101695,88.54084014892578,20471147
2024-09-20,88.65578992178125,92.1522035515197,87.9373475636092,90.66742706298828,31054052
2024-09-23,90.61953403091862,91.00270477586021,89.90109162479341,90.2746810913086,30150367
2024-09-24,90.27468291541314,90.3608998062448,89.37424005123609,89.52750396728516,22723732
2024-09-25,89.757394633635,90.11182882383926,88.41630809421025,89.01021575927734,21576479
2024-09-26,89.37423665425578,89.90109002434394,88.32051529733158,89.49876403808594,17558678
2024-09-27,90.04477848187366,91.96062483255183,89.23054524451021,91.3283920288086,56673067
2024-09-30,91.3283929241718,92.14263347789172,90.43753137841152,90.95480346679688,26425540
2024-10-01,91.2900789315412,91.52955971855114,90.61952834288917,91.05059814453125,14615288
2024-10-03,89.23053830645546,90.33215133411505,88.8665228507711,89.04853057861328,21158068
2024-10-04,88.46420572490874,89.47002800446747,87.2189099546266,89.24970245361328,14449046
2024-10-07,89.23054148399197,89.32633233581412,84.02901856877799,86.6633071899414,31730134
2024-10-08,85.782023856038,87.72660674580881,84.0290226792832,86.82615661621094,21747643
2024-10-09,87.51585974607903,89.26886086814233,87.02731689224406,88.2630386352539,38336883
2024-10-10,88.72284427431941,88.99106158543879,86.69204457697144,86.98899841308594,15375544
2024-10-11,86.8070030353088,87.41049202043523,86.2130880201553,87.09437561035156,10776323
2024-10-14,87.17100442917113,87.79365592248276,86.94110492537283,87.22847747802734,7809402
2024-10-15,87.22847879138963,87.97565767126417,85.96402053890039,86.22266387939453,13514291
2024-10-16,86.21308633251033,86.45256712787841,84.10565825662074,84.28765869140625,27010285
2024-10-17,84.39303171986099,85.0156832560874,81.18399048961585,81.37557220458984,23258469
2024-10-18,81.27977847476723,81.27977847476723,79.51720337249724,80.59007263183594,34970175
2024-10-21,80.94450394431779,80.99240302384723,78.21442450372851,78.59759521484375,16007325
2024-10-22,78.54970312821683,78.73171087658388,74.81380115190731,75.29276275634766,41896269
2024-10-23,75.2831789673258,76.98828836130465,71.94002912616627,74.89043426513672,60581545
2024-10-24,75.09159157507679,78.50179548832612,75.01495597270925,76.68174743652344,40761475
2024-10-25,76.9691244633772,77.5055664028041,73.81755638919225,75.19696807861328,31980972
2024-10-28,75.67593466362239,76.72964874789672,74.43063154960551,75.61846160888672,24029278
2024-10-29,75.96330763439424,77.49598319084907,74.96706669560523,77.2756576538086,15401041
2024-10-30,77.2756616870993,79.45972538258813,76.50932752306096,78.57843780517578,22207113
2024-10-31,78.7412875545838,79.7950089672897,78.1952715990791,79.12445831298828,21878438
2024-11-01,80.27396354413719,80.82955342127742,79.51720337249724,80.59007263183594,4821257
2024-11-04,80.9445107195279,80.9445107195279,78.55928398845697,79.79500579833984,14689168
2024-11-05,79.82374156843981,79.852478094941,76.15489397872543,76.80628204345703,42517035
2024-11-06,77.59177695991995,81.07861672258473,77.2756605590365,80.40807342529297,25723834
2024-11-07,81.04029679964108,81.98863866912038,80.27396266682776,80.96366119384766,25203001
2024-11-08,78.07073838550892,79.30646015229667,77.0170243597719,78.88497161865234,27575921
2024-11-11,78.88497819641007,79.1053037596523,76.68175910585978,77.66841888427734,20508701
2024-11-12,78.26231598005008,78.58801364120175,77.11281115940827,77.39060974121094,10807995
2024-11-13,77.39061742094606,77.39061742094606,74.46894869169195,74.66053771972656,23048732
2024-11-14,74.6701087327168,75.42686891964202,74.00914671020209,75.08201599121094,16163462
2024-11-18,75.32149459659483,75.62802971202836,73.19491134423491,74.87127685546875,16506105
2024-11-19,75.00538492181211,77.09365766314639,74.95748584137553,76.6434326171875,16065815
2024-11-21,76.63385488675809,77.05534342731491,74.82338064972834,76.0399398803711,14271113
2024-11-22,76.63385268985297,77.15113207251433,75.54182087369247,75.8292007446289,13620509
2024-11-25,77.58219715369343,80.08237726561485,77.42893324356504,78.96160888671875,46902993
2024-11-26,79.31604237454036,79.41183323104335,77.49598686748801,77.81210327148438,12725918
2024-11-27,77.81210725087972,79.89079890763406,77.42893649689812,79.498046875,18130311
2024-11-28,79.29687531587292,81.1169307195856,78.92328588086131,79.99616241455078,15868730
2024-11-29,80.0344860478114,80.21648648558146,77.4959881136073,78.01326751708984,25198619
2024-12-02,78.45391597856373,79.46931228930885,77.83126440167544,78.05158996582031,14790030
2024-12-03,78.44433120631221,79.22024666895983,78.1665325979679,78.53054809570312,13909353
2024-12-04,78.87538232150888,79.76625107171921,78.26231213946878,78.50179290771484,20241141
2024-12-05,78.93287409766961,79.84289822534176,77.88873399666903,78.72212982177734,24256105
2024-12-06,78.9328711522137,83.18604508332038,78.52096389426065,81.29894256591797,71149439
2024-12-09,83.33931357604075,85.05399688179402,82.57297213704956,83.11898803710938,66596997
2024-12-10,83.61711301641104,83.61711301641104,81.95032877426252,82.36223602294922,25201333
2024-12-11,82.38139086935759,83.43510487229092,82.1898091627783,82.48676300048828,16615409
2024-12-12,82.59214169087143,83.14773891579853,81.18399337972396,81.4617919921875,17473558
2024-12-13,81.46179232022486,82.28560688233094,79.660899279635,81.84496307373047,18942927
2024-12-16,82.38139648797222,82.75498595714309,81.4234732729958,81.643798828125,13603994
2024-12-17,81.71085366053755,82.28560613136345,81.04030302092885,81.39473724365234,13844583
2024-12-18,81.23189145756635,81.59589964781348,79.98658835621573,80.12069702148438,14696825
2024-12-19,77.8791535072095,81.13608630731419,77.8791535072095,80.88703155517578,15332138
2024-12-20,80.88704063529924,80.94451369095624,77.44809240712765,78.04200744628906,17398126
2024-12-23,79.26814366867204,79.27772494688001,77.80252236292947,78.57843780517578,14354373
2024-12-24,78.93286684642955,79.05739422148329,78.02283549398416,78.59759521484375,12509867
2024-12-26,79.019082842014,79.41183486263175,78.07074091891424,78.58802032470703,8411428
2024-12-27,78.63590586962997,78.94244828584935,76.68174912484555,76.94996643066406,15327439
2024-12-30,77.27566629203861,77.9749534754141,75.46519194665981,76.39437866210938,58030384
2024-12-31,76.38479129909133,77.63967561770099,75.07244123750839,77.2948226928711,24906446
2025-01-01,77.5917755427354,78.99992374970262,77.29482170341193,78.49222564697266,12895679
2025-01-02,78.74128036169921,79.23940449463453,77.85999281373512,78.99992370605469,9040064
2025-01-03,79.89079508034571,80.9445091220347,79.03824403047585,79.59383392333984,23421943
2025-01-06,79.50761914468968,79.58425474847732,75.58013580524114,75.93456268310547,32044630
2025-01-07,76.09742147422953,76.89249217719792,75.34066126795621,75.85794067382812,14031288
2025-01-08,75.95373120093687,76.3369019415822,74.31568341034277,75.66635131835938,15063154
2025-01-09,75.76214013205835,75.86751226560179,74.34441793081272,74.82337951660156,11962206
2025-01-10,74.82338104296149,75.23528830747753,73.2140697895469,73.37691497802734,17780157
2025-01-13,70.75220894062845,72.1316207029824,69.11416112702017,69.51648712158203,28515075
2025-01-14,69.64101913987257,73.76009214399072,69.64101913987257,73.1757583618164,17957402
2025-01-15,74.0762003128074,75.38855037520705,73.14701367079161,73.93251037597656,13272868
2025-01-16,74.7180064352872,75.96330946589147,74.66053338440118,75.5130844116211,8148498
2025-01-17,75.11075619522198,77.59177359601351,74.71800420356857,77.01702117919922,15592475
2025-01-20,77.15114015190903,77.30440407298445,76.34648081404599,76.59554290771484,7149925
2025-01-21,76.54764965529597,76.86375877029202,75.48435427368601,75.6950912475586,12375916
2025-01-22,75.71424622973137,75.95372701589258,73.40564794311803,74.48810577392578,13210629
2025-01-23,74.23904786594281,76.27942164724375,73.81755932002422,75.15865325927734,7900425
2025-01-24,75.10118134837514,75.49392606528522,73.52060658551338,73.64513397216797,8328267
2025-01-27,73.28112702804714,73.45355350162457,70.98210981647276,71.62391662597656,12035524
2025-01-28,71.84424729636123,72.869224932121,69.38238471467425,70.01461029052734,15338930
2025-01-29,70.02418032209773,72.44772470560261,70.02418032209773,71.44190979003906,13912840
2025-01-30,71.74844818692884,73.5206046216722,71.10664140547904,72.29446411132812,17707842
2025-01-31,72.51477286907067,78.6454819274624,71.99750084696588,77.16070556640625,22770528
2025-02-01,78.54970003046338,79.12445247145055,73.98998368966743,75.52265930175781,27542115
2025-02-03,73.8846206834314,74.35400835728639,71.39402159256439,73.50145721435547,25412024
2025-02-04,74.44021699145969,75.81962884925665,73.52061152238657,75.58972930908203,13296006
2025-02-05,75.48435204475574,76.75838436261819,75.23528996323883,76.18363189697266,12628688
2025-02-06,76.63385728854406,77.4385092820542,73.99956844425037,74.34442138671875,15123982
2025-02-07,74.43062547449249,75.18738563636599,73.66429134319395,74.17198944091797,10978567
2025-02-10,72.80216639953268,75.54182745660609,71.75803357366433,72.96501159667969,17872082
2025-02-11,73.2811213969084,73.60681176176419,70.76178612891812,71.25990295410156,14332035
2025-02-12,70.90548107944801,71.46107836022344,68.01255586266473,70.98211669921875,19072148
2025-02-13,71.17738579710098,74.44822432688579,71.07975027141293,73.52067565917969,14449514
2025-02-14,73.725701486986,74.01860802030478,70.64036868206642,71.55815887451172,11130111
2025-02-17,70.78682730462481,71.8608328497691,69.41990777029928,71.48004913330078,12667923
2025-02-18,71.35312801805429,71.67533193578096,69.45896765832951,71.28478240966797,13597956
2025-02-19,71.22619159771865,73.06177204445747,70.44510003343837,72.85673522949219,12062248
2025-02-20,73.7159427378588,78.50992351664995,73.2277576866147,77.91433715820312,50830969
2025-02-21,78.20724171739964,80.21856914243259,77.6507110711929,78.00220489501953,41631037
2025-02-24,77.03560340254461,77.08441743872505,75.229320183387,75.41482543945312,17396412
2025-02-25,75.48316667958693,76.93796342704202,74.1064887735463,74.2138900756836,20738338
2025-02-27,74.54585000751432,75.17072622832792,71.77296270879297,72.5540542602539,19818208
2025-02-28,71.76319631436412,72.11469011673078,69.32227126965786,71.17737579345703,28437195
2025-03-03,71.8510714078429,72.48571345669819,69.81046149360392,71.63627624511719,17364718
2025-03-04,71.25548822534381,72.64193188323766,70.71848172800567,71.83154296875,15915861
2025-03-05,72.25139190236933,74.75089713041076,72.25139190236933,74.54586029052734,15168229
2025-03-06,75.18050068158614,75.98112389737356,74.69231561222519,75.67845153808594,10895125
2025-03-07,75.58081085625292,76.30332262384985,74.8192359427663,75.20978546142578,10946561
2025-03-10,75.57104842187002,76.6450540589887,73.530431007143,74.00885772705078,11591159
2025-03-11,73.22775734660463,75.13167605797129,72.56382538203091,74.77042388916016,12555697
2025-03-12,75.18049788127549,76.64505303480682,74.87782553326174,76.50836181640625,15657366
2025-03-13,76.9379608060198,77.13323183101043,75.47340577125378,75.73702239990234,11512350
2025-03-17,75.76631911226941,77.32850979980958,75.76631911226941,76.47907257080078,11545925
2025-03-18,76.47907257080078,76.47907257080078,76.47907257080078,76.47907257080078,0
2025-03-19,77.4261435694141,78.69542009322187,77.19180940729508,78.30487060546875,10758869
2025-03-20,79.4569987851953,79.86707990260479,77.78740675074825,78.14866638183594,12443348
2025-03-21,78.30488149638471,82.1029607085823,78.1291345749079,80.60911560058594,48089355
2025-03-24,81.3218619542479,82.98168805135413,81.22422643955558,81.6440658569336,19869482
2025-03-25,82.3080008954719,82.6497289343628,78.84188412459099,79.3886489868164,19826090
2025-03-26,79.52534053633126,80.89226014674759,78.64661341809673,79.02739715576172,20090934
2025-03-27,78.69542778189694,80.32596404477705,78.10960721758755,79.35935974121094,84926439
2025-03-28,80.5017142978155,84.88562154808764,80.06235071863887,80.25762176513672,72367264
2025-04-01,80.14046344882541,81.51714148247551,79.6132226755829,80.19904327392578,17413114
2025-04-02,80.25762076258508,82.28847239689088,78.90046689377323,81.71241760253906,21706837
2025-04-03,81.03871721472309,82.84500038571068,80.69698917412208,82.53256225585938,15226367
2025-04-04,82.50326573730278,82.89381523061537,80.75556252779074,81.07776641845703,20959439
2025-04-07,74.69230762479344,81.06800275698649,73.96003009906018,80.6286392211914,31781983
2025-04-08,82.21035565300839,82.63996086093299,79.93541908613803,81.60501098632812,13816605
2025-04-09,81.18516948158414,83.18672357354933,80.60910729036524,82.40563201904297,23154789
2025-04-11,83.18673546494763,83.87019905309181,81.23399512587268,82.21036529541016,24699060
2025-04-15,83.18672480315938,83.77255278908868,82.69853978095983,83.40152740478516,18819411
2025-04-16,83.1965003589385,84.2216920055885,82.83524071840847,83.30390167236328,20794241
2025-04-17,83.38200509731035,83.91900416395669,82.85476436795967,82.97193145751953,16634569
2025-04-21,82.99145857480542,86.16466140266563,82.84500156985088,85.63742065429688,20930800
2025-04-22,86.30135230338955,88.73251175988602,85.18829098840983,87.75614166259766,34347580
2025-04-23,88.36149880240374,89.3281031676397,86.57473963551827,88.23457336425781,22917995
2025-04-24,88.25409435046222,89.00590351265821,86.81882908546339,86.97505187988281,20697922
2025-04-25,87.48275608733994,87.75613851291058,83.10862237998477,84.03617095947266,22579800
2025-04-28,84.0068814034319,85.19805407624801,83.67491170733133,84.7196273803711,13092935
2025-04-29,85.62765720964883,86.04749666247534,84.06546649533378,84.47554016113281,9534930
2025-04-30,84.88562163593588,85.28592951640464,83.18673224337209,83.7627944946289,12429363
2025-05-02,83.76279065945027,84.94419757085254,82.74736487505461,82.8840560913086,8115065
2025-05-05,83.87018976720286,83.88971389082214,82.16154215968929,82.63019561767578,10850230
2025-05-06,82.79619300694061,82.87429695884786,78.79306936944354,79.77920532226562,14835851
2025-05-07,78.18771929183636,81.81981725086551,78.11937368289173,81.43903350830078,14705116
2025-05-08,82.50326456286896,82.50326456286896,77.62141458873471,78.30487060546875,13538156
2025-05-09,75.76631911265399,77.35780716078253,74.44822095282007,76.12757873535156,32190446
2025-05-12,79.66203504985991,81.91745510759341,79.47652979121168,81.33163452148438,24521652
2025-05-13,81.33162954685399,82.22988822055358,80.64816603060325,81.55619049072266,20438052
2025-05-14,81.80028488026319,84.23144431658831,81.42926692805251,83.92877197265625,18764309
2025-05-15,84.26074350037435,85.37380483021161,83.7823167829557,84.89537811279297,17643335
2025-05-16,85.02231340335544,88.6348799342477,85.02231340335544,87.59016418457031,40214461
2025-05-19,88.04905163044226,88.50794674696496,86.74071188658316,86.88716888427734,24392948
2025-05-20,87.34606096084309,87.81472184733094,84.12404436927044,84.56340789794922,20660695
2025-05-21,86.79929774306888,87.1410257660545,84.21191565627115,85.54954528808594,33944604
2025-05-22,85.92057338169643,87.27772729713736,84.9442032296317,85.43238830566406,24019017
2025-05-23,85.9205676830318,85.96938916704221,83.72373498659066,83.93853759765625,15125932
2025-05-26,84.25097541280172,85.2175797098723,83.62609915518917,85.00277709960938,13861027
2025-05-27,85.00278141453614,85.33475113337015,84.45601652364833,85.15900421142578,10618329
2025-05-28,85.43238147677252,86.21348051563373,84.5536469203318,84.69033813476562,10614455
2025-05-29,85.0906539572412,85.23711095905583,84.43648779146343,85.02230834960938,8766184
2025-05-30,84.95396341455965,85.735055015234,83.88971614545277,85.34451293945312,34572614
2025-06-02,85.30545905831057,85.71553271607901,84.59270560152115,85.25663757324219,9042841
2025-06-03,85.25663910288814,85.647188643104,82.84500369985159,83.07933044433594,11508014
2025-06-04,83.46012454565702,85.28593197723312,82.67902543809367,85.05160522460938,11798863
2025-06-05,85.54954494672519,87.0922039370636,85.09064983949894,85.5593032836914,21142258
2025-06-06,85.97914527168244,87.51204597098089,85.7350527561947,87.1996078491211,17973782
2025-06-09,88.16622343902476,90.15801189750582,88.03929055797445,88.78133392333984,31314296
2025-06-10,89.33786762545363,89.33786762545363,87.31678173779312,87.59016418457031,13946924
2025-06-11,87.77567241682608,89.1425920300947,87.38512289173325,88.14669036865234,13725582
2025-06-12,88.31266683032294,88.4981795209918,85.23710717434021,85.54954528808594,12099615
2025-06-13,83.0402844729286,84.74893224028013,83.0402844729286,84.02641296386719,11356983
2025-06-16,84.0264037075221,84.70010142243667,82.9914538433097,84.45600891113281,8323147
2025-06-17,84.65127968148649,84.88561385498193,82.95239789376193,83.05979919433594,8290491
2025-06-18,82.99146178942539,83.04028327600554,80.15998689737533,80.57982635498047,15730516
2025-06-19,80.59935511321979,81.4683239103723,78.67590481532731,78.95905303955078,11055550
2025-06-20,78.95905286976912,80.79462598076329,78.84188577579016,80.36502075195312,19726257
2025-06-23,79.46676158426384,83.72373580232876,79.19337914901223,83.19649505615234,19708460
2025-06-24,84.17285996398087,84.53411955921437,82.991453113552,83.43081665039062,20966042
2025-06-25,83.85066643156401,84.11429054555195,82.64973530952649,82.96217346191406,9161381
2025-06-26,83.33318262441578,83.63586240657158,81.92721481196212,83.36247253417969,10445731
2025-06-27,83.77255779668677,84.30955688373864,83.23555126052219,83.5284652709961,15970754
2025-06-30,83.93854091094413,84.2607448402608,83.18673174253854,83.78231811523438,9450272
2025-07-01,84.06546602504257,84.26074451893506,83.0890959029187,83.45035552978516,7520819
2025-07-02,83.4796385859132,84.08499069359672,82.02484930917326,82.70830535888672,10143073
2025-07-03,83.04028486228924,83.56751819203885,82.74737083543889,82.96217346191406,6179534
2025-07-04,83.01098600382674,83.62610395930076,82.31776409849871,83.030517578125,6986352
2025-07-07,82.99145171724619,83.28436570295189,82.307995682749,82.44468688964844,7399787
2025-07-08,82.86453538516392,86.11584224772875,82.71807837624716,85.88151550292969,40393002
2025-07-09,86.4087492796405,86.68213170132265,85.73505156255789,86.2037124633789,16837809
2025-07-10,86.20371341390299,86.58449714103214,85.1589977486054,85.451904296875,16654025
2025-07-11,85.45190087189735,86.58449367065931,85.24686406159294,85.9693832397461,14331407
2025-07-14,86.09631596378087,87.6292167272286,85.50072960513754,86.68213653564453,17306761
2025-07-15,87.04339531302651,87.38512335588061,85.62765420818431,86.01820373535156,12515929
2025-07-16,86.06703034888106,86.84812200065254,85.80340623645945,86.48686981201172,6839669
2025-07-17,86.50638659970546,86.67236772360268,85.3542696206389,85.76434326171875,7149824
2025-07-18,85.72529699580818,85.76434524424107,84.38766728904628,84.9734878540039,15907374
2025-07-21,85.04183809119436,86.00844244844164,84.07523373394709,85.46167755126953,6264331
2025-07-22,85.46167255834149,85.76434490171972,84.16309855431129,84.29003143310547,6736725
2025-07-23,84.64152975527074,85.27616438649264,84.11428898618236,84.43649291992188,7999472
2025-07-24,84.53411891641831,84.93442675485433,83.23554498978777,83.81159973144531,8020073
2025-07-25,83.77255591405097,84.01664843425611,81.17540792349419,81.50737762451172,11495304
2025-07-28,81.81004514438335,82.82547086248624,81.23398295711084,81.72216796875,8204926
2025-07-29,81.72217609851084,82.35681816659867,81.15588708999994,82.05414581298828,7882251
2025-07-30,82.34705104541723,82.68878654131339,81.57572521801156,82.46421813964844,6831275
2025-07-31,81.81981290187183,81.91744841672984,80.95084415614471,81.28280639648438,7423281
2025-08-01,81.28280655772323,82.21035512438266,80.50170753908517,81.27304077148438,10661957
2025-08-04,80.9801365473853,81.7709939258175,80.49195150902221,81.51713562011719,5551838
2025-08-05,81.72217380656907,83.43082146936328,81.52690276760909,83.21602630615234,10380355
2025-08-06,83.47964630275027,83.57728182614727,81.7124187471918,82.00532531738281,5785340
2025-08-07,81.57572472619003,81.89792119743602,79.97447836024791,81.43903350830078,5839464
2025-08-08,81.03872220980406,81.60501868291271,79.57416698914496,79.84754943847656,6613741
2025-08-11,80.50171066288311,81.91745175796214,79.83777870601116,81.47808074951172,10068007
2025-08-12,81.77099279049071,82.2005980020015,81.21446215244828,81.92721557617188,5967656
2025-08-13,82.40563980148445,83.831139285968,81.81981921800137,83.09886169433594,11678534
2025-08-14,83.3935362542085,83.47211853310785,80.37801062111774,80.85931396484375,13988133
2025-08-18,81.52724711386213,82.01837510852395,80.48605816326499,81.31114959716797,7945165
2025-08-19,81.42902479870986,81.49778241970898,80.34854468557273,80.63339233398438,12456960
2025-08-20,80.6825100962422,82.06749470239274,80.38783028820455,81.29151153564453,11235117
2025-08-21,81.37991147500792,81.89068881283387,80.27978950557143,80.37801361083984,6333244
2025-08-22,80.57445537792346,80.57445537792346,79.17965371020365,79.27787780761719,8671203
2025-08-25,79.40557163862273,79.6511356392281,78.06971036982662,78.18757629394531,12469431
2025-08-26,78.10899532926425,78.91444496503969,76.96958224417592,78.4233169555664,20572647
2025-08-28,78.57065211595629,78.73764132455464,76.78294656911129,76.9499282836914,11697634
2025-08-29,76.94993166810836,77.0088721242135,75.2506329797848,75.85963439941406,13508674
2025-09-01,76.61596990817533,77.5687594509482,76.3212901032287,77.16603088378906,7403198
2025-09-02,77.49999984941218,78.47243119046725,76.9302895712108,78.14828491210938,7462301
2025-09-03,78.08935474523271,78.52154979851247,77.79467493726581,77.97148132324219,4900025
2025-09-04,78.34474183132278,78.57065651805485,76.61596914711396,76.7043685913086,7037191
2025-09-05,77.00887349840609,77.1562134002703,75.73193767427459,76.43916320800781,7033772
2025-09-08,76.61597038739357,77.53929345425074,76.25253295822199,77.24461364746094,5612373
2025-09-09,78.08934825044884,78.64923384380454,76.69454659598632,77.17584991455078,9734849
2025-09-10,77.25443584956868,78.38403174765249,77.23478653293081,78.14828491210938,10937354
2025-09-11,78.54118895989109,81.1834600013134,78.40367371923894,80.82002258300781,30015271
2025-09-12,81.0361231729656,82.11660331646803,80.85931678628201,82.01837921142578,16380844
2025-09-15,82.43091786719751,85.24999515323205,82.01837216505143,85.07318878173828,26197108
2025-09-16,85.24999885352652,87.29309312524258,85.210707714376,87.03770446777344,26870203
2025-09-17,86.7332071797509,86.8608977609946,85.22053205124443,85.66254425048828,15170233
2025-09-18,85.94739865581083,87.11628567561576,85.06336677083308,85.54467010498047,16436138
2025-09-19,85.97686362019593,87.63687860304717,85.75094894436332,86.26171875,25192808
2025-09-22,86.24208220712121,87.02788253266452,85.59378963187969,86.17332458496094,10256621
2025-09-23,86.29118799015718,86.73320768599952,84.75887103021489,85.09283447265625,11788276
2025-09-24,85.01426164972894,86.04562597578712,84.43472670021355,84.75887298583984,11315951
2025-09-25,84.77851177667235,86.39923565281761,84.74904529612726,84.8963851928711,15155848
2025-09-26,84.89638656367613,84.96514418406434,82.0282008360271,82.15589141845703,8128101
2025-09-29,82.21482743606137,84.61153456841446,82.14606981311775,84.34632873535156,20054016
2025-09-30,84.75887122653216,84.94550226481022,84.14005264374184,84.78833770751953,10452346
2025-10-01,84.76869812738273,85.4562743486726,84.52313412063367,84.83745574951172,7396034
2025-10-03,84.96514183801794,85.6036097205755,84.08110996170888,85.38751220703125,8662889
2025-10-06,85.38751038728074,85.54466744304287,84.53294500939114,85.07318878173828,6459027
2025-10-07,84.94549923051952,85.73129950684815,84.67046126508528,84.92584991455078,10528798
2025-10-08,85.06337092565059,85.2107108293466,83.48193811361902,83.92395782470703,8000224
2025-10-09,83.98288813126044,86.55640155312938,83.69803299153301,85.13212585449219,13086247
2025-10-10,85.13212555106786,86.15367268830575,84.76869562796703,85.3973388671875,7177243
2025-10-13,84.71958267519322,86.23225786224125,83.68821084501815,84.91603088378906,15292737
2025-10-14,85.45627434573206,86.12420874382727,83.58998639569967,83.84537506103516,20520263
2025-10-15,83.98288461408667,86.25189348452176,83.54087242951456,85.49555969238281,12347959
2025-10-16,85.58396428122003,85.80006180455311,84.57224178017765,85.40715789794922,10552727
2025-10-17,85.36787117074999,85.94739860420954,84.37579052853624,85.20088195800781,30386236
2025-10-20,85.44644875589198,85.9474014225084,84.86692130342918,85.02407836914062,13301204
2025-10-21,85.16159052361849,85.45627031541693,84.62135423067919,84.81780242919922,1480658
2025-10-23,84.53295003803518,85.7411282307837,83.96324724623686,84.29721069335938,17396942
2025-10-24,84.18915800474481,85.25982090531406,83.10867794020196,83.28548431396484,16912048
2025-10-27,83.73732048330987,83.91412685564534,83.29530829948034,83.51139831542969,6939884
2025-10-28,83.53104732536193,83.90430189047292,82.99080355242134,83.1283187866211,9528901
2025-10-29,83.49176165753099,85.54467314115777,83.27566413419791,85.40715789794922,17056980
2025-10-30,85.5937844594941,85.68219139351136,84.18915812537035,84.62135314941406,7400279
2025-10-31,84.40525765424918,84.57223937424943,83.20690414550675,83.3345947265625,9447129
2025-11-03,83.48193178729066,84.17933261831543,83.06938608341996,83.81590270996094,6039661
2025-11-04,83.70786075509496,83.81590951879348,82.38181660263528,82.66667175292969,8226185
2025-11-06,82.55861736232555,83.04974534783845,80.26995915127104,81.3799057006836,15881779
2025-11-07,81.03612332764062,81.25222085555735,78.8260472368868,80.03422546386719,21856711
2025-11-10,79.46451026996596,81.25221585356141,79.24841275535248,80.8494873046875,10235432
2025-11-11,80.84948877467937,81.28168381176441,79.4645117147764,80.43694305419922,8771807
2025-11-12,80.64321840522297,81.37991042627071,79.8181269387785,80.52535247802734,9269353
2025-11-13,80.45659183600404,80.82002175657477,79.86723224607157,80.01457214355469,6504616
2025-11-14,80.06368908432684,80.15208852766828,78.5804804181098,78.87516021728516,14292619
2025-11-17,79.11089537607005,80.05386019193209,78.98320479999082,79.80829620361328,7827088
2025-11-18,80.14226317721268,80.14226317721268,78.67870384038935,79.10107421875,9471269
2025-11-19,79.10107156145585,79.24841145482148,78.22686435324302,78.62959289550781,11017010
2025-11-20,79.16001067227599,79.72972097408228,78.58048320576253,78.69835662841797,6838932
2025-11-21,78.5804796103414,78.69835302760359,77.2544355157206,77.42141723632812,7146540
2025-11-24,77.42141815895285,77.49017577967052,74.58269889872196,75.59442138671875,26744638
2025-11-25,75.7319363228684,76.59632640157041,75.24080832143085,75.85963439941406,13344341
2025-11-26,75.85963547345027,76.5865028275438,75.25063404519864,76.05608367919922,12028891
2025-11-27,76.13466317175474,76.46862660810501,75.35868004762399,75.5845947265625,8611413
2025-11-28,75.58459928514634,75.64353974348286,75.00507181863894,75.37832641601562,5085508
2025-12-01,74.95595168381767,76.21323814333634,74.6710965493926,75.92839050292969,10203101
2025-12-02,75.97750243436244,76.11501767906385,75.33903451595224,75.90874481201172,8538683
2025-12-03,76.02661381534519,76.21323735429827,74.70056975048824,75.46672821044922,6591641
2025-12-04,75.43726583794111,76.04625977824055,75.26045945339833,75.52566528320312,5539974
2025-12-05,75.45690487449723,75.83015945296167,75.28009849648387,75.70246887207031,4704567
2025-12-08,75.68283109526101,75.92839510596073,74.70057505246213,75.0738296508789,9179338
2025-12-09,74.84790010120193,75.27027045781945,73.71831175831106,75.11311340332031,8071171
2025-12-10,75.11311570298095,77.90271907840587,74.90684284725039,75.50601959228516,11484756
2025-12-11,75.2408090653954,75.63371296923411,74.21926191302221,75.32921600341797,8175564
2025-12-12,75.4470843106338,75.98732813221994,75.25063609952186,75.76140594482422,5170567
2025-12-15,75.53548413237066,75.96767165488784,75.16222207481078,75.83998107910156,3577380
2025-12-16,75.77122431022514,75.83015726986012,74.17014978998918,74.6612777709961,5982508
2025-12-17,74.65145334957646,74.65145334957646,73.66919738445046,74.05227661132812,5716621
2025-12-18,73.66919732649914,73.91476131758746,73.07984524669081,73.70848846435547,6166849
2025-12-19,73.78707388873133,75.38814848110218,73.42363646856532,75.2506332397461,8352760
2025-12-22,75.25063534315832,76.65526177114516,75.14258657992713,76.29182434082031,8760062
2025-12-23,76.6159662555103,77.12673606651228,75.98732302934553,76.84188842773438,5923487
2025-12-24,77.0481626206709,77.30354378359398,76.25253016904868,76.42933654785156,5716970
2025-12-26,76.0462585557876,77.76520657464728,75.90874331380031,76.9695816040039,9063484
2025-12-29,76.96957840161006,76.96957840161006,75.1425816980574,75.42743682861328,7882505
2025-12-30,75.43726213234588,77.3526582924565,75.43726213234588,77.18567657470703,17154730
2025-12-31,77.08745606581179,78.48225782141637,76.93029150483275,77.81432342529297,11502750
2026-01-01,77.65715691242237,78.80640212714405,77.65715691242237,78.14828491210938,6861848
2026-01-02,78.1482814507821,82.44074267577236,78.08934849151584,82.13624572753906,32430153
2026-01-05,82.50950053823433,83.17743488997125,81.43884514028362,82.175537109375,19831880
2026-01-06,81.58618240589163,82.46038966184257,81.3111519200669,82.04784393310547,11599812
2026-01-07,81.62546867652104,82.39162712533314,81.26203876794096,82.175537109375,12484291
2026-01-08,82.31305720112819,82.73542758809077,80.26996288772692,80.71197509765625,11540338
2026-01-09,80.7414392754209,82.20500609431143,80.57445755590243,80.96736145019531,21164552
2026-01-12,80.91824968620071,81.51742646870679,78.83587168249196,81.33080291748047,15097408
2026-01-13,81.41919826343447,81.86121046052283,79.31717104818064,79.97528076171875,11938744
2026-01-14,79.25823551048364,80.76108592455225,79.08142913859214,79.84758758544922,9338673
2026-01-15,79.84758758544922,79.84758758544922,79.84758758544922,79.84758758544922,0
2026-01-16,79.84759107297982,80.09315507277591,78.05006079590797,78.79657745361328,62986811
2026-01-19,78.16793726821803,80.2208487896059,77.5491111683782,78.01077270507812,9016570
2026-01-20,77.69644633298573,77.79467043194664,75.77122551608201,76.19359588623047,11440113
2026-01-21,75.63370779039131,76.2918174751979,74.59251888642758,74.76932525634766,17091171
2026-01-22,75.60424307262923,76.56684972483066,75.20151452853187,76.07572174072266,10030169
2026-01-23,76.66508421694792,76.67490138130826,73.70849154245084,73.91476440429688,11193218
2026-01-27,74.09157206470555,74.81843942291032,73.04055842056478,73.80671691894531,40379909
2026-01-28,73.96387798346362,77.68662153741796,73.94422866729518,77.49017333984375,10992004
2026-01-29,77.79467386650903,78.7769298875206,76.97940706452364,77.77503204345703,11912349
2026-01-30,77.10709587378523,77.49017511363668,75.830160078268,76.81241607666016,14584257
2026-02-02,75.11312080929366,76.85171070808258,73.6004456037503,76.40969848632812,12293921
2026-02-03,77.77503384858795,79.07161152665559,76.12484339522743,77.09727478027344,18077960
2026-02-04,77.09727291401857,79.0617849540834,76.56685376391883,77.08745574951172,17623704
2026-02-05,76.22306650961909,78.94391991224037,74.8479065673644,78.58048248291016,26499178
2026-02-06,78.58047733710599,78.97338122259518,77.16602634695222,78.02059173583984,9048503
2026-02-09,78.86533524226131,78.86533524226131,76.65525923937548,77.5,15308838
2026-02-10,78.0,78.13999938964844,76.80999755859375,76.94999694824219,25051448
2026-02-11,77.29000091552734,77.76000213623047,76.36000061035156,77.58000183105469,13906623
2026-02-12,77.4000015258789,77.5999984741211,76.16000366210938,76.5,13309440
2026-02-13,76.05000305175781,76.12000274658203,75.19999694824219,75.47000122070312,10066742
2026-02-16,75.47000122070312,77.44000244140625,74.6500015258789,77.04000091552734,10917667
2026-02-17,76.98999786376953,77.30999755859375,76.45999908447266,76.70999908447266,10226000
2026-02-18,76.72000122070312,76.87999725341797,75.93000030517578,76.33999633789062,10755577
2026-02-19,76.33999633789062,76.7300033569336,74.0999984741211,74.36000061035156,12521749
2026-02-20,74.48999786376953,75.0,73.94999694824219,74.47000122070312,13669825
2026-02-23,75.13999938964844,75.13999938964844,73.70999908447266,74.08000183105469,11122387
2026-02-24,73.9800033569336,76.0,73.69999694824219,75.7699966430664,13924500
2026-02-25,75.69000244140625,76.30000305175781,74.75,75.66999816894531,8286035
2026-02-26,75.5999984741211,76.12999725341797,74.9000015258789,75.7300033569336,22634338
2026-02-27,75.7300033569336,76.4800033569336,75.0199966430664,75.33000183105469,21574575
2026-03-02,72.76000213623047,75.4000015258789,72.4000015258789,73.13999938964844,25723090
2026-03-04,72.4800033569336,73.05000305175781,71.62000274658203,72.2300033569336,19057575
2026-03-05,72.3499984741211,74.5,72.3499984741211,74.1500015258789,15870110
2026-03-06,74.0,75.25,73.6500015258789,74.18000030517578,14268041
2026-03-09,73.0,73.4000015258789,72.08999633789062,73.04000091552734,22232154
2026-03-10,73.4000015258789,74.31999969482422,72.79000091552734,73.04000091552734,11915288
2026-03-11,73.19999694824219,74.5999984741211,73.01000213623047,73.45999908447266,12028018
2026-03-12,73.0,76.36000061035156,72.76000213623047,74.77999877929688,16804967
2026-03-13,75.19999694824219,76.4800033569336,74.3499984741211,74.9800033569336,26761513
2026-03-16,75.19999694824219,75.9800033569336,74.2699966430664,75.2699966430664,26396878
2026-03-17,75.9000015258789,77.0999984741211,75.66999816894531,76.88999938964844,22958619
2026-03-18,76.91000366210938,78.19999694824219,76.54000091552734,77.36000061035156,28693906
2026-03-19,76.5,77.77999877929688,75.9800033569336,76.23999786376953,17620849
2026-03-20,76.61000061035156,78.44000244140625,76.56999969482422,76.80000305175781,19824270
2026-03-23,76.80000305175781,77.16999816894531,74.69999694824219,75.27999877929688,11883610
2026-03-24,76.0199966430664,76.79000091552734,74.80000305175781,76.54000091552734,9600102
2026-03-25,76.93000030517578,78.25,76.70999908447266,77.19999694824219,13196383
2026-03-27,77.19999694824219,78.27999877929688,76.33999633789062,76.58999633789062,15856853
2026-03-30,75.5,76.18000030517578,73.0,73.72000122070312,21394338
2026-04-01,75.94999694824219,76.0999984741211,74.5,75.38999938964844,14922443
2026-04-02,74.62000274658203,75.55000305175781,73.11000061035156,75.33000183105469,9127053
2026-04-06,75.25,76.33000183105469,74.22000122070312,76.16000366210938,8019672
2026-04-07,75.9000015258789,76.19999694824219,75.29000091552734,75.66999816894531,5064467
2026-04-08,77.0,77.44999694824219,76.1500015258789,76.69999694824219,12486689
2026-04-09,78.0,78.54000091552734,76.62999725341797,77.11000061035156,31334772
2026-04-10,77.4800033569336,78.30000305175781,76.62000274658203,77.08999633789062,17950797
2026-04-13,76.33000183105469,77.9800033569336,75.1500015258789,77.66000366210938,14493079
2026-04-15,78.55000305175781,81.44999694824219,78.36000061035156,80.58000183105469,24133878
2026-04-16,81.0999984741211,82.22000122070312,79.91999816894531,81.37999725341797,19779326
2026-04-17,81.69999694824219,85.77999877929688,81.29000091552734,83.55999755859375,50026609
2026-04-20,83.98999786376953,83.98999786376953,82.25,83.0999984741211,16988597
2026-04-21,83.0999984741211,84.56999969482422,82.30000305175781,82.62999725341797,12629708
2026-04-22,82.80000305175781,83.5,81.98999786376953,82.62999725341797,14953779
2026-04-23,82.51000213623047,83.08000183105469,81.20999908447266,81.45999908447266,9025789
2026-04-24,81.4800033569336,82.27999877929688,79.9800033569336,80.66000366210938,14088780
2026-04-27,81.0,83.3499984741211,80.94000244140625,83.2300033569336,16998016
2026-04-28,83.20999908447266,85.5999984741211,83.1500015258789,85.37999725341797,29008047
2026-04-29,86.0999984741211,86.83000183105469,83.36000061035156,84.08999633789062,28377211
2026-04-30,83.5,83.51000213623047,81.58000183105469,83.19999694824219,15377210
2026-05-01,83.19999694824219,83.19999694824219,83.19999694824219,83.19999694824219,0
2026-05-04,83.4000015258789,84.19999694824219,82.8499984741211,83.27999877929688,9422329
2026-05-05,83.19999694824219,83.68000030517578,82.44999694824219,83.16999816894531,8265293
2026-05-06,83.5,83.9000015258789,82.5,83.66000366210938,9589691
2026-05-07,83.98999786376953,84.08000183105469,81.26000213623047,81.58000183105469,17298641
2026-05-08,81.6500015258789,82.19000244140625,80.5999984741211,80.7699966430664,15750498
2026-05-11,80.7699966430664,80.79000091552734,78.58999633789062,79.19000244140625,15575030
2026-05-12,78.8499984741211,79.37999725341797,76.5999984741211,76.7699966430664,11491788
2026-05-13,76.7699966430664,78.47000122070312,76.44000244140625,78.13999938964844,11438834
2026-05-14,78.30000305175781,79.5,77.76000213623047,78.44999694824219,9871296
2026-05-15,78.77999877929688,79.02999877929688,76.5999984741211,76.79000091552734,8674290
2026-05-18,76.76000213623047,78.55000305175781,75.91000366210938,77.70999908447266,22907678
2026-05-19,77.9000015258789,79.5,77.62000274658203,79.05999755859375,15077061
2026-05-20,78.69999694824219,79.88999938964844,77.93000030517578,79.5,15924979
2026-05-21,79.75,80.48999786376953,78.75,79.0,10434287
2026-05-22,79.06999969482422,79.30000305175781,78.19999694824219,78.36000061035156,10284991
2026-05-25,78.76000213623047,79.48999786376953,78.3499984741211,79.0199966430664,10877480
2026-05-26,79.0199966430664,79.0199966430664,78.0,78.44000244140625,10193541
2026-05-27,78.51000213623047,81.0,78.44000244140625,80.68000030517578,20004108
2026-05-28,80.68000030517578,80.68000030517578,80.68000030517578,80.68000030517578,0
2026-05-29,81.08999633789062,81.69000244140625,78.0,78.87000274658203,60162141
2026-06-01,79.11000061035156,79.25,76.30999755859375,77.19999694824219,13495785
2026-06-02,74.7300033569336,75.0,71.81999969482422,72.29000091552734,212433185
2026-06-03,75.55999755859375,76.16999816894531,74.5,75.0999984741211,170970500
2026-06-04,74.33000183105469,76.69000244140625,74.26000213623047,76.12000274658203,103835465
2026-06-05,76.11000061035156,76.68000030517578,73.93000030517578,74.97000122070312,54245677
2026-06-08,74.0,74.80000305175781,73.13999938964844,73.51000213623047,19385551
2026-06-09,74.06999969482422,74.27999877929688,73.33000183105469,74.0,21321638
2026-06-10,73.80000305175781,74.4800033569336,72.5,72.66999816894531,27403224
2026-06-11,72.72000122070312,72.80000305175781,71.62000274658203,72.12999725341797,14035849
2026-06-12,72.69999694824219,73.93000030517578,72.62999725341797,73.79000091552734,14607581
2026-06-15,74.5,75.73999786376953,73.91000366210938,74.69000244140625,52231097
2026-06-16,74.69000244140625,74.98999786376953,74.36000061035156,74.75,24616686
2026-06-17,75.0,75.18000030517578,74.12000274658203,74.41000366210938,12688591
2026-06-18,74.69999694824219,76.4800033569336,74.62999725341797,75.94000244140625,49217885
2026-06-19,75.69999694824219,76.01000213623047,75.12999725341797,75.81999969482422,12361623
2026-06-22,75.83999633789062,79.4800033569336,75.6500015258789,78.22000122070312,50728687
2026-06-23,78.22000122070312,79.04000091552734,77.55999755859375,77.9000015258789,18197552
2026-06-24,77.5199966430664,80.48999786376953,77.5199966430664,79.30999755859375,35219620
2026-06-25,79.5,79.9800033569336,78.44999694824219,79.4000015258789,14657754
2026-06-26,79.4000015258789,79.4000015258789,79.4000015258789,79.4000015258789,0
2026-06-29,78.5199966430664,82.0999984741211,78.44000244140625,81.56999969482422,85760641
2026-06-30,81.0,81.58000183105469,80.20999908447266,81.33000183105469,20939633
2026-07-01,81.33000183105469,81.44000244140625,79.25,79.56999969482422,7502296
2026-07-02,80.9000015258789,81.5,79.58999633789062,80.58999633789062,15760790
2026-07-03,80.94999694824219,82.5,80.4000015258789,80.52999877929688,15591709
2026-07-06,80.1500015258789,80.94999694824219,79.33000183105469,79.8499984741211,10517883
2026-07-07,79.8499984741211,80.12000274658203,77.95999908447266,78.88999938964844,10063345
2026-07-08,78.5,79.48999786376953,77.76000213623047,78.80999755859375,18417004
2026-07-09,78.5,79.54000091552734,78.44000244140625,78.61000061035156,7604456
2026-07-10,78.8499984741211,79.94999694824219,78.8499984741211,79.81999969482422,6253523
2026-07-13,78.75,79.7699966430664,78.52999877929688,79.45999908447266,15935734
2026-07-14,78.7300033569336,79.30000305175781,78.30000305175781,78.7699966430664,7050747
2026-07-15,78.75,79.55000305175781,78.41999816894531,79.08999633789062,6393098
2026-07-16,79.08999633789062,80.08000183105469,78.75,78.91000366210938,8540966
2026-07-17,78.83000183105469,79.44999694824219,78.4000015258789,79.19999694824219,8359461
2026-07-20,79.0,81.18000030517578,78.62999725341797,81.0,12119668
2026-07-21,81.13999938964844,83.0,79.95999908447266,80.30999755859375,58291294
