date,open,high,low,close,volume
2021-08-06,3523.6218536747037,3568.3561143425304,3499.377404034549,3530.6513671875,120053
2021-08-09,3542.7937477765568,3592.1212593718674,3486.875920866893,3561.166748046875,110691
2021-08-10,3586.7292711240348,3618.682315855652,3554.7364411072294,3595.915771484375,166547
2021-08-11,3579.5398447635985,3602.6660169650672,3486.876014816583,3552.659423828125,119334
2021-08-12,3569.154721785523,3762.390661501202,3558.210649093269,3731.51611328125,277121
2021-08-13,3748.0921277239536,3825.5782607992355,3667.929849155812,3689.338623046875,288057
2021-08-16,3717.896429507285,3769.0212976915363,3669.0081182853796,3689.21826171875,114044
2021-08-17,3700.96111508931,3746.4942002522907,3658.7430800462594,3678.95361328125,156584
2021-08-18,3708.910310285852,3717.7371838916665,3598.7120785199736,3614.408935546875,100904
2021-08-20,3587.0887622750583,3605.6212934824507,3487.3552471947264,3545.94921875,157011
2021-08-23,3586.7292228700094,3613.889310526486,3455.0028757464597,3526.53759765625,125872
2021-08-24,3546.7880156172487,3682.588457656648,3530.4920405828852,3663.336669921875,205106
2021-08-25,3666.6120556500714,3792.027762128734,3666.6120556500714,3763.66943359375,216114
2021-08-26,3761.0332745439673,3854.3360088515014,3718.615529783342,3785.636962890625,253529
2021-08-27,3794.8235219229687,3853.816909499486,3765.6663682443686,3805.248046875,249784
2021-08-30,3839.1586296407745,3882.295243456963,3756.8795329173035,3765.546875,163009
2021-08-31,3765.546249266683,3804.0896061327517,3680.1916079166494,3754.122802734375,192573
2021-09-01,3787.7533502832857,3791.1885362280623,3699.682780867708,3717.3369140625,124401
2021-09-02,3717.3378849305686,3799.8166937022634,3714.541993107799,3768.542724609375,129169
2021-09-03,3790.3899104427005,3839.95691198147,3741.781266155231,3793.625,176060
2021-09-06,3810.3210107027717,3873.9076541886384,3768.90179425139,3848.74462890625,258567
2021-09-07,3873.507594250738,3892.2000461858256,3773.6543359951506,3788.83203125,111882
2021-09-08,3792.826332030822,3828.3740935673363,3747.6528719866033,3763.4296875,138138
2021-09-09,3780.404874258506,3840.037166841904,3749.769814168158,3808.443359375,200165
2021-09-13,3832.2083699853133,3913.8883403403293,3797.8990223367155,3879.139404296875,219792
2021-09-14,3905.460705477461,3914.2080070749807,3854.335836352782,3860.646484375,114390
2021-09-15,3886.2889394218637,3939.450659848938,3839.277945875023,3887.766845703125,178264
2021-09-16,3903.2640094689373,3922.875034094409,3835.1640848217685,3840.196533203125,131055
2021-09-17,3873.707410038752,3873.707410038752,3771.8172984612993,3827.015869140625,300913
2021-09-20,3823.621027147488,3846.347786392069,3746.4945209094085,3750.208984375,90924
2021-09-21,3750.208441587255,3764.866976848865,3679.871967582171,3729.638671875,99480
2021-09-22,3754.482738370836,3780.8440001508866,3701.0413493180054,3732.83447265625,114862
2021-09-23,3766.4650631090067,3778.4474546141255,3724.965891175556,3752.9248046875,96759
2021-09-24,3766.4656943127525,3873.5084096972505,3738.506776115309,3762.791015625,254974
2021-09-27,3766.425655090311,3786.356134259086,3633.9402550678974,3662.498291015625,143564
2021-09-28,3654.6294011170344,3688.6594709279607,3578.740921749577,3657.2255859375,73541
2021-09-29,3634.658540223578,3667.8496066965545,3537.121801166782,3621.59765625,647138
2021-09-30,3651.4337968697787,3713.303029146792,3618.6819295165387,3639.41162109375,148890
2021-10-01,3634.659106157197,3634.659106157197,3582.775189928787,3604.50341796875,56021
2021-10-04,3621.877618533317,3701.680269700607,3589.2057083217983,3692.3740234375,116287
2021-10-05,3692.373952251728,3770.459203770492,3651.5940357401455,3756.9189453125,106387
2021-10-06,3786.3561640842986,3802.412648446301,3696.008844363997,3722.729736328125,142811
2021-10-07,3730.5974386437274,3812.19743780275,3698.1252392489396,3788.59228515625,188073
2021-10-08,3806.366641159732,3879.019642067813,3779.0466320887645,3826.097412109375,235977
2021-10-11,3818.3886095521834,3819.147650338397,3727.0427705580823,3790.469482421875,86184
2021-10-12,3786.436264893121,3809.9618529816094,3732.435534666129,3784.3994140625,78441
2021-10-13,3818.389344973527,3819.5076236750706,3754.4832471497025,3789.4716796875,97935
2021-10-14,3834.0459720513854,3912.4108934248266,3763.7890578881224,3816.5517578125,437602
2021-10-18,3816.0722869005094,3855.4944334270695,3765.3468289313387,3778.00830078125,88730
2021-10-19,3802.412237766105,4109.960286408952,3790.3498856401416,3949.396240234375,1105420
2021-10-20,3954.109454976162,3975.7577215042625,3727.761988903061,3742.10107421875,315975
2021-10-21,3782.441637581712,3782.441637581712,3599.1110450104334,3630.185302734375,318021
2021-10-22,3626.6704376218745,3738.8255423080145,3587.5677446140194,3633.699951171875,147504
2021-10-25,3669.2477480204248,3669.2477480204248,3466.46605574235,3555.375244140625,154946
2021-10-26,3566.758578029101,3694.570755517266,3559.129944706001,3630.1455078125,102115
2021-10-27,3650.635439910676,3765.6664034439664,3599.0713688753367,3725.32568359375,164552
2021-10-28,3582.7352542042295,3649.5171978225044,3401.4415048854717,3539.638427734375,533554
2021-10-29,3545.1904028703807,3584.932003263081,3483.680790202283,3534.40625,161515
2021-11-01,3582.735329885518,3582.735329885518,3474.8937982167226,3522.343994140625,80040
2021-11-02,3552.459754092641,3577.4230706084763,3498.8584428594754,3516.63232421875,129909
2021-11-03,3537.162335953466,3544.391556445207,3498.8584668086555,3522.463623046875,85117
2021-11-04,3524.4209378203377,3554.77633121045,3524.4209378203377,3536.443115234375,8606
2021-11-08,3514.835113065327,3629.266960780465,3514.835113065327,3576.744140625,91560
2021-11-09,3578.740758164018,3626.670321889429,3534.8852853656244,3547.0673828125,49611
2021-11-10,3545.1901745215523,3606.699783227762,3518.789128363828,3586.848876953125,133754
2021-11-11,3577.702620060174,3590.323916454621,3555.0956073360944,3567.357666015625,84528
2021-11-12,3535.004944515786,3605.1818903586286,3535.004944515786,3555.015380859375,98135
2021-11-15,3562.764632386148,3576.3446769490547,3543.2331769793523,3560.128662109375,52209
2021-11-16,3581.097505417504,3600.788490136516,3555.2152285715415,3568.03662109375,94444
2021-11-17,3570.7130302108767,3618.5224622426813,3558.2512645222682,3575.825439453125,56975
2021-11-18,3590.7236341862254,3594.7177650362655,3446.9349235847744,3495.423828125,123300
2021-11-22,3482.881733660858,3525.9785570052027,3354.270733862831,3393.133544921875,100904
2021-11-23,3386.982667571724,3414.9813646105667,3310.335152034196,3387.581787109375,78585
2021-11-24,3395.0507150883554,3425.366321646976,3291.922577473872,3322.63720703125,81572
2021-11-25,3334.9790254600734,3362.458563673598,3300.110346256116,3339.612060546875,73837
2021-11-26,3335.8977264527293,3375.0402045648425,3279.780194057302,3340.53076171875,116337
2021-11-29,3296.7553038698516,3395.0109138470725,3239.239824858795,3362.6982421875,158414
2021-11-30,3355.069641640409,3409.3098561699003,3346.2427691991975,3383.1884765625,96075
2021-12-01,3383.1084377274055,3402.9191686564586,3295.197392856709,3302.826416015625,72456
2021-12-02,3305.5425671081252,3361.100769120834,3303.1858739745458,3344.245849609375,40469
2021-12-03,3343.087112418189,3374.0814080012533,3310.5349499734957,3321.55859375,77115
2021-12-06,3341.48958785363,3347.0813705729643,3270.953203974561,3278.9814453125,39760
2021-12-07,3299.151706386094,3356.7471446943796,3286.410274404877,3332.54248046875,64232
2021-12-08,3346.282422533786,3408.5908562787454,3345.123968706271,3376.91748046875,36850
2021-12-09,3402.9993234754706,3412.0259027494067,3359.103671486437,3374.56103515625,52465
2021-12-10,3386.223897204064,3494.864248706719,3383.867204147068,3440.863525390625,135380
2021-12-13,3514.834853501967,3514.834853501967,3412.065953352549,3426.04541015625,106583
2021-12-14,3414.1827836148523,3458.7571243947154,3395.1708782761866,3433.63427734375,152238
2021-12-15,3433.7540383026444,3458.837100178918,3325.8325526908657,3342.767822265625,56435
2021-12-16,3355.069439822298,3377.4365694211137,3332.902016737758,3346.202392578125,55514
2021-12-17,3366.572705162627,3375.1600859093783,3281.6174697181223,3300.5498046875,108030
2021-12-20,3291.962554554762,3291.962554554762,3121.812585100706,3179.88720703125,77115
2021-12-21,3195.304443020694,3258.851099136449,3195.304443020694,3218.430419921875,37798
2021-12-22,3243.2340610077827,3249.5447093722864,3179.16824491621,3191.949462890625,55108
2021-12-23,3191.9493413212367,3219.1494087922715,3179.7272630935136,3190.271728515625,81378
2021-12-24,3206.128511222975,3211.280900528344,3105.835856033383,3119.93505859375,93348
2021-12-27,3123.330099867663,3144.1395588410587,3049.1192329625874,3131.91748046875,129840
2021-12-28,3144.1393312367436,3174.4547406241218,3143.380485499552,3164.7890625,78311
2021-12-29,3175.333721278454,3189.592845056065,3132.3968187580217,3144.818603515625,93844
2021-12-30,3163.3512519134233,3176.771568957023,3140.065549874975,3160.315673828125,60421
2021-12-31,3153.765592578154,3207.2869438199823,3153.765592578154,3164.31005859375,102073
2022-01-03,3167.3454458152155,3220.0279874283237,3167.3454458152155,3211.9599609375,79157
2022-01-04,3219.1493518750763,3274.7875102568105,3199.6578785355305,3263.56396484375,121982
2022-01-05,3277.982727882246,3298.4327529704115,3219.2690126393204,3230.212890625,91269
2022-01-06,3219.269307473468,3227.1378228730664,3176.7318160037503,3203.931884765625,42911
2022-01-07,3205.68899732802,3240.278204931331,3175.9327264208514,3195.5439453125,39877
2022-01-10,3227.337375776633,3287.0894115018878,3173.2566932692466,3263.0048828125,106736
2022-01-11,3265.600942497737,3320.71994079332,3241.5562000135087,3309.136962890625,110401
2022-01-12,3347.081685675575,3367.571499130022,3309.536855311195,3353.592041015625,119184
2022-01-13,3375.0403885146566,3379.034519151952,3281.2980644469685,3319.52197265625,79394
2022-01-14,3329.2272669937097,3329.2272669937097,3267.1985030092806,3273.589111328125,52848
2022-01-17,3275.187085684902,3294.997817401977,3245.8302258315066,3254.137939453125,63285
2022-01-18,3250.5432077405876,3279.740536274016,3167.3455458762933,3178.569091796875,86962
2022-01-19,3175.3339090420895,3237.4426414768122,3154.085055690713,3192.22900390625,92557
2022-01-20,3075.480789350527,3112.825913221212,2949.066546515535,2954.578369140625,523089
2022-01-21,2951.662683651179,2995.5181621583893,2923.703767838516,2935.007080078125,186782
2022-01-24,2952.0617552672215,2952.0617552672215,2772.7253017271073,2802.801025390625,241332
2022-01-25,2807.873775065883,2809.4714272849815,2724.9555858894814,2782.950439453125,197396
2022-01-27,2755.990173926334,2775.9208471909105,2673.1917271809043,2731.6259765625,182500
2022-01-28,2763.938078007872,2802.2817276449755,2708.100216234195,2727.351806640625,326583
2022-01-31,2767.093667833965,2824.569167507771,2745.9247758952138,2808.073486328125,150517
2022-02-01,2847.3355810811468,2863.671730320477,2808.1133378505306,2853.00732421875,87745
2022-02-02,2866.9869948891833,3003.586263801429,2846.1375547816865,2989.487060546875,255051
2022-02-03,2989.487002356653,3062.6993381013735,2891.750548755079,2966.321044921875,217010
2022-02-04,2955.6565872612236,2981.1390619896815,2884.7207901617735,2895.9443359375,118473
2022-02-07,2895.7444398915895,2931.691612248864,2840.665422584899,2868.10498046875,89772
2022-02-08,2890.5921636284643,2894.945726778622,2804.678379337677,2865.98828125,98169
2022-02-09,2864.3907740043087,2999.5920954852345,2859.917269699746,2974.509033203125,114845
2022-02-10,3003.586138159418,3027.5509211766475,2944.6727132420624,2963.285400390625,174699
2022-02-11,2932.4905975426163,2959.530938894524,2893.348118850274,2933.169677734375,69983
2022-02-14,2875.813870188493,2913.9977958426257,2799.8854122296952,2812.187255859375,74736
2022-02-15,2843.022108629196,2966.8401549448818,2806.835247055624,2943.19482421875,113018
2022-02-16,2944.473243731991,2980.899794860692,2917.3131541262155,2933.209716796875,49341
2022-02-17,2943.6740458693503,2948.626728461021,2863.7914394685536,2884.28125,40528
2022-02-18,2866.7470984917836,2911.9207520720047,2857.4008724124715,2877.73095703125,39396
2022-02-21,2875.694060197986,2877.731105801248,2806.51583549047,2816.461181640625,39843
2022-02-22,2795.971325263951,2816.461136825903,2702.109258022359,2775.561279296875,85029
2022-02-23,2775.561298635993,2830.800046114822,2765.176559209247,2806.475830078125,49314
2022-02-24,2747.9618085939314,2747.9618085939314,2640.9191102359123,2659.771484375,111434
2022-02-25,2704.0262317436086,2790.219486201533,2696.4773644297397,2723.437744140625,80980
2022-02-28,2723.4379487918172,2738.295997711223,2676.067520542407,2707.6611328125,71307
2022-03-02,2707.7810850682085,2735.1808622672506,2676.147685101934,2692.084228515625,63625
2022-03-03,2723.9970699225587,2745.605355479472,2686.2525357425466,2700.4716796875,61376
2022-03-04,2687.2510579232207,2719.0043960779317,2658.0139440270104,2672.9521484375,48268
2022-03-07,2668.079252219801,2702.38879521547,2614.0387429808625,2677.585205078125,79976
2022-03-08,2696.837016776076,2754.3125178648033,2668.8781022064186,2737.9765625,71432
2022-03-09,2755.9104625027044,2771.1281409095413,2724.1971007600932,2732.824462890625,57674
2022-03-10,2763.8185670164016,2804.67844412336,2724.795833923321,2772.565673828125,97853
2022-03-11,2772.72539548838,2805.477265616592,2746.364134165673,2770.768310546875,131900
2022-03-14,2771.9265638126317,2827.045564649252,2763.938302821817,2814.823486328125,74228
2022-03-15,2831.838822047586,2833.4364744154545,2749.5597251023382,2761.062744140625,54540
2022-03-16,2782.311678569901,2831.399509977612,2764.617756097837,2822.49267578125,83723
2022-03-17,2851.809107048746,2853.646446038859,2797.488933581151,2838.66845703125,114134
2022-03-21,2853.4069881938904,2871.779989517647,2823.850420846977,2832.078369140625,49645
2022-03-22,2835.0336067475737,2883.9217212315343,2826.6859136618773,2873.616943359375,129177
2022-03-23,2882.9633961910604,2925.5808466555072,2836.6714626805106,2843.50146484375,118421
2022-03-24,2843.8210533583283,2905.3306660292806,2843.8210533583283,2898.22119140625,80582
2022-03-25,2907.7270588325127,2913.4785678557914,2844.659776053401,2860.516357421875,91414
2022-03-28,2860.516433833211,2874.8953042884555,2786.305563771787,2796.969970703125,109741
2022-03-29,2819.816242888878,2830.9998086466135,2776.000746917869,2781.792236328125,92908
2022-03-30,2837.710086579946,2845.8180938052656,2787.903199264667,2837.230712890625,99049
2022-03-31,2843.02203134799,2877.4515135592765,2837.2305422422655,2865.98828125,73869
2022-04-01,2859.7976808495364,2926.859098634106,2855.803550010361,2865.828857421875,103160
2022-04-04,2890.951393734599,2959.33097970397,2870.5813300318546,2930.77294921875,106382
2022-04-05,2955.6569962884355,2971.6335205926976,2919.390364128134,2936.924560546875,57256
2022-04-06,2931.691739711865,2962.845957109348,2904.0922593968635,2943.714111328125,48463
2022-04-07,2946.789582822666,2995.5979365458156,2937.6030824839254,2963.325439453125,124440
2022-04-08,2963.644941326611,2982.697022531218,2947.6684187318583,2955.81640625,69148
2022-04-11,2957.2544925087495,2969.2768654178385,2935.6861858372918,2949.34619140625,45065
2022-04-12,2954.8577160497175,2957.25419432713,2871.7798024327476,2878.56982421875,80560
2022-04-13,2895.744641071568,2901.496150043136,2843.0221179513683,2850.331298828125,38516
2022-04-18,2795.9313952915845,2888.19581198594,2795.9313952915845,2865.509033203125,67614
2022-04-19,2884.5613074490707,2915.555801931692,2803.8798640670834,2848.094970703125,78505
2022-04-20,2851.0101487838833,2863.0725000491107,2803.999158121263,2810.66943359375,31572
2022-04-21,2812.027856913007,2840.5858926152614,2812.027856913007,2822.212890625,26777
2022-04-22,2823.7704095676813,2831.758670869495,2779.9149330310897,2784.42822265625,42995
2022-04-25,2779.9144994421517,2796.9695126717825,2724.7955050566607,2782.67041015625,110774
2022-04-26,2803.8397302392405,2843.3416432815625,2803.8397302392405,2832.637451171875,59907
2022-04-27,2826.406237164691,2843.8206837275256,2787.9428416015962,2799.08642578125,72240
2022-04-28,2803.8796722981056,2833.595964862579,2785.2669847560164,2817.260009765625,52029
2022-04-29,2819.856021301334,2863.6717091610913,2818.298349473216,2844.8193359375,41186
2022-05-02,2827.8444680238886,2841.4644923905976,2785.9060966760767,2798.727294921875,47471
2022-05-04,2796.7300219322337,2830.9198163734322,2715.2097833418716,2740.971923828125,66527
2022-05-05,2778.5970134549293,2818.258653743418,2740.3331239013105,2787.26416015625,143921
2022-05-06,2755.949961828516,2831.7584784203386,2739.9734403106695,2809.55126953125,147407
2022-05-09,2809.471711862887,2914.9167690041727,2761.342433887414,2846.9765625,201931
2022-05-10,2863.7917797627774,2894.9060196479036,2835.83286420024,2852.847900390625,120733
2022-05-11,2879.7683594104765,2879.7683594104765,2783.9092184592264,2823.810546875,139456
2022-05-12,2796.3311124747643,2832.2782917197774,2772.046678813687,2795.9716796875,125825
2022-05-13,2867.4311343663085,2867.684579255097,2719.865786509989,2728.90380859375,259290
2022-05-16,2770.4616091017256,2770.4616091017256,2619.3486708802766,2662.385009765625,151483
2022-05-17,2697.059441852832,2770.546498364325,2648.7438551376345,2759.565673828125,81976
2022-05-18,2759.6503458737548,2817.933186366426,2715.642495419381,2722.822265625,88759
2022-05-19,2677.631893669025,2683.966984900103,2601.610798896087,2610.98681640625,79353
2022-05-20,2640.466074776106,2728.016954748124,2627.795892075645,2717.7119140625,64394
2022-05-23,2723.2442951058283,2766.3229114365968,2706.8153346316053,2723.11767578125,46212
2022-05-24,2735.8723262298545,2735.8723262298545,2661.7094872074153,2682.15087890625,37132
2022-05-25,2661.5827247470515,2686.0361331638505,2589.785031442228,2604.102294921875,80312
2022-05-26,2634.510693398749,2637.762789009392,2548.9026275299816,2615.67431640625,57140
2022-05-27,2660.737999284056,2693.6381945708076,2629.4848862765925,2678.77197265625,45155
2022-05-30,2690.7244826225565,2787.397935974658,2690.7244826225565,2775.656982421875,43495
2022-05-31,2791.6632025384665,2795.0419174583317,2758.678456889206,2782.2451171875,105704
2022-06-01,2793.7326582932183,2838.036016976797,2762.1417558949247,2774.220703125,98099
2022-06-02,2787.228898851465,2820.3825420910803,2765.39386915963,2802.644287109375,42896
2022-06-03,2838.078386957036,2867.1775292875705,2760.199045745978,2773.671630859375,59291
2022-06-06,2784.9060764119877,2793.352864632831,2721.555164755664,2777.51513671875,44612
2022-06-07,2762.099764872958,2793.352881478554,2730.213139146978,2770.631103515625,45245
2022-06-08,2795.6753307953386,2795.6753307953386,2724.0888108814765,2737.47705078125,52567
2022-06-09,2733.2960106530336,2742.629752514937,2698.368666462478,2710.109619140625,61587
2022-06-10,2694.736364194277,2698.7485882299866,2644.689148590951,2683.164306640625,84560
2022-06-13,2626.9511683841215,2653.6008267865714,2589.362960347757,2598.10546875,68591
2022-06-14,2603.722403687651,2702.9721627901,2574.8767051260397,2584.84375,76300
2022-06-15,2609.973191282271,2630.8789935819627,2597.3875584465877,2605.07421875,57478
2022-06-16,2635.355330172568,2647.983235787471,2550.9297333861987,2555.322021484375,62985
2022-06-17,2555.1112453790506,2555.1112453790506,2491.8026068325917,2526.9833984375,77717
2022-06-20,2561.910660510184,2561.910660510184,2498.052864228892,2524.829345703125,61270
2022-06-21,2543.3277582868586,2635.397743558618,2538.386305029526,2620.278076171875,56267
2022-06-22,2597.3871943436843,2623.825680850515,2557.9830125664357,2564.10693359375,62663
2022-06-23,2570.061872290647,2634.5531812581503,2568.794854088695,2617.279541015625,47978
2022-06-24,2652.291262059984,2658.795247159173,2617.4482637924766,2636.5380859375,73362
2022-06-27,2669.1848374378123,2703.2254321466844,2658.4151834259987,2666.7353515625,88214
2022-06-28,2651.4465232305306,2662.385071497709,2627.8377940622822,2647.687744140625,111940
2022-06-29,2626.951345181052,2669.1007392602537,2625.2619874028005,2648.786376953125,77347
2022-06-30,2648.0682770297503,2662.5544372691897,2604.1449754649825,2617.068603515625,61852
2022-07-01,2610.268616147224,2638.691974783033,2571.4133920253007,2583.9990234375,61691
2022-07-04,2597.387166787579,2597.598336475936,2552.2391286609936,2573.651611328125,28635
2022-07-05,2587.16664833164,2602.920031892739,2567.4857970070457,2577.4951171875,58897
2022-07-06,2577.959575045436,2627.415557678412,2570.188571698947,2614.28076171875,46283
2022-07-07,2626.951132778232,2684.3892925946047,2618.8421336101073,2647.85693359375,50719
2022-07-08,2648.109992131736,2719.8654062481496,2648.109992131736,2706.392822265625,84113
2022-07-11,2687.8100787317976,2744.1078353720477,2672.6058611127223,2713.3193359375,53375
2022-07-12,2702.8033136305717,2744.3614700867874,2663.5680239157346,2669.86083984375,70484
2022-07-13,2669.1850512331093,2717.2894684281805,2657.4018230263373,2703.605712890625,47687
2022-07-14,2710.2784936401586,2714.797607615796,2660.7381655226377,2678.814208984375,42210
2022-07-15,2678.8142705429077,2700.1003413325625,2626.1486709632136,2634.595458984375,41657
2022-07-18,2651.1510941611396,2714.333111099667,2643.9292552312218,2708.25146484375,69415
2022-07-19,2715.642602871021,2760.579478103681,2702.9724196538937,2733.380859375,88982
2022-07-20,2766.323160058271,2767.1678388857695,2731.4378832384905,2752.639404296875,117834
2022-07-21,2766.322900757881,2768.6457673157693,2678.98320066944,2701.3671875,133142
2022-07-22,2715.5577685049575,2740.644893627633,2692.5825465847065,2731.184326171875,94180
2022-07-25,2731.9869023765887,2748.0357992423824,2714.0374782503723,2727.003173828125,60053
2022-07-26,2724.0890931069075,2739.6733755117634,2601.610668765667,2611.53564453125,83574
2022-07-27,2617.659587392773,2618.5042661883176,2562.9243601974,2576.650390625,145075
2022-07-28,2599.118855593027,2625.81058104537,2589.8273891047224,2620.700439453125,139828
2022-07-29,2637.931872493842,2698.7487456349104,2634.341987620932,2655.71240234375,83924
2022-08-01,2677.6316378134147,2694.525212815392,2649.5037941910427,2669.818359375,90086
2022-08-02,2669.185295807586,2829.1673952896526,2661.329740876471,2784.3994140625,451603
2022-08-03,2784.3989363390647,2823.6344290743086,2749.5138690991575,2809.063720703125,210211
2022-08-04,2811.091158972814,2840.654918156723,2730.044266111296,2804.12255859375,125559
2022-08-05,2795.886861820552,2892.982649810993,2783.216679667287,2843.062255859375,194240
2022-08-08,2850.7061403777166,2871.9076588177336,2823.0429121935163,2848.63671875,68196
2022-08-10,2854.127541817929,2861.56075689736,2808.7260539031677,2819.2001953125,39199
2022-08-11,2836.599971635213,2888.336542056527,2825.450254029309,2878.91845703125,99926
2022-08-12,2882.044057202792,2882.044057202792,2834.7420445406124,2853.071533203125,48279
2022-08-16,2871.823231934506,2871.823231934506,2816.961387749088,2822.789794921875,51581
2022-08-17,2837.529625557616,2862.6165454822617,2816.032590648697,2847.665771484375,55222
2022-08-18,2850.7907277173085,2854.9295710264296,2809.4437449253096,2827.73095703125,62023
2022-08-19,2830.5188332973253,2850.7911257470823,2808.6417335167985,2819.62255859375,52683
2022-08-22,2816.9190342726533,2816.9190342726533,2763.7888242650074,2777.55712890625,53666
2022-08-23,2758.72095735979,2776.6703818374067,2741.827381380857,2744.488037109375,57951
2022-08-24,2745.2059911614874,2758.9742962997007,2703.8167316024374,2739.039794921875,28565
2022-08-25,2753.4837782187433,2755.3420301893843,2716.486808427057,2721.385986328125,40800
2022-08-26,2725.694121416447,2752.8083952168167,2718.1765620766237,2727.67919921875,53770
2022-08-29,2693.723067278269,2711.334497172588,2652.291529373118,2664.24365234375,170257
2022-08-30,2675.6045996884136,2689.710694142414,2667.917940262973,2677.505126953125,109110
2022-09-01,2676.7868910081484,2684.937958251209,2616.1389170488965,2621.925048828125,111906
2022-09-02,2648.997259835618,2669.1850006115733,2632.356922545351,2658.79541015625,42039
2022-09-05,2659.0485935622787,2681.010240141891,2631.174195980463,2638.396240234375,61418
2022-09-06,2655.670071722131,2655.7123469050116,2599.203213058834,2611.577880859375,102043
2022-09-07,2610.057454616832,2620.0247055581553,2588.306975828358,2597.091552734375,160666
2022-09-08,2611.7466799985073,2675.942264629777,2611.7466799985073,2652.291259765625,100885
2022-09-09,2675.9426125013824,2694.52554731042,2625.9799407188902,2679.279052734375,103349
2022-09-12,2694.525298097339,2719.86566140233,2686.0785103290086,2710.15185546875,84569
2022-09-13,2735.661230249483,2735.661230249483,2696.8060048538914,2707.1533203125,51166
2022-09-14,2669.185131476516,2681.8553140626386,2639.621372108896,2652.46044921875,92285
2022-09-15,2666.3971638218827,2666.3971638218827,2615.7164427194793,2626.697265625,60425
2022-09-16,2631.17472404431,2631.216999232602,2555.1536244732065,2564.867431640625,164868
2022-09-19,2574.496541332846,2582.9856048773336,2527.5325217912205,2533.487548828125,104666
2022-09-20,2557.687340992568,2575.4255953389497,2542.4831229813835,2549.831787109375,88726
2022-09-21,2555.4910239218243,2568.2457556156396,2534.078541206158,2545.01708984375,62697
2022-09-22,2542.4833207211723,2559.3768976030406,2525.969808075062,2542.56787109375,48473
2022-09-23,2542.5676995909735,2572.891585560334,2523.140087487268,2528.71484375,64776
2022-09-26,2528.714476492994,2528.714476492994,2467.4329981437227,2496.405517578125,65619
2022-09-27,2525.5896120941125,2550.9299760950566,2502.149775393239,2531.5869140625,71022
2022-09-28,2525.5049235907345,2528.12351021577,2483.4400866262768,2491.7177734375,87997
2022-09-29,2521.366080185123,2521.366080185123,2473.0927718918483,2491.7177734375,86801
2022-09-30,2482.0885291970085,2525.589485213223,2471.149980530215,2519.25439453125,50552
2022-10-03,2521.366117517728,2531.459987531382,2457.9306596776137,2467.940185546875,66371
2022-10-04,2525.420506801804,2550.845212828511,2494.3362883109116,2529.981689453125,106794
2022-10-06,2550.0853647317294,2580.49380233701,2532.389384647184,2566.598876953125,91589
2022-10-07,2566.598970266285,2571.8782130980267,2497.2930291270955,2507.0068359375,135898
2022-10-10,2485.044966632496,2520.479200150561,2471.3189364802943,2504.55712890625,83613
2022-10-11,2517.1004162757104,2519.4232828533977,2452.9471060378432,2457.297119140625,105554
2022-10-12,2450.413180556282,2489.2684050669986,2450.413180556282,2464.30810546875,99300
2022-10-13,2479.1321239972253,2479.1321239972253,2453.9606560767857,2474.866455078125,52621
2022-10-14,2512.8772599653703,2521.366323504671,2485.256303293674,2489.52197265625,77922
2022-10-17,2497.2926798333074,2497.2926798333074,2475.119863041282,2483.566650390625,58493
2022-10-18,2496.026131954649,2516.087255688633,2483.567118267227,2491.126953125,98240
2022-10-19,2502.867883681122,2514.8622816314432,2487.7902843182997,2496.4482421875,84685
2022-10-20,2445.3451491468813,2480.7371087137267,2438.249929647884,2466.50439453125,127944
2022-10-21,2478.87870042563,2478.87870042563,2459.9157036247702,2463.759033203125,62441
2022-10-24,2490.957528298306,2491.8022070125476,2470.727514336299,2479.638916015625,10019
2022-10-25,2477.020403330363,2477.020403330363,2459.9156588572378,2462.238525390625,91366
2022-10-27,2466.884423873193,2467.686827485362,2435.420138720214,2453.665283203125,102897
2022-10-28,2457.5505193156087,2469.7983610479346,2437.320504732846,2443.571044921875,43795
2022-10-31,2449.5684028727096,2469.79841792132,2443.529032229649,2460.422607421875,64732
2022-11-01,2459.7890166549737,2470.6852898039,2457.5927694647685,2467.602294921875,126806
2022-11-02,2474.824381865967,2533.191770571707,2470.0520290411187,2517.311767578125,184041
2022-11-03,2508.6962176358907,2528.6307212473625,2507.851538774734,2513.21533203125,56876
2022-11-04,2514.6087771438074,2554.308680578728,2500.460407302639,2540.03369140625,112898
2022-11-07,2552.3236497119756,2558.532121468147,2523.266781068248,2553.083984375,56218
2022-11-09,2560.2213579368668,2571.962310379528,2546.07298850584,2557.3916015625,58542
2022-11-10,2543.328120095479,2576.186046199706,2543.328120095479,2564.867431640625,55235
2022-11-11,2589.236199740038,2619.05319591627,2589.236199740038,2601.31494140625,82452
2022-11-14,2614.322883582438,2632.736920711227,2602.6240009565186,2620.193359375,49664
2022-11-15,2631.047658385056,2633.919483615744,2591.136587880496,2619.010986328125,50639
2022-11-16,2618.504099746963,2636.791312019941,2599.287658369788,2603.21533203125,49164
2022-11-17,2593.1640516435887,2612.4650457213515,2592.5305425104507,2607.39697265625,17143
2022-11-18,2616.81498633254,2616.81498633254,2589.1517549566875,2597.471923828125,38611
2022-11-21,2591.4745967399476,2603.04665522707,2572.258153755647,2588.3916015625,50953
2022-11-22,2587.0402014324436,2612.591737174287,2573.9476789862097,2605.749755859375,27919
2022-11-23,2608.1146824644206,2618.5042729204124,2579.0155391271774,2581.0849609375,63300
2022-11-24,2594.008805494849,2594.008805494849,2564.656214810725,2572.6806640625,55421
2022-11-25,2584.548287948803,2589.4051911511538,2567.1900969989283,2575.721435546875,81318
2022-11-28,2588.9404691073837,2651.4466990303677,2576.3125625494563,2612.676025390625,133579
2022-11-29,2618.5041824673312,2643.8445455234664,2605.834000939263,2614.02734375,70957
2022-11-30,2630.9211803129074,2650.6022388178126,2613.014029886202,2625.13525390625,73155
2022-12-01,2638.776760064662,2660.738410436519,2623.614815763561,2637.08740234375,201602
2022-12-02,2642.9575812367593,2783.216531448047,2639.663416540505,2718.85205078125,539699
2022-12-05,2734.689974152302,2736.7593960317613,2669.185089956903,2682.699951171875,113358
2022-12-06,2673.450814781403,2675.942576125567,2635.6091613496847,2646.252197265625,89589
2022-12-07,2648.068004177841,2659.5134430157373,2614.4920223066865,2625.979736328125,64361
2022-12-08,2637.129507937879,2637.129507937879,2612.591547375575,2616.81494140625,29490
2022-12-09,2630.9210819061727,2633.750838444024,2556.842790565969,2573.694091796875,101440
2022-12-12,2576.2702201883803,2583.7457097088904,2554.5197420999043,2565.416015625,38694
2022-12-13,2586.3640638118914,2621.1227181938975,2567.823406446922,2613.8583984375,48387
2022-12-14,2621.798284229404,2639.5788131243116,2597.387150892911,2613.647216796875,42703
2022-12-15,2620.1090902271812,2620.1090902271812,2563.811330630985,2569.766357421875,45147
2022-12-16,2559.376826596556,2576.2704030097348,2546.706644286672,2549.958740234375,64718
2022-12-19,2566.936354599875,2566.936354599875,2525.800542184761,2533.78271484375,62592
2022-12-20,2533.1917631520314,2564.40260408483,2524.111465901653,2551.732421875,46391
2022-12-21,2556.8427317467263,2579.0578254668367,2548.6071134333692,2554.646484375,90372
2022-12-22,2556.8427410052495,2566.7254417729814,2532.5582253779285,2540.4560546875,54368
2022-12-23,2528.9683260071124,2557.6451300095036,2515.6646349133875,2522.928955078125,76114
2022-12-26,2523.0978018347587,2540.793781107366,2514.819908511272,2537.16162109375,29909
2022-12-27,2546.6641342296152,2555.1531968383974,2528.1657522514065,2547.93115234375,33573
2022-12-28,2538.3017397692006,2544.7634492624506,2524.9557752171268,2536.52783203125,24164
2022-12-29,2525.589543594484,2536.570367697069,2521.577319403155,2529.64404296875,35704
2022-12-30,2542.4832210104264,2566.978906528467,2538.0063820682194,2553.759765625,35457
2023-01-02,2542.567641366096,2560.432514816365,2541.638412233383,2554.30859375,19052
2023-01-03,2546.7064957740654,2564.064685770437,2529.812920346045,2533.65625,92085
2023-01-04,2543.32763771746,2557.3493870226575,2522.4218393004867,2546.199462890625,53699
2023-01-05,2558.9544019279547,2558.9544019279547,2527.0255023267587,2539.822509765625,26234
2023-01-06,2528.208201893241,2545.9041815310325,2520.7327120158366,2530.9111328125,67998
2023-01-09,2550.8877172408556,2563.7267938394434,2528.3348343797215,2539.7802734375,82557
2023-01-10,2539.948941712323,2556.7158969949564,2529.8127969499196,2550.84521484375,177423
2023-01-11,2552.4084241846726,2587.082533704685,2544.2573554216224,2575.088134765625,61076
2023-01-12,2580.4516363040493,2584.675030594542,2556.4205640352307,2580.029296875,32402
2023-01-13,2586.4064668919323,2626.951048998664,2572.0892025795742,2604.651611328125,84766
2023-01-16,2610.015018136541,2660.7380174594905,2594.8108008939153,2613.689453125,94826
2023-01-17,2620.1937430746884,2647.983594225192,2599.6257309785683,2644.26708984375,41330
2023-01-18,2650.6019939791213,2660.61151994359,2620.8270671825103,2630.878662109375,49938
2023-01-19,2635.3977939678502,2659.3865888350365,2607.6079445901337,2614.660888671875,93054
2023-01-20,2615.167985887514,2626.951214560833,2560.601649875027,2570.06201171875,82127
2023-01-23,2584.7169696690435,2622.600894016567,2569.512752200402,2613.647216796875,51064
2023-01-24,2627.373410955523,2697.9040908509696,2615.252187670956,2635.271240234375,156333
2023-01-25,2629.062824425559,2633.243943335984,2591.9392315705245,2604.567138671875,55872
2023-01-27,2606.88990246456,2639.4523108985995,2561.530692914847,2577.57958984375,43453
2023-01-30,2563.726518966178,2601.5681666366777,2550.5073795665326,2580.19775390625,40027
2023-01-31,2591.4744155135913,2591.4744155135913,2545.6928683219357,2573.651611328125,53244
2023-02-01,2575.4256863827754,2607.101141692501,2544.3837401792443,2555.74462890625,39909
2023-02-02,2557.602537156676,2643.844314372442,2554.2238223779254,2628.682373046875,77350
2023-02-03,2641.8593890107268,2676.7869375345604,2606.8474963448,2638.52294921875,55908
2023-02-06,2638.523139526173,2656.261394414983,2620.2782010870724,2639.030029296875,38093
2023-02-07,2643.844589868526,2685.2338502211,2643.844589868526,2678.814208984375,87963
2023-02-08,2686.078522142035,2697.312791167402,2674.041849519229,2677.2939453125,62686
2023-02-09,2681.0104116886355,2711.081058340664,2670.3253077534,2695.285400390625,103972
2023-02-10,2691.3581000101913,2713.1085813205914,2671.2969764714726,2683.20703125,49742
2023-02-13,2683.5445003065583,2683.5445003065583,2620.700481182254,2637.97412109375,63299
2023-02-14,2648.7861906985104,2675.9425325861785,2633.4551462066515,2656.261474609375,25373
2023-02-15,2653.2624941960494,2681.559231479822,2643.5066198998984,2673.450439453125,23904
2023-02-16,2679.1098009293332,2732.4934561993973,2677.6316131302865,2721.132568359375,74927
2023-02-17,2719.8658728013443,2735.0700919660726,2692.4560856067937,2729.706298828125,78707
2023-02-20,2740.011659607337,2771.4336726101596,2724.1316554642763,2736.04150390625,163396
2023-02-21,2745.163530341848,2757.2002019506726,2698.7484765048794,2703.478759765625,44319
2023-02-22,2673.534732776965,2704.6612256856433,2654.233948012347,2673.281494140625,121696
2023-02-23,2678.307552467621,2687.894533015806,2657.232857870581,2663.4833984375,56707
2023-02-24,2664.032183745577,2682.0661572525023,2651.531103425511,2658.964111328125,34721
2023-02-27,2643.8447089572787,2681.8552558911692,2643.8447089572787,2668.720458984375,109019
2023-02-28,2676.153766661166,2694.4409812765134,2658.246616284256,2676.871826171875,67186
2023-03-01,2676.87160524328,2692.835951703423,2654.149622320064,2671.5078125,26858
2023-03-02,2668.382585012657,2669.1427134389746,2638.776552043503,2658.584228515625,36718
2023-03-03,2665.4262397858815,2689.879649904568,2655.6278831765385,2663.441162109375,95563
2023-03-06,2685.233706960644,2745.121346971231,2669.311430267954,2733.802734375,98909
2023-03-08,2715.684443417521,2752.5545881901735,2715.684443417521,2733.54931640625,72077
2023-03-09,2744.1079754513808,2752.8082083327217,2715.7268915125687,2725.863037109375,47498
2023-03-10,2719.8233292497534,2743.5166096877188,2688.401320653814,2738.617431640625,58113
2023-03-13,2743.094369620605,2765.478357548225,2677.927483481754,2688.5703125,51761
2023-03-14,2670.1142854205536,2727.467894488843,2660.9071626019227,2672.732666015625,60663
2023-03-15,2677.589617515951,2708.040330599748,2666.1021091533303,2703.098876953125,50536
2023-03-16,2707.1954141106185,2737.857294210304,2698.0728422979287,2707.533203125,54494
2023-03-17,2713.1081260642695,2759.2276679805445,2702.929705953729,2734.90087890625,119929
2023-03-20,2732.536156617806,2751.9637707143156,2693.0474192694646,2727.17236328125,59504
2023-03-21,2727.0452158518083,2727.0452158518083,2682.910753244326,2687.68310546875,69046
2023-03-22,2701.1137840346264,2725.3560232390073,2691.1465334075556,2712.854736328125,32319
2023-03-23,2694.567749013519,2709.053908492796,2688.8238917123726,2690.217529296875,25051
2023-03-24,2690.2173293763194,2721.3860996901803,2690.1752604141843,2703.943359375,84758
2023-03-27,2702.9720220054946,2728.3123847117963,2702.338512937837,2719.10546875,52315
2023-03-28,2728.3125632181022,2728.3125632181022,2703.183368556883,2713.615234375,41047
2023-03-29,2716.444698721866,2736.674714388553,2705.7173193911353,2730.761962890625,36645
2023-03-31,2745.2059795097666,2807.5433134577916,2735.1543847191065,2756.8203125,102810
2023-04-03,2812.738095162911,2812.738095162911,2758.340863581911,2766.28076171875,72954
2023-04-05,2754.7510369696124,2767.3366687169705,2746.26197370761,2758.6787109375,56625
2023-04-06,2749.6405502977836,2762.099562083942,2724.131292833933,2749.04931640625,41000
2023-04-10,2762.0574035908608,2795.591110740469,2742.8832360556794,2790.692138671875,30292
2023-04-11,2790.6923405096895,2790.6923405096895,2753.0195807789814,2774.052001953125,48645
2023-04-12,2774.0515665500207,2808.218986129077,2761.465935970666,2797.998291015625,32989
2023-04-13,2776.6703703565404,2801.7995645213005,2774.9810127656324,2788.918212890625,44906
2023-04-17,2766.1965106864964,2812.7804650290673,2726.496606225125,2771.517822265625,95981
2023-04-18,2764.253476317348,2795.8443789850276,2751.329850236789,2786.8486328125,41355
2023-04-19,2763.8313749745894,2803.489004340261,2763.8313749745894,2778.86669921875,61477
2023-04-20,2778.1488727566934,2800.1105239247304,2758.0877490935823,2784.3994140625,45575
2023-04-21,2777.3460640470157,2829.336083455516,2770.715253230818,2795.2109375,76393
2023-04-24,2796.9002158738876,2893.9539272912107,2790.818570161199,2886.56298828125,138882
2023-04-25,2897.2484597551247,2902.316532862568,2866.8400211104645,2887.999267578125,98058
2023-04-26,2888.041443680675,2935.2589073568975,2872.752674509585,2928.712646484375,96144
2023-04-27,2956.3759107801297,2981.547381207427,2910.9744235788635,2956.671630859375,184059
2023-04-28,2982.4764098996297,3033.199415081488,2977.492887271513,3008.619384765625,180372
2023-05-02,3061.749263492463,3073.743660359038,3033.2413560111554,3068.844482421875,208187
2023-05-03,3070.4075045592263,3095.1566351798115,3053.725097897591,3080.374755859375,132572
2023-05-04,3083.0775715223167,3131.646601758627,3073.9972745650934,3119.314208984375,143850
2023-05-05,3132.0691180582016,3132.406907103805,3082.44423653557,3096.508056640625,96134
2023-05-08,3115.133139020669,3144.316832802922,3102.7586770896087,3131.731201171875,175952
2023-05-09,3086.5437098713696,3158.9781894308235,3072.9649343638343,3090.949951171875,357783
2023-05-10,3105.9676968818158,3147.37824599862,3074.7637336087946,3140.723876953125,146223
2023-05-11,3157.224819738127,3206.728624379358,3147.4680794580154,3192.205810546875,130052
2023-05-12,3178.8969044628425,3199.5796749449414,3163.2050203318977,3193.64453125,61128
2023-05-15,3192.5656214646006,3202.232568983999,3156.3707714501084,3179.84130859375,98438
2023-05-16,3177.952690096666,3205.7844616261,3165.363177459045,3192.02587890625,68414
2023-05-17,3196.117262351939,3205.8292152437375,3147.377911178985,3202.097412109375,66501
2023-05-18,3206.0089964095605,3220.1721968990178,3148.27713737079,3154.88671875,48639
2023-05-19,3180.1107512667604,3207.6279162463093,3164.463873639126,3192.4306640625,78456
2023-05-22,3203.131756593668,3218.9136540476647,3169.8594727660525,3215.316650390625,45194
2023-05-23,3221.1168147913163,3250.6572955082574,3184.2475268498188,3205.604736328125,108752
2023-05-24,3187.844244694617,3237.303041156734,3186.135755907027,3213.11328125,58951
2023-05-25,3205.8745590903095,3220.2175674577393,3177.5031484534825,3206.458984375,54613
2023-05-26,3192.475352764789,3257.940859280564,3192.475352764789,3234.425537109375,108661
2023-05-29,3241.7544257331106,3250.7919410131262,3204.9301459946837,3214.507080078125,30589
2023-05-30,3211.224935878311,3234.605459074289,3203.176684302277,3227.50146484375,24968
2023-05-31,3227.5014024786847,3275.0716859369063,3213.248188296005,3267.51806640625,73757
2023-06-01,3282.2654424318434,3287.660947268718,3246.295410186015,3252.185546875,28380
2023-06-02,3247.689779368282,3288.560690721589,3239.281695253775,3249.48828125,26268
2023-06-05,3281.9959979093846,3286.7620716347183,3238.562135105996,3263.6513671875,58938
2023-06-06,3262.482230828504,3273.273241514816,3188.923464074738,3193.64453125,54025
2023-06-07,3219.228060902383,3249.8475965466146,3204.300628375741,3230.87353515625,38921
2023-06-08,3214.9117368801335,3228.2654800073906,3178.8516907041862,3184.427001953125,47318
2023-06-09,3164.6886921889272,3212.933414582706,3164.6886921889272,3184.202392578125,43799
2023-06-12,3174.400381986935,3240.6751231142125,3168.285432538925,3233.526123046875,45035
2023-06-13,3260.863551229925,3453.1234364713628,3249.263302502999,3414.9052734375,411994
2023-06-14,3414.905390753535,3507.0786106487913,3390.715628666789,3493.09521484375,334785
2023-06-15,3507.0782719211593,3531.268031671561,3451.5495326157406,3463.82421875,117884
2023-06-16,3516.0710354038297,3572.678835914192,3455.1017801906496,3480.010986328125,264914
2023-06-19,3484.641959466978,3506.178972854957,3439.9940242008365,3475.02001953125,101423
2023-06-20,3479.8761626896016,3544.847040072979,3472.097730239028,3517.5546875,92030
2023-06-21,3534.9550611591585,3546.6453221093157,3493.6345288632956,3514.3623046875,59057
2023-06-22,3516.92497125721,3516.92497125721,3455.7309086875284,3465.577880859375,47769
2023-06-23,3471.1085844280633,3471.1085844280633,3368.6839914770508,3429.068603515625,80101
2023-06-26,3426.100949366306,3465.038557549851,3406.9468611376296,3441.748046875,50325
2023-06-27,3444.0859241425287,3457.260081490988,3413.016761786772,3421.649658203125,54750
2023-06-28,3434.8236487750846,3462.116001696842,3401.236759030285,3448.85205078125,77611
2023-06-30,3462.1158548892345,3504.245846031783,3439.6795895565433,3469.894287109375,46432
2023-07-03,3496.1974397817457,3496.1974397817457,3416.2541236527222,3432.575439453125,35091
2023-07-04,3444.040688307627,3458.114095614481,3394.402086078835,3446.783447265625,45135
2023-07-05,3455.5512409627886,3497.771024993972,3430.282423485333,3473.716064453125,43576
2023-07-06,3473.71617908731,3503.4814713974015,3448.6271670454403,3478.572265625,73895
2023-07-07,3447.7281051764817,3517.8696785212305,3412.6573185041075,3422.90869140625,49379
2023-07-10,3448.6270737901705,3448.6270737901705,3360.7253015703554,3374.978515625,29984
2023-07-11,3375.7877881169406,3461.936065936597,3375.7877881169406,3447.81787109375,56127
2023-07-12,3462.0706559283735,3462.0706559283735,3391.074847487818,3425.47119140625,41533
2023-07-13,3430.5968597149463,3516.9699445791434,3417.4229230660103,3456.630126953125,75040
2023-07-14,3471.1083856886426,3623.9360283466917,3461.036819773617,3616.33740234375,256422
2023-07-17,3634.7720913862377,3640.347402986309,3543.0485007574903,3553.0302734375,80778
2023-07-18,3553.030063589155,3571.734305330666,3494.7135590956273,3522.095703125,46590
2023-07-19,3538.5522487824433,3574.5222843482115,3505.2799658841077,3558.42578125,66658
2023-07-20,3558.4258135008117,3558.4258135008117,3517.8695102153674,3532.52734375,20815
2023-07-21,3507.0785112255435,3526.9968308500333,3441.4331955026037,3468.006103515625,32657
2023-07-24,3444.1309022548667,3496.287453777264,3412.6571211637647,3462.88037109375,59290
2023-07-25,3453.168099318657,3491.0714329502725,3436.1721273697467,3456.89990234375,40059
2023-07-26,3496.19713677231,3496.19713677231,3399.168062179927,3415.3095703125,49789
2023-07-27,3408.160807076915,3447.098413768348,3398.4938601966833,3407.711181640625,55924
2023-07-28,3433.295034626567,3480.8205339608467,3408.2060215676183,3434.1044921875,34614
2023-07-31,3439.6344682081913,3506.08901756735,3439.6344682081913,3494.48876953125,76102
2023-08-01,3512.4291010123816,3512.4291010123816,3465.7580658965335,3480.10107421875,28963
2023-08-02,3473.1317879259327,3521.511530246323,3428.933694016027,3463.95947265625,89352
2023-08-03,3453.2134163252395,3475.604675576816,3412.926932709948,3432.2158203125,32590
2023-08-04,3436.846658343748,3557.7061015862228,3436.801871437189,3492.060791015625,80029
2023-08-07,3480.1009391686766,3564.63052270404,3471.198443188273,3554.379150390625,65975
2023-08-08,3564.6305660128546,3577.894516781949,3529.6497938359003,3552.760498046875,37790
2023-08-09,3565.394832517079,3586.2124019476287,3529.1549792305905,3578.973388671875,38219
2023-08-10,3587.9657231839255,3587.9657231839255,3539.6759986261654,3570.969970703125,32249
2023-08-11,3570.970137418468,3591.607900549699,3543.947605424728,3559.594482421875,53114
2023-08-14,3534.9552568334075,3591.60806303552,3515.9809751926905,3584.054443359375,29656
2023-08-16,3592.50733842423,3727.2149473439695,3581.8511274627476,3686.07421875,334662
2023-08-17,3695.741058718995,3695.921084528361,3612.875178668023,3646.1474609375,44321
2023-08-18,3650.868865024149,3667.774826889837,3567.5533518463353,3594.35107421875,56735
2023-08-21,3597.0035799149573,3636.570619294022,3579.1085749223507,3595.205078125,39955
2023-08-22,3614.988462779023,3618.5854662245742,3549.567962613059,3557.12158203125,40271
2023-08-23,3559.2349916418543,3582.5255016726737,3549.5680446584915,3558.920166015625,17865
2023-08-24,3570.025694275464,3633.7824885043833,3553.1647416891506,3609.862548828125,58226
2023-08-25,3597.902974658917,3619.484997001285,3557.3916763116936,3564.720703125,40961
2023-08-28,3595.0254294936294,3609.593250722337,3527.986228424616,3598.442626953125,62216
2023-08-29,3598.397302714622,3623.9359391790185,3589.134974999439,3601.050048828125,35715
2023-08-30,3619.439656654695,3650.5988302632827,3598.9816998632273,3632.343994140625,33692
2023-08-31,3650.9586106970114,3719.931329543887,3632.4339545592566,3695.29150390625,101611
2023-09-01,3695.920789537058,3746.998059363378,3678.8350243299524,3719.526123046875,68916
2023-09-04,3744.480778400564,3751.854811476161,3684.2757545154004,3722.98876953125,59674
2023-09-05,3721.1001659174867,3808.32750185127,3705.0484497864295,3780.675537109375,94411
2023-09-06,3785.8463594093178,3807.3835944998095,3767.906127985723,3783.05859375,41809
2023-09-07,3785.7561510387163,3854.9984680514544,3755.990859414474,3840.2060546875,113060
2023-09-08,3857.7857974086814,3923.925515806262,3825.862395122432,3909.717529296875,98861
2023-09-11,3929.5465997462247,4072.2131132922527,3909.808304976393,3953.6015625,221371
2023-09-12,3979.1852836212206,3979.1852836212206,3801.358415861651,3856.302734375,98548
2023-09-13,3775.909563463988,3807.9677687140993,3684.4555756278583,3785.396484375,170029
2023-09-14,3805.3599635268083,3864.980118713352,3794.8385530410296,3842.229248046875,42072
2023-09-15,3839.8009858874975,3955.174689992471,3839.8009858874975,3865.83447265625,132363
2023-09-18,3884.6288764780143,3896.0943248281706,3814.3525102904055,3825.2783203125,51861
2023-09-20,3824.5138542723116,3824.5138542723116,3758.1941042717044,3795.60302734375,43088
2023-09-21,3776.85354695409,3852.525417702383,3772.5821054426538,3825.772705078125,61231
2023-09-22,3825.7727667093277,3850.457378423793,3765.3881593449887,3772.626953125,32518
2023-09-25,3772.672179447417,3792.5004852551383,3702.4405995360135,3716.82861328125,83454
2023-09-26,3715.749323387784,3793.8045611302264,3709.63459320276,3716.109375,40156
2023-09-27,3724.697113392348,3760.667148287494,3712.2876269884587,3746.728759765625,50810
2023-09-28,3767.77122088443,3775.864478904506,3650.2841797771275,3657.523193359375,53648
2023-09-29,3652.082615662795,3727.394876435158,3650.2841139130073,3696.685546875,30688
2023-10-03,3704.9135253007503,3739.08505781566,3655.2299155257824,3675.373046875,151067
2023-10-04,3673.4397941507727,3694.7522153478553,3599.926035724377,3634.63720703125,63830
2023-10-05,3652.756820763196,3673.3945831165315,3597.902520894522,3612.650146484375,55061
2023-10-06,3637.4698993227958,3694.7971443368447,3615.078639675956,3688.9072265625,35954
2023-10-09,3681.5330807340974,3751.4498362365584,3659.2766215870115,3680.858642578125,73679
2023-10-10,3686.8387959525608,3763.365137827165,3653.881337222516,3742.32275390625,38847
2023-10-11,3758.8688144910157,3834.0462785983077,3724.0228416294062,3742.59228515625,72167
2023-10-12,3742.6822536599057,3821.8163330260927,3668.988686158879,3686.20947265625,65810
2023-10-13,3666.4707188440016,3721.100210822608,3662.873715256933,3687.0634765625,34317
2023-10-16,3700.417314002477,3729.5981802423644,3677.261604200396,3692.773681640625,44509
2023-10-17,3726.4955359818964,3763.3648209662733,3704.643915882186,3750.32568359375,57563
2023-10-18,3767.860968709044,3781.2597182266077,3692.279112262827,3715.79443359375,69555
2023-10-19,3660.8502371051027,3660.8502371051027,3569.3514624488894,3607.2998046875,145790
2023-10-20,3608.064169045909,3623.8908520151276,3504.380503865508,3531.17822265625,62782
2023-10-23,3529.5597431778833,3579.0185421268725,3508.1575280875854,3537.56298828125,110883
2023-10-25,3541.2500056571835,3583.5147974971756,3518.8137398551144,3560.62890625,59838
2023-10-26,3552.0409069724524,3552.0409069724524,3479.0217808441826,3509.41650390625,46324
2023-10-27,3556.5372596068037,3556.5372596068037,3504.6055208603325,3536.34912109375,70373
2023-10-30,3551.1416102950643,3568.9918275033524,3486.9351873566256,3493.859375,39290
2023-10-31,3510.6755740498525,3525.55822060985,3479.426604736781,3486.980224609375,26556
2023-11-01,3489.048429820393,3551.2317602884286,3481.2249910240816,3521.511474609375,55212
2023-11-02,3540.4405483684122,3547.4545292426646,3498.0857462455074,3515.351318359375,67360
2023-11-03,3525.2432949972363,3585.628123985707,3525.2432949972363,3537.56298828125,21661
2023-11-06,3568.1826128545467,3597.273467679237,3547.544848330032,3580.45751953125,28210
2023-11-07,3596.1039883935277,3597.0032392033286,3535.899190586093,3561.887451171875,131536
2023-11-08,3584.4138218447474,3677.3962701985697,3534.055775175579,3669.168212890625,50869
2023-11-09,3686.928281020463,3695.9207890229522,3639.0881823559525,3651.452880859375,44854
2023-11-10,3625.824589282877,3663.5481201508546,3601.5448152907134,3614.22412109375,32003
2023-11-13,3628.4323959520384,3636.4806476446743,3585.3583654113313,3595.429931640625,17715
2023-11-15,3619.4398706509332,3655.4549131504873,3607.7946153898533,3643.27001953125,55792
2023-11-16,3644.124282861546,3732.071284901564,3610.672193074383,3722.629150390625,81374
2023-11-17,3731.801113225912,3825.2784171888707,3722.898617393092,3758.86865234375,110286
2023-11-20,3758.913445654359,3817.0951529210743,3754.3724043690404,3772.357421875,52712
2023-11-21,3812.8236801289513,3824.289128695377,3726.9452222392542,3735.218505859375,63142
2023-11-22,3722.898692451287,3763.364982586627,3638.6839342426547,3671.506591796875,72957
2023-11-23,3686.928787226146,3717.8629311844243,3653.9263222345903,3682.4775390625,31868
2023-11-24,3686.9286483009814,3704.9136660975714,3614.538951669706,3625.01513671875,38581
2023-11-28,3641.8759659277957,3641.8759659277957,3559.0100870911165,3620.2939453125,139291
2023-11-29,3620.87886735636,3636.3909458614007,3588.95545941845,3617.461669921875,79365
2023-11-30,3632.0742882001255,3716.6038705449664,3587.111744399678,3606.895263671875,797448
2023-12-01,3624.8803322698736,3668.943625815203,3600.6005582755083,3635.941162109375,47294
2023-12-04,3664.447664673213,3664.447664673213,3619.530123097184,3643.764892578125,83675
2023-12-05,3661.659600788625,3661.659600788625,3568.2275214000792,3625.150146484375,153560
2023-12-06,3659.95106735995,3734.0944777624118,3631.894483921846,3697.045166015625,192204
2023-12-07,3709.409638114509,3742.68191850487,3671.6861100671426,3717.6376953125,103999
2023-12-08,3722.8985492858114,3758.868583578428,3695.921023566349,3715.1201171875,102079
2023-12-11,3700.4174659908613,3815.0271692176707,3700.4174659908613,3788.499267578125,136966
2023-12-12,3776.0892007497773,3836.15942228329,3683.5115871894523,3694.841796875,143663
2023-12-13,3667.594889300061,3718.4025664474075,3636.885558098385,3659.90625,162177
2023-12-14,3700.2372334364563,3794.7485858824352,3695.921004977984,3746.279052734375,160580
2023-12-15,3783.7780340971394,3934.177741022016,3757.2949205313375,3921.408203125,399090
2023-12-18,3938.5842868383224,3954.3659650780087,3891.418399766078,3934.492431640625,179741
2023-12-19,3929.726307079179,3945.8680358518886,3902.2091426034453,3933.0537109375,56375
2023-12-20,3942.046227409237,3954.500500729796,3747.268400509643,3765.25341796875,190164
2023-12-21,3713.9061959016485,3794.838776441878,3704.9136869527338,3774.156005859375,70907
2023-12-22,3794.838503710029,3808.282479257389,3732.790196421879,3787.779296875,74717
2023-12-26,3812.7337524068907,3816.375981955884,3731.531572851316,3739.71484375,145162
2023-12-27,3747.1785588479893,3776.8538390116523,3738.6356751645103,3771.907958984375,125786
2023-12-28,3786.7007037983417,3786.7007037983417,3754.3724587283646,3774.650390625,50195
2023-12-29,3772.267510388749,3828.5159176033007,3754.5073051241247,3788.364013671875,180409
2024-01-01,3866.7788585707913,3918.9354106166297,3848.79384062395,3901.71484375,363086
2024-01-02,3911.651301164038,4053.8229526031937,3902.748805301211,4016.548828125,339737
2024-01-03,4044.830675577325,4044.830675577325,3890.1595159065155,3900.410888671875,139559
2024-01-04,3893.756256746976,3936.8755114837622,3873.298299508871,3900.6806640625,154455
2024-01-05,3938.628657502395,4106.473738596082,3915.967799837398,4008.54541015625,496114
2024-01-08,4035.8382976823063,4038.536050555089,3896.4543992552212,3913.225341796875,99905
2024-01-09,3969.29338237647,3990.7406036714374,3893.756308493456,3910.707275390625,96627
2024-01-10,3938.4942109579183,3938.4942109579183,3858.6856919277193,3897.48828125,93121
2024-01-11,3934.0426863875514,3950.768841050048,3885.8879760251216,3891.148681640625,94549
2024-01-12,3943.1249926374007,4226.479025322784,3938.7635381661435,4187.58642578125,639005
2024-01-15,4226.479509915079,4591.125774015199,4210.2482057300385,4559.69677734375,1316780
2024-01-16,4541.216572601288,4550.209080665845,4375.304798810212,4417.92919921875,315994
2024-01-17,4377.553301106375,4595.082002018905,4336.68217281423,4573.77001953125,676853
2024-01-18,5031.128435535196,5955.558301175235,5031.128435535196,5886.04638671875,5287747
2024-01-19,5846.0299392919815,6450.686139919357,5775.079133060821,6184.23828125,5015168
2024-01-23,6015.988274628728,6015.988274628728,5765.097283803404,5835.6884765625,493230
2024-01-24,5832.585807864226,6051.418590323966,5809.160498825104,5937.1689453125,438774
2024-01-25,5989.910268953995,6347.81212859124,5980.018509014272,6031.54541015625,809697
2024-01-29,6044.9450511815885,6077.003260471195,5919.409527848014,5963.3828125,200607
2024-01-30,5978.399377790362,6069.043683304814,5765.096911196794,5792.56884765625,221779
2024-01-31,5794.772167542367,5897.196746063062,5757.048420767097,5864.1044921875,151480
2024-02-01,5864.015070586942,5864.105083493671,5738.11994562418,5794.00830078125,103305
2024-02-02,5835.238635787985,6032.1297806486455,5791.400157826101,5902.7724609375,200406
2024-02-05,5922.46623397871,6132.890937706469,5906.054905589686,5949.9833984375,232016
2024-02-06,6023.18259306367,6384.591445848212,5953.041022108316,6326.14013671875,508020
2024-02-07,6375.6885149874115,6411.658548922461,6160.317936801307,6316.068359375,199421
2024-02-08,6357.61331847549,6620.284572218662,6295.160612145132,6504.416015625,390965
2024-02-09,6537.5984905460755,6825.313976700827,6362.19978724089,6767.537109375,416579
2024-02-12,6766.8631693298485,6833.407737373756,6417.144574548998,6473.52734375,253151
2024-02-13,6474.561880968056,6971.982442919681,6473.527391133155,6924.99658203125,467045
2024-02-14,6819.333986338138,7057.320634757758,6704.31989102799,6983.447265625,296784
2024-02-15,7045.630863103605,7310.909880923078,6852.291917913143,7024.76806640625,444322
2024-02-16,7086.097425599936,7187.218369700459,6978.187312519734,7119.8193359375,219218
2024-02-19,7122.022014995535,7218.286643797947,6964.5178758022585,7029.7587890625,176152
2024-02-20,7058.219660268359,7123.864969887366,6924.231288580248,7010.7841796875,126862
2024-02-21,7015.864913202512,7095.088998583371,6931.290548873336,6971.7568359375,111685
2024-02-22,6986.145334897978,7134.836556744906,6864.881265079465,7112.31005859375,227277
2024-02-23,7194.906132579475,7364.370132821907,7080.341660805562,7095.35888671875,372633
2024-02-26,7108.578321012101,7170.62663273251,6981.649145071082,7092.1669921875,132941
2024-02-27,7147.425955217885,7207.405724917412,7026.74631258161,7058.89453125,132516
2024-02-28,7068.0673886730465,7102.508523003097,6854.854909401261,6878.68505859375,162364
2024-02-29,6861.284359778199,6935.92218439964,6818.659954980534,6899.9521484375,184882
2024-03-01,6946.668232295082,7050.12686997528,6865.780440339447,6933.26904296875,81008
2024-03-04,6993.429836682107,7059.119942807935,6925.625963923324,6996.8916015625,122205
2024-03-05,6991.315935475514,7013.257568991987,6862.003396292754,6956.1103515625,74394
2024-03-06,6915.239007954064,7256.954329543471,6836.599345811254,7199.671875,229935
2024-03-07,7269.544210281021,7540.218728748931,7152.731607238087,7465.40087890625,457762
2024-03-11,7618.767788365022,7618.767788365022,7246.20832703374,7287.03466796875,216571
2024-03-12,7486.218508813778,7750.823070347225,7364.864431466225,7437.16455078125,1196903
2024-03-13,7526.730140626388,7568.905359709343,7158.037266354366,7223.8173828125,484645
2024-03-14,7194.007483727706,7642.733700525221,7108.5786448584395,7616.83544921875,411117
2024-03-15,7616.834898010709,7629.199597478569,7324.398339325007,7601.63720703125,503281
2024-03-18,7625.64714146207,7821.683825051543,7468.2782440852,7746.236328125,435341
2024-03-19,7733.558026205474,7774.024318203061,7418.460147914369,7441.07666015625,405472
2024-03-20,7463.782378152148,7527.35959163472,7309.785663422202,7411.44580078125,291971
2024-03-21,7482.711799160237,7598.67038258625,7430.600031966606,7562.88037109375,247898
2024-03-22,7456.677854648627,7596.87141780725,7319.90214736636,7534.7783203125,288085
2024-03-26,7508.744275399033,7922.399648654548,7463.78173482778,7881.3037109375,505302
2024-03-27,7908.911583386439,7992.541916218154,7849.605811512234,7915.43115234375,304430
2024-03-28,7915.4309624535235,7997.937229692595,7843.490892926268,7890.11669921875,243381
2024-04-01,7912.507981173322,8113.940165260471,7895.467002464951,8047.98046875,238495
2024-04-02,7967.363255860321,8048.295839723462,7868.445653360926,7936.96875,205259
2024-04-03,7936.968536381556,8045.597870385891,7884.227119380349,7947.84912109375,148508
2024-04-04,8012.281153245766,8039.258681663808,7825.281743126428,7908.0576171875,150707
2024-04-05,7881.934683060798,7932.742362421087,7868.535492455168,7891.33203125,104436
2024-04-08,7958.3704334573285,7970.9599460074305,7684.323722768501,7700.375,210012
2024-04-09,7727.263078620586,7874.740228032175,7526.774912367878,7545.0751953125,230661
2024-04-10,7576.188696181012,7620.88164074179,7452.586486565056,7491.3447265625,175896
2024-04-12,7473.674096109546,7508.609641679262,7364.864739157403,7377.63427734375,280609
2024-04-15,7373.857253199669,7388.9197055156565,7227.279359020212,7245.7587890625,202507
2024-04-16,7205.697121965244,7267.16100589981,7050.756374835343,7066.6728515625,200925
2024-04-18,7102.283318205323,7184.879597815289,6926.5697873373865,6947.5673828125,324760
2024-04-19,6889.161150120947,6933.943669339944,6767.9870912541155,6836.77978515625,310748
2024-04-22,6888.26191436045,6907.01138349834,6594.206869191276,6779.0029296875,377745
2024-04-23,6852.291587798176,6872.0303199097725,6582.516328436042,6606.5712890625,423409
2024-04-24,6638.1795199769895,6743.481878493422,6599.8713473450425,6617.40673828125,334626
2024-04-25,6430.812374137898,6814.972509677034,6394.572740821191,6423.3935546875,1100513
2024-04-26,6429.643774238141,6766.862853306576,6420.651265462983,6735.9287109375,771387
2024-04-29,6825.314280951438,6825.314280951438,6636.471593336181,6700.90283203125,252212
2024-04-30,6745.235741828553,6887.631760606057,6656.389495675311,6833.09228515625,424873
2024-05-02,6847.795431156072,6991.675571534925,6829.855200517646,6978.41162109375,301938
2024-05-03,7053.724164998104,7053.724164998104,6933.224542597575,6996.8017578125,339722
2024-05-06,7077.104406774776,7110.376689246271,7015.056096219826,7068.5615234375,314006
2024-05-07,7165.493216191428,7239.698971181112,7012.629542079071,7112.296875,381686
2024-05-08,7072.781504234643,7172.310234793464,7068.0974475912635,7089.19970703125,135120
2024-05-09,7089.200541690803,7142.304035984323,6994.031568757995,7012.5830078125,145232
2024-05-10,7021.719519707606,7057.3848416312985,6895.569737055,7031.69091796875,119050
2024-05-13,7030.994893700971,7201.621923244175,6972.696910100747,7190.3515625,136013
2024-05-14,7220.822254206431,7299.990603751527,7110.8121400393875,7262.56298828125,136326
2024-05-15,7281.3002301889455,7388.063844415089,7194.711304400979,7216.833984375,115498
2024-05-16,7216.4631702952875,7405.7340349494725,7208.068372867315,7320.16552734375,154700
2024-05-17,7323.1343403280225,7340.526314372732,7207.234044127681,7222.0751953125,97219
2024-05-21,7258.249510451791,7260.104654096635,7095.8782441032,7113.873046875,69252
2024-05-22,7114.430091536884,7194.201272873381,7057.89440452795,7099.49609375,90367
2024-05-23,7100.56284022002,7142.396423173418,7054.184245574559,7075.1474609375,91772
2024-05-24,7075.146976815868,7119.995165352454,6985.543447508826,6996.11767578125,73891
2024-05-27,7035.308338484127,7133.028131756602,6933.6001670846035,7047.27392578125,112088
2024-05-28,7026.264457784516,7077.2809134684485,6980.210602463942,7008.96533203125,65923
2024-05-29,6962.586285120852,7033.406487326886,6957.020853952063,7005.857421875,116498
2024-05-30,7002.88980802003,7017.499065556482,6847.335818036953,6883.9287109375,218846
2024-05-31,6910.410291295279,6954.006168300766,6834.395596924654,6915.001953125,162147
2024-06-03,6980.906143707167,7069.90684898845,6887.917060408384,7015.50439453125,88251
2024-06-04,7030.994996067363,7030.994996067363,6513.919859682275,6762.69482421875,279924
2024-06-05,6790.753511350681,7242.434804708318,6762.694462898508,7169.2490234375,165910
2024-06-06,7188.54317413346,7605.162002106961,7181.679232662062,7579.978515625,312109
2024-06-07,7606.08984542494,7891.4577127510165,7605.162273492571,7797.44775390625,319142
2024-06-10,7708.214483026214,7860.6152629368435,7547.652157818308,7797.40087890625,184342
2024-06-11,7791.603871322549,7920.536363955149,7761.503982343734,7827.08349609375,118275
2024-06-12,8000.261399080735,8287.854884035816,8000.261399080735,8109.62158203125,639358
2024-06-13,8195.097597098098,9053.101590003107,8164.487724918785,8958.4892578125,2375475
2024-06-14,8958.489560432396,9084.175554990128,8761.288133518134,8821.8583984375,770138
2024-06-18,8858.311672119446,9163.482828153717,8832.571551815643,8943.5087890625,623177
2024-06-19,8992.809463371519,9252.529592277555,8843.146101422184,9121.138671875,602326
2024-06-20,9118.124145626987,9206.151081016533,8998.374976014245,9030.654296875,239347
2024-06-21,9104.397206805519,9243.533005833138,8988.218814617458,9033.53125,301582
2024-06-24,8960.38994926825,9099.897112871935,8909.327301910917,9073.5537109375,178150
2024-06-25,9073.599755874195,9108.245106154563,8990.813972601689,9022.537109375,122156
2024-06-26,9062.377074479085,9062.748465555936,8775.385978590151,8804.6044921875,177017
2024-06-27,8789.671110256691,9191.495428713406,8764.626669566851,9141.03515625,501309
2024-06-28,9159.772174285808,9322.09725079214,8986.780021323348,9166.4970703125,498811
2024-07-01,9187.784949655661,9665.298761020305,9173.825174358186,9455.8994140625,883013
2024-07-02,9517.815859763234,9593.691064751074,9351.780479303472,9493.4208984375,236562
2024-07-03,9507.704363101619,9691.920685809886,9489.98810215698,9675.734375,220559
2024-07-04,9675.734292097337,9767.28581894425,9623.558373206459,9680.8359375,220337
2024-07-05,9728.374914864757,9728.374914864757,9618.967618785282,9670.35546875,85779
2024-07-08,9719.93311858363,9739.504522481766,9573.329661558284,9609.96875,83115
2024-07-09,9633.760529204199,9669.889631284534,9491.842046538279,9617.8994140625,100783
2024-07-10,9553.99098290937,9622.213717936469,9323.025569827387,9508.076171875,174464
2024-07-11,9591.093783262279,9600.369502588452,9305.725915859799,9416.6640625,154221
2024-07-12,9544.715099072046,9934.249109767621,9394.63414291775,9792.2373046875,485528
2024-07-15,9917.552333662929,10360.236012952391,9816.029410331575,10131.6357421875,813652
2024-07-16,10156.912204452186,10425.908052789277,10133.722907181747,10289.18359375,504778
2024-07-18,10244.150039105602,10392.701038005258,10043.145031563665,10149.4453125,486345
2024-07-19,10407.357466385913,10411.995326219418,9924.64865258188,10038.4619140625,552895
2024-07-22,9925.018559031005,10254.306557952128,9847.102525483471,10021.5322265625,249350
2024-07-23,10064.10876718491,10264.000508647958,9618.920459265906,10194.4326171875,270163
2024-07-24,10239.465022423732,10570.561955085175,10204.217294291466,10303.8388671875,541750
2024-07-25,10017.776026645715,10546.491983607571,9943.941669374673,10281.298828125,807903
2024-07-26,10388.80609667446,10500.114733424543,10250.597872709774,10290.1591796875,341053
2024-07-29,10392.191688397157,10614.76184988825,10293.729565007772,10476.4150390625,386712
2024-07-30,10481.56221158239,10481.56221158239,10263.58282045656,10300.5,141253
2024-07-31,10307.1784137226,10390.752275208817,10149.491198969825,10244.8916015625,221107
2024-08-01,10370.439460907599,10410.093159339553,10020.141573128569,10120.64453125,237189
2024-08-02,10018.518329852088,10062.856085211393,9580.240610011315,9637.1005859375,245538
2024-08-05,9192.840404366272,9486.694988055498,8909.373900829656,9166.8212890625,318616
2024-08-06,9410.031072580714,9532.424363905202,9051.988325168604,9089.5087890625,192285
2024-08-07,9266.442831118868,9366.620591455287,9230.267528775159,9311.5224609375,136542
2024-08-08,9386.098899214216,9665.298006701465,9239.218269285795,9332.6240234375,236879
2024-08-09,9520.087966748599,9822.986388525851,9520.087966748599,9798.9619140625,340538
2024-08-12,9837.085347556047,10004.048283658161,9697.810069358107,9957.06640625,319404
2024-08-13,10044.675642027056,10152.27397746663,9832.261686719623,9954.701171875,440334
2024-08-14,10005.255336206645,10107.752041778502,9838.663768035334,9862.0849609375,415397
2024-08-16,10017.590376944978,10209.783447205662,9980.765592993639,10109.095703125,435583
2024-08-19,10174.814217810665,10329.34823918622,10110.533666583086,10151.486328125,201063
2024-08-20,10231.118413864755,10318.68156661176,10157.654535655924,10255.884765625,222688
2024-08-21,10294.193340120317,10386.950533669788,10204.543150221965,10349.84765625,223275
2024-08-22,10411.066460733016,10488.054924403797,10221.841803036159,10301.6591796875,258898
2024-08-23,10353.184882144242,10353.184882144242,10110.532465309541,10139.7509765625,197480
2024-08-26,10248.741601945912,10376.886018248159,10199.39459724586,10210.201171875,235922
2024-08-27,10244.753729632255,10248.695910278264,10049.082252636294,10157.0048828125,186166
2024-08-28,10161.132118843227,10335.701323735984,10105.849198423104,10222.3056640625,335216
2024-08-29,10202.36395712495,10211.639676696843,9982.52940327109,10024.9658203125,349528
2024-08-30,10100.144774700475,10450.906452794496,9950.805698044225,10192.8095703125,3031738
2024-09-02,10086.462321128218,10225.551898813741,9944.265740131297,10145.548828125,248927
2024-09-03,10184.739799300538,10736.645098078665,10136.69175445566,10625.568359375,498450
2024-09-04,10527.013874513459,10527.941446447066,10326.658336854201,10411.0673828125,207209
2024-09-05,10481.469025250472,10499.185284433122,10351.840865209873,10451.0439453125,140806
2024-09-06,10435.22904115127,10512.17130381872,10022.830977499907,10062.11328125,158478
2024-09-09,10064.155629679373,10225.7388440891,9980.117973574475,10131.3583984375,138898
2024-09-10,10481.562579836434,10620.512670746108,10231.118164212025,10441.955078125,359537
2024-09-11,10576.174395209635,10728.852361718438,10402.672259183946,10539.6748046875,286214
2024-09-12,10673.661524470495,10868.359215412538,10645.973867465525,10737.2001953125,341188
2024-09-13,10796.009061589244,11421.702489194666,10750.88232750235,11373.7939453125,700341
2024-09-16,11362.756404415344,11464.789319067238,11114.30661957078,11352.6455078125,377298
2024-09-17,11362.75622991033,11705.030274713343,11334.233392843411,11391.0009765625,450197
2024-09-18,11408.206043455666,11408.206043455666,10273.090005917746,10443.9951171875,856150
2024-09-19,10711.2276286709,10713.407965874216,9879.799017906527,10244.056640625,888273
2024-09-20,10309.961013843596,10584.754171769926,10214.606809744733,10547.9755859375,561495
2024-09-23,10569.681253493092,10697.964259457747,10455.218524624046,10602.9814453125,255526
2024-09-24,10574.3195970819,10827.546724275177,10529.146664654296,10787.6611328125,256723
2024-09-25,10784.924687985467,10818.549169389327,10287.746149158733,10377.58203125,327212
2024-09-26,10417.513591694122,10530.723558534355,10408.098374774981,10462.6865234375,249828
2024-09-27,10590.088045432341,10801.574431905019,10506.420881547383,10567.640625,223731
2024-09-30,10566.89932637668,10655.018658891235,10449.607675773814,10628.7685546875,105479
2024-10-01,10574.411950753021,10664.294029310913,10496.543015180181,10613.880859375,54125
2024-10-03,10463.011550509005,10660.491980138195,10258.945722396242,10364.45703125,149736
2024-10-04,10362.554990914066,10609.289111897702,10111.46110091208,10158.025390625,191185
2024-10-07,10249.668999004734,10346.090274510167,10002.93488554453,10151.7177734375,252254
2024-10-08,10184.74005042607,10434.256905941971,9946.354058353254,10387.970703125,123076
2024-10-09,10446.314223165995,10904.163328117447,10446.268025739659,10809.041015625,181836
2024-10-10,10883.989062544912,10987.089040483399,10493.666992277324,10636.142578125,188860
2024-10-11,10637.394857456053,10851.663972565257,10575.433233906884,10719.392578125,87217
2024-10-14,10745.873422603465,10945.347562912028,10681.453378026565,10881.7626953125,69155
2024-10-15,10977.767514591178,11021.270094293845,10875.78080046013,10961.3955078125,128502
2024-10-16,10880.417981857227,10961.024339298545,10684.050836772758,10733.8154296875,208236
2024-10-17,10750.512150830798,10851.663685615895,10554.79447943453,10669.349609375,95010
2024-10-18,10642.682456576656,10758.907040665488,10482.536797186282,10744.6220703125,77607
2024-10-21,10784.878289602219,10814.560589874625,10344.281644933684,10385.55859375,108502
2024-10-22,10435.18346566776,10565.043526573847,10030.85452798526,10101.767578125,156820
2024-10-23,10109.606020835492,10577.056055584779,10084.653974682145,10401.9306640625,192175
2024-10-24,10461.156823184454,10541.855585697049,9804.713949717321,9908.6953125,204311
2024-10-25,9716.315820015905,10346.786632482039,9673.508013760096,10099.44921875,432097
2024-10-28,10081.964377327646,10325.358693162465,10005.995878640266,10194.29296875,102138
2024-10-29,10273.508421791865,10277.496799852855,9907.39560642855,10194.38671875,72733
2024-10-30,10283.896818755205,10667.076391855086,10198.652602473623,10450.9521484375,123787
2024-10-31,10450.952834717884,10476.646758097968,9873.075527890047,10098.01171875,218143
2024-11-01,10098.010932373201,10295.119950251243,9994.586671227782,10038.5068359375,14599
2024-11-04,10039.342712757521,10148.008124756485,9948.348270376235,10057.4765625,98808
2024-11-05,10054.880104848999,10156.866823610246,9994.58792709852,10146.1064453125,79690
2024-11-06,10280.789776538422,10759.834485284577,10238.631450772356,10723.6591796875,145380
2024-11-07,10759.833772445794,10820.311639988337,10435.18361551855,10595.931640625,73472
2024-11-08,10583.595818454332,10898.924080118846,10583.595818454332,10683.9130859375,97671
2024-11-11,10667.076377503674,11116.948729076656,10572.324549782918,11068.529296875,160844
2024-11-12,11120.659502476383,11262.53180566327,10929.719189307883,10997.060546875,150298
2024-11-13,10982.497542206766,11110.038679023233,10835.523592832602,10910.240234375,94042
2024-11-14,10880.371869296698,11135.036545779,10852.683305397577,10916.17578125,108716
2024-11-18,10945.765920428248,10986.996672217803,10212.010356005008,10455.822265625,179726
2024-11-19,10458.373103005855,10725.096219912139,10292.847717384358,10360.0966796875,127844
2024-11-21,10320.165306461235,10463.428972400496,10221.8426817547,10334.9140625,86133
2024-11-22,10435.137356190382,10758.859939320386,10435.137356190382,10682.2890625,146976
2024-11-25,10926.796064889824,11151.26844584936,10787.660291567798,11092.1357421875,254970
2024-11-26,11091.905042473447,11125.437129784103,10832.926780703396,10891.9208984375,65699
2024-11-27,10922.15927379542,11084.344860424266,10879.630463924077,11009.119140625,70895
2024-11-28,11001.001721074086,11001.001721074086,10640.50057299974,10813.724609375,95980
2024-11-29,10852.591527293813,10978.741309149535,10773.794111063864,10849.298828125,72200
2024-12-02,10847.95321368794,11408.206633189226,10825.599093553854,11378.060546875,115769
2024-12-03,11451.988070133362,11686.4780590866,11386.918540736155,11617.6982421875,120278
2024-12-04,11654.941261229691,11771.907718876299,11439.002697818743,11518.216796875,102920
2024-12-05,11557.545361734488,11641.258721999058,11400.136236114951,11539.8291015625,118244
2024-12-06,11539.83048879879,11919.253622121769,11539.83048879879,11668.3916015625,125428
2024-12-09,11724.509622069923,11794.819395757393,11597.664156024191,11673.4931640625,71243
2024-12-10,11269.998387448704,11478.702061290347,11014.591831593489,11358.349609375,261653
2024-12-11,11316.37737418572,11453.565622882603,11228.258042173618,11359.880859375,73779
2024-12-12,11372.494515381444,11497.948606422213,11184.521720151011,11219.3056640625,75811
2024-12-13,11216.94119056377,11416.554842820085,11181.87915422458,11394.107421875,102224
2024-12-16,11409.365645333291,11654.894095138088,11408.20618052106,11553.8349609375,99486
2024-12-17,11559.309335334918,11666.860579102678,11474.806986537938,11529.765625,81786
2024-12-18,11518.680379143003,11640.79558348988,11347.914752757242,11480.09375,74827
2024-12-19,11182.296181514213,11987.938526433725,11126.224282309851,11901.1181640625,556116
2024-12-20,12011.2684073563,12043.176338216352,11286.741430078237,11360.4833984375,132859
2024-12-23,11500.871617454244,11500.871617454244,11262.717531627886,11380.8896484375,314554
2024-12-24,11409.13370779808,11551.330290648408,11339.565819335898,11408.669921875,183934
2024-12-26,11409.04234891495,11523.504181625682,11195.83939721604,11390.2119140625,132983
2024-12-27,11441.59980704423,11858.775284402815,11406.908254376343,11730.630859375,131029
2024-12-30,11743.014157767875,12262.50062367321,11674.420034005372,12007.8359375,296573
2024-12-31,11929.5485521608,11954.546796344062,11437.007867115897,11863.134765625,202577
2025-01-01,11863.134621767676,11947.079878747016,11613.710175437727,11715.6044921875,71597
2025-01-02,11770.887638965989,11839.991746854324,11696.774280387868,11732.25390625,116848
2025-01-03,11789.439214453068,11871.853617990004,11529.950967384362,11611.3916015625,112999
2025-01-06,11542.705546945452,11650.303895020481,11084.48499566041,11131.9306640625,91120
2025-01-07,11160.360175147054,11334.929399936036,11160.360175147054,11267.0771484375,56206
2025-01-08,11241.242879441275,11241.242879441275,10720.271804736374,11112.1708984375,230698
2025-01-09,11112.171630861389,11121.540650354082,10806.212408395088,10877.681640625,92192
2025-01-10,10815.488436048494,11027.810007901982,10576.360579580809,10621.9501953125,96024
2025-01-13,10518.433972876448,10574.27398518261,10003.863435919884,10061.2333984375,122849
2025-01-14,10119.76264998291,10209.829513963941,9817.512820239217,9968.70703125,147770
2025-01-15,9971.398103291527,10044.583889842883,9689.044849550193,9786.2080078125,186595
2025-01-16,9275.719192831868,10161.132787217244,9164.410562517885,9451.818359375,929106
2025-01-17,9335.593967294008,9519.624602123286,9252.530081413724,9300.9033203125,191124
2025-01-20,9274.837289773148,9344.405179754742,9039.187838275206,9291.951171875,227279
2025-01-21,9291.950931983718,9521.524962996044,9023.696973973849,9058.57421875,155630
2025-01-22,9179.205201445946,9308.13769381089,8793.381493666626,8898.3828125,268514
2025-01-23,8969.620265407244,9489.06052896754,8951.115024851522,9328.3125,320690
2025-01-24,9329.982495195192,9392.129816085791,9059.085287315334,9095.4462890625,112936
2025-01-27,9002.085407264054,9080.929019795476,8590.892959781277,8625.4912109375,194147
2025-01-28,8566.12589265195,8693.203233993943,8293.419773275698,8576.79296875,231027
2025-01-29,8627.253494132292,8927.879172291983,8627.253494132292,8845.7890625,182919
2025-01-30,8845.370637108927,8915.356108645921,8311.043097692083,8343.13671875,278975
2025-01-31,8402.920389739504,8615.288166261802,8366.559388577689,8461.357421875,155215
2025-02-01,8440.904399052652,8516.269616901336,7615.225899267488,8249.12890625,134594
2025-02-03,8197.972328116883,8571.691385302842,8005.037385129868,8541.6376953125,146156
2025-02-04,8553.048038364637,8691.348645405393,8400.554856682385,8555.5517578125,108194
2025-02-05,8575.401665142212,8763.838246866377,8575.401665142212,8637.6884765625,117659
2025-02-06,8705.076612563496,8790.042742362382,8562.880021025212,8601.9775390625,102307
2025-02-07,8657.909436737262,8825.753743894838,8554.623767904504,8768.05859375,111132
2025-02-10,8747.095543910411,8785.683079032118,8572.619629219154,8615.4736328125,77774
2025-02-11,8580.03990703681,8662.825697491191,8369.295394315965,8473.369140625,79790
2025-02-12,8509.544536803061,8509.544536803061,8256.31741029911,8389.23828125,106087
2025-02-13,8348.14704089963,8528.559774172405,8273.013717531534,8350.60546875,61745
2025-02-14,8440.90480549214,8461.497084096112,8171.908938064369,8313.78125,73852
2025-02-17,8264.666370346755,8312.900113473357,8045.89888044092,8159.990234375,116078
2025-02-18,8162.632430680033,8244.258754986835,8002.022999554973,8122.46875,126590
2025-02-19,8094.037749482195,8277.511270928382,8069.874685183157,8156.51025390625,53084
2025-02-20,8143.153000945645,8194.957524716425,8000.306940785533,8051.1376953125,117119
2025-02-21,8056.889399097449,8092.508521840687,7682.150357278963,7796.24169921875,185897
2025-02-24,7743.8801453575825,7772.124890662969,7596.813802903654,7729.6884765625,101181
2025-02-25,7722.035948440585,7750.930175012864,7588.465596899991,7614.34521484375,80633
2025-02-27,7615.41167448783,7659.888929299159,7444.228457506709,7496.8681640625,110023
2025-02-28,7420.575005752975,7422.893935442273,6998.5298023007745,7201.5751953125,240082
2025-03-03,7236.684098447292,7315.759603224122,7010.634644388078,7269.1953125,146378
2025-03-04,7225.785092553709,7346.415636841316,7068.561655687488,7081.50146484375,138586
2025-03-05,7082.707205659894,7420.575273585326,7082.707205659894,7346.787109375,199318
2025-03-06,7466.953750593979,7494.7809074284905,7214.654195294406,7258.1572265625,156271
2025-03-07,7190.537080467673,7207.1871765714095,6981.833411336452,7020.88427734375,307003
2025-03-10,7018.70458380537,7055.668414126844,6826.929095953682,6853.17919921875,186586
2025-03-11,6710.982357934408,7016.153497638682,6679.815853083549,6987.02783203125,190559
2025-03-12,6982.761480217188,6996.165075755145,6615.350148625221,6767.75048828125,230330
2025-03-13,6836.204600105119,6923.4425522684405,6754.021642823244,6797.24658203125,145595
2025-03-17,6811.1600570715445,6947.513118271261,6808.8411274593045,6939.814453125,219002
2025-03-18,6939.814453125,6939.814453125,6939.814453125,6939.814453125,0
2025-03-19,7049.499571264138,7136.737518985286,6843.392933544801,7118.974609375,151859
2025-03-20,7229.0312047922025,7270.308152070479,6986.146425561444,7029.88134765625,326426
2025-03-21,6956.788699294846,7147.682800037124,6911.337679792787,7090.72998046875,228080
2025-03-24,7207.23330492593,7465.098280314528,7058.821808299398,7384.53857421875,234142
2025-03-25,7465.191806770092,7560.638868632271,7230.79419680927,7387.13671875,267380
2025-03-26,7420.5292218956865,7472.101858727216,7261.496833773871,7317.6611328125,112028
2025-03-27,7210.943702203837,7437.549328401542,7210.943702203837,7296.51220703125,286752
2025-03-28,7355.644951504924,7362.0917571874415,7133.027702026843,7282.27392578125,152932
2025-04-01,7150.651196793881,7235.060232843725,7018.9359976831365,7035.95703125,141821
2025-04-02,7064.387697891473,7223.280585612795,7040.270828124511,7204.31201171875,156132
2025-04-03,7123.706014112533,7123.706014112533,6956.789269083274,7032.20068359375,174309
2025-04-04,7007.8057818764755,7085.67562490766,6911.477348414675,6976.7783203125,179350
2025-04-07,6710.982844302332,6816.726043231214,6528.251175977859,6765.8486328125,182758
2025-04-08,6887.221614436966,7029.140120431425,6715.620806535169,6999.41162109375,147706
2025-04-09,6959.06224051106,7001.915792131399,6780.179902376114,6865.052734375,111108
2025-04-11,7049.545950654404,7095.878345009618,6967.131102477053,7030.85546875,116992
2025-04-15,7097.779752086406,7252.220464151538,7069.02502491512,7231.35009765625,138731
2025-04-16,7258.250065351946,7376.51548175225,7203.059537698471,7311.58544921875,115104
2025-04-17,7263.815237691627,7418.719738354953,7250.829231647996,7374.1962890625,174520
2025-04-21,7392.284295145827,7709.513886580657,7383.936148002806,7543.478515625,410248
2025-04-22,7577.334306832763,7647.829766169192,7432.169314909722,7590.3203125,103304
2025-04-23,7694.208658004243,8028.134531046018,7667.772859721769,7993.3505859375,296818
2025-04-24,8068.947332805103,8180.255952179354,8047.149394844311,8130.630859375,337156
2025-04-25,8181.184143321783,8222.924878746895,7847.2582599208945,7980.82861328125,279186
2025-04-28,8134.806157642061,8193.243191613721,7865.810286978869,8120.892578125,255169
2025-04-29,8190.460202660891,8254.926452274134,8116.254447710396,8197.4169921875,146372
2025-04-30,8199.735629980507,8250.752084691925,8032.772687288597,8089.818359375,146668
2025-05-02,8162.632684632896,8240.08493794731,8023.960686183735,8047.61376953125,150654
2025-05-05,8162.632779474781,8163.5603513815395,7949.291240920327,8009.11962890625,156874
2025-05-06,8063.846194143514,8144.081162314379,7755.892327869212,7776.7626953125,167625
2025-05-07,7663.135179217505,7925.174238483854,7641.33723977411,7913.57958984375,173152
2025-05-08,7964.795242766062,8038.9865446067315,7745.57191216589,7807.796875,190579
2025-05-09,7610.591515762807,7768.547188731469,7594.795948465941,7652.234375,108057
2025-05-12,7887.732361021955,8371.172477814975,7829.815277722989,8341.974609375,268271
2025-05-13,8300.809580391437,8303.681501593279,8094.988560926074,8116.04931640625,139262
2025-05-14,8156.735509260578,8217.045859249829,8050.474416422373,8140.93994140625,102099
2025-05-15,8194.549358262191,8208.90896578251,8079.672498099637,8185.93359375,88914
2025-05-16,8218.481931825123,8357.291469404,8144.769280834962,8325.2216796875,123530
2025-05-19,8371.65041384682,8371.65041384682,8233.319540799266,8252.9443359375,80085
2025-05-20,8317.084525758608,8366.864497597862,8055.261020027142,8076.32177734375,117869
2025-05-21,8128.973644606734,8136.632101788251,7954.265090153371,8025.58447265625,81061
2025-05-22,7950.914305345449,7983.4627475080815,7846.567829000538,7939.9052734375,123383
2025-05-23,7951.39346230129,8183.061800596127,7951.39346230129,8009.310546875,122684
2025-05-26,8012.660621796981,8122.750940973404,8011.7033146737085,8090.68115234375,50840
2025-05-27,8108.391178801882,8135.19577774007,8007.8739327836765,8043.77294921875,95286
2025-05-28,8115.571408896672,8240.978646238515,8074.88585479722,8152.427734375,136774
2025-05-29,8232.841201136833,8291.23693523792,8116.528386492864,8136.6318359375,129537
2025-05-30,8165.830640117246,8223.269073693686,8058.612230774557,8101.21240234375,159983
2025-06-02,8088.288412408165,8088.288412408165,7970.060974967946,8038.02978515625,76519
2025-06-03,8052.867682461243,8108.391496724528,7914.058146803031,8012.18212890625,98051
2025-06-04,8054.782179061364,8368.300263639758,8032.764115106241,8295.544921875,334256
2025-06-05,8309.42583041333,8505.673790693829,8274.005466850507,8366.8642578125,224359
2025-06-06,8401.806948454483,8433.876740828804,8296.503152598505,8410.9013671875,95387
2025-06-09,8471.69026382697,8807.226445246411,8452.544119380782,8770.3701171875,313597
2025-06-10,8807.226068663085,9113.56436670354,8759.360709594264,9086.759765625,393134
2025-06-11,9139.889977617617,9206.422824273224,8903.913766098083,9026.927734375,261322
2025-06-12,9137.49706314945,9160.95108913658,8915.880450250645,9005.388671875,229439
2025-06-13,8901.999301873979,9271.519866507095,8829.243957542069,9073.8359375,302596
2025-06-16,9098.726136293955,9316.513520796758,9011.611182492836,9269.60546875,236103
2025-06-17,9285.879703955818,9357.67774290393,9220.782815309529,9316.9921875,165669
2025-06-18,9323.21430571018,9349.540252255721,9190.148612261806,9243.7578125,110969
2025-06-19,9247.586989134368,9256.20275340996,8902.956418110727,8928.8037109375,165782
2025-06-20,8973.796803489702,9045.116182821897,8901.041463499814,8994.37890625,147147
2025-06-23,8950.343300738605,8950.343300738605,8741.171686084197,8768.93359375,158976
2025-06-24,8859.877623611888,8900.084523686626,8750.265955550996,8766.0615234375,145896
2025-06-25,8833.073228194804,8940.291630877997,8772.762876685509,8785.6865234375,120007
2025-06-26,8835.945250513114,8835.945250513114,8606.191527856217,8687.083984375,149946
2025-06-27,8706.229725819569,8814.884085474363,8559.28308082388,8607.1484375,562109
2025-06-30,8701.443597647121,8701.922251236298,8548.753102699686,8602.3623046875,138155
2025-07-01,8673.202100195367,8757.44512280212,8541.093723834774,8575.078125,140579
2025-07-02,8575.078356513837,8688.0405944227,8472.167843164663,8560.71875,155550
2025-07-03,8577.471899224807,8730.641040282393,8576.993245659001,8644.4833984375,114608
2025-07-04,8700.965184029874,8734.470936196343,8577.472554616314,8720.111328125,96079
2025-07-07,8711.01630582836,8711.01630582836,8608.105788450861,8620.55078125,61737
2025-07-08,8616.242485570318,8685.168596226511,8531.99946143497,8621.986328125,82817
2025-07-09,8642.568635240114,8644.004595912782,8529.60639565678,8556.8896484375,60569
2025-07-10,8526.255445640505,8564.547728560354,8341.97383408874,8402.2841796875,146167
2025-07-11,8336.229818763752,8487.484333160246,8167.265123884123,8267.3037109375,183731
2025-07-14,8271.134353352036,8385.532565762402,8142.376532689322,8360.642578125,113607
2025-07-15,8352.50476039441,8485.570452279202,8314.212474959935,8400.3701171875,75259
2025-07-16,8400.369962579414,8479.826453393556,8366.864213440922,8438.18359375,76256
2025-07-17,8476.955157969733,8513.33283114905,8361.599641703742,8371.6513671875,69691
2025-07-18,8402.284362046563,8466.902590876247,8320.434605528962,8415.2080078125,92192
2025-07-21,8414.729728772249,8486.52776400068,8293.151722452103,8444.40625,62012
2025-07-22,8464.031110370908,8481.741292527993,8304.639470957149,8335.751953125,69573
2025-07-23,8362.077705408503,8438.662275120316,8293.630246228571,8404.19921875,79754
2025-07-24,8565.505274409801,8603.318904847263,8384.095579019955,8557.3681640625,475675
2025-07-25,8567.898760563074,8648.791212548278,8208.908589031102,8241.45703125,173750
2025-07-28,8275.919757408421,8395.104489600131,8145.725993729121,8310.3828125,147286
2025-07-29,8310.383458770342,8347.718438022966,8213.695435577643,8294.587890625,67051
2025-07-30,8327.614689573913,8328.093343136943,8177.796124345919,8204.1220703125,72342
2025-07-31,8137.11090177913,8203.643749740735,8084.937661291252,8113.17822265625,150964
2025-08-01,8113.1779903314655,8129.930865237755,7983.941526768664,8020.7978515625,124824
2025-08-04,7998.779826266574,8223.268351101653,7964.316769149035,8203.6435546875,77907
2025-08-05,8218.481273915817,8240.020683195153,8125.143833705358,8208.908203125,49503
2025-08-06,8209.865885875308,8232.362603263144,8061.004628266445,8153.384765625,81885
2025-08-07,8113.1784497498975,8223.26877679665,8070.578279718763,8205.55859375,65889
2025-08-08,8259.167474672438,8259.167474672438,8029.413757614035,8064.35546875,47453
2025-08-11,8049.995657966175,8097.8610144768545,8005.95952997635,8044.73046875,28768
2025-08-12,8051.910199724151,8270.176223447503,8049.995585480964,8150.0341796875,102518
2025-08-13,8221.35367549741,8249.115582412807,8104.083551458236,8227.576171875,70550
2025-08-14,8218.482008003115,8346.282514475848,8204.122400534268,8219.91796875,83210
2025-08-18,8290.280150403756,8295.545339875722,8153.385224132655,8187.36962890625,39039
2025-08-19,8251.03048426686,8267.304706129318,8128.495166714224,8229.9697265625,53315
2025-08-20,8184.9754304765065,8470.252936708319,8184.9754304765065,8388.8818359375,146307
2025-08-21,8433.876332319089,8481.741691753363,8310.383704978662,8327.615234375,100872
2025-08-22,8370.694248064994,8370.694248064994,8242.415081866377,8255.8173828125,34763
2025-08-25,8300.331445457581,8550.667259192332,8300.331445457581,8376.916015625,203962
2025-08-26,8348.196951151383,8385.531929775878,8141.897261572446,8166.30859375,80298
2025-08-28,8175.403213387043,8199.814546167063,7979.633897562962,8013.1396484375,101080
2025-08-29,7955.701468458686,8094.032358560638,7920.75975573397,7939.42724609375,79570
2025-09-01,7975.32570892271,8150.512913908048,7969.5818661363055,8110.78466796875,138605
2025-09-02,8117.964344437563,8177.317385635102,8031.806703989523,8114.61376953125,65922
2025-09-03,8137.110564868128,8181.625346193583,8022.712363397335,8053.34619140625,102667
2025-09-04,8113.178502519387,8154.342712030694,7917.40918054119,7939.42724609375,119181
2025-09-05,7990.642998766323,8036.593743218316,7793.916374081229,7926.50341796875,84450
2025-09-08,7983.941561784682,8039.465376003328,7913.579486869672,7946.1279296875,62155
2025-09-09,8002.608776706018,8068.184313664492,7974.368216993975,8053.82470703125,80671
2025-09-10,8532.478232074553,8903.913389041334,8443.448671255195,8868.9716796875,1529853
2025-09-11,9525.205567074214,9525.205567074214,8657.885341569769,8747.3935546875,1573471
2025-09-12,8768.932735410403,8794.780026224385,8544.92288168922,8595.66015625,368777
2025-09-15,8591.832296551021,8615.764977042807,8487.485809606836,8587.5244140625,120921
2025-09-16,8588.00152874624,8777.548324275362,8585.608261125923,8752.1796875,162517
2025-09-17,8773.720020333903,8816.798842037671,8712.931016374143,8735.427734375,115640
2025-09-18,8758.403957020606,8807.226626362397,8668.41707627299,8783.2939453125,108710
2025-09-19,8802.439463520874,8821.585606997809,8617.200525381528,8632.99609375,193760
2025-09-22,8520.033964297052,8726.33366309548,8482.220330410566,8669.8525390625,145431
2025-09-23,8709.58037589933,8818.234736491171,8649.270025967295,8715.32421875,130689
2025-09-24,8700.007311151576,8719.15345400182,8572.685461197443,8674.638671875,122602
2025-09-25,8674.638754689342,8734.94910524338,8505.19538884704,8528.6494140625,89964
2025-09-26,8508.545774460512,8528.649224197648,8137.110607888652,8151.47021484375,133987
2025-09-29,8204.600635669582,8231.40523491102,8065.791103883562,8092.595703125,108039
2025-09-30,8099.775767629492,8147.162471387636,7955.222388488486,8044.251953125,111001
2025-10-01,8041.380324750688,8381.224374189556,8019.362259575775,8351.5478515625,176760
2025-10-03,8351.547615975787,8600.447476149297,8272.091122151167,8579.38671875,209851
2025-10-06,8557.368508090429,8721.068028717284,8520.033529701848,8705.2724609375,110924
2025-10-07,8701.922342745445,8965.181819561178,8695.69984602071,8934.0693359375,204283
2025-10-08,8874.237051713233,8917.315872352618,8714.36676178485,8797.173828125,165216
2025-10-09,8826.372213207458,8981.455976606549,8792.387808265064,8913.9658203125,187532
2025-10-10,8979.541194762156,8979.541194762156,8789.037069201637,8819.6708984375,133863
2025-10-13,8797.652365836006,8878.06616330393,8688.998008543036,8804.353515625,215451
2025-10-14,8804.831941777235,8883.809776536313,8540.136531948325,8567.8984375,134209
2025-10-15,8591.352975989745,8685.647729807226,8357.770032523089,8383.138671875,152247
2025-10-16,8415.208305671556,8470.25346551185,8378.35198125675,8420.9521484375,103843
2025-10-17,8434.35397785309,8459.722615321238,8348.674994705954,8405.634765625,121533
2025-10-20,8371.651435377962,8380.267200148506,8184.9765320161905,8218.9609375,225848
2025-10-21,8251.987166764544,8299.852521560162,8233.79833194221,8252.4658203125,15929
2025-10-23,8357.769599124069,8366.864016533345,8156.735109024298,8167.744140625,209610
2025-10-24,8204.121496232852,8241.93512506613,8141.896537393279,8199.3349609375,108451
2025-10-27,8270.176792346796,8342.453484998976,8213.695668287475,8324.2646484375,203519
2025-10-28,8347.718239551241,8347.718239551241,8157.214119176161,8234.27734375,148260
2025-10-29,8252.944458127635,8334.794214672109,8242.414080092673,8289.80078125,91011
2025-10-30,8295.06722378447,8323.786440947024,8224.226488116836,8244.80859375,75010
2025-10-31,8264.911109789022,8268.261684745212,8137.110607888652,8151.47021484375,111369
2025-11-03,8223.409665994019,8234.103306652009,8078.559442535796,8172.85791015625,155670
2025-11-04,8185.495769988738,8190.356515695383,8059.116381615991,8093.1416015625,85461
2025-11-06,8093.627756403396,8124.736529234447,7971.1369633811355,7983.77490234375,76986
2025-11-07,7981.344409707175,7981.344409707175,7812.190459976475,7851.5625,91422
2025-11-10,7914.752124275744,8024.604975721198,7861.769996808689,7948.77734375,78362
2025-11-11,7948.7773570204445,8033.8404058480955,7941.000163984773,8012.453125,74067
2025-11-12,8068.837709133757,8195.217094939466,8041.131459168659,8160.2197265625,104111
2025-11-13,8147.095716767591,8175.77411586605,8055.713699301311,8072.240234375,57121
2025-11-14,8064.949072684228,8064.949072684228,7931.764643687394,7994.46826171875,71224
2025-11-17,8045.992375765081,8116.473188577619,8010.508932073252,8055.7138671875,63753
2025-11-18,8051.339095818366,8059.1162888594845,7930.306529115953,7949.74951171875,63320
2025-11-19,7960.929466358341,8138.832762529251,7937.597886532649,8100.9189453125,144973
2025-11-20,8166.0529495744995,8277.364028470485,8112.584745738,8139.31884765625,133670
2025-11-21,8098.488174951181,8138.346288530558,7923.015260290754,7941.97216796875,84765
2025-11-24,7947.319042842882,8044.533954681938,7887.045797502666,7919.61279296875,272790
2025-11-25,7971.622813968951,7993.010094689355,7835.5219366572865,7858.853515625,79913
2025-11-26,7893.850936735707,7991.065849749694,7851.076375009554,7949.74951171875,167920
2025-11-27,7970.650697534373,8045.506180362785,7888.99017081247,7923.50146484375,197830
2025-11-28,7896.281201936791,8034.812451093577,7862.255982845651,7881.212890625,91091
2025-12-01,7922.529296875,7961.9013364508555,7884.129406424474,7922.529296875,82563
2025-12-02,7922.529567663398,7968.220578115594,7840.382963765299,7873.43603515625,93379
2025-12-03,7897.739565032738,7961.901407880123,7818.509410607557,7850.59033203125,120259
2025-12-04,7865.65887246641,7995.92686021953,7834.064024690466,7963.35986328125,76182
2025-12-05,7991.065899136148,8048.422698168877,7930.792652694975,7990.09375,89963
2025-12-08,8025.090895994269,8033.840237976577,7659.562830955644,7802.46875,149195
2025-12-09,7748.514662943003,7863.228260612819,7695.046460639274,7837.46630859375,82888
2025-12-10,7839.410403430749,7890.93430613187,7613.871810474904,7650.8134765625,106562
2025-12-11,7497.700093142469,7812.6764082385025,7314.936058457116,7782.0537109375,264718
2025-12-12,7753.375517064788,7800.038676091696,7671.714988767698,7767.4716796875,96155
2025-12-15,7772.3322454380095,7786.914482296243,7712.545074319256,7745.59814453125,49684
2025-12-16,7727.613700765832,7736.849117819206,7568.181237949679,7610.4697265625,107137
2025-12-17,7582.763244529984,7642.550416265702,7453.953484286366,7497.7001953125,81864
2025-12-18,7454.439593699021,7546.793761852569,7383.958781160787,7449.0927734375,119072
2025-12-19,7504.991449539049,7625.051869748644,7427.219517419474,7605.60888671875,102445
2025-12-22,7679.978015075377,7709.628563108263,7595.887116555881,7641.578125,78936
2025-12-23,7676.089330045894,7676.089330045894,7539.016306295074,7599.28955078125,101671
2025-12-24,7602.206315957498,7632.342939460654,7547.765963822764,7565.2646484375,54134
2025-12-26,7534.155781998401,7583.249313223036,7511.310277369115,7560.40380859375,89564
2025-12-29,7563.806173738989,7573.04159031254,7412.150912110137,7476.798828125,122553
2025-12-30,7446.662210149233,7502.5607841810315,7389.305412447039,7414.09521484375,139152
2025-12-31,7446.176055912173,7500.130331139423,7399.026824407279,7472.91015625,54251
2026-01-01,7485.062274009147,7499.15843648374,7429.163698678862,7473.396484375,48035
2026-01-02,7471.938113611929,7525.406315049433,7441.801490983517,7516.1708984375,54875
2026-01-05,7519.573615092667,7527.83688280156,7417.497955159282,7463.18896484375,104098
2026-01-06,7428.191478402188,7486.520426014297,7363.5435614654325,7381.5283203125,160627
2026-01-07,7371.320632462147,7622.62117759785,7343.128308249631,7614.35791015625,123199
2026-01-08,7614.844130195816,7649.841498852404,7359.1689091768585,7382.50048828125,151580
2026-01-09,7382.500310160621,7431.593840008278,7311.533425430343,7385.90283203125,123509
2026-01-12,7387.3610451613795,7391.735716131669,7246.885499559877,7372.77880859375,85550
2026-01-13,7397.5687686341225,7490.89508465868,7370.834667689587,7481.65966796875,105308
2026-01-14,7486.034155503606,7486.034155503606,7300.839751682628,7321.2548828125,100564
2026-01-15,7321.2548828125,7321.2548828125,7321.2548828125,7321.2548828125,0
2026-01-16,7373.264886428216,7787.886479685732,7336.323220440442,7737.82080078125,381617
2026-01-19,7743.167717047295,7799.066291275822,7666.854011361393,7767.95751953125,148585
2026-01-20,7752.889263116514,7784.970184205272,7576.930271690296,7607.06689453125,167450
2026-01-21,7534.156032250806,7588.596385516103,7328.546483757768,7459.78662109375,161634
2026-01-22,7626.509769705862,7790.316894778575,7622.621173264966,7677.0615234375,326204
2026-01-23,7662.965496172553,7819.967580236222,7626.509903897707,7734.41845703125,174884
2026-01-27,7756.7778525846825,7864.200330678505,7704.281799941548,7783.02587890625,133152
2026-01-28,7824.828168998634,7848.645822140697,7714.489245258873,7789.3447265625,83252
2026-01-29,7796.635964912281,7796.635964912281,7537.072149122808,7619.21875,128041
2026-01-30,7612.413956821088,7612.413956821088,7473.882702259181,7543.87744140625,100253
2026-02-02,7631.370626207051,7631.85670076923,7424.788937281064,7519.08740234375,99623
2026-02-03,7699.42133696416,7792.261581620735,7588.11025829214,7608.525390625,87430
2026-02-04,7475.8270786134435,7475.8270786134435,7257.57959107785,7308.13134765625,217399
2026-02-05,7288.2020047154965,7331.948715428075,7203.625030671179,7242.9970703125,92851
2026-02-06,7145.296232920911,7193.903690287721,6946.005657716994,7061.69140625,266523
2026-02-09,7191.9592488844655,7192.931398012458,7050.5115507616365,7067.0380859375,78522
2026-02-10,7096.202704188285,7164.253144532579,7053.914216260045,7137.51904296875,125045
2026-02-11,7145.296087525978,7173.974486788838,6999.473718392795,7016.486328125,74734
2026-02-12,6965.448499394196,6984.405407382778,6544.021852571114,6575.61669921875,370703
2026-02-13,6462.847486796769,6524.092882655403,6221.7544999246875,6454.09814453125,437097
2026-02-16,6454.098296285476,6570.270121320288,6424.93382138134,6512.42724609375,155949
2026-02-17,6511.454916767486,6719.494831994157,6486.6651137848685,6654.36083984375,215007
2026-02-18,6685.955420129128,6685.955420129128,6488.123078726543,6527.4951171875,151155
2026-02-19,6562.006452036277,6610.127832684543,6440.487814035605,6466.73583984375,140373
2026-02-20,6464.791606634597,6507.566167640901,6409.379107149158,6457.50048828125,91354
2026-02-23,6459.93088179223,6512.426934104763,6383.617176115678,6483.74853515625,123441
2026-02-24,6421.0450069875515,6461.389195903522,6221.2683606687115,6274.25048828125,212873
2026-02-25,6337.440227861629,6484.234747635691,6337.440227861629,6427.85009765625,148595
2026-02-26,6465.763880604285,6688.386031958726,6446.320897953242,6665.54052734375,254463
2026-02-27,6711.717811756167,6790.461893846586,6644.63951960507,6738.93798828125,257521
2026-03-02,6566.8674732814325,6786.087105439088,6566.8674732814325,6657.27734375,106501
2026-03-04,6610.127810475977,6698.5933786432415,6582.9076356552805,6641.72265625,122604
2026-03-05,6669.42932881339,6694.219132455216,6551.313205578812,6600.40673828125,102857
2026-03-06,6572.700362409641,6721.439181437695,6503.677773187472,6530.89794921875,91716
2026-03-09,6464.791946723696,6544.508178247206,6386.533938947568,6525.55126953125,94042
2026-03-10,6581.93582124699,6649.986261759106,6536.73088576394,6633.94580078125,103676
2026-03-11,6731.160599671489,6800.669262709691,6557.145904792633,6602.8369140625,183088
2026-03-12,6606.725381201452,6606.725381201452,6481.318145448806,6508.05224609375,82424
2026-03-13,6491.039633383533,6499.788975408463,6318.969240226594,6344.2451171875,96014
2026-03-16,6334.523960952117,6343.27330343962,6141.066277061774,6235.36474609375,124430
2026-03-17,6270.361959589962,6270.361959589962,6060.863819699785,6126.48388671875,163871
2026-03-18,6139.121722010885,6480.3460647544825,6138.635647448572,6410.83740234375,321179
2026-03-19,6319.941597774938,6357.36933989374,6163.425585278127,6191.1318359375,113659
2026-03-20,6270.361825311075,6489.095377356811,6260.640334109043,6396.7412109375,200334
2026-03-23,6309.247686251455,6352.994395940409,6222.726415977744,6265.5009765625,118364
2026-03-24,6425.905921202028,6489.095616342442,6287.860741049126,6421.53125,167921
2026-03-25,6410.8372431103435,6522.148315115216,6371.951279091174,6415.2119140625,168716
2026-03-27,6610.614097137253,6865.317169703424,6610.614097137253,6753.52001953125,980855
2026-03-30,6620.821498600517,6670.401103097783,6494.928189141774,6543.53564453125,272945
2026-04-01,6756.436235704135,6827.403119906495,6645.611238456614,6691.30224609375,155077
2026-04-02,6610.614218358955,6824.0009567309835,6518.260049131882,6797.7529296875,157651
2026-04-06,6804.557703055971,6857.539829610232,6749.631278279535,6821.5703125,97867
2026-04-07,6793.864422756786,7009.1954622703615,6749.631635858963,6991.69677734375,153224
2026-04-08,7088.911464408513,7130.7138770483325,6945.03339299704,6980.03076171875,172022
2026-04-09,6987.80792886214,7044.678652824082,6888.162643287798,7016.486328125,136188
2026-04-10,7076.759764716226,7076.759764716226,6895.453947542027,7051.48388671875,151932
2026-04-13,6999.959770825064,7010.653411194355,6879.899353951667,6964.96240234375,68906
2026-04-15,7094.744588348318,7354.794489332584,7062.177591402625,7332.43505859375,191551
2026-04-16,7436.940850151909,7574.499952151451,7378.611902307581,7559.431640625,211647
2026-04-17,7577.902403926044,7796.635956316469,7501.1026233089615,7769.90185546875,175320
2026-04-20,7838.924673955595,7947.319304221118,7696.990898002532,7857.3955078125,271398
2026-04-21,7903.572422864983,7940.028015221372,7665.39588613658,7710.11474609375,215428
2026-04-22,7658.590862552298,7940.514110856457,7618.732748136882,7900.169921875,439033
2026-04-23,8195.217489682862,8652.127598834812,8030.9242802218405,8546.6494140625,2646355
2026-04-24,8574.35545565496,8762.46631514127,8508.735388392295,8699.7626953125,590278
2026-04-27,8797.94921353332,9225.694810655383,8759.063250158588,9099.3154296875,843945
2026-04-28,9138.201451475967,9356.448922311749,9118.758469664315,9303.466796875,591393
2026-04-29,9318.535379373565,9536.782856570306,9308.327813624943,9418.1806640625,473232
2026-04-30,9444.428683577886,9551.365086582886,9343.32517528225,9455.6083984375,360954
2026-05-01,9455.6083984375,9455.6083984375,9455.6083984375,9455.6083984375,0
2026-05-04,9610.179927224515,9622.33179097347,9376.378068694597,9459.0107421875,347883
2026-05-05,9497.896760834643,9585.39018033056,9385.613539148215,9436.6513671875,245385
2026-05-06,9521.228841095466,9530.95033266285,9381.239362525142,9424.5,250721
2026-05-07,9475.0,9547.5,9410.0,9498.5,310150
2026-05-08,9500.5,9580.0,9301.0,9345.5,198264
2026-05-11,9395.0,9401.5,9190.0,9239.5,126412
2026-05-12,9201.0,9235.0,8985.0,9010.5,165795
2026-05-13,9000.0,9090.0,8910.0,8928.5,115580
2026-05-14,8930.0,8960.0,8646.5,8904.5,169127
2026-05-15,8904.0,9200.0,8904.0,9015.0,309380
2026-05-18,9015.0,9464.5,8949.5,9408.5,332444
2026-05-19,9465.0,9999.0,9465.0,9646.0,446973
2026-05-20,9640.0,9915.0,9597.5,9703.5,306099
2026-05-21,9808.0,9819.5,9652.0,9730.5,136752
2026-05-22,9770.0,9770.0,9454.5,9525.0,200614
2026-05-25,9530.0,9837.5,9500.0,9703.0,184137
2026-05-26,9711.5,9917.0,9594.0,9882.0,259841
2026-05-27,9950.0,10380.5,9911.0,10299.5,450281
2026-05-28,10299.5,10299.5,10299.5,10299.5,0
2026-05-29,10345.5,10584.5,9900.0,9964.0,682054
2026-06-01,10069.0,10291.0,10063.0,10191.0,362417
2026-06-02,10290.0,10475.5,10176.5,10344.5,528415
2026-06-03,10300.0,10300.5,9933.5,9997.5,235347
2026-06-04,9875.0,10209.0,9775.0,10098.0,277226
2026-06-05,10175.0,10198.0,9908.5,9936.5,197221
2026-06-08,9800.0,10000.0,9689.0,9756.0,160714
2026-06-09,9841.0,9862.0,9434.0,9639.5,252133
2026-06-10,9701.5,9757.0,9440.0,9470.0,147749
2026-06-11,9349.5,9439.0,9050.0,9265.5,385982
2026-06-12,9350.0,9409.0,9226.5,9327.5,149536
2026-06-15,9500.0,9517.0,9350.5,9373.0,111550
2026-06-16,9425.0,9580.5,9357.0,9500.5,257188
2026-06-17,9545.0,9609.0,9380.0,9444.5,151082
2026-06-18,9480.0,9482.5,9306.5,9399.5,116249
2026-06-19,9200.0,9695.0,9127.5,9638.5,254329
2026-06-22,9700.0,9849.5,9668.0,9731.5,253004
2026-06-23,9720.0,9925.0,9614.0,9862.5,262646
2026-06-24,9903.0,10510.0,9874.5,10468.5,743926
2026-06-25,10504.0,11035.0,10411.0,10974.5,1072182
2026-06-26,10974.5,10974.5,10974.5,10974.5,0
2026-06-29,10974.5,11055.0,10770.0,10874.5,468469
2026-06-30,10874.5,10950.0,10710.0,10775.5,264308
2026-07-01,10665.0,11130.0,10550.0,10863.0,310310
2026-07-02,10971.0,11275.0,10952.0,10986.0,356692
2026-07-03,11000.0,11279.0,10936.0,11248.0,307902
2026-07-06,11260.0,11360.0,11043.0,11071.0,121818
2026-07-07,11159.0,11230.0,11045.0,11097.0,153695
2026-07-08,11101.0,11192.0,10932.0,11002.0,156666
2026-07-09,11003.0,11245.0,10780.0,11134.0,268180
2026-07-10,11340.0,11685.0,11249.0,11651.0,462353
2026-07-13,11625.0,11958.0,11549.0,11746.0,475460
2026-07-14,11740.0,11886.0,11607.0,11646.0,243706
2026-07-15,11650.0,11800.0,11553.0,11625.0,247577
2026-07-16,11670.0,11825.0,11635.0,11681.0,254721
2026-07-17,11709.0,11850.0,11337.0,11771.0,299599
2026-07-20,11800.0,11979.0,11544.0,11620.0,395465
2026-07-21,11615.0,11731.0,11577.0,11632.0,184454
2026-07-22,11632.0,11642.0,10737.0,10851.0,407161
2026-07-23,11299.0,11395.0,9937.0,10843.0,3404237
2026-07-24,10688.0,10930.0,10549.0,10652.0,452845
2026-07-27,10760.0,11189.0,10665.0,11089.0,460067
2026-07-28,11181.0,11475.0,11170.0,11334.0,469607
2026-07-29,11401.0,11695.0,11368.0,11427.0,337103
2026-07-30,11424.0,11497.0,11082.0,11136.0,221089
2026-07-31,11100.0,11270.0,10882.0,11186.0,294348
2026-08-03,11186.0,11484.0,11160.0,11332.0,164111
2026-08-04,11425.0,11685.0,11425.0,11600.0,257150
