date,open,high,low,close,volume
2021-08-06,85.92569410565756,88.12757526502052,85.37522681563856,87.73438262939453,1279092
2021-08-09,87.5508963873276,87.97030146944691,82.4656045169428,86.76451110839844,676645
2021-08-10,86.79072863186143,87.02664062956455,83.35684444627644,84.2742919921875,453799
2021-08-11,84.87720073003284,86.47618402237737,83.77625993866988,85.71601104736328,953431
2021-08-12,85.97813281533818,89.64792908197025,85.29659725165205,86.2402572631836,4996633
2021-08-13,86.29269038901079,88.15380414456851,85.97814102157395,87.21014404296875,836350
2021-08-16,87.02663780644959,87.65574844587091,85.16553033081196,85.4800796508789,650596
2021-08-17,85.40144850393729,87.94409768940588,84.35293269553698,87.49847412109375,1740600
2021-08-18,88.07516952545049,89.17611034444758,84.56264748368538,85.74222564697266,1286482
2021-08-20,84.92962513118397,88.59942174808198,84.71991955324812,87.21014404296875,918223
2021-08-23,87.65575848423643,90.17218933081676,87.26256578948048,88.15380096435547,2251516
2021-08-24,89.12366815451786,89.96247833013842,88.6518321810431,89.70034790039062,1553652
2021-08-25,90.17216654139357,92.79345251049763,89.88382970451714,92.29541015625,2733174
2021-08-26,92.58378627570451,95.51962876669897,92.00710635762798,94.18276977539062,7055380
2021-08-27,93.60607970041451,95.67689309012864,91.77117834264232,92.55756378173828,1539042
2021-08-30,92.79347605890068,93.8944168052911,90.95857481491666,91.24691772460938,1331863
2021-08-31,91.16828931027966,98.03605292496681,90.80130902555791,95.4147720336914,3037926
2021-09-01,95.30991663143755,95.30991663143755,93.37016540409161,94.1041259765625,1131028
2021-09-02,93.5536554375304,94.57595291548647,93.50123054118852,93.97306060791016,426120
2021-09-03,94.78564990920928,95.93901552312477,93.84198986129854,94.3138198852539,1296975
2021-09-06,92.4527065515211,94.10411464083036,91.7973834051166,92.37406921386719,1083849
2021-09-07,92.79346893403219,94.89049448068268,92.5575509351898,94.60215759277344,1007589
2021-09-08,94.8904984284549,100.13307151265616,94.8904984284549,99.42532348632812,4855351
2021-09-09,99.08456414569004,104.24849433428264,98.14090402987469,102.17768096923828,5485960
2021-09-13,103.17375522805756,103.59316634653803,99.6088087181262,101.36506652832031,1720293
2021-09-14,101.91556096644346,105.21837751643314,101.88934251796653,104.01258087158203,1975723
2021-09-15,104.82517999592375,109.54349256588921,104.58926196756761,107.91829681396484,4761853
2021-09-16,110.10993638275363,112.64483897553026,110.10993638275363,111.69425201416016,2937583
2021-09-17,111.95828479463529,113.54260020251866,104.3007683814439,105.5154037475586,4216492
2021-09-20,105.46259484066513,107.654227948249,102.08272516814533,103.05972290039062,1578387
2021-09-21,105.04011607656243,111.35096679243912,104.72324574347354,110.32115936279297,5146116
2021-09-22,110.90205387160995,116.07748869305523,110.47956421609081,114.59879302978516,4230993
2021-09-23,116.71125190907706,117.60902918926011,112.40719347476224,112.935302734375,2566795
2021-09-24,114.22911307028532,115.89264871330532,113.3577470422843,114.59879302978516,2508634
2021-09-27,115.9718751574929,116.68482429511222,114.65162046536793,115.81344604492188,1475445
2021-09-28,116.4735753002009,124.05188201925901,115.28533892870367,123.18050384521484,8120884
2021-09-29,122.73164152595302,139.9478731807322,120.93608718277768,134.37635803222656,15627004
2021-09-30,135.69661500134802,140.84563999723352,134.37634815276783,137.41294860839844,10643524
2021-10-01,137.8354582593392,141.42657928771095,130.943687763846,132.05270385742188,7403329
2021-10-04,131.99984791780628,132.02625880953252,126.77161548092077,127.59017181396484,2417551
2021-10-05,129.06890531108036,133.0560929275555,127.82785895820051,128.3031463623047,6779473
2021-10-06,130.07227689296215,135.16849164659695,128.91045137464658,131.26051330566406,7200660
2021-10-07,132.50157995869037,133.0032782435056,127.4845850231701,128.03909301757812,1963777
2021-10-08,130.3627390121476,131.47175485217684,126.26992058728209,126.61318969726562,2362923
2021-10-11,127.5901855113765,128.646391633887,125.71541088058011,126.42835998535156,1463887
2021-10-12,126.42839810684465,127.03571590385805,123.81427477585407,124.07832336425781,1501021
2021-10-13,124.15755178687009,124.36879067086792,120.93611045642176,121.30577850341797,1612519
2021-10-14,121.46417406663339,128.3295446837767,121.43777525712134,124.2103271484375,3108204
2021-10-18,127.27331231420308,127.56377168334876,123.91984225434875,124.3951416015625,2281527
2021-10-19,124.63282361096687,126.1907404030647,122.73164971920116,123.31256866455078,1052953
2021-10-20,122.99569908057491,123.33896826981521,118.87648089706023,120.59282684326172,1112676
2021-10-21,122.52036830632872,123.60298520577162,111.45656172349507,114.59879302978516,18572023
2021-10-22,116.71124598590272,117.23935521871357,109.68744516520448,110.61163330078125,2133114
2021-10-25,111.1925527274075,120.64563671999093,111.1925527274075,118.92929077148438,5263405
2021-10-26,119.32536869770911,119.93268645629065,114.17634298177087,116.44719696044922,3418975
2021-10-27,115.54941738516325,118.63882791710365,114.67803898519618,117.31857299804688,2010363
2021-10-28,114.62522826815037,118.16353946293246,113.54261102459371,115.25895690917969,1744074
2021-10-29,115.12690145910929,119.87984709853167,114.59880444630623,118.85005187988281,3636811
2021-11-01,115.65502820929194,120.32875396636422,115.65502820929194,119.00849914550781,1455162
2021-11-02,119.29897589742666,120.35518232481064,116.18315424490604,116.68485260009766,2091690
2021-11-03,116.68483150375968,116.97529093843403,114.12351838651068,114.70443725585938,1890732
2021-11-04,115.5757994340296,116.94887595455994,115.5757994340296,116.31514739990234,126199
2021-11-08,116.7112289417521,118.24273461461519,115.15332445915652,117.37136840820312,796320
2021-11-09,118.00510759854133,120.93610128489779,115.8398850270285,117.10733032226562,1652910
2021-11-10,117.3449590845066,119.45738364821327,116.18313343125664,117.21292877197266,1089075
2021-11-11,115.86626367225406,118.79724476102633,114.12351914006791,114.41397857666016,1819812
2021-11-12,117.82026732137224,118.24274501318224,116.6848403935806,117.18653869628906,3040726
2021-11-15,117.18652247271984,119.35175660559067,116.31514422294505,117.13371276855469,833911
2021-11-16,117.7674768827483,118.29557408393484,116.28878054468572,117.7410659790039,667278
2021-11-17,116.5000018887388,118.40117570157219,115.23254462193765,116.18314361572266,868194
2021-11-18,115.81345681233157,116.05110654696611,112.09031792761574,112.48639678955078,1381053
2021-11-22,112.69765345379946,113.51622220539431,102.50522084932923,103.21817016601562,3012022
2021-11-23,105.34221770339059,107.54692063481018,103.191275106053,106.09504699707031,1360119
2021-11-24,107.54690859033596,110.289362248666,107.06295486787825,109.13323211669922,1488378
2021-11-25,110.07424838508017,112.17141789588544,108.72992031609171,109.40208435058594,1038628
2021-11-26,109.02568422919049,110.71954067880294,105.93370235827649,106.76719665527344,2082150
2021-11-29,103.352586790122,110.20870282808902,102.16957027919425,109.2945556640625,2117889
2021-11-30,109.29454092783382,115.12896373790977,109.24076829648057,113.81151580810547,2837955
2021-12-01,114.53747565160585,118.5973778326474,114.02662939654297,115.26341247558594,2106036
2021-12-02,115.07520914846016,118.24784412678476,113.86530629166946,117.62944030761719,1569256
2021-12-03,117.22614455236344,118.30162201125783,115.18275953444801,116.12378692626953,920677
2021-12-06,116.25819436941842,116.87658574697765,114.86008142209698,115.47848510742188,809310
2021-12-07,116.87659092145947,116.93036355198592,114.26858757151105,114.69876861572266,480489
2021-12-08,116.25820218879149,117.03792381099673,113.27377804879279,114.48368072509766,732183
2021-12-09,115.29026817160836,116.09686985550125,112.38649718648797,112.6553726196289,1369906
2021-12-10,112.38653957994576,112.6016424691507,109.8860808013358,110.26248931884766,831831
2021-12-13,111.25727527370114,112.27896760043161,108.89124251701126,109.67095184326172,617052
2021-12-14,108.29973652486518,109.10633836056729,107.00918097240216,107.52002716064453,967341
2021-12-15,107.22428472802368,109.5903178915357,107.03607432775928,107.68135833740234,1357629
2021-12-16,108.24594999570154,108.81056874666761,104.85822518213939,105.42284393310547,1438489
2021-12-17,105.28842364187099,105.85304242032366,100.15305123546993,102.1695556640625,1771705
2021-12-20,102.16955345195295,102.16955345195295,91.19977082869669,92.70542907714844,2523924
2021-12-21,93.40449574189749,100.77145758929427,92.70543917130256,98.51296997070312,2360146
2021-12-22,99.58845065559542,99.58845065559542,96.98043450262811,97.51817321777344,974334
2021-12-23,98.88937616106081,98.9162624765746,95.58231012180048,96.84598541259766,974952
2021-12-24,97.32995329593274,97.89457827618884,94.72194355208737,95.09835815429688,690858
2021-12-27,94.6412999477566,94.9101631687363,93.08186865053557,94.23799896240234,604063
2021-12-28,96.76532489708468,101.739367033082,95.98560945206117,100.55635070800781,2583492
2021-12-29,100.55635330535802,102.92238601662055,98.51296253724642,99.48088836669922,1950705
2021-12-30,100.44879903103936,113.62329565573725,100.39502640431866,108.40726470947266,10223898
2021-12-31,107.33179931528477,108.78368484480708,104.34737547045654,106.95539093017578,2917389
2022-01-03,106.95541448398913,108.94502671610697,105.63795407656225,106.90164184570312,1453468
2022-01-04,107.00917967438009,108.8912464989331,104.83134489818774,105.90682220458984,1754956
2022-01-05,106.95540674019038,106.98228690350321,104.3473908949575,104.83134460449219,1272301
2022-01-06,103.9978570858802,107.00917368277042,102.92238599357894,106.3907699584961,1985919
2022-01-07,107.38560533924186,116.12378908557311,107.0629694802355,115.10209655761719,12276793
2022-01-10,115.10208408921089,118.83933776949176,114.5374652432274,115.61293029785156,3578881
2022-01-11,116.20443662876283,117.01103846205261,113.83840376392834,114.53746032714844,1777650
2022-01-12,116.6884276860239,119.64596017074669,115.93559832625795,118.624267578125,3962623
2022-01-13,119.37707585973288,120.96338711514495,118.83933718119891,119.32330322265625,2211009
2022-01-14,118.62424606445411,119.56528567043726,117.1992527271004,117.65632629394531,1128556
2022-01-17,119.37705463862446,123.59827359147545,119.37705463862446,120.80204772949219,2851819
2022-01-18,121.71619867456258,123.5445049930876,118.86621239988114,120.47941589355469,1692360
2022-01-19,121.7968750047705,124.13601536321225,120.47942700447415,120.9365005493164,2713231
2022-01-20,120.93649022329882,122.25393811110645,119.72658759476944,120.29120635986328,1039512
2022-01-21,119.75347248576136,122.0119599431091,117.44122470441707,118.91999053955078,3475147
2022-01-24,119.37706686193421,121.79687227129774,115.96244927998343,116.84971618652344,1819399
2022-01-25,116.09688293001545,121.52800482860303,114.45678691110645,120.88272094726562,1145179
2022-01-27,121.25914429966916,126.85158478042422,120.18367923682821,123.59829711914062,6060852
2022-01-28,124.32425216660448,127.71197807437639,123.62519546523144,123.97472381591797,1358328
2022-01-31,125.29215202007246,129.4327066114166,124.48555015662185,128.8680877685547,2706246
2022-02-01,129.51338422558763,129.51338422558763,125.02330090603918,125.69546508789062,1398988
2022-02-02,125.82989835784394,127.71196538453846,124.27046717306217,125.56103515625,781615
2022-02-03,125.56101388332752,129.91665855004533,123.67893486773202,124.32421875,1956258
2022-02-04,125.82989135742187,129.5671450366173,120.45254147032742,120.99028015136719,2167284
2022-02-07,120.99026638400949,126.36761565922092,120.96337391452207,124.32421875,1928730
2022-02-08,123.75960606891768,126.23318414973657,119.13508571043441,123.7058334350586,1454529
2022-02-09,124.2166839137326,126.36762626591018,122.84546324117345,124.83507537841797,1201009
2022-02-10,124.83506087162817,125.58788999201745,123.46384035841534,123.7864761352539,555013
2022-02-11,122.60346492340996,125.50723612101811,122.06572632554322,123.24874877929688,2641404
2022-02-14,123.84026779735808,126.74402686988509,120.99026904945754,121.39356994628906,2791315
2022-02-15,124.21669751529265,124.21669751529265,120.53321618005405,120.82897186279297,2271429
2022-02-16,120.99027621246692,125.23837596185558,120.99027621246692,124.24357604980469,3440313
2022-02-17,123.73273613367299,126.90537134026223,123.73273613367299,124.70066833496094,2087283
2022-02-18,124.70066167809755,125.6416890456707,122.95302008325396,123.6520767211914,421839
2022-02-21,124.10914147600107,124.40489713310795,120.99027930185099,121.1784896850586,1005553
2022-02-22,122.36488919506374,124.29624880750055,119.27473654922693,121.67512512207031,1863304
2022-02-23,122.99948527745357,124.40661004877674,120.13004248413466,121.67512512207031,865182
2022-02-24,121.67514499076259,124.93085266018225,118.8608949885691,120.70946502685547,5407695
2022-02-25,123.05467337047133,125.59301996406592,120.01968853094152,122.47525787353516,3441766
2022-02-28,124.43421701101802,124.54457827266368,121.95105073387994,123.02709197998047,1574298
2022-03-02,128.24170028542144,136.0222802684868,125.95167330622621,134.9186553955078,10201273
2022-03-03,139.19523233651776,145.07205004907172,134.36684633034312,135.36012268066406,11729347
2022-03-04,138.50547875637147,142.20264380264848,133.37360482187117,135.00146484375,5783146
2022-03-07,138.5054554913244,142.03707806844272,135.3601224865957,137.51219177246094,10182055
2022-03-08,139.7194560578284,140.18849761512337,133.62190318296047,135.6912078857422,3595293
2022-03-09,138.25715984642494,139.19524302260433,133.84263443730094,134.31167602539062,2794843
2022-03-10,132.90452625113812,132.9873034811205,129.09700101252508,129.81436157226562,5077252
2022-03-11,130.20063611520266,131.46980275174408,129.26255313253333,130.11785888671875,1940230
2022-03-14,129.67641949984574,132.35271072359095,127.08289287805336,127.52433776855469,1815441
2022-03-15,124.71007957022543,127.33118999073997,123.16499730653716,125.84130096435547,1960566
2022-03-16,125.81371675291008,130.72486706465304,125.28949461711065,129.29014587402344,3188728
2022-03-17,131.88368159855924,132.10441669457308,119.79894976566851,121.34403228759766,7035867
2022-03-21,123.05465276072536,130.1178724886052,122.6683758274633,128.6831512451172,5468931
2022-03-22,131.3318676387142,134.33925526431668,126.36553666872119,127.11048126220703,4651033
2022-03-23,129.67643630236847,129.67643630236847,126.03445233366911,126.6966323852539,1951482
2022-03-24,129.67643718259373,131.80092258290824,128.32449307603304,129.92474365234375,4797007
2022-03-25,129.6764300963694,130.61451319537264,128.02098636164993,129.48329162597656,1725987
2022-03-28,130.00752518971325,131.8836915522127,128.296900689193,128.90390014648438,1488804
2022-03-29,128.8487240101054,129.6764459788426,125.92410049321758,127.93822479248047,1596390
2022-03-30,127.80025507113237,127.8830323123448,123.63406161747096,125.64818572998047,2321788
2022-03-31,126.31036273268386,132.2975416787645,125.9516824127767,131.55259704589844,2857077
2022-04-01,131.60774963116341,133.29078963995786,129.81434841360064,131.80088806152344,5540295
2022-04-04,131.80090652228304,134.8634746996729,130.36618534727788,130.86282348632812,1616121
2022-04-05,132.49065834856376,132.90451921650595,130.78003426973805,131.27667236328125,1055466
2022-04-06,131.55261326398113,133.48396032694313,130.4489881751507,130.91802978515625,1677609
2022-04-07,131.05595642968714,134.4496210940547,130.80764997671216,131.3042755126953,2011119
2022-04-08,132.60102579104623,132.60102579104623,129.29013869199375,129.64881896972656,1198552
2022-04-11,129.676413240933,131.60775980372338,129.37291357834573,129.9523162841797,1325077
2022-04-12,130.20064612265585,131.3318676387142,126.36553666872119,127.11048126220703,2085355
2022-04-13,129.62123738637862,132.07680613641608,127.74505873339358,128.54519653320312,2405629
2022-04-18,131.33189492952403,132.43552005328962,129.34535455070343,130.14549255371094,1792702
2022-04-19,131.33188333983577,138.5054649563159,130.53174540743828,132.62864685058594,7784535
2022-04-20,134.64276034760184,137.3190517710992,132.32513660939074,133.3735809326172,4131634
2022-04-21,135.19455425149644,135.63601176497758,131.63536067357634,132.43548583984375,2496123
2022-04-22,131.55261860262013,136.51895064895217,130.83525784525634,131.82852172851562,3307284
2022-04-25,129.67641799705183,131.82848707337064,126.94493356361622,128.54519653320312,2299216
2022-04-26,129.5660647895666,133.2632164534737,128.9038847904993,129.70401000976562,3062542
2022-04-27,130.22822275304904,132.43548504717938,126.97251623697042,127.46915435791016,2171302
2022-04-28,127.96581016398409,130.72487894043186,125.8137281825325,126.61385345458984,2257783
2022-04-29,128.24168484053544,129.53844801486966,125.31706222882634,126.06201934814453,1858759
2022-05-02,126.06206765179999,126.64147054659423,120.90259696522548,121.23368072509766,2121942
2022-05-04,121.95101377066236,124.4341792951557,121.95101377066236,122.39247131347656,1822000
2022-05-05,124.65491602772686,127.46916527397008,123.77201356047213,125.17913818359375,2437642
2022-05-06,124.95839703472993,129.04182548403045,122.86150851294542,126.8621597290039,3997549
2022-05-09,126.0344494530628,131.6353768242551,124.21346382535003,130.448974609375,2532270
2022-05-10,128.9590483721279,129.15218681093705,118.00552741727526,118.77806854248047,3121825
2022-05-11,118.47459860492282,123.71683334574882,116.29493251463182,121.67512512207031,2856928
2022-05-12,121.675126608277,124.68251467490781,119.2471413804406,123.10984802246094,2127274
2022-05-13,124.98601401614498,124.98601401614498,120.76462703378452,121.64752960205078,1507200
2022-05-16,121.67512051240757,124.04792500005543,121.45439803821726,122.88910675048828,921484
2022-05-17,124.71007033258464,136.8499798536999,123.19257216992237,133.29078674316406,7331388
2022-05-18,133.95297067218115,135.5256496339872,129.40050087700882,131.71812438964844,3344758
2022-05-19,128.40724364059554,133.9253933308213,126.39311969831493,133.09767150878906,1938445
2022-05-20,132.9873183821559,133.26322146295834,130.6145139971547,132.1044158935547,1276869
2022-05-23,132.9597250519341,132.98732167571453,127.46917151276953,128.158935546875,1448442
2022-05-24,128.15895811182952,130.75248548234637,125.2619309764596,126.08965301513672,578194
2022-05-25,126.06204189007931,128.26929176489753,125.01359756803899,126.25518035888672,930607
2022-05-26,126.8621450722436,127.30360254847734,123.74439664082857,125.67574310302734,626923
2022-05-27,127.63469764140278,127.74505886286101,118.94361883622899,120.29556274414062,1644639
2022-05-30,124.7101041715403,126.6966316852856,121.04053622890012,124.07550811767578,3012345
2022-05-31,125.53782519532338,132.7665871636616,125.09636762311749,131.58018493652344,4710492
2022-06-01,132.65624953215732,138.50548446695097,132.02166599985418,135.11183166503906,5278413
2022-06-02,134.64277586202684,139.33319186430748,132.49069372213236,138.14678955078125,4939719
2022-06-03,139.60908097302791,141.98188514747088,136.68445805591406,138.4778594970703,3733668
2022-06-06,140.79550001082754,156.99125765223187,139.94018148821615,153.90109252929688,22198860
2022-06-07,153.95629404256482,166.2065823310986,151.39035075650784,157.9845428466797,45523128
2022-06-08,154.50809105505238,158.31560418857063,153.01818912018274,154.53567504882812,13205109
2022-06-09,155.74967109442227,168.85526330072557,155.6393098612367,164.05447387695312,43253601
2022-06-10,164.0544611044254,168.85525015443045,161.18503137490126,165.65472412109375,15890632
2022-06-13,164.16483705730292,164.16483705730292,155.3358119974026,157.0740203857422,6252267
2022-06-14,157.07404304158572,159.1985286871187,145.67907343099643,147.96910095214844,6056685
2022-06-15,150.01079348534614,152.7146814970502,145.15482360920427,149.5693359375,6680494
2022-06-16,151.7490236254402,152.85266133881225,141.01623464164,146.1757049560547,8476426
2022-06-17,144.35470228302677,146.20328466316283,138.6158292839739,140.51959228515625,6320850
2022-06-20,135.74637451663835,137.34663749725127,120.57147913637449,125.26189422607422,11749905
2022-06-21,128.02100714042137,129.62127051905387,123.68925863015453,127.08292388916016,7174588
2022-06-22,123.99273105300762,131.82849171477082,121.53714958648217,124.13067626953125,12414661
2022-06-23,122.50280407995733,133.9253653647702,121.95098543715471,130.8076171875,7741501
2022-06-24,130.8076301274468,134.22887826519872,128.8486870132436,132.7113800048828,6081807
2022-06-27,132.79417999971906,134.36684650639876,126.91734964943149,128.8487091064453,4557477
2022-06-28,130.6145160455291,139.55391493408865,130.6145160455291,137.76051330566406,11537794
2022-06-29,136.850013029038,145.37555090320322,134.72552771632112,144.3546905517578,15318826
2022-06-30,143.4717876137596,145.12723136557233,136.46374829176796,138.7813720703125,6881841
2022-07-01,135.47050051880817,137.6501666980204,115.9086728987524,118.00556182861328,24735901
2022-07-04,117.06745986848391,118.06072355151652,108.0177002330134,111.27340698242188,20031193
2022-07-05,110.91472998727942,112.21149340134737,104.51367752547728,105.17585754394531,15170679
2022-07-06,102.63750424719028,102.8858233157303,94.93968890264452,96.12609100341797,21860200
2022-07-07,96.01574209249212,99.21626851291308,95.0224783209904,97.42286682128906,10626639
2022-07-08,99.57494427110764,104.18259520838826,98.69203546314071,101.64424896240234,10501758
2022-07-11,102.0856949645158,103.63077109029634,100.26470314071467,102.96859741210938,3439675
2022-07-12,102.08568929052159,104.7343964860853,100.0163848205449,101.23037719726562,3803286
2022-07-13,98.58167607000544,103.18932709327397,98.25058605021616,102.33401489257812,4979251
2022-07-14,103.13414248777984,105.72766929831087,97.67117947505949,98.22299194335938,7603587
2022-07-15,100.09915764424893,101.25796943252625,96.56754166783465,100.56819915771484,4581337
2022-07-18,100.59578912470268,102.30641333805808,100.56819881900445,101.83737182617188,1918380
2022-07-19,103.18931986649955,104.48608323109113,102.11328527131457,102.96859741210938,3240780
2022-07-20,108.98336901918529,112.01834037866016,108.15564726114093,108.95577239990234,11374125
2022-07-21,109.01097409999772,111.63209771761996,108.21084880642721,110.77677917480469,3265905
2022-07-22,111.6872620747297,111.6872620747297,107.32793064165854,107.90733337402344,2506570
2022-07-25,107.60385144918709,107.60385144918709,102.554748913421,102.9134292602539,3663579
2022-07-26,104.56885341952271,104.8447564689171,101.257966306662,101.78218841552734,2712346
2022-07-27,101.61665538657944,103.74114707303515,100.45784977671607,103.13414764404297,2073843
2022-07-28,103.41004863590615,104.01704170049558,101.69942435431655,102.96859741210938,2220571
2022-07-29,103.18932102292827,105.39658348166513,102.66509887286028,104.84476470947266,3472143
2022-08-01,104.78959639143305,107.3279491483364,103.90669383034373,106.96926879882812,2805853
2022-08-02,104.76200383999027,106.1967252073314,104.29296225913401,105.09309387207031,2116801
2022-08-03,104.84477194594609,105.83804201543896,104.0722306635684,104.48609161376953,1151683
2022-08-04,104.01705542655414,105.20345772050791,102.63752095952329,103.71356201171875,1121965
2022-08-05,103.71354575215726,113.12198538245514,102.9134142448145,109.14891815185547,8247049
2022-08-08,107.05202356137191,110.91472980437106,105.28621860172467,109.231689453125,4746675
2022-08-10,109.03856850461877,109.81110978787231,102.44437728792009,103.13414764404297,5578528
2022-08-11,104.62405488625946,105.45177682948142,102.80306282216078,103.71356201171875,4645230
2022-08-12,104.67923012912158,107.38312461840566,104.29295948779529,105.03791046142578,6044196
2022-08-16,105.39658912111216,106.5278044030999,104.84477031939356,105.23104095458984,2474089
2022-08-17,104.89995018671183,105.67249145158209,104.34813770395458,105.06549835205078,2304267
2022-08-18,104.7344177792276,107.10721608952669,104.62405653572935,105.7552719116211,3781854
2022-08-19,107.10720351689724,107.16238413216907,103.74114178019967,104.45849609375,4304578
2022-08-22,103.74113242780638,103.96185486899527,101.5614604309698,101.9477310180664,2693395
2022-08-23,101.78218847478445,103.4376320321786,101.64423695000694,102.05809783935547,2173494
2022-08-24,103.18933201708474,106.16912970733952,102.91342891660932,105.3414077758789,4489089
2022-08-25,106.5002228740846,107.02444506433328,105.01032091598974,105.47936248779297,1889799
2022-08-26,105.3965867292524,106.3898567607946,105.14826764261268,105.53453826904297,1271767
2022-08-29,102.6650949122223,105.12067004019916,102.6650949122223,103.98944854736328,2027265
2022-08-30,105.7276756915156,106.88648762853205,105.58972414485305,106.38986206054688,2160742
2022-09-01,104.84476598380482,106.4450353906002,104.09981505280207,106.19671630859375,1535821
2022-09-02,105.97599579697669,106.77612104255648,104.95513545775988,105.25862884521484,2349685
2022-09-05,105.89322164047827,107.32794295573083,105.45177038540446,106.74852752685547,1667833
2022-09-06,107.79696971759341,108.87301055627805,106.63815164899765,106.85888671875,2337808
2022-09-07,106.16911254689641,108.12805581872772,105.53452920335545,107.90733337402344,1703638
2022-09-08,107.4658665430535,108.01768523703342,106.61056082891739,107.02442169189453,1573972
2022-09-09,107.05203341484727,107.68662949784466,106.83131093208357,106.96926879882812,1045495
2022-09-12,107.16238416269826,108.95578573462653,107.16238416269826,108.26602172851562,1953402
2022-09-13,108.459171943634,108.92821353939397,106.9416732837918,107.49349212646484,1745661
2022-09-14,106.50021845795419,107.82456587576347,106.22430274713412,106.44503784179688,1779165
2022-09-15,108.17285089119359,108.71102253699479,106.38837609417547,106.64330291748047,2383890
2022-09-16,106.64330570492884,108.14452275257281,104.80218837834668,105.9351806640625,2745909
2022-09-19,106.53000295705742,107.46472381958748,104.51893234039153,104.91548156738281,1455459
2022-09-20,105.08543263473048,106.84157650275839,104.46228752929352,104.88716125488281,1166736
2022-09-21,104.12238241011532,105.70857930736663,104.12238241011532,104.97212982177734,1506691
2022-09-22,103.89578283577367,105.19873495246698,103.24431326048546,103.47090911865234,1373047
2022-09-23,103.10269728083122,105.45366187126149,102.59284360203344,104.74553680419922,2374834
2022-09-26,103.04603769971209,104.0657385333802,100.01527264772744,101.4031982421875,1765930
2022-09-27,100.89334604584681,102.47954304361005,98.14583226613281,99.22217559814453,2519128
2022-09-28,98.23080282493481,99.39212605576408,95.08673988831632,96.07810974121094,2775843
2022-09-29,97.9758788836961,99.98694299809276,96.4746554352001,99.53374481201172,3704886
2022-09-30,98.08918067543411,99.78867556098467,95.36998496871813,98.82563018798828,4999801
2022-10-03,102.9893966719666,103.27264800588286,100.8933523603281,102.08300018310547,4278367
2022-10-04,102.79111985627134,104.66056170559081,102.59284198806728,104.17903900146484,1376289
2022-10-06,105.9351806640625,107.23812633077672,104.51893706538843,105.9351806640625,1966723
2022-10-07,105.08542433653076,107.4080706439728,105.08542433653076,106.52999877929688,2265031
2022-10-10,106.52999466971323,108.00288705320057,105.68024731841652,107.3514175415039,1506159
2022-10-11,106.78493132319036,107.15315609616444,104.57558916840468,106.07681274414062,2554567
2022-10-12,105.36869413666435,107.7763143088713,105.36869413666435,106.55834197998047,2180961
2022-10-13,105.53862419202933,107.63466820504607,105.53862419202933,107.09649658203125,1638577
2022-10-14,107.6346752333909,108.20117785750578,104.80218804505071,105.56695556640625,1991419
2022-10-17,104.06573795026634,106.21843105409204,102.98938815682422,104.51893615722656,2146524
2022-10-18,104.51893527333912,107.54970028271109,104.51893527333912,107.26644897460938,2107782
2022-10-19,106.53001221660932,107.9179313901871,106.16178743932157,107.06818389892578,1645009
2022-10-20,105.70858991850511,111.03367725821876,105.45366307619338,110.55215454101562,8025315
2022-10-21,109.47578890803197,110.43883426067111,108.82431933997316,109.50411987304688,1252558
2022-10-24,109.61740573244016,110.52380202137566,109.33416094405885,109.64573669433594,163429
2022-10-25,108.79600784297861,109.27753054807509,105.68026277708795,106.13346099853516,1693947
2022-10-27,106.33173309869737,107.54970535297815,105.8218859065251,106.07681274414062,898932
2022-10-28,105.93517013861813,110.4671582803706,105.93517013861813,110.24056243896484,3307987
2022-10-31,110.01396269005463,110.83539213196129,108.51274566795662,109.33417510986328,1551835
2022-11-01,108.7960093100783,110.01396860648008,108.6260559228321,109.07925415039062,880354
2022-11-02,111.99672091915807,111.99672091915807,109.10757169557112,110.29722595214844,1899103
2022-11-03,109.47579364283261,110.89204373414559,109.47579364283261,110.52381896972656,895627
2022-11-04,109.81570506007196,111.26027321271492,109.61742718634123,109.7590560913086,1094793
2022-11-07,110.46717406043183,111.03367671098611,110.12728024976991,110.80706787109375,653775
2022-11-09,110.80705439112907,111.37355697276685,110.24056477560745,111.06198120117188,1417945
2022-11-10,110.46715972502852,112.50654825658262,110.46715972502852,110.92036437988281,2178654
2022-11-11,112.70483864888877,113.55458612597627,111.17529059690779,111.94007110595703,1666569
2022-11-14,111.9683800661633,113.83782177159178,111.60015532474837,113.63955688476562,1868890
2022-11-15,112.61989656433515,115.02751062600873,112.61989656433515,114.71593475341797,1484497
2022-11-16,114.68756393911133,116.61366748546186,114.5176170584052,116.04716491699219,1780492
2022-11-17,115.509011111431,116.0755137671977,114.17774089157939,114.65926361083984,1493133
2022-11-18,114.5459620557063,116.07551010169291,114.5459620557063,115.73560333251953,1331164
2022-11-21,116.98101467476694,116.98101467476694,113.96888278068897,115.59080505371094,1452409
2022-11-22,114.3164135839203,115.21426847855483,112.78138545821653,113.36063385009766,1077591
2022-11-23,112.49176290634506,114.80879655525345,112.49176290634506,113.38961791992188,799099
2022-11-24,112.49174565766769,114.60603538929652,112.49174565766769,114.2005615234375,1331491
2022-11-25,114.20058013393793,116.43071990495736,114.20058013393793,115.79353332519531,962673
2022-11-28,114.69295076709561,118.45811897390546,114.69295076709561,117.44442749023438,1547095
2022-11-29,117.125827313657,118.45811201674334,117.00997762279272,118.13951873779297,1308276
2022-11-30,118.16849527948692,122.80254949851546,118.02367652765386,118.54501342773438,3338574
2022-12-01,119.96418489888629,121.00684537815481,119.00840505897088,120.05107879638672,1131279
2022-12-02,122.2522340819773,123.93208091007287,120.05106370883904,120.42758178710938,2598600
2022-12-05,121.06476421220269,123.09217348259654,120.31172799841602,122.80253601074219,1381983
2022-12-06,122.1653467101407,123.4976311765214,121.1805979964592,122.107421875,1610337
2022-12-07,121.06477615023294,122.10744993869059,120.28278406703768,121.38336944580078,1314805
2022-12-08,120.80413584375532,123.38182506286172,120.48554250893831,121.03583526611328,778605
2022-12-09,121.06477750911125,121.52818956008815,117.84990198034306,118.54501342773438,1620817
2022-12-12,118.54499557400484,118.74773914440685,116.25693123364132,118.0236587524414,1374204
2022-12-13,118.74773275290995,121.35439020413374,118.51602014571677,120.45653533935547,1417140
2022-12-14,120.4565344936986,125.06163194349327,120.28275998313273,123.90312194824219,3042058
2022-12-15,125.00372763450952,126.62564984909717,123.12113698219395,123.38180541992188,1716111
2022-12-16,124.54030298030528,126.27807471146372,123.67141711472608,124.27964782714844,2677255
2022-12-19,124.36652510895482,124.59822446469605,121.90468630883974,122.65772247314453,882907
2022-12-20,122.74461049501988,123.2949031271207,120.60136480904053,121.70195007324219,840934
2022-12-21,121.64404173356814,122.25225929060632,118.19746673825297,118.68983459472656,829764
2022-12-22,118.74774124529102,119.99314522270747,114.37434279944576,117.6181869506836,1736832
2022-12-23,115.35908714279822,116.83619059827231,113.82405884151028,115.15635681152344,1504185
2022-12-26,115.15634793976305,117.44441231850357,114.6060420597066,117.03892517089844,651661
2022-12-27,117.64714222825799,122.16535938694552,117.64714222825799,121.58609771728516,1255342
2022-12-28,121.64405068785736,122.48396770785143,120.74619555516776,121.4413070678711,484152
2022-12-29,120.36966194268226,121.84676526880396,119.44283797452954,120.10899353027344,642325
2022-12-30,120.22483082186422,121.47023465667448,120.22483082186422,120.60134887695312,522600
2023-01-02,121.2095712408049,125.11955740986313,121.09372156651145,124.42444610595703,2210223
2023-01-03,123.81624276769153,124.27965477571168,121.99157704469839,122.39706420898438,1024392
2023-01-04,121.06475500882823,122.33912796855725,119.79039530724486,120.42758178710938,1061212
2023-01-05,119.79041144449438,122.48394993543207,119.03737518651042,121.875732421875,1129098
2023-01-06,121.90470104883177,122.51291856026745,120.51447822999532,120.94892120361328,655567
2023-01-09,121.4991991781468,123.8162325099965,121.2385440320108,122.65772247314453,1490017
2023-01-10,122.22328800528258,124.36653371041206,122.22328800528258,123.93209075927734,1631421
2023-01-11,123.93208817454139,130.27495778045028,123.93208817454139,129.0874786376953,4418659
2023-01-12,130.3328985154608,132.6209631883125,129.40608767656073,130.3908233642578,3463993
2023-01-13,131.0569681335832,131.75207958991368,128.39238526610666,129.3771209716797,2013133
2023-01-16,130.1880772838452,131.28867590631398,129.8115591447647,130.44874572753906,962628
2023-01-17,130.79627743638179,132.07063704529872,129.1743555645641,130.8542022705078,1446165
2023-01-18,130.91213228351745,136.70469547414052,130.91213228351745,135.05381774902344,3223752
2023-01-19,133.9532659206305,136.58887977861548,132.9974859947676,135.89376831054688,1129126
2023-01-20,135.83584570711992,137.57361777696858,134.2718614507751,136.44407653808594,1152189
2023-01-23,137.13912799697596,140.18022808223836,136.21231742629607,139.10861206054688,1563495
2023-01-24,139.83271488576227,140.35405176566465,138.00804906425162,138.58731079101562,743680
2023-01-25,138.87691621520898,138.87691621520898,135.37241705122833,136.58885192871094,724032
2023-01-27,136.64677538250143,140.58573068639083,130.91213682917237,138.50039672851562,1429683
2023-01-30,137.8632252023599,138.4424735937766,134.5324872900577,137.5446319580078,887323
2023-01-31,136.1254674928352,137.48672123969325,134.38769562381242,134.93798828125,1130908
2023-02-01,136.06755914496168,136.29925855341736,127.49454845061338,130.21705627441406,2390619
2023-02-02,130.21702078480095,132.01271722722734,127.63931916474276,130.53561401367188,1741767
2023-02-03,130.33286752757138,131.02797880601406,123.9610428678273,125.29332733154297,2434078
2023-02-06,124.3086089104584,125.98845587263666,121.75987604571021,124.71409606933594,1767210
2023-02-07,125.35126968498031,130.91214743153503,125.0326764187465,130.3328857421875,2392863
2023-02-08,130.99902985395084,135.16968490621738,130.97007406106923,134.2428741455078,2087953
2023-02-09,134.21389909834693,135.7489405387542,131.5203608314933,132.7078399658203,1748946
2023-02-10,132.47612819081274,132.47612819081274,129.17437243985586,129.4929656982422,1314795
2023-02-13,136.12545451803066,140.75950797434737,135.05382509876978,139.6009979248047,15081582
2023-02-14,141.91803510916708,152.22881689164737,141.91803510916708,149.33253479003906,18175291
2023-02-15,147.13133824206344,147.21823213350788,142.55520946644543,143.59786987304688,5764192
2023-02-16,146.2624505521029,152.17087712733274,144.95912174542633,150.83859252929688,11499007
2023-02-17,151.04131293481677,153.38731523945196,149.44836002831536,151.07028198242188,4940938
2023-02-20,152.34465680605254,152.80806880680115,147.65267824647464,150.11451721191406,2932914
2023-02-21,149.4773631175754,149.50631891362949,147.04447963235594,147.5947723388672,2100211
2023-02-22,148.25797451295213,151.72475864081306,146.2381895742319,149.94615173339844,4312150
2023-02-23,148.92116874493675,149.9461303828931,147.11240966625226,148.19766235351562,2935912
2023-02-24,149.40349812009222,149.40349812009222,145.93671446310282,146.5999298095703,1351438
2023-02-27,146.44922462947295,148.31827514423475,143.76622408102716,147.92637634277344,2265643
2023-02-28,148.58954768207306,151.18210396782857,146.0874348619951,148.9512939453125,2837175
2023-03-01,148.92120061619147,156.75914910143237,148.58959287416567,155.8246307373047,4246845
2023-03-02,156.03562599367658,156.45766334702833,152.5085374418494,155.28196716308594,2219580
2023-03-03,155.25183591498902,156.09592446153894,153.83497546180482,154.61875915527344,1141980
2023-03-06,155.16139258864618,159.773734072563,154.7092027882519,158.32672119140625,3437053
2023-03-08,158.26642275484502,163.7228525316036,156.97014446753718,160.82882690429688,6701406
2023-03-09,160.10534463699253,163.69271067790132,158.65833172988945,161.4619140625,3524619
2023-03-10,160.467090149906,160.61782468522145,155.58344576274723,156.97015380859375,2586861
2023-03-13,157.78408570390195,157.78408570390195,152.68941586402383,154.40774536132812,1627513
2023-03-14,153.7445407350531,155.2216923256797,148.92118719425835,150.5189208984375,1938723
2023-03-15,150.8203610686782,157.30175252066942,144.70072972083125,156.3370819091797,4224588
2023-03-16,155.28197242338962,155.4628455809533,148.92117668410685,150.428466796875,2910838
2023-03-17,151.75490584990627,157.36205683940884,149.85570309229402,153.98570251464844,2370120
2023-03-20,154.2871389733862,154.2871389733862,150.1269880028118,151.12181091308594,1106275
2023-03-21,152.93058261106023,153.65407518849725,148.1373683869901,151.42327880859375,2466907
2023-03-22,151.60415204130328,152.47839293915368,150.09684823795837,151.15196228027344,946569
2023-03-23,151.06153307203272,155.5532782721859,149.88583692979566,154.85992431640625,1793281
2023-03-24,154.49817569211385,155.3121256047143,149.1321891932083,151.21226501464844,1806141
2023-03-27,148.98147011972372,151.93577313973293,147.71533039705005,150.66964721679688,1405906
2023-03-28,151.5740227504433,156.57824905412184,149.67482011727782,155.2216796875,2189626
2023-03-29,153.8349641710142,162.78831603293077,150.7902179015445,158.53773498535156,5732466
2023-03-31,157.2414361382792,158.53771421984655,150.48872914597771,151.72471618652344,3183460
2023-04-03,155.16137967731228,161.46189773171895,155.10108862892585,156.42750549316406,7678803
2023-04-05,159.77376049069602,160.2259503658586,157.4223676199546,157.8745574951172,2100414
2023-04-06,157.42234230217824,157.603215463206,153.17176091920643,153.56365966796875,2297146
2023-04-10,154.61875276172157,156.48781673730358,151.66444987082735,155.52313232421875,1769664
2023-04-11,156.1562291903965,157.211329616182,153.4732287825526,153.86512756347656,1655947
2023-04-12,154.95034322521636,158.5075700291219,153.80479958659427,157.69363403320312,2404462
2023-04-13,158.5075917086591,160.97956625619355,156.06576958719242,157.0605926513672,2335617
2023-04-17,157.9951053078041,162.00452225011261,156.9098526030617,158.47744750976562,3070872
2023-04-18,159.02009090177833,162.78834421026218,157.00031971379286,159.65316772460938,4128645
2023-04-19,157.84440479987612,161.46192347886767,155.6135942546374,156.2768096923828,3615547
2023-04-20,157.21131338233795,157.21131338233795,152.2673780870113,152.80999755859375,2487705
2023-04-21,153.32248896420947,155.34225987647667,150.97109657115342,154.73934936523438,1715884
2023-04-24,154.3474408519432,155.07093341958566,152.8401370698824,153.32247924804688,1145637
2023-04-25,153.86510701022604,156.1260559059479,151.5740194890876,152.9004364013672,2641678
2023-04-26,152.90044824076497,156.7591309749862,152.87030961301465,156.3973846435547,1928773
2023-04-27,156.09591150698344,156.09591150698344,154.0761268882482,154.85992431640625,1881330
2023-04-28,155.553270419341,156.51794094381964,153.4129038119783,153.65406799316406,1670571
2023-05-02,154.890083530555,156.21651436983564,153.5938051193208,155.5532989501953,2028199
2023-05-03,154.34745158578662,157.33189313420036,153.95555285119158,154.9805145263672,2067298
2023-05-04,154.34747455209865,157.30177791422173,154.1062965104896,155.6437530517578,2355211
2023-05-05,156.39737629967715,156.4878197775788,152.26737713735082,152.56883239746094,1456104
2023-05-08,153.20189578551134,157.1510218031639,153.20189578551134,155.73416137695312,2274931
2023-05-09,155.73417259065462,156.5179701253769,152.8100080495149,153.17176818847656,2049657
2023-05-10,153.26218312276987,157.06058831773123,153.20189207203532,156.3370819091797,2148622
2023-05-11,155.4929934986462,156.69882831384567,153.7746778520067,156.06576538085938,2454022
2023-05-12,155.7341633856528,156.39737876809988,153.92540419696988,154.37759399414062,1373286
2023-05-15,153.86510742985232,157.06058831773123,153.74452532838322,156.3370819091797,1737573
2023-05-16,157.81423401218137,160.43692922945178,156.78927234566797,157.39219665527344,3861256
2023-05-17,158.4473046196024,161.49205114094764,157.84439408054033,160.16563415527344,3854989
2023-05-18,161.58250427246094,165.20002292184634,160.43694658034732,161.58250427246094,4474354
2023-05-19,162.4566839129565,165.23011314500033,160.70821615800122,162.1250762939453,2265118
2023-05-22,160.49722732961413,161.82365810905677,158.62817706745756,159.3818359375,1409991
2023-05-23,160.34649647196142,163.0897737384965,158.02525655422528,162.4567108154297,1267155
2023-05-24,163.90370102069548,164.74778940169335,161.5824614228851,162.5772705078125,1663957
2023-05-25,159.17083437703215,162.60748015193874,155.07097311229066,157.12091064453125,4877917
2023-05-26,157.3017568609596,157.84439013227993,153.0813141944054,157.0605926513672,2822604
2023-05-29,157.39219337849076,158.44729364866274,154.5283202171596,154.7996368408203,1503904
2023-05-30,154.76948799092798,157.120880383984,154.4077416841826,154.73934936523438,1476058
2023-05-31,154.73935840844175,155.553294546055,152.8401556876936,155.10110473632812,2065108
2023-06-01,154.61876012123489,155.67387426094837,153.1416086054786,153.29234313964844,1533120
2023-06-02,154.61874019651404,154.61874019651404,150.39831178099487,150.72991943359375,2345184
2023-06-05,152.8401792840086,154.10630542682037,151.93579952493164,153.1114959716797,2510214
2023-06-06,153.98570075303476,154.04599180816302,152.9004479609881,153.2320556640625,490450
2023-06-07,153.17175398784232,153.74452587171317,152.26737442389106,153.1416015625,1433145
2023-06-08,153.41291276829656,153.95554600737935,151.99605242150983,152.4482421875,1367152
2023-06-09,153.65409112073294,154.70920527183682,151.69461115406003,154.3173065185547,1456720
2023-06-12,154.34747076029345,155.2518504448269,151.96593943098713,154.10629272460938,1641628
2023-06-13,154.1062917979717,155.19155845267724,152.6894312207047,153.86512756347656,1969719
2023-06-14,154.95034688275882,155.04079035098934,152.23720843267316,152.59896850585938,1588312
2023-06-15,152.71956787986534,153.29233977751548,151.7850358680896,152.80999755859375,2366584
2023-06-16,153.74451657917163,154.67904851198074,152.38794731523777,153.32247924804688,3572182
2023-06-19,153.4431037233066,153.98572329890877,152.23725484471063,153.1114959716797,2486767
2023-06-20,153.11144944744976,153.26217016167146,151.4835636158103,152.05633544921875,1755294
2023-06-21,152.3276501614406,152.80997852053338,150.15714494605186,151.3026885986328,2417767
2023-06-22,151.33285663281802,151.84533751382278,148.3182624033935,149.19248962402344,2255457
2023-06-23,148.92117891631878,148.92117891631878,146.29846979325208,146.96168518066406,1586193
2023-06-26,147.11241707025442,148.16751738609796,145.18307579585425,145.695556640625,1286494
2023-06-27,145.90657436506606,148.0770937369498,145.36395487189853,147.44403076171875,2122485
2023-06-28,147.44403016993385,148.0168020880696,145.36395428846228,146.388916015625,10013140
2023-06-30,146.75066386794015,148.4388410124822,145.4845379094026,147.68519592285156,6350062
2023-07-03,148.31827782898316,149.2226575718428,146.87126472051182,147.6249237060547,1841499
2023-07-04,148.74030509759578,150.277761595111,147.47417906407136,148.58958435058594,2269753
2023-07-05,149.07188832885856,151.33283715993193,148.4991164649515,150.33802795410156,1633798
2023-07-06,150.72991943359375,152.32765285090122,150.2777296890927,150.72991943359375,1591366
2023-07-07,151.33284053654918,153.0813085915744,151.031385285592,152.65927124023438,1720017
2023-07-10,153.14158720827652,154.92020754386058,152.74968851398185,153.65406799316406,1321563
2023-07-11,154.43788696007368,154.43788696007368,152.5386980682746,153.29234313964844,911100
2023-07-12,154.34746158642045,154.61876443586414,153.23205636186125,154.01585388183594,1232242
2023-07-13,154.89007136055406,155.2216790443192,152.99088253499534,154.16656494140625,1042426
2023-07-14,155.553290226732,155.553290226732,153.9856952499435,154.37759399414062,869271
2023-07-17,153.74452556969032,154.67905755714804,153.14160126166158,153.95555114746094,915330
2023-07-18,154.07615223916395,155.8547591574453,153.08132907826405,153.62396240234375,1434484
2023-07-19,153.74453448657403,155.37242055285003,152.96073698059902,154.588623046875,1438117
2023-07-20,154.52831665066736,155.25182303048527,153.14159493937166,154.85992431640625,1461435
2023-07-21,154.95035833366714,155.85473788386312,154.07613120835484,155.58343505859375,710776
2023-07-24,156.09591780611441,157.57306924966142,155.58343697467438,156.06576538085938,1157893
2023-07-25,157.63338699758032,159.472285057206,156.8194369746853,158.23629760742188,2162113
2023-07-26,159.17081059594454,163.39125335559805,158.8994939542994,162.8184814453125,2258145
2023-07-27,163.08981882564342,166.9485160801059,163.05968019226557,164.83828735351562,2630997
2023-07-28,164.86841375534465,165.16986904022872,162.27585690612665,163.72286987304688,709774
2023-07-31,165.80290918674115,166.70728871648652,164.05444117591765,166.22496032714844,1810170
2023-08-01,167.21978415905227,167.491100801659,165.0191261908341,165.44117736816406,847641
2023-08-02,165.2000073516823,166.82787955068736,159.74357746325197,163.1500701904297,1376457
2023-08-03,163.3912653402869,165.01913771008643,161.40161902210767,162.33615112304688,1125973
2023-08-04,164.47651500861556,166.46614748861126,163.3008186977923,165.01913452148438,859591
2023-08-07,167.00876812411602,167.06905917652495,163.45154083304038,164.44635009765625,836235
2023-08-08,164.71766651894126,165.80291926062642,163.0596418802483,164.98898315429688,823818
2023-08-09,162.78831620933613,168.45575761224993,157.69364667163845,166.73744201660156,3417025
2023-08-10,168.7873624692862,168.7873624692862,165.86319834320588,167.58152770996094,1775493
2023-08-11,167.61170029994273,168.60652349280514,167.31024499895673,167.79258728027344,907659
2023-08-14,168.81752740288448,168.81752740288448,165.86321063402508,168.42562866210938,759136
2023-08-16,167.61166607575655,173.03794318396163,165.04926204123845,172.34458923339844,2222815
2023-08-17,173.03797156697468,175.7812629948643,171.2895032919957,173.97250366210938,1803442
2023-08-18,173.97249556208607,175.20848288855382,171.37993879921297,173.85191345214844,742432
2023-08-21,174.5452511974217,176.65546552390316,173.79160618076472,175.4496307373047,1398939
2023-08-22,176.3540148333975,176.83635704034046,174.84671096140485,175.63050842285156,767427
2023-08-23,177.52970750905484,179.03699755145408,174.45480877507646,175.4194793701172,1523998
2023-08-24,177.01723570871857,177.5297165572118,173.39971734300764,174.48497009277344,1119601
2023-08-25,174.54643383417593,176.63608461122843,173.04066537745626,173.74745178222656,676780
2023-08-28,172.0880305081044,173.28648943425205,169.32233009315493,169.5374298095703,1090765
2023-08-29,170.4286074569005,172.94847158635216,169.62962546136316,170.4900665283203,1999104
2023-08-30,172.0572884919816,172.42605697588183,169.07647438790167,169.5681610107422,1489215
2023-08-31,169.81399308883667,170.67443410721796,167.35560223667213,167.84727478027344,1295556
2023-09-01,167.84728133952683,174.88445039791642,167.29413563928017,167.81655883789062,2971287
2023-09-04,169.50668823624326,173.9318112157088,169.07646071765785,170.8280792236328,2226508
2023-09-05,173.93183297609733,177.25066507560265,171.65780510382373,172.456787109375,4767058
2023-09-06,175.06883089037964,176.1136632401049,172.57970332677363,173.65525817871094,1636057
2023-09-07,174.54641903909413,175.89854672534594,171.25830952990842,173.19430541992188,1190788
2023-09-08,173.2250505197898,174.79229219096027,172.5797231612921,172.91775512695312,1745595
2023-09-11,174.54644180960955,178.11112463484042,172.39534592559008,172.91775512695312,3369088
2023-09-12,174.3620668745736,176.26732646946317,166.2493417929076,167.44781494140625,3016404
2023-09-13,169.04574169348305,171.22757369581026,167.0482868884486,168.27749633789062,3005830
2023-09-14,169.35303684928303,174.91517373127556,169.32231434997152,170.88954162597656,4422439
2023-09-15,175.16102126363694,181.0919129214215,173.685975457743,174.79226684570312,8953317
2023-09-18,175.46831213147865,178.51058523652844,173.93182136224144,175.6834259033203,3030073
2023-09-20,175.0380895304839,176.88188961111808,171.78070282339363,172.64114379882812,2155438
2023-09-21,172.48752949028113,172.91774301010616,169.13794664121016,169.66036987304688,1280068
2023-09-22,169.90618773196968,172.51823327229357,168.0316510027404,170.70516967773438,1524987
2023-09-25,172.08800790604627,173.28646667478822,169.6603397362737,170.92025756835938,1080430
2023-09-26,170.92029128051547,172.02658277306253,169.6296366286515,169.72183227539062,747538
2023-09-27,170.24422428173034,177.1584750774629,169.99837393757952,176.69752502441406,4224558
2023-09-28,177.49650806228266,187.72959086142492,177.46577149392374,179.6168670654297,14361882
2023-09-29,181.9216144081047,184.3800193552004,178.2340140210007,183.67323303222656,3370386
2023-10-03,181.3070432975499,181.3070432975499,177.86527881342084,180.72317504882812,2954385
2023-10-04,180.96898616389703,181.67577246481753,178.26474502659403,180.69241333007812,2095282
2023-10-05,179.06375131502736,181.92163347430431,178.54134214324208,181.27630615234375,2244841
2023-10-06,181.9216002208214,182.59766399028825,178.72568669920372,181.76795959472656,1918011
2023-10-09,183.642506952209,195.6886679669012,182.90498401925237,191.29428100585938,25670773
2023-10-10,195.44283603411998,198.33145469108905,192.98443089183388,196.33399963378906,8149666
2023-10-11,197.28665254451874,197.90125739723598,190.15728689449202,191.66305541992188,4583497
2023-10-12,193.13807471490367,197.7783118733276,191.171356338843,192.2776336669922,4421407
2023-10-13,192.61566178062006,196.14960747400013,191.90887545535986,193.72193908691406,3634758
2023-10-16,196.54908216017193,199.62209161598483,195.7501002643437,196.57981872558594,4631331
2023-10-17,198.4851045039734,205.70665096795514,195.65794499038822,203.8013916015625,7538013
2023-10-18,205.89101590720267,208.59525711552556,199.34553369267445,201.80392456054688,7666638
2023-10-19,201.5888251424892,202.3263339636557,197.7168334959698,199.19187927246094,3740437
2023-10-20,200.57474599893547,203.8013965931377,197.04080003716933,198.23927307128906,3091570
2023-10-23,198.2392511200623,198.5158098867061,186.83841840736252,188.9280548095703,2639248
2023-10-25,189.7885292854866,193.47613020666293,184.38004605881713,185.27120971679688,2481484
2023-10-26,184.99462427203892,187.1149832428321,181.0304510389871,184.77951049804688,1567176
2023-10-27,186.1316282089246,188.06762408367658,184.41076018001993,185.54776000976562,1989088
2023-10-30,187.45300867685384,189.60411820828523,186.22381327823493,186.7154998779297,1349109
2023-10-31,188.62076542720166,188.68222449584812,182.32110538784625,183.67323303222656,1246258
2023-11-01,183.76542736103588,188.98953296118475,183.67324578520532,185.4248504638672,1868115
2023-11-02,187.72959880370271,188.9895308852148,182.81280268921157,184.5644073486328,1435584
2023-11-03,186.80768216958006,189.48120081083593,184.9946185979006,186.4696502685547,2615412
2023-11-06,187.45302043442422,194.0292394401937,186.43893873875817,191.32501220703125,5029333
2023-11-07,191.04841234492775,195.1969623143906,190.0957757873038,191.5400848388672,2159446
2023-11-08,192.00106801905343,195.13553697795825,189.91143142450352,190.89479064941406,3072046
2023-11-09,188.34421165267634,189.81924351660234,182.72061486617946,185.7936248779297,7395066
2023-11-10,185.73216893724185,188.6822610724726,184.87174180939505,187.91400146484375,1380847
2023-11-13,189.2968215605384,193.87559969791351,188.25200329126505,193.13807678222656,1708930
2023-11-15,196.54911517606084,199.13043848840064,191.7552370629043,192.7693328857422,3416890
2023-11-16,192.76934604652155,199.0997155107909,192.46203658809162,198.39292907714844,2867308
2023-11-17,196.6720266337695,199.83721807567608,193.04588511845012,193.752685546875,1811950
2023-11-20,195.3813821677984,201.77322445443022,192.6771406593357,192.98443603515625,1583164
2023-11-21,194.7975062819993,194.88968785759062,188.77441868252325,188.98953247070312,1903429
2023-11-22,190.3882883473412,191.63163566052103,188.08807945456812,188.7719268798828,1663434
2023-11-23,188.33675482929368,189.1760260436712,184.85537934469474,186.03656005859375,2713360
2023-11-24,186.03656014102,187.80833121265354,183.54985116888838,185.8189697265625,2217570
2023-11-28,187.0623383416328,188.89627613916113,182.2754201892459,185.85006713867188,2854552
2023-11-29,185.88112928960746,193.9318320269259,185.1040389906768,193.0925750732422,3396190
2023-11-30,193.96293868988843,194.83328615825317,185.8189781748456,189.73553466796875,14412928
2023-12-01,191.47621476236813,195.5171184912,189.92203415500384,192.65740966796875,3288360
2023-12-04,196.13880915952961,208.5723409214682,191.84925251176153,204.0341033935547,19889518
2023-12-05,206.520802678224,208.13716440227856,200.5527175526895,201.64065551757812,7577452
2023-12-06,202.72856585961048,205.61936534979355,197.72408570144702,198.87417602539062,5642547
2023-12-07,200.17971311866526,201.42306060158865,195.6414755967949,196.7915802001953,4246489
2023-12-08,198.12816187672695,201.92039928001424,196.38748116856024,198.87417602539062,3340618
2023-12-11,200.17970804034678,201.2987221694935,196.7915752078297,198.1592559814453,1707288
2023-12-12,198.78092951398318,199.55801986389912,193.900768535986,194.39810180664062,2457795
2023-12-13,193.96292490550275,196.41854337168502,191.9113968148093,192.8128204345703,2434053
2023-12-14,195.36169902997563,203.8786590316115,194.18051832746562,201.6717071533203,9553702
2023-12-15,202.07579881220764,205.463931414422,198.78092330984848,201.01895141601562,4209348
2023-12-18,200.7702625307247,203.90972815732647,198.74981083315075,200.17967224121094,2298172
2023-12-19,204.53141059544978,215.78374587063516,202.66638249205957,212.24020385742188,12797466
2023-12-20,217.58661120827955,252.64913164129493,214.32281196901016,224.17637634277344,62163130
2023-12-21,225.66841866031356,242.205006301457,225.66841866031356,233.96778869628906,37548838
2023-12-22,238.412777582277,238.6614442158614,226.97392745992573,232.04058837890625,10705210
2023-12-26,234.30968962045162,244.87819151308844,229.80254319005456,237.29373168945312,12721008
2023-12-27,240.02912478132862,243.07533372796388,234.99355430917498,237.66676330566406,7485570
2023-12-28,239.03444879649223,241.8630672125176,232.69335029147373,237.91542053222656,8024391
2023-12-29,238.10192527747296,238.16409193462005,230.02014601606518,231.35675048828125,6729648
2024-01-01,232.19600902595144,237.85326023835617,230.8594045448034,235.45980834960938,3661495
2024-01-02,233.7502147902099,241.83200871038582,232.66227688873337,238.2884521484375,6698119
2024-01-03,238.47495767287003,243.60378553912992,234.55840105716985,239.7804718017578,4706931
2024-01-04,242.08066471341854,242.08066471341854,237.1694133792744,237.94651794433594,2828086
2024-01-05,239.2831227324202,240.30889392966543,234.21646186206522,236.48558044433594,3208987
2024-01-08,236.2058051884338,237.4491524777561,231.7608254672495,232.60008239746094,2865747
2024-01-09,234.99353411110133,237.1383192126842,232.1959920383501,232.60008239746094,2710638
2024-01-10,233.75020945359856,233.75020945359856,225.85491569503338,226.7874298095703,4362405
2024-01-11,228.1551118922677,233.5326058549184,225.2954030509884,232.35142517089844,7377631
2024-01-12,231.38781475318595,234.1542806549929,229.55387711849994,233.12850952148438,7441359
2024-01-15,234.99358034098486,247.5514459268628,234.62058034951897,246.49459838867188,12887074
2024-01-16,249.26102452408716,250.4111291201644,239.71832091445697,242.0496063232422,7527022
2024-01-17,239.34527623844778,239.34527623844778,235.61523406658287,237.076171875,3668559
2024-01-18,235.2421889165547,252.89780206721267,234.06100833952925,245.84176635742188,13669572
2024-01-19,249.13664742101423,260.9795865998227,247.4581336048681,256.3170166015625,14235444
2024-01-23,262.3783801422102,262.4716372418016,243.69702233294268,246.33912658691406,6585585
2024-01-24,247.67576559415903,252.71133634634603,244.6295564781209,249.72727966308594,3091435
2024-01-25,252.40050377859788,253.05327510992615,248.7326278268624,250.59765625,1546594
2024-01-29,253.64385411328766,261.7256340965589,251.34364490628369,257.125244140625,5919964
2024-01-30,259.9849065046838,275.6200834516567,258.89698292924425,266.7611999511719,14435830
2024-01-31,269.7142116441536,269.7142116441536,260.20255480719214,265.1448974609375,5269129
2024-02-01,266.01521022047075,272.9158095196602,263.00007721836704,271.26837158203125,4610217
2024-02-02,271.6724261112821,279.6298714579403,269.27896019010086,277.8269958496094,9224964
2024-02-05,277.5473020143282,288.58206263582105,273.56857863876655,285.6601867675781,9466552
2024-02-06,287.21437739618113,321.03355570210067,277.2675686174034,299.0262145996094,25406701
2024-02-07,301.3885775249603,308.78650965930893,294.0527978215004,303.1292724609375,9954616
2024-02-08,304.3725795861035,323.2715271651471,300.73578049039185,319.0130615234375,14212656
2024-02-09,322.05929354470373,326.0069404275443,312.11248580003587,320.87811279296875,9378834
2024-02-12,323.1472378223248,323.1472378223248,283.7951567160892,291.5039367675781,8691124
2024-02-13,291.5660749856696,296.13541698638574,275.7444394587511,292.0945129394531,8704672
2024-02-14,292.18779462269487,313.8532118469197,285.1006809511691,310.06097412109375,16876045
2024-02-15,315.0965079154245,357.71241356276,312.7030702423435,350.09686279296875,42022867
2024-02-16,353.0187561758792,383.57413005746025,345.6518722606842,356.62445068359375,29453875
2024-02-19,358.08540027396486,379.22237622077944,356.9663720148804,369.39990234375,14973933
2024-02-20,371.0473296461292,391.65589555630095,356.8420286874953,375.927490234375,19496004
2024-02-21,378.5385200459022,387.925841346088,359.4530868617483,363.8048095703125,13007422
2024-02-22,368.03221626063447,379.0358995444568,356.127123563408,372.0731201171875,14215017
2024-02-23,375.492349061375,375.6788632716973,364.9238744981492,367.7835693359375,6027859
2024-02-26,365.1415022651959,369.2445591892263,350.1901698949894,354.35540771484375,6269761
2024-02-27,356.8110045359037,362.93452755301587,349.7549958037675,357.0285949707031,9126498
2024-02-28,360.3856241968385,364.30216635026943,348.88460745318406,352.5835876464844,6455437
2024-02-29,354.97700623545677,355.10133954515976,338.1917533029174,339.77703857421875,7681069
2024-03-01,344.626156500831,369.2134194941553,343.7247185743735,366.2604675292969,16145448
2024-03-04,369.2755858133261,397.37534229787605,369.2134049258531,388.4853820800781,24780336
2024-03-05,390.9720783578475,397.06449628197487,384.19581295928594,392.58843994140625,9599257
2024-03-06,394.1426060824182,402.22441370176807,384.195798771762,394.04937744140625,9751120
2024-03-07,395.3860155055542,400.07966266055024,390.0085208186386,391.7181396484375,6128920
2024-03-11,393.4587996143046,399.73773216560636,379.5332679289592,382.54840087890625,7452646
2024-03-12,386.3717222717393,389.9463410286,374.8707044405242,380.9009704589844,7114618
2024-03-13,384.5998777487282,385.03505857559844,350.0968567318067,356.71771240234375,8455125
2024-03-14,356.7177052972423,367.0996933010435,349.38192610471594,356.3136291503906,6103764
2024-03-15,360.2613245451692,365.9807430078333,318.9198526753081,345.434326171875,25914057
2024-03-18,346.2866008802626,349.7905152449809,337.32168156452457,344.2032165527344,4199797
2024-03-19,344.0769473752354,353.01030759316336,336.72191210071514,344.51885986328125,8245039
2024-03-20,350.39027108000965,359.86027840649643,343.95067765806624,356.8298645019531,5345346
2024-03-21,359.19736756383344,376.65376320886924,358.91327890313335,373.08673095703125,5951128
2024-03-22,373.8443003195211,376.2433610175331,365.3844410106625,367.2784423828125,4846110
2024-03-26,368.95148103380626,388.712231036191,365.38444889266543,386.029052734375,8318839
2024-03-27,386.34476096409907,397.61406451594564,373.7812210805126,378.042724609375,8831590
2024-03-28,381.2940728101991,385.74498796641734,373.8758905165586,378.9581298828125,5168940
2024-04-01,382.7777364080072,384.1666497266142,367.75198839625415,373.1183166503906,6410716
2024-04-02,375.64365466987107,400.8970295200649,372.58168145202603,397.8034973144531,10512811
2024-04-03,397.80348738721955,422.6780381627773,394.6468083846776,401.307373046875,20134173
2024-04-04,403.42233898498756,405.06381088429197,387.22861959780954,392.5318298339844,8523888
2024-04-05,394.488955460876,409.48311459192905,392.81589577177834,396.73016357421875,7769421
2024-04-08,400.5812955972676,406.5789763231298,390.47996444333415,394.3310852050781,6084534
2024-04-09,396.540782414301,401.62302167168366,390.54310139684986,397.5824890136719,3361321
2024-04-10,398.8767013701563,409.10429724111725,395.5306110788947,398.9398193359375,11620357
2024-04-12,399.00297057011534,402.6331206473023,383.72469456219073,385.7765197753906,10294717
2024-04-15,385.7765535180076,401.81241992721067,375.95931015896696,392.594970703125,13902802
2024-04-16,388.2071589305949,400.8338451753797,385.8080980811416,393.2893981933594,7082797
2024-04-18,393.3209817160169,397.6771619784983,378.83185312503866,380.78900146484375,7090167
2024-04-19,381.32559776932027,389.4698094028222,376.3065057220171,378.70556640625,6219927
2024-04-22,382.5882985696036,389.2173037428393,375.643616849967,376.780029296875,3729898
2024-04-23,379.43163240108447,380.41022105736016,371.6346555375359,372.9604797363281,3422259
2024-04-24,375.0123062311314,387.5127279989038,371.8556273533716,384.07196044921875,4776244
2024-04-25,381.32559909076167,391.7426066138552,380.0945097617357,386.69195556640625,5229909
2024-04-26,390.95351600408986,402.0965551663862,389.0279264708154,396.6986389160156,9480820
2024-04-29,400.51814409177166,400.6128499405895,389.8486068620931,392.08984375,4442791
2024-04-30,394.07861181001186,403.2960904479815,390.1959026104314,391.5216979980469,6118725
2024-05-02,394.07858713447985,399.0030027231878,381.95698877789584,398.0244140625,7053796
2024-05-03,400.0762853179173,405.94767303033814,391.9636315166623,398.15069580078125,6418309
2024-05-06,402.09651501125813,411.62964026260397,389.4382700164595,399.91839599609375,6290506
2024-05-07,400.2656289122615,409.73563613337313,396.6670377283065,401.93865966796875,9392655
2024-05-08,402.72787251408465,409.10434846543603,395.0571602003235,404.46405029296875,5102517
2024-05-09,405.6004219343655,405.9160984939712,383.219638792357,389.75396728515625,7175680
2024-05-10,392.3739715686879,393.2578254137358,377.31663711764924,390.8587646484375,4647796
2024-05-13,389.53302387799926,390.44843683470924,371.88724339278633,381.51507568359375,4387174
2024-05-14,385.1136709270234,395.8463569039012,383.1249922541036,391.17449951171875,3913023
2024-05-15,393.00532686212233,402.6647464559102,389.8170889504584,399.6974792480469,6298636
2024-05-16,403.4223191167878,418.5743311023948,398.62416850126647,402.6962890625,12155736
2024-05-17,405.94766566798245,405.94766566798245,400.26566088149355,403.643310546875,3965793
2024-05-21,414.15500653188,423.68813205316235,404.4008814142148,419.2056579589844,11319223
2024-05-22,425.45589154701094,425.4874505338289,410.68267319483164,414.4391174316406,6830181
2024-05-23,415.38610128012147,417.8167500694682,408.5992720815742,412.6082458496094,4007671
2024-05-24,412.13476003486954,422.9936813563719,410.49328812692625,417.8798828125,4045638
2024-05-27,419.39508435427905,426.15035471719204,414.15502103261684,421.92041015625,4634193
2024-05-28,424.91927887028567,425.26651443045404,407.2734988768678,412.1031799316406,3611617
2024-05-29,412.0715800770619,414.1549932314488,400.29721788681974,402.2227783203125,3164139
2024-05-30,404.243097026191,406.4527753037303,394.99405926903995,397.1721496582031,2897983
2024-05-31,397.80345336084997,403.2960460332927,390.2274475229048,401.3388977050781,2879497
2024-06-03,435.5256786291376,435.5256786291376,408.8833903737949,422.5833435058594,7389685
2024-06-04,422.33080857392497,422.33080857392497,344.0769757334441,375.3280029296875,10078398
2024-06-05,382.5883647120276,388.3335170088076,350.67442272919726,366.4893493652344,11640388
2024-06-06,373.1183168395167,388.77538909493643,370.151049579823,385.3661804199219,6616500
2024-06-07,388.7753742646898,390.9219054855507,382.7145751292878,388.3650207519531,2529961
2024-06-10,391.2691565547823,395.02560079044923,381.95700123297803,383.37750244140625,3045891
2024-06-11,384.482313015487,415.7648974432863,384.19822434426277,409.4515686035156,8462167
2024-06-12,412.7976201113698,425.3927473949347,407.2103214803936,418.100830078125,5562666
2024-06-13,419.110991330786,433.2844151212831,412.5766628394277,427.94964599609375,9977940
2024-06-14,422.9936760703207,447.6156965814322,422.9936760703207,441.5864562988281,10426965
2024-06-18,443.76453948683024,443.9223633054634,431.83232473388654,436.2200927734375,5828025
2024-06-19,437.4196212188207,443.1963313173064,424.351023009275,439.6608581542969,8451043
2024-06-20,439.6608936302591,443.19636707854374,430.8222100095476,432.4952697753906,4012047
2024-06-21,435.8097514864539,444.7746706188762,432.52680788575805,441.8074035644531,8081263
2024-06-24,445.05880849531025,449.47813584400427,437.5459202123431,441.33392333984375,5028388
2024-06-25,443.3857639510606,449.03618058175135,436.6304938421646,441.4601745605469,4559235
2024-06-26,441.6180381856347,446.6686897243127,437.95629992499954,442.50189208984375,3063030
2024-06-27,446.8580511257747,449.50964144001733,440.0396347460551,445.2481384277344,4854513
2024-06-28,449.5096603935242,469.4598221567447,448.24701204786777,456.48590087890625,9549547
2024-07-01,463.05183056932265,463.39906612143454,445.12193340622457,450.67767333984375,5275065
2024-07-02,455.5073719112153,484.86439588054515,454.70241547395767,459.6268310546875,12658263
2024-07-03,465.3561717776848,472.5533833970323,453.9448240793675,469.0494689941406,3237838
2024-07-04,472.55334718664625,479.182352057,463.41479625254925,466.25579833984375,2722700
2024-07-05,468.6706832301964,468.7653890888343,461.37879451780566,463.556884765625,2132461
2024-07-08,466.7766495995127,490.49903500059503,464.0776917646369,473.5476989746094,5373870
2024-07-09,481.0290826538891,488.17892735281896,478.09337430393475,482.16546630859375,2355473
2024-07-10,485.62197304600465,487.70538625609845,467.8657089832826,485.6693115234375,2515806
2024-07-11,487.421307922417,552.5276108657073,486.28489543824793,521.7974243164062,10303383
2024-07-12,541.6845055139245,618.3915770989383,532.2144966762685,581.8847045898438,28989089
2024-07-15,566.3064819105351,610.3420193835115,560.7191540357625,604.8494262695312,15786984
2024-07-16,606.0804870654811,606.0804870654811,582.4054680394856,585.719970703125,11050736
2024-07-18,589.0343963196501,591.5913096000751,549.2603695585162,553.9006958007812,12569307
2024-07-19,549.2604838652794,549.2604838652794,527.1480375056682,540.8321533203125,9200372
2024-07-22,532.2144601161498,535.2448742960969,517.1097854976247,525.8222045898438,8938610
2024-07-23,533.2561029576773,545.2830241273849,484.86438741225396,519.287841796875,14343791
2024-07-24,520.6610399021697,531.078048934699,512.7062676848077,514.6949462890625,5933103
2024-07-25,513.2744534129191,562.9919973320672,509.865273521458,536.8547973632812,21807623
2024-07-26,544.5254112646954,546.3247357437916,527.905560272249,530.9359741210938,6875211
2024-07-29,535.7182995492448,561.4767297646159,527.1952933765338,549.6392211914062,9295179
2024-07-30,551.4858915922727,573.4089831859943,544.9516207663119,552.1488037109375,9656804
2024-07-31,557.5467282756636,557.5467282756636,545.4724679181014,546.9403076171875,5839253
2024-08-01,552.4802543619238,582.4054546001028,551.1544302069266,567.30078125,18687167
2024-08-02,564.3651004478016,582.310775963608,558.7304345058529,573.8824462890625,10032774
2024-08-05,559.5828149389988,566.1170860018119,538.1805614483234,545.1410522460938,6908025
2024-08-06,543.5784591298948,560.1509731277574,539.8851328902344,541.0215454101562,5409173
2024-08-07,558.7303995688613,591.7807463245091,554.5635734688921,585.0570068359375,23272182
2024-08-08,585.0570500240439,585.7199621071107,565.5961962303506,580.369384765625,7145183
2024-08-09,586.1934858490284,621.1378379317321,578.8068912869279,609.8211669921875,19857286
2024-08-12,608.4480214181488,645.8545534742062,597.1313501601085,631.8862915039062,13026500
2024-08-13,642.7294374504123,655.3245361958425,638.2785222485518,650.9209594726562,14550940
2024-08-14,655.3245867830221,676.4426941322905,611.0049586589214,623.9788818359375,19816227
2024-08-16,629.7081502967488,650.1633430525627,625.5886624193064,641.7824096679688,7469028
2024-08-19,653.4304953792345,665.0785926498404,648.7901687411893,653.0043334960938,6055414
2024-08-20,657.9760550013693,658.4022168636131,634.5377883816291,637.04736328125,4232327
2024-08-21,639.699033529695,646.8015394534149,634.5378676650571,635.7216186523438,3726311
2024-08-22,641.8298564547083,648.411524233679,637.0948519806788,645.0496826171875,3506656
2024-08-23,644.7180745779735,650.4948136139952,639.5095706505952,645.6177368164062,3227594
2024-08-26,650.5895376692121,676.1585588003165,650.0686987988319,665.1259765625,9749464
2024-08-27,672.3705620186595,691.1211661317877,670.4765604355084,680.4674072265625,6716477
2024-08-28,683.7345407718024,691.21586980897,666.2150269154611,687.9013671875,5658011
2024-08-29,689.3219014826213,705.5155919495139,669.9557236737376,695.00390625,6785969
2024-08-30,698.4247938148407,729.6876411180989,685.1214644088436,704.126220703125,79429798
2024-09-02,689.254931279745,698.1396890734283,681.5580286758081,690.1101684570312,5735191
2024-09-03,684.1711269121521,697.4744543798884,675.6664881099824,693.5309448242188,5884801
2024-09-04,687.87710674124,691.107880181262,643.8810540326526,648.2996826171875,7645313
2024-09-05,654.6662497837473,660.747736030623,619.3173971065106,622.3106689453125,8018321
2024-09-06,627.0143750323688,632.8108602807819,594.3737305354612,595.7515869140625,7382176
2024-09-09,594.9438283161264,608.1521561568211,576.3666920206053,602.4982299804688,8052402
2024-09-10,609.9575740666346,612.903287598567,575.8440190460955,578.5997314453125,5509452
2024-09-11,577.5544773068042,577.7445364512711,541.6355029230666,552.7532958984375,12283035
2024-09-12,554.9387640125467,558.6447138891881,537.1693091132497,550.1400756835938,9441722
2024-09-13,549.237444486251,558.739822418539,545.4364933133357,556.459228515625,5434486
2024-09-16,555.8890319337638,579.5974731859043,548.9523086049404,577.3643798828125,6438482
2024-09-17,581.5929601941344,596.6542622143961,567.8145138400639,584.8237915039062,9251355
2024-09-18,594.8488506926208,595.79908847328,561.4479695032875,565.3914794921875,7376182
2024-09-19,565.3914538179788,572.5182368492979,526.2891477203115,543.0133666992188,9094949
2024-09-20,551.1378621319034,553.5134563652306,532.1331082652861,534.7937622070312,9500390
2024-09-23,536.8843342606315,557.3144460953281,529.424991045732,553.0858764648438,5005764
2024-09-24,557.7895319037964,565.2964329599267,552.0881056833147,563.11083984375,3796775
2024-09-25,565.3439510576018,574.8938286782118,548.2871721443441,549.902587890625,4262021
2024-09-26,550.9003307927982,550.9003307927982,527.1918875359843,536.1241455078125,5512784
2024-09-27,535.9340343889805,565.391401527382,530.2326084912255,557.5519409179688,5855512
2024-09-30,557.7419785261268,560.6401916460728,544.7712119100698,551.7554931640625,3318663
2024-10-01,544.0110842526615,554.8438172517897,539.6400140237678,540.4476928710938,1959496
2024-10-03,545.8166300408806,548.2872251874469,508.28223594225983,511.9881286621094,7687449
2024-10-04,517.0718234917031,549.2373436903235,516.8342640869928,544.2485961914062,11396936
2024-10-07,541.6355181247716,546.386706880252,515.3139208198279,520.1126098632812,4426253
2024-10-08,522.1081030584357,539.4974409423328,513.9835825222933,537.4544067382812,3810847
2024-10-09,534.9838075907397,548.2871349553408,530.2801195301035,545.7689819335938,3379666
2024-10-10,551.137891477893,564.4412198928767,541.8255731869864,544.0111083984375,3260024
2024-10-11,546.3867275497279,559.69005656833,542.6807769810955,555.4614868164062,1855197
2024-10-14,558.739744235311,561.5429569326711,544.6762384629827,557.1243286132812,1986479
2024-10-15,555.6514749735136,555.6514749735136,524.6261919917349,531.6104736328125,4514251
2024-10-16,531.5629978757095,532.7032367287458,492.2231335045605,500.96533203125,12606593
2024-10-17,502.39073953248413,506.95186940080004,493.50598124939245,498.9698486328125,4053280
2024-10-18,498.96985231383775,519.7325833227536,496.73681665287063,506.85687255859375,4624545
2024-10-21,506.85680725819475,506.85680725819475,495.4063966905574,503.5309753417969,2331311
2024-10-22,503.6260319325178,508.0446608835435,486.9968705007837,490.892822265625,2206145
2024-10-23,490.89274351552046,497.4969067385371,468.5146586069115,479.822509765625,3453696
2024-10-24,481.7704922621417,492.7457256046275,478.4446604615155,484.8587646484375,2688448
2024-10-25,488.2321212876657,490.3226558384965,457.96707357896776,461.1978759765625,3417307
2024-10-28,455.7340488017235,467.4694912801507,444.9013438212352,452.3606872558594,3722104
2024-10-29,454.2136353897727,464.47619128435326,449.1298577294478,455.59149169921875,2136430
2024-10-30,458.67977893155177,463.6685271778597,445.28142069881943,447.7520446777344,1866841
2024-10-31,450.412693138911,454.11861456114906,439.5324593105516,448.274658203125,2491383
2024-11-01,448.227135448817,454.4511807947784,445.66148205488986,449.4624328613281,418453
2024-11-04,450.0800678688567,452.88328060286716,436.2065920478222,448.7972412109375,2993901
2024-11-05,446.61174344224605,473.6935193743823,443.9035600492415,470.9378356933594,3876641
2024-11-06,477.96961632352844,504.7663340470146,470.65277361919203,498.9698486328125,5991131
2024-11-07,502.24809412301664,509.18481731063684,487.61446923369107,498.4471435546875,3523566
2024-11-08,498.4471811042118,498.4471811042118,476.8292731182976,483.2433776855469,2521219
2024-11-11,479.8700535615128,485.4289500807786,468.3721712308422,481.29541015625,1196906
2024-11-12,481.29542512218865,486.3792029346227,468.1821556424297,471.9355773925781,1152726
2024-11-13,469.79752348543786,476.4491875327611,451.3629174969329,456.92181396484375,2249137
2024-11-14,455.1528228101127,461.4637711474638,444.01305892837854,454.6269226074219,2114574
2024-11-18,454.6269416467576,460.7466378861377,443.6784004797548,451.7583312988281,999530
2024-11-19,456.3959135819408,469.926216294758,456.1090642076752,464.1889953613281,1270704
2024-11-21,458.9776457243431,466.86632401023024,454.29225476044303,464.7626647949219,1209903
2024-11-22,466.1491470452648,487.2334198699846,466.1491470452648,484.93853759765625,1956028
2024-11-25,495.74369872824616,505.8316336243411,487.7115662672828,496.0305480957031,4179863
2024-11-26,496.7476827396616,501.52869989788746,480.0141226858713,482.21337890625,1448543
2024-11-27,484.79512776289835,485.2732294668065,468.5396698300201,482.8827209472656,1705641
2024-11-28,478.6276107171403,489.05025135102454,471.50391273917893,482.6436767578125,2538775
2024-11-29,473.41631870693806,481.6874724472491,466.9141179474297,469.1134033203125,3714719
2024-12-02,463.94993628408884,471.6473625612381,457.06525961332346,458.35614013671875,3993058
2024-12-03,463.5673889556239,470.9779651826603,460.89003115245407,468.8265075683594,2086164
2024-12-04,471.4082952404371,480.92253112712706,465.7188731082335,467.6791076660156,2969020
2024-12-05,470.452085824126,470.452085824126,449.46340894066486,453.0013732910156,4375627
2024-12-06,455.7265707231999,456.8739973561453,452.5710818253197,454.10101318359375,1982279
2024-12-09,454.29221546864153,455.7265204874769,445.63855767972893,447.3597412109375,2305005
2024-12-10,448.5550231654792,452.2364121112909,443.05685358619263,448.7462463378906,1733645
2024-12-11,449.415593725656,454.1966106801842,448.0769148145904,448.98529052734375,1181212
2024-12-12,451.2802130897245,451.32801158803863,445.3517402481546,445.78204345703125,1011901
2024-12-13,447.5031898206767,450.75427553445365,431.343358246688,434.4510192871094,2862359
2024-12-16,435.07253449803017,442.38748446163,434.5944328117686,441.0010070800781,1766363
2024-12-17,439.27988236572014,440.95323849187025,424.5543542918021,425.3193054199219,1768145
2024-12-18,427.2316843478462,431.2477504591169,420.9207650030111,425.89300537109375,2568119
2024-12-19,416.9046826804632,427.75759711396665,415.1835282317101,419.7254943847656,3369177
2024-12-20,419.77327819139134,422.450635947087,398.7368041134629,403.3265686035156,3345519
2024-12-23,403.5656075493248,408.2031995796398,395.86818234284027,402.2269287109375,2754816
2024-12-24,404.47403987405477,409.9244109490178,400.2189230540387,406.9601745605469,1408323
2024-12-26,407.6773547679339,410.2112881241061,403.6134900254457,408.3466796875,1140246
2024-12-27,409.25506228234735,410.7371659055911,403.32658942734764,406.5298767089844,994577
2024-12-30,407.15139551902325,414.9444765637157,397.0156628369912,402.8484802246094,6466718
2024-12-31,402.3225790722316,418.0043089384287,399.5973935560391,411.8846130371094,3137020
2025-01-01,414.9922760716009,419.24739287884125,409.5419050130023,417.9565124511719,1408767
2025-01-02,416.5699857568076,446.5469667713429,416.4743595851084,443.0090026855469,8809869
2025-01-03,447.5032091031315,469.73493904254985,445.5908022266224,460.02947998046875,12072883
2025-01-06,462.8502647627042,464.2845699267424,435.5984666459795,437.6543273925781,2853849
2025-01-07,439.85354908138135,457.6867360503265,439.85354908138135,453.5750732421875,5339442
2025-01-08,454.48346310599993,472.8903785057144,452.90573333651247,470.16522216796875,7307026
2025-01-09,468.53970774746557,468.53970774746557,434.11638228030483,446.5470275878906,9333706
2025-01-10,449.4155868804341,450.99331661519506,434.5944345471432,435.88531494140625,3609946
2025-01-13,444.6345634647247,457.6867335237773,429.19188499994766,432.5863952636719,9815743
2025-01-14,432.5863918462596,447.4553715210071,432.5863918462596,444.7779846191406,2788151
2025-01-15,445.5908046763151,453.24043222440633,440.809787458758,443.7261962890625,1858906
2025-01-16,458.02145247081546,463.1849452637201,445.6864338041507,450.1805725097656,2574384
2025-01-17,449.41560636076844,457.0174352045949,448.937504651874,454.00537109375,1688995
2025-01-20,454.00540516630855,466.00577646877974,449.55906477610034,462.6112365722656,2542513
2025-01-21,462.65902013033354,468.44403901797733,451.6626810492495,453.4794616699219,2543729
2025-01-22,453.4794610522563,454.2444120974937,428.6659712263332,434.4510192871094,4206722
2025-01-23,432.25175952378765,449.4156231881667,422.880977350993,431.53460693359375,3508784
2025-01-24,430.05245996841415,433.8294749023531,404.52181865474995,405.9083251953125,4061399
2025-01-27,405.9083235879457,405.9083235879457,387.6926613749544,388.840087890625,2668031
2025-01-28,391.0871639857365,393.66892466244724,373.3974022895601,379.6605224609375,2714364
2025-01-29,380.568952805618,390.8959378425114,374.92735858766673,389.70068359375,2555776
2025-01-30,390.13099612881507,402.5616406133116,384.5372002745891,399.4539794921875,3432662
2025-01-31,399.4539752002314,406.4342484325822,393.09522834922495,402.0357360839844,2624269
2025-02-01,402.56162113352997,408.2510428908383,388.6966721871257,392.7127380371094,1123769
2025-02-03,392.56932966656143,395.8682433670258,372.297833263622,377.5091247558594,2667713
2025-02-04,383.8200466319014,389.1269931170858,379.4215050673649,387.69268798828125,1597972
2025-02-05,389.174807315366,413.94047103559564,389.12700881488263,412.6974182128906,4779988
2025-02-06,417.38278316722193,417.38278316722193,402.8963075257991,406.3864440917969,2345991
2025-02-07,406.386442781048,409.01600211669006,393.6689493028929,406.1951904296875,2037690
2025-02-10,396.63316527638244,397.35031783836797,380.0908578523216,387.5014343261719,5734994
2025-02-11,387.3101863623873,396.202895740452,377.79597977410276,394.1470642089844,4121580
2025-02-12,394.4338800892658,402.657234698238,386.30615165106275,399.2626953125,4836753
2025-02-13,399.26274654167526,399.69304977484325,387.93175878641017,394.81640625,3027874
2025-02-14,396.8244298772129,399.2627369908,373.01496992078273,378.9912414550781,3299511
2025-02-17,374.7082860699261,391.0613044678406,365.0229973253024,389.8932189941406,2989496
2025-02-18,393.8841551979666,393.8841551979666,375.8276955884918,387.9464416503906,3238537
2025-02-19,384.49090389854257,395.44159419945044,381.2300257344759,385.80499267578125,2327087
2025-02-20,387.4110806232071,398.60511938493295,381.18136064476755,394.8575439453125,2790526
2025-02-21,394.32220786064204,401.3793195958098,380.2079843903065,381.9600830078125,2221369
2025-02-24,381.9600985276005,382.98218085071613,367.0671705567222,368.721923828125,2394354
2025-02-25,368.96522537921305,375.73032999057676,358.50123302843923,362.4921569824219,2575940
2025-02-27,363.95225737644904,366.3857440260718,352.5148701232221,356.16510009765625,2591172
2025-02-28,355.2403984581229,357.673885145175,331.8789262624229,333.5823669433594,5947063
2025-03-03,335.9184956010162,341.3208239610419,330.0294402162189,332.5602722167969,3001287
2025-03-04,326.5739229650155,343.7056756846379,319.4194659544584,341.8562316894531,3464023
2025-03-05,343.75435227472053,366.4831257773404,342.6349542460128,358.4039611816406,4917698
2025-03-06,361.42143688272984,366.1424070751663,355.5810687367833,362.2975158691406,3232955
2025-03-07,362.10282727719317,362.10282727719317,355.0943735766654,359.9126892089844,3422495
2025-03-10,361.1293878847614,367.6998012761957,349.6920016107831,353.19622802734375,2691390
2025-03-11,350.42208832828067,361.7621305233301,344.3383715170258,359.3286437988281,1942431
2025-03-12,361.1294070154823,364.5362882137415,352.1255067057971,357.0411376953125,1926697
2025-03-13,360.15603381689,371.8367700487891,358.3065898546356,365.50970458984375,4620549
2025-03-17,366.96980490781414,374.4649560415066,366.0450680529752,368.0892028808594,1959640
2025-03-18,368.0892028808594,368.0892028808594,368.0892028808594,368.0892028808594,0
2025-03-19,375.7303538496716,377.67714324785646,370.5226862683974,375.5843505859375,2152373
2025-03-20,378.5045136870416,383.42014476252183,373.34550424464,380.8893127441406,2113205
2025-03-21,382.5441005746469,389.8445605092776,379.2345646787439,383.1281433105469,3858351
2025-03-24,387.4110774437385,393.640797371051,385.9023275922343,387.5084228515625,1611951
2025-03-25,392.13204488368723,392.13204488368723,373.4915430781369,379.9159240722656,2899258
2025-03-26,379.9159256327383,386.3403363589024,369.0625810658171,370.7660217285156,3544394
2025-03-27,371.83678545742697,381.37604189318483,370.8633907310986,375.7790222167969,6258419
2025-03-28,378.0664834460917,386.048331613045,371.9341089145004,376.46038818359375,3059820
2025-04-01,376.4604085800432,384.3449117661591,374.2702704564359,375.19500732421875,1893089
2025-04-02,375.92506768521923,383.1281829583354,364.0496397470396,381.6680908203125,2198587
2025-04-03,377.3851472797583,382.00877222981796,371.83678545742697,375.7790222167969,1896611
2025-04-04,371.836786276806,374.65962504824864,345.16577665776714,348.2319641113281,5358396
2025-04-07,319.12743495808724,336.5998507197363,316.35325432518323,334.1177062988281,4117814
2025-04-08,339.7147380599818,345.3604152343069,333.0469786640933,344.0463562011719,2609456
2025-04-09,339.7147420284881,342.3915773883115,327.44996316598616,340.3474426269531,3883921
2025-04-11,345.5551155208119,351.49282908074997,341.6615367543802,349.3513488769531,2046609
2025-04-15,357.2358587160018,358.20925342639964,351.68749698447454,356.21380615234375,1484895
2025-04-16,360.15603493798955,369.4032844836947,356.50580485415855,368.2351989746094,3321597
2025-04-17,369.889981906188,376.411738206267,367.1644886586123,374.17291259765625,2432713
2025-04-21,375.82770000490007,387.8977883564166,371.20407517505566,385.31829833984375,2997217
2025-04-22,385.3183038579577,395.9769581633777,381.27872173200444,393.25146484375,2872315
2025-04-23,394.2248486516421,401.81731533600697,388.57917134333474,396.025634765625,2391063
2025-04-24,393.2514489974794,395.78228109552344,386.6323770847315,391.8887023925781,2916837
2025-04-25,390.2339391498501,393.78682395349955,378.74789328186404,388.7251892089844,2820294
2025-04-28,387.16776486136024,395.9283176803477,383.03083714128286,394.3708801269531,1727973
2025-04-29,394.80888156477994,401.86599287708634,390.8179575022082,393.6894836425781,3607844
2025-04-30,393.68949423206607,402.9854016388181,387.21639577938754,399.8218688964844,3621149
2025-05-02,397.145025864005,405.41888056950506,394.4195326668053,395.10089111328125,1654410
2025-05-05,389.35785842333036,394.9548776381657,378.35851080513015,393.8354797363281,3367921
2025-05-06,395.14956962450526,397.5830562468864,384.97758366069326,387.6544189453125,2022615
2025-05-07,379.62392833121095,397.7777333218173,378.6505336431822,396.025634765625,2358373
2025-05-08,395.3929210157794,403.9587821034243,383.3228035209422,388.23846435546875,1905734
2025-05-09,379.62393080644046,393.25145652769726,378.65053611206497,392.570068359375,1994556
2025-05-12,398.60513413444323,410.96725884578086,398.1670946322556,405.3702392578125,3053060
2025-05-13,405.41889027917983,407.07367314217066,395.73360118616927,396.60968017578125,1331889
2025-05-14,401.0386305101313,414.17945942247786,399.6758838233143,407.7063903808594,3578800
2025-05-15,407.7550503412295,412.71936945266276,402.0120273206361,411.25927734375,2371184
2025-05-16,411.2592626322365,417.44032494665555,409.55582189944033,412.62200927734375,2335245
2025-05-19,414.7147959179742,418.5110589746439,410.2858619593908,411.6972961425781,1823984
2025-05-20,414.13078623284355,422.45329902022206,409.79916794357945,412.0379638671875,2609402
2025-05-21,415.63952937243556,417.2456246572181,409.84781913006856,415.15283203125,1356827
2025-05-22,411.25927828098975,411.25927828098975,393.34882097863994,407.2196960449219,7564155
2025-05-23,406.8789927730766,418.99776891376894,405.3215552806622,414.61749267578125,2120628
2025-05-26,416.66158723022636,420.99320550438057,415.15283733553366,416.3209228515625,1189416
2025-05-27,416.3695948754242,421.0905652470528,414.228114591701,419.82513427734375,1061214
2025-05-28,423.2806859088207,424.1567351866652,417.1482815526124,418.7057189941406,2023901
2025-05-29,422.45327736463315,436.3241511029881,418.70570202752714,432.4305725097656,3572959
2025-05-30,435.1074080064456,435.1074080064456,413.01133759679004,415.44482421875,5966660
2025-06-02,416.6129479972839,417.4889973206342,408.0470861824035,412.33001708984375,1873611
2025-06-03,416.5155923621468,417.9270265803255,405.7595926499891,407.0249938964844,1876719
2025-06-04,406.39228874655333,414.08210096374154,403.27741381282317,413.6927490234375,1609449
2025-06-05,414.17946156157547,418.2677313487911,407.65770492617196,411.25927734375,2710704
2025-06-06,411.2105898123384,415.34751715569934,408.9717642501896,413.1573791503906,1215059
2025-06-09,414.61750360589593,423.42671416781684,413.2060693430765,422.64801025390625,2340904
2025-06-10,424.88676813191745,429.46173490586034,422.2099328229535,425.7628173828125,1507371
2025-06-11,432.91728345669134,455.54870974194836,430.77580328077335,452.9205322265625,18723840
2025-06-12,462.36250392831954,475.9900303598911,453.21259926539443,455.8894348144531,16610618
2025-06-13,467.2294446624804,473.0698127207614,460.65903059691425,465.039306640625,18996179
2025-06-16,472.04774773947025,478.42347081929967,465.7693403601931,468.05682373046875,10245316
2025-06-17,470.05229320924104,471.561072812881,460.12368512388355,465.47735595703125,5655322
2025-06-18,469.17624617994187,473.02116713359305,452.92054278065945,457.1548156738281,4484962
2025-06-19,458.274194409032,461.9244243869257,450.92507660246514,457.3494873046875,3497665
2025-06-20,459.44229725880723,459.44229725880723,448.88095884891044,452.53118896484375,3531943
2025-06-23,459.4422720795189,464.26058745074727,447.1774936210125,459.636962890625,7201352
2025-06-24,451.6551451431328,453.35858588451316,432.6739483106089,433.988037109375,8745292
2025-06-25,436.0807969301157,437.78423754312394,426.93089329280065,429.3643798828125,4344968
2025-06-26,430.24046417078915,432.77129637174716,425.9575333645175,430.532470703125,3454307
2025-06-27,430.77578721673325,432.1872213308157,419.53309097653505,421.8692321777344,12425484
2025-06-30,423.91336806258323,429.0723478008334,420.89583872077867,422.6966247558594,2193263
2025-07-01,426.3468661057717,426.3468661057717,418.8517152531599,422.8913269042969,2532988
2025-07-02,423.5240305145364,425.3734744623736,420.1171491401238,424.302734375,3201274
2025-07-03,426.6388833443858,442.16454062674796,424.984130184692,440.8991394042969,8737201
2025-07-04,441.921192282582,442.26188636754193,432.2359031685787,433.89068603515625,3561602
2025-07-07,433.89069289031175,435.15609413369964,428.2936732961013,428.8777160644531,1818384
2025-07-08,429.36442876805773,434.71809987562546,429.3157412073261,431.31121826171875,1474367
2025-07-09,431.7005438281829,435.5941225774788,429.8024123056418,433.54998779296875,1342459
2025-07-10,437.05420717075896,437.8329110251069,423.9133791155134,425.86016845703125,2395496
2025-07-11,426.3468537809113,426.93089650804194,415.6395127042218,420.7984924316406,2515975
2025-07-14,421.4799091529666,434.76674099460354,419.43577432218035,433.988037109375,2603352
2025-07-15,431.2138562465686,435.69147785075535,428.6343662078939,433.988037109375,1691288
2025-07-16,430.2404641542704,435.10743773067617,430.2404641542704,434.57208251953125,1458656
2025-07-17,435.10743773067617,438.27097055533994,433.16064830011385,434.57208251953125,1044393
2025-07-18,434.76674658788073,440.2664208253894,433.5986907450109,435.9834899902344,2054293
2025-07-21,435.10741493995187,442.89457225431346,431.9438822809925,441.1911315917969,1734046
2025-07-22,439.97437537682123,442.89455928418954,436.17814223837183,439.3416748046875,1544230
2025-07-23,439.39033838856113,443.86795971275785,436.0808025248147,441.3371276855469,1722788
2025-07-24,441.5805035791662,442.89459237679864,433.8420334698182,435.05877685546875,2260983
2025-07-25,431.55451892410383,437.78423866943217,421.5285363240728,423.1833190917969,1205069
2025-07-28,425.17880503789434,429.26707477515566,413.6927591370548,414.9581604003906,1176775
2025-07-29,417.4403337076657,430.53247493396674,417.0996396128263,428.9750671386719,1537551
2025-07-30,434.13405848260396,437.5409401074674,430.72717685774046,432.9659729003906,1901183
2025-07-31,430.38646333113695,433.79334480225066,425.9575293009487,428.2936706542969,1599592
2025-08-01,425.86017668627113,428.29366341019266,418.5597165145065,422.501953125,1975660
2025-08-04,425.37346818803155,425.76282011252033,416.612916211619,417.4403076171875,1397797
2025-08-05,417.09961293420946,424.35141505301425,408.5337517853809,421.4798889160156,2288242
2025-08-06,419.53310556764956,423.6700329427366,416.85627020729913,420.5065002441406,2156704
2025-08-07,416.2235625175706,423.7673711318536,414.66612512058913,420.6524963378906,1344648
2025-08-08,418.5597022715199,424.5947610237404,418.4136990141826,420.8958435058594,1583670
2025-08-11,420.5065031375197,421.7719043434057,407.3656749144722,412.1839904785156,1932699
2025-08-12,412.71932952932076,416.95360217670617,411.7945927342014,413.7900695800781,1240551
2025-08-13,414.7147874485436,416.27222486233904,390.33126283687807,396.171630859375,6879674
2025-08-14,397.43700806081705,398.70243887937,385.95096352542106,390.087890625,3923902
2025-08-18,395.19822080510454,395.97692462886573,386.14566260488175,390.769287109375,2682648
2025-08-19,392.27805184937193,398.0697620157595,390.76930199374885,397.24237060546875,853141
2025-08-20,398.06975633643714,398.55645366429405,392.9107468377653,397.14501953125,2079625
2025-08-21,397.1450207538852,402.8880432991477,396.4149747598523,399.8705139160156,1609390
2025-08-22,399.8705286135759,402.74205484457616,396.5123347409801,398.5077819824219,1309378
2025-08-25,398.5077642956179,399.87051086628975,394.5168402842133,398.4591064453125,1014761
2025-08-26,398.1184323038018,398.1184323038018,386.145689375947,388.2871398925781,2416702
2025-08-28,388.38444989896766,390.23389371926214,379.0398556895926,380.110595703125,2049222
2025-08-29,380.1106148866049,381.7167101351371,374.3675923313683,379.9159240722656,3349257
2025-09-01,379.9159564285849,390.33129206417834,378.4558643136316,389.40655517578125,1422828
2025-09-02,390.57462863131104,396.5610001757452,386.53504651307657,391.35333251953125,1131425
2025-09-03,389.5038967551161,399.09184082334343,389.5038967551161,392.03472900390625,858612
2025-09-04,393.7445032888195,394.47727841900956,383.72990984288793,384.5603942871094,1235200
2025-09-05,384.560399612388,388.2731150634186,382.1666555606072,387.29608154296875,1501955
2025-09-08,390.56915281430537,390.56915281430537,381.97126969466547,382.94830322265625,685485
2025-09-09,384.85348603911933,388.51736162939403,382.45977187682405,383.53448486328125,687532
2025-09-10,389.8363868094705,389.8363868094705,381.04308485136215,381.7270202636719,1193875
2025-09-11,383.9741738466555,390.12947310377814,383.4368173366532,385.5862731933594,2476339
2025-09-12,385.58627684851535,390.8134122000302,384.3161451855441,389.2501525878906,1350083
2025-09-15,389.3966912941139,391.3019185545788,383.97416727078513,385.87939453125,1772987
2025-09-16,387.1495262602283,391.79043540782726,383.97416736976584,389.6898193359375,1818441
2025-09-17,390.6668542608357,394.9169559853207,389.3966928100157,394.2818603515625,2140559
2025-09-18,396.1382700102059,396.18710976167233,388.02887354799986,389.9829406738281,1308680
2025-09-19,392.66976961670605,395.6985795220662,390.2271857924958,394.7703857421875,2301934
2025-09-22,395.6985900543343,402.5378249441623,392.3278123605257,399.8509826660156,1916721
2025-09-23,400.1929484554116,401.5607894634805,394.28187758180644,395.2589111328125,1604703
2025-09-24,396.67561473667257,398.09232528741103,394.7215476690042,397.2618408203125,1008571
2025-09-25,399.6555557069124,413.28518545167856,398.23887497067795,405.27349853515625,6236842
2025-09-26,404.49190943855695,408.0580761067406,397.94577240743683,400.8280334472656,1503166
2025-09-29,408.40001146831935,413.2851790696151,405.46891090754195,407.667236328125,4207568
2025-09-30,406.4459333666583,409.37703384766786,401.1699584641803,404.29644775390625,2205908
2025-10-01,406.44595138645377,409.18163336333754,399.3624582433004,401.8538818359375,1932766
2025-10-03,399.6067388874294,407.42300761872383,397.2129946617909,405.17584228515625,2588580
2025-10-06,404.980409600923,411.57538611432767,403.51485926461083,409.5724792480469,2355560
2025-10-07,412.7478332519531,418.61003452536215,409.03508788877554,412.7478332519531,3473185
2025-10-08,412.7478329620186,413.8225460080306,405.46892112596976,407.2275695800781,1218310
2025-10-09,405.5666251655198,409.86556674371155,403.3194301515193,408.30230712890625,1405743
2025-10-10,405.95742604595677,410.7448843127623,405.95742604595677,408.5954284667969,1348389
2025-10-13,405.46894000205475,408.4488805259927,397.7992203543388,406.8856506347656,2991227
2025-10-14,410.3540606470714,411.2333848136903,403.5636660501619,404.5895690917969,2387212
2025-10-15,404.58958285934267,414.9949837879194,402.6355158373866,413.3340148925781,2294459
2025-10-16,413.2851790696151,413.3340188189493,405.02923389674663,407.667236328125,1667593
2025-10-17,406.2994286519542,406.73907588207385,396.67564172556797,399.509033203125,3456903
2025-10-20,399.60669700901497,400.7302795580483,396.33362885746016,397.6037902832031,2589621
2025-10-21,398.3365836708696,399.7532644049108,395.6985812028384,397.2618408203125,210086
2025-10-23,400.63260944558357,409.8655887468951,399.6067361084151,407.8138122558594,4650187
2025-10-24,411.28228062817095,412.65012162095945,407.618404852828,409.8655700683594,2648404
2025-10-27,410.35408121570293,415.0438302172036,409.5235967546651,412.6501159667969,1684230
2025-10-28,415.2392289769931,415.2392289769931,401.3165018877645,403.27056884765625,3047030
2025-10-29,403.7102876343099,412.2593314688737,403.51486899141184,410.8426208496094,1634139
2025-10-30,410.7448829477626,426.1820303449057,410.64717363311235,424.76531982421875,6027483
2025-10-31,425.0095908362901,427.2567560565616,420.8083585317138,423.3974914550781,1781066
2025-11-03,423.3974871353206,431.8488212253736,420.4663865387683,426.9636535644531,1558767
2025-11-04,427.9407147068276,428.86890854896717,419.6359291474485,421.5899963378906,1262735
2025-11-06,421.5899800298544,425.8889217191947,419.68475266619214,423.1043701171875,1300076
2025-11-07,422.9089869373155,428.2338020063081,418.2680774776265,423.7394714355469,1285300
2025-11-10,423.73947481022174,428.86890109599204,421.00376290112507,421.8830871582031,1186554
2025-11-11,422.0785105714232,427.5499046347629,420.41754154295796,425.93780517578125,852274
2025-11-12,427.0124975791507,439.17657710300983,426.03546403720856,431.0183410644531,2447507
2025-11-13,432.5327556258124,432.5327556258124,422.81126007634975,424.47222900390625,1340682
2025-11-14,425.93778393113786,429.50395039082,421.150295729066,426.8171081542969,1413722
2025-11-17,426.9148314235118,433.41209871718996,423.0555368855211,426.23089599609375,1947670
2025-11-18,427.5010144420997,427.9406914627473,420.8083585317138,423.3974914550781,1415722
2025-11-19,421.7853913837839,427.6964323774559,421.5899727489942,426.8171081542969,760053
2025-11-20,427.9406857793547,428.82000999227427,424.52106842723657,426.1820373535156,1092339
2025-11-21,425.39406835123157,426.3790048512612,417.12060776255777,418.6472473144531,3508596
2025-11-24,419.28749508556893,419.8291981568138,408.994896268896,414.2643127441406,7911440
2025-11-25,412.6884116406462,416.23418920808416,408.30543199983185,414.70751953125,1194721
2025-11-26,412.7868980570926,418.54878266200205,411.60496221992463,416.77587890625,844279
2025-11-27,416.6773819279025,418.15478670494207,408.256186721928,410.91552734375,1069299
2025-11-28,413.5256216881863,413.5748564931493,404.9566615731294,406.9757995605469,1004484
2025-12-01,406.97578734423024,411.21100241178743,405.7938514818118,407.9607238769531,1126148
2025-12-02,405.8430956478319,411.40801123239703,405.8430956478319,410.3738098144531,664332
2025-12-03,413.6733562602793,413.6733562602793,400.918415752436,404.5134582519531,1765944
2025-12-04,405.44910884405886,405.54760850675916,400.9183948807383,402.0018310546875,2221247
2025-12-05,402.051116797228,406.6803006058085,400.22897814520144,405.74462890625,760930
2025-12-08,406.7787756313274,408.748648636806,395.3535061879763,397.8651123046875,1200785
2025-12-09,395.05804059750636,400.03195795520566,392.0047314016468,395.8459777832031,3705448
2025-12-10,398.65305671873267,398.65305671873267,389.6408935666851,393.8268737792969,3276833
2025-12-11,393.97460825975935,401.6571010976738,391.6600014246578,398.7515563964844,799175
2025-12-12,397.96359524283247,399.09629630523625,395.2550197695458,398.25909423828125,1803667
2025-12-15,397.4218955670371,398.2098327792109,392.34947837620814,397.47113037109375,564288
2025-12-16,395.40278320073145,396.8801880002491,394.0238480082129,395.6490173339844,597083
2025-12-17,394.17160370247143,398.11134974624275,390.3303272634929,392.1524658203125,863119
2025-12-18,393.72837411566,396.9294178076572,390.7735645538164,393.8268737792969,2446502
2025-12-19,397.32337763413653,401.95259120199427,394.41783299718463,398.9485168457031,1551480
2025-12-22,401.903354768522,401.95261963167604,397.7666392153923,399.8842468261719,704060
2025-12-23,398.89930404300446,409.19190304701846,398.89930404300446,404.0702209472656,1528489
2025-12-24,404.21794434007825,407.2712535828675,401.85410268877854,402.74053955078125,706490
2025-12-26,402.83905048240126,404.16872084153493,396.04299427312463,396.6831970214844,1696823
2025-12-29,396.9294090766175,401.9525912328349,395.0580357401889,400.1796875,893809
2025-12-30,402.05109259533987,406.7787757871488,398.7022844384421,405.25213623046875,1277438
2025-12-31,405.8923521513123,422.93174218644185,404.61191662087674,417.95782470703125,2728793
2026-01-01,417.859310195648,423.03022682152226,412.39292464287445,421.1095886230469,1780489
2026-01-02,421.10960961723777,425.0001210100055,419.87843893065025,422.3900451660156,1077168
2026-01-05,425.9358316040119,425.9358316040119,408.84717610757565,413.5748596191406,2381147
2026-01-06,413.5748544523432,419.97694207562364,410.71854444737835,419.1397399902344,1325704
2026-01-07,417.317624327512,417.317624327512,407.1235251194528,412.0974426269531,1569435
2026-01-08,409.1426359061387,411.65424213751976,400.2289721725366,403.7747497558594,4225325
2026-01-09,405.79383789742053,418.8934813209585,405.79383789742053,413.7225646972656,3122912
2026-01-12,414.6582812881716,420.42016603023603,408.453193140027,419.1889953613281,1405653
2026-01-13,423.2764837426611,443.12294927829805,419.18900305840884,441.153076171875,12617320
2026-01-14,443.02443022479804,460.4578184769143,442.72896129491545,451.1009216308594,12398467
2026-01-15,451.1009216308594,451.1009216308594,451.1009216308594,451.1009216308594,0
2026-01-16,446.1270299397895,446.1270299397895,435.0464935636725,441.89178466796875,3638109
2026-01-19,438.2475141999267,440.2173872291515,427.26544801569713,429.2353210449219,1585839
2026-01-20,429.5308362917284,433.8645511084781,420.32167351996145,422.53778076171875,1946848
2026-01-21,420.0754354711758,429.28459815720737,419.4352327299817,427.01922607421875,2347581
2026-01-22,430.41725237060984,437.60727682870737,429.0383472761924,429.87554931640625,2200941
2026-01-23,430.41727684310547,433.8645548040914,420.66641090789227,429.1368713378906,1888918
2026-01-27,428.4473958037802,443.56617773624777,426.8222565209276,441.79327392578125,3042958
2026-01-28,448.1461125022896,489.02097770854243,447.65364424679257,483.1113586425781,29364980
2026-01-29,485.5244887867502,512.1670106847985,485.5244887867502,506.99609375,20563028
2026-01-30,503.84428716986343,510.19714002928686,492.8130156904438,502.36688232421875,12028407
2026-02-02,482.6188925850682,483.9485628925412,468.0910789817421,476.0198059082031,5177584
2026-02-03,487.54358024440904,489.3164539676014,469.42075418225295,481.53546142578125,3270360
2026-02-04,482.865147226099,516.1067560356469,482.865147226099,499.4613342285156,15816122
2026-02-05,502.12064635089655,508.5227339919937,489.5134704038874,490.9908752441406,4088756
2026-02-06,488.13456527698855,496.0632925639392,483.6038510882117,489.75970458984375,4693599
2026-02-09,492.5175175095575,493.45321926984735,479.9103414954753,482.66815185546875,3802824
2026-02-10,486.5094189689482,486.5094189689482,474.788650024063,481.4862365722656,2054107
2026-02-11,476.61077151709486,481.3877196055747,465.8749695620191,472.03082275390625,8900941
2026-02-12,473.55746730269243,481.73245846222017,463.90510141945134,467.6971130371094,7698264
2026-02-13,463.90511516841275,463.90511516841275,445.4867896555602,448.3923645019531,5341810
2026-02-16,446.7672331585611,457.79850468301873,445.33906311212235,456.8135681152344,3149289
2026-02-17,456.813545294008,458.5864490621774,451.3963944418209,457.70001220703125,1834585
2026-02-18,458.0,458.0,446.0,453.45001220703125,4052059
2026-02-19,465.25,485.79998779296875,460.8999938964844,476.70001220703125,19628154
2026-02-20,480.3500061035156,486.1499938964844,471.95001220703125,475.54998779296875,8314392
2026-02-23,474.95001220703125,475.25,466.6000061035156,473.75,2669691
2026-02-24,476.0,478.79998779296875,467.6000061035156,472.20001220703125,2965156
2026-02-25,472.20001220703125,475.25,463.25,470.25,2027246
2026-02-26,470.25,477.54998779296875,469.75,473.45001220703125,1966686
2026-02-27,473.20001220703125,490.75,470.70001220703125,483.8999938964844,7740031
2026-03-02,503.0,505.0,476.04998779296875,488.04998779296875,18779292
2026-03-04,495.04998779296875,506.25,484.1499938964844,492.1000061035156,20190436
2026-03-05,495.0,502.3999938964844,474.3999938964844,479.1000061035156,8668042
2026-03-06,483.6499938964844,489.04998779296875,474.70001220703125,484.5,8128934
2026-03-09,503.0,503.0,464.0,474.04998779296875,13477812
2026-03-10,470.95001220703125,475.45001220703125,460.75,470.54998779296875,5079454
2026-03-11,470.54998779296875,484.3999938964844,465.95001220703125,482.70001220703125,6545246
2026-03-12,483.54998779296875,489.75,475.5,479.29998779296875,5799980
2026-03-13,481.0,483.3500061035156,467.3500061035156,470.54998779296875,4296456
2026-03-16,471.0,473.70001220703125,454.3999938964844,460.1000061035156,4235090
2026-03-17,460.29998779296875,475.0,456.3999938964844,473.75,3362643
2026-03-18,474.6000061035156,476.54998779296875,465.79998779296875,470.45001220703125,2642495
2026-03-19,471.95001220703125,483.0,465.3999938964844,477.04998779296875,7842725
2026-03-20,476.0,485.8999938964844,472.0,475.5,4106460
2026-03-23,475.75,480.6000061035156,462.8500061035156,464.6499938964844,3239580
2026-03-24,461.8500061035156,485.6000061035156,461.1499938964844,477.95001220703125,3724100
2026-03-25,476.75,477.0,467.1499938964844,471.3999938964844,4996363
2026-03-27,473.70001220703125,490.0,462.04998779296875,478.0,9323712
2026-03-30,478.0,492.5,470.0,475.45001220703125,6521652
2026-04-01,480.0,482.29998779296875,471.79998779296875,473.3999938964844,3482577
2026-04-02,478.0,483.0,463.20001220703125,480.1499938964844,5921901
2026-04-06,481.1499938964844,484.8500061035156,470.04998779296875,472.20001220703125,3159564
2026-04-07,472.6499938964844,489.0,468.0,481.8999938964844,6217264
2026-04-08,476.04998779296875,476.8500061035156,457.5,458.95001220703125,16422905
2026-04-09,459.0,472.0,456.3999938964844,470.75,10892953
2026-04-10,471.95001220703125,475.0,467.3500061035156,471.29998779296875,2352183
2026-04-13,475.0,481.95001220703125,467.25,477.1499938964844,7253346
2026-04-15,472.95001220703125,473.70001220703125,461.5,463.25,7533552
2026-04-16,465.8500061035156,466.8999938964844,461.1499938964844,462.3999938964844,3612628
2026-04-17,464.1000061035156,471.25,462.1000061035156,470.1000061035156,3551921
2026-04-20,473.3999938964844,475.0,466.8500061035156,471.70001220703125,3431487
2026-04-21,473.8999938964844,473.8999938964844,464.0,465.1499938964844,2658587
2026-04-22,468.0,470.6499938964844,463.04998779296875,469.75,5819012
2026-04-23,472.95001220703125,481.8500061035156,470.29998779296875,473.8999938964844,4874766
2026-04-24,477.0,485.8999938964844,470.0,473.70001220703125,5542670
2026-04-27,475.0,478.45001220703125,470.54998779296875,476.20001220703125,2981521
2026-04-28,479.79998779296875,501.0,478.29998779296875,497.20001220703125,10897762
2026-04-29,500.0,504.29998779296875,491.29998779296875,492.8500061035156,4351303
2026-04-30,502.04998779296875,504.0,485.3999938964844,490.79998779296875,4736274
2026-05-01,490.79998779296875,490.79998779296875,490.79998779296875,490.79998779296875,0
2026-05-04,487.0,490.79998779296875,472.6000061035156,475.1000061035156,6718867
2026-05-05,479.95001220703125,482.3999938964844,463.70001220703125,476.5,4775898
2026-05-06,473.3999938964844,476.45001220703125,448.1499938964844,450.25,9679898
2026-05-07,454.0,457.1499938964844,450.5,452.8500061035156,6169301
2026-05-08,455.04998779296875,456.79998779296875,451.70001220703125,454.20001220703125,2276506
2026-05-11,457.0,460.75,454.0,456.0,2727627
2026-05-12,472.0,499.3999938964844,471.6499938964844,490.95001220703125,31731906
2026-05-13,493.45001220703125,511.45001220703125,491.0,507.1000061035156,10297489
2026-05-14,525.4000244140625,531.0,514.5999755859375,517.5499877929688,15476909
2026-05-15,524.0,525.0,513.7000122070312,518.2999877929688,3826324
2026-05-18,519.7999877929688,520.5499877929688,504.45001220703125,506.04998779296875,3375155
2026-05-19,504.0,507.95001220703125,500.79998779296875,501.70001220703125,1657578
2026-05-20,502.6000061035156,511.95001220703125,498.75,504.3999938964844,2349833
2026-05-21,502.0,507.0,499.29998779296875,503.5,2749706
2026-05-22,503.0,507.0,498.3999938964844,499.75,1951342
2026-05-25,492.5,493.8999938964844,481.0,482.54998779296875,3887162
2026-05-26,484.8999938964844,496.45001220703125,483.20001220703125,492.1000061035156,3000663
2026-05-27,491.29998779296875,491.29998779296875,484.5,488.0,1177761
2026-05-28,488.0,488.0,488.0,488.0,0
2026-05-29,487.54998779296875,487.6499938964844,472.29998779296875,476.1499938964844,9869236
2026-06-01,479.75,484.95001220703125,476.25,482.75,2081113
2026-06-02,482.0,489.5,476.8999938964844,484.1000061035156,3518603
2026-06-03,487.3500061035156,495.3999938964844,485.79998779296875,490.95001220703125,3895881
2026-06-04,489.04998779296875,492.8999938964844,487.5,488.8999938964844,1691179
2026-06-05,491.79998779296875,494.95001220703125,482.0,483.3500061035156,2550336
2026-06-08,484.95001220703125,493.70001220703125,478.45001220703125,481.0,4230036
2026-06-09,483.0,483.45001220703125,469.1499938964844,475.95001220703125,2629524
2026-06-10,467.0,467.6000061035156,422.54998779296875,427.3500061035156,18169302
2026-06-11,429.6499938964844,438.0,426.1499938964844,429.3500061035156,9429122
2026-06-12,426.8500061035156,426.95001220703125,414.5,417.79998779296875,6568325
2026-06-15,418.79998779296875,419.79998779296875,410.5,417.20001220703125,4886356
2026-06-16,416.6499938964844,421.8500061035156,414.70001220703125,419.6499938964844,2109450
2026-06-17,419.0,419.6000061035156,412.5,417.04998779296875,2796268
2026-06-18,416.8999938964844,422.79998779296875,414.45001220703125,420.6000061035156,3552710
2026-06-19,420.5,420.54998779296875,415.6000061035156,418.1499938964844,2283403
2026-06-22,422.5,425.0,416.6000061035156,422.54998779296875,2611490
2026-06-23,422.54998779296875,422.70001220703125,414.20001220703125,416.3500061035156,3498544
2026-06-24,416.3999938964844,419.25,413.20001220703125,418.04998779296875,3290379
2026-06-25,416.29998779296875,418.45001220703125,404.1000061035156,406.79998779296875,6484082
2026-06-26,406.79998779296875,406.79998779296875,406.79998779296875,406.79998779296875,0
2026-06-29,408.75,414.0,407.0,412.75,6049429
2026-06-30,412.75,418.29998779296875,410.8999938964844,416.95001220703125,4098623
2026-07-01,419.04998779296875,421.95001220703125,412.3999938964844,419.79998779296875,2711192
2026-07-02,415.0,423.79998779296875,412.04998779296875,420.20001220703125,3576519
2026-07-03,422.0,427.45001220703125,417.70001220703125,422.1000061035156,4754936
2026-07-06,422.1000061035156,426.8500061035156,419.04998779296875,425.54998779296875,1563448
2026-07-07,426.0,427.0,421.5,423.1499938964844,2684628
2026-07-08,427.1000061035156,433.95001220703125,423.79998779296875,430.3500061035156,6238573
2026-07-09,432.3999938964844,433.70001220703125,422.20001220703125,423.04998779296875,2080107
2026-07-10,424.3999938964844,426.0,420.79998779296875,424.95001220703125,2041349
2026-07-13,428.45001220703125,432.20001220703125,422.3500061035156,431.04998779296875,3599534
2026-07-14,435.8999938964844,442.29998779296875,434.54998779296875,441.1000061035156,5996484
2026-07-15,441.0,441.79998779296875,430.0,437.20001220703125,2909888
2026-07-16,435.0,437.6499938964844,428.75,429.45001220703125,2285418
2026-07-17,430.95001220703125,436.75,427.25,435.3500061035156,2809397
2026-07-20,438.25,456.70001220703125,437.1499938964844,453.54998779296875,9434807
2026-07-21,451.5,453.75,443.8999938964844,445.1499938964844,1920253
2026-07-22,450.0,453.1000061035156,446.04998779296875,451.1499938964844,2534069
2026-07-23,453.0,461.0,450.8999938964844,458.79998779296875,4310065
2026-07-24,460.5,465.0,448.95001220703125,449.75,2893431
2026-07-27,445.0,446.1000061035156,438.1000061035156,442.0,3806947
2026-07-28,438.04998779296875,458.0,435.3999938964844,444.6000061035156,3561983
2026-07-29,448.8500061035156,449.8500061035156,440.25,447.8999938964844,1787186
2026-07-30,448.0,459.25,447.1000061035156,456.8999938964844,1592950
2026-07-31,454.95001220703125,459.3999938964844,451.20001220703125,458.6000061035156,1629335
2026-08-03,454.0,457.6499938964844,450.0,452.0,3770840
2026-08-04,454.0,454.0,447.1000061035156,450.0,603531
