date,open,high,low,close,volume
2021-08-06,30880.73443209622,30889.636708464805,30449.33836280451,30698.29296875,6751
2021-08-09,30882.618446029286,31089.88434164022,30444.533712124357,30591.220703125,8155
2021-08-10,30810.92290793397,30929.252521084,30053.554133403788,30281.923828125,11361
2021-08-11,30279.66183838653,31141.65166237676,30020.95669486357,31071.607421875,21990
2021-08-12,31088.232414161495,31088.232414161495,29959.339988342883,30499.73828125,16354
2021-08-13,30147.81528114888,30430.35491705948,29215.30641351463,29378.48046875,56177
2021-08-16,29469.44061092505,29469.44061092505,28480.264902918647,28552.2890625,37788
2021-08-17,28700.583149243354,28951.280330724378,28216.428438177518,28841.240234375,34515
2021-08-18,29050.54324822896,29207.332564732507,28640.051570042197,29087.251953125,18036
2021-08-20,28498.49695644036,29536.521680019312,28498.49695644036,29363.408203125,22129
2021-08-23,29423.284126883726,29423.284126883726,28783.48340084052,29167.22265625,18611
2021-08-24,29158.587356962733,29526.378402849437,28889.172748622375,29481.978515625,17371
2021-08-25,29481.983541284288,29707.895882690376,29178.03133498286,29311.37109375,19853
2021-08-26,29253.431264716502,29421.63849448862,28604.807569468718,28754.943359375,27379
2021-08-27,28754.938138875383,29234.504855502455,28560.356410571603,29120.41796875,17794
2021-08-30,29206.242306169544,29715.81810084908,29159.011442040286,29653.724609375,21907
2021-08-31,29653.729725399266,29846.991834402015,29347.796201267905,29724.41015625,23477
2021-09-01,29725.255793633645,30469.75475666638,29516.99100852892,30299.236328125,21226
2021-09-02,30307.020975942403,30566.9050048825,29933.803882050317,30243.84375,23348
2021-09-03,30227.285200762886,31093.424091611203,30227.285200762886,30643.72265625,18937
2021-09-06,30542.46036798857,30904.825343002707,30070.207064217244,30210.48046875,17421
2021-09-07,30304.8529742186,30715.15664267076,30080.451970952665,30246.58203125,20373
2021-09-08,30337.69211802151,30431.964017404116,29725.257448682,30103.380859375,43576
2021-09-09,30234.830883326584,30666.838661084028,30065.114200308934,30287.67578125,18152
2021-09-13,30197.087545105253,30495.567619542482,29961.172798659118,30270.45703125,17757
2021-09-14,30204.404026833974,30999.200889831245,30204.404026833974,30754.2734375,15680
2021-09-15,30977.68149262214,31344.388848630282,30669.860668973928,30844.013671875,20550
2021-09-16,31016.989955174417,31408.18087443652,30971.26672421321,31284.185546875,14900
2021-09-17,31376.65819184719,31508.770436865492,30790.88193402496,31255.162109375,25755
2021-09-20,31255.160952100265,31267.052528178625,30724.682756432212,30871.091796875,13710
2021-09-21,30862.3623536386,31045.620163082294,30263.138990404826,30649.189453125,13141
2021-09-22,30716.099906106214,31706.94183856125,30556.055711156932,31469.943359375,24864
2021-09-23,31537.086345239444,31788.571489195347,30952.017717649724,31257.52734375,19836
2021-09-24,31257.52188178422,32911.048210094166,31165.891126975388,31736.380859375,56987
2021-09-27,32083.934651925272,32083.934651925272,30320.329951745265,31122.58203125,27463
2021-09-28,31235.110993022212,31280.074867159874,30376.3813554497,30882.23046875,22651
2021-09-29,30810.465144721413,31046.284045129196,30205.95758158602,30516.609375,12605
2021-09-30,30555.673086074716,31139.60991057387,29848.16487433029,29918.609375,26346
2021-10-01,29904.548535452,30941.629597000177,29786.827095571985,30462.298828125,46167
2021-10-04,30574.50304627871,31411.480641752012,30435.361266845477,31205.71875,26275
2021-10-05,31235.1175021145,32225.86375772172,31107.72351834455,31963.0546875,35785
2021-10-06,31962.66731214683,32820.45316395934,31636.917030628152,31980.125,39341
2021-10-07,32114.60308308379,35178.14410593122,32094.882084454,35060.56640625,103807
2021-10-08,35174.88867988865,35248.49408074797,34396.605931699836,34647.1953125,34933
2021-10-11,34651.15885966281,35953.408293931185,34562.1710777542,35167.15234375,41176
2021-10-12,35358.90186410523,35528.76047994561,34915.38214496647,35294.44921875,26619
2021-10-13,35524.0485629527,36189.328261103365,35292.85207210602,35371.17578125,38382
2021-10-14,35472.14538470922,35670.31379467966,34915.38651860179,35264.82421875,30544
2021-10-18,35566.49964218255,35983.22083652172,35118.309639032464,35427.921875,23161
2021-10-19,35717.303044252556,37963.067570958956,35440.71513323395,36731.3125,65103
2021-10-20,36330.40643036818,36381.4598662347,35122.994515209386,35295.82421875,48518
2021-10-21,35566.505875445924,36221.029198552176,34727.59306771784,35373.859375,31859
2021-10-22,35565.56470836472,36519.79196956828,35199.42500959729,35691.0234375,36255
2021-10-25,35953.39337742145,35999.77272407035,34518.93643647144,34653.171875,27093
2021-10-26,34627.56988410485,36235.51703361382,34397.31706896051,35277.375,33010
2021-10-27,35481.57362639736,36118.543365701036,35354.22759871377,35502.23828125,25702
2021-10-28,35717.012644801485,35753.34350747668,35043.900106367604,35406.125,15533
2021-10-29,35406.081399057526,36792.12830790445,34645.824092097275,35515.59375,14414
2021-11-01,35634.54310355753,36557.20558996171,35420.284613792115,36401.92578125,22058
2021-11-02,36434.66936988603,36725.22046467539,35917.684377825346,36257.78125,14385
2021-11-03,36519.49485358115,37389.40807691568,36224.837432543034,36778.625,48779
2021-11-04,37150.722337480474,37252.493746631444,36851.818355980446,37050.22265625,2485
2021-11-08,37143.354876274345,37460.612234856635,36664.91985373246,37048.28125,18153
2021-11-09,37227.34805107655,37874.4142988524,37052.77113372676,37528.70703125,20994
2021-11-10,37546.29752251697,38123.768806217064,37189.59448482944,37525.9609375,20266
2021-11-11,37491.56922737763,38293.6793165614,36826.28968281933,37922.7734375,66159
2021-11-12,38122.86963038464,38321.981625533306,37274.472498656396,38161.51171875,60777
2021-11-15,37982.26528985123,38666.417894451035,37798.439825202586,38434.08984375,21610
2021-11-16,38482.41598693365,39421.356739925286,38284.295506990806,38872.71484375,32014
2021-11-17,39004.59933276556,39200.79123061979,38641.9976373348,38799.265625,25376
2021-11-18,38831.41848980786,38831.41848980786,38280.5347363809,38447.83984375,19246
2021-11-22,38447.83229544911,38632.51827395909,37230.89524306126,37390.24609375,35139
2021-11-23,37391.81433195276,38357.05772485295,37390.253084006,38139.5078125,28811
2021-11-24,38168.4420519372,38547.14456292126,37224.552995184065,37687.5,14067
2021-11-25,37647.53471549642,38121.088611288826,37420.27694083361,38084.484375,13973
2021-11-26,37979.02365747114,37994.41415957672,36775.06093422263,36910.58984375,24321
2021-11-29,36672.20174989611,36908.69382151637,35707.6686711589,36019.50390625,34698
2021-11-30,36141.626830089735,36937.197232009945,36084.84846811862,36360.3125,55074
2021-12-01,36741.90745645552,36889.844939365335,35801.192732809184,35883.68359375,27871
2021-12-02,35990.08670457369,36447.16228557731,35800.66519560225,36230.2265625,37304
2021-12-03,36539.41944899842,36741.105317978276,36084.80769846656,36388.640625,26143
2021-12-06,36558.264035186745,36746.834673616766,36012.019624299646,36292.5078125,39996
2021-12-07,36605.33561961656,36937.2006812663,36278.10990588894,36858.1171875,19257
2021-12-08,37221.33310074618,38263.15158448208,36965.66211368817,37942.22265625,28495
2021-12-09,38073.7339232413,38215.703903959824,37227.115732600105,37380.97265625,21183
2021-12-10,37552.819641076654,38026.04051515946,37435.75565157053,37876.73046875,16553
2021-12-13,37884.44544913047,38395.742978491275,37762.41285187453,37979.015625,12769
2021-12-14,37884.309940625986,38338.87356459814,34181.118643929796,38167.828125,23083
2021-12-15,37950.61705974151,38168.45189687005,37601.467180000196,37703.421875,20109
2021-12-16,37884.2581320789,38286.82698105556,37735.18486692984,38151.25,30651
2021-12-17,38026.74894845857,38026.74894845857,36463.784572155324,36725.234375,18366
2021-12-20,36558.354722732176,36559.34992567709,35247.69834176113,36141.25,20396
2021-12-21,36084.79960755645,36842.48568855501,36084.79960755645,36750.94921875,12293
2021-12-22,36669.16696052523,37268.686104209206,36669.16696052523,37102.328125,11233
2021-12-23,37192.917228117556,37789.595044611415,36937.198163905894,37686.02734375,14145
2021-12-24,37621.01261138496,37915.896077962345,37127.75817405992,37216.45703125,6135
2021-12-27,37173.03479288209,37242.695312906806,36463.65103635661,37017.046875,11879
2021-12-28,37017.049557741215,38092.538659621954,37017.049557741215,37730.8359375,19703
2021-12-29,37775.39493225151,37931.66772061359,37628.59322197198,37823.17578125,14951
2021-12-30,37821.80048196906,37821.80048196906,37127.90347624583,37342.66015625,19434
2021-12-31,37537.478399402746,38590.09243132579,37499.024346415565,38283.5625,18854
2022-01-03,38283.55536727631,38878.764358434004,38244.25040452662,38764.44921875,9614
2022-01-04,38784.056229032205,39078.79537429303,38594.63470898809,38793.38671875,13843
2022-01-05,38609.322513462794,39387.08668867277,38548.75571037678,39031.2109375,13700
2022-01-06,38784.05785323915,39967.94240309383,38660.98195536411,39834.921875,27571
2022-01-07,39850.97674541103,42048.976918474684,39778.523007076714,41755.27734375,61016
2022-01-10,41767.4549824764,41910.46826370892,41126.925222034835,41327.3828125,14317
2022-01-11,40939.20027521019,41716.871818939595,40939.20027521019,41329.03125,15467
2022-01-12,41407.74376552064,42194.364928022194,41199.191357473566,42059.1171875,18045
2022-01-13,42098.92707452439,42766.63784139818,41721.456652132074,42042.43359375,27112
2022-01-14,42013.69514494021,42335.426872116426,41510.732889982595,42248.29296875,16004
2022-01-17,42241.00397958928,43188.111692136124,41956.87166582523,42099.36328125,17938
2022-01-18,42226.75603969115,42335.484762454194,41199.192102120425,41360.15234375,19700
2022-01-19,41483.21555156212,41568.55142383711,40962.63935335637,41095.375,15018
2022-01-20,41051.80923222205,41538.05649449265,40846.43116867214,41355.73828125,14464
2022-01-21,41246.544948052964,41246.544948052964,40026.71818933926,40289.91796875,13851
2022-01-24,40308.86128515638,41862.16622690415,37580.29171306176,37804.37890625,24258
2022-01-25,37883.35583831234,39281.33471232201,37211.66788700957,39135.0546875,21311
2022-01-27,38973.483497949535,39051.667981808336,37128.04406670398,38646.1171875,27190
2022-01-28,39073.87321647298,40868.12056445833,39068.049984279976,39628.16796875,23372
2022-01-31,40157.31416802001,40725.53063304228,39848.179727056064,40182.03515625,18628
2022-02-01,40630.91606201646,41009.759102221746,40205.805335670484,40906.19140625,13865
2022-02-02,41160.26081214994,41545.11953833184,40809.87902893701,40935.0859375,10815
2022-02-03,40725.627079866215,41434.77390023947,39991.66678013026,40212.81640625,18463
2022-02-04,40212.827446526346,40370.23603401616,39349.490530859875,39486.20703125,14639
2022-02-07,39636.45455009456,39716.95869912104,38357.85924202699,38561.9609375,10597
2022-02-08,38736.70722997643,39235.455654265206,38263.153351859364,38721.7421875,31879
2022-02-09,39209.30422947175,40271.01175963523,38894.72394648711,40171.8984375,22580
2022-02-10,39921.53646513729,40374.20584818424,38168.440121112966,38787.375,52366
2022-02-11,38738.69035949762,39304.96450072598,37589.61209008784,37698.0078125,43217
2022-02-14,37614.33623703776,37742.243878742964,36884.82649180308,37059.6640625,19164
2022-02-15,37262.66624279629,39304.96307510998,37218.625742001284,39127.6171875,34400
2022-02-16,39020.844248611465,39447.04279016183,38838.52598361492,39088.421875,14332
2022-02-17,39685.25851976825,40922.337272190685,39400.62523009517,40099.296875,46013
2022-02-18,39875.23803794268,40092.55607628702,39183.63871607834,39397.06640625,13957
2022-02-21,39305.503353991866,39752.437308192144,38679.034808026154,38944.5390625,18653
2022-02-22,37596.66248257392,39068.00789289843,37596.66248257392,38709.03515625,18106
2022-02-23,40777.078854824875,40777.078854824875,38849.20923813586,39056.703125,30588
2022-02-24,38356.09356528516,38910.02507085367,37743.725239799795,38163.078125,29126
2022-02-25,38356.084577053516,39763.24821132326,38356.084577053516,39378.21875,23347
2022-02-28,39329.70631782301,40349.748924797044,38403.55869104635,40118.37890625,26868
2022-03-02,39919.76503678732,40017.50586546049,38998.078850257254,39493.33984375,22523
2022-03-03,40348.90402132944,40348.90402132944,39419.574207770514,39711.328125,22708
2022-03-04,39286.50329107845,39467.74379598675,38337.09528501082,38922.16796875,21161
2022-03-07,38355.14226123723,38355.14226123723,37622.43647544774,37894.96484375,22782
2022-03-08,37710.492773302765,38261.05309144459,37039.97324860123,37515.29296875,35251
2022-03-09,37852.907506449104,38165.73752960875,37458.90307667292,37975.5703125,29402
2022-03-10,38545.975497089836,39196.32015757029,38403.56425756857,38926.26171875,17887
2022-03-11,38688.37607071779,39495.372872192886,38582.99178252516,39389.84765625,10969
2022-03-14,39258.02642854366,39718.86765436587,38842.70858112326,39577.69140625,14668
2022-03-15,39518.595119936974,39518.595119936974,38882.06510641011,39144.765625,22771
2022-03-16,39347.277869589285,40413.41518605474,39264.44199481558,40212.140625,24233
2022-03-17,40283.38083970353,40919.43597810014,39923.176933321236,40515.1328125,32302
2022-03-21,40824.55281140605,40918.54422369278,39548.49997186298,39710.13671875,17924
2022-03-22,39709.94946022094,39833.18339278285,38714.020206078254,39675.8671875,23776
2022-03-23,39709.94349731393,40194.09341992335,39600.950704867006,39898.44921875,17247
2022-03-24,39770.70985801745,40076.37108904924,39079.162402327645,39289.8828125,17977
2022-03-25,39561.84192478097,39612.82440627057,38300.504847822565,38398.53125,18484
2022-03-28,38470.020146171766,38640.77269386909,37929.42860219783,38155.48046875,10811
2022-03-29,38458.388459905946,38981.74970901317,38271.258627795316,38741.59765625,12043
2022-03-30,39115.61176924421,40112.49022452835,38986.777838224436,39830.23046875,17190
2022-03-31,39827.67369144991,41414.94326217198,39685.45160243086,41004.32421875,37837
2022-04-01,41004.32405991855,41088.82138875785,40612.45582982393,40964.58984375,13199
2022-04-04,40966.01039039445,41664.77475683006,40770.85881236388,41501.4765625,17974
2022-04-05,41501.480502079,42220.182506976256,41284.58894126944,42089.97265625,11661
2022-04-06,41774.00350256842,42533.4817502658,41707.87500498463,42176.21875,14615
2022-04-07,42153.72081092448,42165.491988241294,41318.241659716965,41877.25390625,21768
2022-04-08,41963.84242695173,42865.78021667128,41704.605776297176,42708.08203125,16170
2022-04-11,42708.08180649825,43452.03955132215,42518.20016755655,43377.9375,16302
2022-04-12,43298.22623186204,43672.29298116538,42286.20552328272,42377.44140625,22716
2022-04-13,42533.48238822757,42904.17803486151,42053.08189518197,42549.71875,15207
2022-04-18,42452.78662293853,43102.560095649256,42110.85875153582,42985.59375,11027
2022-04-19,43008.19813176959,44147.4881485052,42590.317531164976,43139.02734375,25382
2022-04-20,42957.87555407692,43512.23355381934,42732.67665645748,42839.05859375,10866
2022-04-21,42914.192562419514,43672.76958189636,42914.192562419514,43496.1796875,11665
2022-04-22,43435.23758812672,43672.77878667165,43236.099210941844,43551.6328125,8154
2022-04-25,43322.536389446104,43382.39360180569,42495.505530052535,42596.4765625,27997
2022-04-26,42837.29966980752,44373.15663366407,42753.325252937975,44208.0078125,15222
2022-04-27,43873.10379596537,44202.45202809832,43339.25080554461,43465.5703125,14943
2022-04-28,43938.60866952247,44023.95897776176,43084.37869652328,43542.08984375,21684
2022-04-29,43625.25155664506,43908.223366837614,43148.27043718259,43272.83203125,13644
2022-05-02,43150.60462534167,43472.313091790886,42723.37091617987,43288.6953125,17293
2022-05-04,43482.89997558653,43844.62453651881,42794.57896068914,43051.015625,23209
2022-05-05,43387.95204881065,43923.79652020395,43198.07042058829,43409.41015625,24085
2022-05-06,43103.02925416201,43198.066483876624,42446.561796540314,42639.33984375,19910
2022-05-09,42618.92301571291,42618.92301571291,40257.6972241722,40463.71875,25921
2022-05-10,40217.21393271965,40444.73810752073,38359.934279249705,38773.01953125,46096
2022-05-11,38925.72950049892,40014.129390204274,38462.51480289304,39671.5859375,23731
2022-05-12,39589.37115924401,39663.56592405138,38569.89592770387,38845.03515625,16682
2022-05-13,39466.88781884878,40814.95066096981,39294.666703060306,39673.48046875,25039
2022-05-16,39699.69658653762,40444.792950505966,39631.813894144165,40249.21484375,12900
2022-05-17,40249.2012832406,40728.65230574465,39694.413255235726,39957.78125,20576
2022-05-18,40433.16389338826,40900.51013559453,40173.927211725124,40745.66015625,22669
2022-05-19,40255.8515038662,40444.78370945733,39495.51656892035,39748.58203125,23043
2022-05-20,40349.84178112499,40740.997894391425,40114.48501098586,40414.97265625,17876
2022-05-23,40411.551148431936,40895.701011855366,39876.08504135533,40050.6796875,11852
2022-05-24,40252.05021722515,41154.9372082052,39884.62932815125,40767.95703125,16912
2022-05-25,40759.98158703829,41289.751216348996,39023.22890463578,39313.55859375,15654
2022-05-26,39675.76358278843,40379.27496864261,38514.448363411146,39664.65625,50699
2022-05-27,40966.9695988201,42894.26851621534,40758.47804529076,42193.74609375,90562
2022-05-30,42377.82641281079,43096.48010268819,42296.12910745619,42763.5234375,20521
2022-05-31,42542.9728625959,43739.22695335401,42542.9728625959,42907.59375,70757
2022-06-01,43198.07519899916,43671.78170168146,41602.30907717556,41958.43359375,29060
2022-06-02,41935.31106850047,42024.45926379915,41139.681998000415,41411.16796875,15201
2022-06-03,41792.676863220324,42410.62990896825,40063.43948265682,40350.28125,27518
2022-06-06,40528.15788801748,40699.13302620227,39720.642187791935,40060.0703125,16143
2022-06-07,39849.250992022295,40152.354914556694,38749.756371064184,39359.0546875,17398
2022-06-08,39225.21192383208,39741.74778982793,38909.50839998451,39331.85546875,11206
2022-06-09,38987.49230990142,39533.9338108265,38910.41995110396,39475.21484375,8618
2022-06-10,39272.75852354267,39400.41876160043,38987.48424855325,39317.1171875,9224
2022-06-13,39082.572847052266,39082.572847052266,38226.75008397813,38548.0625,14184
2022-06-14,38512.022926705795,39082.23710875427,37899.68250507285,38036.328125,52384
2022-06-15,38550.07354021459,39653.134351922745,38321.95063918332,38960.8203125,29681
2022-06-16,39462.9453772307,39556.89645756074,38007.47439276706,38078.79296875,37036
2022-06-17,37989.03042787127,38153.06316250977,36845.50756879827,37913.71875,48923
2022-06-20,37941.48252916148,38153.53642901118,37275.89077340952,37925.93359375,15474
2022-06-21,38084.12143722095,38179.21287651488,36990.94876529413,37306.65234375,26810
2022-06-22,37275.83782937969,37302.415139215984,35968.33076266038,37055.890625,24263
2022-06-23,37274.888706910264,37370.93104879138,36752.83676935845,36988.42578125,13378
2022-06-24,37085.65901303824,38131.66478007265,37085.65901303824,38062.05859375,32477
2022-06-27,38654.67087413602,39158.655512839396,38069.47963039629,38218.01171875,20882
2022-06-28,38131.66082919916,38320.98933921945,37637.18542692526,38063.71875,11511
2022-06-29,37941.48218710502,39439.4582906421,37589.35786390532,39013.2109375,38176
2022-06-30,38895.25078277685,38987.4894773941,38059.44533357735,38194.90234375,52445
2022-07-01,38225.80317516513,39557.9375053791,38155.387229767744,39344.83984375,13064
2022-07-04,39307.66774953486,40147.94559925895,38906.71612539447,39988.4296875,19858
2022-07-05,39994.51437734661,40501.25524660787,39843.31896647146,40269.56640625,14353
2022-07-06,40318.77111209729,41622.664212330026,39857.43647042385,41432.1953125,15361
2022-07-07,41650.04255985338,42077.95395601625,41439.8422300143,41853.82421875,8650
2022-07-08,41853.826387794696,41955.76365388393,41280.139070039666,41436.75390625,11494
2022-07-11,41317.22817922678,41553.90927325763,40818.33245526678,41268.828125,15313
2022-07-12,41010.08058185729,41265.87652584875,40841.768752539494,40973.8046875,9906
2022-07-13,41174.587539802495,41530.22947374905,40843.76595389477,41364.484375,14653
2022-07-14,41364.77168329548,41799.86326030514,41090.05403026449,41540.07421875,6148
2022-07-15,41331.48956502079,42347.96865118903,41331.48956502079,42190.640625,9745
2022-07-18,42504.24653277824,42504.24653277824,41650.03961216855,41911.3515625,8279
2022-07-19,41935.2261816578,42192.06963293036,41385.93199418083,41603.3125,11102
2022-07-20,41934.84410763259,42315.68527510857,41524.14571769863,41831.48046875,10413
2022-07-21,41840.22864890918,43157.24493706234,41611.43718553907,42911.43359375,17165
2022-07-22,42915.143027628714,44083.4861597259,42886.23671750749,43116.78515625,14796
2022-07-25,43076.421456218886,43932.24439905767,43043.139452886266,43377.671875,10650
2022-07-26,43433.57773980342,44027.23049806924,43377.66324243028,43926.43359375,9522
2022-07-27,43926.53519897119,45073.3378454179,43926.53519897119,44937.69140625,16941
2022-07-28,45168.4235747244,45976.60405094538,44627.54284594263,45416.13671875,37906
2022-07-29,45516.45679282912,46723.73888583124,45513.60405037354,46474.02734375,17420
2022-08-01,46510.16824774024,46959.95070120023,46214.433907304614,46806.6640625,15660
2022-08-02,46800.1979790763,47403.02935395806,46442.65420387854,46582.9140625,18097
2022-08-03,46698.0645345259,46698.0645345259,45168.422533208446,45660.6171875,21040
2022-08-04,46119.34556545441,46817.31669215634,45435.77930522339,46620.19140625,16953
2022-08-05,46594.849202880876,46783.55740368185,45689.53049650102,45845.1015625,9680
2022-08-08,46067.04794008742,46336.108425684826,45841.10919366721,46240.2109375,8967
2022-08-10,46071.84654139062,46430.81669289572,45482.32795866174,46012.26953125,11583
2022-08-11,46399.67974901355,47021.767220548405,45976.80884874818,46605.36328125,18083
2022-08-12,47307.98631498664,47878.534893659846,46227.74767269871,46725.41015625,41032
2022-08-16,47160.49200203324,47479.14482835299,46702.96113185503,47240.32421875,10480
2022-08-17,47526.70618284643,47695.77952197306,46807.81482882018,47061.8984375,17362
2022-08-18,47033.12946409126,47767.601863039476,46715.51796880805,47643.30859375,12397
2022-08-19,47509.17112135925,48197.65798261115,47225.789414555926,47633.84375,16842
2022-08-22,47508.22182831347,48060.324906602895,46483.844390229795,46648.50390625,17313
2022-08-23,46648.50073142899,47984.01483231296,46189.60371013077,47721.43359375,19135
2022-08-24,46984.582610621146,47698.63401807739,46816.54251273311,47413.203125,25763
2022-08-25,47603.43033438558,47838.115245934096,47127.396031041724,47296.9609375,15525
2022-08-26,47508.220266448145,47927.13042511021,47358.74550528918,47544.01953125,10970
2022-08-29,46936.97625731186,47270.200226684254,46439.092787448804,47023.328125,11393
2022-08-30,47270.20146328405,49031.47985738591,47270.20146328405,48596.57421875,30980
2022-09-01,48132.824788929334,48987.733978780045,47924.37012878655,48180.4765625,18237
2022-09-02,48422.207324609655,48422.207324609655,47460.618071800855,47523.40625,12138
2022-09-05,47523.40589566503,47638.17850438127,46802.16561420408,47399.875,22649
2022-09-06,47426.345884652255,48262.5968384293,47352.560567149936,47469.140625,13962
2022-09-07,47421.204979555085,47638.559263071395,46865.051882233194,47355.98828125,14643
2022-09-08,47441.57541099705,48007.29379441033,47055.98765178666,47194.0859375,11425
2022-09-09,47285.43417592526,47459.662711627636,46441.80478948829,46614.98828125,11381
2022-09-12,47165.47793322336,47262.39925945735,46543.44243254248,46727.4296875,19795
2022-09-13,46936.97449286863,47633.22289279046,45889.6991999243,46060.78515625,30661
2022-09-14,45908.75246829561,46361.271462787394,45177.22899895839,45996.24609375,41250
2022-09-15,46270.52603772111,47079.78420916273,46270.52603772111,46824.7265625,16367
2022-09-16,46746.56642398641,47256.87517354358,45950.49578296999,46473.37109375,22812
2022-09-19,46473.370583682976,46541.82282497597,45556.576915186706,46306.8515625,12353
2022-09-20,46470.46245072626,48074.31849773694,46460.9901131656,47941.8359375,29246
2022-09-21,47803.45427291446,49126.73274344935,47603.66121813282,48688.78125,28109
2022-09-22,48462.196772830845,51046.44571260759,48177.9075960097,50471.5859375,39159
2022-09-23,50471.58169160045,51045.15463821549,49928.28154926381,50534.03515625,36932
2022-09-26,50403.657727265876,50403.657727265876,47967.6486834345,48209.42578125,39566
2022-09-27,48365.074747945444,48810.97747094996,46842.765722689284,47375.11328125,26201
2022-09-28,47127.3891710836,47831.9198374796,46936.975477463064,47595.6171875,23976
2022-09-29,47831.918864980566,48269.87035140355,46628.50434576609,47284.3828125,26371
2022-09-30,47284.38593401337,48471.9500795611,46565.670902215745,48237.64453125,19202
2022-10-03,48237.647967522884,48478.85602972584,46841.774107414865,47181.7109375,19154
2022-10-04,47840.49677183574,50160.688032019294,47604.85978500955,49700.7421875,36582
2022-10-06,49745.58810574843,51436.98644858112,49745.58810574843,50534.8046875,33655
2022-10-07,50507.232206415385,51030.86986359782,49888.3877024725,50891.10546875,17210
2022-10-10,50045.48170844469,50546.50776664062,49644.18482762838,49874.109375,13276
2022-10-11,50164.392051002746,50268.36090534003,48464.99814333146,48847.015625,19818
2022-10-12,48847.01493940603,50364.42242149651,48041.80302517199,48568.91796875,12156
2022-10-13,48568.92312515421,48929.18438740734,48023.815517099814,48347.66015625,10721
2022-10-14,48841.11334161106,49221.94073608756,48198.467113431965,48321.5703125,9888
2022-10-17,48365.07979478396,49025.435993919775,47703.39218735532,48879.1484375,9429
2022-10-18,49042.00322710009,49983.59902589262,48975.73776821294,49836.98046875,12610
2022-10-19,49836.98126674419,50564.36165278691,49698.02760303082,50364.37890625,13931
2022-10-20,50084.51717965614,51515.476182831124,49453.29574312586,51217.2890625,24580
2022-10-21,51221.28897154268,51744.07130997275,50269.22040329839,50454.5390625,15601
2022-10-24,51178.11965561638,51178.11965561638,50531.285650764854,50671.19140625,1529
2022-10-25,50924.57702850487,51007.16897475434,49236.22478722055,49474.00390625,15410
2022-10-27,49697.982269316206,50173.968235005785,47984.25874278806,48432.20703125,21078
2022-10-28,48674.409292360484,49031.53170311009,46662.68838966783,46865.52734375,26419
2022-10-31,47099.88681177994,48008.96736813365,46675.167481975586,47383.171875,27490
2022-11-01,47614.6599339194,48364.98288392066,46927.456149964855,47879.23828125,26579
2022-11-02,47879.23638770762,47879.23638770762,46984.626748769304,47740.85546875,12650
2022-11-03,47413.01040706064,48079.45834450929,46993.24490092321,47156.23828125,16974
2022-11-04,47364.456835662306,47603.426034354765,46960.779782890975,47262.96484375,13518
2022-11-07,47499.31852688574,47717.67694199982,46858.33835926401,47585.71875,16468
2022-11-09,47842.39572843012,47842.39572843012,46960.78026914521,47204.9375,16306
2022-11-10,47336.84742042699,47336.84742042699,45894.560288621265,46333.3671875,39154
2022-11-11,46333.36678846775,46888.42273795356,44657.867508917945,45281.234375,39220
2022-11-14,44766.26476154913,45128.050822999336,44471.1718481251,44598.65234375,25629
2022-11-15,44475.8847061896,44728.086191046714,43847.51942938162,44457.84375,34739
2022-11-16,44452.084486641244,44452.084486641244,43662.05719096324,43992.33203125,47189
2022-11-17,44138.112891502315,44147.64802066444,43432.51333350465,43772.10546875,22171
2022-11-18,43947.41202937867,44195.32539730313,43242.76595670106,43994.5625,20051
2022-11-21,44052.301578596096,44636.18676698083,43691.396900078806,44516.94921875,15860
2022-11-22,44624.40947947671,44878.043943612196,44328.86886290953,44770.05859375,12032
2022-11-23,44993.943763263844,45291.868159520054,44682.048166558096,44850.01171875,13967
2022-11-24,45193.6126446013,45193.6126446013,44195.33283481055,44419.93359375,13975
2022-11-25,44605.148887409356,45136.68397272934,44420.4541613219,45037.66015625,10744
2022-11-28,44815.10681003418,45339.39737392996,44815.10681003418,45126.5703125,9588
2022-11-29,45196.52653919219,45300.74627886561,44834.28835749037,44903.1796875,9362
2022-11-30,44958.137873844746,45291.86742327944,44496.637582626485,45212.390625,30007
2022-12-01,45248.914769497715,45625.60085650636,44972.87273296776,45354.8515625,17810
2022-12-02,45292.81637888576,45559.70315041529,45005.90583640494,45329.19140625,10355
2022-12-05,45350.12795410321,45663.68846465503,44967.67240567438,45323.66796875,12546
2022-12-06,45196.51769844078,45267.077662780124,44625.36339250479,44803.71875,9315
2022-12-07,44803.71966661095,45096.399752720165,43862.553864570895,43985.60546875,12768
2022-12-08,44146.70037177587,44266.79459459311,43596.66488313296,43779.12109375,14659
2022-12-09,43998.047098304254,44370.963796944816,43560.097833486114,44239.140625,11939
2022-12-12,44328.821697603766,44370.7762718067,43778.64466771524,44233.18359375,8388
2022-12-13,43861.59460050982,44670.12514126268,43861.59460050982,44604.66796875,9971
2022-12-14,44605.292821324976,44789.27242253711,42908.08798388129,43246.48828125,48016
2022-12-15,43217.98011504754,43384.84490313653,41954.57529094521,41990.33203125,51718
2022-12-16,41954.5778807696,41954.5778807696,40908.62239374014,40970.50390625,26021
2022-12-19,40905.7126379421,42073.766203943946,40726.690550581414,41953.43359375,19871
2022-12-20,41954.57748404916,41954.57748404916,41145.141682408655,41604.828125,14427
2022-12-21,41725.72550853368,41953.51825596381,41112.188363189925,41244.48828125,18613
2022-12-22,41477.8189070519,41668.37998561894,40963.685400152215,41377.796875,17941
2022-12-23,40953.39115031137,41430.14774111826,40815.131738977376,41030.9609375,19003
2022-12-26,41036.336050202066,41922.14956393764,40619.65089896155,41525.7265625,16795
2022-12-27,41792.480885224824,41902.134896217314,41301.659996891045,41584.08984375,8556
2022-12-28,41573.21777261115,42621.080203353595,41208.92736366665,42516.2421875,27630
2022-12-29,42479.00357576433,42479.00357576433,41006.77952366601,41253.12109375,36774
2022-12-30,41601.774207006165,41759.10385963408,40755.05462195411,40845.3515625,21609
2023-01-02,41067.80761995973,41182.18076692489,39880.68385662446,39972.26953125,21542
2023-01-03,40181.04531290037,40427.815268249695,39856.85083244508,40206.171875,16770
2023-01-04,40209.64369002905,40414.60056689383,39790.71625861377,40200.01171875,23911
2023-01-05,40236.33736163542,40414.64427396837,39952.190517382915,40336.359375,29884
2023-01-06,40336.362788154715,40336.362788154715,39484.97253740893,39771.16796875,16269
2023-01-09,40038.011143864365,40038.011143864365,39194.15213309228,39473.0546875,16084
2023-01-10,39541.99620181649,39594.53253604338,38903.33241638214,39130.6484375,17183
2023-01-11,39202.73945703923,39379.42618780075,38828.91388348101,39098.04296875,24460
2023-01-12,39275.19656518798,39616.55418524958,38679.299420015195,38749.859375,19141
2023-01-13,38903.32653213334,38903.32653213334,38190.09887904423,38379.1328125,16099
2023-01-16,38521.92593016928,38841.971084821555,38145.813465122235,38231.484375,14824
2023-01-17,38203.45463854174,38545.71740987044,38082.40689931362,38397.54296875,18785
2023-01-18,38545.77121897888,38970.13301477085,38397.976672561024,38735.6171875,25444
2023-01-19,38782.224532303044,39237.050119348714,38521.915548522185,38762.15234375,7912
2023-01-20,38807.983515330765,38948.96191828447,38188.19999481565,38364.88671875,20059
2023-01-23,38426.56973407051,38830.95604339395,38401.72997818142,38713.95703125,11963
2023-01-24,38714.63196286361,38891.840120471024,38188.19594167867,38251.74609375,6841
2023-01-25,38245.40278925877,38245.40278925877,37616.084269166255,38002.16015625,10399
2023-01-27,38130.991212253975,38341.57608319421,37349.300379904824,38018.23828125,30613
2023-01-30,38111.8677308233,38612.41365548547,37675.78077743219,38371.796875,16241
2023-01-31,38378.89924955197,38563.7839352031,38114.44092225027,38175.32421875,26189
2023-02-01,38340.47360695577,39046.36007505173,38045.17135517861,38566.83984375,13744
2023-02-02,38750.773352157565,38784.14631149136,38102.38442795807,38190.6328125,11865
2023-02-03,38359.061202954545,38476.15333442168,37854.65286845046,37964.83203125,15291
2023-02-06,37964.82934544685,37977.653348377185,37287.35846395046,37690.8359375,35378
2023-02-07,37750.53768244531,37854.47061183296,37435.49843956019,37621.671875,44965
2023-02-08,37652.32003105012,37667.527817937786,37197.494345910054,37522.35546875,24036
2023-02-09,37667.578672452335,37668.58060606417,35918.83577843458,36195.49609375,52798
2023-02-10,35971.28109758757,37845.507905554296,35442.08133591332,36983.1484375,52863
2023-02-13,36983.14918985919,37619.90598530549,36262.67692365444,36670.4453125,19519
2023-02-14,36843.75636545243,36948.6428354369,36243.042946450485,36611.2890625,12266
2023-02-15,36612.0332644696,36900.85081973449,36090.46173034806,36593.7265625,34233
2023-02-16,36614.902412969604,37180.90926930095,36524.41551119341,36927.703125,20803
2023-02-17,37053.710465624026,37446.21239864906,36576.26269245193,37128.296875,16163
2023-02-20,37128.33767643676,37335.52626973892,36643.917763367885,36837.44921875,16664
2023-02-21,36837.4520660641,37311.22161182962,36505.59216896643,36909.125,14881
2023-02-22,36862.711511607326,36895.7072494757,36184.71531371426,36416.96875,22779
2023-02-23,36432.01722428672,36480.72185293855,35875.25646930601,36349.74609375,10090
2023-02-24,36517.959631516984,36707.95465071295,36122.641216814445,36350.8359375,15506
2023-02-27,36493.22498932955,36493.22498932955,35846.69507399756,36094.515625,13632
2023-02-28,36270.61613356886,36680.78542344163,36152.72305233478,36260.73046875,25983
2023-03-01,36289.710204696166,36900.905323933155,36289.710204696166,36471.875,29845
2023-03-02,36385.311823010605,36635.08713102647,35584.214859405045,35733.2421875,14787
2023-03-03,35993.67750552846,36152.396557833,35220.036370284375,35617.74609375,16173
2023-03-06,35793.12783332653,35874.82820818038,35372.9310284529,35626.33984375,17618
2023-03-08,35514.26286680792,35702.39639872039,35057.776428969526,35588.80078125,19234
2023-03-09,35763.51361599742,35763.51361599742,34905.45286713968,35004.24609375,13994
2023-03-10,34925.31977867149,35453.9081549265,34534.537573425085,35362.609375,17139
2023-03-13,35335.678221509435,35390.9707962244,34503.87973684863,34634.85546875,19717
2023-03-14,34522.979826793395,34952.677967927215,33973.859124154216,34655.58203125,28503
2023-03-15,35134.17974416451,35822.82643920862,34798.59681769146,35758.5546875,26493
2023-03-16,35630.82270464259,35805.96685679569,35170.41927609241,35359.5078125,11709
2023-03-17,35774.01932360052,35812.21902389268,35382.47239560596,35548.40234375,24182
2023-03-20,35554.42580583402,36337.2810516026,35525.727529846205,36209.55078125,20355
2023-03-21,36146.46710405512,36590.441637154734,36045.95414070765,36507.64453125,23570
2023-03-22,36507.45995257337,37007.30162611818,36501.01375202195,36860.28125,18711
2023-03-23,36767.20885039086,36767.20885039086,35717.81391807876,35827.83203125,24040
2023-03-24,35827.83413769695,36050.9666417022,35344.27219627545,35444.78515625,12070
2023-03-27,35383.47777710324,36029.95924342617,35239.22540506854,35807.54296875,18517
2023-03-28,36416.24654161781,36599.03058902305,35977.95353958325,36183.84765625,54574
2023-03-29,36027.097601806636,36757.85722907588,35868.61731815257,36453.7890625,129944
2023-03-31,36375.66746279209,36862.713679805056,36077.851533801484,36197.37109375,37024
2023-04-03,36509.36610196683,36509.36610196683,35821.7714487255,36088.453125,17092
2023-04-05,36152.198641211704,36267.036497472414,35505.57168147547,35691.51171875,13296
2023-04-06,35526.67885511693,35685.159127173836,34729.26005336368,34821.55859375,27468
2023-04-10,34821.886901598235,35210.56879746392,34666.22314477733,34974.3984375,9663
2023-04-11,35139.90596611071,35316.199083499756,34729.356159916344,34828.00390625,17896
2023-04-12,34952.72727385465,36289.61985027631,34904.977646431355,36097.71484375,39576
2023-04-13,36194.212662625294,36442.41370002791,35814.700167673574,36003.1171875,16890
2023-04-17,36423.41307160323,36607.72661965828,35956.27999366952,36515.80859375,13598
2023-04-18,36509.36636757032,37232.87023903138,36201.00075537562,36790.9921875,27168
2023-04-19,36800.63549845143,36863.761994038316,36232.843969034,36307.859375,19241
2023-04-20,36471.166491647746,38153.86341121526,36385.646160345685,37492.1953125,39300
2023-04-21,37492.19246743199,38342.94903170986,37350.71182015453,38251.9375,49286
2023-04-24,38247.44837246416,38898.85022755769,38009.65524775146,38709.76171875,24599
2023-04-25,38858.549814884966,39011.34862267584,38528.31637589866,38822.30859375,14965
2023-04-26,38822.30701139738,39345.69140246393,38567.2307503019,39165.9140625,26330
2023-04-27,39137.2664543585,39364.744936693656,38754.55318487674,38877.60546875,14805
2023-04-28,38906.53569653459,38985.13232434188,37535.93122459463,38505.96484375,33886
2023-05-02,38724.95174124764,38763.151447034325,37578.96056764722,38418.49609375,30917
2023-05-03,38390.70545067686,38810.902226753926,38069.30192052353,38627.640625,12351
2023-05-04,38715.397126149146,39246.70871184084,38534.95203388023,39042.1015625,19969
2023-05-05,39154.69692619793,39593.99352585772,38925.64045700373,39267.2890625,11575
2023-05-08,39536.647665226046,39751.521013926846,39251.15335534027,39509.859375,16026
2023-05-09,39602.534135802896,40038.05919665847,39169.01605130464,39500.3984375,19405
2023-05-10,39536.68692985568,39870.218038798965,39252.14767906549,39479.484375,10599
2023-05-11,39488.9482584361,39995.09439089006,39440.24363059619,39869.37109375,8123
2023-05-12,39861.394546364885,40401.823412928345,39574.896741767145,40352.73828125,17268
2023-05-15,40539.293972164756,40817.387070228724,40137.04810609314,40336.1640625,18883
2023-05-16,40568.08282735407,41609.02468897874,40348.434544625925,41074.609375,29596
2023-05-17,41246.13200635155,41437.13053381787,40403.87699594496,40487.96484375,17282
2023-05-18,40634.885223570185,40781.71533072272,39654.682345135596,39860.625,18748
2023-05-19,40108.72940049156,40348.43251436388,39546.81331417142,39799.21484375,14097
2023-05-22,39794.54362187306,40148.655641658945,39708.59428359688,39907.28125,8426
2023-05-23,39918.68885414424,40021.25356251705,39491.47144189895,39912.00390625,11028
2023-05-24,39966.43567038712,39966.43567038712,39240.64137864294,39396.06640625,14601
2023-05-25,39256.50397062369,39593.709650921075,39172.128874355556,39270.015625,14381
2023-05-26,35343.03014046573,36162.70094818586,33379.51706743043,35813.4609375,415963
2023-05-29,36423.42542732647,36528.47463542835,35737.74059626143,36189.9296875,61564
2023-05-30,36308.816781419366,37713.084831655426,36204.43534952898,37143.14453125,70408
2023-05-31,37330.65256907575,37870.22327006137,36830.236556126256,37030.44921875,53318
2023-06-01,37473.90362883894,37483.45355331112,36962.02767713003,37372.1484375,30679
2023-06-02,37494.19773555526,37581.8071380357,36785.98841800735,36889.046875,33208
2023-06-05,37062.83803569079,37360.96558462222,36613.25369650204,37183.015625,48171
2023-06-06,37206.25744933846,37349.72630839761,36967.14268423988,37104.82421875,35090
2023-06-07,37206.20917187197,37673.29745215763,37062.78888187112,37562.875,32433
2023-06-08,37402.32468602762,37587.78056930312,37112.517643964806,37306.05859375,22609
2023-06-09,37163.45057918869,37502.17901240501,36593.44963108717,36692.82421875,19005
2023-06-12,36894.45152861939,36894.45152861939,36258.21571348362,36486.5703125,40624
2023-06-13,36719.37133370637,36794.98016990364,36455.0561132302,36715.2578125,22666
2023-06-14,36823.67112520008,36864.17865790497,36591.77839024393,36812.2421875,11773
2023-06-15,36861.93408486854,37257.908156252444,36574.615262805164,36706.03125,19493
2023-06-16,36919.31153156274,37339.196965820665,36706.021208465885,36889.0859375,29325
2023-06-19,37014.954685364064,37206.246440843985,36787.45947069274,37121.21875,12503
2023-06-20,37024.530040362966,37205.110257284556,36765.32963630876,36964.609375,12258
2023-06-21,37084.740267798275,37110.613233794174,36508.043998297,36593.7890625,21698
2023-06-22,36718.46604951834,36727.98207064079,36154.15516206807,36306.18359375,16950
2023-06-23,36523.33924288018,36523.33924288018,35708.00660778526,36036.0234375,16827
2023-06-26,36036.026248481154,36358.45006052988,36001.115496206665,36203.0703125,10126
2023-06-27,36341.517260379456,36472.98553248512,36157.593192537635,36265.52734375,13877
2023-06-28,36473.60615065611,36572.36053873644,35735.12268973066,35842.24609375,23492
2023-06-30,36144.587003951056,36301.397715815016,35916.232408894335,36008.00390625,13184
2023-07-03,36144.53605280368,36230.665930635296,35608.96759761225,35661.28515625,17390
2023-07-04,35866.25831844466,35946.12265001591,35398.54983774599,35505.9609375,11944
2023-07-05,35752.4341790478,35752.4341790478,35067.84871185535,35122.703125,30541
2023-07-06,35083.254389246555,35463.4916975916,34768.243105044574,35378.2734375,25098
2023-07-07,35507.577513003256,35798.819225984334,34837.09987490889,34968.94921875,22321
2023-07-10,35289.46540210857,35339.20127392556,34768.24377729098,34800.28515625,16478
2023-07-11,34996.78791335938,35074.54878101149,34623.57834094613,34714.96875,28836
2023-07-12,34815.10992396889,34894.447456081216,34394.26793587696,34437.30859375,33767
2023-07-13,34671.64212214404,35083.11007672959,34304.41040061089,34694.5,37053
2023-07-14,34949.019437465846,35384.5894660367,34844.716813667896,35077.47265625,23379
2023-07-17,35274.21629221602,35341.168438106884,34937.972303726056,35031.32421875,12981
2023-07-18,35188.11856478172,35188.11856478172,34671.72796321362,34855.55859375,16629
2023-07-19,34958.57743434533,35125.95776405834,34592.873830930854,34872.92578125,16762
2023-07-20,34910.74991363691,35315.04434417036,34815.10402346256,34976.6484375,21230
2023-07-21,35102.04953173511,35288.559059219806,34862.93475290858,35072.58984375,7827
2023-07-24,35081.91443361192,36302.40480409047,34955.99808873111,35826.56640625,28307
2023-07-25,35876.77427664768,36302.39849827146,35293.33433239934,35576.63671875,9221
2023-07-26,35628.09756083399,36239.75308808643,35581.70929958029,36033.109375,16557
2023-07-27,36125.45969397049,36249.799375204704,35484.6321060711,35624.2265625,18860
2023-07-28,35737.13292632432,35834.83371556406,35604.1851296013,35687.109375,23277
2023-07-31,34910.8052657478,36758.63565270555,34910.8052657478,36158.984375,79018
2023-08-01,36335.87618672822,37144.513673821304,36217.562959644914,37016.4453125,31300
2023-08-02,37014.870457667384,37445.37419802313,36584.56099806858,37028.5,36504
2023-08-03,37034.09698381078,37355.08615771427,36790.43902392891,37086.08203125,17567
2023-08-04,37244.511552361466,37370.237334238285,36948.00927754811,37216.10546875,9260
2023-08-07,37299.98944348314,37660.57449964481,37015.25233602357,37626.0,17258
2023-08-08,37588.83188222336,37755.733947451045,37349.71717559344,37483.28515625,11716
2023-08-09,37493.193911723836,37923.600474485975,37201.09281892983,37342.3125,18926
2023-08-10,37349.720022322574,38545.29364659666,36844.709723429194,38328.12890625,66218
2023-08-11,38258.30921004169,39285.93094171912,36922.90197895658,39123.953125,84680
2023-08-14,39109.607706665134,39357.09146783167,38682.261087009494,39223.953125,16876
2023-08-16,39214.82172448831,39601.85139126039,38774.85055392088,39516.296875,17004
2023-08-17,39425.435400586655,39688.700772896525,39182.35281014011,39473.78515625,12819
2023-08-18,39305.37904292731,39305.42770153968,38078.78525629869,38615.5234375,54920
2023-08-21,38615.479038697595,38994.9264257776,38430.30679740161,38926.796875,10388
2023-08-22,38926.78779945027,38952.99607344901,38595.29917189382,38718.4765625,13436
2023-08-23,38634.6405852523,38901.978500016325,38136.376371355196,38294.09765625,50836
2023-08-24,38299.26866047555,38462.16272282934,38232.194634800464,38327.0078125,20003
2023-08-25,38240.769905901936,38327.00793919784,37465.63446522127,37648.79296875,13664
2023-08-28,37655.355236737385,38117.20777946494,37369.81154849504,37956.1328125,12059
2023-08-29,37944.73197880519,38251.35607560361,37755.917860604546,37878.234375,7652
2023-08-30,38040.498461065305,38280.097164502346,37896.817092767655,38048.1640625,8528
2023-08-31,38232.19690134046,38998.75724021446,38040.55681662197,38474.8125,30766
2023-09-01,38471.69417120143,38623.99936339942,38090.37910263171,38157.453125,12244
2023-09-04,38318.43417134319,38349.14524289779,37788.26113900309,37962.4140625,16605
2023-09-05,38143.98864065549,38174.69970866871,37729.1365720088,37853.51171875,6393
2023-09-06,37906.411345187706,39429.85280547452,37796.02739744803,39100.7109375,39093
2023-09-07,39103.198740118576,40914.197432044966,39103.198740118576,40666.7421875,51771
2023-09-08,40531.92084216648,41092.41935205412,40039.787677047665,40108.34765625,21057
2023-09-11,40244.41435272132,40426.47241765029,39805.94037915697,39949.81640625,33091
2023-09-12,39982.15621028371,40197.51174000992,39056.295117523085,39139.80078125,16389
2023-09-13,39161.650069545896,39238.30610100084,38161.049308960544,38535.2265625,44662
2023-09-14,38787.1318448354,39135.104526586365,38328.01167220493,38362.84375,37612
2023-09-15,38509.929579150776,39614.06084078326,38356.75975702742,38907.8671875,47783
2023-09-18,38902.93454673602,39187.61737037322,38483.57965711671,38640.05078125,12517
2023-09-20,38736.682528957674,39644.67458591305,38137.85602942299,38209.86328125,45556
2023-09-21,38318.435902641606,38537.86380515986,37810.58966537229,37867.984375,19969
2023-09-22,38155.54037705459,38155.54037705459,37585.41113234471,37748.49609375,27935
2023-09-25,37849.82170723004,38102.835247148294,37595.17997538219,37786.0078125,10921
2023-09-26,37786.011464995725,37919.48578642449,37380.35582820922,37488.53515625,17616
2023-09-27,37551.86805164186,37601.26402345761,36657.76989512793,37072.91015625,29588
2023-09-28,37072.91515910471,37547.08211720125,36726.86258696457,37151.203125,117019
2023-09-29,37432.105397947234,37913.55252743312,37022.95375312646,37349.36328125,22989
2023-10-03,37369.85785648393,37811.44218939039,37039.230116512364,37505.39453125,24323
2023-10-04,37179.12881916923,37645.96324391357,37092.98811175307,37585.21484375,34721
2023-10-05,37743.511329997236,37904.00988668103,37369.813198017066,37424.09375,15128
2023-10-06,37686.01669126871,37911.242413757485,37466.77972047892,37766.36328125,14668
2023-10-09,37733.926847215596,38021.38692985056,37273.990714999665,37814.2734375,15754
2023-10-10,37772.260805092825,37964.282673336944,37531.70383947392,37690.57421875,18472
2023-10-11,37846.95377288697,38112.42396357053,37657.2300784863,37862.19140625,16722
2023-10-12,37877.660400216075,38178.24710589848,37753.09435285893,37860.65234375,9128
2023-10-13,37847.76570558585,37980.66734895143,37369.76595151919,37653.6328125,21364
2023-10-16,37653.63534265159,37844.26857139763,37254.833068531625,37292.82421875,13904
2023-10-17,37417.67597669027,37848.91480395571,37380.35482068649,37683.00390625,17506
2023-10-18,37514.50207876906,37929.833273830176,36944.470185069025,37001.72265625,10568
2023-10-19,37029.65813191222,37272.6592746498,36770.9439982438,37084.32421875,11138
2023-10-20,37082.310505299756,37084.32422352793,35932.51856968862,36096.9921875,26688
2023-10-23,36124.153949536136,36315.74536492644,35344.27616556964,35876.5078125,55825
2023-10-25,35876.50253765039,35930.97397489476,35345.131851991326,35503.42578125,35064
2023-10-26,35477.17969938306,35724.00988207372,34894.44786751468,35523.02734375,28909
2023-10-27,35827.10693942014,36076.23900158246,35753.18328816254,35975.96484375,13896
2023-10-30,35932.510361130895,36599.65730350256,35796.445921896746,35986.02734375,27682
2023-10-31,36076.24445330946,36505.469566677166,35862.90263502533,36235.6875,20692
2023-11-01,36169.95825857688,36334.38320348426,35788.78538611145,35853.80078125,21566
2023-11-02,35999.586962712005,36172.06302481709,35463.9529698412,36016.35546875,17565
2023-11-03,36258.29959747461,36258.29959747461,35760.89632118914,35855.85546875,9473
2023-11-06,36022.587596171536,36199.42423721851,35795.49409028515,35933.6171875,15699
2023-11-07,35931.55700029103,36028.28658261724,35616.35772554459,35688.94140625,12107
2023-11-08,35874.96935311396,36354.11814542482,35688.93626838479,36297.7265625,15345
2023-11-09,36315.79273814629,37146.31287945996,35696.79532102643,36111.265625,42919
2023-11-10,36116.05787867302,36823.64019280012,35836.69381240501,36757.1875,29199
2023-11-13,36861.91443184567,36861.91443184567,35357.58871946081,35487.76171875,42823
2023-11-15,35864.341855666855,35864.341855666855,35271.35801916436,35449.34375,26305
2023-11-16,35587.51335695809,35921.9739472736,35366.83906145543,35877.3203125,15975
2023-11-17,35955.66299713904,36283.065092843186,35813.613483131594,36000.40625,12170
2023-11-20,36000.40896945735,36231.17240728159,35834.73890592616,36029.06640625,11200
2023-11-21,36099.6366648591,36553.823861096935,36007.56231644217,36200.8359375,14227
2023-11-22,36244.66593632931,36758.33206284417,36100.647396184955,36265.30859375,14443
2023-11-23,36367.55389041645,36447.10161374197,36100.6395870864,36193.8203125,8197
2023-11-24,36330.065280625844,36330.065280625844,35920.14129201219,36008.47265625,14525
2023-11-28,36081.436730918496,36458.765220414265,35914.806567712716,36151.86328125,21591
2023-11-29,36196.65762097179,36313.69518083171,35831.810674129105,35864.21484375,19979
2023-11-30,36004.63222051987,36033.43592629628,35578.33737502891,35773.625,25775
2023-12-01,35773.62577211701,36440.097782281235,35668.58975631165,36283.69140625,23223
2023-12-04,36340.86317532754,36715.12003921281,35932.71695467883,35992.8671875,30391
2023-12-05,36057.49125539472,36196.66042382423,35072.88448444958,35379.06640625,75226
2023-12-06,35780.92665221122,36081.062793547506,35187.041441848865,35268.078125,32370
2023-12-07,35582.17741590477,36207.98667219896,35236.53295099042,35943.56640625,36293
2023-12-08,35908.61937281542,36268.61693378409,35631.14367766184,35846.69140625,69746
2023-12-11,35994.98920080891,35994.98920080891,35433.36558566148,35804.7421875,46091
2023-12-12,35860.560472251374,36158.24748449777,35733.872938875145,35945.62890625,17207
2023-12-13,36003.61985166097,36196.65341792915,35670.025715018426,36108.08203125,25598
2023-12-14,36195.64711223031,36316.671429642236,35927.82141169101,36175.58203125,16898
2023-12-15,36176.545307684646,36567.26685041953,36176.545307684646,36342.88671875,26189
2023-12-18,36342.87848542617,37027.4464462975,36110.2398434376,36448.30078125,26693
2023-12-19,36448.302931596285,36521.36607386774,36107.26409103224,36250.46875,25328
2023-12-20,36436.634001139166,36667.11237168129,35332.540855665655,35537.4296875,22773
2023-12-21,35601.38124760773,35864.64637502183,35280.79749433324,35744.6796875,10933
2023-12-22,35985.43380564178,36270.5905249661,35699.17444433143,36112.41015625,20574
2023-12-26,36359.87455410325,36359.87455410325,35908.616538776376,36066.796875,13279
2023-12-27,36066.79685783814,36484.59307099857,35874.82092682463,36416.953125,25789
2023-12-28,36416.95665946594,37135.27532842128,36351.33446650771,37027.06640625,33096
2023-12-29,37137.531915059786,37338.43777740407,36834.23037145572,36977.0,16473
2024-01-01,36980.12160987661,37429.69949812629,36964.75963184779,37227.3046875,12899
2024-01-02,37347.744165380835,37681.3420548638,36591.264407494295,37626.46875,27375
2024-01-03,37590.753186087226,37803.90059125966,37160.66663822423,37253.65234375,11523
2024-01-04,37347.843957333454,37588.834955387145,37017.41895561335,37516.296875,18182
2024-01-05,37684.84498528091,37684.84498528091,37118.37215620281,37356.8203125,23336
2024-01-08,37303.681105672724,37355.52777850896,36062.24132831615,36190.3203125,41857
2024-01-09,36292.66681368959,36481.04228657848,34687.67793083742,34999.04296875,83265
2024-01-10,34180.3971229971,35770.36166332528,34180.3971229971,35657.8359375,36662
2024-01-11,35657.834473037845,35811.645503677835,35319.102160870076,35349.68359375,13724
2024-01-12,35411.27626049418,35908.620252222834,35199.328989887814,35389.3359375,35026
2024-01-15,35410.269556484134,36331.07684051016,35149.213451155716,36115.2890625,37780
2024-01-16,36154.41256248162,38172.54351744427,36055.75986727249,36735.52734375,116700
2024-01-17,36667.166028286934,36870.663458494266,35893.88029407807,36190.3671875,31387
2024-01-18,36190.37438914531,36358.684825988836,35524.674863588436,36224.21875,22226
2024-01-19,36340.67654793583,36482.534803152674,36004.63330376733,36152.58984375,15793
2024-01-23,36180.335008784175,36241.4003655321,35045.660270062,35177.1484375,20653
2024-01-24,35358.4665296092,35358.4665296092,34752.53111606913,35104.75390625,20087
2024-01-25,35212.476788948436,35327.40280934316,34793.52919542975,35247.1875,19971
2024-01-29,35247.193475945896,36399.2442338357,34973.22071827809,36134.44140625,41350
2024-01-30,36134.78316345579,36243.65968751555,35428.66095996451,35498.84375,10673
2024-01-31,35476.757219756095,35908.91033921594,35406.045618951626,35826.1484375,12384
2024-02-01,35908.625387930704,35908.625387930704,35444.023042529836,35538.06640625,9175
2024-02-02,35542.81565100608,35805.987030718934,35363.80135536586,35504.98828125,13261
2024-02-05,35524.5190760419,35883.60524818472,35141.47857379509,35295.9609375,28954
2024-02-06,35246.230542860176,35531.1921919812,34756.47005441428,34905.48046875,11669
2024-02-07,34924.49998223164,35129.05508892525,34632.62237413272,34827.625,18958
2024-02-08,34947.48916898067,35879.62663979752,34468.43626244361,35275.66015625,37263
2024-02-09,35274.94010993492,35476.56606048164,34430.70270119206,34856.46875,29638
2024-02-12,35044.51253846983,35044.51253846983,34276.41363351707,34681.39453125,53638
2024-02-13,35025.1194217691,35025.1194217691,34498.251569667926,34583.125,15073
2024-02-14,34496.27666198543,34756.47012618978,34268.629883700785,34626.7109375,17194
2024-02-15,34708.318383567304,34988.43438545181,34577.932875781386,34855.83984375,14676
2024-02-16,34916.64716697853,35160.56789023644,34756.20210398509,34988.953125,8824
2024-02-19,34996.89348439506,35557.99986304784,34950.68025503465,35302.28515625,23174
2024-02-20,35141.31031077855,35314.07964450788,34863.35774002312,35086.19140625,25209
2024-02-21,35131.683348735474,35285.62967030872,34804.3396288514,34966.0859375,10082
2024-02-22,34996.89352879419,35011.28627203855,34662.329003312596,34750.85546875,12618
2024-02-23,34948.75451790298,35083.2535179701,34550.64680459298,34757.11328125,17372
2024-02-26,34963.191567181646,35073.76783543107,34327.66196829735,34703.2421875,63712
2024-02-27,34799.51468766304,34833.21182458566,34179.72806212194,34347.78125,19676
2024-02-28,34524.16742732562,34524.16742732562,32936.59948323118,33168.91796875,33933
2024-02-29,33168.91684776046,33310.10636888758,32700.910178214315,33032.39453125,30275
2024-03-01,33215.759517708444,34457.740090979285,33023.20439006956,34281.890625,36312
2024-03-04,34371.08853546606,34371.08853546606,33817.54146260743,34148.78515625,42027
2024-03-05,34263.26200314071,34419.231668323046,33985.982598372124,34364.40234375,15404
2024-03-06,34111.1874928948,34419.226785764295,34064.20329269435,34380.234375,15679
2024-03-07,34332.575649964514,34571.727589022325,34100.546745543834,34535.3828125,15330
2024-03-11,34659.921280837625,34777.37990295602,34364.15737140957,34528.26171875,41083
2024-03-12,34528.25628320078,34611.728161643296,33689.67887533429,33833.32421875,17436
2024-03-13,33838.67093716942,34007.446236675714,32589.95109748158,32764.935546875,32802
2024-03-14,32782.458080292214,33311.070740024705,32358.787953889085,33105.1796875,26692
2024-03-15,33023.20311072789,33783.69805353865,32854.7662715196,33371.0546875,62735
2024-03-18,33697.14391046375,34658.95667522241,33263.94380827462,33521.53515625,36689
2024-03-19,33503.963523829625,33503.963523829625,32645.069985084494,32765.99609375,19126
2024-03-20,32734.365233302924,33013.57011323403,31839.032957568004,31996.736328125,20288
2024-03-21,32368.507973972733,32898.03442803832,32034.522702099523,32823.7578125,34652
2024-03-22,32763.253721838875,33237.518487515095,32647.720649649025,33167.4765625,21285
2024-03-26,32927.98752575312,33468.055770158244,32927.98752575312,33321.18359375,27021
2024-03-27,33312.03438684658,33471.998041855855,33086.74490573323,33157.94140625,26399
2024-03-28,33186.34259749666,33312.03369645906,32830.645926279016,33168.53125,30442
2024-04-01,33292.7788626988,33528.65887488391,33023.20170591581,33432.140625,26588
2024-04-02,33649.00954757128,34016.88763411504,33246.61820988548,33662.390625,29919
2024-04-03,33662.38784266283,33793.42310439307,33412.837162675736,33500.16015625,15250
2024-04-04,33442.00718121833,33687.51493510377,33155.965074217434,33203.9609375,9338
2024-04-05,33196.50277881971,33196.50277881971,32806.57865975295,32896.30859375,11913
2024-04-08,33092.474274799206,33793.32602578759,32556.114240613326,33720.83203125,61344
2024-04-09,33880.07328956344,35065.15226866288,33601.83114177476,34979.2734375,57004
2024-04-10,34977.631621682114,36152.31543655037,34949.902936931794,35989.125,51568
2024-04-12,35718.97078556607,35911.382972153326,34331.272824577725,34470.78125,64465
2024-04-15,34467.45925350724,34524.548829617925,33508.05350751634,33983.375,49123
2024-04-16,33697.246713770386,34627.19024238448,33697.246713770386,34347.50390625,28186
2024-04-18,34467.367939134376,34467.367939134376,33708.70073421711,34041.4375,49752
2024-04-19,34031.8060963777,34177.56880843001,33525.76976949069,34073.97265625,16410
2024-04-22,34087.55554566914,34515.50935058787,34037.00982067874,34173.05078125,25470
2024-04-23,34390.341452863366,34765.05293175475,34217.18477186656,34669.8359375,16953
2024-04-24,34764.867539464845,35080.65796714062,34178.53714173757,34935.51953125,17333
2024-04-25,34996.89809538079,35082.24666026393,34111.04663402692,34237.02734375,40245
2024-04-26,34322.95408466945,34503.90702731758,33841.5662293445,33873.38671875,19959
2024-04-29,34029.3512510207,34056.50076979737,33746.24634383801,33800.3046875,27864
2024-04-30,33889.70012185677,34265.61509163662,33369.80131316919,33489.234375,66090
2024-05-02,33533.473373867266,33744.178313399934,33408.31254875665,33640.484375,12805
2024-05-03,33716.39781914907,33841.558633440596,33238.91006479524,33497.75,17696
2024-05-06,33682.70525811264,33834.632003984974,33097.386568758455,33151.63671875,12011
2024-05-07,33206.1306031564,33518.98378370747,32609.209728295373,33090.6953125,23727
2024-05-08,33023.198298788324,33399.45170096151,32990.60684511015,33202.70703125,31994
2024-05-09,33119.581454763116,33543.00719374381,32885.047792789235,33077.94140625,24083
2024-05-10,33077.9378180278,33407.349979662344,32924.51802442442,33239.39453125,18620
2024-05-13,33239.396050523574,33915.59925615456,32793.10065612075,33839.05859375,25177
2024-05-14,33888.73701233689,34067.81326689795,33552.72834114437,33920.125,7488
2024-05-15,34082.25690001262,34082.25690001262,33477.776723509814,33707.3046875,7038
2024-05-16,33714.474262345546,34388.41714839392,33714.474262345546,34303.93359375,13313
2024-05-17,34313.22459068442,34670.60990195924,34000.660996585306,34257.0,13750
2024-05-21,34232.02153633729,34351.936006298645,33745.289511345334,33926.1484375,19535
2024-05-22,34120.76360128359,35092.15518646046,33466.076263561445,34973.01171875,55367
2024-05-23,35324.235082545216,35324.235082545216,33889.79728872219,34256.85546875,59941
2024-05-24,33789.57052550995,34560.129437246214,33239.825689344405,34231.38671875,74897
2024-05-27,34274.807584002,35692.6374108052,33895.95542713951,35245.1875,76565
2024-05-28,35200.038060002895,35474.1395160805,34674.41148308134,35003.1015625,21541
2024-05-29,34714.2616818253,35493.57946287914,34714.2616818253,35127.6796875,19627
2024-05-30,35127.687818105944,37012.89647407741,34925.64785302484,36551.53515625,64767
2024-05-31,36266.85714434711,36294.52661945287,34510.06429563265,34726.0703125,59479
2024-06-03,35252.63753228254,35542.34077105748,34674.34779378923,35096.65625,33981
2024-06-04,35059.47484511352,35783.94427874096,34577.28498867191,35469.03515625,39899
2024-06-05,35499.98513089807,37335.058907933286,35469.02957921104,37231.6171875,33554
2024-06-06,37231.620583207085,37581.54096410642,36218.56469216432,37467.765625,26535
2024-06-07,37464.435704101474,37464.48475007637,36768.22054491853,37038.98828125,30501
2024-06-10,37078.150475224924,37449.99439116557,36598.71478985655,37331.921875,53126
2024-06-11,37331.19686133505,37812.130326928134,37116.92633578184,37647.5546875,18652
2024-06-12,37715.59496569356,37908.711578960705,37186.32105938882,37325.78515625,18592
2024-06-13,37522.38175446862,37619.0136339019,37290.19813192995,37506.01171875,9557
2024-06-14,37506.01575971643,37735.54337906459,36999.43874362262,37196.66015625,30606
2024-06-18,37087.91085236081,37419.23528642444,36958.39174712961,37111.66796875,13946
2024-06-19,37193.08865837559,37905.628614170775,37023.344304284095,37616.0234375,25797
2024-06-20,37616.014444767156,38275.72417994007,37336.55430663765,38209.08203125,17723
2024-06-21,38151.18788817529,38603.5804047088,37570.72501582286,38448.08203125,20473
2024-06-24,38447.69975618069,39115.08722933988,37947.40060842894,38930.08203125,46367
2024-06-25,38913.226007941914,39309.21564962115,38650.86023372643,39073.41015625,11831
2024-06-26,38913.227623503924,39399.13741797657,38112.072937137666,38232.26953125,21745
2024-06-27,37958.98587643469,38874.59115379615,37885.96774394337,38710.78515625,27798
2024-06-28,38826.303185574725,38850.399850535694,37570.726216886986,37763.265625,13167
2024-07-01,37620.99874293713,37957.05799678009,37280.97808335143,37712.26953125,15870
2024-07-02,37712.263018587226,38252.54584985121,37378.520301547134,37489.05859375,14106
2024-07-03,37715.54872944,37836.61682449171,36991.22649931556,37083.4140625,24244
2024-07-04,37270.35141324709,37474.14120174109,37063.66413960861,37369.4921875,7141
2024-07-05,37385.474208698884,38198.50922534827,37375.38205752772,38063.6328125,16590
2024-07-08,38237.14043424237,38246.7987167466,37522.42752892943,38111.82421875,32294
2024-07-09,38071.99127570904,38594.50446174011,37860.474847352656,38070.640625,11669
2024-07-10,38070.6354562609,38391.29045480102,37676.96232846454,38131.43359375,11878
2024-07-11,38130.89927184827,38399.01470288665,37825.74659111941,38035.86328125,11552
2024-07-12,38035.870990096664,38525.496965624945,37727.96412734699,38396.125,11026
2024-07-15,38299.53133253131,39357.49800286878,37794.88611273992,39156.171875,40603
2024-07-16,39117.015877385355,39937.00418581972,39000.199687409775,39553.5703125,30665
2024-07-18,39193.318770829435,39543.382540388506,38333.73144441154,38771.30078125,27609
2024-07-19,38480.53425561942,39333.26262187743,38439.96946372303,39120.9765625,40304
2024-07-22,38681.67043817789,39469.544987274174,38187.84160277498,38826.59375,41263
2024-07-23,38826.595278168505,39647.25898051498,38733.63428725804,39502.76953125,19072
2024-07-24,39502.38543209759,40043.49084623775,38874.59691056058,39602.9296875,21988
2024-07-25,39502.3840270509,40081.88110324236,38826.30410482754,39908.2734375,16055
2024-07-26,40072.219338788804,40197.77702772692,39773.87646241114,40027.7421875,6425
2024-07-29,40026.82229679732,40315.122044778735,39521.69409514143,39727.8984375,31835
2024-07-30,39727.90369703513,41240.87393154971,39724.52329753254,41054.80859375,29267
2024-07-31,40999.4676933749,41400.42987452627,40779.209755722724,40947.98828125,18411
2024-08-01,40897.04009102545,41083.97694300992,40339.75707259257,40578.65625,13056
2024-08-02,40324.31251259433,41455.29787707058,40163.84158932952,41339.3984375,18905
2024-08-05,40762.92441863658,40938.41842885132,39840.41508013613,40013.78125,23362
2024-08-06,39846.21343096043,40824.065565397155,39499.48106180892,39633.97265625,16947
2024-08-07,40082.839126487794,40323.330366277085,39415.64420146681,39880.11328125,14050
2024-08-08,39792.130729243385,40540.79111661156,38890.046988925096,39342.0546875,33948
2024-08-09,39550.668838238525,39550.668838238525,38233.761952745524,38831.94921875,60060
2024-08-12,38796.36048227732,39647.255291331225,38235.84046870459,39426.37109375,26469
2024-08-13,39426.37408797176,40108.87526045651,39162.412415171595,39679.1796875,8575
2024-08-14,39600.94068193036,39788.45473575039,39029.02319505594,39238.8984375,11054
2024-08-16,39358.877200368996,40042.17583731932,39358.877200368996,39842.46484375,5230
2024-08-19,39860.51190614857,40230.986716847496,39457.73381434194,39945.1640625,23708
2024-08-20,39945.170011173344,40211.43361768275,39733.05308206042,39819.89453125,9306
2024-08-21,39893.549220404835,40574.514165662666,39771.97195678888,40447.0,8417
2024-08-22,40389.97847749937,41278.19524485886,40389.97847749937,41038.19921875,14188
2024-08-23,40920.08129590921,41316.53487230214,40243.301019742685,40392.3203125,18586
2024-08-26,40691.37090351466,41202.252348426715,40432.74318209604,40782.34765625,15955
2024-08-27,40584.481878678394,41177.9211453621,40291.50606588609,40407.63671875,10982
2024-08-28,40258.42333373818,40602.33410776638,39998.970870217825,40212.984375,8848
2024-08-29,40511.41131545435,40769.25985631169,40307.51560533801,40638.6328125,11821
2024-08-30,40482.21556791334,41733.655017479745,40477.35050174727,41373.05859375,29592
2024-09-02,41373.06704416134,41465.503320196796,40581.471206429895,40715.359375,15302
2024-09-03,40685.148223964876,41016.40990035396,40578.06733120015,40829.78515625,7055
2024-09-04,40496.817738032114,40835.28196980655,39971.48932331597,40152.2265625,12986
2024-09-05,40136.79872890488,40484.358320397994,39844.845327317445,39944.3359375,17009
2024-09-06,40156.25751263373,40156.25751263373,39176.04546819285,39271.203125,17008
2024-09-09,39455.687844554974,39455.687844554974,38959.45108004886,39228.1015625,11177
2024-09-10,39309.73913316033,39732.90111651538,39228.104833858226,39289.20703125,8622
2024-09-11,39309.739408049456,41403.61473004,39212.438072881014,40694.53125,54335
2024-09-12,40687.52664094386,42407.86367137841,40653.471173361286,42093.23828125,56171
2024-09-13,42034.17541139507,42563.73791064627,41839.57274745342,42193.3125,25427
2024-09-16,42559.6046082854,42757.61282817077,41643.9990313216,41893.67578125,21161
2024-09-17,41907.6858109325,42371.37609218579,41793.16289754575,42210.29296875,12632
2024-09-18,42326.081867567125,42909.889893326676,41454.16306076184,41890.171875,29499
2024-09-19,41946.7995499163,42703.560686286975,41311.90833618199,41854.36328125,16911
2024-09-20,42130.505819770835,42326.08150673298,41645.99457335643,41891.14453125,58654
2024-09-23,41931.622511481786,42265.12283622587,41645.02066990485,41856.74609375,47600
2024-09-24,42170.20789416232,42170.20789416232,40676.87554378461,40826.328125,36371
2024-09-25,40866.55336194745,40963.80526865059,40107.603085225564,40788.76171875,15582
2024-09-26,40788.77223865486,41080.72567736374,40263.295577649325,40898.8671875,15182
2024-09-27,40817.9049778932,41464.958775516534,40727.65800085626,40899.6875,30027
2024-09-30,40890.886782188696,41802.21262281234,40601.70796944245,41746.359375,22288
2024-10-01,41421.27291022358,41785.08104438215,41088.939474230116,41561.53125,16016
2024-10-03,41337.73872489902,41436.74282442434,40328.48071769867,40539.1875,22241
2024-10-04,40671.95456658227,41141.72613212559,40006.85058765998,40272.58203125,22836
2024-10-07,40872.840723421614,40872.840723421614,39703.814455585365,40301.1953125,27657
2024-10-08,40175.72028260011,41222.68262273277,40001.55089702042,41126.453125,19405
2024-10-09,41129.2260977191,42986.75804808231,41129.2260977191,42749.73046875,49967
2024-10-10,42749.724913667524,43055.737581436406,42605.23244573849,42973.1796875,20708
2024-10-11,43398.33916711825,44855.91308919222,43398.33916711825,44145.7578125,57301
2024-10-14,43590.999704261914,44760.56179454144,43590.999704261914,44416.6015625,35069
2024-10-15,44422.87942718973,45242.107337161586,44330.4925607401,45009.36328125,51464
2024-10-16,45050.51269105922,45547.13712488407,44768.33885346943,45335.75,33728
2024-10-17,45196.4703592835,45487.694016727546,44098.47419852589,44236.8359375,16313
2024-10-18,44238.05421715561,44644.18848985507,43801.95037157881,44340.8515625,9883
2024-10-21,44224.42987183404,44661.31286698164,43113.34744526531,43314.3203125,19251
2024-10-22,43397.36871840218,43716.904784381295,42730.41747327686,42872.0859375,18560
2024-10-23,42617.98280589984,43052.725911218906,41699.507655800975,41980.90234375,14438
2024-10-24,41888.22813942928,43128.82026202562,41688.76038638438,42269.26171875,9914
2024-10-25,42462.29754502726,43038.222558078625,41488.31129748894,41877.12890625,17424
2024-10-28,41644.974709367314,42310.417072298704,41158.467995472834,41346.74609375,10711
2024-10-29,41722.81367856525,42658.70811719921,41431.00848662716,42182.5625,19209
2024-10-30,42131.46786087824,42588.78402472611,41699.54885965364,42089.04296875,10872
2024-10-31,42107.15144607664,42326.07944319663,41565.281848204984,41998.953125,18604
2024-11-01,42155.801041967905,42326.02895790726,41998.95205884625,42228.484375,934
2024-11-04,42326.08471897171,42442.84633198956,41470.85531445478,41875.62890625,15803
2024-11-05,41602.163174142486,42326.03577194661,41518.58283890816,42204.65234375,13556
2024-11-06,42227.80663583898,43100.59961614607,42158.43002339147,42961.80078125,12241
2024-11-07,43201.79681547379,44262.38146702484,42603.29472709529,43847.9765625,55886
2024-11-08,43639.65232161274,47028.658097224274,43591.19549264742,46707.46484375,175762
2024-11-11,46510.04172553094,47087.7190359175,45965.78514580048,46067.61328125,26937
2024-11-12,46289.21338192293,46704.64067038586,45752.44828838501,45835.93359375,30704
2024-11-13,45867.41417790455,46057.151789240655,44381.1362224384,44619.28125,41753
2024-11-14,44984.34822867859,45158.5436873998,44234.39552397542,44394.69921875,23936
2024-11-18,44465.87478932113,44657.77604041016,43017.48161896061,43143.19921875,15803
2024-11-19,43340.773155819494,44299.553239176224,43340.773155819494,43640.98046875,34629
2024-11-21,43732.1190081988,44231.270975811,43156.01774176896,43485.28125,24893
2024-11-22,43536.148806594014,44181.762308251455,43439.63640021963,43796.14453125,97797
2024-11-25,44124.43265185934,45189.36347249633,44124.43265185934,44503.15234375,59101
2024-11-26,44612.62723961211,44931.862658952035,44342.993253329936,44502.41796875,23772
2024-11-27,44778.94623214512,44778.94623214512,43855.73053092466,43997.63671875,22236
2024-11-28,44035.399786609865,44469.24701239783,43683.48912452172,43845.55078125,24610
2024-11-29,43682.21587642905,44319.11978324791,43520.73893725604,43678.203125,42304
2024-12-02,43781.03251419099,45425.878568145934,43634.330131586044,44871.83984375,65013
2024-12-03,45101.80367320789,45485.610024981936,44089.45895843887,45144.1171875,73602
2024-12-04,45299.91702545757,45434.43975297769,44578.3860323951,44938.76171875,49127
2024-12-05,44938.70966876461,45786.59261763378,44771.46200358823,44951.18359375,63726
2024-12-06,45101.79459555813,45590.91839105211,44920.80040900329,45108.3984375,26817
2024-12-09,45238.76704754884,45479.39073726678,44906.02969118109,45122.34375,35904
2024-12-10,45373.2911697639,45993.807797965565,44920.80565057861,45790.80078125,54641
2024-12-11,45835.56053978416,46256.20010104453,45642.531897232795,46040.9140625,29440
2024-12-12,45902.283887588135,46546.429907646554,45835.561380072904,46397.4765625,47214
2024-12-13,46422.56697699378,47754.88073836155,46288.827701163966,47686.8359375,42994
2024-12-16,47689.52992848827,48330.347286230804,47523.26060129776,48170.77734375,41627
2024-12-17,48009.05847387266,48770.552636526285,48009.05847387266,48147.25,53695
2024-12-18,48086.34173486828,48312.58446990476,47498.45075220955,48042.65625,39776
2024-12-19,47939.00487444652,48392.95790019638,47670.987467650455,48108.30859375,36876
2024-12-20,48134.676194385545,48526.015025234214,47567.23488965499,47798.46875,32345
2024-12-23,47797.6817905066,48085.75530183168,47317.752902809545,47557.7421875,14370
2024-12-24,47832.267773616775,48002.50016571014,47596.58549047207,47803.06640625,7524
2024-12-26,47803.06620939128,47914.498412790555,45835.56055592235,46063.859375,21533
2024-12-27,46334.41675145768,46416.59790335053,45483.45354788259,45917.30078125,23819
2024-12-30,46197.550359388486,46667.10728872251,45486.437236508486,45987.5,48343
2024-12-31,45738.01764439776,46820.40958149297,45737.72337595693,46485.5703125,37902
2025-01-01,46485.57530333214,46862.82748498934,46047.229929463385,46753.546875,9446
2025-01-02,46753.5426659631,47221.975993549655,46417.43077567804,47105.9921875,13143
2025-01-03,47400.912629216116,47542.7232639662,46731.72327445071,46903.12890625,18525
2025-01-06,46903.176166998725,47154.31706714134,46555.61840967437,46960.5546875,34830
2025-01-07,46917.61354430362,48188.192159192295,46917.61354430362,47756.69140625,43413
2025-01-08,47613.217209970084,47720.736025095815,46090.95883941043,47022.58984375,39288
2025-01-09,47022.587137494134,47022.587137494134,46124.21998548512,46515.21484375,10595
2025-01-10,46471.43456969842,46862.77338444692,45517.59589043443,45733.37109375,12810
2025-01-13,45590.97305708916,45717.52377813701,44592.424657629446,44917.48046875,27472
2025-01-14,45003.967149220494,45640.82143740388,44970.75302910383,45465.2578125,13713
2025-01-15,45501.214477053756,46214.52892278903,44275.20025750621,45040.36328125,25116
2025-01-16,45063.643348333375,45447.399977659355,44355.51499112239,44946.92578125,104583
2025-01-17,44955.04647371026,45394.71410467925,44093.611905264086,45099.40234375,22562
2025-01-20,45101.80284889103,45663.27474007133,44377.825970188656,45336.4609375,15580
2025-01-21,45336.462115806506,45917.40160137247,44873.21473611041,44980.34375,26933
2025-01-22,45277.90437090041,45660.78204208186,44710.463045595265,45075.73046875,42794
2025-01-23,45165.98179580617,45898.075863471524,44802.525853086,45756.0703125,29451
2025-01-24,45545.961005908466,46128.61625915955,45254.75758347764,45390.6484375,13011
2025-01-27,45317.033425087924,45317.033425087924,43375.01461358534,43614.12109375,17917
2025-01-28,43545.24829152297,43957.132394305125,43243.08428032776,43716.01953125,20045
2025-01-29,43634.28279508641,45100.775488055275,43617.65089357259,44211.8515625,32215
2025-01-30,44211.8467209284,44226.56778655695,42655.93097602887,43344.1484375,37596
2025-01-31,43340.76883255632,44211.692501964135,43330.93568161405,43755.1484375,27976
2025-02-01,43805.492849141265,46147.5565205087,42660.82670433958,45564.31640625,48216
2025-02-03,45535.06325102789,46465.12738070255,44426.252051207266,46255.02734375,23382
2025-02-04,45934.37299654504,46169.56610203612,44688.692597451285,45891.5703125,30223
2025-02-05,46157.43392338743,47351.995631360376,44483.97135050639,44803.546875,96888
2025-02-06,44446.302627824974,44446.302627824974,42569.687925244856,43038.65625,120947
2025-02-07,43389.690544810495,43414.14922042764,41775.4179540791,42052.33984375,42482
2025-02-10,42052.341141324934,42989.693161598574,41875.160961020025,42709.49609375,47495
2025-02-11,42567.876749239105,42633.425996359285,40943.82077581376,41202.9375,27311
2025-02-12,41384.07880384229,42450.77132041772,40713.91109744437,41783.34375,23195
2025-02-13,41909.40679716787,41909.40679716787,40695.51657237618,40922.45703125,36838
2025-02-14,40951.66406394903,41014.49896361801,39860.889477507866,40320.71484375,19326
2025-02-17,40057.245187467815,40538.22513422995,39567.919981291634,40176.43359375,14820
2025-02-18,40176.44095318086,40343.39602883322,39337.64634997977,39878.3203125,22082
2025-02-19,39859.9098226593,40932.225947877996,39395.52061735577,40774.40234375,21743
2025-02-20,40548.19482729582,40837.77457743654,40156.65410350706,40646.12890625,34371
2025-02-21,40560.9595022977,41579.03138206183,40149.34181854494,40383.5,29594
2025-02-24,40243.78798651022,40860.65071967401,39974.480777796896,40413.73828125,43411
2025-02-25,40694.43575538023,41321.75313175535,40412.660487899855,41166.23828125,27459
2025-02-27,41471.036521208895,41471.036521208895,40744.507945789985,41107.91796875,35641
2025-02-28,41107.8217296202,41107.91760807367,39271.81454294186,39778.37109375,44079
2025-03-03,39811.79706791,40153.65740418817,39428.50573944196,39826.1328125,15472
2025-03-04,39556.53860361917,39909.88525133203,38726.921449981586,39585.796875,28042
2025-03-05,39335.77172279344,40503.96231416292,39335.72570114192,40295.4765625,20278
2025-03-06,40734.68981689522,40734.68981689522,39617.406688150295,39856.328125,27404
2025-03-07,40047.43055261724,40082.77518365166,39264.59453091487,39337.73828125,18542
2025-03-10,39468.169691042596,39653.38383390827,38906.23763652311,39152.47265625,13944
2025-03-11,39098.03395826624,39121.10614765477,38142.74713805197,39037.5078125,14828
2025-03-12,39026.364004988514,39560.46065954735,38830.05479760611,39392.96484375,7977
2025-03-13,39510.87787368023,39566.29944953958,39026.361908849605,39369.25390625,8237
2025-03-17,39468.17414212015,40100.550078288354,39291.55068791256,39626.9296875,14375
2025-03-18,39626.9296875,39626.9296875,39626.9296875,39626.9296875,0
2025-03-19,39860.89320264791,40694.6829453166,39860.89320264791,40501.46484375,27398
2025-03-20,40744.50403051269,41480.85048889545,40378.294391876996,41173.0078125,13228
2025-03-21,40927.71037354204,41682.12036434764,40927.71037354204,41361.0234375,27509
2025-03-24,41699.78873316745,42412.57206894028,41444.08093297454,42341.8828125,9173
2025-03-25,42341.83451919259,43493.530221347726,41824.52812833509,42144.15234375,24216
2025-03-26,42148.47219492934,42519.395225997076,41356.554572534325,41491.796875,16995
2025-03-27,41446.537884206125,43475.858884992456,40253.60675409175,43092.41796875,31068
2025-03-28,42708.09590469917,42708.09590469917,41677.21083113746,41916.5234375,23254
2025-04-01,41916.52058871284,42217.14552461053,41163.38392495842,41241.390625,9974
2025-04-02,41628.021767261846,42411.05339011611,41175.12265520439,42208.953125,24953
2025-04-03,41480.85509298207,42844.37329321998,41480.85509298207,42697.4453125,13404
2025-04-04,42393.92396800793,42560.8291804804,41262.7499694152,41539.56640625,14177
2025-04-07,40754.124905761455,41475.34938949386,39833.59215275383,40552.51171875,41820
2025-04-08,40744.50374818654,41878.91832708289,40707.73628231361,40990.34375,18910
2025-04-09,40984.55033698466,42114.105731412696,40514.956918801196,41961.38671875,17873
2025-04-11,41966.78743246387,43935.336733982374,41246.34532252246,43671.625,47063
2025-04-15,43837.163341904445,44647.14452347379,43738.98380474452,44386.96875,38641
2025-04-16,44386.961251356275,44401.688179442324,43621.160990881646,44112.05859375,17045
2025-04-17,44107.151448504206,44259.32971170996,43660.434611351855,44038.42578125,23368
2025-04-21,44175.88158572961,45108.5871642704,44053.157167500554,44642.234375,14544
2025-04-22,44642.23259292963,45044.768668652105,44372.238883603575,44504.78125,18994
2025-04-23,44548.96413367734,45516.03255619353,44480.23845898076,45098.76953125,26242
2025-04-24,45133.13014064756,45133.13014064756,44087.51814152227,44195.515625,21522
2025-04-25,44200.42552859825,44652.0513780686,43100.81476467044,43792.98046875,18414
2025-04-28,43714.436958822065,44534.23605731991,43650.62026253181,44362.421875,35157
2025-04-29,44362.42511762153,44617.69192144097,43817.52867100695,44180.79296875,15266
2025-04-30,44082.613937643866,45039.86446301587,43984.43439658007,44784.59765625,36309
2025-05-02,44779.680659530386,44779.680659530386,44234.784304212706,44426.234375,8325
2025-05-05,44401.69170705805,45334.3972266093,44401.69170705805,45069.3125,24637
2025-05-06,44966.227590662944,45182.22257035609,44671.68898199048,44872.95703125,7816
2025-05-07,44205.328405221815,46272.00727902508,44205.328405221815,45506.20703125,31679
2025-05-08,45520.94232702129,45624.03084086443,43954.97871197548,44337.87890625,17341
2025-05-09,44067.88409768804,44823.866513978995,43724.25572664669,44642.234375,13794
2025-05-12,44985.86053400638,46291.64827975558,44985.86053400638,46193.46875,14934
2025-05-13,45849.842632247746,46340.740304969884,45525.850168251134,45633.84765625,11291
2025-05-14,45702.57088808704,45889.1119937527,45034.95008886256,45574.9375,26539
2025-05-15,45574.9390861339,46502.735670287206,45182.220955275356,46085.47265625,58580
2025-05-16,46635.28095925674,47572.89555538496,45736.93817867316,46959.2734375,45705
2025-05-19,46978.90428834607,47911.60980713246,46978.90428834607,47214.53515625,20678
2025-05-20,47847.79393572522,47847.79393572522,46409.46382151905,46502.734375,26349
2025-05-21,46625.981324318826,47459.11632577895,46389.35126473252,46951.34765625,16817
2025-05-22,46951.34251769299,47444.321754544035,46596.39746716024,47192.90234375,22475
2025-05-23,47281.64249773003,47311.221254375465,46665.418400950104,46828.1015625,7499
2025-05-26,47059.79956628467,47089.37832151175,46463.29466920522,46566.8203125,5213
2025-05-27,46813.311498076306,46852.74983969221,45886.5104701026,46128.0703125,7068
2025-05-28,46261.1696123495,46325.25691040582,45354.0878552446,45447.75390625,24287
2025-05-29,45551.28600712051,45994.96736433272,45063.236514187076,45694.25,35571
2025-05-30,45694.249263051155,46236.52646867588,45418.18086746038,45728.7578125,30136
2025-06-02,45945.67070265709,45945.67070265709,44959.71210388762,45270.2890625,16148
2025-06-03,45728.759491345525,45728.759491345525,44939.99261784237,45285.078125,10518
2025-06-04,45354.094292803966,45842.143785737404,44984.35982846046,45694.25,27481
2025-06-05,45649.88088217247,46147.78995010977,45009.007824431385,45191.41015625,30324
2025-06-06,45590.71777386117,45743.54133041283,45043.510845563316,45452.68359375,22430
2025-06-09,45797.77215579466,45896.368005430384,45235.77581287102,45674.52734375,30684
2025-06-10,45797.772721870315,46719.643927358986,45590.72143507606,46014.68359375,18196
2025-06-11,46142.857357899804,46818.2389239289,45960.455037147425,46054.12109375,18481
2025-06-12,46280.89373749595,46280.89373749595,45462.548151596464,45585.79296875,23638
2025-06-13,45354.090287555504,45684.38637986705,44866.04083772203,45516.7734375,13694
2025-06-16,45625.2323332717,45753.40694598537,44870.97403537969,44989.2890625,16961
2025-06-17,45255.49756743672,45497.05741284025,44964.639794399816,45186.48046875,14393
2025-06-18,45344.23573053834,45344.23573053834,44151.225831996235,44550.5390625,33495
2025-06-19,44683.63824164346,44787.16388187674,44126.57170134053,44244.88671875,29724
2025-06-20,44170.94268224819,44649.13257512521,43579.367557039506,44294.1875,35835
2025-06-23,44269.539616236514,44949.851026820106,44013.190389060095,44792.09765625,19219
2025-06-24,45679.46220384428,46719.64853289794,45156.90414280311,45620.3046875,38399
2025-06-25,45442.82883044682,48395.774639671996,45442.82883044682,47607.0078125,55451
2025-06-26,47429.53437098947,48292.24807174024,47158.39577932494,48016.1796875,51907
2025-06-27,47828.84764202822,49879.64135663177,47020.36165838643,48745.7890625,61469
2025-06-30,48114.77237654321,48795.08370727712,47749.96774991778,48716.20703125,34121
2025-07-01,48509.15781590414,49002.13706200072,47326.00762527233,47518.26953125,20045
2025-07-02,46571.75611800987,47252.06757606908,46468.230461348685,46833.03515625,24542
2025-07-03,47118.957383782064,47809.12834357799,47030.22111752259,47468.97265625,14934
2025-07-04,47666.16808302645,48435.21578402471,47335.87195503362,48026.04296875,52564
2025-07-07,48114.77503322429,48390.84341456246,47759.82997150378,48223.23046875,18958
2025-07-08,48287.31661606186,48504.22748192268,47651.373395697185,48277.45703125,14343
2025-07-09,48410.561482236575,48474.6487835878,47661.233035668345,47907.72265625,12878
2025-07-10,48203.51357815576,48297.17964053917,47326.01046740595,47567.5703125,13232
2025-07-11,47685.88808834172,47888.00960303438,46980.92768343809,47256.99609375,9296
2025-07-14,47207.69236388803,48238.01898294115,47207.69236388803,48080.265625,34775
2025-07-15,48085.197865667076,48607.75589045288,47779.550719094244,48331.6875,12350
2025-07-16,48410.56864957843,48686.637065502706,46428.79180669345,46483.01953125,26209
2025-07-17,46635.84015973617,46823.17228722771,46320.33341869779,46621.05078125,13351
2025-07-18,46823.17601442154,46823.17601442154,45738.62150576995,46083.70703125,9590
2025-07-21,46246.38649890327,46330.19297694201,45773.12638762572,46073.84375,10469
2025-07-22,46073.845113538184,46167.51118000054,45571.00623042446,45644.953125,13967
2025-07-23,45847.07072446477,47118.957202627345,45482.26607568946,46744.29296875,20541
2025-07-24,46537.240064204605,46630.90611941858,45945.664978642686,46453.43359375,22375
2025-07-25,46340.05446968879,46635.8420514102,45487.200275725365,45620.3046875,11751
2025-07-28,45610.44394854601,46275.96599059678,45556.21622660114,45856.93359375,10007
2025-07-29,45699.1771351795,46734.43357513502,45571.00252832787,46552.03125,21249
2025-07-30,46556.96135710959,48030.96934586179,46325.26110469704,47636.5859375,64163
2025-07-31,47409.81687527213,48400.70521799124,46887.25884378842,48119.70703125,25534
2025-08-01,47459.11380113758,47459.11380113758,45847.071605960264,46152.71875,27452
2025-08-04,46478.08480188858,46517.523142832055,45531.56461924511,45615.37109375,11840
2025-08-05,45615.370617107204,45709.03667586923,44747.727125416845,45087.8828125,12379
2025-08-06,45294.937719357455,45787.91701538877,45053.37786430211,45649.8828125,9433
2025-08-07,44885.760690115545,46063.98109702797,44654.0604427311,45117.4609375,40964
2025-08-08,44856.18514919759,44856.18514919759,43204.70454418812,44235.03125,49106
2025-08-11,44170.9444752915,44663.923766310385,43037.09210594808,44392.78515625,26479
2025-08-12,44328.694263271325,44693.4989091212,43273.718665813576,43461.05078125,24274
2025-08-13,43540.20162352814,43807.319424899484,42941.659883418295,43060.37890625,36102
2025-08-14,43203.82977493393,43376.96167808514,42902.08560087039,43050.484375,19276
2025-08-18,43515.46332373014,44440.482266726336,43510.516698366526,44212.9375,19031
2025-08-19,44321.76380368098,45400.1281462259,44049.699405332496,45152.796875,26437
2025-08-20,45142.90418003608,45380.34220333673,44648.24163149306,44900.51953125,24481
2025-08-21,45113.22462682502,46211.37548945168,44989.558989141835,45400.12890625,23855
2025-08-22,45226.99231241787,45632.61556185659,44895.56843787646,45167.6328125,12049
2025-08-25,44999.45020385873,46804.96843233058,44999.45020385873,46349.87890625,28088
2025-08-26,46082.76275443633,46389.45353275052,44737.280630219204,45019.23828125,53221
2025-08-28,44846.10674193092,44846.10674193092,43376.95896977633,43678.703125,47648
2025-08-29,43802.36705886292,44099.16457704832,43184.03889597665,43861.7265625,21171
2025-09-01,43876.57185164268,44410.80745028726,43663.86693736752,44341.5546875,13821
2025-09-02,44519.62985772808,44856.000394430914,43975.50104835585,44677.921875,16508
2025-09-03,44519.625620518476,45207.20650510204,44514.67899544953,44841.15625,8745
2025-09-04,45024.182787837235,45271.514049031684,44099.16387097,44188.203125,15279
2025-09-05,44420.69665060122,44509.735908920906,43683.649456732666,43812.26171875,9964
2025-09-08,43995.288179447554,44133.79369654048,43540.19862328506,43807.31640625,8573
2025-09-09,43827.10284254401,44024.96786666384,43465.999173525306,43836.99609375,7704
2025-09-10,43975.50265985509,44133.794682927684,43728.171373804165,43950.76953125,11200
2025-09-11,43950.76858215435,44133.7937298797,43550.09190740427,43792.4765625,11731
2025-09-12,44024.96432769657,44024.96432769657,43510.51530633922,43658.9140625,6344
2025-09-15,43822.15615089014,44114.007061027005,43574.82487111313,43866.67578125,14240
2025-09-16,44015.07112071937,44979.66303671625,43891.40549046336,44851.05078125,23029
2025-09-17,44732.33432995604,45400.12877146262,44732.33432995604,44870.83984375,14185
2025-09-18,45162.691857633006,45162.691857633006,43624.29129161724,43792.4765625,30765
2025-09-19,43827.101852980835,44010.1269961592,43025.74852338909,43104.89453125,43916
2025-09-22,43085.10839045041,43357.17279475291,42837.777113811775,42941.65625,18035
2025-09-23,43129.62808811068,43129.62808811068,42145.249605539975,42323.328125,19571
2025-09-24,42323.32895405907,42536.03385646961,41853.39951850091,41952.33203125,11810
2025-09-25,41922.65308834311,42491.51504765396,41878.133456744865,42169.984375,20188
2025-09-26,42046.31520520126,42046.31520520126,40577.16748567835,40799.765625,36267
2025-09-29,40799.76726603383,41373.575826031396,40295.21146327735,40646.421875,48213
2025-09-30,41022.36497874293,41056.99135699582,40141.865646026636,40250.69140625,35445
2025-10-01,40547.48591579346,41794.03544010479,40502.9662899252,41660.4765625,28755
2025-10-03,41660.47881924198,42674.53701895044,41200.44266034985,42417.3125,40218
2025-10-06,42348.06255323128,42353.00917892375,41670.374833362956,41744.57421875,15655
2025-10-07,41660.476128732465,41932.54050620578,41175.706874325464,41249.90625,12080
2025-10-08,41244.96221803807,41566.49286617581,40824.499062781026,41254.85546875,13956
2025-10-09,41551.654213584094,41635.746847111586,40923.43277487872,41294.4296875,20885
2025-10-10,41591.22612346902,41690.158630898775,40908.591822203714,41195.49609375,22112
2025-10-13,40883.856128840525,41091.61438140088,40176.48874512314,40572.21875,28590
2025-10-14,40908.590410334815,41017.41616475167,39939.05187098468,40037.984375,16757
2025-10-15,40344.677618493275,40344.677618493275,39820.335314967,40102.29296875,14197
2025-10-16,40314.99551952554,40849.23104297446,40107.23726040651,40582.11328125,14326
2025-10-17,40829.44711809363,40829.44711809363,40344.67781623112,40601.90234375,21226
2025-10-20,41007.52286448346,41452.71913201102,40468.34071825563,41274.640625,20493
2025-10-21,41630.80188168811,41650.58838448359,40888.808026857645,41141.0859375,1828
2025-10-23,41457.66763098091,41546.706888510766,40923.432085801825,41017.41796875,20796
2025-10-24,41220.23056825107,41220.23056825107,40364.46435100549,40587.0625,15774
2025-10-27,40651.36741433604,40794.81955050247,40379.30301815832,40547.48828125,10116
2025-10-28,40755.24538868691,40755.24538868691,40077.55773020286,40478.234375,23929
2025-10-29,40710.72611294124,40972.89725315825,40438.66172215002,40918.484375,9873
2025-10-30,40918.48395713762,41052.04283852577,40181.43679688454,40507.9140625,20231
2025-10-31,40681.04930218447,41056.992851183255,40408.98489172482,40760.1953125,19186
2025-11-03,40859.13013102613,40859.13013102613,40067.66998320964,40324.89453125,13219
2025-11-04,40433.71246359941,40433.71246359941,39572.999719696025,39706.55859375,25177
2025-11-06,39854.962089431116,39864.855340539325,39251.4737718302,39335.56640625,16531
2025-11-07,39375.13684653372,39474.06935117325,38910.15407472792,39315.77734375,16589
2025-11-10,39325.67477553638,39909.37661497202,39108.0232421875,39770.87109375,12791
2025-11-11,39671.93723582794,39914.321889762556,39350.4065724453,39790.65625,11613
2025-11-12,39790.65773498895,40428.7724599782,39790.65773498895,40285.3203125,14708
2025-11-13,40532.64884011463,40804.713239212295,38796.383311327685,39162.43359375,52117
2025-11-14,39078.34057313278,39558.16323586618,38351.18664094917,39340.51171875,36040
2025-11-17,39568.05581325611,39939.05271111762,38954.67427545842,39048.66015625,12913
2025-11-18,39276.20275283403,39276.20275283403,38326.45074672016,38835.953125,24783
2025-11-19,38860.766846898354,38945.1281080907,38463.77267658142,38518.359375,20119
2025-11-20,38875.65684963697,38875.65684963697,38210.6915678076,38275.203125,14684
2025-11-21,38414.14949329754,38687.08299312074,37873.24492092066,38592.796875,32805
2025-11-24,38706.932337236234,38855.805153917914,38210.68961496397,38567.984375,40078
2025-11-25,38731.743638595595,38731.743638595595,38166.02694739766,38245.42578125,33982
2025-11-26,38295.05212089343,38761.52029497195,38022.118614783656,38706.93359375,26059
2025-11-27,38905.43202543026,38974.90601118996,38458.813545546494,38637.4609375,58192
2025-11-28,38786.33590487996,38786.33590487996,37813.70005056106,38032.046875,20663
2025-12-01,38032.04214844272,38061.81671171133,36925.42088029258,37123.91796875,34231
2025-12-02,37059.40542730355,37367.07590621261,36831.13378166135,37322.4140625,54634
2025-12-03,37357.150409505906,37381.96254447503,36508.57539356203,36960.15625,51521
2025-12-04,37039.55815474603,37466.32691162012,36885.72290517514,37223.16796875,24162
2025-12-05,37367.07763378554,37367.07763378554,36960.158594480046,37173.54296875,26318
2025-12-08,37178.50453622264,37327.37735203773,36622.712690512955,36955.1953125,15077
2025-12-09,36950.23308429393,37109.03075535186,36429.17822613507,36915.49609375,16225
2025-12-10,37099.11042461507,37158.65955852296,36334.89653946382,36419.2578125,16952
2025-12-11,36583.017026676105,36890.687544263455,36300.15864760387,36786.4765625,8896
2025-12-12,36786.473819239945,36940.30906656174,36478.80332459637,36652.48828125,204406
2025-12-15,36523.467099891124,36647.52778976847,36324.96999608737,36463.91796875,9624
2025-12-16,36617.75470189795,36617.75470189795,35927.97723834411,36081.8125,25922
2025-12-17,36220.75609312162,36220.75609312162,35709.62609208154,35784.0625,15879
2025-12-18,35729.477605406915,35823.76372686563,35292.78399022972,35426.76953125,23512
2025-12-19,35436.69511087652,35689.77891575745,35044.66333468842,35476.39453125,41521
2025-12-22,35878.35297889444,36528.43102042075,35699.70557816966,36458.95703125,14242
2025-12-23,36622.71585490463,36622.71585490463,36032.18696781335,36424.21875,43320
2025-12-24,36424.215804705644,36468.87764969779,36141.35745308872,36329.9296875,29139
2025-12-26,36329.93085177029,36473.84124580134,36052.03491846895,36195.9453125,10420
2025-12-29,36195.947613965014,36275.34645709957,35793.99097059634,36032.1875,7299
2025-12-30,36200.90788048731,36200.90788048731,35138.94841696102,35297.74609375,78314
2025-12-31,35565.714781978255,35828.72341647593,35367.2176993385,35774.13671875,10223
2026-01-01,36012.33523120792,36012.33523120792,35233.23413829078,35377.14453125,25148
2026-01-02,35426.76913052498,35774.13904775943,35223.30960757338,35506.16796875,24470
2026-01-05,35630.229298523205,35635.191726002115,34925.56459651899,35282.859375,27388
2026-01-06,35416.84292423024,35416.84292423024,34727.0655434725,35094.28515625,11501
2026-01-07,35272.93439752332,35322.55867213998,34920.60204774502,35114.13671875,8681
2026-01-08,35228.27221500611,35267.97163432151,34325.110425580686,34503.7578125,15798
2026-01-09,34568.26935918356,34652.630625205114,33943.00350514148,34022.40234375,16281
2026-01-12,34136.54019123745,34374.73672113706,33799.09510721301,34106.765625,11932
2026-01-13,34364.81044624495,34488.87113377652,33957.8913911414,34384.66015625,30417
2026-01-14,34335.03506860977,34335.03506860977,33838.79233022837,34062.1015625,30937
2026-01-16,34067.06620335006,34389.624004255784,33943.00551069402,34106.765625,15184
2026-01-19,34076.99146515422,34305.26314236364,33784.20822699431,34027.3671875,9813
2026-01-20,34027.36449269696,34032.32692006938,31501.48896013421,32722.24609375,57576
2026-01-21,32722.247340776954,33466.61147500755,32379.839839030883,32861.1953125,32783
2026-01-22,33054.7277254634,33208.56296934411,32364.950341611217,32627.958984375,33647
2026-01-23,32752.02013001825,32752.02013001825,32235.92769160584,32632.921875,25720
2026-01-27,32752.019970883302,32756.982398151617,31893.520053464694,32275.626953125,35654
2026-01-28,32255.778231833512,32503.899602847618,31987.80715113828,32369.9140625,13150
2026-01-29,32364.95158273228,32871.11917878237,31982.844671988583,32766.908203125,18462
2026-01-30,32747.05859375,33005.10481997746,32479.087512667636,32747.05859375,21403
2026-02-02,32593.223521192584,32752.021199736762,32156.529905196094,32518.787109375,10777
2026-02-03,33938.04184225882,34265.56205889708,33094.42916303905,33486.4609375,41461
2026-02-04,33744.50617283951,34359.847167755994,33049.76633986928,34166.3125,28306
2026-02-05,34191.12206044823,36022.25762507891,33655.17994397096,35372.1796875,64590
2026-02-06,34191.12622701948,35401.95856365123,33947.96727417129,35292.78515625,34565
2026-02-09,35411.88256706355,35461.50684196134,34166.313267129,34593.08203125,58241
2026-02-10,34761.802404150105,34796.53939441835,34215.935414220556,34339.99609375,14181
2026-02-11,34464.50939955617,34524.27444475771,33901.721890574976,34225.44921875,35668
2026-02-12,34290.19364498708,34290.19364498708,33538.15018233014,33717.4453125,18308
2026-02-13,33413.640479957314,33931.60420181088,33169.599880237845,33398.69921875,15457
2026-02-16,33418.61988126402,33563.05206853029,33099.872985228125,33294.109375,8016
2026-02-17,33214.421280684095,33677.60034487717,33099.8716196471,33553.08984375,6156
2026-02-18,33747.32776521381,33817.05364902624,33119.794810901985,33309.05078125,8975
2026-02-19,33468.423838011964,33468.423838011964,32362.77055050621,32467.359375,19153
2026-02-20,32566.96723444897,33005.2442059479,32337.867908438166,32611.791015625,9328
2026-02-23,32671.55730269126,33149.67765346236,32611.792258844875,32940.5,13411
2026-02-24,33020.18759659605,33269.20861919481,32596.851858178154,33030.1484375,23524
2026-02-25,33154.65666151403,33423.599347366784,32507.20204742408,32596.849609375,15961
2026-02-26,32596.85091519241,32666.576799502986,32053.98510163153,32128.69140625,15336
2026-02-27,32128.689995085253,32283.0830178488,31615.706725903146,31984.2578125,78391
2026-03-02,30878.60521501604,31655.55076558741,30709.270928353046,31052.919921875,21570
2026-03-04,30714.25140778829,31008.096199917287,30480.17165812621,30858.68359375,22570
2026-03-05,30828.80051484437,31670.49151436112,30818.839674613402,31401.548828125,31871
2026-03-06,31242.17606035617,31700.374720893833,31107.70471432881,31471.275390625,24708
2026-03-09,30818.839883257744,31227.234335492252,30699.309799676914,31023.037109375,11361
2026-03-10,31147.547498686974,31620.687411123057,30833.781030439888,31411.509765625,20230
2026-03-11,31421.471188392647,31914.532790492958,31207.31311879352,31471.275390625,15818
2026-03-12,31426.45030606975,31431.43072608656,30609.661423312948,30739.15234375,19162
2026-03-13,30724.211343473977,30724.211343473977,29892.48119363443,30166.404296875,25467
2026-03-16,30161.42500517384,30231.150888607204,29688.285081876034,30081.73828125,17643
2026-03-17,30081.737439578894,30554.877349638497,30081.737439578894,30395.50390625,8132
2026-03-18,30480.171052372323,31715.315238808325,30360.640969813998,31595.78515625,16958
2026-03-19,31431.432347440452,31431.432347440452,30928.409899794835,31102.724609375,17805
2026-03-20,31371.667057942606,32372.7315251035,31197.35234973051,31879.669921875,23953
2026-03-23,31720.295921025085,31725.276341172834,31008.095839896716,31222.25390625,18344
2026-03-24,31874.689151383274,32208.37730343682,31207.31284727619,32044.0234375,14942
2026-03-25,32223.319169411676,33319.011629577144,32053.984880113378,32507.203125,30727
2026-03-27,32273.123133155164,32298.025234338154,31471.275475062885,31680.453125,35185
2026-03-30,31381.627622197087,32183.475272915028,31137.58703284815,31650.5703125,41114
2026-04-01,32178.49524292516,32691.478528797517,31874.689607602697,32492.26171875,18816
2026-04-02,32452.41944459788,33946.54557003977,32098.809594909966,33812.07421875,77315
2026-04-06,33812.07418839928,34743.4128057554,33612.85737185252,34613.921875,29444
2026-04-07,34364.899768568066,35171.72785009097,34170.663378571815,34902.78515625,30137
2026-04-08,35610.00367679583,35689.69039831033,35062.157466383585,35186.66796875,17642
2026-04-09,35266.35683294941,36038.32199452364,34932.66866633345,35809.22265625,24097
2026-04-10,35500.433734052145,36337.14429344058,35360.98197415407,35913.80859375,46384
2026-04-13,35560.20067337866,36257.45951011158,35365.96428314592,35709.61328125,23574
2026-04-15,35958.63309052491,36840.16744745329,35928.750569951066,36386.94921875,62846
2026-04-16,36655.89237425636,36949.73716366955,36292.321702609515,36835.1875,16695
2026-04-17,36939.77813682933,38125.11819299292,36934.79771642528,37826.29296875,65200
2026-04-20,37751.58305599857,38349.23344738641,37173.854344323656,38254.60546875,48678
2026-04-21,38254.60897676008,38349.23696407403,37761.547358650554,37811.3515625,17653
2026-04-22,37866.13516677536,38000.60651354676,37602.17289348336,37706.76171875,41546
2026-04-23,37681.86068068451,38135.07893629412,37124.0535968573,37816.33203125,30053
2026-04-24,37751.583646538566,38100.21304696834,37417.895506127206,37517.50390625,17217
2026-04-27,37617.112696944205,38040.44840186149,37178.83573185337,37557.34765625,18426
2026-04-28,37651.97761131849,37651.97761131849,37059.30759336255,37358.1328125,22189
2026-04-29,37577.26876049583,37577.26876049583,36556.2826642862,36700.71484375,17895
2026-04-30,36830.209101451,37044.367180066605,36088.12645694577,36640.953125,16635
2026-05-04,36770.441795236606,37124.05162423048,36591.14667067633,36810.28515625,12569
2026-05-05,36924.83523667279,37353.15137240976,36626.01002569352,37253.54296875,12718
2026-05-06,37148.95549590853,37592.21290831446,37014.48414607751,37392.99609375,13111
2026-05-07,37258.52285383753,37552.36764041371,36974.63890748427,37198.7578125,10206
2026-05-08,37054.325822962666,37353.151031212365,36695.73557306303,37218.6796875,17425
2026-05-11,37074.2483553766,37158.91549965944,35978.555899951716,36103.06640625,8262
2026-05-12,36247.49907813168,36247.49907813168,34813.13802640017,34947.609375,11288
2026-05-13,34977.49037313367,35689.69044765426,34584.0371851118,35191.6484375,10091
2026-05-14,35256.39382298875,36391.929603698096,35206.58962208045,35983.53515625,21084
2026-05-15,35983.53412717274,36755.499219174366,35923.76908779196,36675.8125,19744
2026-05-18,36496.52009732036,37442.79995792228,36068.20394989002,37358.1328125,13482
2026-05-19,37432.83897771318,38697.865734011626,37243.583006298446,38548.453125,47817
2026-05-20,38468.76628411911,38548.45300868487,37871.11584987593,38135.078125,19379
2026-05-21,38299.4329169245,39444.929610148516,37477.66355004641,38229.70703125,88001
2026-05-22,39265.63315208782,40331.443082902995,38169.94069984793,39300.49609375,141220
2026-05-25,39340.3384138061,39982.81260742314,38299.430611744385,38394.05859375,32772
2026-05-26,38448.8447983292,38543.472784231824,37945.822346952096,38155.0,12995
2026-05-27,38190.0,38410.0,37930.0,38145.0,14501
2026-05-28,38145.0,38145.0,38145.0,38145.0,0
2026-05-29,38010.0,38680.0,37630.0,38195.0,84377
2026-06-01,38100.0,38800.0,37040.0,37225.0,31720
2026-06-02,37025.0,37465.0,36585.0,37365.0,27490
2026-06-03,37220.0,37820.0,37140.0,37565.0,10391
2026-06-04,37310.0,38945.0,37255.0,38835.0,39453
2026-06-05,38945.0,39090.0,38180.0,38345.0,18046
2026-06-08,38290.0,38700.0,37750.0,38550.0,15559
2026-06-09,38415.0,39000.0,38325.0,38905.0,18287
2026-06-10,38760.0,39370.0,37890.0,37955.0,17640
2026-06-11,37890.0,38420.0,37545.0,37740.0,24551
2026-06-12,37955.0,38850.0,37955.0,38625.0,13311
2026-06-15,39000.0,39735.0,38875.0,39195.0,13715
2026-06-16,39200.0,39530.0,38900.0,39065.0,16356
2026-06-17,39065.0,39480.0,39000.0,39300.0,11220
2026-06-18,39490.0,40350.0,39225.0,40180.0,35123
2026-06-19,40000.0,40480.0,39545.0,39975.0,84195
2026-06-22,39995.0,40440.0,39200.0,39320.0,47156
2026-06-23,39660.0,40250.0,39440.0,39975.0,18975
2026-06-24,39975.0,41045.0,39450.0,40885.0,42399
2026-06-25,40700.0,41905.0,40440.0,40950.0,66796
2026-06-26,40950.0,40950.0,40950.0,40950.0,0
2026-06-29,41000.0,41600.0,40225.0,40405.0,41754
2026-06-30,40780.0,41740.0,40400.0,41370.0,43917
2026-07-01,42225.0,43855.0,42225.0,43610.0,86856
2026-07-02,43500.0,43645.0,42760.0,42885.0,42493
2026-07-03,42900.0,43300.0,42580.0,42800.0,26184
2026-07-06,42650.0,42810.0,42250.0,42510.0,21383
2026-07-07,42290.0,42690.0,41595.0,41780.0,40873
2026-07-08,41765.0,42785.0,41245.0,41415.0,72900
2026-07-09,41640.0,41680.0,39510.0,40615.0,72097
2026-07-10,40605.0,40915.0,39250.0,39395.0,46753
2026-07-13,39400.0,40360.0,39300.0,39955.0,36709
2026-07-14,40000.0,40630.0,39675.0,40530.0,24622
2026-07-15,40600.0,40980.0,40105.0,40395.0,24410
2026-07-16,40650.0,40925.0,40195.0,40460.0,34750
2026-07-17,40395.0,40435.0,39650.0,39900.0,18420
2026-07-20,40080.0,40380.0,39700.0,40325.0,15805
2026-07-21,40220.0,40325.0,39485.0,40095.0,45334
2026-07-22,40015.0,40160.0,39615.0,39820.0,18127
2026-07-23,39790.0,40460.0,39620.0,40270.0,27879
2026-07-24,40105.0,40480.0,39780.0,40275.0,28105
2026-07-27,40300.0,40565.0,39790.0,39970.0,11464
2026-07-28,40140.0,40465.0,39750.0,40370.0,10031
2026-07-29,40565.0,40565.0,39800.0,40270.0,27423
2026-07-30,40055.0,41590.0,40055.0,41085.0,34842
2026-07-31,41000.0,41160.0,39890.0,40375.0,24934
2026-08-03,40500.0,40665.0,40125.0,40200.0,8626
2026-08-04,40200.0,40265.0,39750.0,39750.0,18775
