date,open,high,low,close,volume
2021-08-06,1494.182224461335,1514.186846852955,1493.628594253363,1501.3800048828125,455188
2021-08-09,1511.0571850205413,1520.9752750557816,1499.9354489879931,1507.2296142578125,356204
2021-08-10,1512.2610474297355,1538.2598046921378,1505.6409934971794,1521.673583984375,602514
2021-08-11,1524.7789682108098,1533.8545073503644,1485.2993738333905,1490.3787841796875,575418
2021-08-12,1497.8411550172227,1530.0747708760875,1491.8710004259988,1524.995361328125,259504
2021-08-13,1532.6265994130488,1534.8894304599085,1493.0025482610338,1504.292724609375,287386
2021-08-16,1511.7795652266973,1521.4087344319628,1473.9609796643028,1499.237548828125,353788
2021-08-17,1499.766944754258,1573.40598020271,1499.766944754258,1546.3961181640625,1026918
2021-08-18,1558.9864893782026,1567.1471862402343,1540.6669726478494,1547.6240234375,414474
2021-08-20,1563.7770419105905,1563.7770419105905,1517.6532990006965,1531.8563232421875,433050
2021-08-23,1532.0006481757582,1552.7033596375927,1522.3714800539747,1547.599853515625,447412
2021-08-24,1544.5187520611134,1582.529874274103,1535.8524997116435,1547.9852294921875,550334
2021-08-25,1557.036748106148,1576.776546087704,1543.3392776496128,1553.3536376953125,406620
2021-08-26,1558.4807910585905,1562.043536087458,1531.037663134482,1547.5758056640625,267792
2021-08-27,1547.5761183490397,1571.9619434404176,1537.0321070690372,1566.4251708984375,405546
2021-08-30,1574.3689570908732,1606.8914952942287,1574.3689570908732,1600.0548095703125,726446
2021-08-31,1606.8916831692425,1617.1467717259013,1583.9983102225108,1599.4290771484375,405876
2021-09-01,1622.5149637350771,1668.2535161252351,1593.6274569623458,1604.72509765625,597098
2021-09-02,1613.3673036019106,1644.180645121016,1598.9235497648299,1628.7498779296875,293988
2021-09-03,1636.9587117269932,1668.2535106276564,1622.9964168328513,1656.8670654296875,822686
2021-09-06,1669.698180603785,1709.177780029826,1654.1229501542477,1700.3670654296875,609896
2021-09-07,1709.1774255953135,1722.658261628178,1681.2528366700942,1691.8690185546875,404206
2021-09-08,1695.6967766852897,1701.955736962663,1661.9946828840489,1667.1944580078125,338078
2021-09-09,1668.7109888136993,1697.1411354568038,1668.3018196334212,1682.9381103515625,258832
2021-09-13,1687.8729939734142,1757.3233767390604,1687.8729939734142,1727.3284912109375,538688
2021-09-14,1738.5223798755426,1747.9590125854693,1718.8066797052836,1727.2803955078125,344584
2021-09-15,1736.6204089323785,1773.5964367122301,1729.3985330981711,1759.1044921875,594994
2021-09-16,1769.0707696744118,1784.7663611682544,1759.4176223978423,1779.181396484375,281598
2021-09-17,1790.0625468545745,1809.7060754498043,1697.2855255061402,1703.4000244140625,570960
2021-09-20,1706.2405672469629,1742.398144141434,1689.9191726820761,1700.4390869140625,515502
2021-09-21,1700.5112320299727,1742.8795752968576,1694.7337306753975,1723.789794921875,414466
2021-09-22,1735.6578980727602,1834.3568908896577,1733.274701998824,1789.6053466796875,735746
2021-09-23,1805.3969002586819,1848.1985067082362,1796.3213620393174,1816.0611572265625,349178
2021-09-24,1841.578413010464,1845.4300802795053,1793.6492049226174,1807.58740234375,493842
2021-09-27,1815.7243177607581,1829.0365971920533,1726.0285829537768,1737.005859375,358474
2021-09-28,1752.1718215620829,1752.1718215620829,1656.4337584308655,1690.6173095703125,715810
2021-09-29,1684.6229623190627,1721.2138011690909,1651.1134102495091,1705.686767578125,558432
2021-09-30,1748.1754709723746,1811.7520769492494,1748.1754709723746,1789.243896484375,757602
2021-10-01,1786.3552986952204,1810.2355671306877,1735.6577007377728,1754.073486328125,641992
2021-10-04,1766.9524952817426,1793.577170831077,1757.299229939133,1788.2811279296875,658814
2021-10-05,1787.6550931929803,1824.727391112684,1733.2502923497789,1805.974609375,713308
2021-10-06,1819.43164111524,1826.1479635693606,1781.68534236304,1791.6995849609375,211844
2021-10-07,1817.4575736784138,1840.1343151605379,1797.7659688146123,1835.24755859375,550172
2021-10-08,1839.652872888678,1959.030480846267,1839.652872888678,1931.8521728515625,1577146
2021-10-11,1945.068011912411,1949.9066927698493,1878.1934812444713,1900.581298828125,460282
2021-10-12,1901.7607341592513,1923.354191031622,1865.6754495603082,1873.3787841796875,387714
2021-10-13,1887.316941352694,1939.0255268611083,1866.1327716028168,1926.965087890625,484052
2021-10-14,1971.5721978081597,2065.4565881799767,1970.8259137605953,2027.90283203125,1311418
2021-10-18,2046.1981210781382,2064.132445786411,1974.4608222450458,1987.700927734375,497360
2021-10-19,1997.2822210223446,2113.60263154339,1974.533308871906,2018.2498779296875,1417784
2021-10-20,2021.6438900299927,2062.567855415215,1907.1530551259173,2034.30615234375,726160
2021-10-21,2034.3062379269686,2043.2856258383592,1921.0191618412089,1943.52734375,862254
2021-10-22,1947.4512478440997,1969.1650710731153,1768.2524353006338,1864.158935546875,1495080
2021-10-25,1880.5767346195628,1961.7746564433,1768.5413750903933,1906.4310302734375,1020768
2021-10-26,1906.4310870383306,1964.3505646973113,1849.281989951562,1891.9151611328125,738320
2021-10-27,1973.979647823956,2005.274447118726,1904.4810734496052,1944.1533203125,1723522
2021-10-28,1952.3138593769588,1973.9794879027204,1905.1309350319668,1920.296875,752792
2021-10-29,1924.870897350741,1944.105139061928,1878.1694273549876,1889.0985107421875,417422
2021-11-01,1903.8311506074492,1973.3056276579644,1858.5258639622782,1950.3399658203125,445980
2021-11-02,1950.3400289747356,1986.7143566870716,1944.1533582886775,1960.643310546875,342076
2021-11-03,1965.794750189799,1965.794750189799,1918.7080926941746,1927.278076171875,133602
2021-11-04,1949.6659217474255,1959.9931816123349,1930.624217239797,1949.59375,53084
2021-11-08,1955.2028284702903,1983.608877935877,1922.6081138634079,1975.9537353515625,609484
2021-11-09,1984.571480769047,2010.0887754029043,1969.3814450773518,1991.9619140625,377424
2021-11-10,1989.1457494250571,2021.6441974672189,1973.9798070053816,2000.074951171875,255868
2021-11-11,2000.0747907851774,2007.031724348477,1973.9796487112626,1988.6881103515625,179188
2021-11-12,1995.2843186466687,2012.496459418007,1981.201658015574,1996.5843505859375,406404
2021-11-15,2000.4600015764145,2058.0906761621045,1994.2010412826737,2049.01513671875,524832
2021-11-16,2051.037160167102,2079.419232379498,2043.791303878437,2070.849365234375,593044
2021-11-17,2070.2713207670963,2089.8667735822332,2055.8275673663957,2078.19140625,360424
2021-11-18,2093.3812850463178,2137.603289522691,1976.5794211585526,2003.5653076171875,944192
2021-11-22,2003.5654487158577,2003.5654487158577,1904.192349748628,1975.1112060546875,431778
2021-11-23,1963.7005054232363,2024.5088501147768,1925.8338444737,2011.4130859375,298572
2021-11-24,2011.0036786680791,2022.1014365838298,1959.7765484935826,1977.4461669921875,318870
2021-11-25,1990.349256846711,1990.349256846711,1945.1162584200717,1956.7916259765625,458902
2021-11-26,1954.721244636882,1973.979582022467,1871.6455682311016,1882.0692138671875,298778
2021-11-29,1829.5421322006043,1943.888515463142,1805.4692094084912,1931.731689453125,472990
2021-11-30,1951.0379748947098,2050.531305249885,1940.27733274408,1992.659912109375,983242
2021-12-01,1993.2379430708622,2034.1619105010611,1978.794189860204,2025.4716796875,348362
2021-12-02,2026.9641086897857,2132.90918455509,2022.414467265437,2114.8544921875,980888
2021-12-03,2126.481524783124,2135.1717554264505,2077.8302443731136,2087.72412109375,549884
2021-12-06,2087.724208225513,2092.635178460747,2034.1859344374905,2041.720947265625,280808
2021-12-07,2054.383299193924,2069.4528553265773,1988.567832063259,2010.7391357421875,410144
2021-12-08,2028.8661307420757,2108.210397966418,2026.0255725930674,2063.9404296875,720126
2021-12-09,2082.9098509814417,2096.4870748164044,2061.1238536958226,2088.63916015625,440200
2021-12-10,2087.1946003137477,2098.6292387631934,2065.4567978157024,2088.374267578125,237402
2021-12-13,2099.1589701237817,2190.636081207158,2098.677511644396,2124.67626953125,1099526
2021-12-14,2141.526988065971,2147.0637597302607,2082.4519476651876,2122.220458984375,665102
2021-12-15,2128.046185570593,2142.489937961344,2087.1222204634664,2110.448974609375,393188
2021-12-16,2118.4171478790554,2195.450498711021,2118.4171478790554,2168.344482421875,766050
2021-12-17,2195.4504601533804,2287.9386723891093,2191.141313132045,2234.039306640625,2636644
2021-12-20,2248.4107218611134,2248.4107218611134,2095.4512945638985,2126.866455078125,896152
2021-12-21,2166.4667348448365,2193.982274545841,2111.219375270201,2133.00537109375,1293550
2021-12-22,2141.045326817467,2204.8385595144123,2134.0641805978016,2185.62841796875,626316
2021-12-23,2200.2651370134195,2252.2626500982005,2176.2161931768537,2229.00830078125,541704
2021-12-24,2258.52190697042,2305.6084559757805,2215.912828145674,2223.3994140625,730208
2021-12-27,2225.7821800020324,2233.8948010477984,2183.341669120432,2225.5654296875,375820
2021-12-28,2238.781924757554,2253.2256791108284,2222.4363153795725,2237.3857421875,291444
2021-12-29,2236.3744690437093,2255.1273694443853,2222.6289245228677,2237.939208984375,316224
2021-12-30,2244.5112768879385,2339.8882503228497,2230.6453664764417,2316.104248046875,977934
2021-12-31,2339.2621921164227,2371.18279232135,2311.4819463827007,2361.24072265625,698628
2022-01-03,2378.4046028582106,2401.2738778856933,2311.2411530406557,2345.713623046875,606706
2022-01-04,2349.51722937506,2361.529711703542,2318.246409100881,2328.429443359375,364328
2022-01-05,2328.8383589168384,2329.2476455917,2249.2051831810945,2252.719970703125,739942
2022-01-06,2215.190428668549,2215.190428668549,2167.5742328267474,2183.0048828125,893358
2022-01-07,2194.9690809288204,2205.0315155502203,2171.5219603001447,2188.27685546875,446256
2022-01-10,2199.783108968909,2213.0714058894846,2144.8968593688965,2163.6015625,688840
2022-01-11,2166.563391283496,2185.5570243819507,2155.0565794005583,2162.687744140625,359116
2022-01-12,2184.8583546767013,2184.8583546767013,2154.52647359591,2159.581787109375,557828
2022-01-13,2173.3035578334484,2187.1215101115104,2130.95919088954,2175.39794921875,475882
2022-01-14,2180.9826913418246,2180.9826913418246,2130.573900094415,2140.347412109375,374448
2022-01-17,2125.6148390525136,2133.7514389259513,2084.1370101752827,2107.752685546875,658630
2022-01-18,2095.3548725475302,2147.304180019832,2074.724335818489,2093.8623046875,546856
2022-01-19,2070.3433527783045,2083.029829009736,2017.9847502347225,2054.50341796875,640300
2022-01-20,2055.827629322031,2104.743855997332,2013.8925503341234,2044.6097412109375,775322
2022-01-21,2049.568895431694,2166.2986062618183,2044.2728517742478,2071.0419921875,1894132
2022-01-24,2061.605105569215,2098.316312785388,1935.4629902821682,1957.6822509765625,1060836
2022-01-25,1954.7211369039806,2022.534600702912,1829.5660472259456,1995.1876220703125,934114
2022-01-27,2000.461432821598,2012.604457081115,1932.0771946734708,1967.4908447265625,1173746
2022-01-28,1983.5526213880628,2109.459833513976,1972.8124332559507,2074.02197265625,918400
2022-01-31,2119.5226092800617,2147.4616732356826,2075.4733224175366,2128.739013671875,595884
2022-02-01,2158.2023580768105,2197.4137186682087,2125.4253552165314,2175.473876953125,685796
2022-02-02,2187.7136400984673,2193.519160594085,2125.3527213534912,2146.179931640625,469574
2022-02-03,2143.204214151808,2143.204214151808,2089.9869537552618,2100.94482421875,257468
2022-02-04,2093.010870047007,2101.0903130567663,2049.372617687706,2078.4970703125,229210
2022-02-07,2083.69770008202,2088.293736337135,2033.3831979207644,2047.751953125,227136
2022-02-08,2049.832209669151,2067.7325617479232,2002.9042596248019,2014.2249755859375,252002
2022-02-09,2031.1574644916564,2125.013351800392,2017.9015771378142,2112.483154296875,483280
2022-02-10,2128.6904237126105,2155.8312738603836,2091.873708002507,2134.979736328125,517078
2022-02-11,2082.730198209897,2099.2275973157225,2014.9507082770685,2030.11767578125,481266
2022-02-14,1920.6595238864609,2012.773726854616,1887.7615773816046,1908.032470703125,811122
2022-02-15,1925.4973525817188,2019.8370469921297,1911.9995666268999,2011.5400390625,756284
2022-02-16,2016.9344874075985,2041.4385734764246,1935.1734108012456,1945.1636962890625,465292
2022-02-17,1964.2009063106711,1964.2009063106711,1883.1897373812437,1893.1317138671875,440096
2022-02-18,1872.2801405542368,1908.129272661453,1857.5486576446895,1866.6680908203125,392320
2022-02-21,1850.5095546567977,1921.6029634672302,1799.0580848916802,1856.508544921875,808276
2022-02-22,1789.5514488599063,1910.9351427658448,1766.3535833307387,1899.8563232421875,650504
2022-02-23,1924.3121931991109,1941.898009966326,1889.430646682394,1915.6522216796875,553572
2022-02-24,1840.833384841157,1895.7923473344135,1805.1052047519574,1826.851806640625,899934
2022-02-25,1862.604355285076,1935.173356140339,1838.414688333322,1874.0460205078125,582678
2022-02-28,1862.604103705143,1915.265048791698,1815.2165761699605,1905.0811767578125,765496
2022-03-02,1893.5670200186137,1924.9893719580316,1874.6990808819949,1879.924072265625,430388
2022-03-03,1919.2080702496983,1989.9144156100033,1903.7508975415697,1980.093505859375,1009176
2022-03-04,1973.876883266283,2012.5078298080052,1931.9078098291873,1970.103271484375,815010
2022-03-07,1911.007949501287,2022.5465301831105,1911.007949501287,2005.08154296875,579128
2022-03-08,2007.7423209869073,2041.6078541119878,1989.3581744332923,2030.0693359375,657538
2022-03-09,2041.6079750070035,2077.8924769324835,2010.887096710097,2050.800048828125,534890
2022-03-10,2069.2809992251814,2087.834285109336,2022.2561913843979,2070.417724609375,356068
2022-03-11,2060.9598639558662,2114.709357418568,2044.9946819111378,2108.68603515625,343750
2022-03-14,2105.008737080954,2175.957213292232,2099.4210189738033,2165.0234375,427208
2022-03-15,2201.2592717184953,2203.678237951153,2075.980916038285,2093.324951171875,1011728
2022-03-16,2128.6903330361456,2160.330364831748,2108.4435379639917,2142.454345703125,428738
2022-03-17,2171.264537715001,2177.094153045741,2140.7371303247673,2169.7890625,1904464
2022-03-21,2156.411435341271,2245.7681379940254,2130.093131292676,2143.542724609375,1091848
2022-03-22,2144.172304868643,2212.870966261095,2111.3953026902022,2197.292724609375,690616
2022-03-23,2205.1301491178033,2210.59691963021,2148.550420809596,2172.619140625,508864
2022-03-24,2169.329362186136,2249.6390575748287,2153.533556693985,2244.68017578125,674724
2022-03-25,2256.895484718284,2284.955492888415,2230.286856281091,2262.193115234375,566604
2022-03-28,2268.9421271397355,2271.336998441037,2204.6701406488814,2240.66455078125,521584
2022-03-29,2246.7359937785704,2321.723952227252,2242.3818542557437,2301.888427734375,823534
2022-03-30,2309.8954501264816,2341.511392867993,2293.253006093201,2316.015625,631508
2022-03-31,2317.3697098592997,2358.4921368609785,2290.7610806229195,2305.419921875,455058
2022-04-01,2317.3216359676285,2317.3216359676285,2261.733829311908,2284.8349609375,738580
2022-04-04,2290.7613804230145,2328.1585097350244,2290.7613804230145,2318.095703125,452170
2022-04-05,2322.2081194323755,2396.7122965974972,2322.2081194323755,2378.18310546875,933252
2022-04-06,2370.10374075489,2394.027417605516,2347.4138787451,2358.34765625,346008
2022-04-07,2358.347059855885,2364.2007692229504,2268.8209768430315,2276.6826171875,514130
2022-04-08,2307.694532284306,2313.0162597172466,2256.9446515556206,2279.102294921875,630024
2022-04-11,2273.8285559001156,2274.3123492098816,2171.288469404335,2184.520263671875,729670
2022-04-12,2184.762249420553,2198.792255975905,2095.4057631991727,2120.34521484375,579970
2022-04-13,2143.204453604741,2159.556573680863,2081.9805021354273,2094.801025390625,410852
2022-04-18,2070.635344201583,2094.3171209585066,2033.3832597381431,2039.358154296875,626892
2022-04-19,2065.555359220509,2105.7102004935628,1995.574710199112,2019.377197265625,542548
2022-04-20,2024.674991295896,2059.846859231749,1907.6454374912819,1928.2791748046875,855724
2022-04-21,1952.1062634998925,1963.7173044723827,1923.5624544425211,1940.906494140625,539916
2022-04-22,1930.3353760222792,2002.904375120861,1914.370196220591,1948.42919921875,497956
2022-04-25,1935.173319826252,1950.654706384862,1910.9836533284238,1938.729248046875,575436
2022-04-26,1950.1709714990534,1983.5042856865753,1942.067432979428,1962.701171875,506064
2022-04-27,1940.1805592817452,1995.7442685036642,1885.6086499738117,1972.401123046875,411838
2022-04-28,2075.4733953489954,2133.5285952188974,1952.1060956254537,2084.49609375,2572826
2022-04-29,2105.34777872795,2125.98151852513,2071.3853899722903,2090.3017578125,746902
2022-05-02,2073.0547251659177,2085.1495602018913,1998.4536881731322,2006.436279296875,385044
2022-05-04,2007.718241150343,2051.840051479785,1976.4167179461315,1989.4066162109375,323164
2022-05-05,2007.7426827751676,2023.9256670826549,1993.228880249082,2009.6778564453125,370518
2022-05-06,1955.9764125347724,1978.6904855156893,1880.432132098467,1964.6846923828125,750036
2022-05-09,1935.1733131537565,1993.2526077238992,1888.7533669272018,1931.37548828125,433040
2022-05-10,1930.3350442702613,1973.924862816134,1899.3238500730167,1911.5638427734375,386650
2022-05-11,1927.8679618298374,1932.1737932643302,1807.9598578255293,1856.3634033203125,543774
2022-05-12,1838.366154153358,1861.6124463560968,1777.9646301783282,1790.51904296875,437888
2022-05-13,1802.1301222832585,1860.1853208534574,1725.8117258295179,1738.8741455078125,643568
2022-05-16,1753.702223387095,1787.5194447193235,1712.6524342141001,1742.9620361328125,357324
2022-05-17,1758.685477289346,1814.2249748075074,1752.2994290007446,1802.5897216796875,575696
2022-05-18,1818.5790140000586,1898.8402751937278,1810.8625344907482,1866.30517578125,1004054
2022-05-19,1809.870704543506,1840.3496819255538,1737.8097173558122,1749.56591796875,778290
2022-05-20,1782.29450413815,1799.2272695140553,1752.2993197579747,1789.4788818359375,410966
2022-05-23,1798.2596721675625,1866.3777915237208,1785.2214665288034,1831.278564453125,400812
2022-05-24,1838.3904426653792,1846.5181942407419,1741.655989851751,1750.291748046875,282016
2022-05-25,1748.9370993638624,1763.4024726699092,1587.3259140279345,1651.2591552734375,1248284
2022-05-26,1664.248982192325,1693.2765807189353,1607.6693783535939,1666.8131103515625,682544
2022-05-27,1678.7627811185155,1752.5170474040137,1669.5707082536014,1715.6278076171875,650688
2022-05-30,1744.0747839011226,1836.45508759766,1744.0747839011226,1817.92578125,1035510
2022-05-31,1817.611572930837,1837.3986732320723,1793.7847510072693,1819.0145263671875,420908
2022-06-01,1829.1740787021743,1851.1141525581372,1799.0096366890543,1808.9757080078125,593814
2022-06-02,1797.2921294936993,1840.4948952870216,1786.1890967579052,1832.391357421875,238306
2022-06-03,1851.4769847702673,1935.1732268306948,1832.8993690381328,1838.8741455078125,664400
2022-06-06,1819.0629349398225,1833.0929416188796,1793.9298948736812,1809.79833984375,381498
2022-06-07,1802.130065644963,1811.8059317692312,1768.2887474980548,1790.9302978515625,295228
2022-06-08,1770.683266815336,1796.7838886146649,1732.947393915993,1748.5255126953125,467528
2022-06-09,1732.9476422348644,1758.0806811509774,1726.368005951346,1742.2364501953125,383052
2022-06-10,1731.375163546902,1731.375163546902,1682.9958365878547,1690.7607421875,297024
2022-06-13,1636.1889763334334,1649.493292373992,1600.8720646621323,1608.5643310546875,276310
2022-06-14,1596.5180094116856,1649.154748011374,1585.414975968953,1627.8436279296875,408054
2022-06-15,1644.8488696345373,1656.919607519684,1623.1265967035295,1646.324462890625,227884
2022-06-16,1688.4384558141871,1688.4384558141871,1563.0875765052976,1571.820068359375,529504
2022-06-17,1560.2334917838366,1566.9581718363152,1502.66208542034,1541.9945068359375,697180
2022-06-20,1556.677454995017,1556.677454995017,1500.726807437072,1521.4573974609375,334672
2022-06-21,1547.3405743963508,1618.7726183334928,1523.9491176779743,1602.3720703125,378986
2022-06-22,1582.0285466726923,1583.9395068777537,1529.028958914826,1556.62939453125,319370
2022-06-23,1562.6521706664423,1647.3159879626119,1562.6521706664423,1629.22216796875,561620
2022-06-24,1652.5896452521422,1666.9824973121565,1572.4493246407328,1577.67431640625,520784
2022-06-27,1625.061841754109,1686.01980307028,1608.6128680656186,1672.497802734375,1380306
2022-06-28,1644.897330737057,1709.9917472570344,1627.1663523438192,1704.549072265625,530098
2022-06-29,1681.1817102100504,1705.3713751051591,1661.878404869193,1694.0506591796875,440632
2022-06-30,1704.71820895839,1717.466209618888,1638.1241086674802,1645.76806640625,387598
2022-07-01,1637.640465026745,1655.6617670421797,1582.028443906535,1603.2911376953125,468006
2022-07-04,1608.564215957191,1617.3209214973037,1540.8815838973715,1576.730712890625,608628
2022-07-05,1581.5203709373952,1623.2233317058653,1572.3282978117265,1574.2392578125,480458
2022-07-06,1583.1169322781166,1632.4638517790333,1572.8363240487588,1623.77978515625,415560
2022-07-07,1638.607974810552,1688.9709066670882,1625.5455551707867,1636.164794921875,593108
2022-07-08,1656.1211882224045,1673.6103867512904,1631.8347883715833,1643.8328857421875,397520
2022-07-11,1616.2640227632155,1634.7078764764294,1567.776149479203,1594.010009765625,494428
2022-07-12,1575.9790131433099,1634.7081355918285,1572.7998509972708,1616.3856201171875,447250
2022-07-13,1621.166541317153,1648.783742953903,1605.7076295635115,1610.731201171875,293240
2022-07-14,1640.5325031741284,1640.5325031741284,1513.391257877579,1539.6737060546875,787096
2022-07-15,1552.0020727593353,1567.9705225565774,1510.1150792110632,1524.9429931640625,555148
2022-07-18,1540.9114795138398,1581.3180881190929,1535.7908585677214,1577.77490234375,928464
2022-07-19,1574.9839016592766,1622.0885617802571,1551.3466683393617,1615.3177490234375,800594
2022-07-20,1650.2397156575028,1718.1907627728117,1626.4568491671448,1705.8382568359375,1145378
2022-07-21,1706.0566244197635,1752.1662629175948,1676.9347474737647,1729.3541259765625,1073492
2022-07-22,1798.275968827152,1818.6612834535326,1744.182104071594,1763.2083740234375,2866724
2022-07-25,1759.4467749684225,1785.6078809959602,1737.6053667274352,1750.4918212890625,1116260
2022-07-26,1752.069278061254,1752.069278061254,1612.3813128123247,1618.181396484375,1396274
2022-07-27,1621.117722919611,1651.6714000159136,1597.4561992692124,1642.1583251953125,1082964
2022-07-28,1669.6543464527622,1714.7932575632585,1650.2397610288929,1708.629150390625,1028366
2022-07-29,1727.8982166448009,1779.152772941922,1723.0445699688323,1763.257080078125,1073404
2022-08-01,1779.3225284253997,1782.8171302323842,1750.2492330694047,1774.1048583984375,732490
2022-08-02,1771.5807898916464,1786.1417278907559,1752.166205892834,1758.742919921875,621558
2022-08-03,1747.3126197711495,1813.7832803154993,1733.3098031832617,1806.454345703125,1156380
2022-08-04,1831.7659308538855,1866.3238653623914,1791.5049625119052,1829.411865234375,1549230
2022-08-05,1846.6424941289004,1863.2662327243893,1825.9417400358893,1840.7210693359375,721922
2022-08-08,1843.4146333615754,1858.6550334317685,1822.3983238210183,1826.69384765625,304722
2022-08-10,1818.2246090996512,1836.619882404546,1754.6175463967386,1768.3775634765625,634870
2022-08-11,1808.2502909648229,1858.2185578573622,1800.314531558365,1811.0411376953125,639364
2022-08-12,1818.6611951731047,1818.6611951731047,1781.3124121021804,1807.20654296875,411016
2022-08-16,1833.2221977365214,1833.2221977365214,1799.198089956025,1809.4150390625,256668
2022-08-17,1824.874027612023,1875.934364892311,1809.4151161712634,1842.8568115234375,673458
2022-08-18,1839.046538286504,1889.791432816736,1822.5198493380085,1860.69384765625,630438
2022-08-19,1865.2562848032724,1904.0854554471084,1816.08882377607,1826.766845703125,789088
2022-08-22,1814.778557624633,1814.778557624633,1781.8465163410547,1792.4031982421875,333168
2022-08-23,1747.3126779844629,1793.8833907996316,1731.6596685775187,1758.888671875,627624
2022-08-24,1771.216840824728,1792.1602767940894,1738.6003620364224,1751.48681640625,512958
2022-08-25,1766.2904480171046,1782.9869436594254,1708.5077659148687,1719.258544921875,449038
2022-08-26,1739.546908301169,1756.049306426794,1701.227392823612,1711.1773681640625,386244
2022-08-29,1640.5566415142384,1685.137308968974,1628.4709918642336,1663.271728515625,717854
2022-08-30,1678.9488205685009,1717.1955727404957,1664.9945890509136,1707.48828125,429608
2022-09-01,1703.0474416050536,1703.0474416050536,1645.3860997207062,1650.2154541015625,885148
2022-09-02,1666.7419529119513,1670.8432598770712,1646.5022738052116,1657.2530517578125,865858
2022-09-05,1664.266706963843,1671.595760163682,1643.4689039846462,1651.3560791015625,388334
2022-09-06,1658.976329944193,1664.218291725381,1620.3898412869187,1626.7723388671875,694820
2022-09-07,1623.5447621343715,1625.9715853961568,1591.5349870108691,1602.31005859375,1222434
2022-09-08,1629.1991363240913,1647.6188188126596,1587.1423385739197,1591.5592041015625,626792
2022-09-09,1611.4106619069107,1653.5888032187747,1593.9618261799853,1646.963623046875,660206
2022-09-12,1666.4995400825421,1688.340949520059,1653.1520120929486,1660.8692626953125,668514
2022-09-13,1678.390780366587,1684.1908636149114,1642.9591647023994,1649.8270263671875,360970
2022-09-14,1579.861835996949,1618.229932856319,1577.4107209697675,1601.848876953125,721168
2022-09-15,1611.4106263715637,1620.2442392383718,1570.3973137425285,1575.857666015625,479236
2022-09-16,1572.5814786776446,1584.230230371553,1528.8986598254878,1534.2862548828125,685194
2022-09-19,1543.9449376441842,1555.2782495177664,1517.0071998135486,1535.2083740234375,284028
2022-09-20,1553.1666387611517,1577.4348674917946,1539.6734798874722,1543.556396484375,614688
2022-09-21,1542.4886344436882,1568.4799313887124,1519.7250830523246,1542.9739990234375,496806
2022-09-22,1530.111922766724,1561.5878649130887,1517.0070783845824,1553.4337158203125,597272
2022-09-23,1562.3888700259838,1582.2888214615432,1521.6182378165454,1527.927978515625,396770
2022-09-26,1523.0740801852571,1570.2514945336177,1500.7716010215668,1541.8819580078125,745440
2022-09-27,1548.2888825221705,1565.300936555341,1521.6667035832772,1541.3724365234375,483214
2022-09-28,1533.7521380697879,1568.771146608159,1519.676564650793,1554.18603515625,397368
2022-09-29,1572.5813924497568,1601.7032700877153,1534.917049972441,1564.6214599609375,1265180
2022-09-30,1562.8739906093385,1598.790970517752,1539.7705885666624,1573.1636962890625,772468
2022-10-03,1567.7275730743045,1573.1636326003834,1541.4208368788156,1552.8511962890625,331678
2022-10-04,1575.008205675513,1613.837375615125,1569.402220566037,1601.1693115234375,842674
2022-10-06,1636.6496113541007,1732.9702031271402,1622.525452540498,1724.3792724609375,2552516
2022-10-07,1715.7639026689676,1724.354832598163,1688.0981197970775,1693.5584716796875,1145932
2022-10-10,1673.537191945634,1739.5467795629793,1662.8591704192988,1729.451171875,753296
2022-10-11,1742.4590008617538,1766.48454975943,1707.2214817462732,1719.1129150390625,891044
2022-10-12,1723.0444267583573,1759.20409148892,1718.1907804857985,1746.0264892578125,515200
2022-10-13,1747.3127348013406,1758.3547805559879,1699.9896815671375,1706.8575439453125,393694
2022-10-14,1737.6053200354756,1788.0832399471208,1730.32485081745,1770.31884765625,1070830
2022-10-17,1759.4467282739968,1781.2638440051503,1744.8857898331084,1761.21826171875,426170
2022-10-18,1780.317461424404,1807.0125160531777,1766.72725179521,1790.9468994140625,631754
2022-10-19,1796.3346108018334,1809.9005293806663,1773.9592525253497,1777.67236328125,451524
2022-10-20,1766.2419154190352,1804.1003571345298,1740.0322250006159,1799.0526123046875,679766
2022-10-21,1800.7026024550464,1810.409894112486,1767.2367381654658,1779.200927734375,476266
2022-10-24,1803.1296080884554,1824.9710165309805,1786.82130905248,1799.7320556640625,147124
2022-10-25,1807.9831378926865,1870.5708794633806,1798.5428201070258,1858.606689453125,927534
2022-10-27,1861.8586625307958,1875.9342363611902,1811.8661072021534,1829.31494140625,479344
2022-10-28,1824.9710496341295,1824.9710496341295,1753.3797651072587,1757.748046875,412866
2022-10-31,1774.9784118619666,1807.3522082530865,1772.3089064571973,1792.475830078125,302968
2022-11-01,1803.6148463542854,1833.8045006535601,1796.8440339109293,1827.1793212890625,319800
2022-11-02,1829.824456269366,1835.624539268178,1805.556227406377,1820.966552734375,438192
2022-11-03,1795.8491316490263,1839.5319483648134,1782.2589220041145,1822.714111328125,363140
2022-11-04,1824.9710252387913,1831.086667030769,1779.3467496078217,1794.8541259765625,400052
2022-11-07,1806.0418351655244,1824.1944254003854,1795.9219349681382,1811.8419189453125,301044
2022-11-09,1820.1172072365098,1831.6689081445468,1795.8489778066896,1801.18798828125,321698
2022-11-10,1795.0968807769507,1799.12543110435,1767.7708270589776,1778.64306640625,249200
2022-11-11,1820.1173355677445,1873.2161779051519,1787.3795154581105,1819.0980224609375,1303250
2022-11-14,1820.117302158271,1867.1976697074317,1819.0979890701744,1861.2762451171875,429222
2022-11-15,1861.276087133745,1871.0804278030764,1822.5439705319202,1853.5345458984375,314310
2022-11-16,1853.5347494313507,1897.0719326848662,1831.7660985559814,1850.4283447265625,822628
2022-11-17,1839.5317987320798,1846.715218373801,1810.0944837053455,1832.7852783203125,368452
2022-11-18,1829.8248061986112,1863.5819427020667,1779.8322451804527,1812.61865234375,530532
2022-11-21,1810.4099769949794,1810.4099769949794,1755.9520920030457,1776.1431884765625,525540
2022-11-22,1772.066220339391,1806.5028162874626,1759.8835210285554,1801.7220458984375,370536
2022-11-23,1817.6904411652229,1825.6746651980004,1792.9368463723185,1812.6668701171875,366504
2022-11-24,1820.117452842835,1892.9221509565486,1813.8562962039477,1887.243408203125,791764
2022-11-25,1887.243306859589,1931.2658549222574,1882.3653686484658,1927.285888671875,962526
2022-11-28,1927.285873192395,1981.1856384014072,1917.2145572417103,1955.0244140625,924392
2022-11-29,1955.0487399021779,1967.32848880508,1930.8048002058647,1958.324951171875,512568
2022-11-30,1959.8300062439853,2024.941636836856,1957.2575494967803,2016.544921875,827680
2022-12-01,2029.3094140749088,2147.6897938687675,2028.8240494697725,2098.66796875,2769282
2022-12-02,2101.628950749022,2134.633747204203,2093.3049943360556,2109.03076171875,982160
2022-12-05,2092.0670203771338,2100.609485061844,2046.903937422312,2069.44921875,609856
2022-12-06,2053.577790095559,2058.552777651333,2002.1291382992629,2007.0555419921875,473026
2022-12-07,2002.129041963337,2004.0463269952359,1954.0779449562167,1969.8765869140625,523064
2022-12-08,1970.0950159459305,1999.1927200578157,1949.2243370383978,1991.0384521484375,411472
2022-12-09,1998.7313644656033,2011.812034851608,1911.3900309441656,1919.908203125,653876
2022-12-12,1910.8805669072249,1974.4633340560301,1888.5537937099343,1967.0372314453125,621958
2022-12-13,1970.628895985863,1987.5680734375176,1937.0901541121202,1980.093505859375,658028
2022-12-14,1995.3823048846327,2045.8116356455535,1990.6255899645369,2037.1722412109375,1009334
2022-12-15,2040.95835978909,2050.6656528201916,1986.2334953262553,1991.69384765625,383550
2022-12-16,1976.4049241674327,1976.4049241674327,1918.4766037578854,1926.096923828125,809202
2022-12-19,1932.2364636265083,1935.0758939222085,1878.8706498037877,1922.6990966796875,529792
2022-12-20,1900.6879151762025,1915.2488542608007,1871.4446958479682,1898.843505859375,519398
2022-12-21,1915.248650634126,1932.3820441681821,1878.8705987215494,1897.2415771484375,537116
2022-12-22,1916.704896124031,1924.9318027839945,1884.1368825235916,1891.6600341796875,425634
2022-12-23,1868.6538927323413,1878.3611856816,1836.6441179316057,1861.0579833984375,451580
2022-12-26,1854.0928942693038,1867.9257862815225,1839.5076633780284,1849.5789794921875,331096
2022-12-27,1873.0219623072232,1906.4878272579701,1855.0634723861642,1900.6634521484375,332446
2022-12-28,1898.2609185268204,1898.2609185268204,1859.4317511828813,1873.555908203125,315666
2022-12-29,1862.4897515766734,1880.1569770245062,1846.8124500489544,1857.78173828125,552474
2022-12-30,1890.4951862498665,1916.1467536983841,1873.5074246275956,1878.7978515625,529376
2023-01-02,1887.558731308516,1963.2999046033506,1868.653802898121,1955.0244140625,891868
2023-01-03,1956.019526667822,1985.796695148865,1951.1901721314503,1965.19287109375,789378
2023-01-04,1960.8731559271903,1974.9001466981747,1888.2625580018866,1906.973388671875,798508
2023-01-05,1913.3071694753914,1924.7859943642015,1884.1852947497387,1907.2158203125,450812
2023-01-06,1905.0561287671173,1912.312306118646,1863.8001361696129,1869.575927734375,603274
2023-01-09,1892.4122059039055,1943.399778743458,1880.7877479098152,1938.958740234375,592108
2023-01-10,1941.45861437339,1941.45861437339,1896.0527273302864,1923.5487060546875,346374
2023-01-11,1917.190248190933,1958.349191649008,1896.4166187642554,1905.7598876953125,502230
2023-01-12,1915.2973087365717,1945.5597206580342,1909.424349636971,1930.87744140625,433806
2023-01-13,1958.4218869424892,1982.4717267914039,1895.3487802963477,1944.322021484375,1192844
2023-01-16,1953.8352636189268,1977.3268636574144,1923.2087089204847,1928.9117431640625,482024
2023-01-17,1938.5705374151105,1949.5639983938495,1923.4999426284567,1930.1494140625,404432
2023-01-18,1935.6584536630385,1950.1465168996324,1896.5380167366686,1921.849853515625,556714
2023-01-19,1917.190306364484,2076.3899064879147,1902.6293673288046,2066.75537109375,4324412
2023-01-20,2056.999376515095,2116.165511664151,2056.0044738691886,2098.473876953125,1476420
2023-01-23,2101.629112157615,2271.5067540179302,2073.5021335146657,2229.352783203125,2527028
2023-01-24,2225.8337073918156,2270.9240361066763,2203.2886615316147,2226.99853515625,2152818
2023-01-25,2212.055338095155,2253.711050429654,2205.5358879083283,2243.455810546875,961322
2023-01-27,2242.479131910343,2297.6620896424574,2222.456996804001,2235.129638671875,1505742
2023-01-30,2241.502372950219,2277.591001809545,2218.574491860144,2253.662109375,602798
2023-01-31,2259.571201066405,2319.1492616953446,2203.6800479899953,2289.140380859375,1060130
2023-02-01,2295.70877362486,2316.707598825002,2248.021954319572,2287.577880859375,852924
2023-02-02,2302.545350270754,2387.02898666457,2302.545350270754,2355.97021484375,1287422
2023-02-03,2363.5886568168935,2383.122447369099,2337.340125762367,2368.96044921875,661336
2023-02-06,2366.054732275246,2417.3066112615275,2331.8462765199583,2363.100341796875,864934
2023-02-07,2362.611897041394,2380.4853625551464,2345.2756584417725,2354.11474609375,308864
2023-02-08,2368.4720714588902,2405.024724210395,2355.9460761317105,2360.560791015625,492842
2023-02-09,2357.75250135524,2389.9346074067407,2334.2876342195295,2356.18994140625,371042
2023-02-10,2353.8218292170827,2392.889411444752,2334.288038103248,2388.347900390625,450108
2023-02-13,2389.4709299018864,2389.4709299018864,2293.16924707536,2305.8662109375,720900
2023-02-14,2312.312277275075,2360.0479742346606,2309.382208919499,2320.394287109375,651696
2023-02-15,2323.9594849291097,2367.9348347352734,2301.1048073262677,2359.169189453125,471376
2023-02-16,2380.680943158023,2434.0326135252053,2371.109337214583,2412.30126953125,953328
2023-02-17,2395.8438220241765,2412.423222750653,2368.4721923766533,2397.94384765625,449196
2023-02-20,2402.6320312613884,2488.116690884355,2390.8383138903505,2472.025634765625,1397586
2023-02-21,2483.2332644255266,2507.6505039970657,2421.6286166764544,2426.096923828125,813338
2023-02-22,2395.819402017034,2477.8613220208786,2388.9825753500472,2461.013427734375,772092
2023-02-23,2470.536354312041,2477.788322314581,2417.79511567482,2427.56201171875,644010
2023-02-24,2432.152351401946,2440.7472674205183,2384.8561106648704,2390.44775390625,614950
2023-02-27,2380.5096748490605,2380.5096748490605,2314.045907048458,2354.55419921875,719874
2023-02-28,2376.3587918574704,2380.6806906473325,2317.098107898824,2340.685302734375,472828
2023-03-01,2344.054854314988,2409.981397092597,2325.2779028625664,2396.844970703125,548740
2023-03-02,2387.9816645801325,2401.484350126419,2364.5654368792757,2373.526611328125,344678
2023-03-03,2392.8894050948866,2416.769416978261,2364.3212356667127,2376.35888671875,378146
2023-03-06,2392.8652601112058,2417.306822604359,2372.6721544183147,2382.14599609375,413696
2023-03-08,2368.472012504568,2395.7949963585515,2336.7539259469677,2388.8115234375,506098
2023-03-09,2400.116623681593,2401.87471242885,2347.9615010269654,2352.649658203125,243882
2023-03-10,2324.5207397192758,2333.213179878739,2288.407554275957,2319.34423828125,792904
2023-03-13,2328.6719942661907,2343.175929056681,2247.3625915094913,2257.15380859375,573556
2023-03-14,2258.5946589264363,2258.5946589264363,2173.573783102657,2213.7158203125,1561904
2023-03-15,2234.1530348631986,2243.651197714368,2195.3539469168936,2209.662353515625,598414
2023-03-16,2207.318318561138,2238.5723832487292,2178.9943224380086,2188.12646484375,534932
2023-03-17,2218.6476430628004,2275.6862062428877,2212.6408604358194,2271.755126953125,1089322
2023-03-20,2256.1527709246016,2273.855268315514,2197.6978082980836,2225.85107421875,469668
2023-03-21,2231.7598437953857,2237.473572787183,2173.4026457928608,2186.099609375,554638
2023-03-22,2214.643415715819,2230.9297606304594,2189.762155610359,2193.9130859375,516572
2023-03-23,2180.4839365461144,2181.7293589031074,2132.626144331303,2161.756103515625,932774
2023-03-24,2173.1342700111436,2221.968747988922,2107.6960695209204,2111.993408203125,919892
2023-03-27,2122.565876311149,2169.4469666191953,2099.9310522068845,2132.650146484375,650670
2023-03-28,2138.4615280636626,2172.3282820726486,2127.449450011695,2160.94970703125,378044
2023-03-29,2157.0187813265793,2224.6545298467813,2142.417320852208,2217.964111328125,788878
2023-03-31,2237.5224617086687,2270.8031090470427,2213.6667727548916,2251.025146484375,1182254
2023-04-03,2261.0360011244293,2263.0871442806533,2178.9940900685106,2213.93505859375,654980
2023-04-05,2214.155050482181,2234.1528629588915,2182.94986929565,2222.237060546875,493884
2023-04-06,2210.248497938874,2238.0841506968313,2201.848872253123,2220.650146484375,465962
2023-04-10,2220.991783604136,2238.3280211410633,2193.1561346011817,2231.61328125,265046
2023-04-11,2231.2469938646987,2231.2469938646987,2193.30251428192,2203.655517578125,367938
2023-04-12,2204.7055857758965,2228.805446964432,2197.5513828527482,2218.84326171875,370780
2023-04-13,2205.608993925489,2217.085095189133,2124.787940345356,2144.68798828125,1244308
2023-04-17,2051.0479022097297,2063.256520675264,1934.846295499734,2053.269775390625,2647796
2023-04-18,2072.998887422977,2139.926431815005,2041.2808044241717,2127.0341796875,1312442
2023-04-19,2134.0420520051953,2143.8332680203143,2091.580384266744,2108.37939453125,735200
2023-04-20,2119.367225605099,2136.044150283908,2085.2319769970986,2095.023193359375,401662
2023-04-21,2099.8826790053313,2123.5674022452754,2063.256818325006,2100.5419921875,486708
2023-04-24,2119.416206941655,2182.3883575945592,2116.9988050585125,2169.373779296875,1438434
2023-04-25,2146.275034212004,2196.5745401332406,2131.307316304967,2183.975341796875,1529942
2023-04-26,2152.647837397925,2219.7709142231315,2124.9342746694765,2183.975341796875,1167572
2023-04-27,2182.803396110077,2261.9641324148147,2170.692540980061,2238.181884765625,907450
2023-04-28,2245.4093643422807,2329.3069046288156,2241.526927847492,2313.411376953125,1169504
2023-05-02,2323.0563437148985,2355.0186080449557,2310.090883928544,2320.077392578125,546108
2023-05-03,2304.9871937015014,2319.3444814977765,2281.0583012245156,2284.452392578125,559118
2023-05-04,2288.212664100798,2304.0106653780385,2256.1528770764176,2280.203857421875,497210
2023-05-05,2280.0816916973404,2303.326950037246,2259.937470283223,2265.797607421875,421276
2023-05-08,2282.035076858921,2293.2426845464643,2263.966320632989,2282.6455078125,380326
2023-05-09,2295.220234068409,2327.450986291497,2286.0880922253705,2292.827392578125,548846
2023-05-10,2307.91710924277,2307.91710924277,2274.465496465976,2281.44873046875,282798
2023-05-11,2303.5221090794653,2307.7708036428858,2270.2657850214537,2279.20263671875,460416
2023-05-12,2284.965393371387,2304.157249254523,2259.4493767431213,2271.731201171875,419216
2023-05-15,2275.6866813039496,2295.9286678726417,2254.687855703935,2290.996337890625,311284
2023-05-16,2302.5454638175106,2350.891593386532,2283.0116740926537,2304.010498046875,660646
2023-05-17,2307.7952533302896,2350.623184231909,2287.406859567069,2346.17919921875,713662
2023-05-18,2366.9826811849866,2370.523180622177,2312.458799092595,2318.782958984375,360724
2023-05-19,2336.7296784727732,2390.935946876217,2327.158073479184,2387.126953125,1017838
2023-05-22,2392.889188315616,2469.193052738946,2388.005740992523,2461.794677734375,867542
2023-05-23,2461.257764333574,2488.605072826169,2412.423284882511,2417.3310546875,678044
2023-05-24,2409.9812904340843,2471.0000610398006,2390.6184691947783,2425.4619140625,805160
2023-05-25,2436.839969839538,2462.7222380562707,2425.192901452098,2454.66455078125,440560
2023-05-26,2473.9545019895086,2519.8589084614814,2457.057725959908,2485.162109375,1172258
2023-05-29,2506.991055555368,2506.991055555368,2456.984599301247,2460.891357421875,493606
2023-05-30,2463.1373524546652,2491.290375458707,2454.493556272019,2477.05517578125,431988
2023-05-31,2475.150975619312,2519.370496138954,2466.1409198491406,2509.310546875,660568
2023-06-01,2518.882072834366,2539.880895853342,2487.750096846931,2526.451416015625,566908
2023-06-02,2539.3930906498135,2577.948009973278,2527.1844700216893,2552.334228515625,766460
2023-06-05,2572.599810253189,2576.5065677478788,2535.241441710218,2544.00732421875,212734
2023-06-06,2489.581495394165,2489.581495394165,2395.330960162491,2432.469482421875,1519336
2023-06-07,2441.7240141311677,2460.769461441391,2427.073670046381,2450.78271484375,458248
2023-06-08,2461.2575208734875,2461.2575208734875,2400.2144275978553,2405.659423828125,432000
2023-06-09,2412.3984903890887,2415.3528804372154,2353.8214483840234,2386.41845703125,748724
2023-06-12,2402.6805807682263,2442.7005298914883,2363.100332695904,2433.763916015625,552992
2023-06-13,2447.5592430964707,2483.232727010278,2434.3982584358373,2461.35498046875,720190
2023-06-14,2406.563368711286,2435.546682621385,2374.332609308902,2424.265869140625,1034786
2023-06-15,2417.306419518358,2446.6071033913076,2395.8192513448616,2434.0322265625,744116
2023-06-16,2444.1655350981537,2444.1655350981537,2408.0280226911077,2421.57958984375,500384
2023-06-19,2412.4476611327696,2431.957131493167,2398.2370180518064,2413.937255859375,425506
2023-06-20,2417.306502929167,2429.5151216308295,2395.697247827224,2426.609375,392924
2023-06-21,2441.675114410378,2441.7239965802314,2406.563171029476,2411.153564453125,391978
2023-06-22,2401.1912722695165,2410.933845965764,2371.426562684913,2378.190185546875,426290
2023-06-23,2372.8425918456455,2372.8425918456455,2334.9469951738033,2346.423095703125,329208
2023-06-26,2341.491258567178,2406.4411177651414,2329.8930694246847,2395.892822265625,445436
2023-06-27,2371.035806660225,2408.4673834140563,2371.035806660225,2388.93359375,361428
2023-06-28,2397.5039807878966,2406.733647920258,2373.3552400132867,2381.119873046875,454488
2023-06-30,2387.028908574118,2460.5979904007136,2382.169783398812,2447.11962890625,960168
2023-07-03,2468.5825788119632,2468.5825788119632,2368.471910432843,2374.2099609375,978832
2023-07-04,2380.631579466205,2387.028942858132,2354.798191993026,2376.968994140625,449940
2023-07-05,2361.1955749739604,2377.8236171102185,2352.8691545283245,2371.54833984375,824362
2023-07-06,2373.2574060038405,2391.912268360257,2345.519523261395,2387.66357421875,463940
2023-07-07,2388.0056406291105,2402.6316601269004,2347.5951157288937,2358.485107421875,424250
2023-07-10,2358.4849496680877,2373.3551405271364,2307.452930699963,2318.75830078125,455418
2023-07-11,2315.716624859673,2336.9114152161014,2296.0919076998453,2314.686279296875,487798
2023-07-12,2315.7164333883547,2325.5287911569494,2279.631583518154,2303.37744140625,800280
2023-07-13,2305.3893843278606,2392.743817243044,2301.0226927881813,2335.390625,1227046
2023-07-14,2364.189392385252,2423.161758583992,2342.2098067382017,2415.802490234375,1424638
2023-07-17,2427.5531070104225,2496.754670909901,2409.4246784905727,2434.56884765625,1122438
2023-07-18,2452.8687440540507,2468.8385012025824,2414.330801979972,2444.9453125,577714
2023-07-19,2456.499516097343,2526.1916965394907,2416.366826085272,2521.138427734375,2084866
2023-07-20,2526.584135182226,2530.4355338676387,2457.7014253106763,2474.55419921875,642390
2023-07-21,2399.1219758324637,2428.5590552905305,2313.754445404069,2330.2392578125,2555932
2023-07-24,2340.223091583636,2364.140715676822,2306.4439991831987,2342.160888671875,583440
2023-07-25,2359.136291272091,2359.136291272091,2285.8380212228767,2297.539306640625,1002122
2023-07-26,2297.5394350651586,2314.4657544159577,2277.816497563017,2288.315673828125,870564
2023-07-27,2292.6820555694876,2327.491494037049,2280.0733183193865,2315.888427734375,930732
2023-07-28,2326.9515167650934,2336.7885490862186,2297.3182444496056,2304.333984375,509642
2023-07-31,2323.0761164221544,2334.3603298704566,2301.53803518709,2327.51611328125,512634
2023-08-01,2327.515892802736,2372.382998282835,2312.6747004342,2359.6513671875,798762
2023-08-02,2354.9661629478483,2355.1379271424726,2291.4067032696057,2314.244873046875,733756
2023-08-03,2309.82919940905,2314.023886859439,2273.6952370115946,2301.5869140625,458764
2023-08-04,2318.169813061971,2359.8723387995938,2310.957633375293,2347.974853515625,651810
2023-08-07,2354.9660695495472,2406.3582978381546,2341.228767477175,2395.245849609375,724704
2023-08-08,2389.3092061412476,2428.5342036141324,2376.062522657508,2382.90673828125,605606
2023-08-09,2392.743398086786,2398.2137395307723,2353.1260043210473,2379.324951171875,484584
2023-08-10,2375.081421213409,2391.762430988508,2365.269062522174,2376.798583984375,366530
2023-08-11,2383.4218056352024,2427.0867996042293,2381.1158056354993,2400.37255859375,795606
2023-08-14,2400.372668436245,2428.55876446583,2375.08140985436,2422.720458984375,525202
2023-08-16,2427.5282388319415,2453.089479116237,2392.5472786835517,2439.499267578125,779268
2023-08-17,2439.8428661875732,2451.6176960264033,2403.0465229412293,2410.99462890625,371492
2023-08-18,2408.443118613179,2416.2685694465317,2334.359820403648,2380.330810546875,486846
2023-08-21,2396.177967969718,2469.206494696591,2381.4349950102624,2458.33935546875,847190
2023-08-22,2472.5673121810282,2485.0533949382093,2455.7145381382256,2467.6611328125,681382
2023-08-23,2471.242951988914,2490.3770546547003,2447.1044497251664,2455.59228515625,377966
2023-08-24,2465.3551832417193,2526.118263878899,2458.5600767650544,2511.939453125,872132
2023-08-25,2502.151477716293,2538.947822976827,2464.888949591977,2520.745849609375,840552
2023-08-28,2526.6581742159165,2546.3073285866767,2470.065342035705,2476.418701171875,597960
2023-08-29,2489.886168751473,2511.375139763379,2473.352247531214,2505.26708984375,465966
2023-08-30,2521.7763376372777,2551.21341550853,2512.0621977635856,2544.295654296875,547502
2023-08-31,2550.501606194084,2644.921117538249,2542.455520489289,2634.961669921875,1386890
2023-09-01,2600.2750848742476,2734.1646729363356,2600.2750848742476,2719.642333984375,1296136
2023-09-04,2731.7604856070366,2845.5838391739967,2723.5426357266633,2837.0224609375,1429702
2023-09-05,2845.5841106593907,2914.000879626563,2805.476093237597,2907.2548828125,1346990
2023-09-06,2906.9113827896363,2929.4062639337662,2875.610053090759,2922.83203125,1024724
2023-09-07,2914.17236328125,2938.3599716174467,2901.6616057292817,2914.17236328125,576030
2023-09-08,2882.7725514300723,2942.701719363822,2870.6053233742564,2929.50390625,685480
2023-09-11,2930.951774149303,2960.879470537503,2902.005313708257,2912.3818359375,846946
2023-09-12,2937.967572902605,2937.967572902605,2858.56124397123,2865.159912109375,604718
2023-09-13,2839.108026753145,2858.58565635493,2803.415568759526,2835.526611328125,710548
2023-09-14,2852.943345759431,2920.452422798854,2832.828010045564,2913.853515625,725040
2023-09-15,2936.83885887721,2936.83885887721,2891.7264454667356,2926.854736328125,390224
2023-09-18,2933.4045642995643,2936.3482718402565,2855.6907331372026,2864.6689453125,592042
2023-09-20,2864.227704460842,2864.595667937777,2818.3549243362977,2839.034423828125,893452
2023-09-21,2833.269331039596,2869.550621442268,2802.3112928920436,2823.530517578125,629260
2023-09-22,2833.3186502256485,2874.8985213263627,2799.4904468809546,2869.796142578125,517542
2023-09-25,2889.739511135364,2922.9053300069895,2829.884125675514,2903.157958984375,1046814
2023-09-26,2901.3673935796746,2916.57654964617,2864.595483330575,2874.554931640625,370188
2023-09-27,2894.6457861781646,2903.4524738429786,2859.345730300872,2864.619873046875,361614
2023-09-28,2869.5016236215956,2879.6819456887292,2782.6378147713854,2814.650634765625,653728
2023-09-29,2811.2410170387548,2869.256593001204,2751.2138594523767,2843.96533203125,1101802
2023-10-03,2833.244998385633,2849.999552767929,2804.0532315772853,2810.283935546875,520756
2023-10-04,2796.0805969889043,2805.3041179331176,2762.1788512753774,2792.916015625,837118
2023-10-05,2810.750181403413,2835.771696371396,2794.0936064979687,2815.828125,470156
2023-10-06,2835.771529508225,2845.0932698301376,2791.6159174570585,2820.09619140625,370812
2023-10-09,2813.669316514438,2841.1683549149366,2736.077901359683,2745.42431640625,897488
2023-10-10,2756.291358240598,2845.068762941878,2747.460236053284,2824.560791015625,895372
2023-10-11,2848.012234610364,2887.286098374478,2818.7957973898374,2826.425048828125,874030
2023-10-12,2837.7340633996987,2867.6617566686095,2802.679317017464,2831.576904296875,630930
2023-10-13,2806.3346195624836,2848.0371445035344,2789.1874267187877,2828.63330078125,845324
2023-10-16,2838.151274543863,2849.0428492159135,2803.979782496237,2826.40087890625,855982
2023-10-17,2848.03702368181,2852.8940931746324,2797.1598495882636,2802.23779296875,689948
2023-10-18,2803.734458701679,2840.677894038676,2760.0938967855063,2804.24951171875,984640
2023-10-19,2821.0531132473193,2918.6616467894914,2798.9753062740792,2869.599853515625,1564564
2023-10-20,2869.599929436808,2916.7236872992976,2848.8957563036497,2898.227294921875,819666
2023-10-23,2897.6142131462548,2914.172569903773,2833.7112215116845,2848.650634765625,941706
2023-10-25,2862.3879302380833,2911.817691385015,2856.328750314612,2893.9345703125,1063818
2023-10-26,2865.208808480682,2892.1927955468527,2786.709937015458,2878.234619140625,918290
2023-10-27,2894.645592286059,3015.092285998979,2879.92705537613,2984.796630859375,1896610
2023-10-30,3011.094019084009,3011.412872828559,2963.9455878096337,2977.0205078125,818996
2023-10-31,2992.7693921016735,3041.8311854148155,2977.1678376519094,3022.3046875,905422
2023-11-01,3029.566024217681,3070.2873165270034,3007.7826338340033,3047.228271484375,788926
2023-11-02,3071.268381381178,3081.0807404271245,3029.1243471907483,3054.317626953125,529524
2023-11-03,3066.3618671224676,3099.72388423676,3057.0156919752867,3084.09765625,985378
2023-11-06,3093.3458702632183,3113.7065131840627,3051.6433486181154,3064.3994140625,708854
2023-11-07,3064.3999477694374,3071.2441645140734,3006.3108260022113,3054.6611328125,550174
2023-11-08,3084.9812699525687,3090.7949010791926,3051.8889930212367,3085.201904296875,356746
2023-11-09,3098.2276703933803,3105.120756213558,3069.845376353026,3100.55810546875,368020
2023-11-10,3090.402350119585,3095.7991473653888,3057.261204674853,3064.47314453125,341756
2023-11-13,3064.3997945274073,3084.736004901846,3013.8170346693273,3059.542724609375,756078
2023-11-15,3109.8306870896827,3138.4091799322828,3061.03864082473,3073.13232421875,1563804
2023-11-16,3085.962159094066,3145.3513601261725,3072.3963824975344,3138.11474609375,847346
2023-11-17,3158.598479129137,3179.376197993381,3121.8021315157966,3133.50341796875,670996
2023-11-20,3144.370039806921,3188.9918324820983,3134.3368081875064,3179.44921875,958802
2023-11-21,3189.0166135397,3226.303577021087,3156.169646596424,3172.139404296875,943398
2023-11-22,3166.4238174806987,3245.437742585589,3152.2447670634892,3235.134765625,807906
2023-11-23,3245.339277938282,3250.171912297481,3123.273636900509,3129.578125,1118954
2023-11-24,3144.8608088810665,3176.211245475791,3103.9924327267504,3135.22021484375,1029614
2023-11-28,3152.220060445773,3159.579329069382,3079.1179921179255,3100.263671875,1140176
2023-11-29,3127.6649314503775,3176.7511605082364,3123.273805064932,3160.904296875,875338
2023-11-30,3182.6386163054553,3193.922829065595,3105.758688328861,3139.930419921875,14528104
2023-12-01,3162.032561938546,3180.8478074843315,3135.0485757621896,3156.292236328125,415694
2023-12-04,3189.5072180374755,3201.282048560918,3138.335862878165,3160.291015625,792814
2023-12-05,3174.297968152487,3188.525887947915,3076.5667818717993,3130.117919921875,705628
2023-12-06,3147.264958001445,3181.6573233172917,3101.7110346122804,3108.45703125,447780
2023-12-07,3125.2363472072534,3127.002619742388,3085.643382746131,3095.235107421875,420510
2023-12-08,3115.4238563742365,3206.678791379844,3097.9333750767355,3171.599609375,1022492
2023-12-11,3189.01672187811,3208.6414401665907,3170.3732395040533,3202.287841796875,636456
2023-12-12,3213.547469453296,3269.9440968211807,3189.0165727399117,3202.484130859375,884092
2023-12-13,3215.5099494311435,3223.1389625047423,3152.833508167819,3199.6630859375,333944
2023-12-14,3236.1158073629226,3383.865346380571,3229.1000669154664,3365.29541015625,1515086
2023-12-15,3384.7732077459164,3630.695453054315,3368.484596123119,3544.64111328125,2922862
2023-12-18,3544.6411148425614,3555.23851038739,3471.4654961132655,3506.2255859375,797768
2023-12-19,3527.5428385714204,3527.5428385714204,3417.276461246118,3465.8720703125,793000
2023-12-20,3495.6527652556133,3568.8530565287106,3413.228952685376,3432.657470703125,771526
2023-12-21,3404.8882599740064,3520.183467624423,3394.560848899768,3514.099853515625,567800
2023-12-22,3532.4737785277057,3675.194736010149,3510.3715350567254,3645.953857421875,1261042
2023-12-26,3655.103431847122,3657.556521398697,3593.776193057741,3610.236328125,612722
2023-12-27,3618.307449303137,3672.2754248181673,3607.047671315045,3628.51220703125,613622
2023-12-28,3640.3853428537695,3709.071858756671,3616.3450622877544,3688.98095703125,671220
2023-12-29,3688.98088520858,3688.98088520858,3612.738901952665,3625.372314453125,529612
2024-01-01,3642.8384456550148,3642.8384456550148,3582.075361851605,3590.293212890625,280792
2024-01-02,3608.495059492092,3612.88618601373,3554.3799948724068,3595.763427734375,390288
2024-01-03,3581.5111214800604,3593.776570526225,3512.9963710200955,3575.40283203125,508764
2024-01-04,3587.3983234234797,3637.907535412017,3541.3537825338244,3564.4375,600388
2024-01-05,3566.7922710108237,3629.5913646407257,3561.8860918209875,3606.40966796875,523110
2024-01-08,3613.4010167234655,3623.409574479062,3537.4043480718333,3574.81396484375,365716
2024-01-09,3633.001328392468,3637.539544234744,3569.2454327087903,3577.5859375,312508
2024-01-10,3586.416987422423,3632.216218067008,3550.7980785957607,3621.39794921875,362856
2024-01-11,3635.4787437999885,3679.634356072863,3616.3446451484097,3626.132568359375,504980
2024-01-12,3685.0067396491004,3799.786657599711,3669.822019293586,3755.70458984375,1002852
2024-01-15,3807.195169717034,3866.0693218260603,3748.222798197344,3761.469482421875,663050
2024-01-16,3777.708853672512,3777.708853672512,3696.80600701809,3738.214111328125,288604
2024-01-17,3696.8062212112127,3799.8359898182935,3691.9000417537327,3783.841796875,635166
2024-01-18,3821.4232446822994,3874.7044024122215,3706.7412979055007,3808.74072265625,897510
2024-01-19,3870.9758551339073,3880.7882147159958,3799.002101775464,3859.078369140625,720220
2024-01-23,4042.2011281624646,4275.097555523932,3983.8420295233905,4049.7568359375,2826878
2024-01-24,4120.208931241394,4175.133698397953,4045.733233333066,4158.37890625,871628
2024-01-25,4170.252562984857,4190.367898876902,4061.016285084447,4110.76513671875,524406
2024-01-29,4145.7214986666895,4246.29817407813,4102.032067927632,4237.76123046875,1032952
2024-01-30,4280.800845195387,4348.265439212616,4105.245168062964,4123.6376953125,766314
2024-01-31,4103.2006649457735,4160.151799014827,4066.6618376057754,4113.44384765625,729942
2024-02-01,4148.82589423613,4148.82589423613,4039.5527682342176,4085.177734375,258130
2024-02-02,4126.026721803144,4193.491322243589,4114.4047940627515,4187.0400390625,421372
2024-02-05,4198.070152699784,4230.595866910956,4151.731529650177,4212.15380859375,596750
2024-02-06,4234.954894155023,4293.850803183671,4203.487637591124,4255.6865234375,445232
2024-02-07,4261.496153194215,4280.356593004189,4237.48959628777,4260.068359375,201752
2024-02-08,4284.248145800267,4284.248145800267,4212.844010036929,4249.703125,225740
2024-02-09,4273.9067401606135,4284.001807354218,4220.304587934359,4254.0859375,318690
2024-02-12,4280.308275025848,4315.862703633139,4239.952534214058,4286.5869140625,1151842
2024-02-13,4271.937137613628,4288.532540022885,4193.589756648916,4283.01708984375,311506
2024-02-14,4243.8923446527215,4266.618749572039,4195.608472438193,4243.39990234375,370702
2024-02-15,4264.476695115844,4321.107565403408,4264.476695115844,4296.6826171875,368308
2024-02-16,4323.643585480916,4382.736664097968,4277.920508261255,4367.74169921875,394096
2024-02-19,4382.736435206419,4382.736435206419,4290.526615263452,4302.12353515625,599118
2024-02-20,4302.123575153267,4332.999803585341,4259.625900785681,4284.69140625,286222
2024-02-21,4296.559299127112,4302.419555173312,4180.835352388445,4195.5595703125,292902
2024-02-22,4222.667932216114,4247.560792742625,4188.221499307406,4215.3798828125,384166
2024-02-23,4262.088479569027,4305.915848105324,4244.8529975603715,4260.7587890625,307192
2024-02-26,4259.626284104173,4259.626284104173,4087.2959892971767,4149.02392578125,1476842
2024-02-27,4178.372637391724,4200.532539416784,4140.947025082736,4195.01708984375,355210
2024-02-28,4205.432647285516,4205.457173219979,4116.6203913926265,4140.626953125,221342
2024-02-29,4138.977538614524,4274.399171347301,4091.1615835626058,4249.94921875,602434
2024-03-01,4249.974110657454,4297.592895141049,4220.648787714517,4234.51123046875,369366
2024-03-04,4222.692674285817,4234.018847056496,4153.750753072987,4171.552734375,639426
2024-03-05,4166.061534563614,4169.0161881342265,4055.311077531564,4061.8359375,411892
2024-03-06,4060.6793099954075,4129.695292471603,3951.8988512242126,4119.35400390625,650350
2024-03-07,4121.741942463749,4146.339530881168,4089.7331938066236,4122.77587890625,323434
2024-03-11,4156.188365182132,4156.188365182132,4035.392368685628,4055.04052734375,656282
2024-03-12,4056.6406673008023,4106.96836138665,3981.3955877471303,4043.3447265625,457462
2024-03-13,4062.156534290893,4094.657726103622,3964.7022511727946,4002.2509765625,504070
2024-03-14,3939.537889371493,4112.754445944795,3903.17098214017,4091.50537109375,449832
2024-03-15,4078.505662532405,4163.52553602995,4028.1779639179886,4152.4951171875,770846
2024-03-18,4139.4701584813465,4147.546404921939,3991.2450195683214,4027.858154296875,980584
2024-03-19,4008.4804631819748,4008.4804631819748,3912.4542112998515,3929.4189453125,562856
2024-03-20,3931.142248457043,3965.1452921706473,3895.710929751862,3940.744873046875,352936
2024-03-21,3966.598226353008,4062.0089225982974,3966.598226353008,4040.4150390625,546380
2024-03-22,3929.6651158730388,3981.3960844638245,3871.5814491100296,3925.45458984375,1033580
2024-03-26,3937.076246931915,4002.9896978552347,3917.5261911516272,3976.373046875,601872
2024-03-27,3988.7827544629477,4002.5711392931903,3949.3873692336842,3988.6103515625,445316
2024-03-28,4007.4952294068944,4034.727191003391,3887.782464400041,3924.32177734375,747068
2024-04-01,4008.3815633494123,4014.783312971502,3872.566079085523,3936.23876953125,841783
2024-04-02,3928.7046231419426,3928.7046231419426,3891.377593421582,3910.238037109375,296000
2024-04-03,3910.188760081604,3934.466309550899,3871.827553303331,3912.847900390625,610324
2024-04-04,3967.114958334626,4023.3026698737954,3917.279704038374,3968.59228515625,856395
2024-04-05,3983.8578357244364,3984.8427202326498,3909.9914976084083,3936.337158203125,324838
2024-04-08,3945.3983443704537,3950.1751307747386,3675.244455355781,3844.79248046875,764262
2024-04-09,3870.596523483491,3927.719830954749,3832.2846082734236,3897.040771484375,282366
2024-04-10,3900.093678650662,3919.2005839402646,3880.4452791975846,3898.911865234375,138002
2024-04-12,3907.1847317406005,3978.933668956245,3900.142903234339,3917.821533203125,328754
2024-04-15,3909.992190464708,3932.743122816071,3845.974686086822,3893.0029296875,294122
2024-04-16,3880.445471453217,3916.9354953598713,3791.805854084996,3799.93115234375,324666
2024-04-18,3869.6116279509934,3899.896829671404,3763.785824826164,3785.7978515625,417993
2024-04-19,3775.1120071817604,3850.8495376055416,3732.7126765780545,3825.981201171875,364067
2024-04-22,3823.322458098413,3823.322458098413,3265.8777102149243,3455.468017578125,3702690
2024-04-23,3496.340315444031,3505.302861446855,3418.2882112189777,3475.70703125,1623128
2024-04-24,3496.3401055642007,3502.6925627363576,3407.700497254122,3414.003662109375,1165495
2024-04-25,3410.7539944660184,3426.1180501361137,3363.8733907757287,3378.4990234375,615599
2024-04-26,3378.4990395512546,3465.808964602142,3339.743733721473,3346.09619140625,761753
2024-04-29,3350.6759932022624,3385.0483695555818,3306.2576015705813,3322.8037109375,769877
2024-04-30,3290.4994617977113,3360.3769763579116,3290.4994617977113,3317.682373046875,595315
2024-05-02,3348.6075988725843,3377.0706672828655,3314.1366382959545,3356.191162109375,432230
2024-05-03,3374.805842289562,3393.2724295012445,3310.1973129848134,3315.958984375,345291
2024-05-06,3320.0459572786613,3382.4875441870654,3320.0459572786613,3344.37255859375,340457
2024-05-07,3363.3807174142808,3363.3807174142808,3270.801570287797,3311.083251953125,283529
2024-05-08,3314.2352090539157,3344.027967713222,3267.8470489778024,3336.592041015625,275816
2024-05-09,3319.1596661500143,3371.3585496277756,3294.4389666624857,3306.79931640625,260033
2024-05-10,3279.6654631820716,3351.4634487634958,3204.814239397736,3316.5986328125,574026
2024-05-13,3301.33322044701,3357.471643348406,3221.951424515073,3345.554443359375,490848
2024-05-14,3348.607400198963,3378.0553514499948,3310.196903549622,3372.24462890625,328633
2024-05-15,3369.289950595438,3437.2469826302477,3361.4108744174887,3428.826171875,694250
2024-05-16,3466.793740141433,3497.6206757503714,3429.4174182206007,3475.115966796875,521947
2024-05-17,3486.5408159653366,3505.9429947158897,3459.702710310162,3486.63916015625,330396
2024-05-21,3473.687973070675,3473.9834865397966,3413.117570364736,3460.785888671875,522945
2024-05-22,3456.9452003271026,3480.582432466091,3436.7550645417164,3446.406982421875,351341
2024-05-23,3457.0435776033787,3532.781108192121,3447.096146828108,3514.462158203125,358239
2024-05-24,3520.962433025624,3534.406011589767,3473.7372647062994,3501.461669921875,184591
2024-05-27,3530.8110807451662,3727.196962110527,3506.1889672113784,3680.218017578125,1556306
2024-05-28,3693.3170070163847,3739.5572878541648,3617.234676671847,3634.864013671875,425532
2024-05-29,3629.299749842573,3644.0730188378616,3567.990683512125,3594.68115234375,254189
2024-05-30,3584.9796884415673,3584.9796884415673,3448.1793234336383,3463.88818359375,394086
2024-05-31,3477.627570545581,3491.3666628149313,3348.607686166801,3358.948974609375,898926
2024-06-03,3457.437277058714,3457.437277058714,3323.9854180524594,3374.06689453125,855315
2024-06-04,3378.154182282435,3402.7762973136482,3183.1963235553585,3301.185546875,1165302
2024-06-05,3310.1479460923615,3555.4335110604375,3309.2123537847838,3513.0341796875,678737
2024-06-06,3570.2067012299317,3658.6493870497793,3557.403201335866,3638.508544921875,314456
2024-06-07,3683.4684727757126,3814.9012770096856,3675.5893958285988,3792.052001953125,1005726
2024-06-10,3796.730117156212,3829.2313088205847,3622.40554368367,3688.88525390625,1482160
2024-06-11,3730.743276022715,3733.8948590000314,3669.187981737757,3677.411865234375,586636
2024-06-12,3684.403694442295,3752.410018591077,3684.403694442295,3713.507080078125,509955
2024-06-13,3751.425536335554,3776.343165436201,3722.5683687352107,3733.402099609375,493209
2024-06-14,3748.2738972114494,3748.2738972114494,3678.5933110468222,3715.772705078125,555850
2024-06-18,3715.969387226107,3832.9244269115297,3715.969387226107,3789.392578125,479189
2024-06-19,3811.5032951407275,3837.504151671631,3708.09041504001,3784.46826171875,381743
2024-06-20,3784.4684390240595,3853.804219988461,3769.6951697461036,3839.425048828125,313508
2024-06-21,3890.2940382943866,4040.2917654359517,3867.296887482817,3884.827880859375,1287631
2024-06-24,3880.3962026277823,3970.2669263369676,3834.1066243885307,3908.120849609375,650360
2024-06-25,3939.43965895312,3948.303620001196,3891.968271207935,3914.128173828125,152461
2024-06-26,3924.7653267779306,3939.4400118698068,3880.4455175671383,3891.1806640625,268164
2024-06-27,3891.180269054622,3995.6766158995156,3843.856758828252,3970.66064453125,644155
2024-06-28,3978.982969788014,4220.230398008862,3964.1604088648005,4177.3388671875,1252644
2024-07-01,4180.834823413913,4480.190668206836,4163.304071167159,4428.1884765625,1748520
2024-07-02,4428.0410152996055,4485.164320212279,4356.144441875035,4433.7041015625,704120
2024-07-03,4476.251380466337,4552.2351299087895,4414.351288208694,4523.96875,627211
2024-07-04,4555.091497879257,4688.050925384921,4530.469381674504,4679.08837890625,911163
2024-07-05,4697.752117053045,4772.455713507453,4646.685752063138,4699.130859375,649373
2024-07-08,4707.551245398795,4712.623785838089,4497.229330237113,4516.97607421875,971949
2024-07-09,4528.327202263781,4618.345150488855,4528.327202263781,4577.6298828125,362291
2024-07-10,4617.258983806483,4617.258983806483,4474.336259292475,4499.4560546875,535137
2024-07-11,4535.334930305455,4576.840113570377,4461.899494695898,4558.234375,378000
2024-07-12,4639.072532689508,4865.05478001464,4569.190526467048,4746.166015625,1368072
2024-07-15,4811.804113926113,4811.804113926113,4706.437941790398,4732.34765625,531936
2024-07-16,4737.776331753894,4809.977972586046,4700.910413282128,4757.96142578125,365068
2024-07-18,4765.413232156365,4853.210340222869,4678.109642444475,4832.6796875,555572
2024-07-19,4737.628343317461,4737.628343317461,4476.21156907292,4524.03369140625,1923719
2024-07-22,4524.033988958548,4741.823561295212,4433.769281312382,4697.30810546875,1177493
2024-07-23,4690.398346513978,4784.166831976695,4496.741555335639,4747.79443359375,875195
2024-07-24,4728.892624738962,4774.740670247408,4698.294488365155,4756.0361328125,275627
2024-07-25,4678.554052691585,4752.581806689869,4634.137400292613,4655.9013671875,413931
2024-07-26,4658.813360856601,4770.348511233041,4658.813360856601,4711.0771484375,189950
2024-07-29,4761.1196204452,4782.192950995206,4693.359645403963,4716.65380859375,438646
2024-07-30,4724.94477298541,4736.740054555904,4666.610806512917,4714.6796875,165048
2024-07-31,4759.688541508191,4900.439588597755,4727.905767161284,4769.6572265625,731474
2024-08-01,4816.690523708755,4820.145152579593,4693.508039371912,4734.27294921875,253525
2024-08-02,4683.488996334481,4723.858699722913,4566.969510291628,4576.24755859375,354246
2024-08-05,4386.391316201334,4528.524608175455,4351.943830022914,4477.791015625,486624
2024-08-06,4451.535113773666,4576.2472859123645,4421.628097253291,4441.1220703125,276547
2024-08-07,4500.887517744789,4633.101281359155,4475.224562599753,4615.53173828125,380357
2024-08-08,4598.752097746444,4638.085607943205,4540.3689713851345,4551.62109375,293069
2024-08-09,4589.720323486276,4680.428893274129,4574.9147740556755,4638.13427734375,332736
2024-08-12,4599.591367929991,4685.167649036691,4540.369161475957,4615.28515625,569506
2024-08-13,4629.202474443345,4718.03578418746,4609.95525733212,4651.4599609375,303146
2024-08-14,4683.489298881189,4725.931878407404,4620.664507205365,4702.341796875,286749
2024-08-16,4787.127842803422,4874.776506196213,4762.5010851407715,4794.18505859375,490714
2024-08-19,4841.4151671806085,4858.194791613242,4756.431208222667,4811.310546875,477064
2024-08-20,4856.220806046232,4932.1238356691265,4841.464413865131,4871.17431640625,390175
2024-08-21,4871.026519716469,4885.140952920032,4826.609864521486,4848.9169921875,167202
2024-08-22,4880.896287379026,4932.913312180832,4858.737121564725,4895.455078125,264975
2024-08-23,4895.702380952381,4903.598675115208,4792.063520065284,4819.20703125,253145
2024-08-26,4895.70201603034,4979.304217028237,4866.090915126931,4928.6689453125,878677
2024-08-27,4940.118606037062,5002.746276450642,4836.479754162158,4845.90576171875,394026
2024-08-28,4861.155637828868,4984.535222545336,4777.356320279742,4933.16015625,648876
2024-08-29,4917.417643799662,5029.248727422578,4894.666636923618,5012.1240234375,374732
2024-08-30,5024.01683358513,5196.699098081987,5000.130352519109,5103.81884765625,1385111
2024-09-02,5146.90311009698,5201.683649479543,5108.951354446823,5139.302734375,592833
2024-09-03,5139.302309025774,5253.650602933602,5119.857975917041,5222.0654296875,454305
2024-09-04,5181.597000723141,5200.54829772299,5079.932222880298,5181.69580078125,425122
2024-09-05,5220.436782293606,5220.436782293606,5162.399220716312,5196.40234375,219198
2024-09-06,5226.3598989106995,5264.015256749553,5107.5699226650695,5122.671875,282134
2024-09-09,5131.604445945435,5187.8163858306225,5065.028619412349,5101.74658203125,414969
2024-09-10,5179.919388458044,5245.853246548971,5143.448189993262,5205.8291015625,343692
2024-09-11,5238.1549396604005,5301.325292461974,5196.304195368123,5221.4736328125,308030
2024-09-12,5280.646702346551,5299.351241857911,5198.72265070267,5237.908203125,306026
2024-09-13,5288.542695390165,5318.005837591853,5226.35938262242,5290.41796875,285311
2024-09-16,5300.387273074951,5314.304587444839,5217.130627991186,5232.28173828125,288431
2024-09-17,5232.281670520867,5335.18024893094,5206.667874769116,5286.51953125,267752
2024-09-18,5251.034754251167,5287.308349593034,5048.692249623068,5112.5537109375,485667
2024-09-19,5181.942728342225,5292.935199180372,5086.397767579304,5215.0576171875,653730
2024-09-20,5256.119043030876,5369.381518500784,5243.139605195228,5285.63134765625,682525
2024-09-23,5253.0093341014635,5336.808653807593,5248.074150585772,5260.412109375,352574
2024-09-24,5255.970760479246,5349.196575480946,5211.751706298461,5319.14111328125,377128
2024-09-25,5319.141332060873,5322.546801812292,5241.1654246137,5254.095703125,230951
2024-09-26,5290.51668755742,5377.079998528096,5233.959677689322,5356.10546875,461259
2024-09-27,5438.572234012898,5513.53786439301,5355.3155917171525,5366.5185546875,510714
2024-09-30,5349.739295756592,5422.7800167687665,5318.203278160581,5379.7451171875,404261
2024-10-01,5407.776668289214,5427.715003107062,5370.417713448983,5416.61083984375,148956
2024-10-03,5331.084538565313,5385.223603249731,5121.733937613833,5182.18994140625,440650
2024-10-04,5192.060069788522,5299.400316466817,5012.6661402824975,5074.65185546875,1121466
2024-10-07,5074.651307128801,5207.605335911534,5040.00670647117,5162.349609375,491981
2024-10-08,5195.761425260863,5256.858903381127,5096.317473210134,5239.83251953125,362753
2024-10-09,5259.622734849221,5312.231598966591,5221.424221206478,5264.95263671875,224194
2024-10-10,5299.301302027568,5327.629448417779,5144.4353384406395,5173.158203125,242697
2024-10-11,5142.461297178145,5419.029178148642,5134.910562681038,5398.646484375,715281
2024-10-14,5405.999942015137,5565.850726471722,5386.308367302235,5543.88916015625,446076
2024-10-15,5616.19008410381,5616.19008410381,5518.5226025515085,5557.9052734375,412806
2024-10-16,5557.016512085595,5594.869465179002,5453.377660616859,5471.9833984375,262790
2024-10-17,5492.760616743754,5522.470518784717,5404.026110875125,5464.2353515625,250036
2024-10-18,5458.313384492393,5469.170789054675,5333.058513705111,5434.7724609375,177195
2024-10-21,5436.598148334071,5487.924056778765,5137.526027973646,5179.623046875,498478
2024-10-22,5183.916859475687,5249.061283071535,5069.420599822378,5091.3330078125,328921
2024-10-23,5141.770608747722,5723.530484148453,5127.261456960668,5644.61669921875,2690817
2024-10-24,5619.644172371317,5662.382667787903,5470.058474510259,5617.42333984375,568209
2024-10-25,5673.684455252379,5685.3312953337445,5536.288756167877,5597.38623046875,518325
2024-10-28,5581.693022278689,5663.567916420587,5552.131077770879,5593.0439453125,332890
2024-10-29,5624.135208914282,5626.109282346684,5517.584402619757,5596.99169921875,217939
2024-10-30,5597.48532009915,5656.905124283389,5528.29394863585,5545.0244140625,260384
2024-10-31,5552.081761775099,5552.081761775099,5231.34397459647,5302.85498046875,867619
2024-11-01,5334.933701481751,5517.4863434925355,5291.849643187568,5319.14111328125,44938
2024-11-04,5317.16716951237,5394.057238799618,5229.320895503347,5289.03662109375,509193
2024-11-05,5233.2685925137175,5371.453730754367,5233.2685925137175,5349.9365234375,262919
2024-11-06,5399.090731849287,5671.315260063936,5372.588700148171,5643.5302734375,690288
2024-11-07,5680.396356826418,5724.072731941895,5582.1370435562785,5663.0244140625,517587
2024-11-08,5682.715546274522,5754.423662418479,5580.40929401822,5595.21484375,376081
2024-11-11,5616.239385612094,5675.461593544735,5538.065878360384,5647.47900390625,277838
2024-11-12,5675.46170802635,5690.267260308158,5582.927006265051,5606.51708984375,250857
2024-11-13,5616.238517846642,5626.108884310344,5516.5478165632485,5567.47900390625,283558
2024-11-14,5596.498451272114,5708.921842289194,5586.628083633186,5639.73046875,379197
2024-11-18,5654.535851898319,5680.396407123176,5509.639052052401,5572.908203125,411485
2024-11-19,5581.692454714933,5722.9866598087065,5559.03977000936,5636.275390625,361445
2024-11-21,5595.4625576430035,5716.917245218758,5580.85412357751,5651.279296875,443952
2024-11-22,5705.072469066746,5792.671981459423,5677.633039937319,5721.11181640625,688598
2024-11-25,5798.840644583706,5869.907287376902,5730.192434499496,5840.9873046875,960293
2024-11-26,5862.997849384959,5933.817730814821,5844.540070782222,5891.57275390625,334966
2024-11-27,5891.573162754733,5963.676004085078,5824.405023190235,5834.275390625,313105
2024-11-28,5855.101950046353,5861.8136071073295,5726.83633271946,5745.1953125,299071
2024-11-29,5767.057907980457,5857.026689838717,5735.522374203584,5829.09326171875,333871
2024-12-02,5829.092863508234,5897.543951198213,5777.76695799153,5855.49609375,278981
2024-12-03,5862.998234321663,5969.746161339082,5780.087148179741,5962.98486328125,443857
2024-12-04,6001.13366201949,6001.13366201949,5886.1930515557115,5933.4228515625,336960
2024-12-05,6051.127473237881,6068.301815949318,5996.692493969499,6022.6513671875,618889
2024-12-06,6011.053582703617,6108.721058244246,5986.377664876427,6094.21142578125,328550
2024-12-09,6098.7022155383565,6195.5306129346955,6098.7022155383565,6153.43359375,530525
2024-12-10,6120.318980229317,6300.699946637344,6120.318980229317,6263.09375,601991
2024-12-11,6275.579326403357,6289.891358525541,6180.823803387515,6277.306640625,221150
2024-12-12,6324.585615184223,6424.621881132487,6307.164513817268,6352.51904296875,642487
2024-12-13,6336.825295935952,6408.533903669181,6262.74837826912,6393.6787109375,233247
2024-12-16,6408.780023084003,6435.92353186404,6354.739764694656,6424.22705078125,218943
2024-12-17,6430.544410082435,6489.76661493354,6400.045070974424,6464.44921875,317724
2024-12-18,6455.220715875902,6511.481813858307,6429.606917961181,6463.36376953125,194969
2024-12-19,6269.657240355784,6612.948418512791,6248.929469252593,6587.6806640625,785692
2024-12-20,6660.523958035123,6700.893664532136,6270.644443597679,6286.14111328125,553867
2024-12-23,6330.014410115168,6407.3488330976625,6286.14091732025,6320.14404296875,256100
2024-12-24,6354.443977034323,6356.467691600262,6194.494859931525,6268.57177734375,224656
2024-12-26,6282.439463391858,6329.66878412822,6217.6401181977135,6312.88916015625,153355
2024-12-27,6317.034711758959,6339.538955139,6273.703898173287,6310.7177734375,143250
2024-12-30,6326.954514428669,6681.053936619031,6207.424753572458,6551.65380859375,2234552
2024-12-31,6405.868889112366,6438.589062933774,6192.471338269166,6373.98779296875,573708
2025-01-01,6373.937722623837,6417.762057592341,6261.761093249979,6353.35791015625,189395
2025-01-02,6351.581165180423,6428.570027788671,6317.034880676722,6397.1328125,249756
2025-01-03,6414.751779084783,6443.227885449947,6229.879990295527,6322.908203125,246196
2025-01-06,6322.908783135082,6404.73404007103,6186.253341041768,6229.33740234375,314015
2025-01-07,6238.022932019775,6321.377894129131,6218.3313566099005,6252.1865234375,367951
2025-01-08,6247.942597839248,6251.150467261519,6013.126652519293,6149.4365234375,454176
2025-01-09,6142.6747304826,6214.3828478625055,6063.070319776312,6099.2451171875,377541
2025-01-10,6095.051073343011,6326.905922538387,6095.051073343011,6237.72705078125,705635
2025-01-13,6207.720715792312,6224.895058397879,5907.513592608228,5925.576171875,540037
2025-01-14,5969.104356507337,5990.32564524895,5774.164611090189,5803.87451171875,839681
2025-01-15,5862.997802784312,6138.775751191645,5838.1242859919,6032.02783203125,1295234
2025-01-16,6075.408948886648,6134.43355523768,5972.658324242076,5992.892578125,284470
2025-01-17,6015.989156113533,6015.989156113533,5853.473647162728,5883.923828125,281302
2025-01-20,5916.298132227389,6072.644653145195,5764.29447651117,6011.94189453125,500440
2025-01-21,6016.383677638501,6064.107000638101,5805.454214453554,5820.259765625,281341
2025-01-22,5675.461039010693,5796.373035059181,5374.414844767517,5609.4775390625,1209268
2025-01-23,5714.942554326597,6276.665242714702,5708.18125646874,6206.19091796875,2738505
2025-01-24,6206.191269554155,6416.726019069733,6149.288214403721,6278.1953125,1433020
2025-01-27,6217.146647643964,6230.570443315048,5939.838972628478,5982.67626953125,571171
2025-01-28,5922.219998952438,5980.455162275471,5795.139028141583,5833.6826171875,681360
2025-01-29,5892.609186108988,6228.201669069969,5892.609186108988,6194.59326171875,724783
2025-01-30,6228.202266149913,6256.431615283791,5947.390293928099,5978.18603515625,454129
2025-01-31,6021.461472425821,6077.711189751484,5906.189855654883,5974.125,354309
2025-02-01,5989.128394630968,6079.394769447187,5776.559120928893,5876.03515625,317096
2025-02-03,5773.4889520315655,6048.744935196528,5424.4551083303495,6017.84716796875,557306
2025-02-04,6069.442144277748,6193.329626084241,5949.812788443771,6052.65625,440631
2025-02-05,6097.963029385229,6186.150146693193,6060.678072267942,6129.455078125,342294
2025-02-06,6179.5144985882525,6233.981373175168,6150.300447673452,6168.22509765625,270778
2025-02-07,6169.612022488061,6242.84541158362,6129.999746260208,6193.478515625,246917
2025-02-10,6219.127187170355,6223.979594157695,5898.366886439808,5935.80029296875,265630
2025-02-11,5967.935735225122,5979.868739254373,5727.786325990676,5771.85498046875,255594
2025-02-12,5783.342276171716,5803.1977337013495,5627.962755473447,5649.8984375,283805
2025-02-13,5666.4866707665215,5732.143823784721,5563.544076711019,5608.40478515625,233733
2025-02-14,5644.749214608674,5673.319664799288,5436.883897257565,5508.7802734375,370089
2025-02-17,5508.780103937414,5508.780103937414,5336.268457372647,5477.68408203125,331116
2025-02-18,5540.024341164588,5757.644281097719,5508.186071235564,5741.056640625,836676
2025-02-19,5731.797541162053,5911.7858306423805,5683.470755067543,5842.61279296875,509368
2025-02-20,5792.106805845279,5892.276735662919,5781.6099395393,5860.537109375,215467
2025-02-21,5867.567793992728,5879.847501611436,5624.942627827629,5654.94873046875,335451
2025-02-24,5573.447384182762,5634.846413646041,5412.72076337805,5585.1328125,649930
2025-02-25,5466.494027927088,5615.040061294672,5416.978683471227,5454.70947265625,338075
2025-02-27,5471.445647938268,5496.500219205437,5347.657284862742,5420.197265625,354670
2025-02-28,5317.947659202347,5419.553236328043,5099.288105293553,5252.48828125,1607716
2025-03-03,5252.488615062916,5302.944944507573,5055.516671430266,5241.24853515625,505746
2025-03-04,5136.424804263038,5174.551618522101,5035.759724711854,5103.05126953125,527077
2025-03-05,5035.7595654850975,5413.017146767771,5035.7595654850975,5338.84326171875,890952
2025-03-06,5378.555179674802,5439.459055734368,5216.837768236436,5251.84521484375,701133
2025-03-07,5218.9173286941,5271.552043373455,5117.906025558085,5227.6318359375,370208
2025-03-10,5228.27572677231,5257.5391009614805,5070.371105089995,5116.91552734375,233490
2025-03-11,5055.5161098002145,5215.945808093581,4941.5815082278295,5189.158203125,405424
2025-03-12,5181.285621920109,5222.284230246289,4984.21455182032,5134.939453125,542214
2025-03-13,5120.0847633983985,5190.545000361331,5025.807356126238,5076.0654296875,401647
2025-03-17,5076.065830422116,5167.768350366835,4985.9972202292665,5117.212890625,840748
2025-03-18,5117.212890625,5117.212890625,5117.212890625,5117.212890625,0
2025-03-19,5250.607021074801,5276.404321600983,5102.110312602649,5229.41455078125,672425
2025-03-20,5288.238603856163,5332.802412315625,5134.345015352475,5143.703125,621056
2025-03-21,5055.169742732438,5271.403339180992,4979.461074514526,5224.4130859375,789021
2025-03-24,5254.568298582109,5455.0063141289575,5181.533166275204,5368.75048828125,569197
2025-03-25,5445.697360577219,5578.3984782926855,5382.466171582995,5504.42236328125,827076
2025-03-26,5519.970933591626,5569.090254970493,5424.703211680819,5463.5234375,416614
2025-03-27,5387.8633801108845,5614.04936102665,5387.8633801108845,5586.7666015625,593246
2025-03-28,5610.0886066084795,5645.195179746114,5413.512686323963,5460.3046875,317428
2025-04-01,5440.746066569764,5456.24427272538,5139.494516497642,5161.03369140625,453706
2025-04-02,5202.725355470467,5359.491216027619,5168.163743980849,5265.95654296875,525175
2025-04-03,5070.767374867837,5095.12902141751,4725.298714674894,4746.8876953125,2581937
2025-04-04,4703.957917115851,4726.091373709205,4454.994851643844,4565.265625,2694235
2025-04-07,4108.733864985284,4585.120789440813,4108.733864985284,4529.2177734375,1802134
2025-04-08,4672.812154168785,4872.309660835088,4531.99081141751,4550.7568359375,1299383
2025-04-09,4474.751076766264,4491.190268115814,4299.368110549192,4360.07373046875,1279395
2025-04-11,4481.1387162026185,4540.458002719599,4370.224343558488,4500.548828125,1076005
2025-04-15,4596.509729542299,4682.171281110846,4517.7803266556,4670.28759765625,583389
2025-04-16,4670.2873827004305,4691.083827788791,4602.451359436015,4659.88916015625,389526
2025-04-17,4604.9269456129805,4807.939853967961,4510.847792960672,4789.1240234375,632950
2025-04-21,4771.79385663373,4957.476402678935,4669.297091216776,4852.9990234375,743849
2025-04-22,4815.862998773244,4976.292734697831,4815.862998773244,4912.9130859375,461798
2025-04-23,5001.04939569817,5198.120451093008,4984.214179910671,5113.44921875,1465607
2025-04-24,5220.897526938088,5335.277964032426,5081.264266069676,5106.51708984375,2537811
2025-04-25,5182.275872378549,5277.345332296061,5088.196719335178,5222.38330078125,1391012
2025-04-28,5242.189436085489,5263.4810338706675,5122.362304364257,5235.75244140625,605942
2025-04-29,5207.528993958107,5391.230929563171,5201.091998909951,5351.61865234375,733031
2025-04-30,5347.657057455604,5380.832337349079,5225.849313369116,5269.91796875,568446
2025-05-02,5280.315892906687,5433.813447933044,5280.315892906687,5354.09375,509581
2025-05-05,5436.78496669133,5514.028906108802,5406.580605765266,5479.3681640625,402811
2025-05-06,5506.1059727822585,5575.922604271674,5352.6084141885085,5372.41455078125,368401
2025-05-07,5273.38399887085,5464.513221740723,5259.024549484253,5450.64892578125,411265
2025-05-08,5501.154635400002,5530.863841351757,5397.1724145688595,5416.4833984375,330638
2025-05-09,5263.97610983287,5434.804043036928,5263.97610983287,5390.240234375,299463
2025-05-12,5585.330520664937,5871.52919450752,5502.639900367858,5819.5380859375,936725
2025-05-13,5897.277242127154,5897.277242127154,5692.283725902079,5705.15771484375,620746
2025-05-14,5742.790048983296,5761.110727704833,5585.331242673873,5702.6826171875,495296
2025-05-15,5714.070453625243,5742.294198500169,5498.183563003007,5598.69970703125,1002976
2025-05-16,5612.068969576625,5652.671550792902,5570.476081501415,5643.7587890625,410772
2025-05-19,5595.233937488976,5676.4391025994355,5551.165280813178,5614.544921875,287926
2025-05-20,5662.574974993636,5758.634746342776,5564.534589802246,5592.26318359375,554900
2025-05-21,5634.845686762842,5659.603356739831,5520.96040486869,5615.03955078125,256723
2025-05-22,5570.476226191643,5630.3897927133485,5433.813876109074,5528.38818359375,530747
2025-05-23,5555.62171690795,5677.4294657813325,5541.262266837511,5607.11767578125,279220
2025-05-26,5634.846607101674,5650.196364994481,5577.903956854161,5635.8369140625,176868
2025-05-27,5644.749067288105,5669.5067386358605,5559.5826778518285,5590.77734375,346050
2025-05-28,5643.758824651767,5660.5940413598,5516.9995459089305,5529.87353515625,237413
2025-05-29,5590.28188080426,5669.506424730627,5573.446665219907,5615.03955078125,319452
2025-05-30,5620.9812669053745,5639.301942282003,5535.814884073475,5583.349609375,568563
2025-06-02,5577.408588512411,5580.37950928044,5396.182421662666,5465.50390625,465790
2025-06-03,5508.086634357907,5575.427499359047,5422.425092849106,5431.8330078125,327547
2025-06-04,5446.687698364258,5474.416290283203,5415.988185882568,5450.64892578125,245070
2025-06-05,5461.542462059427,5591.767817229112,5432.823562440257,5568.49560546875,386683
2025-06-06,5567.504841781908,5637.816624735753,5502.144592838898,5621.4765625,252969
2025-06-09,5669.506968748651,5758.634589218062,5638.8074550314095,5734.3720703125,335979
2025-06-10,5758.634066461434,5991.356165449987,5745.264924604645,5888.3642578125,908647
2025-06-11,5902.724246775731,5935.404374305905,5847.267060663921,5907.67578125,346228
2025-06-12,5912.132389026089,5936.890062346969,5780.916720425426,5864.59765625,428130
2025-06-13,5704.167392690183,5907.675448106474,5680.400028553974,5825.47998046875,301316
2025-06-16,5853.703601923986,5982.938641689014,5784.382124655388,5960.65673828125,540382
2025-06-17,5986.405557168497,6085.436252903294,5945.80297191723,6009.1826171875,672714
2025-06-18,6006.211360912087,6068.600695741017,5951.744481299529,5967.09423828125,265478
2025-06-19,5980.463313468202,5982.9390806951715,5810.625681698075,5841.3251953125,419777
2025-06-20,5842.81070727657,6070.5812941704025,5838.354326228647,6047.30908203125,662959
2025-06-23,6007.201621447111,6095.338935048957,5985.910023217452,6021.06591796875,442534
2025-06-24,6120.096423204377,6120.096423204377,6001.259599452836,6023.54150390625,358910
2025-06-25,6078.503112977818,6116.62992461836,6030.9683867766225,6049.2890625,292512
2025-06-26,6080.484152771757,6080.484152771757,5947.783032825273,5996.80322265625,555658
2025-06-27,6006.210980556162,6073.551845630823,5926.491279989836,5952.2392578125,1074099
2025-06-30,5966.598901462153,6025.027006887259,5926.986626597673,5982.93896484375,362533
2025-07-01,6000.764216799625,6038.395876216801,5928.966971858957,5979.9677734375,412381
2025-07-02,5980.9583554018545,6053.745910517681,5917.578715573107,5956.20068359375,320897
2025-07-03,5980.958604368199,6028.988489675237,5863.607235112859,5892.8212890625,222105
2025-07-04,5907.180786960969,5917.083856176327,5781.906961386692,5838.849609375,153281
2025-07-07,5827.955862234211,5837.858930819146,5748.731313554731,5783.88720703125,289291
2025-07-08,5788.838438928375,5892.325500235023,5679.409536781153,5727.9345703125,360059
2025-07-09,5734.867656758413,5747.246493869357,5655.643099248367,5668.51708984375,276308
2025-07-10,5692.283699787101,5692.283699787101,5582.359640866369,5625.43798828125,287650
2025-07-11,5545.718355068567,5610.088300261327,5506.106081103791,5524.4267578125,261377
2025-07-14,5511.021527061496,5585.494790940706,5461.372684475356,5565.63525390625,263267
2025-07-15,5589.467185820344,5625.214355599973,5526.413150236832,5542.30078125,526331
2025-07-16,5560.67095999106,5585.495383919591,5522.441347141121,5553.2236328125,461144
2025-07-17,5575.068351110343,5575.068351110343,5436.548084839101,5455.9111328125,408609
2025-07-18,5464.352077142717,5589.963659508436,5376.970106801346,5508.53955078125,780185
2025-07-21,5520.951630499438,5765.22395084168,5520.951630499438,5738.41357421875,688971
2025-07-22,5784.09045983813,5807.921905509566,5663.443766126485,5673.37353515625,376423
2025-07-23,5691.743409792837,5733.944926700757,5528.398714937478,5566.1318359375,456892
2025-07-24,5486.196976091394,5486.196976091394,5050.280148488839,5137.662109375,3549027
2025-07-25,5137.662594385557,5210.646398151954,5080.566421371029,5114.32763671875,836047
2025-07-28,5113.33447265625,5172.913085795269,5051.273417303106,5113.33447265625,506242
2025-07-29,5105.88683080991,5169.933835980512,5055.741501180213,5140.14453125,406100
2025-07-30,5148.585143954298,5159.011401237137,5063.685620365466,5126.2431640625,365158
2025-07-31,5064.182221396304,5158.515027481137,5046.3086370854935,5124.25732421875,549977
2025-08-01,5098.9364397018235,5124.257350940849,5004.603633125062,5025.95263671875,329351
2025-08-04,5019.498029899505,5151.067463917642,4982.261397630221,5141.1376953125,468127
2025-08-05,5141.137874250202,5165.465808179537,5077.587352965409,5155.03955078125,404213
2025-08-06,5155.535843539479,5159.507750969016,5000.631453787522,5011.55419921875,414065
2025-08-07,4989.708684763929,5158.5147497211165,4973.324566694555,5146.1025390625,469097
2025-08-08,5150.571171905604,5157.025521745085,5049.784016719867,5069.6435546875,250504
2025-08-11,5054.7484719374725,5164.472409890344,5030.420539993171,5134.68310546875,322296
2025-08-12,5177.877881209313,5252.847634787087,5143.620179243311,5195.75146484375,553305
2025-08-13,5237.9528593415025,5240.435301454934,5165.465549629288,5210.64599609375,242009
2025-08-14,5228.023534159192,5292.56703458091,5210.646437891806,5251.85498046875,506273
2025-08-18,5286.6088483188005,5292.070221095989,5182.346277117923,5195.75146484375,376172
2025-08-19,5208.65993595697,5228.519472458569,5143.619953914232,5199.72314453125,450569
2025-08-20,5163.479778122077,5332.285847791452,5163.479778122077,5307.46142578125,628849
2025-08-21,5322.356058613838,5335.26475800973,5237.9530241022385,5309.94384765625,307013
2025-08-22,5332.285945648631,5381.934790580182,5293.063358152705,5331.29296875,477641
2025-08-25,5363.068252849054,5470.806246819453,5343.208714789995,5411.72412109375,639042
2025-08-26,5372.004960098345,5436.548457770506,5317.391231298823,5338.740234375,460418
2025-08-28,5362.075116742731,5362.075116742731,5250.365218477257,5276.1826171875,316243
2025-08-29,5271.21770013319,5292.0702143467715,5191.283062314461,5268.23876953125,487634
2025-09-01,5298.02802581224,5395.8362463243775,5278.168488652415,5381.9345703125,155910
2025-09-02,5387.3960855253645,5410.731042305356,5337.747241312616,5364.5576171875,260470
2025-09-03,5353.138574982969,5368.529717240849,5264.2671406552045,5329.30712890625,263011
2025-09-04,5336.257882972632,5374.487493782912,5231.9953080355035,5256.3232421875,208090
2025-09-05,5262.77764098122,5295.049390666482,5054.252489168757,5095.95751953125,720110
2025-09-08,5095.957330981217,5132.697475417363,4967.366825454703,4975.80712890625,482061
2025-09-09,4989.212318076931,5099.929239853343,4989.212318076931,5094.96435546875,479409
2025-09-10,5114.327129154941,5391.864151307898,5114.327129154941,5380.94140625,825208
2025-09-11,5380.9416950199375,5412.220466637049,5272.210727017597,5369.5224609375,604933
2025-09-12,5401.794377194604,5410.731169362756,5324.342178403946,5372.998046875,197972
2025-09-15,5422.6467896247495,5428.108162513036,5294.056282527807,5325.83154296875,299865
2025-09-16,5331.78973051286,5515.986954651074,5314.909122370814,5451.93994140625,579399
2025-09-17,5495.630558273375,5650.038463560484,5476.763997498744,5496.62353515625,818900
2025-09-18,5539.321671750463,5604.361659112596,5487.190384170128,5528.39892578125,517640
2025-09-19,5511.518528703772,5554.216537303765,5437.541746361923,5467.3310546875,659556
2025-09-22,5312.426623491155,5322.852881350343,5150.571382438994,5233.9814453125,1437841
2025-09-23,5238.449503118739,5259.302017489982,5158.018376258229,5203.6953125,450288
2025-09-24,5174.40260023521,5192.772672794095,5095.957425524295,5155.03955078125,608045
2025-09-25,5143.620259293851,5200.716430125781,5043.329594006462,5066.66455078125,353200
2025-09-26,5054.252301460563,5063.685581787455,4901.830350915535,4916.228515625,364067
2025-09-29,4945.024415566292,4945.024415566292,4819.909339991723,4836.29345703125,597302
2025-09-30,4843.245079977887,4882.467669554335,4751.394711982407,4788.63134765625,831690
2025-10-01,4825.470662726921,4939.960705890351,4769.764561406586,4920.59765625,285409
2025-10-03,4940.060131576235,5041.443171146422,4918.9099173155155,5033.201171875,362977
2025-10-06,5058.224473135544,5198.234220036234,5054.252565422049,5152.85498046875,499790
2025-10-07,5163.479542894958,5252.847458060448,5139.648098850827,5234.1796875,260970
2025-10-08,5225.0444407729865,5297.5317543755,5172.516059804031,5226.63330078125,327033
2025-10-09,5232.98831004239,5317.391347301139,5217.200074160862,5307.75927734375,233688
2025-10-10,5342.215455449361,5365.550411435061,5242.917770403834,5320.072265625,277817
2025-10-13,5290.481393683117,5301.106440183081,5165.465702130217,5292.26904296875,291416
2025-10-14,5322.356018590894,5399.808214383821,5250.265800920925,5300.4111328125,406572
2025-10-15,5483.218296242548,5698.098394727942,5427.115102881862,5684.3955078125,3470286
2025-10-16,5681.913263503772,5808.914913094881,5663.14609690879,5800.474609375,940813
2025-10-17,5759.266026529067,5784.09044905721,5684.79275894464,5715.27734375,469353
2025-10-20,5742.782568214554,5818.745301881022,5728.1860985388685,5803.65234375,373324
2025-10-21,5784.090261440632,5818.844451852721,5744.371186683958,5759.365234375,33872
2025-10-23,5868.493256691831,5935.022706471586,5775.947619176812,5794.91357421875,906223
2025-10-24,5802.857196087531,5887.657320343912,5759.265610249313,5785.0830078125,383009
2025-10-27,5838.703941877744,5858.563479095015,5804.049146404002,5836.8173828125,232662
2025-10-28,5741.392484562984,5833.540547724818,5741.392484562984,5785.97705078125,425499
2025-10-29,5789.055091130333,5873.954612621181,5774.557532010622,5849.72607421875,307900
2025-10-30,5849.7258179422015,5925.092661309226,5839.696655129807,5919.830078125,241544
2025-10-31,5919.830227503832,5923.10685713866,5833.838336094509,5875.046875,336904
2025-11-03,5878.422957764289,5898.2824947837635,5811.893508749052,5889.345703125,135144
2025-11-04,5878.423057843304,5913.177248219067,5773.663998282077,5817.35498046875,338741
2025-11-06,5884.877246160615,5884.877246160615,5755.790256875053,5800.970703125,341274
2025-11-07,5800.970511055883,5800.970511055883,5658.974827543218,5740.39892578125,279260
2025-11-10,5748.342750873902,5847.640431835621,5726.000772657516,5823.3125,304472
2025-11-11,5858.067095154851,5997.580346594677,5839.200534461921,5988.6435546875,766563
2025-11-12,6003.042045198392,6124.681719424974,6003.042045198392,6091.4169921875,505785
2025-11-13,6091.912972082119,6142.058302985159,6034.816803232124,6093.89892578125,301945
2025-11-14,6057.158878603405,6093.402534188492,5991.622405490647,6058.15185546875,198063
2025-11-17,6085.955179509319,6091.913040673792,6026.376567864588,6073.54296875,239271
2025-11-18,6067.0885281735755,6081.983180861399,6019.425639572539,6036.802734375,255511
2025-11-19,6037.299541838189,6297.459489200295,6033.327634244874,6271.64208984375,874803
2025-11-20,6271.641713127903,6373.918327512351,6270.648736289219,6305.8994140625,481898
2025-11-21,6280.082160716457,6325.262607915856,6218.517595301892,6252.27880859375,342405
2025-11-24,6255.754181394129,6381.365753449107,6252.775250831561,6329.73095703125,1378541
2025-11-25,6376.401098730538,6376.401098730538,6279.585851961679,6325.75927734375,225848
2025-11-26,6359.52051995293,6376.401127157114,6315.333048153741,6369.94677734375,167018
2025-11-27,6379.876310433914,6432.504083889634,6338.667770841228,6386.8271484375,445809
2025-11-28,6394.77131559401,6409.6659692794,6274.124620742354,6308.38232421875,208808
2025-12-01,6330.723971392787,6379.876325966379,6286.536501119556,6361.009765625,199542
2025-12-02,6345.12223718425,6401.721919112184,6292.990951197994,6348.59765625,253320
2025-12-03,6348.597676032679,6362.995840778511,6250.789453448927,6286.53662109375,342367
2025-12-04,6335.192674328212,6482.649745196196,6289.515736550924,6406.68701171875,668828
2025-12-05,6407.679628865812,6485.62831178321,6382.855207554539,6474.70556640625,204572
2025-12-08,6504.991601824066,6506.977555602672,6266.677148391342,6302.42431640625,354529
2025-12-09,6291.997936388002,6313.346939091757,6173.3372004299235,6257.740234375,482730
2025-12-10,6277.103316622167,6328.241625695337,5971.266439058357,5991.1259765625,518858
2025-12-11,5999.069964076226,6185.749621983423,5976.727983741588,6160.4287109375,578216
2025-12-12,6196.175777242957,6312.354073066263,6160.428609297325,6291.998046875,311443
2025-12-15,6276.60692960066,6291.998071415058,6215.042362343068,6253.27197265625,185159
2025-12-16,6216.035229535068,6265.68407322145,6146.526848374132,6219.01416015625,235762
2025-12-17,6196.175437723836,6303.913424100925,6188.728111476572,6238.376953125,194752
2025-12-18,6216.034879594643,6294.976536611859,6186.245575059845,6274.1240234375,167343
2025-12-19,6337.67461200149,6371.932312606903,6246.320743720387,6313.3466796875,261141
2025-12-22,6325.2627806417595,6549.179069030255,6320.794384642876,6517.40380859375,359560
2025-12-23,6533.788145985032,6552.654707500795,6402.715192296579,6443.42724609375,215867
2025-12-24,6441.44063629907,6441.44063629907,6293.9835784155475,6307.88525390625,200947
2025-12-26,6308.382263963425,6354.555689947102,6230.9300655391935,6256.2509765625,287268
2025-12-29,6255.754192860942,6280.082125833178,6163.903833680047,6184.75634765625,250243
2025-12-30,6161.918152121998,6234.901954262191,6083.472977032539,6139.576171875,1231316
2025-12-31,6161.421718986667,6242.349337052326,6134.114853995187,6227.951171875,229337
2026-01-01,6240.859395207422,6254.761070868981,6169.861551650169,6238.376953125,113350
2026-01-02,6240.85972901264,6284.550712000159,6185.253023392162,6245.328125,147711
2026-01-05,6245.328236209124,6255.754493698621,6067.585370435782,6160.4287109375,307929
2026-01-06,6160.428346660466,6249.796262714534,6134.114460266767,6205.1123046875,173690
2026-01-07,6162.414493395928,6496.551212220892,6162.414493395928,6467.7548828125,633821
2026-01-08,6474.209009378152,6551.661203048627,6366.967510449802,6399.2392578125,354203
2026-01-09,6390.799177843034,6422.57443789446,6305.4031664548265,6371.9326171875,337174
2026-01-12,6371.932578977206,6372.925555847858,6242.845585792378,6281.0751953125,268990
2026-01-13,6295.473490341133,6379.380037649307,6233.908923085431,6312.8505859375,228016
2026-01-14,6280.578833140117,6305.403255405493,6186.246028531688,6229.93701171875,327713
2026-01-15,6229.93701171875,6229.93701171875,6229.93701171875,6229.93701171875,0
2026-01-16,6265.187426372709,6431.511048516687,6265.187426372709,6358.03076171875,531116
2026-01-19,6350.087150391231,6422.077974222876,6206.1055027279435,6392.78515625,383374
2026-01-20,6374.41478258493,6445.41262617942,6255.754050982952,6297.95556640625,573688
2026-01-21,6285.544080798422,6347.108651574015,5985.168554030409,6198.162109375,2130647
2026-01-22,6291.501493157187,6349.094152027628,6132.625192824935,6276.1103515625,455070
2026-01-23,6315.332713495126,6315.332713495126,6062.6201072711465,6111.7724609375,499112
2026-01-27,6103.800318262598,6216.907475180607,6039.0252944769545,6194.4853515625,491985
2026-01-28,6177.544062176208,6277.696212240527,6058.4576747862975,6191.49560546875,372879
2026-01-29,6181.03211816728,6191.495775924758,5972.755501851769,6048.99072265625,637802
2026-01-30,6005.641236383143,6063.938757718646,5958.80391154949,6014.11181640625,486262
2026-02-02,6098.319201313964,6098.817470715167,5971.260504007398,6061.447265625,180834
2026-02-03,6377.848510790794,6529.820682336981,6219.897106265741,6256.76904296875,353120
2026-02-04,6039.0251211159375,6039.0251211159375,5777.931955813565,5965.28125,1427211
2026-02-05,5940.367786370156,5988.699918166659,5889.544307573834,5959.80029296875,1381637
2026-02-06,5916.450916053005,5939.869578092293,5721.129309257252,5831.7451171875,601645
2026-02-09,5861.143029629321,5908.976892661236,5809.821280751329,5854.66552734375,328310
2026-02-10,5854.6656634971,5927.412998549915,5756.008318699447,5852.17431640625,347608
2026-02-11,5879.578813916732,5879.578813916732,5680.271057512775,5704.18798828125,741167
2026-02-12,5630.444071735429,5639.412920699256,5412.202080282322,5433.12939453125,1360770
2026-02-13,5191.967193274891,5520.82500014259,5191.967193274891,5460.0361328125,1806431
2026-02-16,5466.015422059745,5577.627769784575,5421.669444615505,5562.6796875,501990
2026-02-17,5567.164146569747,5715.150162101047,5504.3822005867705,5608.5205078125,834096
2026-02-18,5609.018544251494,5609.018544251494,5428.146755003622,5501.890625,592720
2026-02-19,5530.790462993734,5577.627787635302,5225.849583412458,5247.7734375,1036955
2026-02-20,5216.880534397554,5255.745546974727,5052.451635032588,5074.37548828125,1666625
2026-02-23,5072.382589818245,5102.278754394776,4898.984835274359,4960.27197265625,835461
2026-02-24,4858.126528628238,4900.977695957677,4569.130283848302,4645.86376953125,2771545
2026-02-25,4775.4138659902765,4923.898145212428,4673.7669097442395,4714.625,1573003
2026-02-26,4748.507305377823,4915.925821076349,4730.071337875307,4764.9501953125,1104877
2026-02-27,4806.306656512453,4907.953614622398,4695.690849157511,4716.6181640625,1144899
2026-03-02,4584.07875439486,4770.929790579434,4433.701137791764,4657.224609375,637428
2026-03-04,4574.1133933145775,4733.559611817918,4550.395962948703,4692.80126953125,707053
2026-03-05,4758.472702873345,4758.472702873345,4571.123411116238,4625.63427734375,614996
2026-03-06,4632.311092626481,4813.282645089285,4627.328398376906,4760.96435546875,1246702
2026-03-09,4663.801672330836,4855.236876754796,4634.005258964743,4766.544921875,724632
2026-03-10,4840.687098174783,4840.687098174783,4728.576486019423,4811.189453125,498481
2026-03-11,4833.213305372975,4878.05755253623,4714.625185096814,4731.267578125,799637
2026-03-12,4708.645928350132,4733.559398870503,4611.981662731092,4698.08251953125,584369
2026-03-13,4681.739434133501,4713.62867676702,4551.292598304008,4622.744140625,499196
2026-03-16,4623.940181860248,4832.117046608943,4536.244764618071,4622.744140625,325857
2026-03-17,4672.770342977321,4672.770342977321,4480.737125288649,4513.72265625,685749
2026-03-18,4509.9361862859005,4758.47287096088,4509.9361862859005,4682.33740234375,757503
2026-03-19,4585.075077117423,4643.272846459396,4559.165067987874,4586.86865234375,446961
2026-03-20,4663.901580681984,4729.373891333383,4658.8191352162285,4700.375,654131
2026-03-23,4672.570831894105,4783.784656938163,4623.242162338299,4708.1474609375,1065192
2026-03-24,4787.372370657693,4910.644414222228,4691.704646348131,4896.69287109375,1086416
2026-03-25,4912.936275569432,4941.636398323698,4828.2304777147865,4911.740234375,783039
2026-03-27,4863.10954588985,4970.137720134835,4834.309670692477,4882.8408203125,872749
2026-03-30,4838.19597945879,4912.438121677056,4808.299814807139,4860.3193359375,1293604
2026-04-01,4982.693872293339,5107.261219100673,4905.860635464336,5031.6240234375,686833
2026-04-02,4952.897470862676,5248.769736314872,4946.71873581132,5209.60595703125,964640
2026-04-06,5215.8840218432615,5325.204521637597,5191.568572708889,5291.02294921875,606786
2026-04-07,5285.143661672289,5419.676403130903,5195.455167366546,5367.5576171875,544032
2026-04-08,5466.0153636095765,5466.0153636095765,5304.874843668502,5355.2998046875,923213
2026-04-09,5350.516615719755,5470.001521578271,5252.855812456014,5452.16357421875,600754
2026-04-10,5451.765107763706,5451.765107763706,5284.147083893665,5408.31591796875,904088
2026-04-13,5301.088098972888,5390.0788183768755,5298.596751995271,5358.78759765625,460222
2026-04-15,5431.136672666427,5580.417996115336,5429.243346190533,5469.50341796875,512159
2026-04-16,5521.223716639007,5585.99874153021,5447.081323927939,5481.4619140625,615320
2026-04-17,5451.067098710181,5485.945955831727,5361.677375965054,5427.6484375,841855
2026-04-20,5432.132939727729,5493.2205728669405,5268.800329502147,5306.7685546875,1021416
2026-04-21,5325.503443088744,5351.413452355268,5245.481570644389,5311.4521484375,1010633
2026-04-22,5199.740094819318,5243.787305591717,5016.476701925036,5055.740234375,2183080
2026-04-23,5063.413575224634,5101.680567315688,4993.655860155607,5047.66845703125,600435
2026-04-24,5044.579371916162,5072.3827083035485,4717.614880375048,4730.86865234375,1280422
2026-04-27,4748.407645236165,4829.825060080146,4734.755355589391,4800.82568359375,845578
2026-04-28,4810.89070532217,4835.206154203966,4728.776007276352,4786.8740234375,759673
2026-04-29,4808.299755402154,4892.407533598095,4773.420897072811,4789.166015625,628484
2026-04-30,4789.165960860749,4813.182643211136,4745.019486745198,4783.38623046875,542790
2026-05-01,4783.38623046875,4783.38623046875,4783.38623046875,4783.38623046875,0
2026-05-04,4798.534132563867,4828.031293665241,4729.274681515946,4771.52783203125,486694
2026-05-05,4753.490328557545,4841.883519450445,4726.683530731516,4799.6298828125,499615
2026-05-06,4863.109309558237,5020.163920644179,4833.213145769969,4996.6455078125,799823
2026-05-07,5012.590297741836,5056.836524324136,4894.500446791059,4966.74951171875,512165
2026-05-08,4972.728586538674,5119.2197893886105,4942.8324226917475,5095.90087890625,633097
2026-05-11,5107.161635237801,5155.3940161836645,5062.417140116823,5080.45458984375,339705
2026-05-12,5056.238626560424,5056.238626560424,4824.244576730317,4860.2197265625,697635
2026-05-13,4838.1958567143965,4896.991645704335,4799.131341257479,4828.23046875,310545
2026-05-14,4814.279157579784,4814.279157579784,4561.158291087285,4612.77880859375,758017
2026-05-15,4616.964266818527,4780.396630245732,4613.974650414371,4685.8251953125,766506
2026-05-18,4662.406730046235,4960.670611239154,4648.853704457758,4926.98779296875,572955
2026-05-19,4944.327570201455,5169.744855713609,4944.327570201455,5048.7646484375,912186
2026-05-20,5022.655223186006,5131.178199458964,4969.041144645365,5066.5029296875,552055
2026-05-21,5066.503193511695,5092.313452046286,4977.711485904345,5001.62841796875,282141
2026-05-22,5020.562552128493,5032.620769113421,4907.953665985079,4953.0966796875,459525
2026-05-25,5012.590189559349,5059.427513398174,4954.292669462088,5020.5625,328328
2026-05-26,5020.56278944422,5119.518903857308,5003.6216287811485,5088.1279296875,456026
2026-05-27,5082.34797739755,5116.628815456262,5046.771346919279,5080.75341796875,206977
2026-05-28,5080.75341796875,5080.75341796875,5080.75341796875,5080.75341796875,0
2026-05-29,5132.17481490283,5259.731781176143,5132.17481490283,5176.3212890625,1393236
2026-06-01,5219.8703670226305,5478.970461605655,5208.410170531458,5383.302734375,1017776
2026-06-02,5421.669266102705,5592.57566792912,5396.257527055628,5451.5654296875,1368824
2026-06-03,5361.378651452918,5361.378651452918,5058.430861482344,5079.8564453125,768497
2026-06-04,5032.520913672753,5168.548459161135,4960.770120448111,5103.7734375,380369
2026-06-05,5181.005521837321,5215.3861124323175,4993.656216566035,5021.06103515625,423726
2026-06-08,4940.8395821122285,5072.382709348778,4894.002256505275,5047.46923828125,396122
2026-06-09,5127.192267018421,5127.192267018421,4943.829122775197,5000.6318359375,438124
2026-06-10,5005.614548323991,5052.451873382965,4899.981432233538,4910.943359375,254180
2026-06-11,4788.86745964116,4914.929624586453,4716.12012334862,4857.13037109375,746944
2026-06-12,4902.97087322672,4928.382612508688,4777.406985009938,4794.34814453125,410246
2026-06-15,4868.092278516703,4896.99190514454,4828.72899397189,4873.5732421875,519726
2026-06-16,4912.936595368097,5031.026450652301,4889.019662652309,4999.13720703125,676099
2026-06-17,5032.521268544041,5087.3309061222435,4999.63548599712,5027.53857421875,365334
2026-06-18,5001.628197523182,5011.095316048081,4879.053926095537,4923.39990234375,675007
2026-06-19,4683.732620463606,4827.732485071476,4586.071812632662,4812.2861328125,1504523
2026-06-22,4821.254635180923,4901.974276654601,4821.254635180923,4843.6767578125,318876
2026-06-23,4746.51416596131,4878.057283724672,4746.51416596131,4819.759765625,335308
2026-06-24,4830.721764593056,4959.275267972634,4805.310025552907,4911.44140625,591029
2026-06-25,4917.91905504089,4952.797913587279,4810.292862954889,4824.74267578125,383578
2026-06-26,4824.74267578125,4824.74267578125,4824.74267578125,4824.74267578125,0
2026-06-29,4484.424640317843,4496.383106025358,4250.238020212356,4283.6220703125,6170867
2026-06-30,4316.00981550835,4331.954437315815,4229.809203861739,4311.525390625,1513736
2026-07-01,4328.764940423988,4387.760230597919,4296.776434988296,4315.21240234375,964797
2026-07-02,4368.825985183565,4577.0028377523795,4366.334638248583,4564.74560546875,1859078
2026-07-03,4653.836437727381,4749.50416749651,4624.338790396986,4666.49267578125,1551490
2026-07-06,4688.5156121210075,4718.611278905955,4634.70251622641,4699.4775390625,642181
2026-07-07,4713.6285651739745,4884.933489072096,4713.6285651739745,4867.892578125,1301127
2026-07-08,4867.892425626388,4893.005397455512,4720.60418895046,4752.99169921875,662309
2026-07-09,4748.507346864295,4842.082242173663,4688.715019306717,4813.1826171875,465088
2026-07-10,4909.348532525262,5047.86742249527,4886.029622467257,5036.4072265625,1205108
2026-07-13,4983.092763632464,5200.7367509537735,4957.780774184023,5174.42822265625,1033379
2026-07-14,5171.936531324032,5238.804380965419,5093.409469879083,5111.34716796875,567112
2026-07-15,5062.417102908082,5154.995460089871,4995.549252124262,5058.2314453125,516067
2026-07-16,5058.231464477503,5191.96716655185,5032.520957982119,5041.78857421875,426991
2026-07-17,5103.175573532771,5177.716969625381,5072.382621146999,5165.95751953125,532124
2026-07-20,5165.957532608867,5219.870380516255,5148.119584907784,5170.7412109375,367933
2026-07-21,5150.112555985342,5281.555927346369,5147.122939563524,5200.93603515625,408127
2026-07-22,5177.019082979661,5177.019082979661,5049.661618558437,5081.15185546875,385227
2026-07-23,5077.365263355497,5101.780464327471,4972.7286877613205,4984.58740234375,502970
2026-07-24,4956.8837142781495,5199.739926505715,4947.914865129029,5182.5,732328
2026-07-27,5249.0,5339.5,5237.0,5268.2001953125,557415
2026-07-28,5335.7998046875,5515.0,5335.7998046875,5428.39990234375,1045445
2026-07-29,5510.39990234375,5589.0,5460.0,5483.2998046875,563293
2026-07-30,5483.2998046875,5698.0,5468.39990234375,5514.7001953125,1194100
2026-07-31,5458.7001953125,5580.0,5263.39990234375,5549.0,1471276
2026-08-03,5533.5,5575.0,5319.5,5575.0,1344826
2026-08-04,5590.0,5599.0,5462.5,5499.0,464955
