date,open,high,low,close,volume
2021-08-06,1774.3533177608829,1793.327756859505,1750.6109189275744,1762.482177734375,155490
2021-08-09,1772.8937577997895,1779.5591139783785,1751.4866981556645,1760.1468505859375,151628
2021-08-10,1777.7589084252604,1808.701886034761,1754.0652105501438,1767.8824462890625,441811
2021-08-11,1779.6078506403237,1792.7925822888071,1746.621493387968,1758.0548095703125,286015
2021-08-12,1770.3638062607818,1787.0029056666622,1755.4275410966204,1760.8765869140625,161242
2021-08-13,1772.8937705308101,1865.3333469306053,1766.2284143043576,1849.0347900390625,562355
2021-08-16,1866.306334560528,1903.379444979004,1850.0077781977081,1869.3714599609375,548973
2021-08-17,1877.9828790162994,1892.8705628232071,1860.4680127871318,1869.0308837890625,183084
2021-08-18,1896.470966605789,1896.470966605789,1839.0611220548699,1853.5108642578125,166172
2021-08-20,1821.545976869168,1853.8511251006753,1815.2211644494832,1832.2008056640625,196888
2021-08-23,1844.8993029470018,1863.0952559439086,1761.898247765381,1780.92138671875,247602
2021-08-24,1780.6781716132443,1800.8689213733398,1763.6011285209008,1777.7103271484375,136045
2021-08-25,1778.732018421038,1840.6665569322927,1777.7102703512944,1814.102294921875,229701
2021-08-26,1830.0603577309203,1831.66591097801,1782.6729590532227,1807.1937255859375,187893
2021-08-27,1805.977349967017,1858.6192306469586,1800.1877610393144,1843.4884033203125,336353
2021-08-30,1854.6298437790572,1992.802686285157,1851.0296130005238,1978.7421875,1745651
2021-08-31,1997.0356359743294,2067.0464088248946,1984.0453470398465,2011.7772216796875,1444108
2021-09-01,2029.8271511177961,2105.6762072829943,1975.6282976196474,2069.332763671875,939984
2021-09-02,2077.4578705411313,2162.1130624554535,2053.229065810579,2152.47998046875,873118
2021-09-03,2160.166715134608,2188.385109161141,2141.678801806879,2172.13525390625,573821
2021-09-06,2185.466032637637,2301.404618730405,2151.5067489712806,2263.990966796875,1155548
2021-09-07,2281.2141275734766,2435.539668641052,2269.5862489808173,2340.570068359375,2044422
2021-09-08,2340.180582608183,2383.9677452765272,2320.7683213373293,2341.834716796875,696056
2021-09-09,2345.0459612727773,2360.8092932513755,2292.4039631344986,2319.79541015625,500919
2021-09-13,2327.5308629683764,2415.105184735581,2312.88644276075,2376.52392578125,1088121
2021-09-14,2393.6984031808115,2422.695285007882,2372.3887441279458,2396.56884765625,495313
2021-09-15,2407.3213301968353,2421.235967450999,2357.6958702776606,2386.741455078125,341663
2021-09-16,2384.941057478857,2414.959688457079,2364.5070459704702,2376.4755859375,269835
2021-09-17,2388.8331398330715,2504.3826043361987,2376.6700383064262,2438.21533203125,2205385
2021-09-20,2461.6174026252515,2556.197640873665,2396.3257728836074,2415.738037109375,1756303
2021-09-21,2436.1236448886107,2465.2176919561352,2288.609438121504,2348.451904296875,1181038
2021-09-22,2383.676187474367,2408.926741381971,2306.12429151242,2337.213134765625,705246
2021-09-23,2358.37662593755,2390.779175090079,2348.3057206667368,2361.2470703125,370665
2021-09-24,2376.183524172319,2381.7298509795246,2318.7736847267142,2344.705322265625,336516
2021-09-27,2361.5879763758144,2361.5879763758144,2296.442447036528,2311.913818359375,309964
2021-09-28,2318.7735761477625,2339.304985673339,2258.444595148534,2285.68994140625,347504
2021-09-29,2276.835397031284,2291.528519932799,2242.876109743143,2275.035400390625,328673
2021-09-30,2290.506674934227,2358.668746239274,2269.148315276397,2324.612060546875,571923
2021-10-01,2322.6656718983036,2322.6656718983036,2269.1480296886652,2283.50048828125,313918
2021-10-04,2295.2259128650967,2412.3808094418937,2294.4474268705835,2369.9560546875,897779
2021-10-05,2385.9142798444523,2403.0884862228427,2345.2895159033815,2383.189697265625,440162
2021-10-06,2393.503986194311,2451.1083915523386,2286.6632473791174,2311.71923828125,943797
2021-10-07,2348.938407726615,2382.9463955707683,2327.823308822966,2354.43603515625,303313
2021-10-08,2380.2702694451,2539.558199566006,2375.5511285879206,2461.6171875,2240290
2021-10-11,2471.5424675487584,2576.631674830359,2422.8900567702394,2467.698974609375,1039290
2021-10-12,2463.7579120512696,2520.000142547811,2428.4849166674394,2485.7001953125,675128
2021-10-13,2507.5450937824035,2509.3937902514513,2438.458674822935,2464.925537109375,437183
2021-10-14,2490.030548178425,2539.6560104516175,2467.650437741495,2494.068603515625,524489
2021-10-18,2515.329065913648,2548.850521813811,2399.5363545621103,2418.997314453125,938163
2021-10-19,2453.0542511760605,2453.0542511760605,2296.4909074798493,2309.48095703125,966581
2021-10-20,2325.48746712168,2335.169485381917,2199.137318874032,2232.318115234375,808017
2021-10-21,2238.3026693609368,2241.2705136807035,2082.3230060237693,2161.2373046875,1340525
2021-10-22,2185.4659695121154,2256.6443409481794,2063.932360354657,2198.06689453125,1953067
2021-10-25,2206.8729301155845,2335.072007956294,2169.897105007828,2274.59716796875,1601768
2021-10-26,2280.8252295290467,2309.8221165633404,2230.3241174660266,2236.74609375,454181
2021-10-27,2257.4230826904477,2257.471782611674,2211.738518050144,2226.431640625,303551
2021-10-28,2244.238474663883,2260.0992092580027,2199.0891291602384,2207.895263671875,298481
2021-10-29,2179.6277929509492,2248.9574716329826,2137.2027998139233,2200.450927734375,366948
2021-11-01,2218.5497211847755,2281.797849201008,2218.5497211847755,2269.440185546875,348745
2021-11-02,2282.770831681427,2345.045909783563,2281.846483502962,2306.951171875,486594
2021-11-03,2325.5849082024793,2325.5849082024793,2255.6713087203666,2274.548583984375,245311
2021-11-04,2274.548583984375,2274.548583984375,2274.548583984375,2274.548583984375,0
2021-11-08,2344.072939219046,2344.072939219046,2255.7201217272336,2313.908447265625,672544
2021-11-09,2306.123959976379,2413.159249257983,2302.718291681055,2406.4453125,798194
2021-11-10,2403.428909655061,2431.647305760323,2382.0218505407247,2410.337646484375,324456
2021-11-11,2407.321049720724,2448.1403708568646,2392.7253279156266,2432.036376953125,434325
2021-11-12,2446.2428851352497,2455.000317898264,2413.0133880642625,2449.599853515625,252131
2021-11-15,2466.677264734135,2466.677264734135,2427.8040354312147,2453.2978515625,301253
2021-11-16,2456.9465238038315,2472.272031823598,2443.031888057896,2464.244384765625,199472
2021-11-17,2456.9468888646684,2475.2889438315274,2416.419523326057,2434.615478515625,251932
2021-11-18,2437.4856403849435,2441.183270904431,2398.61241391168,2426.830810546875,235301
2021-11-22,2422.8898318287893,2432.620313081114,2274.0134686682254,2303.9833984375,407240
2021-11-23,2296.394005345163,2341.835313786267,2262.9697009634538,2309.578857421875,252818
2021-11-24,2309.578223270058,2345.045776822334,2267.201933608315,2283.50048828125,264525
2021-11-25,2271.094283358724,2297.0259204045506,2240.054143747502,2283.84130859375,293501
2021-11-26,2275.9595278240727,2292.1122214638985,2174.8112243668365,2193.980224609375,503119
2021-11-29,2145.5712156602813,2247.741273548866,2084.2691809271305,2154.7177734375,496336
2021-11-30,2168.924286706932,2267.056285865033,2166.297104262068,2243.80029296875,485919
2021-12-01,2261.3638759829055,2276.8839462943383,2209.792324594311,2268.613037109375,279780
2021-12-02,2268.6132528042576,2306.075609733285,2241.124640252439,2297.902099609375,174426
2021-12-03,2297.902052120534,2321.060647073817,2284.7172013383397,2301.16162109375,117140
2021-12-06,2296.4424015066265,2343.1000141601985,2265.9372460820905,2273.235107421875,248866
2021-12-07,2281.797936992297,2302.9617344889202,2252.606492169368,2267.88330078125,167033
2021-12-08,2285.544235403015,2337.9427355894436,2285.495535483542,2315.611328125,204513
2021-12-09,2329.5259902747825,2333.369482986935,2293.4745085071754,2309.724365234375,94640
2021-12-10,2320.6227303199557,2422.7927989438563,2299.021106180168,2405.03466796875,469117
2021-12-13,2447.2160569194007,2538.9258435455054,2422.889853570301,2476.699462890625,1479847
2021-12-14,2466.677105913608,2501.3661780790458,2423.6684243995396,2484.970458984375,296437
2021-12-15,2491.00342928905,2501.7069596492765,2383.968125686786,2398.612548828125,379146
2021-12-16,2403.4290156411166,2426.19824813348,2315.8546790388086,2358.425537109375,462193
2021-12-17,2364.5069290651245,2370.588479808605,2253.044219526503,2263.1640625,333021
2021-12-20,2218.5498634883934,2238.0108272032035,2147.711908054365,2220.35009765625,538244
2021-12-21,2262.3371139755523,2310.113876654072,2223.950409166668,2245.843994140625,262108
2021-12-22,2257.6664267089554,2302.2320825821325,2248.714430620164,2291.43115234375,265518
2021-12-23,2297.3668370363657,2359.641922834895,2297.3668370363657,2325.877197265625,293296
2021-12-24,2329.672066422332,2329.672066422332,2267.2511163756135,2276.105712890625,163106
2021-12-27,2270.1214024869687,2314.638356693475,2242.8760534644075,2304.0322265625,178939
2021-12-28,2320.6710251080913,2340.278086914565,2302.037248964926,2331.763916015625,202744
2021-12-29,2331.4233498823983,2357.9876116899195,2310.6002146530905,2337.699462890625,184187
2021-12-30,2346.943489199665,2356.7226708331173,2325.633829272932,2345.77587890625,192719
2021-12-31,2354.776695215893,2411.79741600032,2340.180971898439,2400.0234375,402745
2022-01-03,2403.4289376274637,2422.1114146507507,2384.454498646194,2393.406494140625,187072
2022-01-04,2403.428946011812,2432.6203907002146,2385.9140791987707,2400.89892578125,258206
2022-01-05,2396.6176953786967,2412.1864664408404,2388.9791720520952,2395.595947265625,118766
2022-01-06,2385.9142377351322,2385.9142377351322,2352.8305982233073,2374.091796875,312518
2022-01-07,2383.967964587833,2466.6770572367986,2362.9500295492744,2410.5322265625,713835
2022-01-10,2418.3653098513387,2463.5633488174726,2413.5485314698835,2453.686767578125,273120
2022-01-11,2456.9464832766034,2466.4337023704434,2395.060528317169,2409.65625,337933
2022-01-12,2417.1490948084192,2431.112193746603,2399.5368276107215,2413.93798828125,216977
2022-01-13,2424.349358414253,2625.137930303335,2416.078449505354,2612.780029296875,1933012
2022-01-14,2612.780261900143,2685.515614368384,2580.669671512826,2621.29443359375,1636239
2022-01-17,2627.2301233263574,2666.0061888745045,2619.1537758054947,2629.906005859375,407860
2022-01-18,2649.6102599302944,2697.046359883141,2572.155527854843,2587.043212890625,864192
2022-01-19,2586.361979619326,2629.565222403632,2535.3256517247332,2583.0537109375,480182
2022-01-20,2593.173434363531,2637.9336512418513,2566.1713470075883,2608.936767578125,586436
2022-01-21,2592.200203764093,2625.2838399983198,2419.095037433357,2443.177978515625,1514400
2022-01-24,2442.3022770666803,2442.3022770666803,2313.2275286257586,2397.0068359375,887506
2022-01-25,2346.992219983557,2448.724455140485,2325.5851599339558,2408.975341796875,585589
2022-01-27,2393.698238250368,2437.4367012298626,2316.048955204768,2421.96533203125,581542
2022-01-28,2430.6742777334684,2510.9507500765476,2425.176650712388,2446.291748046875,339531
2022-01-31,2470.6180432518695,2484.1433180079766,2422.8899822342923,2455.876220703125,248282
2022-02-01,2481.1755021608283,2515.280888973052,2426.1011167546485,2470.95849609375,299629
2022-02-02,2432.620104906544,2476.2127046985806,2412.4780579500293,2432.522705078125,417344
2022-02-03,2436.512670925831,2454.806024433719,2414.132562526752,2427.609375,255814
2022-02-04,2422.987252740232,2448.870190560194,2408.294130897193,2429.895751953125,212422
2022-02-07,2429.896011299637,2438.5562831502016,2322.6661430336644,2336.288818359375,279580
2022-02-08,2335.3157156992083,2369.372403219822,2260.391003153859,2304.907958984375,342707
2022-02-09,2306.270114858875,2382.751799021697,2306.270114858875,2375.01611328125,247301
2022-02-10,2388.8333393274484,2391.752483937624,2345.0461701748063,2351.516845703125,129427
2022-02-11,2345.046001695033,2345.046001695033,2286.663113686028,2302.961669921875,243601
2022-02-14,2192.277623449782,2281.8467589506067,2192.277623449782,2228.42626953125,456213
2022-02-15,2220.4958535598703,2348.1597219053597,2203.5162110436695,2330.20703125,333371
2022-02-16,2349.9114474653456,2366.793929079037,2300.2859883263263,2321.011962890625,289019
2022-02-17,2337.212875903252,2351.857297568618,2296.685516875462,2324.7578125,213203
2022-02-18,2299.507496732856,2365.4315133724112,2288.609404224858,2316.04931640625,185219
2022-02-21,2310.016658718172,2349.1818527002306,2274.9869200013004,2316.779296875,338514
2022-02-22,2239.956854297136,2334.3425253948,2218.5984947928227,2309.627197265625,280218
2022-02-23,2323.6392011651674,2352.246724446727,2315.222428898757,2320.37939453125,180733
2022-02-24,2255.52551954954,2295.32309223436,2201.618749266158,2221.128173828125,411460
2022-02-25,2257.4720164935575,2348.938555092865,2248.08219558713,2269.4892578125,411506
2022-02-28,2242.8759972103503,2323.541594233291,2228.426137084783,2310.843505859375,219676
2022-03-02,2286.663177205226,2324.6120554652275,2246.8656024644843,2277.711181640625,239565
2022-03-03,2329.720269146491,2329.720269146491,2233.1452512023375,2253.919921875,352076
2022-03-04,2233.437173547455,2259.417508235991,2189.3580506162707,2194.466552734375,321987
2022-03-07,2160.166855764841,2177.633022244157,2103.730064037651,2142.7978515625,432285
2022-03-08,2140.705848272005,2206.8731199458666,2116.379645450732,2178.07080078125,261245
2022-03-09,2189.2606305284303,2192.228474481687,2130.537325450599,2185.660400390625,810023
2022-03-10,2244.043490331316,2271.7266613829192,2223.512317869612,2251.730712890625,270388
2022-03-11,2251.633582912489,2291.382697756079,2238.983956042194,2281.603515625,181223
2022-03-14,2286.614287835703,2323.3468528517164,2267.2020261539237,2277.078369140625,171285
2022-03-15,2278.8789439216466,2348.938416151518,2257.2773208295566,2331.034423828125,296426
2022-03-16,2366.453044242299,2374.48069128794,2313.4706212531837,2353.31689453125,305418
2022-03-17,2382.0218514287913,2405.375006834956,2356.7225997387795,2372.1455078125,276468
2022-03-21,2383.96787303886,2393.406392207756,2353.0735955004993,2372.680419921875,156630
2022-03-22,2364.5069262916486,2372.242611316167,2310.016231693981,2360.517333984375,184847
2022-03-23,2383.967965796849,2383.967965796849,2345.046039824656,2348.938232421875,100890
2022-03-24,2335.315483950718,2374.0428465716823,2330.644805470701,2340.7646484375,171484
2022-03-25,2344.462110500894,2430.6742713545977,2344.462110500894,2380.951416015625,459704
2022-03-28,2387.859922033595,2393.50364825304,2278.8785400988913,2288.7548828125,303521
2022-03-29,2293.9607806808626,2330.3526827711516,2273.283509593071,2287.44140625,238300
2022-03-30,2315.8546249524347,2325.585106569882,2288.8038385438144,2298.680419921875,182382
2022-03-31,2315.8544498874603,2321.400776478018,2280.8247187126917,2300.6748046875,264676
2022-04-01,2291.5281585940197,2377.8374731486974,2291.5281585940197,2369.9072265625,214106
2022-04-04,2383.967914075787,2413.1593579216133,2374.237432793845,2402.650390625,164413
2022-04-05,2415.105830633204,2603.34197286161,2414.1327823533356,2582.907958984375,1161280
2022-04-06,2559.11655937505,2612.5368062176217,2549.1428161303375,2582.372314453125,392461
2022-04-07,2575.6587051956817,2581.886118941085,2500.733990310881,2539.99658203125,227637
2022-04-08,2549.386190024519,2650.5831990941942,2532.9902334346684,2616.769775390625,853591
2022-04-11,2615.5534977010416,2656.4215211026203,2579.550715180603,2592.443603515625,310168
2022-04-12,2594.1464245879633,2601.93080995807,2496.939007302995,2575.026123046875,278544
2022-04-13,2573.7123516490324,2588.308073870104,2529.925184985816,2547.294189453125,149796
2022-04-18,2534.7905449342043,2570.598765979367,2469.498916103792,2499.2255859375,251049
2022-04-19,2520.194720915053,2602.903814072497,2472.612761169887,2533.914794921875,297642
2022-04-20,2547.2456111544034,2605.9204647967194,2522.1896201452396,2547.3427734375,285429
2022-04-21,2549.5805331509237,2680.844861753764,2549.5805331509237,2669.946533203125,1237606
2022-04-22,2684.4452542822933,2743.9957528968753,2409.5104550038604,2452.1787109375,2371341
2022-04-25,2432.6200230813065,2542.5744481245815,2418.121702767962,2482.099609375,1166076
2022-04-26,2517.226757563117,2542.331446282422,2422.889790926507,2450.183837890625,441997
2022-04-27,2455.9736576626583,2473.877649524709,2383.9680908373666,2437.72900390625,311061
2022-04-28,2458.892946847233,2471.5425741954773,2403.429196166468,2452.7626953125,234509
2022-04-29,2471.542292407056,2480.3971255655033,2400.02325363071,2419.1435546875,210478
2022-05-02,2413.1595383904146,2437.4857434145115,2379.151551278846,2400.753173828125,173852
2022-05-04,2408.2943314595746,2436.707291817604,2345.0461975020503,2362.85302734375,193279
2022-05-05,2406.0561165088993,2470.5692564602905,2371.1724828167735,2382.26513671875,410414
2022-05-06,2346.943497411444,2381.3408454106784,2311.0381147899243,2353.268310546875,377674
2022-05-09,2350.446607246209,2392.5796414638344,2315.854696515135,2372.194091796875,242815
2022-05-10,2369.372350884809,2436.6100760717322,2301.258977348079,2329.03955078125,816343
2022-05-11,2361.8310408620887,2385.4761576060296,2303.2535917587347,2362.949951171875,597024
2022-05-12,2359.5930578167395,2384.0653612632195,2318.5791734230006,2366.1611328125,377134
2022-05-13,2399.4395764491637,2497.085063027142,2380.124711289049,2472.2236328125,586359
2022-05-16,2481.3213650686203,2524.0867817264666,2456.946462551784,2503.06884765625,326883
2022-05-17,2529.584444335859,2559.0191498983936,2503.652807021526,2532.941650390625,289065
2022-05-18,2548.4130986517307,2556.4407458697056,2487.11106535083,2491.87890625,233556
2022-05-19,2415.1057432970656,2481.2730239353414,2415.1057432970656,2449.94091796875,177771
2022-05-20,2471.5424887570025,2500.247411362645,2452.8600103698573,2487.646484375,159377
2022-05-23,2509.4914246947787,2520.4382174546918,2464.925767546744,2474.65625,170159
2022-05-24,2474.6561236554808,2500.441900840107,2442.3509710721432,2459.817138671875,98846
2022-05-25,2476.4073351589886,2476.4073351589886,2370.7342198603956,2377.788818359375,168247
2022-05-26,2373.4104221926955,2403.429054189298,2301.258993181251,2344.0244140625,230882
2022-05-27,2359.6419291184743,2373.2159042501494,2310.0164699906218,2334.5859375,213946
2022-05-30,2359.4957646535,2403.4287910527673,2335.315424504713,2368.544921875,317334
2022-05-31,2373.2641874865585,2419.192007809365,2364.6041548893672,2375.98876953125,398529
2022-06-01,2383.9191360211944,2444.0535558847273,2379.102595456617,2426.489990234375,211318
2022-06-02,2429.701387692576,2481.1755431324686,2421.5278777281824,2472.564208984375,440698
2022-06-03,2500.733550095165,2501.414636234829,2376.6699206643734,2387.714111328125,276607
2022-06-06,2389.9520765828515,2410.142825340398,2363.825876751001,2389.173828125,151375
2022-06-07,2383.870628128497,2383.870628128497,2336.2886674107967,2353.268310546875,170547
2022-06-08,2376.572594607544,2376.572594607544,2208.283972502964,2251.730712890625,789003
2022-06-09,2204.0514439271733,2272.067414104616,2204.0514439271733,2257.569091796875,240954
2022-06-10,2245.795437097901,2277.662768365213,2233.1458094192735,2269.4892578125,125331
2022-06-13,2199.13759077862,2226.9666262416117,2162.8915460067446,2172.232666015625,318676
2022-06-14,2169.897466611231,2178.3142384417856,2075.9983161502514,2093.51318359375,840356
2022-06-15,2100.8109236253417,2167.951244945466,2095.9456829499704,2158.8046875,502633
2022-06-16,2202.981055954474,2220.836584890708,2067.824760222492,2078.236328125,502532
2022-06-17,2063.834992494841,2127.277680254139,2026.4213410623877,2077.700927734375,485919
2022-06-20,2053.1317725640247,2092.0537019017315,1988.7646081657322,2024.1348876953125,319006
2022-06-21,2051.368512348641,2099.5177778944767,2037.849417012018,2073.16552734375,388709
2022-06-22,2072.9211477854583,2132.6302417082707,2038.633699688818,2082.1787109375,459617
2022-06-23,2087.1748971992,2148.0104806903514,2087.1748971992,2140.76123046875,308775
2022-06-24,2199.2945124963794,2199.2945124963794,2138.8506977820816,2175.97900390625,470361
2022-06-27,2204.192850243174,2241.0762482691507,2176.762894773481,2214.283203125,269689
2022-06-28,2219.1322344932523,2240.7824007417603,2182.101749195863,2192.43701171875,223020
2022-06-29,2165.0072556490413,2198.5599699051404,2156.190484019701,2174.754638671875,156190
2022-06-30,2169.9053272945166,2193.4167168453373,2142.2304625107377,2156.38623046875,150803
2022-07-01,2157.6599676871697,2171.6688861400266,2112.3515574689945,2132.5810546875,409500
2022-07-04,2137.72417952828,2153.3006197907857,2090.1137555742257,2106.57177734375,250242
2022-07-05,2125.8218719347324,2194.3967710294014,2116.025457778351,2135.471435546875,445118
2022-07-06,2143.3083983444935,2179.70197840573,2135.7161779702715,2170.24853515625,217597
2022-07-07,2196.6498922893943,2218.202002434343,2166.7708304975345,2204.73193359375,215276
2022-07-08,2188.5677059560976,2207.866591836606,2152.2719477604096,2159.178466796875,214749
2022-07-11,2159.276297383141,2204.1929471067238,2155.259911515003,2200.813232421875,167208
2022-07-12,2194.2981956397884,2194.396255426419,2160.2068737220116,2169.2685546875,149416
2022-07-13,2192.5839964486995,2202.919259604253,2157.3169109914224,2167.162353515625,208050
2022-07-14,2174.1178796713175,2188.5185582501085,2090.0155824697567,2101.5263671875,247937
2022-07-15,2116.02522248659,2121.9030703268304,2061.1653093110117,2112.6455078125,518757
2022-07-18,2139.5363625303958,2139.5363625303958,2090.5543029486557,2109.46142578125,337959
2022-07-19,2115.5842988767245,2213.9892141216715,2088.595134737789,2204.9765625,2189907
2022-07-20,2242.3986633217514,2243.378304502757,2147.912319247806,2154.23095703125,845808
2022-07-21,2155.210853653476,2202.2826658139097,2153.7904216067063,2184.30615234375,727176
2022-07-22,2189.498367684256,2202.2337049459543,2153.2516385548074,2165.888916015625,257552
2022-07-25,2178.7219403898075,2191.4572754730216,2159.1291171848634,2177.007568359375,281283
2022-07-26,2177.0078568643985,2193.416848473119,2158.1497620304963,2162.607177734375,348502
2022-07-27,2162.6073071421274,2189.4984143297106,2156.2886682771054,2177.791748046875,379121
2022-07-28,2189.497949081253,2253.1746232156074,2177.791285285977,2225.793701171875,673056
2022-07-29,2247.2969921330764,2288.4419239855565,2240.6353839038684,2270.26953125,491549
2022-08-01,2288.4422252474733,2311.512827193073,2241.7624099425266,2294.614013671875,515788
2022-08-02,2295.2995384312494,2340.363037691957,2283.5438429719347,2328.80322265625,384807
2022-08-03,2328.6071707648507,2338.6975231251367,2290.5480138497232,2307.789794921875,200623
2022-08-04,2314.892291396627,2350.1593766654714,2274.286209108629,2326.403076171875,271601
2022-08-05,2331.5464884351604,2356.037522977547,2303.185918269129,2312.59033203125,169952
2022-08-08,2307.055289792947,2333.505605217325,2297.601846800109,2312.394287109375,132693
2022-08-10,2328.607331428865,2383.4672433178075,2302.7448972064576,2371.8583984375,660830
2022-08-11,2396.251520282258,2409.9174678451395,2362.8946879847467,2368.28271484375,238979
2022-08-12,2365.9316007576563,2390.3245714125906,2336.4443044340283,2360.396484375,168815
2022-08-16,2375.6302463620054,2396.202714474831,2356.72312069093,2390.226806640625,256715
2022-08-17,2399.141639207139,2428.334998943342,2390.3248671561532,2407.566650390625,258779
2022-08-18,2402.961926821195,2418.5873960972453,2385.4264441116275,2409.62353515625,172105
2022-08-19,2409.8191912806496,2417.7543803363833,2354.616555474849,2370.633544921875,180353
2022-08-22,2370.633742689618,2370.633742689618,2292.409533122261,2297.45458984375,175714
2022-08-23,2272.76784990311,2357.359973088075,2262.971436756976,2350.84521484375,225646
2022-08-24,2364.6581294526554,2396.6433210348937,2339.8241277571246,2385.67138671875,224219
2022-08-25,2403.059980507361,2403.059980507361,2344.2815056478253,2353.8330078125,480148
2022-08-26,2369.7521754045424,2403.990589137421,2352.3145133819066,2359.319091796875,248300
2022-08-29,2303.2346778679052,2375.630071810874,2295.4463384612477,2368.625732421875,319794
2022-08-30,2390.324750581504,2451.9931220298768,2380.6263974665017,2419.86083984375,569354
2022-09-01,2412.8074900846996,2438.572104088285,2391.402471198843,2432.89013671875,367495
2022-09-02,2439.306861511969,2492.109432444473,2415.8444999752496,2423.09375,343567
2022-09-05,2440.7273173749486,2483.3907446686903,2424.6122655049344,2447.976806640625,242091
2022-09-06,2463.797771006127,2468.451066995104,2435.7311445512264,2443.47021484375,116636
2022-09-07,2441.0699896560604,2477.316714051042,2417.8035111592817,2464.385498046875,196702
2022-09-08,2473.594073254878,2486.1825585630945,2439.3066306553055,2450.278564453125,148298
2022-09-09,2467.7162778281167,2500.0444386730264,2453.0706891581794,2477.21875,202663
2022-09-12,2477.21875,2477.21875,2477.21875,2477.21875,0
2022-09-13,2498.0849603823194,2604.865846924152,2498.0849603823194,2584.783203125,555754
2022-09-14,2556.864124078537,2598.9887054330875,2551.965916944287,2591.396484375,324717
2022-09-15,2601.584229835322,2664.379330592477,2592.3266677147403,2598.6943359375,680793
2022-09-16,2610.5968743512717,2617.5521831742876,2537.270636917447,2546.38134765625,412572
2022-09-19,2528.454237469022,2560.782400908184,2518.9517645345895,2532.372802734375,172011
2022-09-20,2560.7824338634978,2615.348408051712,2547.80218625497,2569.697265625,231658
2022-09-21,2570.5785472524067,2600.4085744045806,2542.168952027437,2551.426513671875,201665
2022-09-22,2536.731984776584,2584.244585360343,2532.3726290519135,2551.818603515625,165078
2022-09-23,2555.8841374532126,2584.7345257433494,2507.8817140207834,2528.25830078125,191261
2022-09-26,2498.0361142740358,2518.657610062893,2401.1987218933546,2444.25390625,375161
2022-09-27,2455.9606060490682,2470.6552247529917,2419.7138799127238,2449.788818359375,172204
2022-09-28,2444.1071980527704,2477.513064980597,2418.6855519223122,2463.210205078125,243415
2022-09-29,2475.504440729779,2553.9247716361197,2468.695981788654,2533.940185546875,419989
2022-09-30,2541.189528252526,2546.0877347449173,2476.631262350906,2508.616455078125,226182
2022-10-03,2498.0851497103263,2528.60087851811,2479.4719662418966,2491.080810546875,160643
2022-10-04,2521.5966454244203,2610.7440015757884,2508.0775479762096,2580.228271484375,355302
2022-10-06,2596.0493409879596,2645.0314040254684,2576.456515772956,2589.142822265625,282347
2022-10-07,2599.967913346898,2624.4099150373454,2544.128361327014,2551.867431640625,239419
2022-10-10,2532.2746174677345,2575.427863148364,2524.6336069150807,2561.125244140625,155471
2022-10-11,2556.8637928665166,2590.171597064778,2502.9835213693295,2532.32373046875,204428
2022-10-12,2527.4742660663155,2541.140212810423,2491.423422499234,2523.310791015625,136019
2022-10-13,2528.552483478256,2545.1083272754927,2516.1598764118057,2522.184814453125,136687
2022-10-14,2547.067344327996,2570.1869743522984,2510.624736312427,2518.118896484375,151383
2022-10-17,2517.677837489122,2571.4112519845517,2499.309565328452,2565.484375,223353
2022-10-18,2583.3141505113317,2713.606445550394,2559.6559083960205,2693.0830078125,1315807
2022-10-19,2734.178733692463,2804.223083194079,2619.5607072352727,2651.5458984375,1293572
2022-10-20,2643.0722103322287,2653.750204765179,2576.750542584552,2595.314697265625,483384
2022-10-21,2596.0493259778973,2698.813597968327,2596.0493259778973,2643.170166015625,674894
2022-10-24,2643.170166015625,2643.170166015625,2643.170166015625,2643.170166015625,0
2022-10-25,2666.583518361929,2733.1010644634084,2639.7902341460044,2709.099853515625,478836
2022-10-27,2708.708103992834,2745.787621626977,2701.9486749167854,2718.6513671875,362667
2022-10-28,2727.7621429670626,2737.607585768716,2687.2050892163616,2696.756591796875,215373
2022-10-31,2710.961277999734,2733.19908653282,2694.013436546686,2720.904541015625,174844
2022-11-01,2725.6562550571816,2735.697579186153,2701.7040711884674,2717.2802734375,134708
2022-11-02,2716.496114597341,2780.956555690545,2713.8511310970434,2752.938720703125,494169
2022-11-03,2753.771679012968,2788.4508851723576,2674.0777640322776,2694.748291015625,369760
2022-11-04,2705.769164336129,2723.402707043606,2669.5224376596498,2673.5390625,284880
2022-11-07,2698.3730178082933,2708.708281690021,2664.722481572267,2693.42578125,162195
2022-11-09,2716.0553851880272,2716.0553851880272,2624.4098977563835,2631.904296875,181198
2022-11-10,2628.2793485766665,2681.0331242449715,2616.131893046934,2654.92578125,215103
2022-11-11,2680.2983738724643,2688.135503620629,2639.5942334088877,2650.860107421875,199706
2022-11-14,2650.860410354897,2663.4488971195524,2608.148191848494,2640.525146484375,111212
2022-11-15,2635.2349891343724,2642.0434480566405,2562.888386422573,2571.50927734375,190072
2022-11-16,2555.884054890147,2581.354727725388,2519.882238478797,2566.317138671875,311648
2022-11-17,2546.8226379839516,2561.174288309297,2509.155475343733,2517.7763671875,491921
2022-11-18,2513.759896026521,2538.152871835833,2449.103561989985,2476.043701171875,2617672
2022-11-21,2473.643390197738,2525.417291028938,2465.610379119139,2473.447509765625,575210
2022-11-22,2485.8397196604888,2495.0972818169025,2457.234242444649,2468.35302734375,210038
2022-11-23,2486.2806456565495,2490.24824084521,2451.0625879601557,2474.867919921875,456732
2022-11-24,2473.3985781757833,2494.460867625382,2458.8998380694497,2468.941162109375,321974
2022-11-25,2483.341397871692,2509.74268022632,2469.6754510440674,2498.18310546875,279414
2022-11-28,2508.8613661090335,2522.086523642213,2489.121689607236,2497.056640625,213855
2022-11-29,2488.191004168922,2513.5638589926934,2473.594443516865,2476.729248046875,195124
2022-11-30,2477.463670556169,2521.596556332237,2470.6552117598685,2512.77978515625,208781
2022-12-01,2521.498619609475,2559.5577793781695,2507.8817013522585,2553.679931640625,323490
2022-12-02,2562.741601578173,2653.8482410838187,2548.0469823030685,2619.854736328125,641932
2022-12-05,2635.137056402294,2641.0149042451217,2591.7879285614395,2618.189453125,238730
2022-12-06,2621.8142970128015,2684.2174056532426,2606.140034790009,2651.693359375,541602
2022-12-07,2660.6566099130146,2677.3595410897533,2632.932714653854,2651.5458984375,232833
2022-12-08,2651.546007610865,2684.1681104720456,2641.210983315336,2676.82080078125,193532
2022-12-09,2686.176321003211,2708.7080698664763,2652.917548232567,2678.143310546875,325548
2022-12-12,2663.9875659614154,2771.4051348520093,2662.1751339555794,2761.412841796875,526556
2022-12-13,2776.989411083271,2929.1277673696677,2764.401162675495,2882.10498046875,2232195
2022-12-14,2880.1454346005708,2947.7406845962987,2875.737048731284,2939.02197265625,774214
2022-12-15,2944.654855728654,2963.414890690884,2904.6364135201557,2920.75146484375,602308
2022-12-16,2890.039791929804,2904.734410906762,2685.196707722908,2697.833984375,1907772
2022-12-19,2708.7080985827324,2709.051068693683,2602.90684192923,2674.420654296875,811353
2022-12-20,2674.9106964627795,2679.2700526204007,2616.9650064887724,2658.207763671875,324378
2022-12-21,2661.6851361596378,2715.2714618802256,2605.8455878485966,2614.956298828125,582721
2022-12-22,2635.234796379698,2644.051567073905,2553.924577755343,2563.77001953125,347177
2022-12-23,2537.271014847721,2552.0636944247763,2455.0792038958475,2462.72021484375,448226
2022-12-26,2463.7976604278642,2547.0671638618082,2449.347952479033,2525.7109375,291849
2022-12-27,2548.8308054611084,2561.762022905205,2512.7799574576866,2548.536865234375,207085
2022-12-28,2545.15702870875,2559.3127971113586,2527.474456094662,2548.68359375,181789
2022-12-29,2548.6836737797776,2551.720657455594,2508.028560128023,2516.404541015625,294022
2022-12-30,2537.074912402571,2542.1689989788115,2509.155137269278,2516.79638671875,127701
2023-01-02,2517.874076590612,2555.884207697432,2494.215834345374,2527.474609375,194548
2023-01-03,2538.740468347844,2555.786131564274,2525.515310592607,2538.152587890625,132642
2023-01-04,2541.1894093406772,2555.884028130234,2512.779813014201,2543.736572265625,177544
2023-01-05,2547.067192069801,2601.8780709266434,2539.4749725549777,2594.53076171875,336238
2023-01-06,2594.530950831371,2614.9565675862054,2554.9045081158456,2567.003173828125,200467
2023-01-09,2592.1306386508004,2604.865974366016,2561.7617611760556,2599.673828125,155269
2023-01-10,2605.845825489545,2632.1002598360433,2577.240347720474,2626.222412109375,199227
2023-01-11,2629.895852977092,2652.868391472454,2607.85392579536,2616.7197265625,188157
2023-01-12,2620.540515596756,2663.1549127662734,2613.4871459682636,2622.548828125,263295
2023-01-13,2630.7286271648786,2638.5657574928236,2597.567912966903,2609.470458984375,115048
2023-01-16,2620.344668846041,2649.9297890823377,2610.7441360090315,2619.1201171875,151524
2023-01-17,2610.9889141014237,2677.8984611693613,2601.1925013292584,2662.0283203125,163033
2023-01-18,2676.036966098349,2708.561247435319,2665.1140616607554,2697.540283203125,275059
2023-01-19,2684.2661443228444,2785.9529572945853,2667.4163620955396,2771.013427734375,633130
2023-01-20,2791.9777937421945,2793.1533155055104,2695.336272093568,2704.985595703125,479592
2023-01-23,2705.7691212253753,2762.6863732812985,2701.5566160338826,2743.436279296875,354518
2023-01-24,2754.7022252729375,2790.997982212272,2747.8937662707694,2759.992431640625,396428
2023-01-25,2753.134985124645,2768.613126114826,2733.199189276701,2760.335205078125,232210
2023-01-27,2762.588447901914,2784.0915264619966,2681.963921606048,2720.7578125,270275
2023-01-30,2723.40279661913,2809.6112304689445,2692.3482154413696,2761.8046875,426921
2023-01-31,2789.0389722400514,2874.9044424015383,2777.4301263713714,2861.77734375,545851
2023-02-01,2888.9617386947007,2983.007288682728,2853.988597626944,2934.4169921875,936089
2023-02-02,2938.923848622564,3025.7201619533107,2920.408724044336,2940.393310546875,716169
2023-02-03,2968.313228007475,2968.313228007475,2865.4508884230577,2889.109130859375,378428
2023-02-06,2889.9419023253063,2936.964685820769,2880.145489097085,2905.273193359375,255641
2023-02-07,2919.8208929676152,2933.046050509995,2899.19939578045,2926.580322265625,186102
2023-02-08,2922.759826232628,2949.5040816269743,2911.102190400081,2918.20458984375,278608
2023-02-09,2909.534933983745,2940.834428621336,2894.938372912335,2934.711669921875,172603
2023-02-10,2926.1882863209275,2942.8421868456867,2915.412233040201,2924.22900390625,136904
2023-02-13,2927.168190611161,2927.168190611161,2845.613052770338,2887.541748046875,196259
2023-02-14,2888.864181979107,2933.9276825290654,2877.059695453845,2921.1435546875,204187
2023-02-15,2907.5262429596974,2968.4110910467616,2891.9010126259304,2945.242431640625,216658
2023-02-16,2970.5663514917246,2997.604307775537,2956.312522792255,2984.08544921875,351094
2023-02-17,2968.312861816716,3079.404079194839,2930.1068546844217,2953.42236328125,1067039
2023-02-20,2948.719989683592,2975.660122479704,2904.9300762090443,2941.51953125,218449
2023-02-21,2948.622219041993,3003.3843105797155,2930.6459448973924,2979.43212890625,211481
2023-02-22,2979.4323144686587,3003.090557394943,2933.242081329851,2951.904296875,328540
2023-02-23,2946.7609724299596,3025.1813047862865,2942.891437205131,3007.15576171875,364256
2023-02-24,3034.439079215222,3049.623520128164,2978.501462506544,3010.291015625,460091
2023-02-27,2997.702371797343,2997.702371797343,2908.555013681801,2934.956298828125,283462
2023-02-28,2932.066275262039,3036.838859616191,2914.43273267777,3018.61767578125,362293
2023-03-01,3021.213409110248,3078.032597738132,3004.804419290989,3052.4638671875,556955
2023-03-02,3052.464037864201,3065.0034935448434,2988.885417185089,3003.531005859375,212610
2023-03-03,3003.531009722355,3032.0386654533586,2993.048896296153,3006.71484375,211402
2023-03-06,3012.3972115462493,3022.1936252423347,2994.077965768621,3003.1396484375,165157
2023-03-08,2997.70210312602,3056.4805757363342,2938.923630515706,3029.148681640625,336445
2023-03-09,3030.030314457911,3053.49267400546,3014.3560548292894,3021.409423828125,191541
2023-03-10,3007.547541787794,3012.3967179387255,2861.5319717395178,2886.95361328125,468768
2023-03-13,2899.7379902792477,2908.211791103024,2826.852779705181,2835.5224609375,293866
2023-03-14,2826.265201004536,2852.9604269065717,2801.9210185964166,2824.893798828125,163628
2023-03-15,2844.8291910166504,2878.186023775666,2814.3624913127214,2868.634521484375,363303
2023-03-16,2870.348723223379,2876.422450844621,2810.5906098729947,2818.7216796875,376887
2023-03-17,2840.9597459122697,2856.780857105031,2777.283061952167,2825.67724609375,289717
2023-03-20,2849.482425631126,2849.482425631126,2778.2625553502335,2806.13330078125,143701
2023-03-21,2821.4161628457673,2839.9803188899377,2799.7659929977867,2805.69287109375,228098
2023-03-22,2830.967455378667,2846.9356562831613,2812.550151242509,2819.8974609375,264831
2023-03-23,2819.5056182969083,2835.9146094730427,2791.97760310348,2802.459716796875,162906
2023-03-24,2803.586279003432,2812.59893025798,2747.8935808150827,2761.216796875,193270
2023-03-27,2767.4865132770356,2789.96923198448,2716.2021985045017,2722.618896484375,378284
2023-03-28,2724.431309161651,2750.832592656701,2697.8339060830817,2741.379150390625,296813
2023-03-29,2728.301062588018,2815.4891396330213,2726.7825707155453,2798.29638671875,245686
2023-03-31,2798.5903251633827,2852.5686572597647,2783.2100043599708,2821.416015625,203707
2023-04-03,2844.2904092474196,2905.273079196786,2840.959724548801,2899.93408203125,303832
2023-04-05,2909.4854022544346,2909.4854022544346,2858.0542380497695,2878.0390625,190853
2023-04-06,2877.696079189793,2893.174458275309,2845.8577395902466,2859.817626953125,193484
2023-04-10,2849.874356730325,2923.249388130252,2846.6414928839386,2914.4326171875,352557
2023-04-11,2929.1277065098607,2992.8043957818145,2924.2294996427877,2983.497802734375,475618
2023-04-12,2973.2112799600486,3002.257548196672,2954.696155466282,2988.9345703125,192138
2023-04-13,2981.8810856445707,3035.418383771252,2980.4116237837807,3021.45849609375,250406
2023-04-17,3002.551597325236,3065.199611517627,2997.7024206552833,3034.73291015625,383771
2023-04-18,3042.863992681644,3051.190943882383,3017.5891988500584,3032.724609375,165738
2023-04-19,3031.98965716788,3095.5682783819207,3020.3808127316347,3074.947021484375,290136
2023-04-20,3085.7721803737163,3093.2175502720834,3056.4809997937928,3065.49365234375,201430
2023-04-21,3075.0940666996303,3075.0940666996303,3027.189702392699,3048.30078125,139730
2023-04-24,3063.2894362033276,3081.951651539548,3046.7826231484387,3078.473876953125,120666
2023-04-25,3084.008835255013,3118.9819814120247,3056.5298492851334,3087.535400390625,272892
2023-04-26,3085.8701713985783,3115.2594111261837,3081.070024577834,3113.104248046875,128534
2023-04-27,3120.1573627575995,3134.851981420508,3105.4627440946906,3124.075927734375,163208
2023-04-28,3125.0556724543635,3147.5874218168874,3119.2758845903313,3140.09326171875,192921
2023-05-02,3143.6686522741675,3192.6507129203837,3140.239908028932,3183.784912109375,195103
2023-05-03,3182.854624160714,3249.4702334075373,3167.229393061133,3224.63623046875,331116
2023-05-04,3220.080850833109,3228.848592355605,3187.36092812036,3202.496337890625,138245
2023-05-05,3202.4472814603528,3267.6424551987075,3182.9034861420173,3247.265869140625,210596
2023-05-08,3269.5527706733146,3289.6354169051656,3189.8100661817657,3196.471435546875,307218
2023-05-09,3196.5693432874814,3196.5693432874814,3141.709434239336,3156.404052734375,292954
2023-05-10,3159.3431687182315,3182.805529842572,3107.5690307348627,3143.913818359375,182938
2023-05-11,3143.9138476388935,3221.8933909262323,3137.105388425784,3169.384521484375,528871
2023-05-12,3185.989140747671,3330.780161483867,3169.580150246243,3319.955078125,1549977
2023-05-15,3330.7803409463013,3330.7803409463013,3228.260977002621,3312.363037109375,799715
2023-05-16,3311.1386943069815,3366.047639165249,3268.1815651148945,3356.545166015625,460036
2023-05-17,3357.9655074040793,3418.6542388519747,3340.6749339143666,3367.712890625,429840
2023-05-18,3384.3176454424674,3397.885772811133,3330.7803452667877,3336.0703125,168884
2023-05-19,3345.4751263202465,3377.8032900592125,3322.01276441041,3370.94580078125,204182
2023-05-22,3384.1707873674563,3384.1707873674563,3342.5850630423633,3361.4921875,91735
2023-05-23,3357.132550179159,3373.6886310342456,3296.4928516373398,3306.240234375,241794
2023-05-24,3301.3911921959384,3345.475050845439,3291.7906595893323,3333.278564453125,0
2023-05-25,3330.780135047236,3360.1693715329466,3323.285975411467,3344.201171875,177428
2023-05-26,3355.2713809722654,3376.8234891128172,3327.449664313465,3339.254150390625,140093
2023-05-29,3359.042944257475,3369.133057641675,3325.343142271746,3342.829833984375,84643
2023-05-30,3342.5360403428244,3423.8462664121253,3310.6976988096644,3411.796630859375,340548
2023-05-31,3411.845749175477,3444.4188225112275,3310.2569938541174,3353.802001953125,1802492
2023-06-01,3379.762403857007,3417.9193837418675,3339.597111521315,3411.502685546875,346059
2023-06-02,3428.6954518054904,3491.392493756641,3416.3030852754273,3479.44091796875,428950
2023-06-05,3510.0058160642916,3544.3422921291663,3485.563812989379,3521.5166015625,389947
2023-06-06,3521.516245647511,3531.5085382573184,3472.338304238287,3522.2509765625,196700
2023-06-07,3521.8102967922737,3521.8102967922737,3451.325156627931,3466.019775390625,437956
2023-06-08,3477.726527745584,3482.0368536893448,3418.9480512203068,3440.1083984375,297932
2023-06-09,3440.5491091778617,3488.69838107716,3440.5491091778617,3475.27734375,187230
2023-06-12,3475.767308934976,3485.5637218688403,3438.932700635552,3462.150390625,243029
2023-06-13,3462.0522752103016,3516.9121867586255,3447.798446786467,3510.936279296875,249758
2023-06-14,3533.566145076199,3533.566145076199,3498.88693896007,3514.757080078125,153118
2023-06-15,3502.21747290924,3520.4388958489703,3477.2856509011763,3486.543212890625,184254
2023-06-16,3477.7262501066284,3513.923944509611,3466.166436145471,3501.92333984375,223482
2023-06-19,3512.014012364286,3526.218811019595,3442.704391339245,3457.790771484375,169991
2023-06-20,3467.930248882227,3497.1236078509332,3444.0758872366487,3470.330322265625,275988
2023-06-21,3477.1774170261647,3508.2606380628,3329.741797575871,3367.770751953125,468855
2023-06-22,3398.952289513456,3502.3986635421265,3390.184074021359,3432.39990234375,899667
2023-06-23,3439.3456026053063,3459.197357981675,3364.716433485469,3376.932861328125,272568
2023-06-26,3384.174076307017,3428.508234511912,3365.4552095093945,3415.060302734375,204577
2023-06-27,3428.508309323936,3502.34926632859,3410.774645655019,3423.680908203125,346501
2023-06-28,3458.064236197312,3582.840161500105,3454.468339684339,3560.57470703125,885684
2023-06-30,3583.234597488922,3584.121184467159,3482.694527727113,3498.60546875,430346
2023-07-03,3526.930282508999,3532.7431280841943,3466.9314792917944,3470.724609375,223753
2023-07-04,3487.57118482415,3491.1673220223834,3453.5323547872035,3457.62109375,165447
2023-07-05,3464.960850087951,3515.206230626616,3460.2318249904347,3500.132568359375,246209
2023-07-06,3507.3245739135014,3531.954662213456,3489.5909103375343,3508.0634765625,180300
2023-07-07,3502.5955820680024,3511.1177370175224,3439.3455628195857,3456.291015625,153939
2023-07-10,3458.0642712061162,3513.9745696080954,3454.665367250314,3494.22119140625,284687
2023-07-11,3505.3541181849387,3743.724061336984,3501.413304111656,3718.9462890625,1485223
2023-07-12,3728.01025461288,3768.1079912225505,3689.6859325090377,3744.26611328125,535242
2023-07-13,3746.0888057621637,3790.0780479551418,3727.320630073068,3758.69921875,488118
2023-07-14,3770.127652709899,3829.4368578068797,3767.516959536017,3817.0234375,389985
2023-07-17,3834.412286180105,3890.5195812650986,3829.5355766247535,3856.72705078125,473022
2023-07-18,3866.9241015767907,4087.264788885923,3852.9342586652656,4067.068115234375,2882873
2023-07-19,4126.032297942382,4261.152863064148,4114.603841020468,4245.09423828125,2988725
2023-07-20,4244.158487021133,4851.142520447654,4207.065667737935,4647.55029296875,5530760
2023-07-21,4605.826789809327,4623.560454454582,4427.554007522366,4518.931640625,3034596
2023-07-24,4543.56141734196,4699.420807185215,4518.931329253987,4628.9296875,1450583
2023-07-25,4669.864681776052,4713.213636627982,4581.294981596686,4623.9541015625,845678
2023-07-26,4629.42206281702,4676.760897383997,4539.817614313347,4604.693359375,616591
2023-07-27,4581.196513416361,4674.790850787233,4579.423339446639,4631.44189453125,693349
2023-07-28,4633.412333053752,4704.34698922638,4595.974597851531,4675.52978515625,530565
2023-07-31,4675.529799724393,4804.788699353167,4664.987929198878,4745.5283203125,702383
2023-08-01,4773.261905445817,4801.832807039781,4547.994739584844,4561.689453125,896053
2023-08-02,4561.689801616635,4632.772143594488,4494.252424245391,4520.1630859375,879726
2023-08-03,4522.084250710086,4567.600846701892,4445.287442308685,4546.61572265625,498305
2023-08-04,4561.492392328475,4594.693944064534,4521.591648939857,4546.61572265625,375403
2023-08-07,4586.122378023644,4586.122378023644,4491.641456823009,4531.2958984375,350693
2023-08-08,4566.319887677817,4610.703596725102,4533.167884068638,4602.47705078125,421136
2023-08-09,4605.826998693892,4647.205551409431,4581.1969077917865,4614.59521484375,447877
2023-08-10,4591.048662193591,4619.9149345354535,4507.798960057247,4516.8134765625,327433
2023-08-11,4513.21790570952,4668.338412311099,4424.303276591361,4590.50732421875,979085
2023-08-14,4590.063466474621,4679.716992005678,4567.502400766554,4674.49560546875,448711
2023-08-16,4669.815671172082,4797.941198010559,4663.263682843016,4781.931640625,837609
2023-08-17,4795.971117424243,4836.216780633637,4708.632914629849,4746.7109375,653948
2023-08-18,4747.695781453907,4792.423925225611,4682.672348879523,4706.95751953125,330161
2023-08-21,4714.150021039391,4788.089356644842,4680.8007839387155,4778.3359375,329531
2023-08-22,4802.86673709673,4934.292778881088,4786.364579589782,4923.2587890625,929778
2023-08-23,4946.3621451614345,5079.709542891407,4927.002991466239,5059.0693359375,975669
2023-08-24,5088.575979537229,5089.561183018262,4912.0273233134985,4952.47021484375,675077
2023-08-25,4945.7216960494125,4955.573731300507,4857.053378789562,4927.93896484375,479853
2023-08-28,4937.790875664459,5037.6904143818465,4927.889291852781,5018.0849609375,669023
2023-08-29,5039.3163430066625,5050.744800816949,4933.899559291763,4946.263671875,425772
2023-08-30,4971.090808156922,4994.98199422397,4916.214778046332,4966.11572265625,327971
2023-08-31,4994.932661194497,5063.847357164176,4965.573308355017,5047.24658203125,484299
2023-09-01,5063.700078498131,5142.762665452647,5019.513601914133,5131.1865234375,448449
2023-09-04,5157.540775796976,5171.382693765985,5063.946435070956,5141.333984375,355134
2023-09-05,5146.703452745699,5232.416163386754,5134.339340357406,5225.2734375,464679
2023-09-06,5230.248507990652,5254.090626752509,5166.900111007601,5215.42138671875,374585
2023-09-07,5224.533849029055,5236.356290324236,5095.669431334121,5108.673828125,515569
2023-09-08,5110.299908792043,5132.368853274588,5088.576362821542,5122.36865234375,372420
2023-09-11,5136.013791431913,5144.437570419841,5051.335834927426,5071.77880859375,398409
2023-09-12,5113.058834918473,5123.058554924973,4860.255503093004,4869.27001953125,693209
2023-09-13,4877.742680597698,4978.676974742589,4777.695454475586,4968.775390625,802559
2023-09-14,4992.962075713515,5101.728441664519,4970.597764712307,5091.482421875,513990
2023-09-15,5097.442778534752,5120.545992441001,5040.645894424705,5090.34912109375,350026
2023-09-18,5105.324868175235,5121.235809521076,5046.80387269034,5059.2666015625,188335
2023-09-20,5063.946641450438,5221.579221729051,5042.518462568814,5209.36279296875,886432
2023-09-21,5221.579013364909,5279.262490986204,5107.344464980133,5144.58544921875,788735
2023-09-22,5147.688576027199,5163.99350244353,5009.760078296327,5054.09423828125,660080
2023-09-25,5074.7836201178325,5185.077352876689,5010.79445543227,5129.56103515625,702950
2023-09-26,5134.930115083316,5150.595236814976,5043.552483245331,5063.01025390625,382174
2023-09-27,5081.6796456607635,5295.961406601286,5039.759429218866,5281.232421875,883496
2023-09-28,5281.232447310946,5318.128510932919,5181.234291723748,5208.2783203125,718228
2023-09-29,5196.997857006603,5302.266953811534,5176.407198773273,5263.99169921875,533039
2023-10-03,5246.20904462354,5342.463626465779,5193.746954177304,5293.7451171875,630157
2023-10-04,5273.745361186713,5292.808664404356,5188.869693312786,5234.7802734375,553831
2023-10-05,5257.981996312427,5279.705541001097,5152.811522996161,5162.56494140625,286121
2023-10-06,5194.780955970743,5256.060807669225,5167.392490388957,5181.431640625,384926
2023-10-09,5125.127188878127,5160.495898077498,5064.093640043599,5102.31982421875,280349
2023-10-10,5123.452623436244,5177.293903105415,5102.369362944113,5128.23095703125,331263
2023-10-11,5160.496119843572,5221.578739055161,5125.127409124274,5150.939453125,400950
2023-10-12,5172.31899724356,5195.963884088102,5136.309997409141,5163.55078125,433492
2023-10-13,5152.9593131038155,5264.9275966376445,5137.146508016747,5244.53369140625,357812
2023-10-16,5265.9130296371995,5368.374199905164,5257.834168020424,5340.2958984375,727018
2023-10-17,5384.088318424016,5403.841457125489,5284.680895652908,5386.9453125,741605
2023-10-18,5388.522165741917,5412.363804862081,5194.8801043784415,5259.755859375,1211440
2023-10-19,5265.913308553928,5340.443865624603,5083.699708008419,5218.62353515625,1423792
2023-10-20,5230.445420535781,5294.7299493905475,5118.1322206975665,5149.9541015625,705270
2023-10-23,5167.245368935533,5167.245368935533,5061.976264575183,5077.88720703125,644285
2023-10-25,5103.255854250886,5110.7434975622145,4932.12628350613,4948.8251953125,694305
2023-10-26,4902.372755512783,4922.963413037478,4739.912789950742,4799.71435546875,841759
2023-10-27,4827.497679126225,4934.835804638765,4804.197710008671,4903.06298828125,652732
2023-10-30,4925.032147575064,4940.795403098409,4818.827405909082,4864.39306640625,554716
2023-10-31,4876.757590749074,4905.673411261062,4820.650055944048,4849.2705078125,347116
2023-11-01,4849.270503944794,4891.535640152957,4818.433344105142,4828.1376953125,385779
2023-11-02,4886.510652220169,4989.070430866922,4853.112350404908,4976.85400390625,624189
2023-11-03,5023.355777792808,5023.355777792808,4944.78579296801,4962.02685546875,318145
2023-11-06,4993.060774970709,5094.48767521841,4974.637756792234,5062.8134765625,613383
2023-11-07,5083.600873606276,5083.600873606276,5034.389767507208,5040.0546875,272225
2023-11-08,5068.872542443499,5088.330313621975,5031.33618892082,5052.51806640625,183790
2023-11-09,5052.517813637077,5076.162698949525,5039.316182215577,5057.34521484375,155776
2023-11-10,5057.296028885586,5078.675137945138,4977.346858502788,5059.80810546875,283963
2023-11-13,5071.877026590566,5073.256696428399,4997.937691369285,5056.11376953125,337361
2023-11-15,5123.058805032225,5133.846977053864,5017.297100605509,5054.5380859375,601215
2023-11-16,5062.4682895908645,5204.091295648797,5037.936818144111,5190.98828125,528615
2023-11-17,5191.037728050958,5239.312704075725,5157.934791136972,5209.8056640625,289947
2023-11-20,5229.361580138635,5242.218774493449,5183.204699787301,5234.28759765625,339009
2023-11-21,5247.292698902729,5309.064672560002,5222.56399370409,5235.765625,379315
2023-11-22,5291.5287788230735,5352.611404830714,5204.338256215396,5234.43603515625,569920
2023-11-23,5254.090576371477,5265.962086826326,5135.422615352631,5148.4765625,449488
2023-11-24,5176.25973876094,5232.859878269895,5127.54122808908,5202.072265625,637746
2023-11-28,5230.445496459415,5230.445496459415,5083.650171733017,5122.81201171875,849883
2023-11-29,5152.614343369345,5182.170448589437,5073.945747097254,5086.556640625,637793
2023-11-30,5123.0583893698,5260.986884468218,5080.004802405801,5189.95361328125,6818392
2023-12-01,5264.927891400642,5264.927891400642,5148.772486415046,5157.09716796875,433155
2023-12-04,5221.578427432016,5276.45445351645,5190.100983923338,5262.56298828125,487407
2023-12-05,5270.839147073032,5310.247290228718,5192.022860761659,5280.8388671875,325063
2023-12-06,5298.424611478159,5337.8327528800055,5221.627803498747,5240.24853515625,393732
2023-12-07,5251.135139113688,5362.463144877261,5212.268665032943,5339.75439453125,338949
2023-12-08,5351.625945528623,5439.111832627941,5312.71040339895,5366.05908203125,419779
2023-12-11,5384.088288198245,5625.8571411453895,5365.4184886585135,5607.7294921875,973960
2023-12-12,5615.659998737931,5648.171714520098,5497.484645464737,5526.89306640625,524434
2023-12-13,5555.562678978345,5618.714321159216,5523.297263525864,5594.13330078125,320345
2023-12-14,5630.339787161578,5634.477834579018,5546.696100262337,5569.79931640625,351256
2023-12-15,5603.985841572894,5615.660600611773,5538.075815998057,5586.1044921875,267973
2023-12-18,5601.86782395306,5628.911855940805,5553.592846222898,5594.72509765625,310923
2023-12-19,5608.320190385102,5614.625877853832,5490.588367960088,5527.87841796875,306765
2023-12-20,5561.375727259319,5599.897284381821,5380.19688071941,5416.6494140625,345075
2023-12-21,5407.78198558157,5543.74006792995,5335.123227804809,5536.15380859375,242120
2023-12-22,5549.651882779696,5549.651882779696,5227.145387877135,5280.00146484375,1898658
2023-12-26,5280.001100157171,5368.374049459254,5230.445554886985,5314.9267578125,682407
2023-12-27,5339.803487596256,5377.241224225159,5305.370429511042,5356.20703125,357111
2023-12-28,5377.19204251913,5412.560754636697,5354.58142805903,5378.17724609375,233728
2023-12-29,5389.0634785644015,5482.214282832556,5351.182209222123,5403.69384765625,347319
2024-01-01,5418.619288247923,5448.618927457237,5369.3100451474265,5383.841796875,146403
2024-01-02,5383.84189021222,5389.063276467038,5251.134783102251,5267.4892578125,281635
2024-01-03,5261.036397769529,5346.306059701616,5230.446017795698,5324.58203125,250172
2024-01-04,5324.581294621283,5371.329392338494,5258.178676040995,5314.77880859375,282732
2024-01-05,5352.611028595367,5361.330176454559,5278.769828149008,5321.3798828125,140560
2024-01-08,5320.099416867428,5388.965051996701,5256.0611831458755,5265.17431640625,346476
2024-01-09,5310.148715319337,5323.054978515364,4778.237395113736,4795.08447265625,4167413
2024-01-10,4922.027585001629,4960.745889867547,4791.389505572747,4839.171875,2695792
2024-01-11,4355.28962136534,4355.28962136534,3744.7587756263624,3821.062744140625,18029446
2024-01-12,3852.145988725706,3998.941321799908,3847.21997083731,3921.996826171875,6218177
2024-01-15,4034.3590406512376,4191.449691260425,3916.1839284505522,4136.08154296875,3860786
2024-01-16,4226.523624746033,4296.4730833374015,4192.041497271415,4276.57177734375,2599390
2024-01-17,4275.783730322407,4423.5642739971445,4264.059903402169,4373.6142578125,1928680
2024-01-18,4394.007927326602,4481.691045158904,3936.2822519592755,4370.412109375,3940479
2024-01-19,4433.416301507338,4469.868835541954,4187.115395868042,4357.26025390625,2042284
2024-01-23,4285.635718164912,4333.910695220103,3990.0746341535387,4108.25,1286472
2024-01-24,4137.854988188424,4334.8957019116815,4064.3587057583622,4297.16259765625,1879874
2024-01-25,4285.6350769794535,4389.081440906543,4219.77412906793,4279.576171875,1295034
2024-01-29,4320.068729442726,4343.2700818603,4229.5776823368315,4281.89208984375,878902
2024-01-30,4310.265878421817,4320.068846956469,4236.3756062203,4250.16845703125,432662
2024-01-31,4274.404235002491,4309.526645486432,4227.508449627315,4278.88671875,522874
2024-02-01,4285.635460122278,4302.2362362193235,4173.3222549604525,4200.85888671875,651423
2024-02-02,4235.143681627318,4372.234656843413,4205.932493125544,4318.8369140625,843638
2024-02-05,4305.339415734921,4364.451627392608,4281.793147635891,4320.36376953125,542583
2024-02-06,4333.909976825203,4346.668553926062,4280.7089905218245,4331.10205078125,400247
2024-02-07,4349.6735136833695,4359.722781947284,4297.457727448892,4323.220703125,362267
2024-02-08,4334.895322363848,4354.944309441058,4234.256882852519,4255.68505859375,448325
2024-02-09,4255.684953297744,4265.586055627883,4187.114696411124,4243.6162109375,272191
2024-02-12,4245.242176678874,4301.103411435559,4222.730178927298,4280.90673828125,761494
2024-02-13,4275.783219913737,4294.453018791912,4226.523044569109,4266.12841796875,387834
2024-02-14,4236.375154961423,4321.299891188096,4214.70067742441,4291.0048828125,261333
2024-02-15,4296.817728405385,4561.492573872465,4276.42382188364,4497.4052734375,1011374
2024-02-16,4581.196320429604,4663.953415250267,4448.2924631729375,4600.900390625,1956433
2024-02-19,4640.2598971478965,4753.508762551371,4575.186910609145,4698.0419921875,1125013
2024-02-20,4706.268266825935,4748.483853885087,4626.8607648857005,4662.130859375,735136
2024-02-21,4689.470155301282,4695.381376442288,4615.7771241659675,4646.81103515625,658619
2024-02-22,4661.835388889641,4671.243890116512,4583.511708771309,4646.81103515625,425946
2024-02-23,4668.879412280918,4758.532931275972,4651.244365744818,4730.75,506542
2024-02-26,4733.903304117423,4795.57714576841,4639.323758395202,4717.548828125,1005726
2024-02-27,4728.977032885977,4728.977032885977,4656.071970295651,4696.36669921875,525966
2024-02-28,4714.199337540659,4717.15494841059,4596.960106366711,4640.21044921875,309601
2024-02-29,4639.4218058293745,4726.957231275446,4594.299197792576,4679.56884765625,629330
2024-03-01,4709.2728652569485,4757.547838143474,4680.800579500464,4736.31689453125,366189
2024-03-04,4706.317681339693,4740.109973001255,4660.949247171173,4721.29296875,417409
2024-03-05,4721.0460394180855,4880.698071978182,4681.686967711006,4840.60009765625,735203
2024-03-06,4857.98981365166,4865.723276954766,4733.903229601953,4808.0888671875,483453
2024-03-07,4807.793619658556,4865.230797733127,4791.094226036547,4818.630859375,270473
2024-03-11,4837.349240105547,4918.135928025844,4812.916385449775,4860.8955078125,542531
2024-03-12,4860.896270642767,4891.536200861474,4763.459724303167,4783.01611328125,264101
2024-03-13,4763.6066623650095,4856.21579244498,4660.258910221088,4708.18896484375,633146
2024-03-14,4689.568824926782,4855.033950993561,4682.0811818521715,4817.79296875,379033
2024-03-15,4788.13815970279,4845.279963680789,4704.346793016236,4822.07861328125,345532
2024-03-18,4812.71915508627,4842.275260439921,4707.302379324912,4724.44482421875,433656
2024-03-19,4738.829187059318,4748.090004436048,4601.4423563549535,4610.9990234375,272824
2024-03-20,4630.456518541946,4767.35073931587,4566.467357847193,4674.150390625,445608
2024-03-21,4727.99186698907,4951.1404725054335,4699.420963854525,4912.7666015625,712776
2024-03-22,4923.012740168932,4963.1102333206445,4778.236895820436,4837.25048828125,594108
2024-03-26,4856.955195220564,5018.627204315273,4814.197454630267,4943.8994140625,497218
2024-03-27,4983.159670346689,5060.3009176608,4952.470675270649,4963.65283203125,407426
2024-03-28,4967.396469914549,5040.301535121545,4929.958733727172,4990.05615234375,359484
2024-04-01,4997.93759189162,5074.783468526264,4997.93759189162,5057.0498046875,271256
2024-04-02,5075.029799573755,5137.392992021464,5024.538117510537,5128.7724609375,392786
2024-04-03,5103.354593605177,5210.7417848605755,5083.650521815196,5183.69775390625,338866
2024-04-04,5221.578984847531,5226.406386188272,5127.689275901054,5147.6396484375,226936
2024-04-05,5148.674050734925,5244.53416928374,5142.76282909229,5237.93359375,296298
2024-04-08,5270.691281326499,5310.247107446193,5139.16660807157,5203.25390625,484823
2024-04-09,5257.833560049646,5257.833560049646,5165.224436092895,5183.54931640625,197608
2024-04-10,5182.170644829158,5204.830326355977,5120.004204950817,5170.7421875,282041
2024-04-12,5170.299550322645,5284.533621876751,5152.713569425235,5223.89453125,338176
2024-04-15,5148.772027039518,5314.877430753072,5148.772027039518,5235.2236328125,550150
2024-04-16,5224.041452484636,5307.2911465412035,5163.550055026406,5189.6083984375,342974
2024-04-18,5236.8988530887445,5353.744097365172,5220.495309204886,5251.03662109375,440369
2024-04-19,5211.72681115102,5273.794635177961,5152.61459779203,5211.77587890625,334073
2024-04-22,5252.119932081939,5373.989799161888,5237.243262812238,5353.2509765625,397202
2024-04-23,5349.655218234117,5443.249554464732,5301.331177055507,5415.91015625,406322
2024-04-24,5415.9105225538315,5534.972474538577,5413.4965812967885,5511.03173828125,305918
2024-04-25,5526.992188939036,5605.709860267181,5507.288116964209,5549.75048828125,425165
2024-04-26,5499.406263816697,5568.222828592582,5464.973207022864,5510.8837890625,510332
2024-04-29,5517.139948702312,5612.704694242334,5490.539452521069,5556.4990234375,350075
2024-04-30,5546.745147942616,5703.343447282719,5546.745147942616,5582.705078125,474928
2024-05-02,5615.660176480902,5718.121344613185,5606.793344623301,5706.79150390625,286240
2024-05-03,5753.588924806704,5783.04641572756,5665.905805918383,5745.85498046875,312177
2024-05-06,5776.248621546876,5851.912064487562,5714.180795662951,5814.22802734375,449452
2024-05-07,5814.671755591724,5860.828641323426,5595.9565523146375,5722.8505859375,481713
2024-05-08,5722.849945093237,5859.941398082436,5699.5009105864765,5833.931640625,306101
2024-05-09,5831.419918341303,5860.976025378005,5700.387843811924,5717.62890625,271663
2024-05-10,5757.529757937223,6268.801351434666,5676.743063866235,6064.568359375,3423107
2024-05-13,6176.241242101752,6373.183341503184,6130.182974743599,6335.74560546875,1788362
2024-05-14,6334.858503408715,6384.11867839634,6158.408460391758,6229.9833984375,507179
2024-05-15,6303.184293257823,6438.009488114087,6191.363696281529,6371.21240234375,671424
2024-05-16,6386.237258577051,6435.103452116771,6325.006952591521,6374.5625,343819
2024-05-17,6414.610807934718,6446.087770572299,6355.646283285439,6394.90673828125,305803
2024-05-21,6404.315917295904,6742.684281673756,6404.315917295904,6594.50927734375,957271
2024-05-22,6677.709697150723,6677.709697150723,6433.3792154609355,6464.70849609375,426788
2024-05-23,6504.707788000305,6640.27189197657,6494.609451666068,6543.86962890625,476201
2024-05-24,6549.485836961675,6641.700989970911,6536.874942269969,6585.24853515625,239053
2024-05-27,6622.538141043809,6797.904369711735,6602.341468641042,6738.25048828125,756028
2024-05-28,6768.348374462336,6797.756796580127,6586.085718090352,6607.3662109375,298627
2024-05-29,6600.8637572477855,6678.645769615833,6551.652647709618,6647.9072265625,240288
2024-05-30,6647.907374940521,6666.872543621578,6598.893497440125,6614.75537109375,232385
2024-05-31,6642.143761826642,6750.614769616262,6523.574417582182,6641.8974609375,1118735
2024-06-03,6896.424814241861,7010.905658580843,6744.112249990321,6826.623046875,571071
2024-06-04,6896.424358307459,6921.596114792726,6119.443730207426,6360.6708984375,1324429
2024-06-05,6500.373158655132,6719.088351322825,6046.194312619967,6688.00537109375,700772
2024-06-06,6797.904784889284,6876.72107225032,6707.463287565073,6757.26513671875,237858
2024-06-07,6760.712996174455,6784.357881147778,6709.236111180449,6745.14697265625,180893
2024-06-10,6785.688039925179,6847.16464498687,6630.419864857789,6698.30029296875,636790
2024-06-11,6749.4324158676245,6935.734506915671,6677.709788490534,6894.35595703125,435671
2024-06-12,6906.276647659821,6989.32911164207,6857.0164718562555,6898.39501953125,297295
2024-06-13,6945.6851353727725,6962.8275811977255,6839.283150320253,6942.9267578125,378833
2024-06-14,6945.685087934972,7034.3534082064825,6896.671210895998,6975.142578125,409053
2024-06-18,7014.649191528076,7041.643672261718,6956.916167982025,7005.04345703125,194223
2024-06-19,7038.294027485213,7068.589036072162,6876.7206483548125,6899.0849609375,319124
2024-06-20,6899.085196125155,6921.547644981579,6802.8306154149595,6853.51953125,224893
2024-06-21,6906.277441915837,7108.244185937627,6844.357297598352,6986.62060546875,776401
2024-06-24,6896.424805623298,7185.384812556347,6881.646752468391,7153.1689453125,631243
2024-06-25,7201.788834573609,7222.9707107569275,7084.746364982633,7120.6572265625,292396
2024-06-26,7105.1403573079715,7215.581772080921,7058.047338725433,7074.1064453125,298420
2024-06-27,7142.725812743678,7211.591445402846,6857.016780233931,6885.833984375,1135404
2024-06-28,6667.858088276207,6722.3396559425255,6518.107138303101,6639.77978515625,8853879
2024-07-01,6650.12414439604,6679.680251704466,6604.804779856452,6636.2822265625,488374
2024-07-02,6659.778354659149,6685.590878501798,6447.270250647413,6530.02734375,818252
2024-07-03,6530.274298019115,6634.360960868678,6509.191037449501,6612.39111328125,656496
2024-07-04,6674.753946264106,6674.753946264106,6552.884076623404,6562.88427734375,348211
2024-07-05,6576.233693812531,6599.878579003766,6502.491111911079,6535.93896484375,222128
2024-07-08,6540.766601774821,6576.233930840025,6438.305428919785,6449.73388671875,560888
2024-07-09,6509.959433593267,6524.359943740776,6349.869139160611,6387.92431640625,547696
2024-07-10,6390.497620105917,6410.836564303712,6246.342223924186,6293.0576171875,381571
2024-07-11,6323.343947553873,6571.8182349649505,6318.5933932512435,6551.0830078125,973579
2024-07-12,6575.776922451727,6576.915025699466,6444.190923088247,6513.47265625,499047
2024-07-15,6523.370097754375,6624.323481151576,6449.139668785846,6599.431640625,423404
2024-07-16,6626.104716918763,6648.918491702537,6541.036936582927,6561.17822265625,232566
2024-07-18,6532.277616944561,6644.464632974622,6427.909442619974,6485.017578125,1507949
2024-07-19,6433.303551318763,6457.8986623191595,6193.291841904179,6284.6943359375,1038301
2024-07-22,6265.048050166958,6357.539355685173,6174.932504933861,6224.46875,689230
2024-07-23,6236.939288906333,6257.278231753959,5869.201478808967,6142.96337890625,618868
2024-07-24,6140.390576540569,6310.081535959928,6123.2189900338935,6257.3779296875,628120
2024-07-25,6245.253488873483,6391.339071257914,6175.229450151169,6361.49853515625,589561
2024-07-26,6373.919945884553,6497.389901358016,6342.792457188232,6481.306640625,477709
2024-07-29,6517.382114986708,6571.619619657483,6472.893152989184,6515.99609375,386209
2024-07-30,6515.452232658571,6632.241441750734,6487.393033650444,6613.18896484375,531991
2024-07-31,6613.188962869779,6811.384209596262,6613.188962869779,6787.82861328125,806650
2024-08-01,6829.199832911745,6835.1382675490595,6690.636358041072,6705.53173828125,248158
2024-08-02,6610.021488082274,6769.765756136892,6606.309966673402,6682.22314453125,285579
2024-08-05,6458.0472783260675,6550.043716005419,6366.001547002799,6391.53662109375,361050
2024-08-06,6454.38490537837,6543.313053359301,6320.918984578263,6347.3447265625,366504
2024-08-07,6423.109779895636,6680.7386642624115,6414.103057782943,6638.57568359375,348385
2024-08-08,6631.251671647714,6639.169584091472,6547.222922492531,6564.34521484375,211234
2024-08-09,6639.219158426604,6660.894831274609,6540.195955048788,6582.4580078125,118749
2024-08-12,6563.949449767384,6587.752480865926,6481.157874004062,6517.580078125,400058
2024-08-13,6517.975967256019,6540.047438574879,6316.019902459464,6347.98828125,198328
2024-08-14,6367.832619069718,6373.870123867837,6244.016168513235,6347.54296875,258704
2024-08-16,6393.714089818407,6640.159106593141,6349.225127417537,6605.86474609375,479575
2024-08-19,6631.251808391023,6631.251808391023,6428.404591481156,6549.00439453125,567049
2024-08-20,6700.533315949197,6813.363566764294,6604.7760636126995,6716.369140625,1067336
2024-08-21,6730.22535448353,6773.77387148313,6666.931350672301,6718.0517578125,357548
2024-08-22,6753.979548219775,6799.507546346696,6699.345757159053,6761.8974609375,352837
2024-08-23,6720.328434507749,6780.554154908613,6666.882523541119,6684.84619140625,191477
2024-08-26,6735.075219110385,6735.075219110385,6653.322676265618,6697.0693359375,230388
2024-08-27,6719.289215092685,6742.94388207949,6660.943903933327,6700.087890625,200927
2024-08-28,6736.1640597666465,6754.96910195524,6681.728411325981,6718.59619140625,206801
2024-08-29,6750.020211882275,6784.661078072288,6637.388103121443,6674.30517578125,352648
2024-08-30,6700.533701002656,6791.886426542473,6680.788212666911,6743.48828125,414118
2024-09-02,6769.765764199896,6770.606655770095,6629.7176895383645,6649.06689453125,159217
2024-09-03,6649.067310247553,6720.328525838178,6630.064126114967,6697.712890625,176221
2024-09-04,6641.149485647458,6683.658974098735,6608.240659954794,6648.126953125,183073
2024-09-05,6654.757793659453,6670.494547560252,6409.846677719923,6580.57666015625,700511
2024-09-06,6580.775047248383,6624.274272490404,6517.4317470492715,6552.765625,222473
2024-09-09,6512.483012736345,6632.884672692987,6507.534317437912,6595.62109375,527457
2024-09-10,6610.665679233115,6665.991999015482,6581.7651038147105,6618.78125,147853
2024-09-11,6646.097842429182,6774.219758105793,6603.5390625,6741.11279296875,581267
2024-09-12,6779.663195680439,6819.302051305965,6735.174232095368,6777.93115234375,263580
2024-09-13,6789.610014926423,6853.448184891839,6675.790021964828,6683.5595703125,395742
2024-09-16,6730.2252725413055,6757.9379648400045,6641.198055223333,6655.45068359375,337211
2024-09-17,6680.738550758987,6683.50962677534,6612.248415567244,6622.73974609375,106032
2024-09-18,6631.2518226690745,6660.894701363896,6579.785390612538,6598.78857421875,282119
2024-09-19,6621.353876304699,6669.900380699253,6359.617205778248,6409.4013671875,391188
2024-09-20,6433.204742156448,6515.798659029641,6393.763544435058,6492.044921875,309437
2024-09-23,6532.277430316829,6565.879262831176,6458.047004972319,6541.234375,265590
2024-09-24,6566.918495553233,6636.991825904988,6462.995896904688,6589.43505859375,416396
2024-09-25,6591.563198424545,6636.200527560929,6515.798865202789,6617.34619140625,289831
2024-09-26,6631.251990512838,6705.135917902179,6595.62138280262,6678.16552734375,536672
2024-09-27,6684.400612245532,7045.9520829195,6666.78296772808,6982.41064453125,1291485
2024-09-30,6992.50615862541,6996.366044139452,6838.106871895677,6883.8330078125,303374
2024-10-01,6916.247297560032,7278.095513368011,6831.5748305256375,7251.37255859375,1221518
2024-10-03,7128.397354750221,7353.761129371952,7126.121148247383,7256.96484375,885592
2024-10-04,7253.79729887872,7317.58617221342,7096.428794236652,7111.2255859375,467877
2024-10-07,7113.254545643972,7171.154280014387,6908.47763304623,7004.2841796875,438613
2024-10-08,7004.383028243972,7223.01628059911,6963.803728518382,7188.22705078125,410534
2024-10-09,7225.094751312338,7361.678734282353,7175.607800960884,7320.7529296875,369028
2024-10-10,7348.812623264341,7507.665744615711,7305.957114675468,7376.376953125,470788
2024-10-11,7416.263202111022,7416.263202111022,7289.428237177409,7370.4384765625,177393
2024-10-14,7309.223053133945,7432.891143597278,7262.705316709125,7406.61328125,311238
2024-10-15,7431.900906532983,7526.965144803595,7317.635344918524,7412.4521484375,209845
2024-10-16,7403.248143558971,7443.72837432075,7086.779080202958,7107.81103515625,482049
2024-10-17,7082.770912519959,7232.81496862867,6941.584247837189,7047.486328125,734999
2024-10-18,6631.202393728514,7096.429044546921,6544.154650285111,7047.337890625,1967388
2024-10-21,7081.5826792264315,7169.620158253519,6726.01893673697,6779.46484375,842387
2024-10-22,6769.814803368332,6769.814803368332,6522.42934542515,6583.19970703125,720095
2024-10-23,6552.072415470841,6695.584575628435,6524.359722474892,6593.3447265625,461038
2024-10-24,6581.76425921127,6581.76425921127,6423.40602139566,6435.62939453125,313821
2024-10-25,6443.201472029496,6474.674981764173,6316.514868585598,6389.16162109375,324913
2024-10-28,6433.303889905601,6457.601790519834,6278.904596547866,6303.8955078125,318609
2024-10-29,6339.229465799877,6373.721485860126,6243.274069411339,6332.3505859375,208968
2024-10-30,6364.021892342857,6413.459549651652,6269.996685535304,6328.73779296875,275703
2024-10-31,6329.084921122361,6434.046561110994,6276.925476378253,6413.9052734375,259567
2024-11-01,6433.304112157646,6464.38182306063,6383.817157448741,6435.08544921875,26757
2024-11-04,6438.252545362296,6485.908384151473,6317.702521910501,6456.0185546875,285465
2024-11-05,6509.563134151849,6587.159063583898,6306.023391776063,6564.49365234375,532984
2024-11-06,6631.251282953371,6863.839947355467,6631.251282953371,6813.31396484375,667866
2024-11-07,6878.6864401680605,6878.6864401680605,6732.94736415155,6746.8037109375,240697
2024-11-08,6769.666648215145,6769.715941858584,6616.405461696513,6656.78662109375,164756
2024-11-11,6656.786792719412,6728.988450631398,6558.456603484756,6639.5654296875,175932
2024-11-12,6651.046696589904,6686.677303893065,6419.546819682747,6436.02587890625,199839
2024-11-13,6398.663227022676,6413.460019750117,6199.87403382593,6263.31640625,232394
2024-11-14,6269.947493194949,6334.329824114458,6213.037498681421,6237.236328125,191359
2024-11-18,6231.2978050164475,6419.1505611454595,6193.2919232681725,6378.521484375,455631
2024-11-19,6426.375679988444,6542.5709483166265,6393.714291194417,6450.1787109375,197471
2024-11-21,6458.047199999452,6464.97537324083,6324.481723987609,6342.59423828125,199200
2024-11-22,6349.1760079664955,6577.310859071138,6342.594339935902,6552.5673828125,191475
2024-11-25,6740.122809467366,6751.009938821866,6632.43939606945,6696.72265625,369729
2024-11-26,6730.225438567885,6814.3532565499845,6670.841096462875,6802.1298828125,218029
2024-11-27,6800.001959155731,7014.726033555588,6758.086414867406,6971.7216796875,497850
2024-11-28,7027.147417741358,7091.727892249474,6967.070062706622,7075.8427734375,620605
2024-11-29,7101.872637067371,7244.88993147978,7037.044728527491,7223.0166015625,500991
2024-12-02,7233.012982445001,7317.14080175368,7215.3460437359745,7276.51220703125,229302
2024-12-03,7276.5617037310285,7352.9199769683955,7227.074749815557,7336.44091796875,270695
2024-12-04,7344.804400101383,7402.258560238866,7197.382571206985,7225.1943359375,213014
2024-12-05,7250.135517658034,7311.05424823196,7199.0155906311065,7266.2685546875,299865
2024-12-06,7286.854449229803,7286.854449229803,7207.23023519692,7242.86083984375,106871
2024-12-09,7242.861411157386,7374.546004576783,7220.245776158717,7362.0751953125,228256
2024-12-10,7373.556029843816,7393.350811131987,7297.989355622016,7366.4794921875,233072
2024-12-11,7381.919419378091,7381.919419378091,7309.222892762519,7325.30615234375,96608
2024-12-12,7325.306333891137,7447.588403383231,7309.223073911306,7409.58251953125,206603
2024-12-13,7383.403854458745,7487.375746030782,7326.493860354743,7444.96533203125,320336
2024-12-16,7452.091881290797,7517.068153866524,7427.9916385475,7463.96875,150287
2024-12-17,7472.529824239496,7472.529824239496,7374.545658332249,7406.2666015625,199765
2024-12-18,7406.266749734916,7418.2426891284895,7296.455489951019,7337.2822265625,167097
2024-12-19,7274.582304012436,7435.01910699051,7225.095349563372,7416.60986328125,240206
2024-12-20,7432.940163618178,7515.583373160404,7076.73318105984,7104.59423828125,340963
2024-12-23,7106.32639797245,7193.869010487079,7008.985465490865,7045.30908203125,245937
2024-12-24,7045.309139797575,7075.644545355588,6949.947684639382,7019.0810546875,122770
2024-12-26,7019.080817093542,7087.026304660405,6977.660142148712,7071.28955078125,153820
2024-12-27,7071.289899794068,7126.121347956079,7013.291093280108,7075.89208984375,147479
2024-12-30,7111.274938886492,7252.80762034241,7071.883518754718,7208.91259765625,378267
2024-12-31,7215.197801792736,7287.152025305582,7108.355276151879,7197.72900390625,164893
2025-01-01,7210.249125601164,7290.219849155975,7128.892380731405,7266.0703125,113918
2025-01-02,7266.070292339594,7363.658661033845,7205.349703903879,7314.81494140625,162726
2025-01-03,7324.068959836293,7361.679043684101,7096.132250246012,7134.0390625,209835
2025-01-06,7140.967542949615,7161.306487965192,6854.5371466128845,6877.0537109375,268937
2025-01-07,6937.971756175032,7116.223857949788,6897.392454620659,7089.3525390625,262756
2025-01-08,7076.6343111805345,7076.6343111805345,6750.069713540093,6833.75244140625,271536
2025-01-09,6928.1731771076375,6928.1731771076375,6665.843041759987,6680.04541015625,174394
2025-01-10,6681.332165842961,6690.635615755049,6433.303476687547,6471.85400390625,177818
2025-01-13,6384.855896055233,6470.220888995547,6164.2431587802075,6187.650390625,282470
2025-01-14,6195.6674322628105,6441.568294521113,6122.08023664936,6408.263671875,566958
2025-01-15,6433.30375245681,6531.287917301921,6324.580822386087,6384.6083984375,325741
2025-01-16,6455.3750531874075,6641.149273107182,6455.3750531874075,6596.95751953125,213590
2025-01-17,6524.360057518906,6753.979525562653,6524.360057518906,6710.13427734375,358371
2025-01-20,6720.328027203253,6754.968893322857,6631.25151432427,6737.69775390625,138197
2025-01-21,6750.019952861969,6751.6036319098,6459.383193334655,6492.34130859375,380639
2025-01-22,6530.199325845805,6538.167015337232,5920.619128115774,6101.09814453125,1654348
2025-01-23,6116.538069597003,6397.673255014923,6080.511181358504,6186.759765625,1215099
2025-01-24,6229.318580199143,6342.099539523448,5830.750950244244,5855.09814453125,1354910
2025-01-27,5818.824702487293,5818.824702487293,5532.6910236941985,5585.5927734375,835702
2025-01-28,5592.9663250038,5700.89717986629,5429.65937453888,5616.4228515625,640961
2025-01-29,5646.95584150283,5845.398510194675,5631.862321814298,5770.42578125,430356
2025-01-30,5809.768201697447,5829.46391206433,5670.511724576631,5729.05517578125,475573
2025-01-31,5750.334612770532,5991.484436735601,5659.921853491372,5975.9951171875,680372
2025-02-01,6018.553885575545,6018.553885575545,5611.820428576893,5785.7177734375,407366
2025-02-03,5774.583315923584,5859.057159013965,5686.10025636213,5797.64404296875,405813
2025-02-04,5806.502244697187,5925.567658422047,5799.920093435558,5902.70458984375,326464
2025-02-05,5977.034312246702,6029.737918328361,5903.3480443321005,5975.3515625,341372
2025-02-06,5996.235226206454,6000.392323706739,5789.973695816532,5798.88134765625,191057
2025-02-07,5829.46411917014,5888.947534619411,5768.248660328335,5809.4716796875,158629
2025-02-10,5850.198990849212,5850.198990849212,5559.314789136189,5589.25439453125,540742
2025-02-11,5596.974078510448,5608.850946581557,5336.821084148649,5451.53173828125,515222
2025-02-12,5443.614389997144,5647.451352686166,5318.857968688303,5583.4150390625,695730
2025-02-13,5611.820428407088,5646.213860485949,5471.920716663758,5493.9921875,191040
2025-02-14,5524.92120754507,5540.509596706014,5299.111869368299,5360.673828125,401884
2025-02-17,5324.252074862292,5375.471072133465,5215.182635190916,5358.6455078125,333358
2025-02-18,5344.5910293081015,5408.924069475699,5235.719730562937,5381.1123046875,272045
2025-02-19,5364.3855975300385,5566.638867035766,5300.101853564885,5542.6376953125,348483
2025-02-20,5516.805600570033,5724.502441981976,5493.447661760561,5697.185546875,288846
2025-02-21,5697.185574525366,5808.927019910492,5691.989444359675,5780.17529296875,603944
2025-02-24,5711.783845365646,5791.95270543749,5655.368721611384,5781.3623046875,450544
2025-02-25,5763.49781160132,5777.156016919129,5672.194386002175,5706.439453125,141031
2025-02-27,5344.590898855747,5344.590898855747,4608.225041680066,4631.533203125,5050980
2025-02-28,4602.286771124919,4856.649717399995,4508.261557521291,4665.0361328125,6042777
2025-03-03,4781.181972439279,4887.133345688779,4534.043935417555,4820.87060546875,4415862
2025-03-04,4790.336957520431,4913.0645985808715,4746.689369166506,4854.818359375,1108919
2025-03-05,4849.721558456164,5032.823290765223,4849.721558456164,5019.263671875,1164455
2025-03-06,5091.415732705476,5102.104720965728,4983.880200029902,5024.50927734375,535365
2025-03-07,5022.925432784317,5053.508271277514,4947.408540275683,5011.494140625,370527
2025-03-10,5026.884495933106,5057.51711199188,4862.142242308093,4889.75634765625,372497
2025-03-11,4820.326217216331,4884.3625312485165,4760.645141905849,4857.4912109375,302464
2025-03-12,4896.535810793787,4968.490033067133,4849.7213470177185,4957.35546875,377661
2025-03-13,5047.669291764315,5061.5256388397465,4909.105821010001,4951.763671875,449569
2025-03-17,4951.763543935715,5022.77732086251,4843.98105790939,4968.09423828125,518771
2025-03-18,4968.09423828125,4968.09423828125,4968.09423828125,4968.09423828125,0
2025-03-19,5156.540380395019,5400.115253942737,5112.0021237505325,5382.5966796875,644101
2025-03-20,5171.386400261344,5188.2612573116885,4863.231058493005,5031.2392578125,4100652
2025-03-21,5047.669311038582,5086.2691351818185,4928.900621367086,4941.07421875,1428921
2025-03-24,4968.490006239724,5009.762317727453,4925.98052094566,4973.88427734375,1060661
2025-03-25,5017.778588114671,5145.454919094902,5008.079339224571,5099.28369140625,1184080
2025-03-26,5114.971486900912,5167.427657335461,5060.436767776072,5097.99755859375,475269
2025-03-27,5085.328435279771,5201.078608271789,4938.797765038292,5163.02294921875,633018
2025-03-28,5181.927267928481,5204.0480328088715,5055.141596340304,5095.12744140625,449930
2025-04-01,5038.761605913805,5106.756873338555,5010.504748770668,5050.24267578125,281666
2025-04-02,5059.5460236544,5250.565660306454,4933.849164303049,5231.51318359375,661417
2025-04-03,5146.642970814317,5210.876937392009,5111.606305705668,5150.3544921875,320013
2025-04-04,5149.612511933989,5149.612511933989,4929.890432816297,4989.02734375,421875
2025-04-07,4602.28694443859,4913.065030579174,4520.13859682818,4883.966796875,497046
2025-04-08,4938.797896712917,5047.669193033241,4874.464857978179,4934.9873046875,283588
2025-04-09,4934.442715285565,4976.704279425904,4839.823572911464,4953.6435546875,195312
2025-04-11,5037.772117393425,5125.562170586483,4993.233857023542,5040.98876953125,338270
2025-04-15,5126.848388462592,5207.512122759832,5071.4230004792125,5195.63525390625,383428
2025-04-16,5204.047899934546,5280.257806418943,5168.912163828103,5245.1220703125,301161
2025-04-17,5233.740269430144,5281.742614942126,5191.676358414489,5238.68896484375,259527
2025-04-21,5246.606502507939,5382.20074714925,5225.821983256351,5356.96240234375,224054
2025-04-22,5394.572898590387,5511.856980506351,5380.716551359809,5449.50341796875,633870
2025-04-23,5527.692347764438,5567.776777502031,5405.954450042857,5556.8896484375,374348
2025-04-24,5556.889906728316,5572.230862032313,5433.6673947704085,5455.9365234375,264678
2025-04-25,5483.154062797917,5527.692317820643,5330.73425672014,5450.49267578125,669725
2025-04-28,5427.233963258013,5559.858993088701,5399.5212704575715,5540.55908203125,278907
2025-04-29,5540.559622817746,5635.574578836056,5496.5162317467575,5513.341796875,264199
2025-04-30,5513.341195369112,5546.497452445652,5407.933990036232,5463.359375,248922
2025-05-02,5442.574919782366,5526.702737236722,5389.623881737566,5403.97509765625,163134
2025-05-05,5478.700323007105,5749.393943880096,5478.700323007105,5735.53759765625,669348
2025-05-06,5769.683887206535,6015.139175657898,5666.256154774408,5845.39892578125,2645488
2025-05-07,5838.965239833066,5995.838871583815,5766.2194232167885,5826.0986328125,807608
2025-05-08,5877.070561171942,5886.967951810494,5666.256140570794,5705.845703125,394295
2025-05-09,5542.539004920663,5729.104826782724,5542.539004920663,5707.33056640625,356853
2025-05-12,5903.298537193302,5955.754706607543,5821.150196412507,5931.01123046875,305557
2025-05-13,5931.011335927747,5992.375157843061,5891.4217734017375,5945.857421875,222006
2025-05-14,5946.352349497367,5973.075304463484,5850.84252897032,5919.62939453125,272460
2025-05-15,5947.3420288934485,6007.716111729611,5925.567769509915,5980.00341796875,252483
2025-05-16,6006.726497123431,6053.24423404299,5954.765195245201,6031.96484375,233003
2025-05-19,6037.407976687321,6103.720490529624,5999.303024703311,6039.88232421875,186495
2025-05-20,6093.823455006184,6093.823455006184,5930.516508428952,5951.7958984375,204127
2025-05-21,5967.13690115994,6013.159768286153,5919.134555877761,5992.8701171875,124116
2025-05-22,5992.869850061207,5992.869850061207,5831.542387540981,5886.9677734375,356912
2025-05-23,5918.639207834941,5928.536597814598,5805.80896206685,5823.12939453125,323816
2025-05-26,5879.050115490272,5906.762809637365,5847.873334574793,5888.45263671875,120578
2025-05-27,5869.152583142081,5961.198315053079,5850.347541138759,5902.8037109375,219023
2025-05-28,5937.44450440763,6027.510757099927,5882.019118135447,5995.34423828125,286060
2025-05-29,6027.510858919461,6036.913379963752,5900.3293900572025,5940.90869140625,215817
2025-05-30,5952.290364257324,5982.972273351434,5897.359849588836,5929.5263671875,286739
2025-06-02,5920.618993806947,5950.311165290433,5849.357782246583,5865.6884765625,170390
2025-06-03,5901.814298681416,5918.639863510794,5792.448127290456,5810.75830078125,137818
2025-06-04,5839.459939574677,5848.862459816365,5770.178211478029,5836.49072265625,150898
2025-06-05,5839.460285315296,5958.22896908442,5811.747592435833,5919.13427734375,218509
2025-06-06,5938.43411716256,6056.213060486285,5896.370208832659,6045.82080078125,319429
2025-06-09,6094.812889258067,6195.766269365947,6071.059152762095,6080.95654296875,287704
2025-06-10,6126.484987539202,6126.484987539202,6040.377686421931,6075.0185546875,142972
2025-06-11,6057.698076259768,6154.692506694121,6057.698076259768,6103.22607421875,158096
2025-06-12,6103.720858164385,6103.720858164385,5948.331823831353,5987.92138671875,244951
2025-06-13,5700.897158195838,5987.426624740577,5700.897158195838,5968.62158203125,199145
2025-06-16,5943.383041889047,6070.069641283184,5913.690870156045,6044.33642578125,192518
2025-06-17,6051.2648740094555,6061.65713458798,5908.7424432182615,5979.5087890625,327846
2025-06-18,6136.8771791660365,6165.579612549765,5918.639711541472,5927.54736328125,646632
2025-06-19,5930.516380485658,5953.28037860835,5727.619875479056,5762.2607421875,466216
2025-06-20,5765.22999507528,5953.775285042978,5740.486518701567,5938.92919921875,659919
2025-06-23,5938.929276581381,6269.007255706435,5913.6909303514285,6224.9638671875,935253
2025-06-24,6279.206379823466,6396.151497849976,6229.442499812185,6313.54345703125,608610
2025-06-25,6328.472605989098,6464.327998096909,6316.031636015856,6410.5830078125,480549
2025-06-26,6419.540489487516,6465.820897667543,6359.823833771354,6437.953125,294479
2025-06-27,6449.398939783765,6554.898366885166,6439.446163642124,6455.37060546875,417426
2025-06-30,6455.370433366566,6534.495001583131,6437.953075583046,6520.0634765625,180007
2025-07-01,6529.518555749937,6657.411724626374,6529.020916960534,6632.52978515625,317256
2025-07-02,6648.454148312832,6745.991349889877,6606.652490494099,6736.03857421875,407342
2025-07-03,6743.00552978964,6837.059260057554,6711.156647582515,6775.35205078125,349404
2025-07-04,6795.755519631559,6838.552456852438,6630.04179760188,6685.77734375,457714
2025-07-07,6668.35986328125,6707.673328146863,6573.808492085471,6668.35986328125,183853
2025-07-08,6638.50156805679,6728.574190531924,6593.714076218326,6716.630859375,159641
2025-07-09,6716.630700807191,6763.906385520586,6638.501411333476,6684.2841796875,303920
2025-07-10,6708.170671326593,6776.844822116138,6658.904432716701,6748.97705078125,249936
2025-07-11,6738.527028739235,6761.91605247092,6614.117328038784,6673.833984375,310579
2025-07-14,6750.470410292752,6847.509977561981,6690.753753511688,6764.404296875,407039
2025-07-15,6771.370940891848,6922.653131384323,6767.887469400244,6911.705078125,418898
2025-07-16,6897.27348050923,6976.398046411175,6896.278202950714,6915.1884765625,289082
2025-07-17,6936.089484807263,6943.554066689319,6782.816736829028,6853.4814453125,907510
2025-07-18,6958.980800380811,7046.565226930227,6863.434153235995,6893.29248046875,1599277
2025-07-21,6922.155480551401,7027.654902684894,6790.281202884534,7008.74462890625,356365
2025-07-22,7008.744514947068,7046.067423113855,6912.202592488978,6927.62939453125,267070
2025-07-23,6960.971587350217,6961.966864957789,6817.651611860022,6852.486328125,297076
2025-07-24,6892.297163429254,6897.273551272886,6770.873300044653,6808.69384765625,240792
2025-07-25,6807.6985606995695,6807.6985606995695,6682.791225996675,6702.69677734375,183817
2025-07-28,6717.626022230633,6818.646696540791,6693.241721535078,6805.21044921875,253763
2025-07-29,6800.73167120175,6944.0516420276035,6757.934735469031,6929.6201171875,258467
2025-07-30,6947.037645350148,6953.00931094787,6838.552386991528,6898.26904296875,218429
2025-07-31,6815.661069674535,6852.486341225054,6669.35526108193,6788.78857421875,677598
2025-08-01,6788.290642525054,6827.106467619765,6648.454144427441,6666.369140625,246544
2025-08-04,6712.6496649951,6905.235877490696,6651.44009358177,6886.8232421875,367819
2025-08-05,6898.766587391027,6920.662694283129,6851.988540848811,6892.794921875,208115
2025-08-06,6917.179229624542,6917.179229624542,6648.45428113553,6792.76953125,444662
2025-08-07,6757.934624952314,6870.898627887821,6714.142412360577,6848.5048828125,193378
2025-08-08,6820.13946329481,6872.391535067591,6686.772270579523,6709.166015625,148921
2025-08-11,6727.578934105334,6777.840452882214,6643.975615743791,6725.58837890625,140792
2025-08-12,6732.057628885867,6790.779006784192,6588.737655710296,6771.37109375,522463
2025-08-13,6794.759934133201,6947.535040312993,6787.792991180376,6933.103515625,255672
2025-08-14,6942.0613490013,6950.02356990338,6871.894277301717,6937.0849609375,143368
2025-08-18,6991.82501645288,7151.069429638996,6975.900575134268,7053.5322265625,459379
2025-08-19,7060.4992403751585,7101.30562166292,6990.829808908248,7083.390625,187122
2025-08-20,7095.333728092148,7173.960655363754,7086.376230048547,7124.19677734375,217222
2025-08-21,7124.196846714218,7143.107120545954,7033.626587835901,7051.0439453125,139514
2025-08-22,7066.470622942486,7130.168386304222,7026.161882065138,7066.96826171875,172189
2025-08-25,7114.741843082709,7121.708786203864,7024.171582507689,7038.10546875,116097
2025-08-26,6994.312994364029,7062.489506653454,6952.013698418034,7030.640625,187129
2025-08-28,7065.475359747129,7136.140066120145,6952.013718528482,7072.93994140625,275286
2025-08-29,7080.902206272421,7146.09288650446,7036.612354817065,7057.51318359375,260270
2025-09-01,7092.84574556641,7125.689906038408,7025.664508237324,7110.7607421875,150419
2025-09-02,7115.23940908888,7165.0032880166245,7079.409416260904,7144.60009765625,130949
2025-09-03,7141.116839595391,7210.78627217681,7123.699481450037,7200.83349609375,265000
2025-09-04,7215.762549036706,7290.408368509499,7201.828662735118,7222.7294921875,197453
2025-09-05,7253.582864597745,7280.952997525357,7184.411074107961,7193.8662109375,143952
2025-09-08,7195.856913094537,7349.627299411703,7195.856913094537,7289.91064453125,234488
2025-09-09,7325.24309658696,7336.688788925377,7140.619102780318,7159.03173828125,160736
2025-09-10,7219.743545665574,7236.663264479514,7162.515084971368,7174.9560546875,133081
2025-09-11,7205.809636262701,7250.099488308791,7114.741738235348,7199.34033203125,178711
2025-09-12,7216.260100613735,7275.479116679733,7201.330936899618,7220.2412109375,218090
2025-09-15,7225.715471443966,7245.621023706896,7096.329381734914,7215.7626953125,161143
2025-09-16,7216.260027725395,7366.04930214408,7207.3025295874,7360.07763671875,209209
2025-09-17,7403.869763334544,7403.869763334544,7267.516737715934,7324.24755859375,269888
2025-09-18,7324.745309435322,7416.8084850753485,7315.290172477698,7405.36279296875,184784
2025-09-19,7405.362966574112,7532.260860296066,7388.9408862100945,7513.3505859375,370166
2025-09-22,7513.35035477392,7677.571153361508,7469.5581418172305,7620.84033203125,415876
2025-09-23,7613.873464028667,7660.651510147535,7525.791398464414,7584.01513671875,317133
2025-09-24,7554.156682371183,7587.498480639883,7469.558089749108,7496.92822265625,352940
2025-09-25,7544.203934462538,7564.109485740803,7346.641338025755,7372.5185546875,464674
2025-09-26,7389.935871617873,7470.553353853704,7237.658405172414,7287.919921875,244407
2025-09-29,7290.408418282732,7334.698271472299,7225.217735498088,7243.63037109375,248137
2025-09-30,7250.597007598583,7282.445889443904,7170.974802985284,7251.59228515625,183924
2025-10-01,7299.365925315221,7338.181751751994,7240.64454685959,7316.28564453125,112742
2025-10-03,7355.101569500922,7379.983509857826,7274.98172155169,7358.08740234375,140544
2025-10-06,7372.5188787015895,7607.902032911907,7365.5519354480075,7579.53662109375,213779
2025-10-07,7588.991547986883,7602.427795317745,7519.322117382414,7559.630859375,110181
2025-10-08,7564.1098352250265,7638.7556559673785,7487.971098067827,7552.16650390625,150765
2025-10-09,7552.16644203127,7604.916154923687,7510.862421558906,7594.96337890625,96611
2025-10-10,7608.897012135652,7757.691008645042,7608.897012135652,7693.49560546875,236521
2025-10-13,7663.637580000488,7711.410905174517,7572.072040083599,7649.2060546875,129001
2025-10-14,7663.6373140834485,7688.021614628259,7534.748868346591,7572.07177734375,163491
2025-10-15,7572.071977316869,7687.026540063991,7557.640452123508,7622.33349609375,115511
2025-10-16,7663.63724169677,7668.613629516054,7434.723402009724,7542.21337890625,186760
2025-10-17,7557.1427867742495,7583.517643069458,7205.312156572129,7404.36767578125,1113487
2025-10-20,7494.440359119453,7663.637551822017,7475.530084640931,7637.2626953125,526263
2025-10-21,7657.665641436555,7661.149112939678,7536.739416399573,7569.0859375,65121
2025-10-23,7623.826409180272,7653.1870983540075,7464.58199332272,7482.99462890625,250081
2025-10-24,7514.345778515157,7569.086045775864,7431.2401000375385,7477.5205078125,202587
2025-10-27,7479.013221107303,7665.627763519655,7448.1596167617945,7630.29541015625,276608
2025-10-28,7630.793248910307,7682.547683362288,7442.68578522907,7474.53466796875,761477
2025-10-29,7484.487407892186,7721.3634721313265,7479.013381197584,7698.9697265625,211944
2025-10-30,7698.472102615619,7831.34165991351,7661.646832053657,7807.95263671875,345825
2025-10-31,7827.858346402336,7865.678895310573,7648.2107390882065,7667.61865234375,324713
2025-11-03,7667.618386546908,7738.28309389956,7548.682717129417,7590.484375,240686
2025-11-04,7581.029160660032,7631.290677348142,7512.852647924676,7524.29833984375,162179
2025-11-06,7549.180597942086,7633.779193963849,7536.739627938885,7555.64990234375,201409
2025-11-07,7549.1802355377595,7553.658984523906,7416.3106822820855,7506.38330078125,127993
2025-11-10,7524.298453827386,7626.314405086288,7465.079438218559,7572.07177734375,112624
2025-11-11,7584.015148926578,7653.684579428528,7513.3504408460285,7623.32861328125,105930
2025-11-12,7651.69415435791,7708.922616100311,7598.446802997589,7643.73193359375,129351
2025-11-13,7626.314348335201,7779.089454693369,7601.43240918892,7684.5380859375,182942
2025-11-14,7703.4484748120585,7710.913056667496,7566.597807462361,7595.95849609375,127917
2025-11-17,7593.968060826256,7672.097352146683,7544.701819802546,7646.7177734375,146747
2025-11-18,7643.234413145977,7693.495932498001,7613.873723623507,7624.82177734375,255512
2025-11-19,7626.811908765589,7667.618288546274,7604.915802541806,7651.69384765625,138316
2025-11-20,7663.6371651202035,7703.448267276672,7594.465375123339,7612.38037109375,220950
2025-11-21,7611.883166716527,7611.883166716527,7470.553745995588,7485.48291015625,169885
2025-11-24,7514.34590298699,7514.34590298699,7355.599125301371,7391.9267578125,305698
2025-11-25,7384.959842657783,7484.487603340503,7349.129848812004,7403.8701171875,130117
2025-11-26,7394.41456904565,7532.75814870745,7380.97832210008,7503.3974609375,132131
2025-11-27,7524.298637748195,7524.298637748195,7389.93616207412,7443.68115234375,170964
2025-11-28,7453.633907112827,7484.487512550201,7416.310997309551,7434.7236328125,223708
2025-12-01,7442.68568951303,7494.440123299428,7347.636681309166,7366.04931640625,199441
2025-12-02,7374.509046428655,7427.258756862654,7246.61588056509,7312.30419921875,185659
2025-12-03,7335.19578814688,7335.19578814688,7172.467903294503,7192.87109375,278984
2025-12-04,7215.76252075785,7347.636801309632,7198.842801743659,7313.79736328125,179869
2025-12-05,7286.427258137617,7301.356422032176,7137.13561919203,7222.7294921875,191949
2025-12-08,7222.72960033919,7231.189460006117,6974.407837174711,6991.8251953125,217567
2025-12-09,6991.8249457420025,7180.430045701876,6899.264131513674,7160.02685546875,222653
2025-12-10,7184.90882724132,7234.175067295128,7076.423571365256,7105.28662109375,126487
2025-12-11,7086.376292252546,7272.4931976810885,7086.376292252546,7184.4111328125,295740
2025-12-12,7195.856800224825,7263.535674694436,7159.529169075696,7242.13720703125,158727
2025-12-15,7216.260138580199,7320.266646335752,7189.387643753405,7304.83984375,121874
2025-12-16,7288.417653355401,7367.542220259915,7230.193915444532,7326.73583984375,267325
2025-12-17,7306.332967257465,7306.332967257465,6997.7969067957,7046.06787109375,1779522
2025-12-18,7046.067673002469,7111.258354912443,6989.336850576996,7065.4755859375,194054
2025-12-19,7056.518232404809,7419.794558896735,7053.532399584327,7403.8701171875,630329
2025-12-22,7414.81822810486,7611.883195777983,7414.81822810486,7567.095703125,390893
2025-12-23,7569.085870117826,7644.229326159101,7544.203931031311,7608.89697265625,256703
2025-12-24,7608.399706884072,7641.7415068946175,7575.057906873526,7594.4658203125,94994
2025-12-26,7574.062291285854,7636.267139276048,7495.933002210173,7520.81494140625,134764
2025-12-29,7511.857784070413,7575.555551302014,7426.761548159447,7458.11279296875,206255
2025-12-30,7439.7000841352165,7560.626312927515,7434.723696119073,7461.59619140625,370086
2025-12-31,7462.591430167386,7623.328762252213,7462.591430167386,7583.02001953125,235002
2026-01-01,7579.039035072759,7658.661244239643,7484.487661687084,7636.76513671875,139174
2026-01-02,7640.2485750427795,7784.066189723127,7628.305243719844,7761.1748046875,192881
2026-01-05,7803.474018115599,7803.474018115599,7548.68295266855,7725.3447265625,1133200
2026-01-06,7715.391947878584,7831.3417881685555,7700.462783892751,7758.6865234375,365681
2026-01-07,7727.335113413321,7897.527579203336,7727.335113413321,7859.70703125,365640
2026-01-08,7834.327513616813,7910.466248901281,7686.528792182258,7713.89892578125,327505
2026-01-09,7703.448273320592,7738.780626512179,7592.972464749715,7648.7080078125,309566
2026-01-12,7663.637364415388,7673.59014021333,7540.720583310804,7592.97265625,265168
2026-01-13,7603.92086159828,7627.309885190892,7367.044792873097,7519.322265625,436635
2026-01-14,7293.39427655834,7502.402573239187,7269.009975278907,7288.91552734375,1655893
2026-01-15,7288.91552734375,7288.91552734375,7288.91552734375,7288.91552734375,0
2026-01-16,7266.521462571526,7324.247561027785,6986.350829546751,7087.869140625,819635
2026-01-19,7148.581363434225,7405.362984285744,7123.201784629133,7382.96923828125,1189009
2026-01-20,7384.959715847851,7392.424297770878,7016.7070076451955,7041.09130859375,569182
2026-01-21,6966.942974350359,7011.232826115872,6775.849681339606,6942.06103515625,773107
2026-01-22,7016.706910278477,7064.480233922926,6947.535118751619,6965.94775390625,435717
2026-01-23,7016.706903985979,7016.706903985979,6673.833779386948,6690.255859375,368113
2026-01-27,6773.361805617298,6777.8405548826395,6631.534745548168,6734.04833984375,479067
2026-01-28,6796.750720863254,6905.733617910337,6770.375864500262,6895.283203125,351390
2026-01-29,6867.4152370190595,7000.782431477111,6817.651358489936,6984.3603515625,339387
2026-01-30,6996.303836010183,7004.26605674965,6882.344551676565,6980.37939453125,396287
2026-02-02,6768.385005098971,7036.612305867175,6767.887366322036,7003.2705078125,292881
2026-02-03,7365.053961421552,7663.139591346654,7325.242858927381,7469.55810546875,916405
2026-02-04,7468.56280103211,7629.797765553326,7384.959486095184,7593.9677734375,354745
2026-02-05,7564.10979586844,7577.048404729794,7467.567868210646,7500.90966796875,194719
2026-02-06,7500.90938679151,7607.404086504465,7488.468417198875,7587.49853515625,142827
2026-02-09,7642.7364250539695,7807.454862135156,7609.394626611554,7751.2216796875,262430
2026-02-10,7753.212207630368,7757.193317878188,7669.6088924261385,7705.9365234375,131347
2026-02-11,7752.714820035802,7788.047174629971,7719.373020630039,7777.09912109375,119349
2026-02-12,7744.255015065814,7762.1700118877125,7693.495857403772,7731.31640625,145735
2026-02-13,7723.851474239344,7727.3349456857495,7529.274712018637,7551.66845703125,160046
2026-02-16,7581.526818252972,7637.760000429708,7500.411697059979,7599.939453125,107865
2026-02-17,7613.873428190996,7717.879934497657,7580.033990732369,7705.43896484375,90445
2026-02-18,7740.2737258540865,7801.48329691491,7716.884702765804,7793.0234375,162110
2026-02-19,7793.0234773007605,7861.19999175735,7683.542943136892,7741.26904296875,264268
2026-02-20,7743.259649961478,7894.541843636818,7673.590218663624,7831.83935546875,393536
2026-02-23,7901.5085471263055,7967.196866072059,7793.0232931098335,7936.34326171875,328097
2026-02-24,7931.3672971159995,8109.024351016766,7873.641195568412,8082.15185546875,858763
2026-02-25,8082.151898369187,8367.796574784674,8081.156620751015,8309.0751953125,886874
2026-02-26,8309.074836592828,8499.172853456843,8305.591365079614,8465.8310546875,629664
2026-02-27,8461.850269565502,8680.811344524853,8429.503747128325,8569.837890625,926904
2026-03-02,8360.332130636954,8655.431949295746,8360.332130636954,8508.130859375,653618
2026-03-04,8380.237640425066,8434.977910047795,8227.462524296177,8244.8798828125,485905
2026-03-05,8291.657929564346,8545.453725031746,8232.936549436596,8523.5576171875,504469
2026-03-06,8521.567034072805,8589.245912642875,8439.954268738307,8511.6142578125,287941
2026-03-09,8410.095586462068,8415.071974383052,8141.37063872896,8189.6416015625,498043
2026-03-10,8323.506464621201,8323.506464621201,7647.712982679578,7686.52880859375,1056999
2026-03-11,7653.6848577146,7671.102215973378,7348.134629974888,7394.4150390625,1095711
2026-03-12,7365.05416614269,7502.402473565351,7247.611410520414,7419.79443359375,498945
2026-03-13,7394.414806579942,7394.414806579942,7084.3858393210885,7159.529296875,629203
2026-03-16,7168.984357255529,7190.382825071854,6974.905230549319,7093.34326171875,459070
2026-03-17,7116.2346583005565,7160.5245103697,7016.7069008418075,7132.65673828125,353172
2026-03-18,7165.998383364974,7374.011391993207,7142.609360863713,7339.67431640625,683932
2026-03-19,7242.635190184867,7253.583243928447,7067.9639690941085,7146.09326171875,642482
2026-03-20,7170.97518093166,7311.806962763975,7092.348249731993,7137.1357421875,450944
2026-03-23,7066.4707936672185,7066.4707936672185,6718.123641866721,6762.9111328125,652615
2026-03-24,6968.436182480404,7107.27740899701,6742.50816513797,7031.138671875,902790
2026-03-25,7086.376361310357,7236.663275714552,7070.451920048986,7111.25830078125,491517
2026-03-27,7012.725636237309,7075.925760832976,6902.249827888978,7033.62646484375,580456
2026-03-30,6908.719331891975,6984.360428084987,6767.887554111566,6811.18212890625,550269
2026-04-01,7114.741906341663,7154.055371446299,6849.500426585063,6892.29736328125,424350
2026-04-02,6827.60404692725,6873.386814588861,6658.904500869791,6845.51904296875,387042
2026-04-06,6892.29732517217,7041.588963984564,6784.8073452272465,7013.72119140625,345105
2026-04-07,7002.275436568164,7205.312063539936,6909.7146213310325,7192.87109375,344147
2026-04-08,7414.8181426180845,7612.380746820727,7406.855921793796,7564.607421875,713512
2026-04-09,7563.114439401517,7627.309844236548,7480.008760273997,7571.07666015625,419514
2026-04-10,7596.456359326223,7767.14646946372,7596.456359326223,7691.50537109375,490409
2026-04-13,7476.0273497338385,7568.090523514093,7400.386255600873,7512.35498046875,493179
2026-04-15,7638.755321833185,7817.905283778458,7638.755321833185,7754.20751953125,494604
2026-04-16,7807.95253172299,7892.551125119607,7735.794907943524,7866.17626953125,272451
2026-04-17,7912.456846857814,8185.660545532338,7872.645743225825,8143.85888671875,683294
2026-04-20,8143.858761916242,8245.874713409847,8010.98920558067,8159.783203125,403635
2026-04-21,8161.276028573,8265.780172841312,7888.072337128697,7917.9306640625,443095
2026-04-22,7907.480202679849,8064.734056930751,7859.706879869448,8000.041015625,468978
2026-04-23,7962.220698342438,8086.630396754038,7912.456818977797,7925.89306640625,482518
2026-04-24,7962.2207806859205,8049.805209273466,7863.688298524932,7995.06494140625,616686
2026-04-27,8049.30723905785,8108.526253675957,7982.1260039868885,8027.4111328125,291146
2026-04-28,8002.03207346438,8250.851478733795,8002.03207346438,8215.021484375,363780
2026-04-29,8260.804087792232,8299.122275428377,8080.658842022305,8110.01953125,263510
2026-04-30,8094.094837005994,8124.94844167211,7932.859870686292,8072.19873046875,415486
2026-05-01,8072.19873046875,8072.19873046875,8072.19873046875,8072.19873046875,0
2026-05-04,8072.1987967373725,8323.506385193841,8024.425472991192,8305.09375,435059
2026-05-05,8308.079320489609,8334.45417547529,8115.493115216805,8297.62890625,462166
2026-05-06,8360.331985993107,8484.741688165625,8316.042132019691,8375.7587890625,1084637
2026-05-07,8458.864456639454,9007.262422942353,8410.095853465511,8960.484375,1837111
2026-05-08,8987.356732486169,9115.747542950257,8910.222718447667,9040.1064453125,613457
2026-05-11,8961.976547041755,9092.85554264795,8920.672529416986,9022.6884765625,261216
2026-05-12,9071.954935994916,9176.4590795253,8936.59718818413,8978.896484375,617924
2026-05-13,8948.540524129747,9029.655645108123,8823.135551819621,8845.529296875,423358
2026-05-14,8905.743406733116,9195.369170184093,8883.34966213639,9173.970703125,360127
2026-05-15,9218.758857349854,9223.735245397005,9057.0262458174,9109.2783203125,202982
2026-05-18,9057.025999549229,9126.695430314992,8901.26505790863,9107.78515625,295160
2026-05-19,9127.690327847886,9249.611826611528,9047.072847032741,9119.23046875,337327
2026-05-20,9025.17722884281,9194.374419943744,8973.920432715173,9155.55859375,320359
2026-05-21,9191.388001925614,9265.536178010449,9132.66662757655,9150.083984375,231631
2026-05-22,9183.923913199318,9272.503618241282,9150.582114110488,9219.75390625,177024
2026-05-25,9275.986921948981,9379.495788889184,9252.100260347395,9354.1162109375,252126
2026-05-26,9325.2528673159,9623.836127916227,9313.807175659555,9568.1005859375,424144
2026-05-27,9568.100788091191,9650.2111864911,9515.84871638216,9618.3623046875,219320
2026-05-28,9618.3623046875,9618.3623046875,9618.3623046875,9618.3623046875,0
2026-05-29,9654.192423255738,9700.970469017904,9381.486369237999,9432.7431640625,496089
2026-06-01,9456.132683431617,9553.66989035471,9338.689924075241,9435.7294921875,216109
2026-06-02,9375.514830758537,9510.374943239194,9276.484711261672,9486.48828125,256995
2026-06-03,9480.01939504241,9594.476322121664,9434.734263024098,9526.2998046875,162922
2026-06-04,9519.830513269391,9728.341176367137,9487.483990354467,9671.6103515625,259390
2026-06-05,9708.932810204338,9786.564461582702,9610.400329608723,9653.197265625,256030
2026-06-08,9545.210146839208,9653.197770105155,9387.95628070078,9450.1611328125,199100
2026-06-09,9457.127788872784,9652.202199167361,9378.998496994598,9570.091796875,232863
2026-06-10,9575.565934657525,9638.766063214925,9433.738874509027,9478.5263671875,391667
2026-06-11,9435.231186479674,9480.018676288913,9308.33329868683,9327.7412109375,187312
2026-06-12,9435.231296282971,9530.77794232128,9338.689372681763,9508.8818359375,162406
2026-06-15,9633.789834368623,9635.282750815913,9494.948604770563,9510.873046875,197986
2026-06-16,9554.66493770526,9625.329647140372,9430.255237995556,9546.205078125,339718
2026-06-17,9554.664912103965,9940.33498017066,9554.664912103965,9879.623046875,591839
2026-06-18,9902.016528510425,9966.709570459683,9858.224315498619,9905.5,264707
2026-06-19,9900.0,10120.0,9831.0,10083.0,470348
2026-06-22,10090.0,10126.0,9992.0,10022.5,157543
2026-06-23,10022.5,10075.0,9891.5,9920.5,260444
2026-06-24,9900.0,9939.5,9675.0,9692.5,338045
2026-06-25,9700.0,9753.5,9516.5,9531.0,407574
2026-06-26,9531.0,9531.0,9531.0,9531.0,0
2026-06-29,9664.0,9972.0,9420.5,9779.0,1261915
2026-06-30,9710.0,10008.0,9597.0,9961.0,452560
2026-07-01,9979.5,9979.5,9671.0,9713.5,344920
2026-07-02,9749.0,9754.0,9570.0,9635.0,305059
2026-07-03,9688.0,9698.5,9531.0,9548.5,229401
2026-07-06,9600.0,9612.0,9495.0,9584.0,189331
2026-07-07,9589.5,9595.5,9355.0,9401.0,178259
2026-07-08,9348.0,9412.0,9181.0,9234.0,273126
2026-07-09,9280.0,9329.0,9001.0,9074.0,487544
2026-07-10,9149.0,9232.0,9085.0,9210.5,396730
2026-07-13,9190.0,9427.0,9153.0,9306.5,378532
2026-07-14,9304.5,9564.0,9228.0,9532.5,464552
2026-07-15,9514.0,9632.5,9292.0,9324.5,414572
2026-07-16,9301.5,9415.0,9071.5,9215.0,806800
2026-07-17,9169.5,9170.0,8826.0,8862.0,727314
2026-07-20,8847.0,8937.5,8791.0,8885.0,262460
2026-07-21,8913.5,8952.0,8831.0,8903.5,240641
2026-07-22,8901.0,9199.5,8885.0,9090.5,588610
2026-07-23,9088.0,9162.0,8908.0,8935.0,361089
2026-07-24,8900.0,8970.0,8841.0,8907.5,189569
2026-07-27,8956.0,9050.0,8956.0,9010.0,232047
2026-07-28,9061.0,9143.5,9001.0,9121.5,442150
2026-07-29,9155.0,9169.5,8975.0,9047.0,233061
2026-07-30,9047.0,9065.0,8855.0,8896.0,366876
2026-08-03,9120.0,9150.0,9001.0,9034.0,154112
2026-08-04,9084.0,9215.0,9070.0,9176.0,318448
