date,open,high,low,close,volume
2021-08-06,80.3865763401742,83.37347659190927,80.30865508948055,81.26966094970703,9855658
2021-08-09,81.26962542644404,81.71116489609703,79.11386146466211,79.65929412841797,4103937
2021-08-10,79.99696044381825,79.99696044381825,76.62046536015059,77.08798217773438,3714406
2021-08-11,77.08797691539024,77.789246809666,75.71140382309729,77.21784210205078,5826506
2021-08-12,77.26978901995727,78.75025009085006,76.98408665521652,78.4385757446289,5839975
2021-08-13,78.4122685965939,79.49145616891506,77.06986428199158,77.30675506591797,4478833
2021-08-16,77.35939831652452,80.14949459425856,76.88560605863314,79.93891906738281,6124230
2021-08-17,79.93891057959088,80.14948608410805,77.25410235036358,77.70156860351562,3796070
2021-08-18,77.7542269843895,78.91238172508527,77.56997205112066,77.9384765625,4720377
2021-08-20,77.96478576730871,78.43857797769337,75.27997752221579,75.78009033203125,10165571
2021-08-23,76.33282538856987,76.54340084204911,73.75330018165225,73.99019622802734,4154245
2021-08-24,73.88493095156538,76.22756082392682,73.30585631127732,76.0169906616211,5507139
2021-08-25,75.83273347257676,76.80663851771357,75.49055496089981,76.4644546508789,3448527
2021-08-26,76.33284679102327,76.88560081744396,75.54319665180579,75.85905456542969,3077809
2021-08-27,76.33284950675764,77.43835759893027,75.938024423102,77.0172119140625,3732019
2021-08-30,77.59629724823978,79.30720606163919,77.56997129006085,78.88605499267578,4734422
2021-08-31,78.78076734065174,80.07052499930214,78.57019182017602,79.85995483398438,5838105
2021-09-01,80.25477843202759,81.07074918723114,79.51776947917145,80.333740234375,3974318
2021-09-02,80.04421307623494,81.04443887419974,79.85996349221125,80.51800537109375,2280681
2021-09-03,80.67591343513377,82.01831744899364,80.41269675182176,81.20234680175781,3434655
2021-09-06,81.20234688916496,81.70245965902754,80.25476789925312,80.4126968383789,2725558
2021-09-07,80.01789150806809,80.41271663064079,78.75444897377206,79.41249084472656,3020761
2021-09-08,79.33351610173796,83.30808728340607,79.17558714948339,82.93958282470703,8887327
2021-09-09,82.22891630207127,84.09775421356316,82.22891630207127,82.80799102783203,6018682
2021-09-13,82.78165129143454,83.51866018585368,81.12338395657018,83.20279693603516,5911625
2021-09-14,83.83454220241485,83.96615058891786,82.51845833738479,82.886962890625,3988073
2021-09-15,82.38684694888858,86.51934799244025,82.28155917249083,84.91372680664062,12412889
2021-09-16,84.70621779766697,84.89244161161061,82.8173553793028,83.16320037841797,3948801
2021-09-17,83.29620353696578,83.96129619601619,81.08809915644116,83.56224060058594,9419281
2021-09-20,82.47149062134099,83.18978853593103,80.34319408917735,80.50281524658203,2638633
2021-09-21,80.55602257582977,81.54035751623084,79.5982848459352,80.82205963134766,1850957
2021-09-22,80.90187171975008,82.15224919341763,80.71564793619055,81.19451141357422,1816095
2021-09-23,81.64678048310368,83.16318966570454,81.22112223996469,82.684326171875,3532363
2021-09-24,82.79073382992918,83.66865832393964,80.71564793619055,81.19451141357422,4412819
2021-09-27,81.72658571870073,82.60451021449805,80.28998987108771,80.66243743896484,4286771
2021-09-28,81.11470875296916,86.19601602239922,80.71565312323584,84.75941467285156,14143965
2021-09-29,84.91902881147091,88.32430540160833,83.42922233298751,86.38223266601562,12576163
2021-09-30,86.38220983955243,87.23353146839436,83.53561616702818,83.98787689208984,11558010
2021-10-01,84.01449266318447,84.14751117252293,81.67336473381282,83.05675506591797,7635189
2021-10-04,83.3227994358211,84.97223234466281,83.26959419240643,84.51996612548828,3260442
2021-10-05,84.7860061173025,86.99411580896721,84.51996906589893,86.00978088378906,8279009
2021-10-06,86.86109331439981,86.86109331439981,83.00355624530701,83.69525146484375,6735775
2021-10-07,84.22732220434982,85.18505442516734,83.82826666129775,84.14751434326172,3415690
2021-10-08,84.5465951555099,84.73281896624437,83.16319894527243,83.93470764160156,3286333
2021-10-11,85.29147132160867,86.4886379648355,84.44015498477339,84.70619201660156,5005618
2021-10-12,84.67961109336456,85.31809580332119,83.5356493983714,84.94564819335938,5129422
2021-10-13,85.5309220790863,86.59507040977478,84.89243199816555,85.13186645507812,6888073
2021-10-14,85.66395464652587,89.8407353633439,84.97225920083194,87.65923309326172,28658122
2021-10-18,89.36185060382583,89.49486913541458,87.15374081443753,87.8454360961914,10446510
2021-10-19,88.32430164059446,88.51052541277339,83.21639238543058,83.74846649169922,9119558
2021-10-20,82.79071820614465,84.33373508244713,80.98166972319164,81.72657012939453,6240486
2021-10-21,82.52470408519268,83.26961011062261,81.51376637929609,82.2586669921875,8089525
2021-10-22,82.73752551470993,83.00356257424276,79.46526751744099,80.31658935546875,7939197
2021-10-25,80.6890370968399,80.90186348316331,78.26809568181285,79.03960418701172,6899531
2021-10-26,79.3854595405471,81.64677454354086,78.74696951601777,80.71564483642578,9404410
2021-10-27,80.84868396273001,84.33376924327223,80.79547328981641,83.0833969116211,8728597
2021-10-28,83.00356496027428,83.34941531262395,79.19923273457984,79.83772277832031,6381133
2021-10-29,79.97072282631562,80.9018523462121,78.0286559323393,79.09280395507812,9355967
2021-11-01,80.2367685214975,80.84865586585332,78.26809338371936,79.91752624511719,9074795
2021-11-02,80.36980218810741,81.48716119113054,80.18357839387274,80.44961547851562,5231263
2021-11-03,81.14130505155799,82.79073269414825,80.34319385432956,81.3009262084961,5571269
2021-11-04,81.8862185811634,81.9128212076928,81.32753636135385,81.56697082519531,595251
2021-11-08,81.72658198561085,82.81733825254723,81.6201714925283,82.3118667602539,4271967
2021-11-09,82.33845530008918,82.63109493108779,80.92845697000021,81.27430725097656,4084763
2021-11-10,80.92847091671047,82.33846948978984,80.60922861197518,81.91281127929688,4604093
2021-11-11,81.83168673630387,82.04803179981123,79.56008557701072,81.02040100097656,5676507
2021-11-12,81.61534060433227,81.61534060433227,78.31610891180527,78.77584075927734,8843363
2021-11-15,78.91107399881686,78.91107399881686,76.69355600013957,76.8558120727539,6113538
2021-11-16,77.07215186527797,77.1803244068692,75.39549672720798,75.72000885009766,7735005
2021-11-17,75.71999101230891,76.93691943929244,74.69236036210306,74.85462188720703,5783695
2021-11-18,75.07095682680243,75.39547435528277,73.61064170334683,73.6917724609375,4693974
2021-11-22,73.96219842922171,74.07037093497911,71.63651431390782,72.15032958984375,10634843
2021-11-23,71.87990807758078,73.908122126024,71.47426526789214,73.0427474975586,8809554
2021-11-24,73.61066217774327,73.98926331533495,72.47486426685214,72.82642364501953,7746349
2021-11-25,72.79936729665775,72.90753982273634,71.20384316906059,72.3125991821289,6366957
2021-11-26,71.663571561825,71.87991662012347,69.98691661660357,70.33847045898438,10451838
2021-11-29,70.0950719766101,70.85227405273584,68.22911954237608,69.71647644042969,6847174
2021-11-30,70.31143221079198,76.47720615926104,69.14858709270618,72.77233123779297,148766733
2021-12-01,73.4483937211911,73.85403654973436,72.0962509593802,72.7182388305664,5770227
2021-12-02,72.79936854720641,73.7999575532675,72.23146965289246,72.74528503417969,8193455
2021-12-03,72.42076552586066,73.15092038626436,71.4472183761454,71.69060516357422,16718095
2021-12-06,71.71764840376531,72.88049335564753,71.25792207500231,71.82582092285156,9322681
2021-12-07,72.06921801606177,73.25910489231345,71.66357513792259,72.77233123779297,12173799
2021-12-08,73.0427567776337,73.8270007430464,72.77232820348334,73.63770294189453,10525678
2021-12-09,73.82699732806608,74.4219379629236,73.04275339892978,73.96221160888672,10422967
2021-12-10,73.09683191154711,74.07037349322339,72.58301661786501,73.6917724609375,12160343
2021-12-13,73.69177566526757,75.01687658494616,73.39430537763751,74.0433349609375,10149927
2021-12-14,73.36727222918286,74.53011176300406,73.06979640478177,74.01629638671875,8731150
2021-12-15,74.20559241941913,74.36784844291805,72.74527720416347,73.0427474975586,5701374
2021-12-16,73.04276308309362,73.52953675933865,71.85287615373768,72.36669158935547,9325779
2021-12-17,72.7723273370249,72.79936909374129,70.14917239975226,71.01454162597656,15167111
2021-12-20,70.06804290913182,70.2573462133752,67.68827474255184,68.39138793945312,9841995
2021-12-21,68.87816049412292,70.01396388680594,68.44547584533674,68.79703521728516,4785247
2021-12-22,68.95928776217579,70.09508559515233,68.47251411839525,69.87874603271484,6478953
2021-12-23,70.36550421146866,72.06920622158762,70.01395040907838,71.69060516357422,5549313
2021-12-24,72.15033287751393,72.15033287751393,70.90635725744313,71.06861877441406,4010054
2021-12-27,70.71706202056366,71.63652014147524,69.9869071755977,71.17678833007812,3032223
2021-12-28,71.39315496735135,71.74471437059582,71.01455380275368,71.50132751464844,3245167
2021-12-29,71.8258305161421,72.20443163256975,71.14975905890832,71.36610412597656,3249737
2021-12-30,71.47425662463738,71.71763787951272,70.41958434661,70.87931060791016,3531202
2021-12-31,70.90637606250426,72.74529272622561,70.90637606250426,72.36669158935547,3185170
2022-01-03,72.69119517643207,73.47543355628544,72.09624907565023,73.17796325683594,5494089
2022-01-04,73.44839646538722,74.28672390865516,73.20500965879118,73.66474151611328,4885165
2022-01-05,73.98926272111876,74.20560779854335,73.52953630894636,73.79996490478516,2491817
2022-01-06,74.04334364485213,74.1515106698526,72.88049860914768,74.01629638671875,3340823
2022-01-07,74.09743079587486,74.74646048716433,73.17797252503838,73.77291870117188,4452871
2022-01-10,73.90811831295282,75.99041576117145,73.90811831295282,75.7740707397461,6685729
2022-01-11,76.12565542303997,76.15269718426988,74.34082765737043,74.63829803466797,4069530
2022-01-12,75.04391651251312,75.53069006361756,74.42192869742217,75.26026153564453,2879038
2022-01-13,75.1791409100071,76.53128373212952,75.01688487172905,75.74703979492188,4413423
2022-01-14,75.74704941520292,75.99043625447304,75.09801967777726,75.28732299804688,2828831
2022-01-17,75.28730436877716,75.96337569841438,75.12504835004074,75.61181640625,2211889
2022-01-18,75.72000227315678,76.36903196444626,73.55657363678088,73.77291870117188,3664375
2022-01-19,74.01629467441047,74.90871112320187,73.23205625188346,74.5571517944336,3162527
2022-01-20,74.58421132865975,75.4495806623851,74.12447939983737,74.66533660888672,2926350
2022-01-21,74.4760422113116,74.63829828111106,71.47428566342637,71.87992858886719,3844671
2022-01-24,72.31261573903933,72.31261573903933,69.33790085113624,69.90579986572266,5594007
2022-01-25,70.04100883235097,71.39315186000253,69.14859223334732,71.14976501464844,6732153
2022-01-27,71.12270491849188,72.90753215447295,70.63593135327766,72.69119262695312,6043766
2022-01-28,73.39432999243458,74.61125880604644,72.90755626623604,73.1239013671875,4826314
2022-01-31,74.15151230050674,75.36844087547271,72.74528592574386,74.9898452758789,10509363
2022-02-01,75.4225247663524,75.801125842105,74.2055962740724,75.47660827636719,9770014
2022-02-02,75.72000968484647,77.09919447515793,75.53071186138799,76.82876586914062,5238479
2022-02-03,77.28848568182943,77.50482523159124,75.69295605612615,76.04450988769531,5476739
2022-02-04,76.53128350295503,76.82875382255453,74.31377148206792,76.04450988769531,28956586
2022-02-07,76.26085285063165,76.4231088839798,73.79995408951625,74.20559692382812,10684595
2022-02-08,74.20559392971549,74.42193346482293,72.15033808583922,73.17796325683594,8497857
2022-02-09,73.55658623103892,74.98986014879458,73.12390153005676,74.82759857177734,5328593
2022-02-10,75.04392785851601,76.36902894630431,74.82758280267507,76.17972564697266,6287827
2022-02-11,75.85520507998885,76.26084788790322,74.98983595719126,75.15209197998047,5977837
2022-02-14,74.34081014418958,74.47602442036967,71.98807843752624,72.33963775634766,8892293
2022-02-15,73.50046421741024,73.50046421741024,71.23542676380569,73.27396392822266,9860857
2022-02-16,73.61373138427734,75.02938006474422,73.38722529128695,73.61373138427734,5442447
2022-02-17,74.09505514720156,74.09505514720156,71.6318285639408,71.83001708984375,5808171
2022-02-18,71.26375117367964,72.16976977140634,70.81074475496085,71.4902572631836,6130407
2022-02-21,71.34868910588116,72.16976644209392,70.41435873014098,71.06555938720703,3556129
2022-02-22,70.24447688638337,70.61254779771348,68.85714021482401,70.07460021972656,5583067
2022-02-23,70.49928676305667,71.63180542591702,70.32941011568518,70.75410461425781,3587586
2022-02-24,69.50834140614566,69.56496504207601,66.02584378921726,66.25234985351562,8936817
2022-02-25,67.63970529187536,69.62161374302111,67.4981404025078,68.26258850097656,5895191
2022-02-28,66.81860908239331,69.81978274505327,66.76198544660836,69.39508819580078,7189902
2022-03-02,69.0836539995966,70.21617291762277,68.51739454058351,69.19690704345703,4452767
2022-03-03,69.50833892822266,70.61254587180808,69.19689742113145,69.50833892822266,3089573
2022-03-04,69.02703996485813,70.78244222799648,68.91378690523536,69.96136474609375,3459053
2022-03-07,69.08364736547172,69.31015343144114,67.46981036637735,68.3475112915039,5249878
2022-03-08,68.34750864758168,70.18785164145453,68.03606713913777,69.70652770996094,5603921
2022-03-09,70.1029038565565,70.7257925753259,69.56495634134723,70.24446868896484,4744151
2022-03-10,70.92398611466662,71.40530427520177,69.67821434821963,70.15953826904297,5451014
2022-03-11,69.64991600180402,71.3486944408724,69.64991600180402,71.17881774902344,4285499
2022-03-14,71.34868386008523,71.46193689128592,69.25352294388217,70.07460021972656,4368282
2022-03-15,70.04629944853271,70.61255893354867,68.74390378505386,69.11196899414062,5331370
2022-03-16,69.62160116051568,70.07460757256334,69.39509507434734,69.87641906738281,5318215
2022-03-17,70.24448815295676,71.88664296803215,70.21617633068774,71.2071304321289,6844035
2022-03-21,71.34869669200219,71.60351461796009,70.44268380002906,70.5559310913086,3176026
2022-03-22,70.69748258125988,71.29205954935958,69.98965834332058,71.12217712402344,2676033
2022-03-23,71.32036621929655,71.8583137533619,70.98060715343465,71.5185546875,3128263
2022-03-24,71.23542536221362,71.8583141058721,70.6691660099539,70.83904266357422,3695230
2022-03-25,71.34868095290493,71.34868095290493,70.21616220762073,70.35772705078125,2973326
2022-03-28,70.35772742974363,70.61254530086273,69.02702020098249,69.67821502685547,4240135
2022-03-29,69.90472164646977,70.47098102674042,69.16858560417558,69.50833892822266,3056973
2022-03-30,70.1595343460884,70.1595343460884,69.50833380268134,69.90471649169922,5702629
2022-03-31,70.18785076909366,70.18785076909366,69.42339715573637,69.67821502685547,6672771
2022-04-01,69.7065439110708,72.02821137603635,69.59329661643463,71.83001708984375,9326033
2022-04-04,71.97157779987957,74.51974546681882,71.97157779987957,74.34986877441406,8676633
2022-04-05,74.88779134605412,75.28417400240072,73.84021396026208,74.97273254394531,4920641
2022-04-06,74.71792594874428,76.33176286911217,74.51973171061725,75.59562683105469,7099523
2022-04-07,75.59563822261157,76.89803383393956,74.8028726712176,75.3408203125,5871309
2022-04-08,75.3125117510544,76.02033610961695,75.08600565219864,75.76551818847656,3423786
2022-04-11,75.8221435546875,76.2185205661381,75.28419591877574,75.8221435546875,2657746
2022-04-12,75.73719302866202,75.73719302866202,73.55709669232616,74.06672668457031,4456422
2022-04-13,74.17998028166906,74.66129846029735,73.67034452523689,73.8968505859375,3122287
2022-04-18,74.09503850186914,74.37816819543424,72.90589609301111,74.06672668457031,3012578
2022-04-19,74.51972304475859,75.19923537021009,72.48119182869168,73.3022689819336,3609411
2022-04-20,73.5004726004111,73.75529049506216,72.39626556378235,72.79264831542969,3108583
2022-04-21,73.21734860168877,73.81191989542701,73.0191600905391,73.61373138427734,2994037
2022-04-22,73.16071837926621,73.67034840222989,72.59445895800299,72.76433563232422,2006563
2022-04-25,72.48121279761905,72.67940130974684,71.06556411016555,71.34869384765625,3879475
2022-04-26,71.97157070918901,73.04746592223667,71.66012917708218,72.5944595336914,3406898
2022-04-27,72.45289598939463,72.59446084839685,71.68844229460932,71.9432601928711,2476378
2022-04-28,72.42458806090373,72.59446474877582,71.54688127970117,72.19808197021484,2480205
2022-04-29,73.01914680224544,73.44384132909803,71.6884338286011,71.9149398803711,3700807
2022-05-02,71.32037913216564,71.88663858417127,70.86737272261895,71.63182067871094,2118795
2022-05-04,72.14144203088992,72.28300686551859,69.64989863731002,69.90471649169922,3894841
2022-05-05,70.24447296546334,71.57518592728857,69.67821360135596,69.81977844238281,2863121
2022-05-06,69.48002940976667,69.67821789530245,68.14931636593575,69.39508819580078,3720034
2022-05-09,69.36678518486512,69.81979160952476,67.66800677217455,69.05534362792969,4999449
2022-05-10,69.08365290646871,70.27279544746446,68.03607522798622,68.14932250976562,3026913
2022-05-11,68.51740379028676,68.8288453827301,65.9126122313009,67.15837860107422,6323694
2022-05-12,66.84691738343395,67.15835888444298,64.8650095911915,65.62946319580078,6555770
2022-05-13,66.28065584656001,66.98848003492628,64.27043630365739,64.5535659790039,8043958
2022-05-16,65.26139774119737,65.94091019294653,64.12887890837834,65.4312744140625,4935810
2022-05-17,65.96923359904919,67.44150603619966,65.34635043570623,67.2716293334961,4148009
2022-05-18,67.69630523749525,67.97943491708351,66.535474703241,66.84691619873047,4295745
2022-05-19,66.0258395840176,66.19572200156577,65.23307993004137,65.7993392944336,3615695
2022-05-20,66.42222983451917,66.96017744384247,66.13910012016889,66.67704772949219,2532203
2022-05-23,67.35656061696922,68.06438490726883,66.7619893651753,67.38487243652344,3728799
2022-05-24,67.72461793161517,67.8378709569767,66.50716374977117,66.87522888183594,2890658
2022-05-25,67.04512511301525,67.32825485460688,65.74272369346225,65.94091796875,2374086
2022-05-26,66.70536054036944,67.63969091572866,64.9782704092192,67.21499633789062,5252889
2022-05-27,67.55475010445483,68.31920380535819,67.10174370408,67.92282104492188,4043779
2022-05-30,68.5173863555961,68.5173863555961,67.49812060319037,67.97943878173828,4712957
2022-05-31,67.95113636033776,68.20595427374687,67.10174715583354,67.46981811523438,12336197
2022-06-01,67.61137851353485,68.20594976532875,67.13005453995781,67.38487243652344,3812158
2022-06-02,67.35655988739177,68.7722084526573,67.24330685011277,68.43244934082031,5179774
2022-06-03,68.97040225368498,68.97040225368498,67.38487689066828,67.46981811523438,4255277
2022-06-06,67.01679962795143,67.27161751739345,64.92164439546713,65.4312744140625,8843911
2022-06-07,65.11984285744288,66.13910881097974,64.92165433547082,65.82766723632812,3482814
2022-06-08,66.22403565940758,67.63968410975708,65.79934112430273,67.24330139160156,4443819
2022-06-09,66.98849546669793,67.18668974127021,66.56380085584361,66.81861877441406,2006634
2022-06-10,66.53549134381058,67.10175084460896,66.05417307224775,66.70536804199219,2495693
2022-06-13,65.88428123043846,66.11078730261428,64.63851511433751,64.75176239013672,4884247
2022-06-14,64.55357649882984,65.54453052403117,63.95900523576683,64.27044677734375,3772003
2022-06-15,64.41200169609199,64.6668195581561,63.817430524801054,64.3836898803711,2848885
2022-06-16,64.80838465672758,65.006573127856,63.16623021487935,63.44935989379883,4167937
2022-06-17,63.421062774677374,64.61020539758681,62.28854379655813,63.87406921386719,6852998
2022-06-20,64.55356939478503,64.55356939478503,62.0903433930467,62.96804428100586,6389374
2022-06-21,63.36442307642286,65.85596074087704,63.33610550091266,65.60114288330078,5000902
2022-06-22,65.62946244294332,66.0258393886143,64.83669703102515,65.28970336914062,3914105
2022-06-23,65.4312633192087,66.36559350197014,65.00656882891488,66.19571685791016,3784051
2022-06-24,66.70535724642535,67.21499301878048,66.36560390504766,66.79029846191406,3955377
2022-06-27,67.72461843154205,67.95112448393712,67.21498845408544,67.58305358886719,3023646
2022-06-28,67.55474109839453,68.40413014596936,67.41317625713205,68.06437683105469,4964942
2022-06-29,67.63967699497847,68.14930692732514,67.13004130234411,67.95111846923828,2959094
2022-06-30,68.6306399127111,70.2161650686553,68.29088081910905,70.07460021972656,10286142
2022-07-01,69.53666295380826,71.3486944408724,68.00776120658885,71.17881774902344,25435899
2022-07-04,71.60351794728889,73.38723199135211,71.15051148023902,73.07579040527344,8936519
2022-07-05,73.50047318509806,73.89685593989857,71.91494792618482,72.62277221679688,35671303
2022-07-06,72.42458100345074,73.50047042865941,72.14145129782393,73.41553497314453,3545326
2022-07-07,73.89686025517031,74.03842512155953,73.07578287805504,73.58541870117188,3349231
2022-07-08,73.9817912326738,74.32154456083656,73.50046729744012,74.06672668457031,4014009
2022-07-11,73.95347422096845,74.46310997740062,73.47215604234016,73.8968505859375,6949966
2022-07-12,73.74988781315264,73.9850373110662,72.83867080070162,72.98564147949219,5494322
2022-07-13,73.07383525521938,73.13262712692034,71.48655040334866,71.80989074707031,4113181
2022-07-14,71.7216921364192,72.25078897870681,70.89865393291674,71.31017303466797,4283942
2022-07-15,71.36896997938697,71.63351243912449,70.60471760158124,71.48654174804688,2430447
2022-07-18,72.01564380611241,72.92686096026156,71.51594581262023,72.69171142578125,3435763
2022-07-19,72.60351256718711,74.24958291112152,72.28017828216908,74.0732192993164,2864850
2022-07-20,74.66110801661758,74.66110801661758,73.2501870478246,73.54412841796875,4035749
2022-07-21,73.60292331264046,74.13201421254738,73.19140418143326,74.01444244384766,4781237
2022-07-22,74.22018571512089,74.39654931680947,73.92624438555606,74.1613998413086,2891418
2022-07-25,74.30839657662462,75.6605259709568,74.24960470193398,75.30779266357422,4189914
2022-07-26,75.6898961504042,75.77808094578701,74.30837422441994,74.39655303955078,2964979
2022-07-27,74.45533638237343,76.10140652602128,74.45533638237343,76.01322174072266,4694373
2022-07-28,76.45412491896086,76.65988740092324,75.74866465841237,76.13079071044922,3612602
2022-07-29,76.51294395058953,77.33597623014352,76.27778845342971,77.01264190673828,4047243
2022-08-01,77.60052936954227,78.18841216779637,77.30658797041521,78.10022735595703,3930194
2022-08-02,78.18840113175129,79.2759817629116,77.71809615558068,78.98204040527344,4258578
2022-08-03,79.01144441897021,79.27598687369736,77.6005234192465,78.62931823730469,3081570
2022-08-04,79.04083395834506,79.04083395834506,77.27718577473121,78.01203918457031,3071194
2022-08-05,78.18839661101723,78.92324996262454,78.07081887870969,78.48233795166016,3529711
2022-08-08,79.01145466671855,79.01145466671855,77.92386784413168,78.45296478271484,3878742
2022-08-10,78.48235180890514,78.77629320144784,77.77689127075202,78.5411376953125,3712661
2022-08-11,78.77626928076675,79.8050638422693,78.27657145728024,79.62870025634766,4575851
2022-08-12,79.95205571843634,81.03963643721104,79.62872139503732,80.59872436523438,6812255
2022-08-16,81.45114696671295,81.45114696671295,80.04023207351716,80.77508544921875,6514294
2022-08-17,81.16701054347621,83.08742505114225,80.57912781905776,82.69550323486328,11144403
2022-08-18,82.93063813447988,83.44013158499138,82.14679469646117,82.65628814697266,5286338
2022-08-19,82.85225277034128,82.85225277034128,81.83325984277602,82.22518157958984,3209778
2022-08-22,82.14680003582451,82.14680003582451,80.8926456692766,81.01022338867188,3119733
2022-08-23,80.46153401739377,82.81306444568438,80.34395629992902,82.61710357666016,3954118
2022-08-24,82.57791911188818,82.96984089787745,81.75488694946183,82.77388000488281,2277452
2022-08-25,83.0874310187393,85.20380658654948,82.96985326936034,84.49835205078125,4611081
2022-08-26,85.36055980402719,85.98763102658691,84.89025489204454,85.12540435791016,6251906
2022-08-29,83.28339414440947,84.41996513122024,83.08743321701085,84.0672378540039,7070586
2022-08-30,84.65512106007543,85.79169205257712,83.87127734655621,85.24300384521484,7042420
2022-09-01,84.65511180437096,84.96865045154873,83.79288500982135,84.18480682373047,6817616
2022-09-02,84.7727048533538,84.89028261480988,83.7537055610722,83.98886108398438,3236786
2022-09-05,84.3807607857505,84.69429940712254,83.08741771024816,83.28337860107422,3723607
2022-09-06,83.79288876258951,85.63492017440959,82.77388960868772,84.61592102050781,5284384
2022-09-07,84.38077028288942,85.32138027262036,84.26319253910994,84.53753662109375,4119501
2022-09-08,85.0078501185466,85.0078501185466,83.0482407937276,83.4401626586914,4552160
2022-09-09,83.87126984339645,83.87126984339645,82.26438798233322,82.57792663574219,3424316
2022-09-12,82.69550341480183,83.55773021644124,82.57792567361183,83.0874252319336,3073061
2022-09-13,83.63610331900279,83.79287561514083,83.08741523314868,83.1266098022461,3262485
2022-09-14,82.30357247935582,83.16579918547018,82.10761159250022,82.42115020751953,3184879
2022-09-15,82.69550993646163,83.79289230702447,82.26439351151639,83.40097045898438,4457007
2022-09-16,83.79286684347966,84.38074943689006,80.5007207322308,81.55891418457031,14638356
2022-09-19,81.83327676749103,82.10762084395017,80.57912814635466,80.81427764892578,2917515
2022-09-20,81.67650100380851,81.67650100380851,80.85346880917949,81.16700744628906,2623827
2022-09-21,81.16701078295145,81.59812119397887,80.30477800039192,80.61831665039062,3635123
2022-09-22,80.57914110303031,81.51975122506434,80.10883006175997,81.24540710449219,4735736
2022-09-23,80.69668785162882,81.12780417898003,79.1681953823863,79.40335083007812,4448206
2022-09-26,78.38436165123959,79.08982210215119,76.5031357755594,76.6990966796875,6219141
2022-09-27,76.77747946337107,77.75728397913768,75.64090861718266,75.91525268554688,9330496
2022-09-28,75.32736711274538,75.87606120886905,74.85706215910506,74.97463989257812,6793224
2022-09-29,75.32735996596844,75.71928172019331,73.13260173046004,73.87725067138672,8961792
2022-09-30,73.877265849012,74.22999310817946,72.77988351568173,73.68130493164062,13253472
2022-10-03,73.7988716675519,73.7988716675519,71.64330189807097,71.95684051513672,9460434
2022-10-04,72.81906922377168,73.68129595915826,72.50553059810787,73.40695190429688,6252237
2022-10-06,74.30839031621575,75.05303949086453,73.75969609993214,74.8570785522461,6223294
2022-10-07,74.85707726760396,74.85707726760396,73.99485034853035,74.58273315429688,3603038
2022-10-10,73.68130460349462,74.03403186109117,72.74069459640211,72.8974609375,7257911
2022-10-11,73.0933959283485,73.21097363259433,72.03520855063698,72.15278625488281,4162842
2022-10-12,72.23118601953351,72.77987412527801,71.8000696648401,72.4271469116211,4886498
2022-10-13,72.66230750984936,72.66230750984936,71.64331430325952,72.07442474365234,6193522
2022-10-14,72.97585025972334,73.0542334368798,71.8392792403222,72.03524017333984,5376042
2022-10-17,72.03523245743787,72.19199879495906,71.36896655259413,71.83927154541016,5555192
2022-10-18,72.23119413352254,73.91645919083798,71.99603864450084,73.60292053222656,8152180
2022-10-19,74.15158914599911,74.22997229491938,73.21097939845403,73.44612884521484,7192398
2022-10-20,73.28937417214146,73.60291279780527,72.58391375946084,73.40695190429688,4971659
2022-10-21,73.68129595915826,73.95564001401965,73.17179643998604,73.40695190429688,4485275
2022-10-24,74.42595303740407,74.42595303740407,73.83807029309519,74.19080352783203,1462832
2022-10-25,74.42594527930542,74.5435230119615,73.0150304281882,73.99483489990234,9001250
2022-10-27,74.62190821701105,76.03282908701526,73.91645376226101,75.64090728759766,17893756
2022-10-28,76.3463627388889,78.61951022317571,75.83686323685453,78.26677703857422,23243795
2022-10-31,79.36417191424665,80.81428151366632,78.14921182864356,80.38317108154297,18175401
2022-11-01,80.73589972897344,81.28458791755469,80.3439778856289,80.85347747802734,9274933
2022-11-02,81.5197434929714,81.7157044148295,80.53993888368088,81.0494384765625,8339979
2022-11-03,80.73590003303019,81.75489922166469,80.53993911061991,81.63732147216797,13117383
2022-11-04,81.67650357701999,82.02923679747563,81.20619859666476,81.51973724365234,12081873
2022-11-07,82.50784622929162,83.86650966563518,81.84910469932349,83.6194839477539,13065969
2022-11-09,83.61948913295302,83.90768896282799,82.50785134555868,83.04308319091797,6004697
2022-11-10,82.6725358729679,82.6725358729679,81.51973034895005,82.05496215820312,10072926
2022-11-11,82.67253428337219,83.29010798626248,81.64324477855502,82.26081848144531,10433369
2022-11-14,82.54902259527921,82.83722241521473,81.76676504369925,82.42550659179688,3900469
2022-11-15,82.79605085564954,83.00190875804321,82.17847714846852,82.54901885986328,4061038
2022-11-16,82.54902027704881,83.04307799481859,81.7255886533376,82.09613037109375,4992320
2022-11-17,82.05495530818246,83.78416030871131,81.64323953270967,82.5901870727539,10292615
2022-11-18,82.75487244156021,83.37244611649723,81.93144087497753,82.38433074951172,7268505
2022-11-21,82.4255038741481,82.5901939674562,81.56090444284824,82.05496215820312,5618444
2022-11-22,82.46667837113463,82.50784618294935,81.89027246516595,82.09613037109375,7762721
2022-11-23,82.42550978467881,82.63136770436196,81.89027793704558,82.0137939453125,7302106
2022-11-24,82.30199236689828,85.43103520540795,82.09613445074066,85.06049346923828,18875982
2022-11-25,85.22518596342564,90.53631822794225,84.89581200759295,89.79523468017578,29877176
2022-11-28,90.37163221917186,93.70653323311245,90.12460018766309,90.7833480834961,29859790
2022-11-29,91.23623344552655,91.64794928908528,89.83639580805578,90.12459564208984,8830643
2022-11-30,90.45396866983134,91.4009163570142,90.1245947418175,90.86568450927734,11415274
2022-12-01,92.22435467835587,92.22435467835587,90.28929135004391,91.35974884033203,9937044
2022-12-02,91.81263289580474,91.81263289580474,90.74216919217724,91.40091705322266,6129727
2022-12-05,91.73028834338088,93.08895184125103,90.98919859160762,92.100830078125,11813355
2022-12-06,92.05966275375934,92.34786258034613,90.9891990752541,91.31857299804688,6283354
2022-12-07,91.23622988708634,93.45949284267655,91.11271388237911,93.08895111083984,16848824
2022-12-08,93.58301611208266,94.69464767617193,93.21246806919594,94.11824798583984,13925336
2022-12-09,94.65347040929566,95.27104417781813,90.28928621444139,91.93614959716797,10866022
2022-12-12,91.68910912701655,92.8007405514549,91.03036760400497,92.67723083496094,7912674
2022-12-13,92.80074789377119,93.0477799108734,91.52443255817012,92.18317413330078,9509178
2022-12-14,92.47137579311851,93.91238116480469,92.26551788287762,93.29480743408203,7451278
2022-12-15,93.45948904968071,95.18869419854826,92.92425723919477,94.035888671875,14198423
2022-12-16,93.83003580948602,94.1594097322788,91.11271508158703,91.31857299804688,9252067
2022-12-19,91.40091214695197,93.7065232545638,91.40091214695197,93.29480743408203,7003000
2022-12-20,93.29480437702813,93.29480437702813,91.40090915195661,92.4301986694336,5323451
2022-12-21,92.88308147995261,93.0065911867942,90.4127868265739,90.61864471435547,9464490
2022-12-22,91.89497286463674,93.41832019352044,90.70099945931075,92.63606262207031,17816529
2022-12-23,92.2243478358477,92.59488957763125,89.13647904670101,89.5481948852539,12678874
2022-12-26,89.5893661196848,94.3652659249395,88.93061828613281,93.87120819091797,11744504
2022-12-27,94.28292546165405,95.06518302898955,92.47137831504283,93.41831970214844,7594964
2022-12-28,93.41833282721562,94.52997075484404,92.88310719662228,93.33599090576172,5763285
2022-12-29,93.04779539310547,93.91240131453996,91.81264766664833,93.74771118164062,6321264
2022-12-30,93.95354947685554,97.57664997280924,93.54183365418547,95.9297866821289,16350601
2023-01-02,97.00026069567738,99.42938179599874,96.341512796123,99.14118194580078,19310744
2023-01-03,99.84108389877692,102.02317894766074,98.60593646910132,101.28208923339844,27524213
2023-01-04,101.15858391661969,101.98201562336024,98.77063071061501,100.62335205078125,14375149
2023-01-05,101.1997447523287,102.31137615428861,99.67639755095514,101.98200225830078,9774790
2023-01-06,102.39373714448833,103.83474271104768,100.95273157792899,101.85850524902344,15575269
2023-01-09,102.88778715644236,103.95825086639657,102.35256158375047,103.38185119628906,8916789
2023-01-10,103.46419604372521,103.58771205719057,100.54101094828178,101.4056167602539,8123881
2023-01-11,101.7761627228245,101.85850464110788,99.63524143602814,100.25281524658203,7187284
2023-01-12,100.4586698345253,100.58218584897567,98.27657452018713,99.34703826904297,6547602
2023-01-13,99.63523679266723,101.65264196687734,99.05883710926017,101.11741638183594,5902262
2023-01-16,101.28211474584938,102.43492056038947,100.66454087544786,101.65265655517578,6285534
2023-01-17,101.85849868104584,102.31138862853295,99.84109353086214,101.36444091796875,6968664
2023-01-18,101.69382141147379,102.39373714448833,101.24093143478372,101.85850524902344,7636685
2023-01-19,101.69381888145114,101.94085091391544,100.87038714961751,101.73499298095703,3815492
2023-01-20,102.06434258716746,103.34066405857358,101.5702848919499,102.18785858154297,9653692
2023-01-23,102.88778025861845,102.88778025861845,101.94083890439617,102.39372253417969,3611592
2023-01-24,102.72311561872371,102.8054575411192,100.7468780698021,101.19976806640625,3929827
2023-01-25,101.19974789724402,101.44677361519814,98.4824210237557,99.2235107421875,10632753
2023-01-27,99.22351134215657,99.59405306247064,92.26551658667859,94.81815338134766,17188911
2023-01-30,94.94167264170503,97.61782552911674,94.4887827170752,95.47689819335938,7768757
2023-01-31,95.64159871757009,100.54101510171671,93.8712192041918,100.25281524658203,13672983
2023-02-01,101.19974997686879,101.2820918845456,95.47689630020038,96.71204376220703,14504365
2023-02-02,96.67087610924692,99.01765503448033,95.7239284636868,96.95907592773438,7459937
2023-02-03,97.37080821790192,97.9883820543791,95.10637081748561,97.78252410888672,6938807
2023-02-06,98.27657715409491,100.0469566559034,97.98837730084367,99.71758270263672,8742504
2023-02-07,100.00578580314226,101.57030742024584,98.97649609219067,99.30587005615234,9355097
2023-02-08,99.84109268335058,100.04695060640903,98.60594514499985,99.51171875,7409779
2023-02-09,99.46942057469758,100.31560873286293,98.1155143569104,99.25787353515625,6545269
2023-02-10,99.00401306152344,100.01943625415214,98.58091898861095,99.00401306152344,3526586
2023-02-13,98.83477645861936,99.21555853588411,95.91542352794487,96.50775909423828,5926426
2023-02-14,96.71928912010469,96.71928912010469,93.46146021811002,96.08464813232422,11217322
2023-02-15,95.87310814637937,98.3693602984743,95.70386666372225,98.0308837890625,5573008
2023-02-16,98.58090909233854,99.0886206376851,97.81933854636743,98.5385971069336,4019208
2023-02-17,98.03089823886577,98.6232338316226,97.18471006855894,97.81935119628906,3000421
2023-02-20,98.11549412850015,98.15780611004631,95.83078915485125,96.08464813232422,7418836
2023-02-21,96.08465616365045,97.65010277317788,95.28077363839405,96.42312622070312,4220675
2023-02-22,95.6192523697423,96.00003442071207,94.34997025863953,94.81537628173828,5557791
2023-02-23,94.77305920180032,95.74617672585642,94.1384181803597,95.45001220703125,3623161
2023-02-24,95.95771628346725,96.29619275980558,95.11152832057229,95.6192398071289,3476646
2023-02-27,95.53464181000126,95.61925933238912,93.71533602709819,94.6884536743164,4467937
2023-02-28,94.94229919856518,97.31162838508483,94.73075218033674,96.71929931640625,9034566
2023-03-01,97.10007625083936,97.7770292558641,96.33850573416213,97.35393524169922,7363118
2023-03-02,97.52317974840332,98.24243835124567,97.18470321297666,97.94627380371094,3413410
2023-03-03,98.58090787146224,100.6117604835999,98.58090787146224,99.97711944580078,7553470
2023-03-06,100.48484112452942,103.44649959977872,100.06174705663668,102.76954650878906,9315446
2023-03-08,102.21951802859485,105.94274024767614,101.66949451026161,105.47734069824219,12807032
2023-03-09,105.73119057623015,108.69284864789937,105.51964357111092,106.66200256347656,13020658
2023-03-10,106.66202102280717,106.66202102280717,102.60031523922297,103.57343292236328,10105366
2023-03-13,104.25036255414402,104.46190956132037,100.69637541594228,101.24639892578125,7017652
2023-03-14,101.16177268462522,101.24639018901347,98.79244382634364,99.04630279541016,7954918
2023-03-15,99.51170846691646,101.20408448321062,98.49628543950082,98.79244995117188,6316701
2023-03-16,98.83476299007263,99.72325653458007,97.22700446623249,99.17323303222656,8218711
2023-03-17,99.85020536190115,100.65408155152116,97.86166442765415,100.14636993408203,17093755
2023-03-20,100.61175361298938,100.61175361298938,97.35393113260575,98.28473663330078,4336995
2023-03-21,98.96170660582793,100.56946546398221,98.32706546096993,100.40023040771484,6321736
2023-03-22,100.61177673691762,101.62719997907163,100.01944113240818,100.27330017089844,4909359
2023-03-23,99.85020275408141,100.61177338830169,99.04632658545648,99.34249114990234,4117362
2023-03-24,99.34247592220169,99.42709343394372,97.14238833739701,97.43855285644531,4063763
2023-03-27,97.43855275335173,98.07319377459905,96.29620020628703,97.35393524169922,4746510
2023-03-28,97.6924013288908,97.73471331095332,95.78847834231378,96.550048828125,3499631
2023-03-29,96.50775659802625,98.15782083136475,96.29620957037244,97.94627380371094,3240893
2023-03-31,98.15781170059044,99.1309292284578,97.35393565264482,97.6924057006836,7157701
2023-04-03,98.28473938435691,99.25785689428169,97.8616453762072,99.08861541748047,3774391
2023-04-05,99.13092919152048,99.93480523916656,98.15781166401571,99.59632873535156,4746533
2023-04-06,99.17324620978515,101.24641100091026,98.75015214497223,100.4848403930664,5950739
2023-04-10,100.780992771238,105.30809742660614,100.31559322971364,104.9696273803711,13996876
2023-04-11,105.18118232298379,106.28122296804878,103.74265869434107,105.2234878540039,6856892
2023-04-12,104.96964018241736,105.47735176959252,104.08114006293353,104.33499908447266,3505826
2023-04-13,104.4196093949242,104.4196093949242,101.54256865842171,102.68492126464844,5447261
2023-04-17,102.60030931017673,104.588850096348,101.96566822166017,103.99652099609375,6166859
2023-04-18,104.41961597240129,105.26580409785689,103.06571626285294,104.29268646240234,8159668
2023-04-19,104.29269256458514,105.22349826586728,103.70036342447017,103.95421600341797,2394983
2023-04-20,103.9542076444262,104.54654319281472,103.44649607145242,103.82727813720703,2099290
2023-04-21,103.8272761891399,104.29268222157701,102.85416504915776,103.15032958984375,3961253
2023-04-24,103.27725006847687,105.05424361319027,102.43106205138457,104.88500213623047,4726202
2023-04-25,105.26580284981004,107.8466727283086,104.92732631246022,105.81582641601562,9397015
2023-04-26,105.77350763749259,106.61969569859254,105.22348410659711,106.0273666381836,4179866
2023-04-27,105.94274129312875,106.45045928792497,105.30810025553596,105.85812377929688,3724514
2023-04-28,106.15429561318734,112.03530038402715,105.90044305421682,111.8237533569336,24029372
2023-05-02,113.30456697580415,117.11241294019823,112.58531492961217,115.46234893798828,20740058
2023-05-03,115.25083097455826,117.2816904142756,114.87004886455104,115.2085189819336,10032855
2023-05-04,115.67391985617382,119.1432965058855,115.29313776335346,115.84315490722656,12035888
2023-05-05,115.97007690292685,116.52009398051318,111.78144856309306,111.95068359375,12581014
2023-05-08,112.458393473408,114.4469406757496,112.11992339768445,113.05073547363281,8158248
2023-05-09,113.13533958399393,114.61616866994099,111.2737284583072,111.65451049804688,6029220
2023-05-10,111.78144476562765,112.07760283126484,110.59677376766464,111.23141479492188,5728123
2023-05-11,111.99299369929625,113.05072876290197,111.14680564841167,111.35835266113281,7647215
2023-05-12,111.18912396218498,112.8392012763908,110.30063668445226,112.41610717773438,6697676
2023-05-15,112.92379347293723,115.75852862480987,111.442964375172,115.37774658203125,8845743
2023-05-16,115.88546056188122,116.39317859908662,111.908378976459,112.2468490600586,18848790
2023-05-17,112.8814782210829,113.60074321247593,111.14680308620206,112.62763214111328,9026909
2023-05-18,112.62763437190594,113.68536943207859,109.20057019458555,109.58135223388672,11351018
2023-05-19,110.21598709609616,110.46984607867834,107.8043525851739,109.835205078125,7924933
2023-05-22,109.83520954122041,110.34291461521089,108.98902150609823,109.15825653076172,7575592
2023-05-23,109.58137070812941,111.27374708972214,108.60825945343643,110.42755889892578,9958429
2023-05-24,110.42754403309047,111.23142012376722,109.83521496163421,110.7660140991211,4991702
2023-05-25,110.68138832821953,112.83917021984585,110.42752935653343,112.54299926757812,7354404
2023-05-26,112.54301555070165,113.26228058924414,111.73913945055776,112.92379760742188,6649980
2023-05-29,113.81229940899011,116.60472272034507,113.38920535914257,114.95465850830078,11395309
2023-05-30,115.0816033697841,119.31254467014381,114.40465017936492,118.76252746582031,15899557
2023-05-31,118.84708883433093,120.70869964546786,118.25475988239684,119.77790069580078,13591196
2023-06-01,120.28561823221023,120.53947721287622,118.80478924209675,118.97403717041016,6036123
2023-06-02,119.94717450860881,122.86652114709187,119.69331547226095,122.0626449584961,11032233
2023-06-05,122.69728169794132,124.55889304479017,122.4011106808444,122.90882873535156,10772251
2023-06-06,123.12035496966722,123.88191901094345,120.92026098761812,123.67037200927734,5730697
2023-06-07,124.05116971068931,124.68581072985353,123.6703747697471,124.00885772705078,3927043
2023-06-08,124.05119017502446,124.81275435893254,122.69728394606928,123.37423706054688,6645263
2023-06-09,123.45883603648488,126.46280631085615,122.86650696126651,126.12433624267578,8270232
2023-06-12,126.5897531933681,131.24378804736241,125.91280008678943,130.82069396972656,14649620
2023-06-13,131.28608622193198,132.1745863612123,128.45136366836945,131.0745391845703,12418368
2023-06-14,131.49762978249177,131.96303583474338,129.42447145352304,130.05911254882812,7737722
2023-06-15,130.8629824507394,131.28607649411302,127.77440109883416,128.23980712890625,7666988
2023-06-16,128.40904609673993,130.01679834607887,127.39362294390448,129.12831115722656,7403920
2023-06-19,129.46680050629226,130.82070685278055,128.66292426198078,130.18606567382812,7123074
2023-06-20,130.2706650555333,136.2362941844822,129.7206479145422,135.2208709716797,15061901
2023-06-21,136.32093154314074,142.87889044713043,135.89783742030272,138.64794921875,24747224
2023-06-22,138.69020073634772,138.69020073634772,132.4284150306121,134.58619689941406,14009571
2023-06-23,135.39009289863782,136.1516570064705,131.53993454947172,132.00534057617188,8520782
2023-06-26,132.85151416015626,134.88236016730963,131.32837319888918,132.2168731689453,10223521
2023-06-27,132.85150023276762,136.74396973551882,132.51303023765996,136.2362518310547,13863522
2023-06-28,137.59016241763777,142.15957206943403,136.40549156997727,141.10183715820312,22329032
2023-06-30,143.00579852540687,143.4288926038844,138.77485774063155,139.3248748779297,15082058
2023-07-03,140.6364447309909,142.1595857319079,138.4786627223421,140.6787567138672,9381695
2023-07-04,142.07498638803366,142.07498638803366,138.77485774063155,139.3248748779297,10877690
2023-07-05,139.70561624760532,141.3133679639112,139.11327443568052,140.89027404785156,5621375
2023-07-06,140.8056767608575,142.15958271332508,139.87487771636458,140.17103576660156,7090232
2023-07-07,140.8057082264609,141.14419124612004,139.02872079252654,140.3826141357422,6167119
2023-07-10,140.46719579650974,142.75190061565863,139.832554851646,141.228759765625,10949947
2023-07-11,142.11729855210356,144.82509807531108,140.890328305379,143.34426879882812,17100113
2023-07-12,144.2327531937678,144.2327531937678,142.1595950154863,143.0057830810547,6928972
2023-07-13,143.51347322894387,143.51347322894387,138.56326884148868,139.87486267089844,10748152
2023-07-14,140.61358453526037,141.04811352748257,138.61474851888372,139.30999755859375,10445961
2023-07-17,139.65760361296077,140.70047045376316,138.91891234524593,140.09213256835938,5152924
2023-07-18,140.13559604201706,141.13500739165127,138.31056902181217,139.1361846923828,8351483
2023-07-19,139.13618754321072,141.91717041987877,139.04927644112607,141.09156799316406,5377036
2023-07-20,141.52611384708058,141.78682066285708,140.39633568921133,140.5701446533203,2955365
2023-07-21,140.04867705193124,141.4826305615296,139.39688361868778,140.6570281982422,6078651
2023-07-24,141.7433893199981,152.6500584746944,141.09159570864452,150.30360412597656,37880425
2023-07-25,151.43336460432357,151.43336460432357,148.6089259531669,149.60833740234375,12870386
2023-07-26,150.30360253673,152.5631590031741,148.86966191122406,150.82504272460938,11027961
2023-07-27,150.99884525341793,164.20852575436783,150.6077717595927,163.55673217773438,59887084
2023-07-28,164.94719385668188,171.16095260459872,163.38288696760375,168.8144989013672,35054688
2023-07-31,169.20562113083528,177.1575112527568,167.77168047088273,176.37535095214844,28733969
2023-08-01,176.41878921508788,177.76583188341698,172.073498840332,173.81161499023438,16275497
2023-08-02,172.9425539636822,176.07116828442008,166.381162957629,170.59609985351562,20258835
2023-08-03,169.46633045589255,174.5937679705047,168.2930967099651,173.42054748535156,17437906
2023-08-04,174.07232129486,175.94079070388995,171.55204512040407,173.2901611328125,8719652
2023-08-07,173.29016073189362,185.10935489323563,172.37766043610858,184.28375244140625,43892393
2023-08-08,185.23970793382253,191.80109850503825,180.7640645251296,188.58558654785156,52495107
2023-08-09,189.7588087603246,190.71476454923177,185.196254521057,189.32427978515625,21739954
2023-08-10,188.97665213036274,189.62844560512423,184.84862679020657,188.2379608154297,16597765
2023-08-11,197.276172037232,200.44822852999718,192.9308819042533,194.92971801757812,58045332
2023-08-14,195.41419525366643,196.95566395903285,191.45041858272424,195.67843627929688,19733602
2023-08-16,193.740582341334,198.7613631706974,192.5514574673094,196.55926513671875,15393266
2023-08-17,196.86755676483565,208.01016701759164,195.81055243675647,207.08529663085938,32482447
2023-08-18,207.61380294307136,210.34440992071566,204.57491030055752,206.6889190673828,23001607
2023-08-21,207.6578116347471,211.88584187681766,203.8702009295477,210.4324493408203,18895677
2023-08-22,211.26928736362393,214.22009061744828,208.89101077268487,209.94802856445312,17249691
2023-08-23,210.74079099832525,212.1941703876148,209.37548746989364,211.44546508789062,12598059
2023-08-24,213.2511749827634,216.59835317913343,211.88587153922322,214.48434448242188,15816126
2023-08-25,213.91178687966837,216.11388469213958,207.43761393478766,210.78480529785156,21513620
2023-08-28,211.79779234002962,215.14498413650497,210.65269864116433,214.26414489746094,16039839
2023-08-29,214.92476364957503,217.56728123543044,212.76671030923433,215.23306274414062,18658395
2023-08-30,216.33414219382465,219.5492003330164,215.36521356638917,215.8937225341797,13806303
2023-08-31,218.44811672714982,219.37300055462666,206.86508688174447,210.21226501464844,158351032
2023-09-01,209.59565701393583,212.1060537755295,203.0774531789926,210.34437561035156,14221473
2023-09-04,211.57754205002198,215.62940715061418,208.7588597124758,214.57240295410156,10478574
2023-09-05,214.88070691986837,215.32112649274802,209.6397166907084,211.6656494140625,15883425
2023-09-06,211.66566876011646,212.1060883732501,205.8080798411156,206.6889190673828,16847543
2023-09-07,208.71483231283838,217.12684881930033,207.4816628884574,216.29005432128906,21384056
2023-09-08,217.03873650652145,240.29288204631402,215.27705840682393,237.9586639404297,63796670
2023-09-11,240.3810012377879,250.7749194479489,236.98976509768843,238.22296142578125,30479843
2023-09-12,239.7644445589033,239.9846543621789,216.8626115777013,218.7564239501953,49300899
2023-09-13,218.44812617195805,222.89636691316437,211.31332312641607,215.277099609375,31677735
2023-09-14,216.1138866866068,221.09062241250555,211.92990080429843,217.12684631347656,19465778
2023-09-15,218.44812092587517,224.8342051061679,214.0439249394664,215.71751403808594,21570264
2023-09-18,217.56729321020129,222.63211886185576,211.04908818254899,220.60618591308594,22803288
2023-09-20,220.5181089571712,226.11144350350534,218.31601085869949,223.99742126464844,18170640
2023-09-21,224.6139873918001,232.5415398879813,221.53105030995187,228.22543334960938,28152219
2023-09-22,230.73582935522177,239.5882521853752,228.44564215664596,238.61932373046875,28891418
2023-09-25,239.41207278617694,240.8214208175131,234.03897541839203,238.22296142578125,15387154
2023-09-26,236.94577130014022,240.24891866956597,234.12707479246407,235.44833374023438,13775707
2023-09-27,236.68152992033706,251.876007797696,235.36027097447973,250.46665954589844,44789295
2023-09-28,250.33448420430608,251.9199838396778,246.282618948152,247.780029296875,17643718
2023-09-29,249.49767556978622,257.160986507414,249.10128722156972,253.1531524658203,23448560
2023-10-03,253.637660189739,259.2309676445106,251.30341478833498,257.02886962890625,20802588
2023-10-04,256.8526929978909,258.4822507475634,246.76707431244176,249.4095916748047,17320364
2023-10-05,252.05214095858227,252.8008596822894,244.60906557393645,246.0183868408203,11888870
2023-10-06,247.25153646030952,252.62463325547827,245.04943879636332,251.47955322265625,11040241
2023-10-09,248.61689329197714,251.43558981423936,245.3137459054584,246.98733520507812,10063388
2023-10-10,248.70489095312834,256.89668270066505,246.37067303634186,256.2360534667969,16215694
2023-10-11,258.0858917009039,259.18694072693165,254.21020450550216,256.85272216796875,12689010
2023-10-12,257.9977573629789,261.16878338057694,254.60652157861813,255.26715087890625,9982500
2023-10-13,255.4433941332987,261.56523795202946,254.69467536048472,258.3061218261719,9635780
2023-10-16,259.7154602391543,263.5471163823835,257.733571911389,259.0107727050781,9744816
2023-10-17,261.16878747054733,262.40195680751526,257.20501160674473,259.0547790527344,8283781
2023-10-18,258.96674207007595,260.2439697476839,253.0210770735691,254.5625457763672,6449758
2023-10-19,253.4174790348416,260.640345213859,250.46666198415147,259.84759521484375,11059767
2023-10-20,259.6713922790126,260.3320216964942,250.86300004592422,253.54957580566406,9900926
2023-10-23,253.5495575721325,256.45631604758574,242.62715736478245,245.1375274658203,16531193
2023-10-25,245.31372744485117,249.89410222856952,237.38617431377878,240.7333526611328,14751988
2023-10-26,237.82657425917216,239.94058287637142,228.5337318322172,234.0830078125,22159911
2023-10-27,235.18404145741363,244.52094136339886,235.0959521705402,240.5131072998047,9403379
2023-10-30,242.93542926578294,246.23857611157084,236.06489457897524,245.22561645507812,7839191
2023-10-31,245.93030219635708,254.43039464404515,244.34477559278545,253.329345703125,14086055
2023-11-01,254.51851051112916,257.1169701543728,240.60123431607698,249.1453857421875,19583321
2023-11-02,252.888924952001,270.76994891704976,252.888924952001,266.3657531738281,58777830
2023-11-03,267.7750648140718,269.8890731074418,263.9874677418286,267.6429443359375,14619611
2023-11-06,270.417632939561,270.68187394570225,264.6921781704823,267.9512939453125,9262299
2023-11-07,267.7751096485804,275.13012214836726,266.10152058949245,271.6948547363281,15973268
2023-11-08,274.3813776767565,274.7777660213362,271.210351563346,273.2362976074219,8658346
2023-11-09,273.9410278512247,283.3219612101064,273.76484923522173,280.1069030761719,20491696
2023-11-10,280.01881103839827,287.94636482176264,279.35818155645126,286.8893737792969,11467991
2023-11-13,292.32076741045137,307.32413901629087,288.67011844849907,296.9508972167969,23410469
2023-11-15,300.0228421490325,304.8310376015236,291.9201278120679,297.2625732421875,13163544
2023-11-16,297.2626060440079,299.48862521885735,292.721521492698,294.14617919921875,7127417
2023-11-17,294.76941948844757,303.67349531861464,294.36875237993985,302.56048583984375,10484434
2023-11-20,303.1392233036109,309.86178859498915,301.89263115126016,308.748779296875,10306588
2023-11-21,311.5091071288868,312.5330704435866,295.8379277916856,301.9372253417969,18413395
2023-11-22,303.3618494099763,304.4303221177184,298.55362711935436,300.3344421386719,6725503
2023-11-23,301.80363609817,305.14266425751066,298.9988307058593,303.8515625,7836758
2023-11-24,304.7419800719635,304.78648957965885,300.3344518868617,300.9132385253906,7468477
2023-11-28,301.84819068243985,304.8755712310686,295.4817814758195,301.8927001953125,9994686
2023-11-29,304.07423541183647,308.65982972061863,302.0708180482153,305.32080078125,8756635
2023-11-30,305.3652942897435,313.4234721213576,301.4920158331725,310.4851379394531,27118028
2023-12-01,316.0056311702231,340.75897713768035,312.62209338040145,333.0124206542969,39839613
2023-12-04,343.2521297715816,351.5329095816627,334.9268132776542,347.08087158203125,26066333
2023-12-05,352.3342873936662,352.3342873936662,343.9644344716528,349.1288146972656,17979133
2023-12-06,349.529468630855,363.28627598022103,349.12880154207875,356.697265625,19441163
2023-12-07,357.40961945052646,359.0568790107974,349.9302007470387,351.3548583984375,10437035
2023-12-08,352.6013849688683,364.3547753370632,351.8000236194644,361.0157470703125,15781777
2023-12-11,362.5739676534731,366.84791305281675,359.769162113754,363.5979309082031,9038725
2023-12-12,367.2040815283671,367.2040815283671,359.1904132871769,363.4643859863281,12696174
2023-12-13,365.0671386737176,397.8341295195879,364.7109810462139,396.0533142089844,43470874
2023-12-14,398.01216133409787,404.9128196122618,386.48137308393353,393.649169921875,23742544
2023-12-15,394.45049852443606,396.00871155472447,377.2211090120599,384.5224609375,20631949
2023-12-18,384.52252662490463,393.2040007052689,377.13212725777015,387.4163513183594,13171236
2023-12-19,389.10810537488794,391.06701288445214,378.69032600934787,387.4608459472656,10186585
2023-12-20,388.9745341759188,391.02246062179444,357.05341885146464,360.1253356933594,16918062
2023-12-21,354.3822324325885,369.87531957165777,346.5466562530614,367.0260314941406,20536948
2023-12-22,371.2999361502624,373.08075119175044,355.04999889668375,362.0397033691406,13716584
2023-12-26,363.5088687068238,376.3752681928685,360.83764615662056,373.08074951171875,13481039
2023-12-27,375.26230343891336,375.26230343891336,363.3753562417975,365.5123291015625,9149448
2023-12-28,368.45063935416835,371.2109082389843,362.4403882932501,365.2897033691406,8028672
2023-12-29,368.6286689006553,369.91977051845157,361.68350195001904,367.6047058105469,6932668
2024-01-01,368.3616335840515,385.2348412358355,365.69041079424136,378.2896728515625,12660166
2024-01-02,379.31365888808983,379.8924184259547,366.8479517884813,373.7041015625,11435302
2024-01-03,374.8615821903862,384.5225096363226,369.8307849186471,377.1321105957031,10747906
2024-01-04,379.31359858557533,389.7313773032847,378.64579295426273,388.0395812988281,11523818
2024-01-05,391.7793442016108,391.9128999070628,381.67321250179344,386.7040100097656,7441404
2024-01-08,387.77251971977853,396.0532997423794,385.0567873395396,387.2828063964844,9463209
2024-01-09,389.5532884399439,394.4950392869211,378.86839824273403,381.8067321777344,11682652
2024-01-10,380.29305533158305,381.0053704748011,366.5807850265287,374.6834716796875,11436427
2024-01-11,375.7520138246291,384.29993236994835,373.34790239301043,376.5533752441406,7460083
2024-01-12,376.8205085418363,382.7417136684739,372.50202623171833,381.58416748046875,6411181
2024-01-15,382.8752347286163,395.9642361804317,382.65263284796015,392.1354675292969,11016779
2024-01-16,394.40604790382355,398.72450292259344,383.63211076558684,389.9540100097656,13609749
2024-01-17,385.1012916651011,390.8889411352124,377.84447507180903,379.6697998046875,7584545
2024-01-18,377.53287634403574,382.4301188437815,366.49182596104464,377.79998779296875,8956008
2024-01-19,386.43688412828493,404.11147977015133,382.2074481844846,402.1080627441406,22121350
2024-01-23,429.1764312621298,429.1764312621298,370.5876264113455,387.10467529296875,39365502
2024-01-24,391.73481608875056,421.3853769067775,387.7724915856346,416.2655334472656,35198592
2024-01-25,422.05319671878425,422.8545581133805,411.8580189667871,418.6251220703125,12311262
2024-01-29,424.9025347345657,450.19010616033313,420.7176079764654,444.93670654296875,27272127
2024-01-30,448.76534924750183,455.7105164023389,434.91952444054544,438.1249694824219,17607741
2024-01-31,438.1250869301122,446.0942465145262,430.9573159940732,444.3579406738281,11483576
2024-02-01,448.27568351555396,450.3681194803738,434.0291629825494,440.08392333984375,13618703
2024-02-02,445.2037808387071,457.4913943206225,439.8613354686426,442.4435119628906,14700875
2024-02-05,444.7585580013776,454.8646888280171,440.5736317715716,445.1147155761719,10632549
2024-02-06,447.11813253080334,449.6112899006745,436.8784460096397,447.8304748535156,9819635
2024-02-07,444.49142479359347,455.6660277960577,443.601017313777,453.2174072265625,8628913
2024-02-08,456.37838833013325,466.57356585790245,450.1010258419269,453.97430419921875,13436922
2024-02-09,447.87502539177666,450.4126925010784,412.5258325979835,429.5326232910156,24572692
2024-02-12,429.53259285715285,435.1866861838768,399.8820325756477,403.8443298339844,23580970
2024-02-13,400.2826806838415,416.9333118000817,397.12174492864165,413.5497741699219,14626501
2024-02-14,406.9162218351621,431.5805201110331,403.48814757326954,428.82025146484375,9168453
2024-02-15,432.69354398394535,435.76543361536943,426.8168489340249,430.37847900390625,7358984
2024-02-16,433.53941574488607,433.58395242470306,416.75522857021315,421.74151611328125,8695716
2024-02-19,422.94358075041686,427.97437790788445,415.37511667383046,416.7997741699219,6309404
2024-02-20,416.79980501277913,422.4093620507075,412.2587207961743,415.9984436035156,8232269
2024-02-21,416.48812938471724,421.78606514938355,401.3512011120498,404.2450256347656,6738300
2024-02-22,405.13537162946216,412.83739029285726,392.9813159151938,410.967529296875,9483457
2024-02-23,411.4573243777997,417.2894828205729,408.74156511187186,413.1045837402344,7543070
2024-02-26,412.2587301526158,415.99845304483216,408.29640535426944,409.1423034667969,5906306
2024-02-27,408.2518876209496,409.63200854192877,388.9745683729196,394.628662109375,11612298
2024-02-28,397.16624867225033,397.38885054398077,378.06702438162506,379.84783935546875,10456948
2024-02-29,382.1629888105581,396.231419347365,378.2897099508599,393.6047058105469,17584650
2024-03-01,397.4334381639213,411.81351548628516,395.65262296181845,409.2758483886719,9312316
2024-03-04,413.8614427559292,417.6011655555105,403.3546439160901,413.9950256347656,8549034
2024-03-05,413.14912754319164,418.49157315797424,407.6285895386828,413.9950256347656,10459135
2024-03-06,419.3820022845292,428.28607876615405,412.2587410992294,418.13543701171875,20162210
2024-03-07,420.0942767163207,426.5052220294196,418.66964635614966,421.07373046875,7147710
2024-03-11,422.4538831726915,433.9846449199112,418.7141605031117,431.0908203125,15406212
2024-03-12,431.8031868812432,438.169595939844,422.8100644701932,430.5120849609375,19398756
2024-03-13,430.0667724609375,432.4708833004469,393.11486551036006,399.34771728515625,22269570
2024-03-14,398.902567091678,416.44360602275424,394.94024277700373,413.41619873046875,14650115
2024-03-15,413.9949618771453,415.37508257918415,383.18685814190826,397.7450256347656,32430198
2024-03-18,392.66974363135745,404.8683383730387,386.12524246955155,388.4403076171875,9735909
2024-03-19,386.5259633295335,390.488261037736,373.57051581773277,382.0293884277344,20288936
2024-03-20,384.7005413366046,386.7484948469643,369.11841041749307,376.6423645019531,14832362
2024-03-21,382.87525268080236,402.8649133702307,382.87525268080236,400.906005859375,18429233
2024-03-22,398.8580675197,413.8169032889937,395.3409468753377,409.676513671875,12531582
2024-03-26,405.31350469874843,412.21416282084584,403.7998010801529,410.8340148925781,10475524
2024-03-27,412.25867982301173,415.41961563492777,392.4916221026544,396.7655944824219,28138339
2024-03-28,401.1731063944273,409.8082280759359,400.27361512448465,405.6705627441406,12637899
2024-04-01,407.46953324504403,421.27672932077934,407.46953324504403,414.26068115234375,11296547
2024-04-02,415.4750539363126,419.0730193784115,406.9748770495326,417.18408203125,9639474
2024-04-03,412.91144008070705,427.4382454733185,412.91144008070705,426.40380859375,14035202
2024-04-04,430.2266771220508,433.91459693621385,422.4460828795493,426.2689208984375,8469182
2024-04-05,425.36946207462796,428.9674275435617,418.4883586053519,424.20013427734375,7448407
2024-04-08,424.9646829299489,426.49380169591177,407.10977482965757,407.9193115234375,15289897
2024-04-09,411.9669994852365,412.32679050127814,395.50632031125,396.585693359375,14262840
2024-04-10,398.83447464272183,407.8293884932582,398.2947743216299,403.3769226074219,9265502
2024-04-12,399.41907900689284,403.69166244893387,394.2020407314659,395.1015319824219,10809891
2024-04-15,387.6807687840811,392.5830075829315,379.85518312084963,385.97174072265625,9341527
2024-04-16,382.2837713940232,389.3447830145363,377.92123345393856,386.1965637207031,12115039
2024-04-18,387.6807350105222,396.0459927904921,383.22824227100267,385.5669250488281,9425546
2024-04-19,378.68582104936604,385.47696909281746,373.1089642485686,382.9584045410156,7628906
2024-04-22,384.4425856145688,392.5380075142919,384.4425856145688,390.8289794921875,6226067
2024-04-23,393.5274678168391,396.54076934618183,388.76017461540556,391.9983215332031,6371166
2024-04-24,394.3819611783158,400.6334090800795,391.2787052941407,395.59625244140625,7201124
2024-04-25,394.8316851457111,408.18910790892767,393.9321939185427,405.8954162597656,11531272
2024-04-26,408.908700996482,415.3400575232975,406.83985478661265,411.0674743652344,10542423
2024-04-29,414.66546452895096,418.4433387433889,409.40343524823186,416.4644470214844,8445427
2024-04-30,417.36395830353433,460.2247127556377,416.6443762520948,456.177001953125,72903180
2024-05-02,461.4390539914831,501.78121833050085,459.32524386812935,498.228271484375,83160192
2024-05-03,501.916115284011,510.14648214540904,497.7334590297421,501.7362060546875,45105471
2024-05-06,477.6298504106936,485.9051808329552,433.37487023998057,464.6771545410156,73134272
2024-05-07,469.4895093910139,474.6166209381258,450.60019151261787,456.0870666503906,34608626
2024-05-08,457.8410277634524,488.7835474743016,454.2430629087298,480.32830810546875,48742004
2024-05-09,482.57707288251993,483.6564734012384,458.7405539050982,459.9098815917969,19107231
2024-05-10,465.08193519752655,467.06082690792334,447.3169831870663,462.20355224609375,19170559
2024-05-13,462.3385307743684,468.63496990942787,449.7456525042494,466.0714416503906,13436096
2024-05-14,466.83590866507495,474.4366198922434,461.97863447595654,469.579345703125,11963864
2024-05-15,471.15359677244146,481.8575666751316,469.5345231898378,475.5611267089844,14366755
2024-05-16,481.2278768698292,489.14338984569974,477.62991143528836,486.7147521972656,15105099
2024-05-17,488.5137197410516,492.606449216196,485.09566366452356,489.2783203125,7680252
2024-05-21,490.17782393412347,498.22828252583685,485.5004579171004,491.976806640625,7571632
2024-05-22,492.9212374450789,493.28105592899846,478.61930366846093,482.3072509765625,7138229
2024-05-23,483.02678328639604,492.24656825601534,481.85745568500073,483.3415832519531,7812219
2024-05-24,484.8257959880166,506.86333216929006,483.0268134426065,498.3631286621094,20225424
2024-05-27,501.01667166332714,531.9591954282657,499.75736183894475,520.8054809570312,28217127
2024-05-28,522.604408669601,525.2129552169994,502.320892256432,521.8848266601562,17209174
2024-05-29,515.6334043398008,524.1785719651442,510.01158353365383,511.585693359375,15012657
2024-05-30,511.58560365914536,514.6438956016931,490.2226883415107,492.6962890625,11582851
2024-05-31,499.3076616310134,501.8262815090777,472.77266493502714,483.7015075683594,25890354
2024-06-03,519.9059147862386,546.7107416272804,511.405711946727,543.742431640625,42463764
2024-06-04,534.2978225350915,534.2978225350915,401.17311254318315,406.7499694824219,103902126
2024-06-05,424.55992629556584,424.55992629556584,367.26231509293063,413.3162841796875,80984751
2024-06-06,421.86145524075107,462.6084035834591,419.3428903686868,440.8407287597656,54149649
2024-06-07,440.84067354246616,451.27477768465315,429.95682376872196,446.86724853515625,32416015
2024-06-10,453.34362827966953,469.39952648767036,446.4175340897225,459.8199768066406,31958560
2024-06-11,461.0342956752766,465.62173465200686,453.47857357601754,459.2803039550781,21774755
2024-06-12,460.5395803140264,467.7355112564331,455.4124685374424,464.5423278808594,17569720
2024-06-13,468.5451354200908,472.817719964023,463.4180229872515,469.0848083496094,15418171
2024-06-14,470.4339614879812,482.93691282619744,467.2857418604326,479.11407470703125,15848193
2024-06-18,479.4738585862694,482.7120604234264,469.57945362382634,474.886474609375,12102131
2024-06-19,476.5055343003152,476.68544354727703,461.21418161866285,463.7777099609375,9448370
2024-06-20,464.1374742479709,464.1374742479709,449.0709961594951,455.772216796875,16910479
2024-06-21,458.29081631921065,469.80429395319607,454.37802368295206,459.1903076171875,15471249
2024-06-24,456.6718368652533,471.33353705694213,449.7457414665478,469.0848083496094,12996888
2024-06-25,471.06356677102633,471.96305799842924,460.53950843029463,469.129638671875,15576222
2024-06-26,467.73549379172044,468.6349851259353,461.43905445221657,463.7777099609375,8590831
2024-06-27,463.2380245029097,479.42886807776864,461.8887875383381,472.0979919433594,19899609
2024-06-28,474.95867975874967,481.6789585845348,473.1423941764982,477.13824462890625,10184740
2024-07-01,482.2238785836608,502.2030223291232,477.91019982043593,500.06890869140625,22872490
2024-07-02,503.9738419065108,503.9738419065108,481.7697400674398,489.67059326171875,17455154
2024-07-03,499.52393242152874,512.3741751195315,498.842825326482,510.648681640625,25695583
2024-07-04,514.6445111466933,527.6309414777155,512.1925146186429,522.7723999023438,24852433
2024-07-05,523.998487501647,533.1253131566307,519.8210520604412,527.131591796875,14361260
2024-07-08,529.4017915624714,559.0072210481799,528.5390449223188,551.7874755859375,29744866
2024-07-09,554.4212188699016,562.3220728781004,545.5214298820426,555.738037109375,15885713
2024-07-10,558.7802468870235,578.6685961340565,547.0652381681803,571.9937133789062,31225972
2024-07-11,574.8090243188648,588.4765630382693,569.8596347322747,586.4786376953125,14945910
2024-07-12,588.0224814510001,593.9254098362226,571.8121541338068,578.8048095703125,12973355
2024-07-15,581.2113535502958,585.4796355136576,573.1743124734368,575.5354614257812,6897803
2024-07-16,575.762493309304,578.3961294091438,559.9153915165624,560.9597778320312,8288646
2024-07-18,560.9598269007219,563.8204435056357,543.0694023917217,554.0125122070312,17723265
2024-07-19,554.6482197247176,564.4107549061187,541.6163926075118,543.4326782226562,13057169
2024-07-22,540.344953192406,563.593386149902,537.0756613613519,561.958740234375,13035918
2024-07-23,565.2281215782177,566.771920051809,514.5083110847427,540.572021484375,21847141
2024-07-24,543.0694365149051,559.4160081825778,541.4347904338663,549.0177612304688,14297279
2024-07-25,542.1611872221295,554.3303214685844,537.6658698101896,552.1507568359375,7184870
2024-07-26,557.6903667665101,571.2671101672047,551.6966475815199,568.406494140625,11447407
2024-07-29,563.0485631929778,587.1143485552582,559.0527125085391,585.3888549804688,23006702
2024-07-30,583.9358537817418,590.8377172848442,575.1722530892998,583.2093505859375,12687462
2024-07-31,582.982266586044,588.7035549935048,581.7108445272145,585.0709838867188,6874000
2024-08-01,581.211438487898,587.5230425384559,566.6357564677971,567.7709350585938,10556749
2024-08-02,556.5099042181901,567.135186206424,551.8783980475273,554.920654296875,12658405
2024-08-05,534.0787414824089,542.3428739561356,520.047980012612,525.9054565429688,19358145
2024-08-06,535.8042958948043,553.4676858875733,511.7839057812494,513.5093994140625,13961254
2024-08-07,530.0829874821947,538.8465326423926,521.6372701449535,536.2129516601562,13508638
2024-08-08,532.1716772394349,539.6184592353387,528.4483139558016,529.9467163085938,7233983
2024-08-09,539.1286255721558,542.2349644386253,534.5605129821084,536.205078125,6604483
2024-08-12,532.9615971732485,534.788841947324,524.5563158229692,528.8046264648438,7486860
2024-08-13,526.2465695818466,532.3678515959208,518.3894382440216,519.8055419921875,7635406
2024-08-14,521.9067484720368,523.4142475999893,511.6741673712599,515.0089111328125,4468230
2024-08-16,522.7747398718128,531.2257469334215,515.2830251618777,529.5812377929688,6950751
2024-08-19,534.8346080031199,540.2249470352177,529.9010244358949,533.82958984375,6715017
2024-08-20,536.2507906556739,549.5439881950545,531.2715363847451,548.0822143554688,10518490
2024-08-21,550.7773130469881,552.6959537939535,541.1842766014405,542.87451171875,6820599
2024-08-22,543.788099951982,546.3005617197881,540.2706200191994,543.9251098632812,3337019
2024-08-23,542.7830501921915,545.4782474479351,535.1543253919665,536.0222778320312,4656124
2024-08-26,546.3918612634646,547.1684737557673,536.3876849023263,538.900146484375,7437582
2024-08-27,539.0373459834842,566.7201002262873,535.8853367907914,564.02490234375,16554285
2024-08-28,565.9891683933895,572.1561205913804,562.1519425397984,565.1212158203125,9811133
2024-08-29,574.6685899685004,581.063947885479,565.6237043235354,572.1561279296875,15661951
2024-08-30,573.9377122362531,577.4094668654195,564.6187508272615,566.2175903320312,8931237
2024-09-02,566.35456372023,568.7299597206555,558.4973774051925,563.8421020507812,4617697
2024-09-03,565.0754894982491,576.4501002373718,560.3246415705449,575.0339965820312,7628972
2024-09-04,564.6187238049118,571.9277040483411,563.842166959285,570.6943359375,4002544
2024-09-05,571.1967821546265,580.5157425462409,571.105386449331,576.1303100585938,7738087
2024-09-06,571.6079834366612,576.4045019309311,551.8280324836239,554.9800415039062,8074544
2024-09-09,552.2848030991647,553.6552368537532,530.4035329982833,539.0829467773438,11883819
2024-09-10,542.6916950101448,545.0214209320663,524.6933229287403,527.2971801757812,8925317
2024-09-11,528.0737951101594,530.9517282364978,511.35451482589883,514.1410522460938,7761933
2024-09-12,517.1103153998159,525.4242575294534,505.87277022837435,523.3229370117188,10234653
2024-09-13,524.4193238784212,527.1601914248241,515.4658343794571,518.6635131835938,6979913
2024-09-16,518.6636082927312,520.9933349817651,509.0705701212125,512.2682495117188,4136798
2024-09-17,512.2681511300931,514.3694717448158,495.6858803130117,497.7872009277344,11277058
2024-09-18,507.06053932031165,514.5979257156135,496.1884081539704,498.88360595703125,15318568
2024-09-19,504.31956933170716,507.06043655633596,465.81039040198056,483.94580078125,25364529
2024-09-20,484.2199007499089,497.92423756358556,481.70743900073484,493.3104553222656,15317549
2024-09-23,495.2291174678621,501.4874657141174,489.427636283128,495.6402587890625,9807891
2024-09-24,493.3560777928636,503.26885816180146,492.94493657541943,500.98480224609375,8069962
2024-09-25,501.94420081882225,502.72075760302323,491.5745524608426,497.96990966796875,5716466
2024-09-26,496.18839768956985,499.29473674675535,491.48327489080236,497.1020202636719,6013480
2024-09-27,498.563873416257,512.9990996170649,497.92432643152335,511.8114013671875,13432979
2024-09-30,509.8013776223653,515.6485841870712,502.5837372468467,506.60369873046875,9512274
2024-10-01,507.0605380959464,520.2623956908839,505.5073685383483,508.7050476074219,8117456
2024-10-03,503.7257352509145,514.1867238661571,489.79299234217905,491.25482177734375,12464107
2024-10-04,488.7880211878941,493.08205794720953,475.63183532171286,478.7838439941406,9321624
2024-10-07,481.4791059078652,486.3669644690532,451.6036360015698,456.9483337402344,16722359
2024-10-08,455.8976157228891,480.93089388144625,442.28464640085934,478.9665832519531,14115751
2024-10-09,483.30631977513747,489.5646118185949,481.204999102647,486.41265869140625,7063437
2024-10-10,490.5696111113264,502.81211911812665,488.4225647846698,497.2390441894531,10161095
2024-10-11,493.35605405406636,498.1982412097585,488.37680124479334,491.4374694824219,4344046
2024-10-14,493.35609674990457,497.4217275887016,490.66089951319066,493.67584228515625,3672179
2024-10-15,497.7415479014332,501.07629247272695,494.8636703625566,500.0256042480469,5661760
2024-10-16,499.70582738538354,507.56295842067516,498.8378748753815,504.41094970703125,5230563
2024-10-17,507.97414409541807,509.3445779374021,488.1941933375434,495.503173828125,9728282
2024-10-18,492.35112098274027,501.12187349157966,485.1334819034254,499.06622314453125,4184490
2024-10-21,499.11197757908786,501.35036393286475,483.16925325903674,486.5039978027344,4104466
2024-10-22,485.1336045846828,486.0472271921869,461.65349241920745,464.16595458984375,10870662
2024-10-23,464.1658808622289,470.33283248332964,452.0603832356238,462.0188903808594,7639646
2024-10-24,462.658393654037,482.027172469509,462.658393654037,476.2713623046875,7417598
2024-10-25,476.91098587156284,482.52978703333434,457.49650608273004,464.1202697753906,8410014
2024-10-28,466.86108001625274,486.54963300130646,464.57702385178965,478.4184265136719,13625032
2024-10-29,481.52481005896374,501.85291417044795,474.44423446957035,500.2084045410156,13616872
2024-10-30,501.578714044952,502.3552708051781,486.04713273572764,488.102783203125,8607740
2024-10-31,487.7830855274312,489.5646048302049,472.34284264070845,477.4591064453125,8005076
2024-11-01,479.6517859097998,483.4433413798462,479.2406446549736,481.2962951660156,985145
2024-11-04,482.3927129424681,482.3927129424681,463.06960132420727,473.57623291015625,6918061
2024-11-05,471.8860160334482,482.98655159097206,456.44580153044416,480.5654296875,12106685
2024-11-06,483.16925600099086,490.06715076030247,480.839529686122,486.778076171875,6152359
2024-11-07,488.7880839037375,488.7880839037375,479.1037067895753,482.9866027832031,5628160
2024-11-08,484.2293436825617,484.2293436825617,471.5712572269814,473.6885986328125,7465928
2024-11-11,474.1028120417453,498.0380996399694,470.74267151697165,486.39263916015625,13676304
2024-11-12,488.83225030037124,492.2384372934069,472.0775366983801,473.6425476074219,6039729
2024-11-13,474.56313246171123,478.29150276910786,459.69564130215133,468.072998046875,8600781
2024-11-14,469.4999211773521,472.9981446465163,460.5702055565276,462.4574279785156,7471948
2024-11-18,465.1731168713696,469.6379744025791,456.15136548192675,461.214599609375,6676581
2024-11-19,469.49991635134984,483.95316030804855,467.79682280066345,475.5757751464844,10710390
2024-11-21,472.07756550695757,473.3203931524381,431.75581804450053,451.9627380371094,25802873
2024-11-22,458.2687187367935,471.3410802469136,451.1341613697748,466.0476989746094,16581026
2024-11-25,485.1499198575768,491.96229414870874,476.68049825429415,478.1534729003906,12550563
2024-11-26,477.7851943295809,483.44683326947404,472.26166607143546,478.7518005371094,5950832
2024-11-27,480.13273236261796,486.57684933165615,477.1868390819809,484.5515441894531,4437672
2024-11-28,484.321372308299,493.2050698637342,482.75641750383875,486.3006591796875,6527682
2024-11-29,486.0244750370136,492.8828672866984,483.67698673362776,490.30517578125,5533795
2024-12-02,490.6734214799218,495.2763616438985,488.0036937095215,489.6607971191406,4645093
2024-12-03,491.59400663504266,500.33959289540394,490.121088266486,496.84136962890625,7125362
2024-12-04,499.787372548195,511.75501953833617,498.2223613195272,500.4778137207031,9007471
2024-12-05,503.42352430563454,503.42352430563454,495.46047183469346,501.720458984375,4207860
2024-12-06,502.27280623522586,517.830766403349,501.3062000422531,514.7007446289062,10625077
2024-12-09,513.6421046460126,522.8940031471489,512.7215166123028,518.9354858398438,6419159
2024-12-10,518.2910038155134,527.7730482426987,517.370415886889,524.8732299804688,7525312
2024-12-11,524.7352129411886,527.1747938626139,521.2830075928913,524.5050659179688,4434214
2024-12-12,524.5050609658924,526.1160901132207,514.1944631853437,515.1150512695312,4133386
2024-12-13,514.5166544152816,515.9435545741406,499.4189887769616,512.7214965820312,4178618
2024-12-16,513.4580204481952,519.165677991139,512.8596156989571,515.34521484375,2395022
2024-12-17,515.5293728716546,521.052901866708,504.1140571399137,506.8298034667969,4961225
2024-12-18,506.1853222364218,506.7837269506225,489.982994858254,494.5399169921875,5013701
2024-12-19,480.7310757341949,493.43517918450755,477.04872365072845,487.0830993652344,4751460
2024-12-20,486.9910832185369,491.133729484101,469.7760752773233,472.4918212890625,7709581
2024-12-23,477.7851784754124,480.45490618688814,466.3238464824307,471.7093200683594,4380134
2024-12-24,471.75540174025775,475.99008469244126,465.49538555620677,467.1064147949219,2702189
2024-12-26,468.8094580892691,479.1660735109761,466.78415316915505,477.8772277832031,4475677
2024-12-27,476.8646283687358,478.98196972809234,465.6794887468643,467.1524353027344,2951162
2024-12-30,468.48727777091017,472.4458234514647,453.0674271189588,457.0719909667969,24912615
2024-12-31,456.24344138971503,464.06843978368715,455.73710110775215,460.9384460449219,3906855
2025-01-01,461.44477231248214,466.55402488797046,459.41946731106924,465.4032897949219,3238928
2025-01-02,465.81753755613335,479.6723760027155,460.47813828424336,477.27886962890625,8546733
2025-01-03,480.59306776626795,501.44441337045953,478.56776244987424,495.3224792480469,14567780
2025-01-06,498.40641209597203,498.40641209597203,469.5459418950202,471.847412109375,8631065
2025-01-07,475.0234325498485,479.3962257758403,466.8762227099665,474.5171203613281,4660352
2025-01-08,475.4837659939286,476.68051931734954,456.93392091618404,463.6081848144531,6585994
2025-01-09,464.0224053146095,464.66682820107457,450.58184197170567,452.19287109375,4468056
2025-01-10,451.18021421727985,453.1134547637851,418.3612554685561,422.87213134765625,14067540
2025-01-13,416.19788757252815,431.2034624349586,408.41890685355145,411.2727355957031,11872696
2025-01-14,416.1058159781363,441.1458232215478,413.80434575701827,438.3380126953125,12167491
2025-01-15,442.848901707907,450.1675884635201,436.8190607892439,440.6394958496094,7700238
2025-01-16,446.4852389338002,453.52773244455057,444.09170419904245,446.6233215332031,5120861
2025-01-17,443.72347335398206,449.01685503818413,438.1999446400321,444.0456848144531,4195700
2025-01-20,445.5646255034545,456.2434527252536,440.04109708812246,451.7785949707031,5000936
2025-01-21,452.0087419456206,452.0087419456206,436.5428736217885,438.61419677734375,5395660
2025-01-22,440.96164355441385,440.96164355441385,417.2104848469581,425.357666015625,10288459
2025-01-23,425.3577184914418,430.42095301911195,420.8468424401595,426.9227294921875,5320651
2025-01-24,426.92273068895526,429.22420093525693,409.66170384169294,410.81243896484375,6738912
2025-01-27,410.5362577948941,410.5362577948941,392.17051470655264,394.47198486328125,7413044
2025-01-28,405.05877242758413,406.1634894082164,377.6712758827645,386.3247985839844,14396638
2025-01-29,388.48818607967553,402.4811367211412,386.6930280106168,400.3177490234375,5834329
2025-01-30,398.6146231832824,408.37286207171974,395.9909416381948,405.3809509277344,8302923
2025-01-31,407.82052238413615,418.5453679747372,399.535229604323,414.1265563964844,7224298
2025-02-01,418.86755571000396,423.6546247271937,391.61814426916703,393.87359619140625,9470953
2025-02-03,393.5054134322346,393.5054134322346,370.07643392729847,373.2984924316406,16185807
2025-02-04,380.202885226843,394.5640652029036,374.67935662790586,393.413330078125,11302969
2025-02-05,394.93226407780554,408.74108450010647,394.5179882274897,405.28887939453125,9545772
2025-02-06,408.7871256996445,411.04257773336525,390.9737688263602,399.6733093261719,10865131
2025-02-07,396.0370135234226,416.0137585209754,393.2292029501411,406.1634826660156,14726471
2025-02-10,405.05874984955614,407.08405483645123,385.0359593740383,389.8230285644531,10014839
2025-02-11,391.6641952745311,391.6641952745311,374.2190405711443,377.39508056640625,11422600
2025-02-12,380.2028570526832,381.0313806623039,361.791096420592,375.64593505859375,13329877
2025-02-13,376.88877996630026,387.01524953502616,374.9095210785098,377.1189270019531,8280995
2025-02-14,377.2119774774762,383.91050812024605,359.9073902973982,364.3730773925781,8558606
2025-02-17,360.1864701091947,366.7454814730436,349.53393607185274,362.00067138671875,8661753
2025-02-18,363.8148667431151,365.6755744689812,349.85955879911916,358.46533203125,8959200
2025-02-19,357.72104302936157,369.6295605431818,352.3250022416936,368.094482421875,8706790
2025-02-20,365.62904854474874,382.0497876673752,361.3494153261012,380.9333801269531,11040968
2025-02-21,379.5843607824418,385.1664837351248,372.560200757174,375.44427490234375,6099522
2025-02-24,371.164619989381,371.164619989381,362.1401777420982,364.4195556640625,4949143
2025-02-25,364.69869437115375,366.93153784193584,355.90683948927676,356.88372802734375,5352036
2025-02-27,354.46480053356174,359.4887054138761,350.8364263640094,352.138916015625,4757498
2025-02-28,349.3013655225547,349.81304878492944,332.46195510208497,335.20648193359375,13486063
2025-03-03,339.6256299000338,354.04611322966485,335.0203958074701,351.4876403808594,12981608
2025-03-04,347.4871524070277,364.2800275319549,340.50949874423594,359.9538879394531,11737034
2025-03-05,359.11658048347067,375.86294952156,358.2792677099954,374.1883239746094,9788815
2025-03-06,380.51470874899053,388.9809341086318,379.58435493786834,384.37567138671875,11770195
2025-03-07,383.39881080484105,386.09683117559086,375.4908034193169,377.90972900390625,7026343
2025-03-10,377.90969767611057,384.4221738066738,365.21034650779814,366.7454528808594,7602276
2025-03-11,361.8145670940554,376.7932681225406,357.2558394050755,374.5604248046875,7841686
2025-03-12,376.00249691844823,377.9562456513211,366.5594111670659,374.1883239746094,5810339
2025-03-13,376.14200167913583,383.11965465408,374.04870578665253,378.3283386230469,7901302
2025-03-17,382.37539991960034,386.0037739484378,378.7004911669218,384.14306640625,5584100
2025-03-18,384.14306640625,384.14306640625,384.14306640625,384.14306640625,0
2025-03-19,395.40032241341675,400.79636251537846,392.1440844641298,399.5869140625,8219861
2025-03-20,403.5874543362055,406.3785156480524,394.93517562633764,399.16827392578125,5413493
2025-03-21,399.5869701150426,405.4947226158944,395.0282420249881,399.0752868652344,9605751
2025-03-24,402.8431659509393,416.1007066317727,402.0058532705783,413.4957275390625,10013355
2025-03-25,417.72886543123144,418.659219251791,409.3556810461956,411.9141540527344,15383870
2025-03-26,412.00798911965177,415.7599116159036,397.79758839007746,399.2045593261719,10098135
2025-03-27,399.2045153415015,412.61762533777585,397.4223580771208,406.520751953125,8843621
2025-03-28,406.98975977317923,412.71144692138654,400.51769962598195,402.5812683105469,4744923
2025-04-01,399.43903553755695,405.53590930480306,389.3088281031953,391.0440979003906,5586002
2025-04-02,393.9049775237269,399.2045623650454,384.10306847769505,398.21966552734375,7091444
2025-04-03,393.0138266251569,404.7854703640917,391.13786563887936,399.0638122558594,7494342
2025-04-04,398.59484565757623,398.64173323505776,376.22400384399464,378.38134765625,9757931
2025-04-07,345.1299718465829,362.99849075552027,343.81677611189156,360.5128479003906,20170600
2025-04-08,365.81242941581485,377.3964954056282,365.57793426875344,371.29962158203125,8299658
2025-04-09,371.1589177868159,372.3782810607344,360.65352410038383,365.2965393066406,6447517
2025-04-11,379.83526297777223,380.53874844176994,371.86242771913186,377.3027038574219,9084693
2025-04-15,385.51003013980414,398.4072635082282,382.18021042918775,397.04718017578125,7317427
2025-04-16,397.32860300974824,400.0487411283142,394.092558366606,398.45416259765625,5841975
2025-04-17,397.7037771376634,404.64482790046407,395.0774428895431,402.01849365234375,6325350
2025-04-21,405.2076375030278,416.7917041612536,401.08052840158757,415.1502380371094,8148218
2025-04-22,416.83853090862334,418.33930544236387,409.616098191393,413.08660888671875,4790660
2025-04-23,412.8521103935785,420.2152630264992,402.8157362417654,413.4617919921875,6888145
2025-04-24,411.304467545793,417.3075372878451,409.8974967332076,412.66455078125,6904893
2025-04-25,412.7113906025812,415.71293943873826,393.15449284563977,396.0153503417969,8944833
2025-04-28,398.17272202710296,407.271144321967,395.73396700348957,406.19244384765625,4586239
2025-04-29,406.8959764882237,413.9308310514703,401.54950419509424,403.70684814453125,4863017
2025-04-30,401.9246233265728,405.62965755865315,389.73087746135593,394.04559326171875,6432452
2025-05-02,392.5448772646344,405.53591417268456,392.12277454880007,392.96697998046875,3694616
2025-05-05,396.01542440622455,398.64175866038136,390.3875407545486,397.04718017578125,5223773
2025-05-06,397.0471537860953,398.3603494507889,377.91235636716806,379.6007385253906,5570959
2025-05-07,372.096881903789,387.3859528546318,371.3464803165436,385.4631042480469,7011398
2025-05-08,386.91695112280036,391.60685356065244,364.8744096648953,368.06353759765625,9925780
2025-05-09,358.30858056608855,370.50232807226433,356.47950699020396,360.4190368652344,13849773
2025-05-12,376.9743870499019,387.8080798569613,375.47361240618727,387.05767822265625,10515316
2025-05-13,386.2603721075738,387.90183804061337,374.5825316446005,376.83367919921875,12251914
2025-05-14,375.1922098142651,381.80496106228395,361.16938952249933,365.3434143066406,38611956
2025-05-15,367.1256153504821,371.7217147437187,363.9833744936611,369.8926696777344,12564868
2025-05-16,370.5961623798236,384.2437694551188,370.5961623798236,381.24224853515625,14416578
2025-05-19,385.510027504432,386.4480081066325,380.0697514616272,381.80499267578125,11577637
2025-05-20,384.4782511522335,384.4782511522335,368.15739405783376,369.1891784667969,12359431
2025-05-21,370.5023115425224,377.02128771455745,366.2813991325443,375.37982177734375,10997125
2025-05-22,375.09842734392424,377.77167771568094,371.0651223092706,376.8805847167969,8377384
2025-05-23,378.0061301284695,379.8820910720351,375.1921887131211,377.5371398925781,4958319
2025-05-26,379.83519364245416,383.3995078927852,378.0061203199815,381.5704345703125,5102219
2025-05-27,382.13325277130275,383.16503705383155,376.50536973012044,380.0227966308594,6898898
2025-05-28,380.8201081665569,384.3844228521479,377.34956863724847,378.24066162109375,4215068
2025-05-29,379.8821356189959,384.7596460941857,376.7868111490957,382.9305725097656,7429958
2025-05-30,382.64919207609745,385.1817224871155,376.03641176005374,377.3495788574219,8825796
2025-06-02,375.28599689460117,381.382870032823,373.3162321557356,378.8503112792969,5157877
2025-06-03,379.41312858626304,386.26037508112535,374.3949269702174,375.61431884765625,6903210
2025-06-04,377.068191830043,378.42827511620413,372.47209272923305,376.0364074707031,4209879
2025-06-05,379.3662478086763,384.33753331186756,377.30267913288276,378.00616455078125,6165279
2025-06-06,378.00616565382626,391.4192762109395,373.4100666351235,389.2619323730469,17153248
2025-06-09,392.07591172157083,402.1123161270821,391.13793107151923,399.7673645019531,10499689
2025-06-10,401.9246579369294,401.9246579369294,395.1242990803536,396.8126525878906,6883130
2025-06-11,396.7188789049721,401.1742864482073,390.24679031067296,393.29522705078125,7624681
2025-06-12,393.01390851220447,393.01390851220447,378.4283202548495,379.9759826660156,8770060
2025-06-13,371.4403411299794,378.75657882348946,368.01671744807913,377.7248229980469,9310007
2025-06-16,377.72477021287307,378.70963831767347,369.1422254786378,376.59918212890625,6381409
2025-06-17,376.7398793357967,378.94413933661974,372.5658830947731,374.3949279785156,4877511
2025-06-18,371.90927065709593,375.0983986527582,366.14069626973884,368.1573486328125,8395144
2025-06-19,366.9380331233658,368.29808785902685,357.370619267812,359.85626220703125,11175647
2025-06-20,367.2193960420996,375.9895201655299,365.1089397430071,369.9864501953125,22119958
2025-06-23,365.99999886808087,374.53559843230016,364.26472923555866,372.6596374511719,5395161
2025-06-24,377.959280019571,380.35111900974823,373.3162647740562,373.8790588378906,6492412
2025-06-25,376.9275191328027,377.4903132316646,372.5189987540974,373.7852783203125,6960473
2025-06-26,375.6612045077841,379.69450936090624,372.42516021000654,378.52203369140625,7658791
2025-06-27,381.2890891816964,384.38441351107343,376.50538270683643,377.912353515625,6165251
2025-06-30,379.6945069209952,381.6642717580763,377.06817288814983,377.443359375,6335483
2025-07-01,379.41312858626304,379.5538199423421,371.9561718402341,375.61431884765625,6863628
2025-07-02,375.70807297285245,378.33443551386944,369.7519197746895,370.9712829589844,7742629
2025-07-03,372.3313718927948,372.753445943956,368.11045963182295,368.76702880859375,8508913
2025-07-04,369.8457045572471,372.4720671666752,366.0000073566559,369.23602294921875,5668163
2025-07-07,369.51749269930025,370.9713512732945,366.0938403881364,367.313232421875,4590018
2025-07-08,367.68838486782323,372.37828773603525,366.0938064426729,370.59613037109375,3726258
2025-07-09,370.78372367413425,371.2996301845598,366.6566147152127,367.26629638671875,6328142
2025-07-10,373.3162371944001,376.5522813537058,370.50229570801014,372.8941345214844,14143421
2025-07-11,373.3162642374151,379.41313789958394,371.1589203915288,376.1770935058594,10835505
2025-07-14,375.9894863767884,376.1301777257721,371.5809666093471,374.113525390625,6624993
2025-07-15,375.00457867962365,377.3495298435155,374.34800952866925,376.4584655761719,3198569
2025-07-16,376.4585063187532,378.1468598895222,374.3480500428445,375.5674133300781,5176743
2025-07-17,376.5053889946282,378.3813501043423,374.81703544584354,376.31781005859375,2785521
2025-07-18,376.6930053243455,380.2573200658155,373.31626952327645,376.0364074707031,6376775
2025-07-21,376.13022451338185,376.4116072463509,370.54922843535684,373.92596435546875,6036729
2025-07-22,375.19222660695266,376.552309878361,368.15737235807234,368.9077453613281,8818666
2025-07-23,370.36163598544664,376.1302108001709,368.0635721253627,375.1922302246094,17860000
2025-07-24,375.1922008254142,381.52356921434307,374.67632299923656,379.7882995605469,8886939
2025-07-25,382.696049643247,382.9305447717049,372.9879456001124,375.89569091796875,15105541
2025-07-28,375.89572636926255,378.4282854454145,366.8442192821061,368.2511901855469,7692522
2025-07-29,367.688362826158,376.78678529502815,366.7503823087444,375.2860107421875,4454042
2025-07-30,376.8805672864656,378.5689494233871,373.78524297278415,374.7701110839844,5784866
2025-07-31,370.97129359314664,374.53560809933066,367.9228569201309,370.6899108886719,7169233
2025-08-01,372.493039723412,372.92011339197177,365.56515528278334,368.8867492675781,9859016
2025-08-04,369.9306512968749,374.81816270105895,367.9377180989755,373.489501953125,7536898
2025-08-05,373.96400910727823,377.5228597038911,371.5440022863816,374.3910827636719,4844402
2025-08-06,374.86561215135686,376.4789694087076,369.02910271659044,369.5510559082031,8191081
2025-08-07,369.0291104402207,369.5985323642623,361.15216990864906,365.3279113769531,8126214
2025-08-08,366.7988901236764,367.27340356497484,360.7251238674571,361.9114074707031,3841685
2025-08-11,362.67062274365554,368.12752739911105,361.76906456908614,367.55810546875,3428071
2025-08-12,368.2224054833938,369.7882939411165,365.1380683240613,365.8023986816406,3870319
2025-08-13,367.2733927310068,368.88674996863085,365.8024126911741,367.4157409667969,2043770
2025-08-14,368.80117351309286,368.80117351309286,364.02395623960723,364.5494384765625,3287588
2025-08-18,369.75658370257304,369.94768403944823,360.7276322048483,361.49200439453125,5688308
2025-08-19,363.06848310788536,365.83926306846087,361.34869669313304,365.2659912109375,3627812
2025-08-20,365.50485147733633,366.89025603434317,363.25958287213047,363.880615234375,2969056
2025-08-21,364.5016473558395,366.4602946103519,363.0684822941521,363.6417541503906,3166345
2025-08-22,363.9283706243691,364.4060923051986,358.57788196751494,358.8645324707031,3478895
2025-08-25,360.15441615413084,361.49203113776093,358.05242892426935,358.33905029296875,1964197
2025-08-26,357.9568681240769,358.7690008550462,345.91827531308945,347.3514404296875,7126523
2025-08-28,347.7813937014435,348.16356522559573,338.3702704853765,339.08685302734375,8466993
2025-08-29,339.2779489380786,339.9467418071574,333.06756698879013,334.4051818847656,7976387
2025-09-01,336.0772177185281,345.67941227593,335.3606351647573,344.81951904296875,3343204
2025-09-02,345.87051644694566,353.4185135986163,344.1029402965232,348.49798583984375,4912033
2025-09-03,349.0234399928959,351.9375596708623,348.25909698499925,351.41204833984375,3329064
2025-09-04,355.4249184620212,355.4249184620212,347.2080999993467,348.0679931640625,3479726
2025-09-05,349.59674095204673,352.7974822351687,346.49154984232626,349.8356018066406,3791077
2025-09-08,350.5999465589601,354.7561017769139,350.4088462271341,352.55859375,3293782
2025-09-09,354.2783487379421,354.2783487379421,349.8355434156081,351.69866943359375,2283407
2025-09-10,353.37075932243084,355.9982287616627,352.6541767480949,354.4217529296875,3779353
2025-09-11,355.42492907809213,359.39001318113645,354.46948572035535,357.95684814453125,2902056
2025-09-12,358.00466684064406,358.7212494170602,354.4695144671964,356.6670227050781,3124840
2025-09-15,356.6670283536447,366.22146285717463,356.47595715826617,361.58758544921875,4832470
2025-09-16,363.0206909475214,364.3105160672066,360.96646454070213,363.5461730957031,2547626
2025-09-17,364.2149988269278,368.7533545169279,363.45062668971207,367.27239990234375,4438340
2025-09-18,369.3265971725702,373.10060988317025,366.22140643730694,367.27239990234375,5539743
2025-09-19,366.8902287873862,370.66424150184105,366.12588580720546,367.3679504394531,4225670
2025-09-22,366.8902282714844,369.9476585035396,365.55261347914103,366.8902282714844,2174660
2025-09-23,367.4635337518717,372.04965036232073,366.84250137972185,369.469970703125,5784348
2025-09-24,368.56228278195044,370.1387585228826,364.11947690920795,364.9793701171875,3170894
2025-09-25,364.97936352978223,366.50807873738665,357.6224379944581,358.5301208496094,4361621
2025-09-26,357.33580857421026,358.33901241643895,348.7368185283068,351.0298767089844,4501242
2025-09-29,351.1254316760648,357.14471312738476,350.8865708381899,355.4249267578125,4447861
2025-09-30,353.9917628322997,357.81353625019227,353.03631947782657,356.237060546875,4700628
2025-10-01,355.56824227833505,372.9095335129939,355.52048177323553,360.7276306152344,11972697
2025-10-03,361.4442470084654,364.215056351501,358.3390557827645,363.4029235839844,3340921
2025-10-06,363.402890019268,364.93160523613534,359.2944660515733,361.2053527832031,2781104
2025-10-07,362.01748572934656,363.4984404420878,359.3422559663175,360.9187316894531,3154623
2025-10-08,361.1575873662961,362.39965206183643,355.4249272493708,355.90264892578125,3907994
2025-10-09,355.90261771995426,357.57464344078625,353.4184593888695,355.042724609375,4882301
2025-10-10,355.9026803916527,361.6353410154109,355.61605902359275,356.3326416015625,3649004
2025-10-13,356.28481932557827,356.7625410005007,352.367495759651,354.5650329589844,2862235
2025-10-14,355.71154587071,357.33581122120586,351.2209796414973,353.8006591796875,3501314
2025-10-15,354.42172605756576,361.9219331073635,354.1828652175641,359.05560302734375,4289079
2025-10-16,360.29769909069535,362.9729288519267,359.1511553885575,360.67987060546875,2414522
2025-10-17,361.15762110867314,361.15762110867314,354.51727752304447,358.2435302734375,7935534
2025-10-20,362.59075513696257,363.64174866457523,357.38357716159203,358.004638671875,7044875
2025-10-21,360.58435036323743,361.1576222618838,359.24673537160925,360.3454895019531,1149313
2025-10-23,363.0684452551352,364.6449208306011,357.4790962531971,358.1956787109375,10209878
2025-10-24,359.198940529733,360.05883371660275,354.61279493673254,355.9981994628906,7429746
2025-10-27,359.4807813008066,363.30193975216827,356.28838856373034,361.5122985839844,5088563
2025-10-28,362.28621922331916,364.6079407584764,355.5145141911076,356.917236328125,9956081
2025-10-29,358.90036918711553,375.63614278773304,357.6427786242174,372.975830078125,13697186
2025-10-30,374.86221611512104,374.86221611512104,364.8981483731057,365.9622497558594,9480446
2025-10-31,366.1557715345941,368.1872889852153,361.8025325071022,362.62481689453125,6011939
2025-11-03,362.67313723537285,367.65517104062474,361.80249542357063,366.8329162597656,5995360
2025-11-04,366.63945001996217,367.2682452830845,358.02971686062693,358.561767578125,6215083
2025-11-06,360.35143825546146,360.54492734666246,350.1938809355089,350.8710632324219,9880195
2025-11-07,348.54929820702085,356.2883891871138,346.51781044257785,353.04766845703125,6342222
2025-11-10,353.3378983316636,355.1759266690401,350.193892391683,350.5808410644531,2951020
2025-11-11,351.16127746139597,351.64497068103975,344.8732656060266,350.24224853515625,4740197
2025-11-12,351.6449323802919,355.7079667916754,349.71015971244987,350.4356994628906,8852954
2025-11-13,350.4357055038737,352.5155802532002,346.85636419774823,347.3400573730469,5159178
2025-11-14,347.3400976443988,350.82269481478653,345.0183760382376,346.3727111816406,5905363
2025-11-17,348.01728258441835,351.8384709498563,347.1949981804554,349.61346435546875,4493041
2025-11-18,350.62919458290855,350.62919458290855,346.6145176100989,347.3400573730469,3554141
2025-11-19,347.3401030898244,348.50097867225065,345.69556379072844,347.7270812988281,3569363
2025-11-20,348.7428224369224,352.0803175673576,348.16238465046075,349.61346435546875,4168805
2025-11-21,348.2591366575739,349.4200122553496,345.8890279464038,346.5178527832031,5875570
2025-11-24,346.51784039472346,347.53358436474343,342.9868562120152,344.2444763183594,19478651
2025-11-25,342.9384803365288,344.38955994303035,338.8754456294085,340.2781677246094,6515065
2025-11-26,340.27820887330284,348.06565856098825,340.27820887330284,344.77655029296875,6349414
2025-11-27,344.77648350499504,352.4672166685824,344.38953487588424,350.4356994628906,5683705
2025-11-28,350.4357383423315,351.7417159424754,347.9689147260639,349.1297607421875,3053285
2025-12-01,350.0971650854747,350.9678070226601,345.3569771854274,346.5178527832031,3297383
2025-12-02,344.3895448121314,348.0656011781768,343.4705159594756,345.7922668457031,7352239
2025-12-03,346.32434515268807,347.4852206883733,337.7146117502778,338.8754577636719,6490892
2025-12-04,338.8754360013972,343.0352151352228,338.68197643940096,341.24554443359375,8305258
2025-12-05,340.61677239029984,342.74500485093483,336.8439711681044,341.7776184082031,6012088
2025-12-08,341.77762257464826,342.30970283801184,329.0081390882977,331.4266052246094,11238507
2025-12-09,329.8787558049933,333.21625062718545,325.52551709202424,331.6684265136719,5469753
2025-12-10,331.6684518382405,336.6504861745842,330.6526783476146,331.4266052246094,3749704
2025-12-11,331.8135583567065,333.9418203941503,329.15324557104776,332.78094482421875,4041253
2025-12-12,335.4895987011819,335.4895987011819,329.9271267852849,333.1678771972656,3316506
2025-12-15,330.6526821670469,332.10376186559563,325.71903480981496,331.3298645019531,6075999
2025-12-16,331.3298446633408,331.8135378672289,323.88095751454813,324.4613952636719,6230737
2025-12-17,326.0575593876459,326.29940597657674,321.65596327802,323.0586853027344,4532037
2025-12-18,323.9776989671979,326.97660270713556,320.1565404063317,326.00921630859375,6827303
2025-12-19,326.9766061899219,329.3950722120367,325.4771690651268,328.1374816894531,3443420
2025-12-22,329.39507984473,334.57060315644014,328.52443796105234,333.0711364746094,3206025
2025-12-23,334.52221529182935,345.8406483184401,332.15213625449013,342.6482849121094,8591989
2025-12-24,343.51888896884043,346.5177924725646,342.2612690364205,343.1802978515625,3790465
2025-12-26,343.27711566168296,348.6944861276197,342.0194954608206,345.4537353515625,5271033
2025-12-29,346.3243474451228,347.6786825641929,341.63251728058395,344.3412170410156,5665134
2025-12-30,344.29284490548616,344.29284490548616,338.58527053520834,339.9396057128906,4931091
2025-12-31,340.1330907065501,350.1939041477735,340.08470366939736,345.1634826660156,5847158
2026-01-01,348.25909049486614,356.5786191167013,347.6302952637082,355.7079772949219,13409679
2026-01-02,357.93296699411434,371.47637655605376,357.44927379547363,368.2356262207031,24228761
2026-01-05,371.86329581875236,374.08830207001097,365.2366936166778,368.5741882324219,12532845
2026-01-06,370.50899365806714,375.15243659995707,366.2524993742863,370.3638916015625,9931356
2026-01-07,370.3639167988338,374.57205385750547,369.10629667155564,372.6856384277344,9531582
2026-01-08,373.41117112645935,374.8138932932345,357.2074480270599,359.2873229980469,10208126
2026-01-09,357.9329662439165,361.5123077152716,350.1938750818859,351.74169921875,7858619
2026-01-12,352.12864497669955,359.3356853709902,346.46942870654465,358.4166564941406,7377850
2026-01-13,360.4481656046353,360.93185878727104,351.7416883171914,354.9340515136719,5886522
2026-01-14,354.788950998867,360.835115807982,352.4188425847783,357.8362121582031,4870804
2026-01-15,357.8362121582031,357.8362121582031,357.8362121582031,357.8362121582031,0
2026-01-16,357.93294325671746,365.18834075516446,357.739454181177,358.90032958984375,8728064
2026-01-19,358.8035908736579,361.9959835381439,356.48186954094257,358.0296936035156,8850224
2026-01-20,357.6911567046627,357.6911567046627,345.4053364031175,347.19500732421875,13205286
2026-01-21,345.5020530071639,347.9205190502244,339.64937699187374,344.1960754394531,12973950
2026-01-22,348.2107322204078,356.3851292520744,347.8237540584329,354.25689697265625,9495251
2026-01-23,355.2726680529566,358.56177602563946,348.74280962039717,349.5650939941406,9232847
2026-01-27,351.0645183156563,354.0634220572109,348.11400160742886,352.0802917480469,8191822
2026-01-28,353.047696866702,366.1074139465214,351.64497470476766,365.1883850097656,7509050
2026-01-29,367.60681681239697,372.20190202255196,360.8351122921686,363.0600891113281,10070972
2026-01-30,360.3997691744514,362.7698775164743,347.2916960757714,352.2253723144531,21086535
2026-02-02,348.25912222167966,356.3368049887797,343.18034335594683,351.2580261230469,14465153
2026-02-03,363.73729289010066,366.6394521418834,356.0949460981976,360.3514404296875,10441929
2026-02-04,360.3514407759462,369.9769474458575,357.4492815213748,369.1546630859375,16212031
2026-02-05,370.21877390542926,373.8948302856089,366.5426880029606,369.6383361816406,13810435
2026-02-06,369.78520431633314,369.78520431633314,360.336177380453,364.7424621582031,12996880
2026-02-09,366.21121064396164,370.07896131881546,346.9704404461595,352.40484619140625,23301540
2026-02-10,352.40484915772635,353.33507676037846,347.0193901323367,348.3902282714844,9568613
2026-02-11,348.58609198607303,350.44651739948,345.25690494912925,346.57879638671875,8989825
2026-02-12,347.6069224689947,349.3694244892641,341.97666949942646,343.396484375,5630751
2026-02-13,340.85058877066706,341.24225252456205,332.72342393770833,339.6755676269531,8552636
2026-02-16,338.89226843655644,346.7746104646864,336.0526686310083,346.1381530761719,6203921
2026-02-17,346.3339791570537,351.71943807597745,345.35480480815846,351.1319274902344,3611823
2026-02-18,352.40486488221245,358.9653453950494,350.93610326429655,356.7132263183594,6009021
2026-02-19,356.8601283253062,356.8601283253062,343.9350140645859,346.1871032714844,3754213
2026-02-20,345.4527098411319,349.0267202392391,345.20791624575634,346.8235778808594,2080938
2026-02-23,349.3204659259381,349.4183893419872,341.8297877696648,344.865234375,4210986
2026-02-24,343.69022330591235,348.43922524537766,340.26311281710696,346.62774658203125,7079250
2026-02-25,348.78194227066456,350.05485707083665,343.0537659058263,346.62774658203125,5564761
2026-02-26,347.5090050946398,350.05486463200634,343.83710092017816,346.7256774902344,3258960
2026-02-27,345.6485678286786,346.82358907722613,341.04643613423764,342.51519775390625,7542283
2026-03-02,332.47865504986714,337.2276568588842,327.6807064737388,331.89117431640625,5951923
2026-03-04,328.02343517927164,329.24740322098535,317.4483632516782,321.9035949707031,11242119
2026-03-05,323.4702683490142,336.24848228983734,322.63796413432516,334.73077392578125,11657520
2026-03-06,332.9192792722428,343.4943503080786,331.4505177460417,332.08697509765625,5579379
2026-03-09,325.08592758622603,326.26094891585717,314.31500829873056,317.6441955566406,7988489
2026-03-10,325.86922807095544,329.29633846784003,319.8962881420101,327.4359130859375,8247861
2026-03-11,327.92549224220295,333.55574489898703,324.4494351634354,326.114013671875,6075561
2026-03-12,324.1067250791769,342.17250463836643,320.4837678611289,336.3464050292969,10658407
2026-03-13,334.6817978399147,337.8641146387045,323.61713907693485,324.5963134765625,6561611
2026-03-16,325.0859098478922,328.4150969241449,319.8962973362658,325.52655029296875,8088028
2026-03-17,326.99530182189864,332.331784356182,323.47026801639015,330.6672058105469,10022642
2026-03-18,334.6817957821423,341.87873355156165,332.3317832138911,340.8016357421875,10611550
2026-03-19,335.85680591890906,336.8359802801887,324.69422417672746,326.45672607421875,6669467
2026-03-20,331.9932625404307,338.12298962568553,325.517527293149,326.75335693359375,10305459
2026-03-23,323.7379410964047,323.7379410964047,307.02950040522404,312.8626403808594,11748371
2026-03-24,318.84403990154465,322.10661800863284,308.5124922763965,317.1632995605469,8845151
2026-03-25,321.21683095152616,325.41865168772154,319.5855418765041,323.985107421875,6889607
2026-03-27,322.3043646507848,322.3043646507848,313.95014435729223,314.8399658203125,8875060
2026-03-30,310.68756307191074,314.0984648544752,300.6031814142933,301.64129638671875,16723499
2026-04-01,316.174633310184,320.03044580575937,308.8091069851633,318.4485778808594,9592156
2026-04-02,313.9501387763259,322.2549378060736,307.7215696756361,321.1179504394531,8100516
2026-04-06,319.88210693584267,324.52883808754143,316.57010789692134,323.8367614746094,6505082
2026-04-07,322.20549222593746,326.85222366194796,321.31570093459675,325.61639404296875,8232651
2026-04-08,340.9406665864905,340.9406665864905,333.77285510612745,338.7655944824219,6840941
2026-04-09,338.7656124500009,345.8840031939368,334.86040891861506,342.8685607910156,6287331
2026-04-10,345.0436148377901,350.2835201291428,341.97875147969194,345.83453369140625,6438338
2026-04-13,337.2825958328241,343.9066543107053,333.92114548037307,343.0662841796875,5524253
2026-04-15,346.6255036551821,352.21144759677856,346.18059291588474,348.6522521972656,5663934
2026-04-16,350.9756017752817,368.37608834832406,349.98693810830906,360.0713195800781,21771221
2026-04-17,360.02187896533314,373.4182901528739,358.5883347087029,369.0681457519531,14949943
2026-04-20,369.1175913316302,380.1906064557362,362.29581796712915,378.3616027832031,12043689
2026-04-21,378.3615860958051,383.05773837338285,375.69218220621826,379.00421142578125,8374408
2026-04-22,375.69218220621826,381.8713299398732,374.7035185688335,379.00421142578125,5284649
2026-04-23,377.52124258352694,381.7230633386248,371.58926034103587,372.1824645996094,6915475
2026-04-24,372.72621448537245,374.45637595844784,364.8663260104673,369.7602233886719,4834153
2026-04-27,371.73753380505013,377.6200946134324,371.73753380505013,373.7642822265625,4948268
2026-04-28,372.72620339389914,379.1525172455181,367.28855321176,371.539794921875,10991705
2026-04-29,363.8776671238101,368.2278115937985,354.0404812926305,359.4286804199219,16891422
2026-04-30,357.0064701192768,357.0064701192768,348.75112214335905,350.2835388183594,9031675
2026-05-01,350.2835388183594,350.2835388183594,350.2835388183594,350.2835388183594,0
2026-05-04,351.9642739734353,357.0558859474346,347.41641496080257,349.49261474609375,5034010
2026-05-05,349.49262247811475,353.7438643745462,347.1692567186883,352.3597412109375,6734583
2026-05-06,354.83139947646515,357.0064717070636,347.8613323897752,355.0291442871094,9798302
2026-05-07,355.91891884555247,363.13615152016126,353.5461320875729,355.6717529296875,7776265
2026-05-08,355.6717524273745,359.4781135606434,352.11255720962146,355.3257141113281,5059153
2026-05-11,353.94158993505846,354.73250879363945,346.52661249228487,347.564697265625,4773107
2026-05-12,346.1805874716309,349.64091041114494,339.6554010370801,340.44635009765625,5222169
2026-05-13,341.53389297479777,347.11983693937253,338.12299108381217,342.62139892578125,4765260
2026-05-14,345.0436085955307,346.57602516104635,337.8263761290858,344.3515319824219,5287354
2026-05-15,345.5379683314284,346.2794661175473,340.29806271150335,341.9293518066406,3222539
2026-05-18,341.08897131164855,341.08897131164855,327.89030508309094,329.9170837402344,6159707
2026-05-19,329.9170929739669,333.3279646795742,329.02727149530034,330.4608459472656,2521354
2026-05-20,329.6204655419884,331.2023334675007,324.42998121152755,329.2250061035156,3723835
2026-05-21,332.58645758665716,334.95924439624,329.22500709211295,329.9170837402344,4807537
2026-05-22,331.6966745758469,334.1683338498845,328.6318110417159,333.1302490234375,4613260
2026-05-25,336.1456371547487,341.0889553482009,336.1456371547487,338.3207092285156,3489013
2026-05-26,340.100299055989,340.5452097716581,332.4875768049829,333.7728576660156,3913330
2026-05-27,333.1796560865812,336.78827244013837,332.78419665374025,335.84906005859375,3232759
2026-05-28,335.84906005859375,335.84906005859375,335.84906005859375,335.84906005859375,0
2026-05-29,338.6173211775185,339.75427841138134,331.2023433415144,333.8222961425781,10274190
2026-06-01,335.7996025505637,335.9973473491307,327.2476680158923,327.64312744140625,4076940
2026-06-02,326.20958840146517,326.65446894783287,317.3610365292748,321.3651123046875,6501043
2026-06-03,322.10660650210207,323.7873467830592,318.94290091131614,321.95831298828125,4526029
2026-06-04,321.9583289787503,332.3887491526214,321.4145760105276,331.40008544921875,8844070
2026-06-05,332.9819161471558,342.86855297066546,332.38874207504216,340.0014343261719,11008792
2026-06-08,336.1456600297302,342.4731017136125,334.61324335412576,339.5071105957031,11062037
2026-06-09,340.3474740182393,348.80053646769085,339.55655513782585,348.1084899902344,6850589
2026-06-10,348.00962213672403,350.7778684259811,343.85722253121673,344.84588623046875,4341800
2026-06-11,344.5492980957158,345.58738290798686,331.8944148541058,333.0313720703125,5830091
2026-06-12,337.3814693892153,344.79644673842876,336.0467674320328,344.1043701171875,2634728
2026-06-15,349.69036200035816,350.43185977375026,346.5266260985699,347.861328125,3911854
2026-06-16,348.99828209695266,354.68309830674724,348.4050778494325,352.5080261230469,3407173
2026-06-17,353.4472758329704,355.9189351045296,350.28353989672576,354.68310546875,2690056
2026-06-18,355.7211728811411,360.7139424682614,349.739769805414,354.6336669921875,4640982
2026-06-19,351.1733617513081,353.89218695296154,348.8005447107493,351.3216552734375,2926136
2026-06-22,351.3216341514221,366.547048330981,351.3216341514221,365.6572570800781,9413420
2026-06-23,366.7942083892731,367.09079541096696,357.05586555539566,357.79736328125,5760725
2026-06-24,358.04453139462817,361.2082671130694,356.4626635354075,359.52752685546875,5365537
2026-06-25,361.9497792384591,363.8282341959072,355.91892475686575,360.5162048339844,6473908
2026-06-26,360.5162048339844,360.5162048339844,360.5162048339844,360.5162048339844,0
2026-06-29,361.4059792186863,363.7787960767852,358.8848990214808,360.81280517578125,10623804
2026-06-30,360.81282967838234,363.6304970883866,358.39059154275503,359.67584228515625,10340613
2026-07-01,360.86222835047505,366.7447890730554,357.89623743252594,365.9044189453125,7320424
2026-07-02,366.79421830620345,366.79421830620345,362.8395636613926,365.41009521484375,4706399
2026-07-03,367.78288065382753,368.1289189683367,359.7252778781282,361.0105285644531,7114745
2026-07-06,361.0105412297278,363.67994526773947,358.1434225562176,360.6150817871094,3202704
2026-07-07,359.87356907894736,361.6531515826677,351.07446861656086,352.21142578125,4139869
2026-07-08,349.73976600127406,354.4359183362735,342.57195454259073,344.79644775390625,7750983
2026-07-09,345.142494418571,349.93751926888945,341.7810439633322,348.0096130371094,5543794
2026-07-10,349.98695361657786,352.60690641582386,346.7737965565386,347.960205078125,4023218
2026-07-13,345.1424974580195,348.6028203453954,343.36288472725346,347.07037353515625,3848578
2026-07-14,344.05496332955295,349.5914860151574,342.9180061229893,348.45452880859375,3710161
2026-07-15,349.986926988454,352.4091649642254,346.57602537712205,347.7130126953125,3884183
2026-07-16,349.19603622886336,351.61824422779415,345.09305767405465,345.6368408203125,4094233
2026-07-17,346.0322723168273,352.95291776316384,343.4617408310069,351.074462890625,7268772
2026-07-20,348.99827346906704,360.56565040906963,348.0096098048487,359.3792419433594,6786498
2026-07-21,358.3905894423421,359.7747125810365,353.0023602358707,357.9456787109375,3426706
2026-07-22,356.2155156290686,357.896255971617,353.3483969608578,356.5615539550781,2248543
2026-07-23,353.9910155210463,358.2422874115783,352.3597264973534,354.3865051269531,3028005
2026-07-24,350.87673471876957,360.3679121005993,350.87673471876957,357.50079345703125,4578306
2026-07-27,353.4472697025309,364.6686086351034,352.85406545332125,363.9765319824219,9400642
2026-07-28,363.8282216150089,367.881748596674,361.10939658935325,364.27313232421875,4252211
2026-07-29,365.8055645796802,374.4069507343915,364.86632200738114,370.00738525390625,6301213
2026-07-30,368.5737942109075,372.97335949292466,366.94250523353287,370.6499938964844,4027680
2026-07-31,372.6000061035156,374.0,370.0,372.95001220703125,3604289
2026-08-03,374.0,376.70001220703125,367.04998779296875,368.1000061035156,3512873
2026-08-04,368.1499938964844,370.79998779296875,366.79998779296875,368.0,3526856
