date,open,high,low,close,volume
2021-08-06,28492.00789820296,28492.00789820296,27744.82102670171,27798.2890625,30787
2021-08-09,28006.289515776385,28397.99956879609,27470.968382038984,27686.99609375,30592
2021-08-10,27610.660273589394,27610.660273589394,26443.706767633128,26555.638671875,123170
2021-08-11,26650.968788624752,26849.76161111569,25838.220277691453,25997.302734375,91088
2021-08-12,26146.65160210159,26501.296549338924,25950.846262746956,26041.869140625,75502
2021-08-13,26263.178526227835,26489.391071048994,25975.90856233601,26049.109375,49672
2021-08-16,26180.920337074953,26180.920337074953,25402.59170652507,25440.1484375,74959
2021-08-17,25461.15211806185,25705.97088842783,25191.901199472002,25657.251953125,37050
2021-08-18,25695.19916610149,26009.54647096519,25573.76905456536,25781.669921875,52442
2021-08-20,25657.004328556668,25818.584699328116,25329.584123404547,25746.265625,35529
2021-08-23,25852.8621913014,25901.825945451594,25270.438335684867,25447.392578125,58352
2021-08-24,25447.442221621634,25813.54382764588,25215.99093905898,25689.2734375,31064
2021-08-25,25689.27500722371,25911.375373934294,25649.17445531749,25743.4296875,23925
2021-08-26,25706.951048556053,26078.096317208783,25574.74890800693,26005.6796875,49409
2021-08-27,26053.61215701999,26471.370502030044,25902.558983736006,26340.294921875,43602
2021-08-30,26342.597702659692,26851.72320905436,26274.735085900964,26595.005859375,41390
2021-08-31,26587.319190480415,27878.983058334692,26488.167585764535,27701.63671875,102061
2021-09-01,27709.566188670302,28007.265797143435,27368.876023944274,27888.0390625,75809
2021-09-02,27958.30321836895,29882.431455055466,27889.753963542826,29694.802734375,157100
2021-09-03,29662.34006488108,29956.80923246691,29341.13783488677,29809.91796875,81600
2021-09-06,29866.911807523018,30609.152617745887,29770.01329970868,29902.705078125,96454
2021-09-07,29868.867700399427,30233.10828287576,29633.009691871353,30018.3046875,59828
2021-09-08,30097.529027544853,30289.27184741464,29672.03401827292,30156.580078125,45814
2021-09-09,30151.87886751244,30191.049869613787,29770.940872076833,30035.6875,38503
2021-09-13,30036.32853477167,30193.649476087914,29698.918504042103,30027.857421875,28668
2021-09-14,30029.57025538636,30146.985729322107,29772.90261908657,30023.107421875,33014
2021-09-15,30132.29642521634,30817.739302758546,30014.783406983453,30397.140625,83901
2021-09-16,30400.12799777784,30598.676033648455,29677.275666158992,30025.212890625,92615
2021-09-17,30220.42931560525,30396.111649502684,29503.59994881902,29926.107421875,78489
2021-09-20,29818.926289628333,30063.74506047914,29219.854757356406,29478.041015625,52781
2021-09-21,29623.069958817257,29725.551474278476,28875.148647047117,29436.91015625,66855
2021-09-22,29476.181793865908,29620.42978743745,28962.112072788736,29175.0546875,44040
2021-09-23,29232.535347352252,29466.87663780687,28942.13247151285,29299.17578125,35742
2021-09-24,29377.27371407443,29413.849256516616,28516.540630305284,28802.244140625,45317
2021-09-27,29018.02943641338,29201.985896629885,28681.353864135956,28865.115234375,28033
2021-09-28,28887.636737421348,29182.398548261164,28487.700396264157,28636.892578125,31253
2021-09-29,28614.416523656375,28913.19295431555,28563.494221834673,28773.451171875,20612
2021-09-30,28773.452397498786,28790.637527507693,28154.158456435554,28302.568359375,29347
2021-10-01,28203.41677683665,28592.87371006184,27989.492988589616,28496.46484375,33997
2021-10-04,28613.97876430075,28731.93168607191,28438.63879104878,28682.283203125,22608
2021-10-05,28682.283096872634,28815.414782333777,28106.1747875638,28170.267578125,42151
2021-10-06,28221.728586236204,28331.652214183217,27425.773034582147,27527.177734375,35139
2021-10-07,27620.454065799564,27757.357489195365,27291.809726312153,27477.822265625,43358
2021-10-08,27634.361624981382,27634.361624981382,27147.41703766326,27181.888671875,29947
2021-10-11,27179.78306699414,27513.960727653903,27054.43584189685,27441.689453125,25350
2021-10-12,27439.289042161043,27507.446208430214,27087.729271777895,27131.6015625,30650
2021-10-13,27302.68240784522,27654.73184474988,27110.646922288357,27239.224609375,53052
2021-10-14,27417.549243125355,27713.485414185652,27332.694672923255,27377.0546875,46335
2021-10-18,27593.719390940245,27713.485501469935,27370.739214349283,27607.0390625,35497
2021-10-19,27615.607298991752,27804.900026521325,26985.099501443234,27122.787109375,20380
2021-10-20,27124.940130339688,27446.387171669125,26730.634641363155,26888.34765625,36072
2021-10-21,27147.460650456618,27210.868704605564,26635.936753685488,27046.30078125,26460
2021-10-22,27270.168569751524,27433.65778451112,26661.7441780915,27163.328125,27130
2021-10-25,27052.474802718265,27163.280163489326,26255.539956412453,26709.728515625,20656
2021-10-26,26753.796566444846,27414.807279561617,26752.817291314303,27202.20703125,28367
2021-10-27,27204.263277310085,27889.85341747493,27081.7563403293,27525.220703125,50424
2021-10-28,27658.643296545957,27847.9379204497,27283.825787632453,27608.75,39917
2021-10-29,27807.202932552835,28398.979677582698,27130.81834370444,28041.7890625,35291
2021-11-01,28203.12266797046,28986.54274208075,28007.267649442885,28541.70703125,55692
2021-11-02,28691.881156672334,28815.122556030758,28110.33897127112,28269.86328125,21184
2021-11-03,28322.594318711323,28527.262813718953,28105.1952474592,28379.931640625,33175
2021-11-04,28398.978198602676,28614.12417527617,28379.93206276609,28445.19921875,2078
2021-11-08,28447.944775471547,29200.90986498406,28377.876869322085,28914.619140625,38204
2021-11-09,29084.472791266842,29143.22930195627,28547.340356047654,28623.87109375,18387
2021-11-10,28495.925690062053,28818.988923038185,28364.70282871052,28747.404296875,23034
2021-11-11,28593.36454029185,28691.1945071346,28252.087161580897,28409.310546875,18576
2021-11-12,28622.690579582348,28927.686936265814,28271.278116441623,28779.81640625,23683
2021-11-15,28839.652659548672,29131.47664910879,28429.58119770874,28474.578125,12910
2021-11-16,28633.85579218944,28668.717602175464,27421.905347274984,27555.771484375,46214
2021-11-17,27564.63523738279,27708.049309275764,27046.3538959239,27117.15625,29245
2021-11-18,27118.084618040215,27443.938390127925,26376.82313582073,26604.259765625,40803
2021-11-22,26724.41934305878,26724.41934305878,25781.964538552143,26051.70703125,23769
2021-11-23,25970.376474238514,26368.501543807077,25662.394445537608,26186.306640625,32528
2021-11-24,26337.606689827728,26440.430586553215,26112.373392238573,26326.58984375,29212
2021-11-25,26146.64251877074,26267.28843379876,25756.988613461708,26117.75390625,31286
2021-11-26,25901.82988501421,25989.867110895684,25277.052287031634,25408.080078125,29540
2021-11-29,25363.226449698443,25387.708328510893,24676.020111432965,25036.24609375,27395
2021-11-30,24951.929278725973,25803.898606531766,24805.967561587477,25561.283203125,97672
2021-12-01,25803.90104381252,25878.66832142338,25314.263452848332,25551.248046875,30525
2021-12-02,25551.243947532526,26194.627638837483,25480.883419528713,25744.9453125,40560
2021-12-03,25735.888694974823,25872.350296043012,25033.846001422437,25376.984375,62632
2021-12-06,25396.02774612894,25607.501413436858,25000.840562077537,25081.533203125,22538
2021-12-07,25118.89494348985,25549.139058862023,25082.2696736918,25212.955078125,22609
2021-12-08,25402.248391594458,25734.90928503949,25314.260907873402,25610.833984375,15145
2021-12-09,25705.970234335073,25916.514371492485,25323.22096101335,25869.01953125,23747
2021-12-10,25759.83104232498,25977.817293136137,25640.064934689763,25859.177734375,20165
2021-12-13,25950.792886582407,26084.071859217704,25633.702810705712,25885.818359375,25375
2021-12-14,25803.552353376108,25950.785958350156,25430.693419276417,25912.986328125,24245
2021-12-15,25867.550702844634,25867.60043165626,25561.037609148236,25707.244140625,26704
2021-12-16,25852.86085666804,25950.788359912996,25398.86933415374,25819.615234375,24978
2021-12-17,25632.523367068283,25786.514362272545,25321.16364293646,25681.33984375,27863
2021-12-20,25598.248447432634,25598.248447432634,24481.924678533658,24942.4765625,38865
2021-12-21,25069.442595360688,25735.349664299956,24845.188597144377,25301.970703125,32966
2021-12-22,25307.014158551436,25724.185348543942,25144.896314347745,25654.314453125,16341
2021-12-23,25706.165936473302,25843.0693576974,25375.073414499504,25787.005859375,29456
2021-12-24,25901.823248044755,25960.579746906104,25392.45298413662,25765.654296875,16055
2021-12-27,25618.030290678584,25901.824964038857,25373.26125801466,25750.232421875,7736
2021-12-28,25835.233660321126,26195.90141639999,25782.79271777369,26163.095703125,18855
2021-12-29,26072.219158660722,26190.85871453258,25911.71559403613,26063.748046875,25992
2021-12-30,26048.71879850739,26288.591479677798,25559.08122710688,25866.083984375,26096
2021-12-31,25902.220094383265,26757.56721848005,25902.220094383265,26428.138671875,28883
2022-01-03,26440.428125704937,26783.02714242663,26332.707862970583,26682.701171875,19537
2022-01-04,26682.69869232231,26769.022168284686,26106.003247708653,26395.4765625,26215
2022-01-05,26344.45623964172,26734.207692447366,26293.729029217964,26650.626953125,17262
2022-01-06,26440.42987515721,26604.066375299648,25706.610401132908,25978.26171875,25411
2022-01-07,26106.15210983672,26701.159268556177,26021.836907603836,26485.71875,32658
2022-01-10,26440.427588960345,26672.466057872203,26264.207800514072,26386.6171875,21424
2022-01-11,26440.91750465084,26655.86839045928,26244.57284585998,26478.1796875,26722
2022-01-12,26557.94100101065,26718.247571566477,26032.070266587983,26161.82421875,41881
2022-01-13,26330.750047745754,26391.46510661812,25813.69277218752,26298.728515625,32020
2022-01-14,26273.949876249317,26587.31789564551,26026.438104679357,26517.25,24063
2022-01-17,26445.325613960897,27357.765241467212,26102.089671443093,26974.4765625,47661
2022-01-18,26979.030174252188,27066.822573301382,26293.53757454342,26592.755859375,44022
2022-01-19,26391.955981756702,26537.867984921086,25803.90123074856,25855.068359375,48367
2022-01-20,26027.958950285916,26159.376909490817,25416.988805699464,25532.00390625,40050
2022-01-21,25348.53484572877,25348.53484572877,24297.33280104634,24518.3046875,133581
2022-01-24,24660.692129866577,24765.81692667559,23573.696796233056,23816.8515625,50537
2022-01-25,23600.529175489846,24160.624786444536,23013.01386258853,23989.791015625,43208
2022-01-27,23884.51617735977,23884.51617735977,23259.886029190853,23465.19140625,38764
2022-01-28,23447.665009703273,24088.0133681141,23447.665009703273,23624.716796875,24109
2022-01-31,24041.205295396165,24041.205295396165,23708.83892193982,23764.16796875,19599
2022-02-01,24080.37560051372,25103.718117900335,23835.606545265447,24961.380859375,78151
2022-02-02,25059.648703492836,25348.142752696574,24638.56042906916,24741.82421875,25400
2022-02-03,24756.074616431593,24873.537900037514,24199.89608645853,24286.904296875,21469
2022-02-04,24290.91803598691,24701.234289043896,24114.64852393379,24211.646484375,34121
2022-02-07,23981.4661144835,24604.28503109143,23796.383134548127,24350.212890625,39058
2022-02-08,24403.534487436402,24511.00992523721,23999.14361659669,24250.767578125,29111
2022-02-09,24408.430168370713,25068.461539824348,24166.40196172454,24938.365234375,32205
2022-02-10,24983.34511319196,25074.481192044386,24704.886215353174,24767.916015625,19294
2022-02-11,24427.11508724559,24696.451775233018,24211.343003721253,24427.41015625,19479
2022-02-14,24083.758816891004,24162.23949735338,23064.490979385922,23141.205078125,35182
2022-02-15,23156.70802116437,24498.580252520464,23141.207318859244,24436.138671875,53569
2022-02-16,24458.011098071824,24706.30394266647,24099.15745639379,24443.1484375,35980
2022-02-17,24711.362864239214,24711.362864239214,24112.457078011957,24254.310546875,30441
2022-02-18,24122.999923798645,24270.151204342354,23652.213543706013,23887.1171875,36614
2022-02-21,23877.748016571015,24518.346597294963,23593.305354988675,24209.671875,65698
2022-02-22,23535.378274711373,24083.76210429595,23455.91657489679,23930.4296875,62313
2022-02-23,24132.813552088654,24328.377249435343,23687.43561092409,24136.197265625,46904
2022-02-24,23642.600588683155,23769.051055089316,22398.386706475612,22712.5546875,93756
2022-02-25,23166.813908166183,23632.497939252702,23053.702846510525,23527.970703125,46935
2022-02-28,23416.674692324024,24030.786060459544,23112.857102967693,23951.029296875,39994
2022-03-02,23647.21120679067,23740.407019470407,23206.738365809586,23478.134765625,44055
2022-03-03,23569.712701573055,23765.914422222126,22316.42439408397,22393.533203125,80837
2022-03-04,22464.11693754055,22464.11693754055,21696.62520816201,22122.087890625,92672
2022-03-07,21729.193532102057,21945.310498829833,21238.836753586602,21572.72265625,55412
2022-03-08,21567.47454213815,22272.769924102246,21299.659188487763,22154.951171875,51900
2022-03-09,22154.11601747161,22266.834282731277,21433.61505652183,21547.509765625,246411
2022-03-10,21876.48885353331,22317.844946838606,21631.23673634123,21776.033203125,342415
2022-03-11,21729.340600303418,22008.33983076617,21503.022681547543,21969.294921875,45123
2022-03-14,21969.29621099483,21999.069440696523,21542.950229459846,21936.775390625,31448
2022-03-15,21898.123535243587,22416.046253268843,21877.52235487953,22367.486328125,83329
2022-03-16,22514.146675694712,23264.470697059267,22330.600355501512,23147.337890625,58201
2022-03-17,23348.986429663517,23921.895470246833,23251.278353208883,23632.693359375,65189
2022-03-21,23728.68553841297,23728.68553841297,22889.87337900642,22946.0859375,50943
2022-03-22,22902.43046765292,23219.982172960434,22594.589214289474,22929.408203125,39121
2022-03-23,23014.460795101055,23200.852421318836,22832.974211678476,22968.548828125,39577
2022-03-24,22968.550889422433,23181.234330522584,22759.59604759419,22831.75,29951
2022-03-25,23049.725363120724,23049.725363120724,22711.327255328353,22817.619140625,34349
2022-03-28,22966.92995635043,23004.353897215908,22469.999342013645,22756.994140625,28362
2022-03-29,22788.82747910589,23289.14181463512,22788.82747910589,23196.486328125,31238
2022-03-30,23387.24538285316,23691.358053519456,23259.223758588803,23631.6640625,34361
2022-03-31,23847.33471600384,23867.495206322,23451.743053482613,23576.18359375,22006
2022-04-01,23539.30216757491,24182.84383133524,23496.187604533232,24145.41796875,34916
2022-04-04,24123.00024937487,24348.632215920465,23866.907200932685,24294.7265625,23605
2022-04-05,24250.53212088935,24790.08684040752,24213.744299104023,24680.1640625,32602
2022-04-06,24525.214446539037,24798.425335473483,24189.65969606854,24263.28515625,33643
2022-04-07,24260.34090901915,24590.40046200937,24100.43651887883,24272.603515625,30112
2022-04-08,24279.959748568304,24809.704324900704,24134.6229598366,24780.912109375,29884
2022-04-11,24780.915537668163,25008.704970591545,24477.145838249344,24724.998046875,35975
2022-04-12,24623.314929093573,24917.567681126115,24378.062788365547,24645.53515625,46653
2022-04-13,24645.535974269045,25030.77728329837,24642.93591828456,24881.861328125,36907
2022-04-18,24691.984691734153,25015.767323363863,24427.112388723894,24952.294921875,34525
2022-04-19,24917.62117676469,25285.842412010865,24181.276423936586,24388.759765625,38327
2022-04-20,24622.33314663312,25285.494914318046,24407.54209494749,25225.505859375,46140
2022-04-21,25260.9702799365,25604.323274032726,25138.441928265413,25561.69921875,20640
2022-04-22,25311.100657246494,25520.938780415727,25119.558727710602,25364.22265625,17334
2022-04-25,25212.414194985835,25529.132471838497,25030.43708040947,25162.48046875,26453
2022-04-26,25481.696788720586,25830.690576308167,25349.75114028621,25674.26953125,26557
2022-04-27,25517.01280954504,25584.70239794451,24958.76914054201,25089.09765625,26064
2022-04-28,25398.31211998758,25579.798707171733,24998.453406241297,25381.2421875,27928
2022-04-29,25381.43854110044,25839.764964954284,25287.99747758822,25429.212890625,34276
2022-05-02,25322.62338484123,25785.561651936558,25115.23781694713,25732.046875,33592
2022-05-04,25701.447227986635,25701.447227986635,24631.264441596373,24715.04296875,29265
2022-05-05,24944.39860464108,25604.32226692395,24542.968770285122,24612.1796875,33435
2022-05-06,24378.063933147958,24583.290167733554,23397.05532416816,23518.357421875,43939
2022-05-09,23426.487726348347,23728.343336543232,23053.754237668174,23601.40234375,35191
2022-05-10,23544.501917675407,24051.290586886684,23445.27251268793,23839.09765625,33489
2022-05-11,23995.472532058422,24270.15496496833,22809.48284394848,22938.240234375,43449
2022-05-12,22731.930715223672,22938.23758509819,22081.374495067404,22197.673828125,43801
2022-05-13,22563.194537670493,22641.72503115903,21974.589462774744,22136.798828125,44842
2022-05-16,22411.13927251127,22411.13927251127,21278.074450460474,21563.400390625,51382
2022-05-17,21591.997807190535,21801.247693652236,21376.175929971912,21617.30859375,43000
2022-05-18,21695.004375615088,22158.43320408679,21561.537394176037,22073.96875,57388
2022-05-19,21292.986766223963,21876.491438816658,21292.986766223963,21794.4296875,28366
2022-05-20,22239.464540018856,23519.680738727486,21405.754780334508,21583.365234375,50620
2022-05-23,21390.94279851154,21753.76845379483,21336.93750751058,21524.99609375,56200
2022-05-24,21583.169401024174,21679.112804927234,21165.309569902172,21236.28515625,39072
2022-05-25,21331.935067195926,21365.387078469237,20679.612225220117,20850.162109375,34128
2022-05-26,20826.811575006926,21450.782831400225,20283.33283678018,21279.251953125,67112
2022-05-27,21287.886234985504,21568.45468951112,21248.695708537278,21510.625,17959
2022-05-30,21484.283541759625,22209.691492763446,21484.283541759625,22033.845703125,30978
2022-05-31,21964.78055990588,22015.645467991577,21592.095043394016,21696.279296875,59959
2022-06-01,21680.289583954753,21751.412705893064,21189.785294725007,21377.6484375,29100
2022-06-02,21336.936236841193,21365.38548515698,21007.317359803095,21223.875,38808
2022-06-03,21395.796721308994,21434.00623835754,20159.7259341082,20246.0546875,105159
2022-06-06,20208.727709470448,20208.727709470448,19534.824605897917,19622.8203125,69175
2022-06-07,19433.97630178706,19611.44114530377,19131.63020989376,19409.6484375,72631
2022-06-08,19522.07211016787,19526.19158007962,19144.38378039829,19211.828125,72900
2022-06-09,19155.173151581545,19203.09503655365,18717.69315045644,18833.40234375,60727
2022-06-10,18616.59711142167,18964.462320021652,18404.551754529537,18814.61328125,64693
2022-06-13,18250.146234562588,18978.545222289293,18238.32622889317,18772.240234375,46950
2022-06-14,18764.730767099434,19056.04047754194,18539.29424523487,18844.044921875,36353
2022-06-15,18979.71991252579,19007.040617380953,18689.193847830946,18947.39453125,30378
2022-06-16,19065.901088120234,19119.806741300425,18295.80937964715,18356.484375,49042
2022-06-17,18382.529087939532,18382.529087939532,17638.7273329362,17703.033203125,75217
2022-06-20,17608.122050583966,18152.091278788812,17525.91276961097,18064.291015625,37518
2022-06-21,18152.58088176073,18325.238373934848,18064.29011871715,18199.03125,26893
2022-06-22,18199.033389127468,18236.94975447545,17790.590844400875,18145.470703125,27406
2022-06-23,18145.423441468243,18292.674384924554,17893.256296600946,18181.623046875,20770
2022-06-24,18246.7597257177,18577.75240631435,18208.94107826031,18436.732421875,30264
2022-06-27,18541.06308936798,18821.974527094848,18494.072392829174,18738.736328125,28772
2022-06-28,18727.451970410464,18984.47619336738,18457.67463715416,18871.5625,37399
2022-06-29,18738.245593727705,19218.93981606824,18650.102352694812,19015.96875,125068
2022-06-30,19031.566143352396,19079.635562992822,18511.63160438452,18648.677734375,54351
2022-07-01,18688.216254063802,18906.000191512732,18539.936401733816,18848.90625,17699
2022-07-04,18900.060939813684,19156.301523131726,18689.193918043144,18926.009765625,18325
2022-07-05,19020.67892597855,19319.003272120128,18937.195473382613,19194.169921875,35621
2022-07-06,19080.61339587497,19718.268856405495,19031.56297583416,19611.19140625,25203
2022-07-07,19679.030356258492,19789.834499054952,19541.738984168966,19634.4921875,19677
2022-07-08,19938.998834854687,19961.562031568177,19482.82985782111,19554.248046875,21583
2022-07-11,19541.641011538075,19660.000079405396,19388.751208218295,19477.091796875,16712
2022-07-12,19424.01701248267,20110.67310660485,19214.0812054186,19582.98828125,26628
2022-07-13,19556.34720448323,19745.126423350037,19321.84801854712,19404.98046875,22871
2022-07-14,19467.853242708592,19611.354150360763,19049.98265542823,19234.533203125,21860
2022-07-15,19172.837235306746,19461.709503399416,19123.775844953805,19371.302734375,19672
2022-07-18,19466.870597782465,19761.838079944933,19448.189323912175,19719.263671875,18144
2022-07-19,19644.8369573363,19848.36454743483,19568.44113731347,19731.556640625,16234
2022-07-20,19949.63364479803,20033.207763073427,19775.55290441051,19869.205078125,19629
2022-07-21,19869.209384175225,20165.947497752415,19763.80841795813,20100.021484375,21427
2022-07-22,20105.970454425827,20536.81893334118,20009.614392783024,20431.41796875,45573
2022-07-25,20352.757952313226,20466.172574511453,19970.479295673056,20332.16015625,27434
2022-07-26,20303.596055344413,20392.086304496035,20057.789807701018,20305.90625,21917
2022-07-27,20276.069085822117,20775.5474630696,20195.19881706502,20670.833984375,25232
2022-07-28,20795.2111988183,21259.29345346805,19703.781390898344,20072.982421875,116841
2022-07-29,20082.36911165876,20367.406401751552,19834.05488847637,20154.14453125,54333
2022-08-01,20279.262572816773,20633.125654308813,20205.274887401836,20595.615234375,32066
2022-08-02,20549.401959846444,20931.77853636771,20461.009650597625,20756.8125,32690
2022-08-03,20844.36753229493,20932.857771818824,20484.507224897763,20604.90234375,23018
2022-08-04,20696.884737408313,20893.283916804856,20195.390094664544,20340.859375,28415
2022-08-05,20442.574307571656,20920.07790326783,20352.855028130325,20881.142578125,32998
2022-08-08,20844.319613333915,20915.457476812393,20651.16583446575,20840.04296875,20766
2022-08-10,20883.702476163297,21090.17976053214,20505.160788153742,20750.869140625,25095
2022-08-11,20854.643937503628,21090.176254447833,20795.35662220792,20837.4375,17013
2022-08-12,20941.661329292627,20942.694483785024,20696.88821050116,20797.373046875,16651
2022-08-16,20849.28535725874,21237.561279533373,20696.885487870622,21080.884765625,31930
2022-08-17,21099.813109669885,21434.30549423817,21002.915515541063,21061.61328125,28971
2022-08-18,21041.01756705978,21308.7985444075,20846.880535269076,21259.78515625,27367
2022-08-19,21286.820408074702,21409.7235282137,20977.104545324422,21063.82421875,26082
2022-08-22,21031.18281197309,21111.56145595994,20469.171784389262,20580.32421875,50277
2022-08-23,20549.35561352672,20938.321017413262,20394.055969924688,20772.25390625,41131
2022-08-24,20829.621048188063,21084.71799922941,20726.382426046937,20989.88671875,19541
2022-08-25,21041.0153378866,21567.97401695422,20991.21460676461,21348.37109375,88611
2022-08-26,21348.37160851221,21828.283366218457,21217.996352347178,21727.208984375,35767
2022-08-29,21055.762713580392,21853.158163532,21050.84658873482,21528.498046875,33834
2022-08-30,21591.61990782226,22171.72262847869,21532.62641080635,21702.822265625,52105
2022-09-01,21640.786488804988,21680.95085384976,21183.58677425277,21224.046875,34381
2022-09-02,21223.89695571868,21245.33203098988,20658.54252462731,20734.64453125,87390
2022-09-05,20838.320652508974,21009.401785024544,20452.06113480682,20936.447265625,40749
2022-09-06,20935.81161108384,21335.984218312085,20817.72666314603,21291.099609375,31067
2022-09-07,21217.996243564376,23178.988645390946,21139.33824080788,22792.189453125,227529
2022-09-08,22958.30137942809,24462.635474097253,22758.608786619723,24048.15625,368238
2022-09-09,24174.552475211538,25121.3981267196,23825.9992213594,24094.517578125,434043
2022-09-12,24186.348875644755,24580.622053380986,23502.220234510616,23730.23046875,174699
2022-09-13,23971.02300287481,24529.44481530799,23449.913807160137,23530.833984375,137542
2022-09-14,23351.592472706543,23891.382968180897,23110.80029930521,23726.544921875,161087
2022-09-15,23941.529815079346,24124.705408872753,23312.265787085475,23511.466796875,102259
2022-09-16,23562.98924284815,23663.426069697707,22821.63752621525,22926.546875,122585
2022-09-19,23007.467664572054,23337.143813397484,22625.484707833322,23008.548828125,74383
2022-09-20,23123.63123414091,23324.994542908356,22431.047225472852,22852.80078125,59048
2022-09-21,22903.737437814056,23015.72716246749,21434.405442113708,21654.5,135651
2022-09-22,21495.606768179998,22299.54100145138,21162.737126479522,21339.421875,175114
2022-09-23,21446.153643560625,21629.96678928751,20796.33985655913,20845.794921875,85503
2022-09-26,20795.210177091114,20991.855190586066,20289.930430843546,20400.4453125,100129
2022-09-27,20502.455279798487,21123.31199161067,20240.62167150425,20808.23828125,129321
2022-09-28,20687.054476300706,20795.20922879087,20416.27392099396,20494.833984375,78914
2022-09-29,20597.335144972414,21225.861739228567,20313.52685877728,20929.9609375,655229
2022-09-30,20885.665619489075,21621.117925457336,20482.543366217702,20680.26953125,217810
2022-10-03,20748.01351903451,20863.8381897732,20265.445930913585,20371.48828125,98780
2022-10-04,20539.56935823695,20813.101773216506,20485.639853400662,20657.310546875,59059
2022-10-06,20760.599061692934,21086.684081945103,20573.93226757388,20963.53515625,56605
2022-10-07,20893.82673603743,20986.937374280555,20559.430381243215,20926.71484375,41735
2022-10-10,20746.047491569774,20888.615116511843,20628.30629786762,20787.982421875,39434
2022-10-11,20854.200404199735,20893.529400718733,20373.40342175496,20453.142578125,47401
2022-10-12,20555.451966722452,20743.591706983898,20338.011350110766,20659.673828125,104160
2022-10-13,20519.904872078663,20777.166066394293,20392.725107842172,20722.10546875,63593
2022-10-14,20990.872077295026,21138.35583820159,20619.262929208704,20833.064453125,63317
2022-10-17,20377.336470044647,20637.891073883577,19811.982140960175,20481.65625,179228
2022-10-18,20455.99632436672,20834.537953056035,20416.667323983413,20616.1640625,74047
2022-10-19,20650.675773830983,21114.80792792218,20650.675773830983,20966.291015625,62446
2022-10-20,20745.06386367614,21719.43981935665,20745.06386367614,21528.3984375,69424
2022-10-21,21571.959036170207,21825.926851673205,20502.455916680956,20584.013671875,108220
2022-10-24,20893.53236518166,20893.53236518166,20647.726102061875,20691.4296875,7274
2022-10-25,20734.249645566182,20991.854606071603,20646.103136649202,20942.349609375,93534
2022-10-27,21006.60401946715,21222.913538974888,20845.453043361587,21151.333984375,52523
2022-10-28,21237.65955899424,21453.969054502515,21003.16040136368,21414.4921875,42127
2022-10-31,21395.463138968746,22417.525312767968,21395.463138968746,22359.0234375,74994
2022-11-01,22417.531379735214,22614.176391838155,22024.24135552933,22259.673828125,48449
2022-11-02,22319.209185195396,22556.16642808668,21857.289277173943,21952.662109375,78457
2022-11-03,21955.41626738635,22650.75228313318,21857.63530029622,22432.576171875,129148
2022-11-04,22339.854769560145,22613.191313987667,22259.03444435235,22578.384765625,49873
2022-11-07,22584.678840977198,23100.871979484513,22550.461841937304,23013.462890625,49932
2022-11-09,23105.787695372164,23279.72058341513,22550.609310355558,22694.50390625,57776
2022-11-10,22614.17552493467,22685.85301317076,21928.867684026867,22023.798828125,34107
2022-11-11,22152.057947435107,22704.8761711788,22152.057947435107,22480.455078125,45310
2022-11-14,22480.45464479836,22810.818219004632,22417.52824971145,22637.720703125,27815
2022-11-15,22741.99273294573,22899.210784030423,22605.324467062484,22814.259765625,38556
2022-11-16,22751.824183263452,22999.546928644206,22693.66604636322,22863.666015625,31180
2022-11-17,22825.570577051694,22933.72533748571,22700.455183731436,22849.85546875,29926
2022-11-18,22958.30481861959,22958.30481861959,22427.363293906332,22759.693359375,39104
2022-11-21,22663.336243796693,22895.47528216089,22631.873043805306,22833.92578125,21914
2022-11-22,22833.924674774404,22995.61525000049,22763.62409070024,22874.384765625,26184
2022-11-23,22977.96791665405,22977.96791665405,22771.686546502086,22897.44140625,23001
2022-11-24,22968.08633620555,22971.08594063477,22649.571361916816,22809.787109375,33304
2022-11-25,22913.076415916432,22913.076415916432,22515.853498304426,22815.09765625,44115
2022-11-28,22732.359967022996,23066.46062088701,22732.359967022996,23033.12890625,22672
2022-11-29,23056.62577879245,23130.36765228539,22749.613778816845,22828.861328125,31156
2022-11-30,22909.091421085366,23614.11364010367,22828.02529204759,23479.166015625,46520
2022-12-01,23499.08064211705,23695.725668410916,23272.9388618791,23604.77734375,37020
2022-12-02,23597.401642580677,23756.684103668096,23115.621359044653,23690.66015625,28427
2022-12-05,23685.89241664815,23705.556918446942,23291.47128774652,23357.1015625,23170
2022-12-06,23322.097973751817,23668.14325880548,23154.94971677299,23606.9375,29434
2022-12-07,23567.900386062705,24029.130793442386,23428.47832986054,23849.3984375,44520
2022-12-08,23853.03884679791,24133.208046476742,23824.427382954193,24073.28125,21481
2022-12-09,24073.282056986398,24200.020149649823,23800.043432282007,24031.544921875,22709
2022-12-12,23961.24267878237,24162.753870177752,23794.044502881043,23871.177734375,26967
2022-12-13,23921.864709826237,24011.338186546098,23574.294665645244,23801.861328125,28325
2022-12-14,23862.87501972914,24025.107173756965,23774.38475389578,23944.728515625,15031
2022-12-15,23931.69411135606,24157.590032559183,23698.326064971,23888.923828125,18723
2022-12-16,23794.047306424887,23921.8166394154,23236.55867738592,23327.802734375,26791
2022-12-19,23376.17548303538,23521.201177409625,23171.468796476773,23424.009765625,27421
2022-12-20,23410.589365546508,23413.539040813062,22891.49644803213,23332.029296875,32638
2022-12-21,23371.259731134327,23538.997542692305,23046.79546057167,23175.84375,35053
2022-12-22,23204.111047996565,23459.30787641687,23028.507439137822,23414.962890625,36764
2022-12-23,23302.38138446,23302.38138446,22781.86363224463,22881.021484375,27459
2022-12-26,22899.259980420982,23449.915901635137,22686.983242363563,23349.626953125,15650
2022-12-27,23361.425897219207,23815.675845220692,23302.432397478755,23728.21875,14980
2022-12-28,23695.72165955043,24031.984597623716,23608.656320743965,23876.880859375,25314
2022-12-29,23705.555913034656,23744.884914964205,22835.40174534342,22866.619140625,90610
2022-12-30,23007.46778944798,23027.132291832124,22668.648797441496,22898.771484375,56763
2023-01-02,22905.704550477374,23125.405440599174,22750.846590410405,23061.25,23428
2023-01-03,23076.291820525756,23390.62809946351,23058.59376970473,23334.830078125,20755
2023-01-04,23302.38459925609,24177.504854836523,23263.105525231076,23604.826171875,94884
2023-01-05,23725.169970818897,23970.78035069464,23503.69853349924,23831.408203125,44843
2023-01-06,23892.367664251542,23957.89999502432,23157.013297623977,23452.916015625,28542
2023-01-09,23570.212973457747,23644.594327292965,23266.052709860836,23353.85546875,17654
2023-01-10,23440.083671130542,23499.07717030285,22815.73580489028,23164.2890625,31716
2023-01-11,23204.106523373102,23373.171268647922,22859.977824933245,23122.203125,19213
2023-01-12,23135.281422483295,23597.39711600506,23110.259117435966,23454.681640625,37645
2023-01-13,23595.436432971033,23882.783974330137,23351.59660317785,23734.80859375,42213
2023-01-16,23715.386935142473,23872.70293471224,23578.227048017583,23656.787109375,25269
2023-01-17,23597.39904923228,23788.538365603315,23529.212782301856,23687.4140625,18810
2023-01-18,23612.1957164055,23733.671999624425,23417.467258353965,23656.29296875,22616
2023-01-19,23597.401033231516,24069.349053896145,23449.819338341793,23980.3671875,28281
2023-01-20,23941.528065763207,24357.432228876878,23794.04431997822,24011.287109375,44330
2023-01-23,24039.802609439263,24137.68343158143,22560.098834503184,22650.60546875,67600
2023-01-24,22763.871064803156,22956.041623402925,22063.618986146503,22229.14453125,84528
2023-01-25,22270.047133994558,22410.254640487736,21632.96723810063,21775.2890625,47092
2023-01-27,21884.18239119892,22004.479597004243,21050.8491972204,21533.80859375,52018
2023-01-30,21493.294815093337,22348.700418438773,21493.294815093337,22206.4765625,54148
2023-01-31,22323.33790527204,23345.30242889337,22323.33790527204,23287.244140625,82554
2023-02-01,23341.95717028793,24256.160535342107,23056.626045957535,23515.7421875,111351
2023-02-02,23449.914900591782,24285.558164077567,23351.59240624968,24111.87109375,72967
2023-02-03,24089.013124898673,24327.740929236097,23862.871369032277,24057.15625,54355
2023-02-06,23911.000831796166,23951.31306014474,23597.401960141302,23716.322265625,30089
2023-02-07,23727.18494780987,24000.52148914466,23621.97987614504,23855.25,38892
2023-02-08,23960.06426962115,24192.1053900791,23351.595808797687,23833.326171875,81785
2023-02-09,23558.07190558782,23744.88466276903,22703.15773522436,22810.625,72685
2023-02-10,22901.767716425402,23670.158033926164,22370.334617757253,23568.4921875,70017
2023-02-13,23596.42039024235,24138.177448245748,23412.950961204995,23788.54296875,77436
2023-02-14,23740.753780405317,24314.169803452274,23658.112955162673,24221.55078125,75478
2023-02-15,24148.00592782684,24580.624926533837,23882.585108014657,24473.01171875,54111
2023-02-16,24530.587494715288,24797.524099721224,24457.697056447985,24740.984375,50403
2023-02-17,24575.895364264623,25659.45179293707,24457.940916574415,25371.189453125,132205
2023-02-20,25216.149125517833,26522.21682992658,25157.0487760049,26115.361328125,187893
2023-02-21,26063.30451795461,26643.422937257492,25922.891166079116,26133.091796875,128006
2023-02-22,26132.205034723138,26132.205034723138,25487.02620706601,25821.830078125,93446
2023-02-23,25826.802036880643,26101.81681033887,25204.32839157144,25250.279296875,78884
2023-02-24,25363.899041560162,25487.02476506288,24822.145858148197,25031.755859375,31612
2023-02-27,24969.898641048094,25614.979365856343,24506.945885178564,25260.525390625,38186
2023-02-28,25386.852644159164,25820.943962991772,25236.835480117963,25696.783203125,63139
2023-03-01,25521.500992826488,26023.85396489679,25511.600914723418,25934.7109375,29240
2023-03-02,25905.602341454764,26387.320194157233,25766.766544438353,26178.302734375,45919
2023-03-03,26058.328695252472,26215.48714172372,25068.44787634396,25271.2109375,93972
2023-03-06,25363.900909690696,25504.56051611599,24831.99774498262,25188.02734375,64371
2023-03-08,24990.58145988078,25755.832829481,24989.59645410805,25624.62890625,36651
2023-03-09,25738.202391581668,26053.306142023775,25122.573746547663,25177.5859375,45802
2023-03-10,25019.14559700459,26264.04470683414,24772.894163963207,25789.173828125,67356
2023-03-13,25639.750308120725,25758.885986908797,25119.61723980529,25380.59375,36270
2023-03-14,25380.594773094555,25412.46125022843,24684.29570269993,24846.525390625,50043
2023-03-15,25019.148537691017,25167.540053451175,24816.77985576744,24951.28125,36837
2023-03-16,25018.161545987434,25263.822369732014,24659.56942597265,25091.001953125,40517
2023-03-17,25091.003751102377,25216.149512653134,24683.26135303027,24784.470703125,41257
2023-03-20,24947.38755400842,24997.622844818135,24380.46675259955,24700.19921875,35356
2023-03-21,24812.297688253042,24812.297688253042,24505.025878834902,24765.904296875,29461
2023-03-22,24849.18421137424,25314.649479411823,24731.722267778136,25111.73828125,52197
2023-03-23,25019.198370756207,25253.727876632238,24843.81731130375,25032.1015625,27917
2023-03-24,25032.101923303653,25206.299823954512,24734.087632402552,25129.125,35202
2023-03-27,25068.396564303574,25418.960498668133,24951.771497680547,25200.04296875,37651
2023-03-28,25176.750449162897,25198.7649459497,24750.833519237774,24815.59765625,23209
2023-03-29,24815.153881420872,25624.138019274913,24655.68105199165,25417.779296875,41315
2023-03-31,25447.624853088346,26028.77827531874,25364.2437273174,25794.296875,42060
2023-04-03,25905.6031867531,25989.378701734513,25442.7004686679,25867.08984375,39037
2023-04-05,25812.07816909215,26201.057362063624,25757.90284761533,26137.080078125,21471
2023-04-06,26005.18852265183,26174.016980147964,25612.761821474498,25772.380859375,18301
2023-04-10,25733.373754116637,26078.96264237078,25529.03507748332,25610.888671875,28668
2023-04-11,25610.89139041799,25956.874702471847,25610.152636015027,25808.533203125,45833
2023-04-12,25808.531819730575,26086.894079077894,25657.677793963932,25725.298828125,25784
2023-04-13,25807.152614259732,25807.152614259732,25388.771390102982,25421.2265625,27530
2023-04-17,25462.400117315323,25708.651569126883,25069.382800224073,25149.31640625,19918
2023-04-18,25216.146128922104,25656.295544846,24837.017047083074,24884.83984375,31230
2023-04-19,24960.045384473513,25078.246072955626,24305.016569135118,24387.70703125,20893
2023-04-20,24452.718503654272,24525.51081566828,23813.449751519813,23890.724609375,37209
2023-04-21,23934.657156114754,23983.90744862909,23472.73943215866,23528.884765625,21807
2023-04-24,23687.616496327253,23728.79050966979,23196.887360013432,23512.43359375,29799
2023-04-25,23600.740157011507,23821.62771878988,23498.94018722069,23717.365234375,45207
2023-04-26,23640.09082524116,23906.042409748203,23344.639084507042,23603.203125,35697
2023-04-27,23678.552912562667,23700.223038777414,23199.347621495577,23389.75,31520
2023-04-28,23490.420818993905,24034.14407847414,23319.02979154905,23969.576171875,33989
2023-05-02,23984.891299740637,24034.141589883842,23597.834039040976,23828.916015625,34660
2023-05-03,23768.189238685005,23960.265363904382,23592.069437409635,23894.8125,28202
2023-05-04,23886.389738371305,24198.58654523047,23758.338989258387,24089.6953125,22757
2023-05-05,24043.99081315336,24250.842024573358,23935.640178600024,24148.59765625,26761
2023-05-08,24152.3429717778,24339.494079634154,24152.3429717778,24202.97265625,16402
2023-05-09,24231.53880363307,24370.326515567136,23708.056279404198,23844.037109375,23539
2023-05-10,23911.70196267918,24105.89622007094,23754.643574264683,24065.462890625,14179
2023-05-11,24083.39244482999,24561.120270422733,24034.142153531768,24503.841796875,19207
2023-05-12,24231.192748117643,24550.2846081278,23847.04048535204,24379.73046875,41410
2023-05-15,24379.730698801755,24674.395572007415,24078.02457311718,24223.212890625,19341
2023-05-16,24223.212361123118,24377.760154299056,23970.214008799812,24032.515625,12024
2023-05-17,24034.140359453704,24476.357922474384,23984.890071831873,24052.85546875,28274
2023-05-18,24142.492569602415,24300.0434804627,23541.639021358536,23624.67578125,17375
2023-05-19,23714.555136995892,24130.67003221274,23371.82124378676,24042.66015625,29803
2023-05-22,23962.433440692846,24542.651903655576,23870.82789704001,24101.763671875,33885
2023-05-23,24043.993128597667,25068.39922666164,24043.993128597667,24394.458984375,64597
2023-05-24,24280.393184562115,24329.643474997334,23350.301449693037,23631.078125,76229
2023-05-25,23671.464549312965,23935.6423509094,23482.539656200825,23883.53515625,37451
2023-05-26,23886.38911079443,24710.542641011347,23815.46869776444,24602.48828125,48742
2023-05-29,24674.395578379797,25087.60551630915,24617.65962840459,24882.576171875,32876
2023-05-30,24822.143826679217,25496.872736253634,24739.453367078033,25203.291015625,54929
2023-05-31,25142.273043859706,25206.298420856805,24613.47306492158,24787.8671875,208322
2023-06-01,24975.23213017139,25069.062775462808,24779.970453205064,24844.236328125,31272
2023-06-02,24975.235718011576,24975.28584740639,24649.421644468785,24716.994140625,43663
2023-06-05,24845.86507462558,24973.25928051177,24390.48776256289,24501.4453125,37650
2023-06-06,24629.727978637067,25526.022258245426,24458.998831866313,25462.697265625,77331
2023-06-07,25463.876837641958,25533.521978349436,25187.717909736148,25464.46875,39831
2023-06-08,25464.470239761173,25802.377021893877,25232.53698450394,25302.970703125,36793
2023-06-09,25344.582731906452,25614.917055547376,25044.978626528056,25121.138671875,21413
2023-06-12,25222.02551820806,25419.261541818447,25054.751447000508,25385.302734375,17611
2023-06-13,25567.52757994047,25883.419812588385,25419.798217405583,25828.138671875,34032
2023-06-14,25863.680194341006,26051.1911045286,25750.946909142778,25899.31640625,26924
2023-06-15,25899.31295236522,25946.500126197985,25681.98858066841,25809.6796875,23905
2023-06-16,25834.06562396781,26061.113201098597,25774.885950628373,25876.662109375,31673
2023-06-19,26080.65887175828,26238.801668153104,25483.770170547574,25665.259765625,33881
2023-06-20,25577.40162532111,25852.623530202796,25409.58386089407,25616.09765625,18089
2023-06-21,25616.8905324462,25809.042276135544,24924.19873770933,25331.353515625,62343
2023-06-22,25320.739710891805,25641.567796897256,25187.522789170285,25327.0078125,35342
2023-06-23,25320.73944134578,25320.789570733687,24744.236056014553,24822.46875,25869
2023-06-26,22340.24731665384,23835.059441715675,22315.41977241987,23397.89453125,438935
2023-06-27,23800.508459056804,23964.871157457175,23336.838603018987,23709.837890625,154928
2023-06-28,23741.278024701063,23988.01872717094,23521.830845791934,23744.634765625,71538
2023-06-30,23771.879564217485,23899.22363065094,23543.844840604088,23579.826171875,46765
2023-07-03,23889.353092222544,23899.22472573173,23642.562254492972,23811.3671875,30015
2023-07-04,23811.369816831495,23888.270235970314,23662.35826377739,23772.8203125,17326
2023-07-05,23703.766941765578,24244.535809384564,23695.474383811437,24118.869140625,43292
2023-07-06,24234.808431547935,24234.858560933324,23869.60814677669,23907.6640625,22295
2023-07-07,23907.667872779097,23956.038881281933,23418.329799317245,23576.76953125,35053
2023-07-10,23600.115107127367,23781.75317044403,23450.116401604377,23709.0,24408
2023-07-11,23766.253190659863,24034.268024613233,23258.456007312136,23647.841796875,105568
2023-07-12,23514.230563482677,24028.049077684725,23421.437210293454,23949.96484375,62988
2023-07-13,23999.9153519522,24197.249691118956,23706.727837164035,23842.90625,32096
2023-07-14,23960.42895092811,24091.72167713417,23693.30293269399,24027.2109375,20770
2023-07-17,24126.272195808524,24212.50052854088,23761.02175749227,23808.35546875,36264
2023-07-18,23849.81568805233,23942.4123787139,23149.868692655225,23640.833984375,17119
2023-07-19,23741.278094922247,23815.217013976155,23599.07644596395,23719.857421875,29499
2023-07-20,23308.210425147947,23440.933764330104,23050.26387446629,23108.556640625,101108
2023-07-21,23127.314456242017,23157.91652189561,22730.42463676168,22792.369140625,37839
2023-07-24,22902.187849657872,23022.91868872457,22793.796551458447,22938.712890625,35964
2023-07-25,23023.60972305177,23405.59179204546,22902.18863674489,23377.8046875,32141
2023-07-26,23445.129312814115,24027.555683111394,23261.912182616026,23962.896484375,87313
2023-07-27,23988.068202739334,24002.233610491196,23459.590715414342,23563.14453125,36633
2023-07-28,23750.854379866887,23874.398264447183,23567.095456203504,23739.35546875,22865
2023-07-31,23494.48811969959,23987.08263952018,23494.48811969959,23798.9296875,30798
2023-08-01,23889.35399201799,23889.35399201799,23673.016749905193,23792.662109375,47864
2023-08-02,23790.639018101647,23790.639018101647,23598.142146378417,23736.443359375,34126
2023-08-03,23731.40752309127,23912.798793156497,23554.113366640933,23804.802734375,24563
2023-08-04,23918.968506279634,23974.24965511792,23793.105176335324,23913.2421875,18589
2023-08-07,24086.78282389924,24086.78282389924,23734.21709051993,23942.11328125,8891
2023-08-08,23988.068676463226,24064.573833764705,23810.52773896847,23958.50390625,20046
2023-08-09,24037.42863133512,24059.146225991768,23703.767404337534,24018.72265625,30445
2023-08-10,23889.453290630685,24081.85182837711,23619.809214635825,23864.232421875,37905
2023-08-11,23868.772385007687,23968.32742860517,23742.36534001227,23801.1015625,12901
2023-08-14,23791.622138124887,23820.003082337622,23347.3986634908,23416.056640625,16303
2023-08-16,23385.900249328504,23665.909525007664,23204.312318529457,23613.44140625,17783
2023-08-17,23652.434100816605,23730.173215400882,23415.663354579174,23485.751953125,22943
2023-08-18,23505.34730412365,23538.860729743003,23149.968486372,23235.111328125,19865
2023-08-21,23366.10605625786,23469.80833602599,23222.27712928536,23307.123046875,24001
2023-08-22,23425.385060954995,23625.68087972486,23354.60622371149,23556.380859375,16676
2023-08-23,23563.292561369886,23978.198094179726,23321.734457595554,23366.650390625,40294
2023-08-24,23445.077474603986,23612.945359469846,23295.128916707818,23553.3203125,48660
2023-08-25,23514.23299049538,23592.120571024236,23307.915832854174,23546.119140625,21989
2023-08-28,23641.57409598746,23784.712775845415,23447.49817497693,23712.0078125,13891
2023-08-29,23715.61129361532,23857.71268047407,23699.816680699158,23820.447265625,15323
2023-08-30,23839.99341238525,24012.74698783732,23658.355367338507,23739.154296875,17040
2023-08-31,23742.265421043445,23790.636424562264,23489.55160674104,23495.623046875,61972
2023-09-01,23524.101881757993,23869.115461601654,23514.230248572196,23829.48046875,27413
2023-09-04,24274.34826702772,25462.59609316382,24135.158226130974,25342.015625,119316
2023-09-05,25370.09891106568,25506.624377983586,25073.949896539623,25394.828125,41937
2023-09-06,25370.098357155595,25488.212838814285,25172.665685115473,25321.037109375,37280
2023-09-07,25310.869827638933,25463.88015616015,25166.79409919795,25408.40234375,22670
2023-09-08,25370.097487431973,25714.814149775262,25320.73932111401,25639.69140625,30009
2023-09-11,25636.634020703244,25719.80253884896,25379.97153147017,25466.25,20820
2023-09-12,25616.790937075504,25861.655652416,25178.243613097828,25700.896484375,46577
2023-09-13,25569.503795182096,25990.82586282006,25518.171303584943,25901.734375,40313
2023-09-14,25863.680132113823,26160.816304623982,25814.717214878983,26105.53515625,88963
2023-09-15,26061.11164242328,26769.844776644277,25826.166772313554,26450.30078125,57876
2023-09-18,26332.927190254224,26478.286991926783,25968.31879659319,26053.21484375,20562
2023-09-20,26011.70346718577,26153.559993726616,25715.604599268896,25772.61328125,28131
2023-09-21,25764.963684202197,26159.778898632037,25616.88918027,25956.078125,29874
2023-09-22,25917.974082543908,26102.82042217279,25488.55801985464,25606.720703125,50277
2023-09-25,25606.720411492504,25719.503824374115,25449.12132490637,25524.5390625,25519
2023-09-26,25582.336995877227,25906.965262440757,25582.336995877227,25698.822265625,15228
2023-09-27,25750.15613293448,26178.486698575078,25567.530912133527,26089.296875,16809
2023-09-28,26165.753527850567,26202.27857427517,25223.259255583333,25302.67578125,46905
2023-09-29,25467.82582143997,25468.812984733948,25017.235907123235,25138.11328125,22812
2023-10-03,25172.568902469422,25366.743176140964,24984.2173505384,25295.173828125,14992
2023-10-04,25261.508322137503,25295.960706202342,24989.0011276131,25140.037109375,16317
2023-10-05,25172.6650823726,25607.0169504606,25111.017503225557,25432.4375,26035
2023-10-06,25567.234264935356,25567.234264935356,25224.048463110812,25456.228515625,9701
2023-10-09,25319.802788993817,25443.83832096644,25173.6524844084,25399.712890625,6134
2023-10-10,25419.507755789004,25885.398752597823,25419.507755789004,25827.896484375,11972
2023-10-11,25891.269320071915,26574.436464062746,25863.678876613816,26161.16015625,31504
2023-10-12,26332.58338785244,26451.042994470707,26089.24761259075,26311.359375,21583
2023-10-13,26115.40749352496,26554.151491175122,26115.40749352496,26506.47265625,14489
2023-10-16,26505.334016833174,26948.52019931232,26235.64178047911,26316.6875,28766
2023-10-17,26367.183682933737,26530.01550922853,26187.56815133314,26289.837890625,22537
2023-10-18,26357.313026517637,26569.799949311884,26176.611994123235,26469.552734375,21203
2023-10-19,26219.05942339049,26258.49582927619,25666.247929523823,25959.87890625,26692
2023-10-20,25959.877748342464,26060.9636597514,25567.530450925962,25749.810546875,22799
2023-10-23,25690.927606544403,25863.18762065937,25232.440334466693,25374.146484375,16692
2023-10-25,25319.7522940422,25657.26382275136,25120.64222126541,25377.3046875,39909
2023-10-26,25350.354335107982,25567.431937162983,25050.108222432544,25105.142578125,56816
2023-10-27,25105.142290826992,25352.57516247272,24984.116453465802,25186.978515625,19096
2023-10-30,25369.998758076188,25664.271755429345,25035.498855805974,25610.521484375,25503
2023-10-31,25597.836604886175,25746.651483946447,25223.061571307506,25325.7265625,22304
2023-11-01,25441.468376137418,25458.940394562644,25001.045103476205,25094.33203125,12977
2023-11-02,25172.6660260913,25616.889544198795,25100.059388743677,25559.880859375,15029
2023-11-03,25665.260830753345,25809.38668487427,25547.788388010944,25624.638671875,7457
2023-11-06,25691.91527842222,26154.303011931686,25665.85377841243,26062.1015625,20370
2023-11-07,26147.93496260924,26406.621912226903,25982.14163475933,26343.0,17181
2023-11-08,26326.710124159003,26359.08792596161,25863.73050221792,25933.275390625,28452
2023-11-09,26061.014249227603,26061.014249227603,25553.068573535984,25618.271484375,23367
2023-11-10,25627.25545109233,26132.13940090716,25427.404991941687,26020.146484375,41966
2023-11-13,25962.394100289177,26007.06323842751,25740.52915450819,25859.92578125,10644
2023-11-15,25967.335112356242,26061.06551273403,25809.585618422196,25867.087890625,15802
2023-11-16,25863.679198716123,25937.716448330768,25633.620013858865,25838.408203125,16298
2023-11-17,25863.681036458263,26140.086787992932,25733.425597268953,25863.484375,18638
2023-11-20,25863.4808574387,25977.201294239305,25572.51448535141,25620.490234375,19776
2023-11-21,25669.210077358268,25859.140702513785,25525.03409051565,25604.107421875,12026
2023-11-22,25597.490984714525,25764.96363394586,25547.837824658174,25663.3359375,39407
2023-11-23,25764.961762835093,25764.961762835093,25537.518956145617,25589.443359375,57461
2023-11-24,25589.442901449347,25712.49318844948,25271.379667635025,25316.197265625,13597
2023-11-28,25286.18687967977,25992.995773134808,25271.379430794543,25732.828125,16523
2023-11-29,25905.23910506366,25905.23910506366,25583.375649843543,25771.775390625,15622
2023-11-30,25906.128822148417,26604.053338295922,25771.87460122047,26398.4765625,42932
2023-12-01,26495.41486546372,26718.02020660901,26283.22486914994,26679.62109375,16305
2023-12-04,26772.018961522757,27556.665377831072,26704.446472248896,27361.20703125,29221
2023-12-05,27393.68369394628,27689.931019528496,27246.6946905528,27644.373046875,20686
2023-12-06,27640.573453262838,27683.46492906092,27258.541241605242,27442.251953125,14937
2023-12-07,27541.85930836352,27788.45350091932,27197.33927615496,27660.8125,19069
2023-12-08,27522.607734622754,27789.635420360653,27182.58009049322,27315.056640625,21927
2023-12-11,27522.112292163976,28017.273008624674,27386.72246247619,27939.287109375,22308
2023-12-12,27887.363346183116,28430.303163542434,27838.05531035518,28239.583984375,19543
2023-12-13,28141.558392120056,28561.052674436603,27857.79906653127,28170.53125,16860
2023-12-14,28183.513820171975,28521.123688000305,28100.295178020988,28364.21484375,16406
2023-12-15,28429.31924240573,28625.419640777436,28272.360259123583,28389.734375,18437
2023-12-18,28419.445725667636,28488.844080497827,28114.412250061283,28190.423828125,9633
2023-12-19,28331.58674572831,28355.92070671466,28042.398027849948,28219.0,11149
2023-12-20,28410.460937877786,28410.460937877786,27747.729253822996,27890.32421875,15113
2023-12-21,27645.508436349508,28132.17994711974,27591.21445441774,27851.62890625,32973
2023-12-22,27851.630670592996,28008.14426613548,27547.534223124476,27824.73046875,21741
2023-12-26,28005.824233190157,28489.534274581176,27894.471436113876,28239.53515625,15472
2023-12-27,28232.67658189042,28874.52945342515,28064.957134599823,28277.197265625,27058
2023-12-28,28282.22898329196,28509.12808570257,28135.141649312536,28234.3515625,9507
2023-12-29,28331.58803830002,28530.007870902744,28078.924351040445,28285.48828125,11742
2024-01-01,28380.944370014997,28380.944370014997,27987.06622032331,28096.24609375,5760
2024-01-02,28242.74384622627,28242.74384622627,27591.216025935835,27727.98828125,16850
2024-01-03,27727.98717885409,28069.98914151984,27660.711612656305,27859.4765625,9011
2024-01-04,28074.924628656656,28132.180100824804,27813.32635064702,27993.87890625,14453
2024-01-05,27838.00645131914,27887.41474817485,26585.641282571363,26676.412109375,78459
2024-01-08,26636.681564274666,27245.711284983307,26604.105170346967,26978.83203125,34058
2024-01-09,27147.978000465522,27380.258296922646,26886.676645337877,26962.29296875,18242
2024-01-10,27041.316323179824,27041.316323179824,26455.97856857157,26497.587890625,14247
2024-01-11,26623.795555402008,26791.61332493921,26258.545115821038,26564.515625,19750
2024-01-12,26680.362217802853,26702.770055833473,26407.608198284703,26529.029296875,14382
2024-01-15,26605.04025643084,26609.039039341536,26382.583374341386,26469.501953125,11395
2024-01-16,26544.823331255113,26996.94416002844,26291.02401145615,26734.45703125,26736
2024-01-17,26613.873582686352,26740.1321597946,25727.4510305673,25801.48828125,48405
2024-01-18,25911.95145830373,26256.569785076328,25320.738964854794,26137.271484375,28106
2024-01-19,26277.251544158305,26436.234975679654,26116.542504797668,26307.41015625,52520
2024-01-23,27245.710331893613,27803.457662963174,27062.888438134356,27140.82421875,38128
2024-01-24,27101.579292308954,27502.17090190784,26869.05222246805,27280.404296875,46946
2024-01-25,27344.37604861014,27886.8724662619,26920.389368341126,27590.033203125,25490
2024-01-29,27639.338067861925,28479.66081549414,27563.523156237487,28046.83984375,35863
2024-01-30,28069.940154634754,28331.58857575171,27639.63718627019,27717.326171875,30799
2024-01-31,27739.290312431604,28331.58832622018,27652.765058639972,28189.68359375,63061
2024-02-01,29121.31893932109,30343.18038058023,28827.242590590955,29233.412109375,174274
2024-02-02,29121.318286908492,29318.602493149974,28010.069295568053,28088.6953125,64360
2024-02-05,28627.736695790943,28627.786825179013,26356.470524925593,26608.791015625,71596
2024-02-06,26901.188753340026,27556.66522511052,26881.88893840914,27215.501953125,58072
2024-02-07,27487.46628265969,27844.917760812965,27349.411868084277,27755.3828125,19792
2024-02-08,27813.527785587823,27937.044520935535,26945.996022543903,27066.990234375,32063
2024-02-09,27145.905323190127,27516.751024326604,26898.674855765807,27324.009765625,25267
2024-02-12,27324.011725126085,27402.631019405086,26861.097751021207,26963.451171875,17053
2024-02-13,26997.5189588362,27195.353567107835,26694.81033688323,26947.77734375,19098
2024-02-14,26799.784788069363,26985.010641506164,26480.36299889791,26600.466796875,22415
2024-02-15,26844.186215833724,26844.186215833724,25959.199629592407,26041.181640625,21511
2024-02-16,26245.985096003024,26354.766496174852,25960.68115100691,26006.666015625,27371
2024-02-19,26133.252136541098,26596.463576375256,25967.458980974887,26518.240234375,23096
2024-02-20,26453.66258886016,26503.05846846351,26119.90142535585,26231.056640625,20365
2024-02-21,26394.326505859746,26422.75801155639,25933.488883089773,26053.1484375,23910
2024-02-22,26053.199334593504,26354.77031462277,25917.07384008544,26308.63671875,18526
2024-02-23,26009.291013175727,26483.181648906848,26009.291013175727,26196.197265625,14216
2024-02-26,26048.40017295265,26156.984571481684,25684.872864411835,25810.564453125,28996
2024-02-27,25899.865972614654,26213.255726102885,25810.913215456716,25901.15234375,21987
2024-02-28,25901.151282176248,25998.50987195203,25139.878420670735,25322.73046875,32860
2024-02-29,25439.918617756317,25546.82069408519,25162.228562038716,25221.861328125,56138
2024-03-01,25404.417189918997,25609.07382467523,25221.71385090862,25353.78515625,18817
2024-03-04,25504.299592361083,25559.482215179534,25138.39843496777,25445.26171875,29764
2024-03-05,25515.272411272268,25515.272411272268,24678.495760487334,24732.689453125,47317
2024-03-06,24732.691045733467,24848.93959499289,24187.053353054274,24480.021484375,33596
2024-03-07,24574.66007832431,24754.595584844665,24312.943431156476,24432.20703125,73323
2024-03-11,24328.519319468272,25077.973439411126,24328.519319468272,25031.83984375,53262
2024-03-12,25079.011291627525,25079.011291627525,24493.125234893552,24683.888671875,20622
2024-03-13,24886.22080627146,24886.22080627146,23979.132150020618,24090.484375,35720
2024-03-14,24090.485480439143,24766.36537529531,23975.02883778247,24681.119140625,22932
2024-03-15,24658.47064612559,24863.326208318173,24231.20808913424,24792.716796875,30859
2024-03-18,24818.28396893944,25123.909154241835,24673.60390769898,25062.447265625,92583
2024-03-19,25062.445887234346,25167.024383015345,24522.05026248185,24728.4375,16822
2024-03-20,24910.745293688607,24910.745293688607,24574.70886426929,24659.607421875,18326
2024-03-21,24910.843259621724,25118.61535704519,24651.399994780713,25080.443359375,17006
2024-03-22,25117.62912820701,25207.570808826822,24952.479159136943,25085.044921875,12712
2024-03-26,25191.798751433904,25502.32025602487,24780.75294034888,25399.62109375,38595
2024-03-27,25541.182697250137,26042.318857062382,25464.738263769894,25651.990234375,27139
2024-03-28,25801.962868810115,25801.962868810115,25301.56835684745,25398.333984375,26276
2024-04-01,25563.682168238087,26192.389286687758,25514.185852932005,26164.896484375,20317
2024-04-02,26164.896158771044,26426.564512499528,25743.91287003177,26238.966796875,41507
2024-04-03,26306.31196795293,26447.036329625273,25993.91114743568,26062.345703125,150756
2024-04-04,26175.776976157482,26175.776976157482,25564.62316712558,25623.216796875,85718
2024-04-05,25514.186873990653,25650.607887413466,25414.305754832785,25525.115234375,39306
2024-04-08,25780.4011553061,25959.148782715765,25558.092678560217,25667.6640625,31828
2024-04-09,25908.765175721728,26415.885104853867,25593.397591647947,25703.861328125,50143
2024-04-10,25711.970574238578,25753.455077242896,25267.94462086038,25326.291015625,24321
2024-04-12,25414.304850741322,25575.201677243906,24922.265968550884,25208.7578125,19756
2024-04-15,25035.5482241882,25245.34840333469,24725.0267301767,25015.966796875,24121
2024-04-16,24968.498152793745,24968.498152793745,24523.830947665396,24606.900390625,12999
2024-04-18,24812.050684329606,24820.95098150613,24097.060144482246,24155.2578125,35792
2024-04-19,24119.805606405487,24260.676761183444,23718.353525949475,24098.791015625,35614
2024-04-22,24262.109563520757,24401.646046816106,24087.020181702126,24126.1328125,25584
2024-04-23,24297.811645929687,24297.811645929687,24030.80272674365,24107.69140625,18872
2024-04-24,24228.587549656346,24325.403393958524,24030.80316149589,24099.1875,17535
2024-04-25,24180.13058445871,24228.58775997867,23516.563956420112,23706.041015625,48298
2024-04-26,23773.6836566144,24025.85875363756,23685.669603143575,23873.0703125,15713
2024-04-29,23981.605235632607,24026.74991029869,23783.57360921905,23877.669921875,25281
2024-04-30,23907.186689297327,24747.72007705653,23907.186689297327,24174.046875,74531
2024-05-02,24228.53740328149,25091.472236591802,24201.046532138032,24552.162109375,98202
2024-05-03,24723.049598421636,25608.92668422758,24651.748709677435,25461.330078125,221844
2024-05-06,25810.86266220337,26267.398862600858,24826.885330828187,25254.099609375,51843
2024-05-07,25291.677206888206,25595.82090519129,24777.289102148254,25114.314453125,36812
2024-05-08,25162.329204243106,25457.622868308965,24881.77279624605,25376.18359375,31956
2024-05-09,25415.935872998987,25435.07112535906,25139.186467133626,25218.25,31751
2024-05-10,25316.40118856252,25546.918502149812,25095.871600084025,25376.97265625,24366
2024-05-13,25512.75210261006,25834.59596548283,25308.53972828483,25704.552734375,55302
2024-05-14,25761.417258216272,26144.079841017025,25346.07003178822,25736.595703125,84461
2024-05-15,26503.156584276017,26527.68068799015,25361.693505079053,25533.6171875,224481
2024-05-16,25808.291557671546,25934.477609619385,25222.45382014652,25401.052734375,51248
2024-05-17,25425.23449215499,26051.567846020545,25184.134539245813,26014.384765625,32325
2024-05-21,25830.64396434915,26008.6499334756,25356.20861052463,25547.267578125,55405
2024-05-22,25662.52265618832,25662.52265618832,25237.68220498695,25394.474609375,37478
2024-05-23,25564.620135909183,25564.620135909183,25143.389623568037,25392.44921875,73090
2024-05-24,25365.94456021874,25464.836747565052,25123.560195330534,25174.439453125,30382
2024-05-27,25217.50979167701,25217.50979167701,24975.32241918401,25133.6484375,43246
2024-05-28,25207.57174851925,25440.068857636616,25131.227742147563,25350.669921875,19032
2024-05-29,25170.04255398567,25217.51080962732,24906.346118378715,25044.994140625,39946
2024-05-30,25041.728225964263,25041.728225964263,24426.47006376664,24784.70703125,40445
2024-05-31,24947.832306836634,25143.3414102217,24331.880704719522,24407.1875,75751
2024-06-03,24920.833323043946,25341.422604063453,24810.172569728504,25028.873046875,42209
2024-06-04,25069.17201059906,25069.2705164987,23437.450755471313,24607.1484375,77396
2024-06-05,24915.837426217935,25316.4010204274,24586.576647260394,25198.76953125,24620
2024-06-06,25271.902039577137,25513.19901072395,25153.231398029526,25352.251953125,32684
2024-06-07,25415.293303913815,25959.20035905594,25228.58407311705,25788.611328125,77513
2024-06-10,26004.690707195365,27145.906598437512,25789.10572947371,26937.935546875,68197
2024-06-11,26937.936696328576,26987.680243428968,26519.622707945637,26764.03515625,41867
2024-06-12,26592.208950941735,27413.4101001091,26592.208950941735,27233.822265625,44979
2024-06-13,27199.31024753781,27318.969807600057,26885.229011721658,27186.20703125,29976
2024-06-14,27186.454260504805,27714.53859992896,27117.67396392645,27232.93359375,37314
2024-06-18,27375.337369577886,27393.039458747986,26961.226303776617,27157.873046875,28615
2024-06-19,27175.575016221243,27449.55661335232,26786.136782148977,27139.380859375,35730
2024-06-20,27185.46351449899,27459.296379776784,27040.932189945855,27391.603515625,30646
2024-06-21,27541.47492941573,27541.47492941573,26921.9655774317,27100.21875,59054
2024-06-24,27096.512018910315,27237.72891640684,26786.1875341651,27016.162109375,34949
2024-06-25,27096.46123903565,27275.456110724168,26807.350295288314,26916.033203125,40713
2024-06-26,26854.17498725269,27878.698105897274,26786.186604620627,27194.265625,58935
2024-06-27,27175.572453859288,27929.130903999056,27175.27500470892,27524.1171875,65372
2024-06-28,27541.47794847034,27820.749910087496,27404.116295133448,27561.65234375,38614
2024-07-01,27683.879352465727,28297.949626663158,27442.582411621202,28039.248046875,59357
2024-07-02,28039.299152513406,28211.273060697116,27301.810630681615,27390.912109375,21261
2024-07-03,27589.932351760348,27589.932351760348,26983.624715373848,27080.5390625,68891
2024-07-04,27242.821254717786,27249.64520231415,26869.008766178387,27154.857421875,40849
2024-07-05,27140.964329200764,27268.43676148253,26995.196839892567,27223.736328125,16956
2024-07-08,27205.24298237499,27244.40390549582,26653.37431278537,26892.001953125,21059
2024-07-09,27037.124404755457,27541.474567389887,26905.5977937155,27468.591796875,32653
2024-07-10,27468.592825509706,27658.118167159457,27021.600115612517,27596.310546875,42280
2024-07-11,27568.971303183072,27690.805724518694,27294.445002836284,27464.935546875,14648
2024-07-12,27483.12923290628,27576.0878939078,27161.72960710316,27359.01953125,17752
2024-07-15,27249.74571683232,27527.335349706605,26514.037967343167,27310.91015625,65384
2024-07-16,27439.617933912556,28365.44591072185,27341.1699790878,27597.6484375,99512
2024-07-18,27492.028885392272,27884.63088062611,27365.64389367642,27750.73046875,30733
2024-07-19,27543.45146639264,27687.93256290561,26807.643388628352,26981.892578125,46732
2024-07-22,26905.69807170197,27682.892220588852,26701.88164355802,27610.50390625,30476
2024-07-23,27547.284630064987,28135.863712481394,27353.51846946913,27905.1875,90200
2024-07-24,27715.734771551295,27843.458808536452,27002.45455815734,27300.55859375,40236
2024-07-25,27248.982636804587,27335.68410529656,26951.770776934347,27233.525390625,20756
2024-07-26,27398.6549564778,27615.656346498723,27071.12080577573,27315.173828125,25287
2024-07-29,27546.29404326247,27546.29404326247,26907.180386503325,26989.32421875,75146
2024-07-30,27164.36289801316,27239.123559781812,26714.05909217137,27065.076171875,54585
2024-07-31,27110.805345132158,27559.572521571503,27063.045997265024,27487.287109375,51103
2024-08-01,27571.066406883023,27645.184549097954,27237.19221871039,27515.08203125,29621
2024-08-02,27304.074582798967,27542.329424962856,26805.71342074499,27046.248046875,39746
2024-08-05,26753.595894673268,26803.040890442437,26135.34088514606,26589.904296875,75142
2024-08-06,26699.09563389884,26845.348225705457,25772.628592974906,25863.14453125,155613
2024-08-07,25861.808369381914,26451.328012478694,24738.157385057042,24869.546875,325580
2024-08-08,24821.39031184198,24821.39031184198,23808.1714673276,23923.064453125,251869
2024-08-09,24296.03141028744,24350.72687720978,23632.343276559648,24074.8671875,100935
2024-08-12,24088.145590868262,24233.20992340364,23789.34677878311,24185.59765625,96808
2024-08-13,24276.41020907341,24285.575792519692,23919.745927897467,23985.04296875,41826
2024-08-14,23988.513847914423,24241.68215557651,23791.97437656059,24116.83203125,51638
2024-08-16,24152.551838415984,24474.63618074453,24058.171097385868,24417.95703125,39023
2024-08-19,24603.697530836733,24738.05964766141,24473.595010698235,24622.17578125,28455
2024-08-20,24732.21463647017,24732.21463647017,24375.50000229031,24504.859375,24733
2024-08-21,24531.75834078559,24665.27860077475,24447.336657383934,24581.650390625,11582
2024-08-22,24623.218397374614,24994.74582197044,24574.119817556533,24784.13671875,25066
2024-08-23,24853.495070944,24870.93406394467,24413.051637022752,24480.580078125,28796
2024-08-26,24525.11981750146,24706.252339940518,24377.67700755059,24679.150390625,16730
2024-08-27,24679.148985607928,24821.141981043038,24504.360388419467,24586.75,23212
2024-08-28,24593.491889123005,24672.761806573846,24381.098441113307,24466.857421875,20949
2024-08-29,24480.086085601182,24662.45527041909,24316.096450921927,24594.828125,41631
2024-08-30,24584.57091701679,25328.61847273546,24583.580043173857,25249.447265625,83409
2024-09-02,25356.46441778176,25514.905549679854,25029.476013800988,25195.25,60617
2024-09-03,25195.93933149978,25467.785175193076,25123.60554310905,25274.8125,45076
2024-09-04,25168.19794182843,25629.945195406857,25123.955033583155,25535.564453125,46475
2024-09-05,25535.562548272053,26040.165061885647,25393.76888585134,25428.052734375,45730
2024-09-06,25651.74439693271,25651.74439693271,25050.33423696311,25376.7265625,36981
2024-09-09,25318.809094152773,25615.030063093654,25082.288275803734,25563.158203125,21329
2024-09-10,25711.196727545856,25711.196727545856,25416.957488245243,25490.380859375,18493
2024-09-11,25490.232056791843,25613.99259871663,25309.943317880687,25380.34375,30919
2024-09-12,25416.907296325997,25841.59547763378,25389.213143974295,25782.193359375,20307
2024-09-13,25841.9398502707,25906.09893245565,25579.11055993005,25646.88671875,22521
2024-09-16,25763.712804086077,25812.265626185235,25274.91392503695,25385.595703125,18917
2024-09-17,25366.37273544309,25443.26416573727,25168.19794844744,25204.958984375,13175
2024-09-18,25217.73923622456,25263.96388793573,24681.775188933665,24847.796875,28048
2024-09-19,24881.832418255184,25096.108881177715,24465.367378857143,24704.16796875,20392
2024-09-20,24771.845904657584,25041.560988747315,24525.118319447196,24912.251953125,36895
2024-09-23,24991.82124196995,25858.785577502473,24724.43430993778,25721.203125,33984
2024-09-24,25722.04490803741,25960.895832556016,25536.008335802202,25675.177734375,23216
2024-09-25,25675.178944592553,25816.17914414129,25470.811195819664,25667.251953125,22774
2024-09-26,25663.682069731756,25956.038227022716,25528.377476471636,25884.6953125,24898
2024-09-27,25886.582529852647,26307.70396813733,25705.94543055754,26008.361328125,64958
2024-09-30,25910.361610707285,26206.88062527779,25671.262964520676,26068.802734375,36112
2024-10-01,26151.64049778997,26338.22283507151,25960.20442643622,26281.197265625,27911
2024-10-03,26147.03296226833,26455.245080750075,25713.477223511898,26019.556640625,29136
2024-10-04,26129.440359539014,26258.15525101823,25628.950398776848,25796.60546875,35441
2024-10-07,25796.6086390275,25929.18834161411,25010.20311269896,25144.861328125,29707
2024-10-08,25074.063496468472,25405.56112665443,24888.671380853648,25349.427734375,26091
2024-10-09,25347.495924737643,25347.495924737643,24629.55937316079,24747.126953125,55676
2024-10-10,24870.887300723447,24966.953697048066,24375.500614190732,24416.919921875,34741
2024-10-11,24326.945922538052,24432.623014524204,23998.9163329864,24114.94921875,16368
2024-10-14,24212.004045237863,24373.51649293067,23924.650610692377,24347.951171875,15627
2024-10-15,24426.03397648143,24738.902429204405,24356.672799314027,24492.91796875,25592
2024-10-16,24505.303103959464,24505.303103959464,24041.128986686337,24216.513671875,14359
2024-10-17,24277.400950627023,24319.215054271648,23830.516830438755,24023.8359375,18593
2024-10-18,23980.139774626547,24152.55183697046,23868.22133931148,24103.255859375,6317
2024-10-21,24098.447584910187,24209.721551619237,23780.82221377391,24076.00390625,29725
2024-10-22,23998.96640022995,24621.235223489424,23998.96640022995,24211.41015625,59982
2024-10-23,24211.410004779493,24617.27157379023,24127.779859193048,24484.7421875,38391
2024-10-24,24412.756719229557,25133.91558593833,24375.500244127954,24836.5546875,71701
2024-10-25,24940.298483739323,24952.18897169343,24494.008448801687,24729.044921875,34088
2024-10-28,24735.186034039638,25019.566853322955,24729.09177228058,24827.486328125,15081
2024-10-29,24964.077430620662,25153.63238480274,24758.074356499095,25100.5703125,13388
2024-10-30,24870.936404627744,25275.609717092266,24791.716805618544,25119.9921875,24313
2024-10-31,25115.183741087538,25321.78093636171,24742.713878230992,24843.337890625,44337
2024-11-01,25117.66132403982,25119.643071747738,24854.336597349866,25010.697265625,609
2024-11-04,25010.697811882426,25168.19644028914,24539.188929936816,24638.376953125,12419
2024-11-05,24643.03419856898,24771.847807166247,24376.489116163873,24470.5234375,8774
2024-11-06,24471.61432030542,24870.936528309754,24471.61432030542,24780.916015625,6207
2024-11-07,24801.077905122296,24968.04015474826,24480.926939932262,24552.517578125,13470
2024-11-08,24489.39810688316,24622.27584503874,24024.23312891055,24309.109375,17563
2024-11-11,24276.40823046031,24337.842406390457,23909.83524030052,24195.404296875,25414
2024-11-12,23285.53750122006,24247.527075141184,23285.53750122006,24150.373046875,84516
2024-11-13,24078.433966495293,24078.433966495293,23707.25297834721,23829.724609375,34750
2024-11-14,23829.725746473625,24017.14994685689,23454.037425184953,23871.837890625,40911
2024-11-18,23766.013821700086,23961.711433670174,23619.314154151067,23716.619140625,8464
2024-11-19,23716.565714540815,24134.466762801003,23632.440137208538,23886.3515625,61232
2024-11-21,23721.469798330974,24216.46160728909,23603.704827588077,23833.33984375,18469
2024-11-22,23934.559123765488,24595.47201697814,23824.225701741307,24568.470703125,13881
2024-11-25,24744.400248231388,25527.883440913585,24734.63859239896,25234.8828125,55793
2024-11-26,25268.27665522057,25348.58776316719,24698.326732031608,24752.67578125,13259
2024-11-27,24771.898199962787,25345.16714247106,24576.645720835462,25189.84765625,22143
2024-11-28,25169.43454277572,25425.972171236328,25015.403975931422,25312.466796875,25103
2024-11-29,25425.823999175504,26089.70950499965,25330.055650715534,25838.47265625,71555
2024-12-02,25762.72127249477,26808.093231821003,25762.72127249477,26539.56640625,38030
2024-12-03,26539.568035207718,27144.992022271334,26539.568035207718,26911.4921875,31134
2024-12-04,26753.84389694684,27269.841497314803,26753.84389694684,27153.810546875,64106
2024-12-05,27258.940103775178,27258.940103775178,26273.713442879845,26365.171875,23411
2024-12-06,26364.18254860244,26893.65564389078,26273.17116556112,26829.546875,40294
2024-12-09,26828.901723875708,26849.710075781506,26211.637601818944,26467.48046875,24896
2024-12-10,26573.305885912137,26947.805892683962,26357.245063442908,26871.806640625,15924
2024-12-11,26951.77139221036,27300.063585017786,26697.8096251554,27056.30859375,27741
2024-12-12,27050.85953639306,27123.739091425505,26879.835075248757,26980.259765625,7755
2024-12-13,26951.769676152217,27435.26581429223,26847.083463125724,27339.646484375,20464
2024-12-16,27251.014267398656,27858.41997410782,27251.014267398656,27834.88671875,37442
2024-12-17,27853.466186278816,28234.853949187353,27705.429234002393,28093.455078125,46165
2024-12-18,28061.54812557027,28122.436551037496,27596.828278434237,27654.1015625,12410
2024-12-19,27297.53405837395,27642.35816679579,27183.03974332397,27365.0625,8746
2024-12-20,27448.197732300887,27532.422013274336,26753.595132743365,26816.515625,21938
2024-12-23,26883.54929312301,27134.04105846631,26694.73749388771,26951.671875,57436
2024-12-24,26937.995377767194,27128.937931198765,26384.69102893694,26463.9609375,58697
2024-12-26,26530.004072407497,26625.673721049858,25997.360971553964,26102.29296875,39157
2024-12-27,26114.482817763517,26199.5489588728,25628.60816594335,25811.275390625,15086
2024-12-30,25752.812736777225,26207.6238582155,25312.270586601055,25554.984375,98314
2024-12-31,25475.417836777997,25812.26463901218,25403.281444012093,25459.7109375,9098
2025-01-01,25475.714820952082,25663.535746010715,24946.34043087647,25271.49609375,16145
2025-01-02,25529.07302477474,26506.817863390326,25354.18377824254,26446.326171875,41231
2025-01-03,26605.9055295273,26709.00673588159,25763.71300833453,25858.09375,27472
2025-01-06,25882.61826253243,26087.678850895645,25545.473403460164,25672.15625,32735
2025-01-07,25762.622441939653,26059.983309294723,25547.304771503466,25766.5859375,20692
2025-01-08,25891.53481368153,26010.389362978873,25563.110436098937,25789.919921875,18111
2025-01-09,25762.71974705626,25834.062663278877,25435.781698847935,25724.869140625,26639
2025-01-10,25713.17738414222,25823.90754108549,25316.87814690261,25503.41015625,29569
2025-01-13,25195.546136896373,25267.187097809037,24591.312361617638,24647.494140625,39339
2025-01-14,24647.49175081307,25070.099450735554,24643.08313627054,24900.857421875,12486
2025-01-15,25049.49079372072,25152.046247288,24839.526152483904,25063.759765625,35010
2025-01-16,25118.652659567193,25558.600658811683,25074.06333531944,25185.486328125,14703
2025-01-17,25118.653436212295,25403.974802405955,24975.47215725637,25084.41796875,21618
2025-01-20,25084.41647055761,25084.41647055761,24739.693008599737,24916.513671875,15923
2025-01-21,24878.465975069532,25316.828990123024,24781.8557665945,24857.806640625,15268
2025-01-22,24875.98804128148,25195.94161169922,24797.016165313133,25061.728515625,27398
2025-01-23,24970.021549551842,25787.49249313836,24952.38322052758,25690.189453125,58591
2025-01-24,25690.19098964452,26152.532378451975,25412.74628916676,25547.8515625,31358
2025-01-27,25366.37195266722,25509.553231853173,24635.65276598689,24902.048828125,42809
2025-01-28,24920.480165799177,26050.324201944408,24841.159930952366,25795.421875,33890
2025-01-29,25795.420458890047,26827.21823388772,25659.670733431285,26408.126953125,37297
2025-01-30,26426.607314757228,27124.18255096229,26308.64300104861,26585.642578125,32714
2025-01-31,26876.463856623413,27744.469399257323,26439.142044777742,27542.232421875,48056
2025-02-01,27664.15979264374,27688.832941326807,26178.642324792436,27114.02734375,30109
2025-02-03,26753.59551538987,27470.44246999588,26611.455427410754,27303.876953125,31317
2025-02-04,27348.11882700069,27774.04557319371,27100.15264089718,27678.4765625,22726
2025-02-05,27693.961115605794,28388.26985306604,27531.36415992124,28193.36328125,28456
2025-02-06,28193.069124474434,28193.069124474434,27527.892299332667,27618.076171875,14552
2025-02-07,27694.954312357437,28221.059179223008,27662.54387950296,28041.48828125,70630
2025-02-10,28099.958619788595,28290.547571851595,27730.543239793515,27837.94921875,13510
2025-02-11,27943.119160808867,28236.34858586691,27581.247547287207,27784.046875,69686
2025-02-12,27595.68950549468,28141.647391394756,27151.379439196364,28027.54296875,18436
2025-02-13,28092.313780532175,28538.70803116696,27906.637688946244,28017.56640625,22179
2025-02-14,28290.546696197405,28537.02265572917,27705.875397809323,28346.185546875,64359
2025-02-17,28280.62011130594,28290.546618891512,27911.5033144905,28101.099609375,33067
2025-02-18,28121.79569716383,28238.531037400684,27801.815116228274,28152.765625,22494
2025-02-19,28142.639593653985,28588.339751586707,28052.95399194441,28444.5546875,15671
2025-02-20,28439.444040219496,28687.60672817953,28080.203345374357,28287.3203125,23853
2025-02-21,28198.823924103348,28382.663998873948,27972.350276842895,28196.9375,13779
2025-02-24,28093.00906500331,28265.581011299168,27979.00351335199,28084.47265625,11442
2025-02-25,28036.427417318195,28378.891921601396,27823.00750885185,27990.21875,31625
2025-02-27,27894.476353038805,28300.470475254842,27537.66884680984,28098.3671875,53283
2025-02-28,27901.77366051257,27964.956267008598,26803.752671638416,27083.482421875,71987
2025-03-03,27083.48231070923,27604.276899984958,27069.585200595247,27475.48046875,39731
2025-03-04,27161.4046815372,27422.074366670062,26951.50946728179,27162.248046875,74924
2025-03-05,27238.336151347256,28023.62175955993,26959.897620354073,27948.52734375,30701
2025-03-06,27992.749583507797,28338.192025176617,27769.056137267526,27855.515625,22246
2025-03-07,27855.517488126046,28267.715716566694,27695.00663560591,27779.529296875,15712
2025-03-10,27779.527122987838,28142.639518397773,27576.729751679843,27678.724609375,15735
2025-03-11,27378.745849284394,27983.718003212078,27378.745849284394,27731.68359375,13576
2025-03-12,27893.486249023827,27992.75132464313,27050.77616506217,27328.66796875,30641
2025-03-13,27533.698993763035,27533.698993763035,27198.628976970867,27293.080078125,17124
2025-03-17,27293.082034504954,27825.588761206913,27172.176395972547,27530.771484375,54828
2025-03-18,27530.771484375,27530.771484375,27530.771484375,27530.771484375,0
2025-03-19,27645.323480844752,28480.241641734665,27551.021659276343,28318.19140625,35602
2025-03-20,28532.75138011939,28588.240941341024,27970.56405064108,28418.447265625,25300
2025-03-21,28587.349442096645,29104.520491762687,28431.602148982358,28774.365234375,63982
2025-03-24,28836.504819320027,29426.7345784012,28718.379377891488,29226.26953125,20004
2025-03-25,29481.724971860745,29953.234041276024,29231.478125089456,29326.921875,79264
2025-03-26,29337.892218839726,29812.18152957321,29234.557662021034,29711.12890625,24799
2025-03-27,29711.127586389222,30273.861667477166,29512.597442330745,29924.89453125,71437
2025-03-28,30474.37996197857,31008.375691373916,30214.852182403654,30278.77734375,58593
2025-04-01,30321.658383456415,30384.49201119461,29836.252178095074,30024.111328125,19571
2025-04-02,30274.655965059883,30274.85371969166,29816.299504026156,30050.912109375,52150
2025-04-03,29779.523523962853,30911.095009825807,29680.308853597275,30674.89453125,26224
2025-04-04,30674.892996149552,30772.17276812621,30289.248185813518,30468.91796875,14821
2025-04-07,29382.76001542195,30025.60023684294,29174.004792554802,29532.8984375,54086
2025-04-08,30024.70632086233,30370.098363297686,29944.103857925435,30209.537109375,42775
2025-04-09,30185.566405016547,30412.883421797975,29907.52338500206,30147.05078125,39073
2025-04-11,30412.835016188492,30484.255465283975,29536.32436538575,29886.6796875,32572
2025-04-15,30772.172565261044,31015.371993599398,29933.3827001757,30896.25390625,39498
2025-04-16,30772.1727247362,31060.04143732244,30365.18592418324,30573.642578125,25525
2025-04-17,30568.678480342744,30861.510438508067,30300.66278981855,30772.171875,36538
2025-04-21,30772.174284825873,31184.124359929185,30494.232065479056,30926.03515625,28359
2025-04-22,31060.04126079242,31154.343079896775,30573.64240435943,30682.833984375,45981
2025-04-23,30682.83648744957,30906.182919338156,30057.466478161536,30141.841796875,27170
2025-04-24,30310.58922419496,30623.274195723414,30037.6102807971,30479.33984375,55566
2025-04-25,30762.245554626104,30762.245554626104,29734.852068048564,30315.552734375,26946
2025-04-28,30315.553132709705,30603.421842876236,30107.096480520147,30176.58203125,22491
2025-04-29,30553.78918479392,30553.78918479392,29471.79989917256,29804.337890625,25432
2025-04-30,29968.1246805053,30206.360848882952,29322.901724482497,29491.65234375,22258
2025-05-02,29491.652301058744,29605.807131574453,28767.017289959018,29064.8125,17300
2025-05-05,29124.373369634373,29407.27883692632,29119.410115822233,29253.41796875,14607
2025-05-06,29402.316450631675,29705.074942105093,29154.153752702645,29268.30859375,28266
2025-05-07,28821.613508134826,29402.314176371743,28821.613508134826,29352.681640625,11379
2025-05-08,29476.762874620134,29531.35866374639,28886.135701345207,29193.857421875,44201
2025-05-09,28861.320773218333,29362.60940573683,28508.929754319193,29015.181640625,24760
2025-05-12,29392.389590592335,30017.75958188153,29392.389590592335,29913.53125,13032
2025-05-13,29987.97933037195,30221.252257966702,29432.09490716744,29923.45703125,39445
2025-05-14,30072.35336190092,30682.833550630712,29888.712979925294,30394.96484375,98120
2025-05-15,30762.245629105295,31601.035482496514,30667.94381126841,31169.232421875,172193
2025-05-16,31169.232440099637,31486.88066878855,30777.13540781176,31382.65234375,34222
2025-05-19,31382.651479059532,31417.39425311511,30960.77493695609,31367.76171875,28500
2025-05-20,31079.894544880055,31685.411493854084,31079.894544880055,31293.314453125,29706
2025-05-21,31268.496819426804,31566.29202723087,31154.341989768578,31258.5703125,31519
2025-05-22,31258.574174601043,31417.398305053128,31074.933773765817,31179.162109375,34673
2025-05-23,31199.012857943722,31586.146647781396,31159.30682821678,31263.53515625,19027
2025-05-26,31263.534535771705,31462.06468046624,30772.172427652735,30871.4375,15503
2025-05-27,31099.74632724152,31099.74632724152,30533.93543012924,30722.5390625,37923
2025-05-28,31000.483706645133,31000.483706645133,29605.80936761739,29675.294921875,34686
2025-05-29,29680.256723476934,29799.37481066146,29397.351266413694,29695.146484375,50069
2025-05-30,29729.891028890015,29853.972377090726,29263.34515965535,29377.5,65782
2025-06-02,29566.101438644913,29566.101438644913,28975.474265369987,29193.857421875,25260
2025-06-03,29183.931502659576,29417.204424534575,29035.033892952128,29159.115234375,26184
2025-06-04,29134.300102565598,29481.727872102154,29000.292248601498,29223.638671875,16028
2025-06-05,29243.490148017958,29397.351009285532,29124.372061875318,29298.0859375,27504
2025-06-06,29476.764714091532,29620.69907622466,29233.56527462521,29382.462890625,28546
2025-06-09,29481.727250104777,29670.330892445512,29129.336234152346,29605.80859375,26404
2025-06-10,29779.52247485331,29923.456833481767,29516.470026325438,29605.80859375,22926
2025-06-11,29729.889572813652,29978.052257060845,29437.057605401966,29610.771484375,35659
2025-06-12,29764.63275263662,29824.191797664407,29312.9766611759,29471.80078125,36013
2025-06-13,29372.535656899065,29476.763985522735,29025.107894820165,29392.388671875,16460
2025-06-16,29481.726751226724,29685.220151361453,29327.86588771022,29585.955078125,19409
2025-06-17,29630.626088000085,29680.25862751097,29288.161565374958,29402.31640625,17595
2025-06-18,29561.13799106381,29561.13799106381,29010.216849860302,29089.62890625,13011
2025-06-19,29253.415907673363,29253.415907673363,28881.1718979897,29094.591796875,15605
2025-06-20,29203.785685876624,29337.79353997565,28379.88554586039,28662.791015625,296684
2025-06-23,28543.671999783935,28702.49611802304,28240.913524390642,28355.068359375,35494
2025-06-24,28523.819439229414,28558.562215647475,28146.612152404734,28295.509765625,79141
2025-06-25,28434.4804936049,28970.511894077816,28265.729867530095,28861.3203125,92269
2025-06-26,28915.917435460266,29928.421238555682,28915.917435460266,29883.751953125,98924
2025-06-27,29784.486094606025,31050.115815339992,29779.522840799225,30801.953125,218128
2025-06-30,30667.945272216402,30896.2549473292,30370.15004380841,30801.953125,42009
2025-07-01,30876.400442921276,31417.39508177008,30876.400442921276,30955.8125,46618
2025-07-02,31203.97535259956,31467.02779314159,30801.951811393807,31407.46875,20945
2025-07-03,31407.4690981063,31650.668526963316,31109.673879097707,31189.0859375,26592
2025-07-04,31318.132309795623,31342.948579454733,30945.88826490899,31084.859375,12514
2025-07-07,31084.857040103583,31154.342589929776,30598.458191320227,30876.400390625,15768
2025-07-08,31040.18922723642,31119.601287939295,30727.504238218848,31069.96875,27148
2025-07-09,31030.261340048237,31442.211386629173,30921.069761436425,31382.65234375,25101
2025-07-10,31377.691769622095,31427.324309593023,30742.395257994187,30945.888671875,31524
2025-07-11,31099.746992400273,31337.983164700818,30831.731298562157,30980.62890625,26485
2025-07-14,30980.629079581995,31238.718267684886,30667.944101688103,30871.4375,24794
2025-07-15,30921.071491413288,30965.74077607183,30603.423244952544,30851.5859375,13064
2025-07-16,30960.7768320445,30960.7768320445,30375.112890688095,30727.50390625,15939
2025-07-17,30772.173366834173,30772.173366834173,30474.37814070352,30618.3125,10121
2025-07-18,30667.94512632196,30861.51202386631,30499.19449769355,30563.716796875,21051
2025-07-21,30732.79736924251,31424.03666282256,30712.90559100999,31364.361328125,48993
2025-07-22,31364.359588759853,32314.19194668805,31329.548978783427,32169.9765625,59832
2025-07-23,32314.193495300096,32314.193495300096,31384.252869935193,31941.22265625,34639
2025-07-24,31941.22250212878,32095.383781525634,31493.657497428238,31573.224609375,20833
2025-07-25,31573.223538784834,31573.223538784834,30603.499394815226,30782.525390625,16681
2025-07-28,30911.82297605473,31334.5232580632,30290.20491427757,30528.90625,27460
2025-07-29,30528.907062464034,30543.825896343722,29947.07254115628,30245.44921875,20699
2025-07-30,30334.96160790904,30613.446501358696,30061.449658985268,30424.474609375,18682
2025-07-31,30235.501764849072,30852.146866632178,30225.555876110637,30643.283203125,15010
2025-08-01,30822.30916679401,30867.065666068152,30374.744174052565,30509.013671875,29448
2025-08-04,30558.744848708495,30941.661586438448,29957.018546561427,30479.177734375,91108
2025-08-05,30712.906120675383,30712.906120675383,29837.667863350438,30041.55859375,38269
2025-08-06,30136.04496979269,30509.01582337923,29937.1271812132,30404.583984375,45369
2025-08-07,30136.04398369964,30543.825436944422,30016.693314457265,30489.123046875,13398
2025-08-08,30394.635305359196,30767.606124714883,30165.87986948771,30250.419921875,14155
2025-08-11,30270.314345715873,30678.095810534123,30185.774285936477,30474.205078125,18515
2025-08-12,30474.204671571853,30533.880007090596,30190.74682785782,30245.44921875,19839
2025-08-13,30285.2327757625,30568.69061947653,30086.31499070002,30245.44921875,47546
2025-08-14,30444.365617932774,30444.365617932774,30066.42184351871,30235.501953125,34703
2025-08-18,30832.257722758455,31747.279564853223,30588.583427852784,31170.41796875,40018
2025-08-19,31324.576974169835,31429.00880723184,30474.203476379225,30737.76953125,44452
2025-08-20,30857.120878008922,31056.03865965604,30454.31237017351,30523.93359375,29464
2025-08-21,30623.39152035513,30782.52574066227,30235.501858356478,30439.392578125,12148
2025-08-22,30633.338818530246,30633.338818530246,29748.154677345443,29842.640625,23082
2025-08-25,29986.855439467767,30215.610887264702,29777.991769740132,29852.5859375,36110
2025-08-26,29837.667484847225,30334.961942928014,29519.399031675523,29947.072265625,27970
2025-08-28,29986.85551153117,29991.828456060444,29469.66928048652,29514.42578125,32689
2025-08-29,29633.77805594844,29768.047565515586,29051.94351449082,29116.591796875,63260
2025-09-01,29191.18485442124,29812.802930537535,29146.428352940868,29708.37109375,37442
2025-09-02,29738.20936301884,29991.82954320512,29584.048077023257,29832.6953125,23155
2025-09-03,29937.126414286908,30111.179474835088,29718.31685245491,29777.9921875,23539
2025-09-04,30215.611018638338,30583.60891452037,29683.50595297107,29782.96484375,25439
2025-09-05,29937.12650710511,29937.12650710511,29509.453271289323,29877.451171875,16653
2025-09-08,29837.665424594063,30489.121119697702,29832.692480356633,30320.041015625,12239
2025-09-09,30334.96122862496,30494.095451463647,29952.044504919366,30026.638671875,22879
2025-09-10,30136.043160860656,30354.852715163935,29589.01927510246,29728.26171875,34161
2025-09-11,29763.07383932126,29937.126902709104,29464.697159227813,29668.587890625,20878
2025-09-12,29688.47845421843,29773.018510118218,29340.37234168991,29419.939453125,21104
2025-09-15,29638.751000747226,29638.751000747226,29071.835293685952,29116.591796875,25565
2025-09-16,29340.37262917371,29738.208190247253,29270.75140598584,29414.966796875,40795
2025-09-17,29618.857037961094,30026.638481398433,29380.155705217283,29524.37109375,47492
2025-09-18,29718.315702186246,29862.531089629923,29489.560260034214,29797.8828125,36221
2025-09-19,29981.8844358554,29981.8844358554,29524.373510644138,29718.318359375,62728
2025-09-22,29837.667401321327,29837.667401321327,29489.561281639242,29544.263671875,42575
2025-09-23,29733.23456677209,29952.044120366,29529.34384637777,29628.802734375,33031
2025-09-24,29837.66665788364,29837.66665788364,29395.074602458368,29489.560546875,35863
2025-09-25,29544.26290425684,29753.126570639397,29270.75096018444,29355.291015625,31286
2025-09-26,29355.290724108767,29474.64138942786,28639.1867321942,28753.564453125,20857
2025-09-29,28753.565702770306,29947.07240783168,28564.593807802255,29574.1015625,143519
2025-09-30,29439.831817016915,29544.263652854308,28972.3750280305,29106.64453125,29375
2025-10-01,29106.64475426427,29295.61664913221,28773.457465944488,29136.482421875,26328
2025-10-03,29141.456142370633,29216.050313383526,28833.13356885067,29022.10546875,13811
2025-10-06,28843.078690369515,29211.076590901816,28748.592742935547,29136.482421875,12202
2025-10-07,29211.07670959617,29589.020500867762,29196.15787573019,29370.2109375,13596
2025-10-08,29514.4248168591,29529.34364995945,29012.157435813984,29126.53515625,10980
2025-10-09,29191.185570390666,29559.18348047736,29136.48317835075,29325.455078125,22117
2025-10-10,29310.534644172396,29544.263033767937,29186.21103268541,29285.669921875,17432
2025-10-13,29265.778110754687,29509.452388992067,29111.61683268614,29454.75,13296
2025-10-14,29479.61472226912,29584.04655579943,29290.642833023805,29454.75,15385
2025-10-15,29464.696678513275,29937.126414286908,29375.183675945642,29777.9921875,15822
2025-10-16,29822.748558423234,30121.125232344428,29777.992057335054,29847.61328125,12514
2025-10-17,29812.80355174038,29877.45183300354,29390.103251173587,29529.345703125,16520
2025-10-20,29673.560950958166,29678.533895645774,28609.35078781001,28723.728515625,23281
2025-10-21,28887.8355580068,28927.61911532545,28599.404767446566,28793.349609375,1726
2025-10-23,28867.942623497907,29191.18401376963,28693.889567197748,28813.240234375,48966
2025-10-24,28942.536436106515,28952.482324916175,28370.647829551144,28549.673828125,25030
2025-10-27,28688.9170464979,28773.457103663866,28365.675651451555,28435.296875,36230
2025-10-28,28624.267091295696,28624.267091295696,28146.864443490904,28430.322265625,34211
2025-10-29,28430.323351511684,29265.77801707998,28296.053851688208,29051.94140625,79429
2025-10-30,29041.99724360647,29041.99724360647,28524.81099132307,28584.486328125,22402
2025-10-31,28574.53984899329,28584.485738255036,28107.083053691276,28156.8125,24223
2025-11-03,28236.604142928954,28321.383773877347,27787.77080261394,27902.47265625,12006
2025-11-04,28022.161994735055,28022.161994735055,27468.60086616848,27528.4453125,12031
2025-11-06,27548.39324766621,27618.211767844943,27328.96361281876,27378.833984375,15109
2025-11-07,27328.96448344749,27688.031170091326,27139.457065496576,27304.029296875,23046
2025-11-10,27328.96388485142,27463.61388939357,26964.910168867085,27019.767578125,32166
2025-11-11,27179.35275597605,27179.35275597605,26845.221263379648,26964.91015625,19431
2025-11-12,27174.365018482422,27174.365018482422,26900.077979389647,27024.75390625,24395
2025-11-13,27129.482195776996,27204.287753302116,26880.130337359926,26925.013671875,14547
2025-11-14,26885.11820027212,27019.768207952948,26541.01262508778,26630.779296875,18167
2025-11-17,26750.467117515458,26750.467117515458,26541.011558429767,26610.830078125,20761
2025-11-18,26620.80390831993,26690.622427375096,26231.81501644114,26351.50390625,36817
2025-11-19,26426.310372633558,26560.960378306536,26336.543702184907,26441.271484375,12630
2025-11-20,26451.24590787859,26550.98665413756,26326.569975054877,26411.349609375,15461
2025-11-21,26436.284795939744,26680.649624274218,26351.50516161962,26411.349609375,15422
2025-11-24,26421.322265625,26471.192636077292,26256.75004313243,26421.322265625,23404
2025-11-25,26421.323323213946,26436.284434948495,26291.660354847852,26386.4140625,35989
2025-11-26,26585.89583321248,26905.066220255358,26411.349527798404,26865.169921875,16119
2025-11-27,26865.17006240072,26875.144137047984,26545.99967368833,26685.63671875,25657
2025-11-28,26710.571471058236,26795.351104181464,26256.75108198686,26331.556640625,15137
2025-12-01,26481.16758278322,26496.128694411913,26251.763871143292,26346.517578125,16587
2025-12-02,26181.94450167169,26575.92042845875,26097.164871856752,26476.1796875,34844
2025-12-03,26575.921982681797,26615.818281398526,26047.296024685125,26231.81640625,36102
2025-12-04,26201.892448901228,26421.322077327502,26112.125782726842,26381.42578125,9275
2025-12-05,26381.42621943912,26386.41325653164,25947.55399238974,26007.3984375,30319
2025-12-08,25932.59413262866,26296.6478579521,25932.59413262866,26067.244140625,48562
2025-12-09,26067.243244507306,26281.685842462884,25683.241383051965,26032.333984375,117831
2025-12-10,25932.592476337646,26027.346179616572,25578.512848295344,25817.890625,32453
2025-12-11,25678.25521756974,26281.68673462663,25673.26818023869,26012.38671875,46366
2025-12-12,26032.33314657837,26391.399810669107,26032.33314657837,26216.853515625,23933
2025-12-15,26216.854132188968,26650.726361502348,25957.52820202465,26555.97265625,66214
2025-12-16,26610.83026825221,26630.77841687909,25847.813583274215,25922.619140625,30430
2025-12-17,25922.61915374832,26117.113602958823,25832.852484881936,25977.4765625,64316
2025-12-18,25977.476645895276,26022.35998047256,25468.798854019424,25578.513671875,23636
2025-12-19,25423.916039276122,25648.332716751098,25294.25307006836,25533.630859375,47019
2025-12-22,25782.982747015998,25782.982747015998,25538.617920206754,25643.345703125,13917
2025-12-23,25643.344344069246,26082.20360161069,25533.629529683887,25872.748046875,46538
2025-12-24,25877.735314397472,26122.100130432445,25782.981610220646,26077.216796875,18508
2025-12-26,26072.229830029333,26421.322425305167,26002.411310974167,26351.50390625,46123
2025-12-29,26381.427163861797,26381.427163861797,26102.15307668292,26206.880859375,57381
2025-12-30,26206.879456446943,26336.542418553054,26022.359087295936,26271.7109375,137300
2025-12-31,26331.55720837253,26565.947963825845,26201.894237270695,26506.103515625,24906
2026-01-01,26531.036994014346,26795.3499565487,26356.490698001096,26765.427734375,9497
2026-01-02,26705.584751325914,27024.755138643348,26635.766229100227,26974.884765625,36285
2026-01-05,26999.81885851872,27618.211458898535,26999.81885851872,27573.328125,23089
2026-01-06,27598.263671875,28017.17479374661,27473.587742746542,27598.263671875,35574
2026-01-07,27488.549665995608,27593.277449556186,27134.470016814605,27249.171875,22391
2026-01-08,27259.14621159218,27289.06843575419,26710.572101955306,26780.390625,17963
2026-01-09,26780.390114071197,27014.780865535133,26600.85677252435,26880.130859375,33316
2026-01-12,26895.09078382397,27174.364858345412,26615.816709302526,27094.572265625,22728
2026-01-13,27109.53479590545,27328.96443737341,26850.208855988767,27084.599609375,16064
2026-01-14,26875.142734091423,27598.263108269057,26860.181622901542,27478.57421875,37405
2026-01-15,27478.57421875,27478.57421875,27478.57421875,27478.57421875,0
2026-01-16,27478.57411702474,27827.666710162986,27299.040783410786,27767.822265625,32929
2026-01-19,27538.418474957973,27907.45921511496,27373.84625299607,27438.677734375,10707
2026-01-20,27428.705018939392,27842.62911286157,27024.75499956956,27154.41796875,42671
2026-01-21,27154.416940094652,27378.833609021054,26920.026196993746,27299.041015625,25027
2026-01-22,27428.7052411821,27643.147845794978,27259.145972418428,27358.88671875,14663
2026-01-23,27383.82037037037,27483.56111111111,26865.16851851852,26930.0,24439
2026-01-27,27129.48153930933,27648.133392266715,26969.896353783985,27149.4296875,32223
2026-01-28,27129.48178220524,27478.57437866744,26974.883632343408,27408.755859375,18343
2026-01-29,27428.70371840926,27428.70371840926,26795.35001436599,26984.857421875,28182
2026-01-30,26984.857581468874,27129.481656475822,26735.50572800862,26915.0390625,42402
2026-02-02,26316.595441493704,26780.389903509797,26042.308394064832,26730.51953125,42072
2026-02-03,27129.482559215394,27363.87330926744,26710.571431462806,26949.94921875,51933
2026-02-04,27009.79373857404,27453.640053702013,26835.24743487203,27279.09375,25807
2026-02-05,27388.808720730027,27473.58835442493,27029.742036845728,27154.41796875,38447
2026-02-06,27199.30008661498,27358.88527230836,26969.896382180752,27259.14453125,14772
2026-02-09,26615.817576901823,27189.326855774543,26366.46571652238,27074.625,74200
2026-02-10,26999.819478233978,27019.767627091187,26381.42686366046,26456.232421875,38471
2026-02-11,26531.037338532922,26780.389193218383,26296.64659512859,26735.505859375,25422
2026-02-12,26680.64797183466,26730.518341875475,26211.866493451023,26271.7109375,28166
2026-02-13,26022.359562613612,26186.93178675433,25683.24104014184,26062.255859375,27809
2026-02-16,25872.749545767623,26306.62179142718,25847.814359235465,26246.77734375,11713
2026-02-17,26132.07549713216,26371.45328794558,26057.269937502962,26301.634765625,12987
2026-02-18,26426.310223492936,26710.571344976066,26266.725032484865,26565.947265625,24271
2026-02-19,26710.57034081156,27079.611081143907,26042.307378588117,26147.03515625,32451
2026-02-20,26181.94554752334,26630.778899766596,25897.684424435945,26441.271484375,16060
2026-02-23,26451.245745056498,26974.884659692798,26296.647589306733,26481.16796875,24261
2026-02-24,26391.400938089067,26720.545394233035,26201.89352394557,26456.232421875,28322
2026-02-25,26331.557091010607,26910.053421040386,26331.557091010607,26795.3515625,16889
2026-02-26,26795.35100274292,26949.94915667648,26536.025067112427,26675.662109375,12433
2026-02-27,26780.389186840843,26795.350298118406,25897.683621464526,26007.3984375,45243
2026-03-02,25134.66764354067,26147.036201405503,25119.70653184809,26057.26953125,28282
2026-03-04,25797.94341907415,25797.94341907415,24890.302649255573,25289.265625,37304
2026-03-05,25289.266124906993,25453.83835565476,24695.80868675595,25134.66796875,37079
2026-03-06,25084.79680826005,25209.472736730528,24760.63939423681,24810.509765625,19762
2026-03-09,24536.223323574606,24536.223323574606,23459.023275222553,23528.841796875,37789
2026-03-10,23862.973551296433,24182.143939443344,23788.1679915745,23897.8828125,69919
2026-03-11,24067.442034804128,24067.442034804128,23633.56978925337,23678.453125,44506
2026-03-12,23678.45199800532,23678.45199800532,23254.55384724069,23439.07421875,40125
2026-03-13,23439.073896418464,23444.060933417702,22795.746123516765,22905.4609375,48594
2026-03-16,22910.449117386874,23409.152842188505,22885.513931146794,23254.5546875,43173
2026-03-17,23334.347011120644,23718.348874736006,23109.930337579197,23613.62109375,15748
2026-03-18,23848.01154486677,23937.778213166144,23643.54302262931,23862.97265625,16992
2026-03-19,23349.307509006056,23583.698250766687,23065.046396658054,23274.501953125,20065
2026-03-20,23344.321406283194,23648.530679041854,23299.43807095815,23473.984375,29852
2026-03-23,23434.0877101382,23434.0877101382,22491.53768306518,22666.083984375,36958
2026-03-24,23025.15150346664,23414.140417755225,22556.369991375268,23264.529296875,39516
2026-03-25,23439.074228422924,24291.85756737193,23384.216820654277,24167.181640625,19081
2026-03-27,24157.207791736975,24157.207791736975,23503.905929491404,23643.54296875,52525
2026-03-30,23304.423912545477,23563.749836673953,22895.486878342883,22960.318359375,81205
2026-04-01,23429.100262935204,23449.04841130722,23020.163221308834,23204.68359375,19991
2026-04-02,22895.487611486486,23204.68391554054,22616.213530405406,23065.046875,20490
2026-04-06,23399.1776202126,23952.738727596145,22920.42206788088,23633.568359375,31374
2026-04-07,23329.359186797377,23464.00918637915,23080.007335720024,23289.462890625,57843
2026-04-08,24137.26050967262,24635.96423921131,23833.051234654016,24296.845703125,31556
2026-04-09,24137.26025166736,24256.949145477283,23603.647266764798,23927.8046875,103272
2026-04-10,23927.803889077906,24431.494633720857,23877.93351832118,24276.896484375,75983
2026-04-13,23877.933333333334,24331.753703703704,23538.814814814814,24237.0,24038
2026-04-15,24635.964365737032,25084.797724626977,24481.36620878605,24900.27734375,82224
2026-04-16,25134.667058691757,25209.47261541405,24765.62631219509,25044.900390625,34710
2026-04-17,25044.900258563168,25259.342853369664,24990.042850589412,25224.43359375,16254
2026-04-20,25234.40859926687,25453.838239260494,24985.05673563775,25423.916015625,35020
2026-04-21,25354.096267497065,25822.877748446066,25164.588860304913,25473.78515625,8307
2026-04-22,25523.657166796194,25733.112735574123,25389.007158296095,25668.28125,11486
2026-04-23,25538.61679756515,25782.98161363246,25059.86123955573,25403.966796875,15269
2026-04-24,25403.96829127004,25483.760888965433,24750.66639763903,24885.31640625,11419
2026-04-27,25005.003920242536,25398.979849580224,24955.1335494403,25059.861328125,35881
2026-04-28,25134.66700356569,25164.589226188982,24616.01514476195,24825.470703125,29353
2026-04-29,25034.92690198025,25289.265800785226,24436.482434203826,24491.33984375,11849
2026-04-30,24386.61233919715,24386.61233919715,23738.29749173383,24132.2734375,32295
2026-05-01,24132.2734375,24132.2734375,24132.2734375,24132.2734375,0
2026-05-04,24232.013076621868,24835.44456093371,24232.013076621868,24675.859375,12120
2026-05-05,24536.223067392835,24925.21196968077,24341.728616248867,24780.587890625,19537
2026-05-06,25039.912962962964,25134.666666666668,24596.066666666666,24910.25,52938
2026-05-07,25384.018504132888,25922.618503827653,25364.070355996046,25528.642578125,58542
2026-05-08,25523.656749127676,25523.656749127676,25099.758581156624,25369.05859375,30524
2026-05-11,25124.69318541088,25319.18763444443,24935.185773532037,25139.654296875,11351
2026-05-12,25034.92661246732,25259.34328528824,24735.70438203942,24795.548828125,19036
2026-05-13,24640.951058180384,25219.447379319612,24640.951058180384,24930.19921875,13838
2026-05-14,25144.64146946803,25234.408138736264,24835.44516421079,24960.12109375,14353
2026-05-15,24965.108118022876,25319.187757731153,24840.432188548133,24905.263671875,6055
2026-05-18,24735.70429009193,24840.4320703524,24097.36353421859,24411.546875,14351
2026-05-19,24386.610966287102,24521.26096548746,24207.07763401996,24361.67578125,16083
2026-05-20,24286.870932989095,24481.36538193911,23927.804258004453,24356.689453125,13297
2026-05-21,24446.4572273166,24805.5239185379,24336.742404998982,24541.2109375,11833
2026-05-22,24546.197833398477,24965.10897074213,24546.197833398477,24720.744140625,13414
2026-05-25,24885.315612058766,25359.084145755274,24805.52301690988,25289.265625,11177
2026-05-26,25289.265047905083,25329.161344569104,24825.47059918586,25114.71875,17032
2026-05-27,25324.174363312006,25533.629921259842,25039.91324895423,25334.1484375,7231
2026-05-28,25334.1484375,25334.1484375,25334.1484375,25334.1484375,0
2026-05-29,25339.13562144535,25508.694883623888,24960.120800105095,25209.47265625,86354
2026-06-01,25209.473856494413,25229.422005935754,24905.264577513964,24995.03125,38284
2026-06-02,24825.471436474792,25189.52515581241,24591.08068566838,24930.19921875,22992
2026-06-03,24885.3158346998,24895.289909182644,24436.482482971747,24710.76953125,26132
2026-06-04,24541.21037872358,24740.691869304548,24351.70296267166,24421.521484375,28175
2026-06-05,24561.158620348506,24625.99010503166,23967.701183633486,24022.55859375,22308
2026-06-08,23967.701063575525,24027.54551067559,23349.308443541533,23473.984375,45226
2026-06-09,23473.98381321068,23563.750481712443,23229.61899340033,23354.294921875,51825
2026-06-10,23354.295722779087,24062.455020800575,23229.619790028824,23788.16796875,55011
2026-06-11,23623.595528827136,23768.21960953982,23449.049224518723,23638.556640625,20405
2026-06-12,23723.335327527147,24251.961256624872,23723.335327527147,24112.32421875,19388
2026-06-15,24611.027562075153,25064.847928468025,24496.3257112286,24760.638671875,22005
2026-06-16,24905.264183127263,24975.082705066347,24486.353051492762,24805.5234375,48164
2026-06-17,24885.31552315904,25389.006278237008,24675.85996164147,24905.263671875,22298
2026-06-18,25104.745261308293,25403.96749326668,24730.717471360316,25344.123046875,24779
2026-06-19,25284.279240403786,25339.136650984547,24875.342179710868,25009.9921875,14059
2026-06-22,25184.53811856121,25194.512193063612,24835.445510977195,24930.19921875,30107
2026-06-23,24960.121628548157,25114.719784489218,24700.795689550258,24970.095703125,18096
2026-06-24,25473.786163154487,26097.16581671641,24890.302807420525,26002.412109375,59710
2026-06-25,26017.373864629884,26266.725732222654,25593.47568972217,25668.28125,32062
2026-06-26,25668.28125,25668.28125,25668.28125,25668.28125,0
2026-06-29,25797.943917077824,25892.69762564625,24975.08276372042,25079.810546875,95945
2026-06-30,25214.459331683167,25319.187109761755,24990.042664371904,25184.537109375,30948
2026-07-01,25523.656326859087,25982.46374813127,25458.824843418453,25852.80078125,33234
2026-07-02,25952.541946748664,26261.738257413235,25897.684536792047,26152.0234375,10263
2026-07-03,26426.30937383243,26900.077894405007,26276.69826207267,26695.609375,21488
2026-07-06,26700.597983359934,26775.403543642038,26456.23315310505,26560.9609375,7076
2026-07-07,26590.88158256505,26780.38899069286,26481.16676733316,26640.751953125,8495
2026-07-08,26565.946549127388,26705.583587493365,25738.098393100514,25842.826171875,15874
2026-07-09,25842.82626806427,26506.10220277144,25837.83923096121,26226.828125,12300
2026-07-10,26391.399899316646,26745.47952759546,26326.568418082497,26545.998046875,6542
2026-07-13,26461.218721908117,26506.102055586438,26261.737238893358,26351.50390625,6450
2026-07-14,26221.84126177226,26266.72459599743,25947.554219285103,26211.8671875,10021
2026-07-15,26216.854551125813,26974.88420525766,26216.854551125813,26855.1953125,17102
2026-07-16,26979.87037037037,27189.325925925925,26640.751851851852,26930.0,37283
2026-07-17,26995.0,26995.0,26400.0,26515.0,12749
2026-07-20,26515.0,27125.0,26400.0,26850.0,7046
2026-07-21,26790.0,27285.0,26785.0,27245.0,19707
2026-07-22,27245.0,27245.0,26620.0,26720.0,11733
2026-07-23,26605.0,27135.0,26605.0,26825.0,31050
2026-07-24,26575.0,27000.0,26425.0,26740.0,13408
2026-07-27,26960.0,27040.0,26620.0,26860.0,12362
2026-07-28,26755.0,27050.0,26680.0,26875.0,15715
2026-07-29,26800.0,27125.0,26700.0,26825.0,11491
2026-07-30,26705.0,26800.0,25940.0,26455.0,10456
2026-08-03,26150.0,27000.0,26110.0,27000.0,33488
2026-08-04,27000.0,27040.0,26600.0,26900.0,17586
