date,open,high,low,close,volume
2021-08-06,244.0320335523066,246.06410932115122,240.26993487444986,240.9106903076172,6201995
2021-08-09,241.6521054494523,241.7253210691329,237.07536102806117,238.494140625,5444400
2021-08-10,240.21497212967412,240.21497212967412,232.56266978513577,233.50547790527344,6656495
2021-08-11,233.7801166060075,237.615430947199,227.70220012725852,237.07537841796875,7777460
2021-08-12,238.26532660675986,241.56058849790793,235.65660437990837,239.7115936279297,4144010
2021-08-13,240.00452988649144,240.70017616284233,235.84883741595002,237.08456420898438,4393670
2021-08-16,236.34313570408347,238.90610186844125,234.66803130068425,237.37745666503906,4215450
2021-08-17,237.37742055108058,237.4415016789994,231.5832742415535,234.39340209960938,5186305
2021-08-18,235.7938950185559,238.87861650942355,233.67942721246973,236.86483764648438,4998005
2021-08-20,234.32935753380985,235.42778757094408,228.83726321661118,229.66107177734375,4362450
2021-08-23,233.48720848899242,233.48720848899242,222.61285864967942,228.05003356933594,5190075
2021-08-24,227.00653484717182,234.69546027934243,225.41382267935643,234.2469482421875,4803725
2021-08-25,234.51241676719818,237.1211389785212,230.5581025213586,232.0135040283203,5152555
2021-08-26,233.59703614895565,237.4689580795671,230.10955907973468,231.6656494140625,6567660
2021-08-27,232.48950445616617,236.34313000636703,230.23773970363058,234.5856475830078,3930010
2021-08-30,236.89228263176122,245.17620688433774,234.91515360252555,244.3889923095703,7071320
2021-08-31,244.398161037918,248.4256906891496,241.74365476330388,247.6385040283203,7881915
2021-09-01,247.58356254872334,248.10529015381934,242.1463882428342,243.46449279785156,6179385
2021-09-02,243.84897369151065,246.9611547771351,242.8604090395538,245.87188720703125,3818570
2021-09-03,246.9611379536267,254.21071399964998,244.05033496835094,247.15338134765625,8012625
2021-09-06,248.24262818994168,252.08707673717683,245.32266301906074,246.4943084716797,3295350
2021-09-07,246.68652644798232,250.6133810171064,242.75053738521353,246.19223022460938,6181705
2021-09-08,246.02749315157254,252.8926103738996,245.0114692111002,249.89942932128906,8546425
2021-09-09,249.52409795007333,249.52409795007333,244.48051693143762,246.84213256835938,3792220
2021-09-13,246.41195524489137,246.8421703805128,239.9587282105697,245.62474060058594,3625345
2021-09-14,246.7781025920503,250.9887136915974,246.08242839447496,247.65682983398438,3353550
2021-09-15,247.87654175537114,252.5173687082975,245.67970935466454,250.21983337402344,5161840
2021-09-16,250.21978412835384,258.476249817874,249.5424348211234,257.4693603515625,10142820
2021-09-17,259.9590963989236,261.0392014332667,248.1693976983966,249.12136840820312,9870725
2021-09-20,247.14420671689587,251.08935830048998,239.95871215698418,241.67041015625,4788450
2021-09-21,243.4828398419057,244.56294498360444,235.3819954106945,242.33865356445312,4585140
2021-09-22,242.93360838809696,247.8581902621907,242.93360838809696,246.5034637451172,3449740
2021-09-23,247.14417652844946,253.55161814215,246.5125836203607,253.2037811279297,5925930
2021-09-24,255.3823425532116,257.5425525441553,247.33641791785354,248.18771362304688,5655830
2021-09-27,248.88337375198103,249.42342628001248,240.5536927256959,242.41184997558594,5489955
2021-09-28,244.39816501800797,246.34786271403334,236.6359960127977,240.40725708007812,4231635
2021-09-29,237.99072843920905,240.04110116065374,235.42776253740317,238.0548095703125,4532205
2021-09-30,238.35685618110077,242.93360083870346,236.70923927805683,237.78018188476562,7981880
2021-10-01,236.8648187058957,237.9083298334938,233.10274823206532,236.99298095703125,4632325
2021-10-04,238.2470345745855,247.8764959162916,237.26760444870646,247.28152465820312,6773440
2021-10-05,245.31348599322524,248.51720689239048,242.43927726382972,244.4438934326172,4110305
2021-10-06,245.90851057503377,246.13734783183804,237.70699111275425,238.5765838623047,3570155
2021-10-07,242.2379271985486,246.48513123376108,240.88320087707572,245.89932250976562,3739840
2021-10-08,245.8993389744318,247.76663059553545,242.28369968882112,243.65672302246094,2327330
2021-10-11,244.56293584951447,245.6613658085382,242.73223787396444,244.3798828125,2474965
2021-10-12,244.76434664865462,245.67056126365654,241.6521652586858,242.50343322753906,2928570
2021-10-13,244.94740026362453,251.6843555578117,242.75970272485736,250.14657592773438,7442435
2021-10-14,252.35256320069163,256.13295896760235,248.38908646360136,253.2862091064453,8878410
2021-10-18,256.9750829697634,259.3549960830146,252.68209369701106,255.41900634765625,5899405
2021-10-19,256.3343024869889,266.91573307017677,253.31363448949946,261.32293701171875,14910045
2021-10-20,263.21778171004894,269.96390002424425,257.5426061864525,263.3825378417969,10061990
2021-10-21,265.73496872407725,274.60470286123393,263.83105507530274,272.92962646484375,11697925
2021-10-22,274.4216459372213,285.3692411634364,271.9227608000805,278.00982666015625,19446090
2021-10-25,281.9732419721176,281.9732419721176,270.67783891676163,277.6985778808594,8858895
2021-10-26,274.6229873783113,290.7148378821611,273.9822598611225,279.34619140625,9988515
2021-10-27,281.7444086583882,285.22275158969524,277.71687867908446,279.79473876953125,4678970
2021-10-28,279.72144355669354,279.72144355669354,269.0301760048963,272.53594970703125,5604320
2021-10-29,274.6046653945696,274.6046653945696,260.8744321248412,262.9248046875,6972315
2021-11-01,266.3665513538695,266.3665513538695,254.34801485938763,261.91796875,8517215
2021-11-02,263.62044356396996,297.4334290808368,262.2016641559798,288.5545349121094,16632400
2021-11-03,289.06723921754536,300.9210214253336,285.36008647710344,293.3968505859375,15816895
2021-11-04,294.74235777287254,297.6623231172244,294.37622378484593,296.0513000488281,1071505
2021-11-08,297.5250353849327,305.72655428918904,296.7652801008636,304.75628662109375,8351745
2021-11-09,308.4353681835353,312.0592607013687,290.8401807206063,297.278564453125,12628955
2021-11-10,297.27853073924683,302.2360991242366,294.2340975936644,300.0654296875,6427920
2021-11-11,300.0654796087107,302.23614940657666,294.5468646885752,301.003662109375,5065025
2021-11-12,302.9535487387723,303.33983603962633,297.2601758001421,298.4466857910156,5511415
2021-11-15,298.00513584814837,299.10886980116004,290.2146918221927,297.37969970703125,3522305
2021-11-16,297.6005161333988,305.91523744975035,295.8161616636903,301.49114990234375,5549900
2021-11-17,299.4768235110829,303.5054166458468,296.2668102764689,300.0010986328125,3780655
2021-11-18,300.23101337328836,302.4936372844023,291.60357554605275,294.5836181640625,4825755
2021-11-22,296.05532799176603,296.1288971806806,284.7881547816143,287.2715148925781,5279665
2021-11-23,284.39255893857,294.9055108705966,283.97865170034675,292.1094055175781,3311240
2021-11-24,292.2658681031825,294.50090050828413,288.8075269512,291.9163513183594,2310765
2021-11-25,292.48658747643844,292.48658747643844,281.45856443389704,288.9822692871094,4290100
2021-11-26,283.6568051357368,286.41611263330066,263.87258946521075,266.1260070800781,6705735
2021-11-29,263.7069769179572,265.8132559054206,255.42905545377457,258.1331787109375,4893890
2021-11-30,258.0872325851429,266.0800288519872,256.68916549404327,258.7678527832031,8840830
2021-12-01,263.05391787574405,266.5398500314232,257.4893269944823,265.5832824707031,5539860
2021-12-02,264.8934313229194,268.5633000872546,262.3548602906237,266.5398254394531,3870920
2021-12-03,266.12599489911025,272.0493103016255,264.6819506382239,266.2087707519531,3863635
2021-12-06,266.733028168073,271.33187348131565,265.2430067776423,266.7606201171875,2886375
2021-12-07,269.124455323105,271.5710445978482,265.2246150919864,269.2256164550781,3802710
2021-12-08,270.412099263159,275.3512545443549,269.3267785265156,274.5234680175781,4314475
2021-12-09,275.93070903198173,277.6782645753596,273.50250531932113,274.836181640625,2145005
2021-12-10,275.93070145293984,279.0671171277496,271.43301754607813,276.73089599609375,2745385
2021-12-13,279.6097935852389,281.77125648500225,259.2093226188004,271.4514465332031,9169260
2021-12-14,268.7565421347174,269.24401863474753,252.02593996721762,254.61048889160156,9079580
2021-12-15,254.96002799844038,255.81540659950062,248.33767867284666,249.78172302246094,4271675
2021-12-16,252.2742529999039,254.36211863097697,243.92276240648783,244.9896697998047,6199315
2021-12-17,243.73879677915804,245.357599279509,232.8395279886049,234.30197143554688,5310545
2021-12-20,229.94225718749223,232.40723144795257,213.16566505065063,220.8549346923828,8903280
2021-12-21,225.3434196041542,225.3434196041542,214.49934856657384,215.91578674316406,6125145
2021-12-22,217.44262128813486,219.27295285700848,212.87136763349045,215.67666625976562,4092265
2021-12-23,217.4334012125008,224.40525240486969,216.81715762349413,222.63929748535156,6141175
2021-12-24,224.42365153177812,224.42365153177812,214.4533582500547,216.61480712890625,5577935
2021-12-27,216.61478528319952,225.89526486580309,215.4374821232179,224.1844940185547,8997655
2021-12-28,225.34342726529522,229.3628137013754,221.6459515902851,222.9152374267578,4005800
2021-12-29,223.73385074772347,225.33425415700523,221.1584942631391,222.88766479492188,5363660
2021-12-30,222.95202508051156,223.50389215645134,218.00367684705245,220.41346740722656,4008980
2021-12-31,221.6091563995504,226.53911905218192,221.09408797883037,223.8717803955078,5290815
2022-01-03,224.75477389256866,231.45069170027935,223.97296455746564,230.08023071289062,2860025
2022-01-04,231.22996562226973,234.76188993033065,226.49315997171226,230.48495483398438,6387390
2022-01-05,230.48493204159936,234.86304187591256,229.02250256220796,229.90548706054688,4206620
2022-01-06,229.75830885171007,229.75830885171007,222.4001565364243,223.74301147460938,4892065
2022-01-07,223.72463808265465,226.51153729734048,221.46199995030884,223.5958709716797,4311580
2022-01-10,224.44205436453547,228.6545984263227,222.2529994676278,224.95712280273438,4850740
2022-01-11,224.88354140206025,226.59431246245228,222.21621666796713,225.0858917236328,3000215
2022-01-12,225.54577937399446,229.7583235277229,225.15947803691404,229.06849670410156,6283615
2022-01-13,230.6413022579965,231.22995394050727,226.99902435826215,229.47320556640625,3167295
2022-01-14,228.1947118301545,232.6647900707444,226.0976394737851,228.1579132080078,4270915
2022-01-17,228.4706389165446,230.84364487963074,227.53248453905866,227.927978515625,2446195
2022-01-18,227.18295496039926,233.06947125647957,218.21520673827823,221.4619903564453,7134135
2022-01-19,221.66432846646933,221.94026197271742,215.40070383707524,219.87997436523438,5312500
2022-01-20,220.37666740897663,227.04499294326232,220.2019090459965,224.59840393066406,6465015
2022-01-21,223.31993291822013,225.12267243538162,217.98526950733083,220.46864318847656,5834040
2022-01-24,219.8432328803031,221.29646986585644,209.8729243233778,212.39309692382812,9353860
2022-01-25,209.70733336079837,221.25962983023186,202.9378329154884,214.618896484375,10473610
2022-01-27,217.05631220789368,229.50997948870045,215.24436598111478,228.30508422851562,14742195
2022-01-28,229.94226190286184,239.11236043031292,227.37611243523315,228.6269989013672,9290465
2022-01-31,231.59785302432905,233.9892441689821,225.3434205848573,225.96885681152344,4867125
2022-02-01,229.68474041169648,237.30042742489314,227.10019149031197,235.50686645507812,5528990
2022-02-02,237.48436645291034,239.94013395825863,233.805276427253,236.15989685058594,4547020
2022-02-03,236.74857961122862,236.74857961122862,230.8620625154957,232.3704833984375,2367305
2022-02-04,231.78181540119374,233.17986837614836,226.0884423725947,226.8518524169922,2633985
2022-02-07,227.1829528599432,230.12621098077102,222.76805866142064,224.20289611816406,2030295
2022-02-08,225.45379666363752,229.08689582601778,221.96787795969894,228.1487274169922,3807905
2022-02-09,228.10273356768175,230.67808981810032,226.8150624597537,229.0500946044922,2220130
2022-02-10,229.02249146274593,234.5411057148603,226.64948565018935,232.8119354248047,3166790
2022-02-11,230.4941329961543,232.51762212954964,225.93207226461675,227.2841339111328,2919870
2022-02-14,221.84828346287864,221.84828346287864,212.20910812179542,213.5427703857422,6578230
2022-02-15,215.40991737623338,224.58920893514596,210.28681085943165,222.21621704101562,4886570
2022-02-16,225.16870062486223,234.43078341187945,223.70627093256408,224.5340576171875,9347585
2022-02-17,226.63107975613912,235.89316047680134,226.1528099730672,234.99179077148438,11096160
2022-02-18,233.4374006915187,237.65915153229517,230.01585851228901,231.4322967529297,6084335
2022-02-21,228.83854364296326,230.411340867329,222.60251057413487,224.46043395996094,4546015
2022-02-22,220.74456353362237,223.68782157382506,216.39406002365774,221.5171661376953,4408165
2022-02-23,224.05575939195302,224.75477885868685,215.51109655477026,216.1641387939453,4670295
2022-02-24,209.7073448236422,212.365476834805,194.99103992373747,196.5730438232422,7525505
2022-02-25,205.2188886532977,213.27607540497988,202.76310670220224,207.40794372558594,9287685
2022-02-28,204.0048111307575,207.49993689362438,198.85409800289426,206.8009033203125,6854355
2022-03-02,202.9010701495679,211.05022498015563,196.09477035274455,201.53060913085938,8430100
2022-03-03,205.47642538509967,208.97155101115257,201.24549565635238,203.3517608642578,5518095
2022-03-04,202.1652482269817,205.38444003303377,198.8540738983603,200.35330200195312,5340955
2022-03-07,194.0712888612256,194.9634660512674,186.95227065339947,187.87203979492188,4901560
2022-03-08,186.8970805905118,193.11472876439672,184.32172427221738,191.60630798339844,12217785
2022-03-09,195.21179942342437,197.2628805929142,191.53272301236174,195.33135986328125,6415045
2022-03-10,201.9812971081559,202.34919912911113,194.0896766579731,198.57814025878906,8349665
2022-03-11,196.866746697089,203.61003257471938,196.53190710650665,202.9403533935547,5890485
2022-03-14,203.68443946747362,207.60018780383874,200.45696224996917,206.98631286621094,6630425
2022-03-15,207.41417433245334,211.5066456378665,200.90341549690547,202.79153442382812,7772955
2022-03-16,206.2422456854056,210.204502436249,203.73094160332244,206.39105224609375,7527250
2022-03-17,209.27438653806172,212.88321161190737,208.46519678499274,210.12078857421875,5977670
2022-03-21,210.30680709090976,212.32514057935393,201.7963210616472,202.0939483642578,6308350
2022-03-22,201.27546359873355,205.55396816045274,198.2991193869122,204.27972412109375,8069535
2022-03-23,205.1819096054426,206.4840556306872,202.41017647805054,203.91696166992188,4335075
2022-03-24,203.4984143463604,204.9214932815609,202.13116803007338,203.2100830078125,3329035
2022-03-25,204.59594245946448,206.93050939515737,202.02884842766295,205.18191528320312,3234280
2022-03-28,206.2050384435653,208.44660319158112,201.60100450103843,207.51649475097656,7168470
2022-03-29,207.5164828177031,209.6464247795803,204.43782632711327,208.97674560546875,6632010
2022-03-30,209.64643882301428,211.84149533134573,208.15827381933465,209.17208862304688,2494090
2022-03-31,209.64644286463962,212.88323054950803,208.1582778322707,211.10671997070312,4371685
2022-04-01,211.13460509496426,223.03999535728684,209.81385288070948,219.7567138671875,4473460
2022-04-04,220.24964257768357,221.36576967032929,217.64533656662627,219.3195343017578,2766255
2022-04-05,220.24964710206672,220.89142409641107,216.81754522262608,217.7383575439453,7478890
2022-04-06,215.5991283132884,219.50558072501377,214.8643347351918,217.0966033935547,5148520
2022-04-07,215.97117208695593,220.42639936236327,215.41311555086594,218.40806579589844,10215730
2022-04-08,221.24488996968955,225.7373154357036,217.05010601664307,224.5653839111328,12013760
2022-04-11,226.01634701898058,230.29485144606542,222.86328002949534,227.6161346435547,5541150
2022-04-12,227.86725558558246,227.86725558558246,217.66396559054687,219.67298889160156,5301495
2022-04-13,221.73780077558067,222.6958111361933,219.21721536973305,220.24032592773438,2337810
2022-04-18,216.15719972818556,218.53828929964317,208.5489193623026,216.5757598876953,7199895
2022-04-19,219.36609836227547,221.17980712328554,204.99591048948636,208.08387756347656,7289265
2022-04-20,206.94911459312615,210.9020752089499,203.144974724292,207.274658203125,3195385
2022-04-21,209.08839081172647,214.65973156831473,207.99085541655313,214.08306884765625,3891400
2022-04-22,212.0647181964773,212.0647181964773,204.70755724236182,206.11203002929688,4432385
2022-04-25,203.69375252376688,205.3679505884554,200.2244519455018,203.99139404296875,5391300
2022-04-26,206.10273514534845,215.97118670826472,205.18193683114683,215.2736053466797,7799210
2022-04-27,212.436721255658,217.03145833836965,210.9485565526115,212.29721069335938,5002305
2022-04-28,213.55290624002194,216.34323159581146,211.2462270607593,212.39956665039062,12255960
2022-04-29,222.18428098070774,230.48084552778482,218.41733943000773,223.6073455810547,30651345
2022-05-02,221.3100295778344,230.10884847019344,220.42642929811217,228.85321044921875,9994595
2022-05-04,229.17870341808546,233.91296594651774,210.40912277286455,213.72030639648438,9729470
2022-05-05,217.62678106605804,222.28663369581923,213.58081763973576,216.07350158691406,5106630
2022-05-06,210.7625580581263,221.92385827248793,210.7625580581263,220.2124481201172,9524820
2022-05-09,219.13353245531508,219.13353245531508,211.24620344617446,215.22706604003906,7602625
2022-05-10,215.22708037903325,219.12423688737914,212.99482587215152,215.8502655029297,4513380
2022-05-11,214.85504293441772,216.59434112138948,204.1029919743596,208.3442840576172,8918120
2022-05-12,208.34429045053446,208.34429045053446,194.7833076993801,198.06658935546875,9397425
2022-05-13,201.2754666541531,203.67514820295438,194.87633004967861,197.4806365966797,8482405
2022-05-16,197.18297359525013,204.1587863403651,195.65759644267808,202.86593627929688,6833390
2022-05-17,204.06581087849966,208.49313667446182,201.27548521912732,206.25157165527344,4101275
2022-05-18,208.3442734327265,209.6092213748326,202.2427648386833,204.19598388671875,4296340
2022-05-19,198.85715902317375,202.13114424010362,197.92705071548102,200.62435913085938,8110880
2022-05-20,204.06577958582105,206.2980482864075,201.57309585801008,203.8797607421875,3296315
2022-05-23,204.62383255967677,213.5342720624001,204.62383255967677,211.4415283203125,6070490
2022-05-24,210.92066773421104,212.97619917403904,205.19119707593015,209.7859344482422,8069565
2022-05-25,211.32061228794953,213.24594336660311,205.1353974957313,207.8234100341797,5017540
2022-05-26,208.53031216939453,214.11096288325342,205.10751987721218,213.30177307128906,3514895
2022-05-27,216.06420360589962,216.06420360589962,210.42774846534792,212.52049255371094,2271910
2022-05-30,215.22709164807353,220.4357046932852,212.41817432151345,217.9988250732422,4176795
2022-05-31,217.99881225959646,222.4261231531655,212.99482450479476,218.7987060546875,13941420
2022-06-01,218.61266889422538,223.22601273538078,216.9012728694128,220.4263916015625,5176220
2022-06-02,220.52868659114557,222.4819055321809,218.6219617118783,221.90524291992188,2790370
2022-06-03,222.38895527728698,222.8446993740544,217.3384585776187,219.22657775878906,5396720
2022-06-06,218.76149966711293,222.2401103008871,214.76203058385988,220.5845184326172,2524525
2022-06-07,217.9336953628602,220.1194557640414,212.53906384326677,219.3753662109375,4116090
2022-06-08,219.50560952807984,222.69587492203837,216.1944254856324,218.62200927734375,3753885
2022-06-09,217.27332678546296,218.13832078064104,214.85503928112522,217.23611450195312,4476645
2022-06-10,215.41309167637283,217.19889794012838,214.41786896587212,216.7710418701172,2121945
2022-06-13,212.99483456547037,215.7665537663131,207.5072003998853,210.92999267578125,4399480
2022-06-14,209.0697797075853,213.66451779722206,208.5303150945987,211.96241760253906,3860780
2022-06-15,213.01343971577413,214.48301275966324,210.50214975665364,213.92494201660156,3345520
2022-06-16,215.41311215870846,218.57547505707106,209.023257769023,212.57627868652344,6698850
2022-06-17,211.4136325937485,214.7620141668652,206.95840561160705,213.74819946289062,6730740
2022-06-20,213.9249185579379,216.1292707858816,207.68388534147158,211.86007690429688,4386785
2022-06-21,213.36687347591229,220.11946992887903,209.98127927413572,218.38015747070312,4280930
2022-06-22,217.1802975125153,223.03998289628626,216.7245393164205,217.9429931640625,4890975
2022-06-23,216.01769692475142,226.4256132045143,215.80377594578255,222.81678771972656,3954310
2022-06-24,225.16994467131713,233.59672471118085,223.78409220442396,231.65280151367188,4996020
2022-06-27,236.06153645485844,236.06153645485844,231.67142326797736,232.98287963867188,4127285
2022-06-28,231.22495228702664,235.02909221005257,230.53666696664033,232.72242736816406,3527135
2022-06-29,230.6668902112646,234.35012583184312,226.5744188038025,227.7091522216797,2727410
2022-06-30,229.73680615138755,241.30735849715327,228.64858087796054,238.35890197753906,9956150
2022-07-01,235.54066361453633,237.14045124743132,230.38785497136826,235.44764709472656,5358285
2022-07-04,232.7131009609894,239.80053607520824,232.52708213374777,235.2895050048828,2008615
2022-07-05,236.03360709374493,243.77210141983664,234.58264029462322,237.62408447265625,6272225
2022-07-06,236.83350031345617,241.1399066357179,236.26613363642457,238.8611297607422,3157810
2022-07-07,238.10774728948732,245.83694572174474,234.01527605988034,243.36285400390625,4945940
2022-07-08,245.51140044766348,246.20898173383003,236.43354775292056,238.1914520263672,3652815
2022-07-11,237.29855856308282,238.10774832247762,230.68548732908965,233.67112731933594,3691540
2022-07-12,232.34105972593022,233.922241021607,229.49493055524675,229.97857666015625,3442455
2022-07-13,231.42957801617194,237.15903495211415,230.73199671883697,236.04290771484375,3151325
2022-07-14,236.99162118572988,241.72588368849074,236.25682760814277,240.88876342773438,3203265
2022-07-15,241.8282099286302,245.17660620457377,237.34508014763517,244.5534210205078,2703045
2022-07-18,247.78089931087135,263.9554997888781,246.10671536076327,259.89093017578125,5420345
2022-07-19,257.1191916661691,260.2443425487265,252.49655136389262,258.8584899902344,4993150
2022-07-20,262.2905512865694,266.24351172262584,260.71866592475345,261.92779541015625,4629925
2022-07-21,260.98842304650344,273.1635386117193,259.57464011053844,271.9450988769531,4855305
2022-07-22,272.89379963821875,279.0139288225616,270.9405663158826,278.3070373535156,4810415
2022-07-25,274.00997669695727,280.7067410352864,274.00997669695727,278.3814697265625,4721665
2022-07-26,278.2884698018298,280.68813720160335,274.1401655257116,275.00518798828125,4102640
2022-07-27,271.7777087849534,274.195968121446,266.9411333426518,269.8802795410156,6702695
2022-07-28,274.94010633198604,280.18590404724785,268.42934616762415,271.7684326171875,8557735
2022-07-29,275.31218170537903,275.31218170537903,254.942806371002,256.66351318359375,9296570
2022-08-01,256.70991786324345,260.05831377317344,253.1941092539809,255.7519073486328,4709025
2022-08-02,256.15182248992363,261.05351144201046,253.5754326937938,256.54248046875,4861880
2022-08-03,257.6400281831894,259.76998437832805,250.77582361279266,253.03598022460938,3733035
2022-08-04,256.151840979819,256.151840979819,248.06919692456162,252.97088623046875,4646770
2022-08-05,254.7845639329398,256.4866780449112,251.88263053148717,253.44520568847656,3153135
2022-08-08,254.84965449215005,261.1743790891899,252.24536280740435,258.9886474609375,4775785
2022-08-10,259.5002519273728,262.2161810317756,257.6772473525761,259.76068115234375,4003980
2022-08-11,261.4813594380582,265.1366783638102,258.7933327388649,261.5557556152344,5658525
2022-08-12,261.5464929421997,261.5557747246163,253.4638486906212,254.46835327148438,5225265
2022-08-16,253.9196042844917,258.01207574621145,251.65013741864897,253.86380004882812,6555990
2022-08-17,253.7335676419918,254.66367606939596,251.31530843846627,252.16168212890625,6599875
2022-08-18,251.17579834812094,253.96612395117944,246.86010950874686,250.84097290039062,4383855
2022-08-19,251.13854158090535,253.90096426185832,249.26901488617057,250.5432586669922,3815695
2022-08-22,253.89167261518355,253.89167261518355,242.75827474164606,244.2185516357422,4246725
2022-08-23,242.841966131176,252.3569840035897,241.49332616311952,248.6365509033203,4383165
2022-08-24,250.38516888733272,251.07343995496726,246.86936060415823,249.8363800048828,2029850
2022-08-25,250.9432567062098,253.6777779098832,245.54863887271793,246.42294311523438,3292195
2022-08-26,248.33892093639417,250.65488156540857,246.3205733968397,248.03199768066406,2107620
2022-08-29,242.24675395552705,247.74366984389724,241.82819380469465,246.46014404296875,2128080
2022-08-30,247.78090277438636,252.81279324781886,247.49257140544472,251.99429321289062,5142225
2022-09-01,249.64106722856886,252.61742520425432,246.10666696901401,247.26930236816406,2217970
2022-09-02,249.26905829857856,249.26905829857856,243.05594082196143,243.427978515625,2321585
2022-09-05,245.71604068077815,248.89702403241796,243.6977212629147,245.69744873046875,2988435
2022-09-06,248.1156999814131,258.8584395267709,245.07422766454732,257.593505859375,8058715
2022-09-07,255.96584774561566,258.7282708798519,253.17552249425208,254.2172393798828,3464835
2022-09-08,255.59376901843478,257.80743148314576,252.24540159027708,253.25921630859375,3184610
2022-09-09,254.84041940065734,255.77983807084476,245.54864454801097,246.31134033203125,3022760
2022-09-12,247.64130889966964,248.21797144363853,243.6883490392993,247.1297607421875,4745365
2022-09-13,248.33894883358886,251.129274101382,246.22761293276838,247.89248657226562,3598305
2022-09-14,246.17183875593054,251.95711498626065,244.63713696353105,248.27386474609375,3689160
2022-09-15,249.52016257886493,255.59376910876608,244.2464640083943,246.6554412841797,4760095
2022-09-16,247.3716157238889,248.89700708510554,235.87548982159865,238.8611297607422,5117185
2022-09-19,239.40991885555817,243.37219009291618,238.1263646020671,239.39132690429688,1969205
2022-09-20,240.9352942051047,245.2696028689823,239.96797349602156,241.1027069091797,3808500
2022-09-21,241.78168463151184,243.67908528894907,234.945382364503,236.7683868408203,3779985
2022-09-22,234.94539954229631,237.36367299067567,230.89942211827722,233.86647033691406,4041540
2022-09-23,233.4572004387084,233.81064616020024,222.5842313427229,223.81198120117188,5578410
2022-09-26,221.57970402284076,223.63524968178137,213.59937282888458,218.566162109375,3960710
2022-09-27,219.52421455627885,221.20770868900664,213.1808677042515,216.72457885742188,3060765
2022-09-28,215.73861204489998,222.0168429156166,214.85501202007916,218.5568389892578,7037355
2022-09-29,221.36580840160198,225.57919849335542,220.80773766147328,224.9467315673828,8863220
2022-09-30,223.22602190917775,227.45801807967155,221.17978621347595,222.770263671875,3689185
2022-10-03,223.22601063634102,226.38837344342485,215.34799154224729,217.5802459716797,3393565
2022-10-04,219.52419467304236,223.92360355406365,218.64989048185106,223.1981201171875,2886230
2022-10-06,225.23507888190622,226.5744373993137,221.7378618214912,222.8074951171875,4285510
2022-10-07,222.66795098154287,225.0211241583786,217.7569796392485,223.05860900878906,5047815
2022-10-10,220.24036146400834,221.86805116158894,216.52923803661443,219.0870361328125,3026365
2022-10-11,218.57549324260603,222.15641657478886,217.63608878514225,218.361572265625,2086380
2022-10-12,219.45905610465198,226.54649118093343,217.95228516203525,225.458251953125,2322665
2022-10-13,225.25362863006384,225.25362863006384,218.58475360458633,221.1797637939453,2016655
2022-10-14,223.2260294656124,226.16517559306854,219.57071004543081,220.2310791015625,3429520
2022-10-17,219.5427890045993,222.73306832031943,218.01741173714277,221.812255859375,1567175
2022-10-18,225.04903821615923,228.9647866934851,223.52366098407836,227.71844482421875,4394830
2022-10-19,227.87655557544747,229.55075351609997,224.1840241313489,225.93263244628906,1833905
2022-10-20,225.60709041789818,228.51833424092206,222.29590679663704,226.1651611328125,3339120
2022-10-21,227.87657038162834,229.31824131842683,220.1380612608406,222.7981719970703,5002910
2022-10-24,226.0163527384022,226.0163527384022,221.75645434585,223.04000854492188,395760
2022-10-25,223.2260134335266,230.66688054797746,220.47288635655556,226.406982421875,4718435
2022-10-27,227.87654509156255,233.21537211437402,225.28154904718457,231.95042419433594,4543535
2022-10-28,233.11306143466996,238.82391197139705,231.42025741712814,237.121826171875,2765695
2022-10-31,236.98232324726953,236.98232324726953,227.87656786182364,228.6485595703125,3104155
2022-11-01,229.0857270450376,229.9786232598922,223.78411141830875,224.6584014892578,6675575
2022-11-02,224.71419897867906,227.4673119422881,223.22601983617332,224.67698669433594,2733960
2022-11-03,223.59805630617,231.29005683825915,222.45402693460082,230.71339416503906,3636250
2022-11-04,231.59701551391973,235.18723487632667,230.7413174006426,234.3036346435547,3337760
2022-11-07,235.1965150872727,240.71205128677494,233.7734503191034,239.80984497070312,2258285
2022-11-09,235.1314194805845,241.64216445160562,235.1314194805845,237.23345947265625,1989790
2022-11-10,236.2103349700316,239.9679666528394,230.1925325003668,231.62489318847656,3089160
2022-11-11,232.89914108578543,239.4098999809093,232.89914108578543,237.50318908691406,2488040
2022-11-14,238.08913278673302,239.13086379532416,233.53160752325113,235.45692443847656,1655990
2022-11-15,236.23824332139088,236.26614543867743,231.79232619757758,233.02935791015625,1474635
2022-11-16,232.89913760324288,233.42001022861976,227.93236215510393,229.4856414794922,2486780
2022-11-17,229.17871189821727,243.6511968249663,229.17871189821727,237.29856872558594,10895855
2022-11-18,237.27065973600688,238.93556172826462,231.03892207012646,232.75962829589844,5665580
2022-11-21,232.98285146755532,242.7582853587802,231.22494721023656,241.8560791015625,11427320
2022-11-22,242.74898142416382,252.05006539317617,240.15399943376144,250.47817993164062,9851655
2022-11-23,251.12928359686788,253.53826109632337,246.5252353770623,248.19944763183594,6956495
2022-11-24,249.44579418646438,249.44579418646438,242.75831198029584,244.00465393066406,3504165
2022-11-25,244.6185072669216,245.92065333970032,237.21483821680422,238.13565063476562,4325525
2022-11-28,236.99164140802804,240.86088186381005,231.969047145866,235.27093505859375,22810780
2022-11-29,233.0386692565649,238.29379038526167,232.80614214978172,236.3033447265625,8742450
2022-11-30,236.7032672654061,255.77978346082898,236.6195467319236,251.12924194335938,11378515
2022-12-01,250.46889287211204,250.46889287211204,237.54967388671398,239.38198852539062,8011285
2022-12-02,239.34476632365198,241.49334270006727,235.87548038625874,240.03306579589844,5168550
2022-12-05,241.08411337734165,241.82818875811947,237.92173623972317,240.87017822265625,4417660
2022-12-06,240.89807754554516,249.08302017778624,240.00518142203757,246.76705932617188,10171880
2022-12-07,247.03680127647584,254.24514150951978,246.85076823917993,248.37615966796875,6943485
2022-12-08,248.32039008955675,252.05941622991395,246.47876494807085,248.93426513671875,2846375
2022-12-09,250.83166609046512,251.89200345846146,244.88828723639475,250.02247619628906,3202765
2022-12-12,249.26908389407933,255.95656643798057,247.08332319046428,253.64988708496094,5938835
2022-12-13,253.17559799637948,255.02650521533891,249.26913012561954,254.0778045654297,1977965
2022-12-14,254.0963527763091,256.70995548712625,252.13380900875757,256.4402160644531,4138030
2022-12-15,255.85422354838985,261.2116573791057,254.8590290651812,259.1654357910156,3778060
2022-12-16,256.15188105407304,261.1744613914746,248.9156378947346,254.93344116210938,9071230
2022-12-19,255.58446766872683,257.98413459314185,253.36149520740645,255.2682342529297,3297195
2022-12-20,254.83108836159624,260.2442972250322,251.57570923355433,258.43060302734375,2851545
2022-12-21,257.97490363203417,264.0578217284942,253.0360293141392,254.73814392089844,4286630
2022-12-22,255.77979171992547,258.0120460434595,247.1018934573662,249.1574249267578,1549960
2022-12-23,246.84148504679166,246.84148504679166,240.07957872642703,242.10720825195312,1564975
2022-12-26,242.11654235419581,254.2916592628185,240.90741265311544,251.34323120117188,1606850
2022-12-27,253.36156906463168,258.5701827391878,247.32517352190547,256.5053405761719,2420365
2022-12-28,253.64984046107412,259.8722676002221,251.594308953006,258.3096923828125,2201075
2022-12-29,250.9432382325892,250.9432382325892,232.77823627185504,244.10696411132812,19945730
2022-12-30,247.40884843520118,257.6028291297896,246.50664210063388,256.1332702636719,7329350
2023-01-02,256.89595275606115,258.5701365308156,253.3615237870766,257.7888488769531,2184945
2023-01-03,257.4127593598129,258.94543045744314,251.16924521650472,253.8114471435547,2678225
2023-01-04,253.50118052848035,254.422642695019,247.8312555487675,249.8058624267578,2709675
2023-01-05,251.23504619628412,251.99667564421532,246.59003055110247,248.21673583984375,2309935
2023-01-06,249.157009577635,249.3168421378956,242.02962520013838,243.46826171875,1599915
2023-01-09,244.4743789241246,249.1193944193033,244.38034457779537,247.9722442626953,2348255
2023-01-10,248.73384389431897,251.54528973272863,247.97221456220632,250.8494873046875,2849300
2023-01-11,250.86836797671643,252.7207330957637,248.06633322783216,250.96240234375,1445245
2023-01-12,252.27875791592746,252.41982379203162,245.45230010555304,246.8533172607422,2259350
2023-01-13,246.35496814347448,246.91914556529693,238.38134571097567,241.31504821777344,4597480
2023-01-16,242.40575118172058,244.76587853439682,238.64462103501427,239.34042358398438,2549280
2023-01-17,240.29012508802737,240.83549276899424,237.4974741143946,239.14297485351562,3167635
2023-01-18,240.33717358407583,242.92296079680594,236.2281128750947,241.4654998779297,2375830
2023-01-19,241.46545384368295,243.9760303029637,239.26520220774282,243.49647521972656,2489795
2023-01-20,243.346058768591,243.346058768591,238.15568923890794,240.2055206298828,1984570
2023-01-23,241.10816507363091,243.90081583055783,239.75413649869094,241.57830810546875,1269830
2023-01-24,242.1988897578739,243.1203804994405,237.51628317574819,237.9488067626953,1061495
2023-01-25,238.56000490229087,238.95492336270283,231.31039238885458,235.8613739013672,2130930
2023-01-27,236.01180430611242,241.46545205102072,231.3197716370325,233.38841247558594,2410525
2023-01-30,233.00288415968143,237.8735589721065,230.82141365460785,233.9149627685547,5905675
2023-01-31,234.62020246935035,243.60932135512272,231.9497789184566,241.95443725585938,6053500
2023-02-01,249.7400022788162,257.0554272344675,240.37474609561883,243.97604370117188,7936630
2023-02-02,243.13917340183926,244.3991820602583,235.6357084946955,237.79835510253906,2552580
2023-02-03,239.05834991727014,241.50308523709,235.07153157658527,240.5345916748047,2600590
2023-02-06,236.95210687816146,244.02304830867806,236.95210687816146,243.28024291992188,2088355
2023-02-07,243.32724106457115,245.03856869038646,240.52519244339965,242.8383026123047,1940780
2023-02-08,244.06066012007938,246.5054097421663,242.6032281294483,245.91302490234375,1715770
2023-02-09,246.0728844838598,247.75597594662503,244.20169562725232,247.30465698242188,1437655
2023-02-10,248.23553431359855,248.23553431359855,238.40013523958095,240.44996643066406,3358630
2023-02-13,240.44997666159023,241.5971269182962,235.63571614008856,236.21868896484375,1789390
2023-02-14,237.32820117599667,239.67891637919644,235.05271058101454,238.87026977539062,1050085
2023-02-15,237.98642361803135,240.31832918718266,236.38792572983732,239.34042358398438,1236070
2023-02-16,241.08936417553193,241.14577904915822,234.38513365309305,236.7076416015625,3304915
2023-02-17,235.05274496328875,237.19659639438805,231.4044441906549,232.08145141601562,2077315
2023-02-20,236.7264267424469,236.7264267424469,232.10022078627313,232.66439819335938,2309105
2023-02-21,234.50735627641765,235.569884199966,227.7372989754886,228.48013305664062,2163550
2023-02-22,227.73730628745923,229.67429349168756,224.7472031696998,227.1825408935547,3253235
2023-02-23,227.53985744104875,228.5365584943784,224.74720634382143,225.72509765625,1641205
2023-02-24,226.19523591530734,229.80593131927415,225.83792258395926,229.13833618164062,2464105
2023-02-27,229.1383254227068,229.54264156487693,224.1642038448359,226.2140350341797,1437525
2023-02-28,226.6089564216919,228.04759304701523,223.78809804299863,226.2986602783203,13260610
2023-03-01,226.98505140193822,231.5830497071526,226.60894271324912,229.74009704589844,2913235
2023-03-02,229.99400394864136,230.35130293845046,224.35228690343473,227.47402954101562,2720640
2023-03-03,228.6117759969304,231.12233829303756,227.61507497461383,228.8468475341797,1836725
2023-03-06,229.42983930696448,234.89289998828423,229.42983930696448,234.4791717529297,3145920
2023-03-08,234.1312593974961,243.5153258273349,229.63669259382033,238.9173126220703,51702925
2023-03-09,240.70385660360986,247.23884247386832,239.77296815035064,242.66903686523438,8022010
2023-03-10,241.64411891227113,241.65353095587938,236.66061399322848,238.766845703125,1446625
2023-03-13,238.9737394103654,241.43728473960988,235.3912511727605,236.58541870117188,3683830
2023-03-14,235.26900752854863,236.57600472327655,229.99400157188714,233.00291442871094,3141790
2023-03-15,235.2596058115095,235.83318097092797,230.44534502926192,231.2257843017578,1987050
2023-03-16,231.68650505533395,237.11196023859358,231.06592709133216,235.10914611816406,3988570
2023-03-17,236.29392745889936,238.44717656699183,232.58919749562202,234.31932067871094,4182610
2023-03-20,239.7541662020418,239.7541662020418,226.33629274132903,229.3734130859375,3402415
2023-03-21,231.94979398382725,242.33997375822656,229.07252049436474,237.04615783691406,5079360
2023-03-22,237.31882667153474,237.85479667710112,233.5106648006856,234.34751892089844,1814750
2023-03-23,233.56707406064473,237.73254916840264,232.06262482832173,237.0555419921875,2141185
2023-03-24,235.88019454439439,236.82048073577798,230.37011688898136,231.9121856689453,4290270
2023-03-27,231.6865152015984,231.87458392072475,226.73121723092842,227.43643188476562,1948390
2023-03-28,227.74671573862892,232.11904061693195,226.07299318421096,230.5393524169922,2605125
2023-03-29,230.53935954793468,236.9521182052724,229.71191746297032,235.41004943847656,1649135
2023-03-31,235.6357292363262,241.0705823655081,235.6357292363262,236.83929443359375,4489935
2023-04-03,238.08045763761714,242.78190287993644,238.08045763761714,241.92623901367188,2297460
2023-04-05,240.90131426063374,243.38365468393286,239.66952739736547,242.4151611328125,1710530
2023-04-06,241.84162532288167,245.79081019806,240.7414778283897,245.19842529296875,1428390
2023-04-10,245.19840247036674,245.79078732031994,241.66294615336514,245.36767578125,630385
2023-04-11,245.3676696421136,246.3549585704966,240.14906456211259,243.59051513671875,2316150
2023-04-12,244.286328349717,246.7310780593314,242.32113375527183,246.16690063476562,2680600
2023-04-13,246.15753001257633,246.15753001257633,242.96994605089648,243.83502197265625,774615
2023-04-17,244.47439887228035,249.5519383405765,243.7033573428217,248.48941040039062,2927410
2023-04-18,249.59893797635806,252.93694190254723,248.04744307168332,251.84620666503906,2602290
2023-04-19,253.37886821104556,257.6195672308184,251.5359156955844,256.98956298828125,2649705
2023-04-20,257.6478371248366,258.3060202637257,251.21628280349367,251.8744659423828,1972785
2023-04-21,254.89274996119957,256.0869317040795,252.19413337557376,255.5415496826172,1533610
2023-04-24,255.94593192136472,265.49921508872643,255.04323644951586,261.8885192871094,3484290
2023-04-25,263.22374725364386,276.3125163876119,262.35867123785505,269.43902587890625,11463135
2023-04-26,270.77422654468916,270.77422654468916,259.8951079870215,264.43670654296875,4680385
2023-04-27,263.28011818383544,265.5367991720743,259.8950823538493,264.3238220214844,5355815
2023-04-28,253.8772629262594,256.69812140321784,246.16690494447047,250.6050567626953,15378245
2023-05-02,253.6703749105935,254.49783124374005,248.54580434909707,249.2322235107422,4445290
2023-05-03,248.8091022009414,251.1880536870737,247.53032682185233,248.056884765625,2404405
2023-05-04,249.36388466132962,250.3041707593056,247.48331246537768,249.68357849121094,2605540
2023-05-05,249.73998087561728,253.37888330161516,247.5303029167966,248.0192413330078,1867575
2023-05-08,249.92804978618202,254.81754929503805,248.01927002967886,253.48233032226562,3146345
2023-05-09,255.51333598780187,263.28010836711314,253.0686150805966,253.5481414794922,4717955
2023-05-10,255.9458858026461,255.9458858026461,250.21013490055438,254.4508056640625,2721495
2023-05-11,254.0840965273819,257.61958124323263,252.00607240015182,256.5664367675781,1675840
2023-05-12,256.6887259365953,258.5128834984565,252.18477560476245,253.8302764892578,1868500
2023-05-15,254.44143225943247,257.1870516869095,251.25384850823724,252.10951232910156,3314115
2023-05-16,253.87725242568922,255.8142395374648,249.1758218252135,249.8528289794922,5037130
2023-05-17,249.92805156038068,253.99009468624243,249.19462949837148,252.78652954101562,1876620
2023-05-18,254.33801304449793,255.193676956806,250.0127193448427,253.14385986328125,3189190
2023-05-19,255.17486164532954,255.17486164532954,250.68029496677624,251.8650360107422,3457825
2023-05-22,251.24449363227032,251.60177829778368,245.60277621862886,248.10391235351562,3724060
2023-05-23,248.9784004021217,259.58482799370796,248.30139316456265,256.3784484863281,3621815
2023-05-24,256.2655576485468,261.39951123746096,255.04316861625648,257.5725402832031,4991420
2023-05-25,257.5725608199573,261.0234233837511,255.4475337769771,258.6445007324219,2376370
2023-05-26,258.6445174823788,260.6755390044306,256.6981182701721,260.19598388671875,2622815
2023-05-29,261.0234644151157,267.68067832892285,260.1960079375813,264.93505859375,5878845
2023-05-30,265.4427217601706,267.26687886444194,264.3520152707361,266.4394226074219,3948785
2023-05-31,266.5993047214846,267.0224449254392,261.66280291986294,263.23309326171875,6080605
2023-06-01,263.23312463691934,266.75919777264204,263.23312463691934,265.20770263671875,2902875
2023-06-02,266.1668497476314,267.83114616783587,264.0700009689696,265.7907409667969,3680045
2023-06-05,267.2293272826981,268.3858608475013,262.83817846816,263.4587707519531,2510040
2023-06-06,264.6811663756857,266.994291202932,260.60032750883056,264.953857421875,1777200
2023-06-07,263.280173066199,268.1696734726759,261.39960040144047,264.8504638671875,3799040
2023-06-08,265.7248151163893,272.49485673687855,263.28006590819183,265.33929443359375,4030580
2023-06-09,265.1607254793997,270.5767835227385,264.9726567491828,266.5147399902344,2435880
2023-06-12,267.98154226028436,274.7986165809407,266.477078740123,273.1249084472656,2951100
2023-06-13,274.20624659672245,274.75162864127014,269.8621291096136,271.4418029785156,3300860
2023-06-14,272.68293367618463,272.68293367618463,263.7032140625347,264.7469177246094,3617290
2023-06-15,265.91285049869566,267.0412050969233,264.0322786318159,265.9504699707031,2747890
2023-06-16,268.2968228361186,269.15524338800867,265.1684428518316,267.3430480957031,6897545
2023-06-19,280.9820167176809,286.3040664388267,277.1287589953781,280.3811340332031,15970295
2023-06-20,280.4097812396479,300.0003230857092,277.7487414922387,297.5109558105469,13814600
2023-06-21,327.2591604139022,342.1285040400333,319.5145147434912,330.8358154296875,67327115
2023-06-22,336.68246218039775,336.68246218039775,322.70012187293986,327.86004638671875,20695285
2023-06-23,322.95766478696015,325.9143724309396,313.19102033877164,319.82928466796875,26775580
2023-06-26,318.3127737370585,326.8490693383137,313.26732629844213,324.9224548339844,9027690
2023-06-27,325.04641543113604,329.7294528351513,316.6532094733944,323.54901123046875,9250910
2023-06-28,326.1909343599391,327.78375085229675,322.2136812129035,324.4741516113281,9058510
2023-06-30,324.4932053683217,337.05443003640653,323.86371062049886,330.9979553222656,13348225
2023-07-03,334.33619468256353,339.1431982595316,332.50493443403224,335.337646484375,7848930
2023-07-04,338.0177548696227,342.0617794741898,331.9136024843921,339.1050720214844,8948575
2023-07-05,339.16227304071714,348.7000195879426,337.4263961834679,343.7880859375,13158105
2023-07-06,343.66412297984857,343.66412297984857,337.11169514116995,337.8937683105469,4616375
2023-07-07,338.5899976888963,339.3530057592412,326.57243138616553,327.8314208984375,6705130
2023-07-10,329.80578903206464,330.08236276105265,325.01782101232004,328.7089538574219,6425075
2023-07-11,329.98695790442827,339.0764289899048,329.2716269298937,335.8622131347656,6085610
2023-07-12,335.74775994752616,346.78294022966645,335.67147077843856,344.4080505371094,6537300
2023-07-13,346.6971172487439,348.9289466427447,340.1160773781935,341.2605895996094,6218315
2023-07-14,343.3589060682491,345.523964247475,338.1417570812141,340.2877502441406,4492200
2023-07-17,340.7074328543539,341.84242718702404,334.81311161694015,337.5408935546875,4223875
2023-07-18,339.31493230356654,343.5878247809326,337.6362793406602,340.33544921875,7805875
2023-07-19,340.30679803683915,342.34788984647304,338.1703520436396,340.640625,5968125
2023-07-20,340.49754897387777,343.072752163496,339.16227028947634,340.0874328613281,2878425
2023-07-21,339.2481397564671,356.3588609285532,338.59003285701027,349.36767578125,15551270
2023-07-24,351.14169566471105,352.50558649469593,339.5437918654678,342.6531066894531,30150490
2023-07-25,349.2532122128888,349.2627592740826,342.59588344383013,347.8416442871094,7020285
2023-07-26,348.31853662614765,350.1116086357452,345.0184551641385,347.0118408203125,3995010
2023-07-27,350.607588091788,352.72496910546613,340.7932382074656,345.5811767578125,11626560
2023-07-28,348.32806091932906,350.6648206500903,341.4513532674213,346.7638854980469,5905730
2023-07-31,349.35813986532065,362.0528786793935,346.8020015711113,361.1277160644531,7778860
2023-08-01,361.12771321941005,362.62514645877604,351.94285835642006,353.6024169921875,5345210
2023-08-02,354.80423069201146,355.9964492091217,343.6736658092353,349.6824645996094,7630985
2023-08-03,348.8907463870609,350.7220064751683,341.73743669536157,346.8782958984375,3816705
2023-08-04,348.1277556879276,351.69486365118166,343.74993343114494,350.41680908203125,5455600
2023-08-07,351.1607330590513,354.8041590978064,349.6823940389004,353.8122253417969,4926185
2023-08-08,353.83133261640705,357.6178191677321,350.989073660997,355.07122802734375,9859755
2023-08-09,357.283968098687,357.8371445551918,350.9890499680984,352.686767578125,6340300
2023-08-10,353.78367352448487,357.4557122630292,350.98912039395987,353.03021240234375,5397960
2023-08-11,352.89661437095293,352.9061614314927,344.1409702216736,344.8753662109375,5133290
2023-08-14,344.8753805389008,347.04043856826524,338.50417270851506,345.943603515625,4598320
2023-08-16,345.99135267722016,346.5349821871312,335.74779162386557,342.5959167480469,9040420
2023-08-17,345.63844143746053,356.7117521795315,345.63844143746053,351.82843017578125,6805160
2023-08-18,353.2782047751408,353.2782047751408,344.8945155476081,347.2598876953125,4286650
2023-08-21,347.1739927481326,353.85041568559666,346.15344682775134,351.6090393066406,6865250
2023-08-22,353.65011028924505,353.65011028924505,349.21506399231447,351.952392578125,4892080
2023-08-23,352.70585443150645,354.1079043332866,347.39335174464935,353.3162841796875,2475480
2023-08-24,353.85041269511703,368.49086011991915,353.85041269511703,357.7608947753906,8085270
2023-08-25,355.7579797089162,358.5620797863799,350.41683531818074,355.5958251953125,4806385
2023-08-28,356.7022456043211,356.8930122164211,352.1622971267048,355.1571350097656,4670145
2023-08-29,356.13947975879074,358.23779581578646,352.2862216845327,357.1409606933594,2919905
2023-08-30,357.0932500709626,366.24949322291434,356.2920827973648,359.4013977050781,3644915
2023-08-31,361.48056053398085,369.8737650724889,360.3551135316922,367.83270263671875,12639870
2023-09-01,368.15698792360683,369.2919820024925,363.74100696058133,364.7329406738281,3756035
2023-09-04,365.6772478511757,371.01839248467377,360.3838094212096,361.27081298828125,7899565
2023-09-05,363.15922694464086,368.1474494870657,358.6574096567817,365.0095520019531,6793595
2023-09-06,366.2303966026092,367.5847402910205,359.00076853437395,361.02276611328125,6908360
2023-09-07,361.48062624450546,362.58700843507336,356.8357479205777,361.2326354980469,6035475
2023-09-08,364.3419490156427,373.8701493105103,362.9685110677651,372.70654296875,7287555
2023-09-11,376.13058695460245,376.13058695460245,369.711701677367,373.3455810546875,6565460
2023-09-12,375.7586468027725,375.7586468027725,360.7843712908758,364.56134033203125,6903070
2023-09-13,362.82545236248615,366.2495001865065,358.0851907400673,364.4087219238281,6517920
2023-09-14,366.2494642415436,367.7278033008033,363.50258860262926,365.3719787597656,5225585
2023-09-15,367.76599900700234,368.8533161833998,363.57894302825844,366.6787109375,6773145
2023-09-18,365.5150831374443,367.12696468420324,362.71098323402305,364.8188171386719,3166810
2023-09-20,362.43440665712535,371.01837944637305,361.089580760649,365.8489074707031,4028295
2023-09-21,365.23845269143635,367.0124595006032,360.71757033927065,362.4915771484375,2504980
2023-09-22,362.49159227400355,368.09979189048914,358.8100360849008,360.7080383300781,2804785
2023-09-25,360.7080867083134,373.75571872505157,354.9282138647522,371.123291015625,10327105
2023-09-26,370.44607983300403,370.6559114268471,356.9024968432465,359.49676513671875,5973300
2023-09-27,362.0528726376498,364.9904858311282,358.6669550755219,360.9846496582031,3216495
2023-09-28,364.2083946767375,364.7997594432985,354.10792404925155,356.98834228515625,21636670
2023-09-29,357.2267831652499,368.33825256395033,355.872410288473,366.12548828125,6908925
2023-10-03,369.6830685066205,370.045507538905,358.8100430725508,366.6214599609375,11039535
2023-10-04,364.1511590937444,366.239927959522,351.2752009875559,353.0110778808594,6700835
2023-10-05,353.27814787760076,357.274466253665,347.7462661848993,350.51220703125,7397385
2023-10-06,353.07784425860075,355.37644468557363,350.035300759956,352.67724609375,6311950
2023-10-09,350.99867694511016,351.1512844074521,344.05519749648704,347.345703125,5354120
2023-10-10,350.9890900285063,361.81443870810125,346.2583756606611,361.07049560546875,8377560
2023-10-11,363.77920944187434,366.34486569665467,359.677960794547,362.1673278808594,4561415
2023-10-12,364.0652891571921,364.0652891571921,357.6654698335662,358.2568054199219,3313985
2023-10-13,357.63690029394195,359.90688873622406,356.78802683993985,358.8005065917969,2983920
2023-10-16,358.8004938845189,359.57304903532724,353.9648493428723,356.244384765625,2463960
2023-10-17,358.323651600304,361.0800455956379,357.09327397670967,360.231201171875,3378270
2023-10-18,360.2216396488426,360.68900906780476,353.3830910091537,355.98687744140625,2524565
2023-10-19,350.4168128998814,360.526830366457,347.83209165750173,358.39990234375,3099700
2023-10-20,357.95164798940647,359.7161370783568,355.94874432254437,357.98980712890625,2206225
2023-10-23,357.6273289251617,365.4864517088306,355.948705360551,358.6192626953125,10365280
2023-10-25,357.0074169159806,359.9259652617051,341.8328574663781,346.4396057128906,6849205
2023-10-26,346.43952536169894,346.95454263956856,335.8907816213449,342.9010009765625,4792965
2023-10-27,353.0874235441876,387.17532374202074,353.0874235441876,369.14898681640625,25056665
2023-10-30,369.11081185434205,369.14897099257774,355.8056430400907,360.9465026855469,10187990
2023-10-31,362.8159134499393,363.76017025650486,356.8453032356924,358.5906982421875,8455335
2023-11-01,359.38225535480024,363.7696243083141,357.88485136354734,362.8635559082031,3794295
2023-11-02,365.00957191784215,374.8334392163796,362.96848018591527,372.89727783203125,4288760
2023-11-03,374.35660261771733,386.84151104403855,372.3632168125295,384.0946350097656,9322270
2023-11-06,387.0617035065788,387.72641271963664,381.8692691319535,383.6996154785156,5634155
2023-11-07,385.3180856557422,386.37773982695023,376.52275612215425,382.8711853027344,8807090
2023-11-08,382.87116169000774,383.9212023541645,379.7980942256545,381.41650390625,3525375
2023-11-09,379.55724417187895,379.55724417187895,373.777184615962,374.4322509765625,4975345
2023-11-10,373.77721699135947,378.77697129220275,371.25326213715,376.1277770996094,2430100
2023-11-13,377.1296208199432,380.13524701408903,371.88903126131373,379.13336181640625,2779500
2023-11-15,382.4954464916936,393.2752603984015,380.53986076360735,392.2252197265625,6346865
2023-11-16,392.42751358839087,395.16343443848126,388.32369111106425,392.2252197265625,3184495
2023-11-17,388.9883831094287,388.9883831094287,381.69586757694793,384.3354187011719,5468870
2023-11-20,384.37401128963944,387.2254994825503,381.0601076875104,383.2083740234375,2862980
2023-11-21,385.33727924694057,389.1521100797929,381.5224484140882,385.3083801269531,5089455
2023-11-22,386.2910319307709,387.2640181003144,376.3300654408354,380.92523193359375,2639075
2023-11-23,381.09861019334704,385.12537807702034,379.5572550544618,380.49169921875,1529325
2023-11-24,380.4917182226131,381.4839606817635,373.98915071099213,375.22222900390625,2379295
2023-11-28,376.0506374466362,379.5572208061658,372.727121045923,378.728759765625,3604165
2023-11-29,378.72875978621045,381.7536421469953,377.6305344266603,380.39532470703125,3299720
2023-11-30,380.14492693784433,389.190735622324,379.8077802652184,386.7245788574219,11002290
2023-12-01,388.0346832653603,391.0981374113568,384.7593218087841,385.9635009765625,3034950
2023-12-04,390.1539997849366,406.14550293985263,386.73414315132067,403.53485107421875,9360830
2023-12-05,403.53488933505395,404.38260674457626,393.6316919810727,398.8144836425781,8296900
2023-12-06,400.17279210267736,401.5407524939848,394.0074009986167,396.0689697265625,3598450
2023-12-07,397.0804712604792,398.824120255578,391.11737397044607,392.04217529296875,3904160
2023-12-08,394.9707554903024,396.41577044941323,388.16955410133295,391.4256591796875,4218365
2023-12-11,391.4256477806244,398.4194999877915,388.314038409016,394.4120178222656,4948465
2023-12-12,397.8608010663754,397.8608010663754,383.03493289095024,384.4221496582031,7159045
2023-12-13,387.2543514186273,387.59152744266333,380.72288522872327,384.4317626953125,7973270
2023-12-14,386.4933237163274,410.38422456027524,386.31989958813574,408.1300048828125,11924520
2023-12-15,407.87957345148914,408.76586227974474,398.8434080151953,400.3077087402344,11228265
2023-12-18,400.13425607771785,400.471432110056,393.6027897269918,394.5854187011719,4203410
2023-12-19,396.6662648761759,401.2614020451074,393.04408449377945,396.8107604980469,11070960
2023-12-20,397.0901328130037,406.90660370818296,383.41064575271656,385.09649658203125,9435625
2023-12-21,384.81709503222095,394.56612423674966,379.9425804299566,388.5837707519531,9405990
2023-12-22,391.09811245837744,398.6314345081875,388.5163301442161,396.0207824707031,6928875
2023-12-26,399.2094586695712,400.1342600082625,390.75130564971823,392.2252197265625,4822975
2023-12-27,393.2464014510379,397.9571647929306,392.23490263965243,394.9515380859375,3750095
2023-12-28,397.82225191743566,397.82225191743566,392.2926706304514,394.1326599121094,3288345
2023-12-29,395.4523984195898,398.43876833128445,392.64906607466673,395.6065368652344,5291010
2024-01-01,396.0400525279198,396.89744218197154,393.25600566023877,394.7491760253906,1523610
2024-01-02,394.9707444361663,396.8492755899974,388.4200218977621,391.12701416015625,5389635
2024-01-03,392.0807148710203,404.2188460760464,390.92469117572114,402.6871337890625,6787670
2024-01-04,404.60416436403847,414.71926847313944,402.7160198286991,413.88116455078125,7695105
2024-01-05,414.81562907002103,419.39150972527796,408.3516037866039,418.55340576171875,8114435
2024-01-08,420.78832660283535,428.68775313934646,416.8482561748837,423.16778564453125,7487975
2024-01-09,425.142637256067,428.3120152852663,414.35318142362553,417.6767272949219,5463445
2024-01-10,420.01766953579215,421.53012553916943,411.4824621975249,414.23760986328125,2470725
2024-01-11,427.3294506910803,441.1823320415122,424.6417146538214,439.23638916015625,14663945
2024-01-12,441.7507019042969,443.7351867531168,435.45042848192935,441.7507019042969,5187280
2024-01-15,441.7507019042969,441.7507019042969,441.7507019042969,441.7507019042969,0
2024-01-16,447.9546028400889,449.8716464639494,442.18418628857177,445.00677490234375,6647950
2024-01-17,441.9818915302612,446.5770578579672,431.57779571456115,440.8258972167969,5308645
2024-01-18,437.5505472074945,440.6910264358786,423.2063510774826,434.5448913574219,7883550
2024-01-19,437.55048228060167,447.3669515955463,437.55048228060167,443.4942932128906,5296785
2024-01-23,440.6428596860501,445.82565131217865,433.0420669840598,439.1882019042969,10999270
2024-01-24,430.39291295126606,446.02798665229534,425.71107821796784,443.6099853515625,8501730
2024-01-25,446.5674289135959,453.3397313052394,441.5965738339755,444.5155029296875,5327820
2024-01-29,468.57014823209266,470.49683472103953,443.55212299716175,464.1387634277344,17895075
2024-01-30,464.1388018488183,481.0069528635305,464.1388018488183,472.6065979003906,14238795
2024-01-31,472.0382051190059,477.7412102469817,462.5011125688312,475.2750244140625,9573360
2024-02-01,464.52413221819063,469.90921751936355,460.2083438252643,461.86529541015625,10601720
2024-02-02,461.92312234592697,466.47974683713704,459.63036053848737,463.4644775390625,4405185
2024-02-05,466.06544681879325,468.6472290399872,452.2318520315786,454.1392822265625,1993400
2024-02-06,456.6353167625733,465.1295064315548,449.6019825758816,463.6880187988281,7511415
2024-02-07,463.97819157121626,475.81974076356744,463.6879691004852,467.0159912109375,5230250
2024-02-08,469.21211338405624,469.21211338405624,452.92029839213575,454.3037414550781,4430985
2024-02-09,454.3037820213358,455.4840694485775,443.3812887378107,451.62396240234375,2903050
2024-02-12,451.79806199725584,455.27119559048117,436.28987702444067,437.7217102050781,2845040
2024-02-13,438.64077082458033,453.4427379964209,432.49747217111184,450.9563903808594,8984610
2024-02-14,442.12360090842486,465.2649629881793,441.19485937897093,463.0785217285156,3686385
2024-02-15,471.57267211236547,476.64208821340435,466.69672782159364,471.6500549316406,5721585
2024-02-16,472.1144213558755,475.94550552470423,470.9244501979417,473.9332275390625,4596560
2024-02-19,473.9332985903506,476.36160183983964,467.57715991987226,472.09515380859375,3451410
2024-02-20,472.0951213176669,473.0528850565051,463.46547517128107,467.5964660644531,4396705
2024-02-21,467.0450615560473,467.2869234812836,453.74265566805053,455.8516845703125,3665875
2024-02-22,456.46119322856083,464.31686404087236,451.42076931802603,463.4461669921875,2571220
2024-02-23,464.0846875227227,475.4038082402515,462.0723797123876,473.16900634765625,5723325
2024-02-26,474.03000040254847,490.4959484373702,473.6526816552313,480.8504943847656,5989015
2024-02-27,478.8865917735679,485.53295247492343,436.7058678862561,459.0345764160156,20513770
2024-02-28,462.82696379638986,471.7178103296317,446.55448674743394,454.4682312011719,11119410
2024-02-29,464.181398572732,475.03616303942266,454.92294644385896,471.8435974121094,20232355
2024-03-01,477.82235599096845,478.66403066546195,471.1469735639898,474.1363830566406,5500370
2024-03-04,475.9842518565328,476.9516995229079,468.0511691825934,473.37213134765625,2666695
2024-03-05,466.5032455308912,475.1812517024826,466.5032455308912,470.4697570800781,6190170
2024-03-06,472.88838372929047,474.6298071556719,454.48754066905354,459.4602355957031,6744720
2024-03-07,459.46027907680053,475.0942080773305,459.46027907680053,473.9623107910156,5963990
2024-03-11,473.2754223999077,483.70450733129377,468.3704555191531,480.0378723144531,11377355
2024-03-12,480.6279881860516,480.6279881860516,466.3484807263756,468.5832824707031,7206710
2024-03-13,471.1276690066658,472.0564104874121,445.0452590066738,449.1665954589844,8118855
2024-03-14,447.9282719698934,450.43395789654505,438.47631884665606,443.3812561035156,10111785
2024-03-15,443.86493745560233,447.92822909724885,435.54491189515187,438.6020202636719,7257360
2024-03-18,438.2538167127998,451.39174374636264,438.20545613651365,446.7576904296875,5870405
2024-03-19,449.47619412716836,453.3266169646481,440.6820983352827,442.51055908203125,6619825
2024-03-20,443.0910249215681,450.4242651381552,441.1561296162337,447.7734680175781,4526425
2024-03-21,449.4181613458041,455.6581812757728,443.0910451418606,447.1156311035156,8698620
2024-03-22,452.5720015805174,456.38374770636057,446.0223915793483,450.966064453125,6367775
2024-03-26,441.34963433866034,462.3238925234202,441.14644907264847,459.0635986328125,10693585
2024-03-27,466.309772192064,470.17956283266204,453.7329526101203,461.7337341308594,77232200
2024-03-28,459.35378916141485,463.32033019660525,452.42686085427937,456.5965576171875,11625440
2024-04-01,458.76373473955067,471.5340273217098,457.8059413908711,470.5182189941406,4228910
2024-04-02,470.17957731183697,478.17070467848964,470.1698933872062,477.1355285644531,4433110
2024-04-03,479.27354443562234,496.64889540203234,475.7520504558487,494.64630126953125,11588495
2024-04-04,498.22586689996683,498.22586689996683,481.0149940813109,483.58837890625,7019985
2024-04-05,485.76512710237324,489.91548580244,483.3561918930128,487.37109375,3253480
2024-04-08,492.03421243677946,499.2610477933455,488.9480519730846,497.11334228515625,3678905
2024-04-09,501.1379377456467,504.1660539466244,488.1934820429453,493.4757385253906,4766875
2024-04-10,495.32353561381797,496.5425291565074,487.4968873089313,489.1512145996094,3504425
2024-04-12,487.58392152847074,487.58392152847074,479.6411847540347,480.93756103515625,4144555
2024-04-15,482.3694213800558,482.3694213800558,465.9324651445333,467.2095031738281,4750690
2024-04-16,464.3748777692009,469.0186147372291,458.25094705924977,464.5199890136719,4033025
2024-04-18,468.2253705780212,472.54986318213224,456.84817564121124,458.8507995605469,6791185
2024-04-19,454.6714075912118,460.2439159238149,449.8825295523609,457.9026794433594,4797160
2024-04-22,462.4400036601208,470.624602989516,459.34415918997024,469.1444091796875,3489700
2024-04-23,472.49179008283636,475.2876985460421,467.68357389689675,469.5894470214844,2892585
2024-04-24,469.59912228480835,480.18300281401497,467.8577281802963,476.18743896484375,8459300
2024-04-25,475.79074295066704,484.5558163067672,468.6800263351664,482.1468811035156,14587660
2024-04-26,486.14247587378793,490.87330936284366,452.1850552362792,483.4529724121094,20810260
2024-04-29,497.2584299330221,498.6128803216127,470.22793904738603,482.2146301269531,11904615
2024-04-30,482.3694078376756,498.9708131799482,480.6279843400289,493.72723388671875,13426225
2024-05-02,492.73077513724724,502.879291844444,490.4959733602016,499.60931396484375,9243475
2024-05-03,503.07279477482217,514.2951642697016,498.2646081371874,500.85736083984375,7622145
2024-05-06,503.07280278952135,504.8045129109588,483.50132523691576,492.9242858886719,4326785
2024-05-07,492.92427248806297,496.30065541341725,472.4337083700598,480.9762878417969,7825870
2024-05-08,480.5312683790306,483.33686071066165,470.71165093208236,473.6623840332031,7324775
2024-05-09,473.66236853597985,478.72210077728477,455.51304143514375,456.8094177246094,4104015
2024-05-10,459.3441352485242,465.6712511853827,451.04344735086613,453.607177734375,10984650
2024-05-13,453.73296879644494,455.6001357613439,440.91428684217436,445.37420654296875,8390345
2024-05-14,453.7329605553417,467.82868029634557,448.2765414849557,450.8983459472656,12376035
2024-05-15,452.3785697265592,453.15251610991703,445.6160899385938,448.895751953125,4269680
2024-05-16,452.185048376189,453.88776577328844,438.2538074225558,452.51397705078125,12445545
2024-05-17,453.5394310013407,461.79175799268205,449.08919558284595,458.8797607421875,4729135
2024-05-21,458.5702005570382,462.34324060615654,454.43920959000053,459.19903564453125,3935580
2024-05-22,459.1990446285806,460.47608267762394,451.2369689577526,452.1366882324219,3465540
2024-05-23,453.92645489179625,466.2517286598929,450.54038807426116,464.4619445800781,5512760
2024-05-24,464.3458759184962,469.9764286445898,457.15774655972564,463.89117431640625,4877325
2024-05-27,466.30978252507055,468.92190307502034,459.73115009994115,460.5050964355469,3398210
2024-05-28,462.43998196763863,470.760037757244,459.53763898457817,463.1558837890625,6493910
2024-05-29,459.547322014229,463.92017480482923,456.2483219536739,459.46990966796875,2197930
2024-05-30,457.7962617405004,460.50510348072277,443.47801811946056,445.5483703613281,6688165
2024-05-31,448.6828833054527,461.92724439052813,447.6670750523483,455.4840393066406,12916455
2024-06-03,474.0493396817617,492.8081634379076,469.2604620936804,485.4942321777344,15161795
2024-06-04,491.46342790942924,491.46342790942924,424.3225639384456,437.42181396484375,17788625
2024-06-05,433.78420577673467,463.9685563945668,431.48167551982596,461.94659423828125,7114095
2024-06-06,470.17957735471856,490.49597884535456,464.3845751391685,478.847900390625,10501485
2024-06-07,479.72827243394784,485.0686024793308,475.99393859128855,483.3271789550781,3706890
2024-06-10,485.6587023675442,493.882007088907,480.86017046748975,487.4194641113281,4849020
2024-06-11,486.61650725329315,493.79498214957124,481.7889526970918,490.1090087890625,4681350
2024-06-12,490.44761309563586,499.8705440493749,489.63493106332413,496.677978515625,3510365
2024-06-13,501.5248659950023,521.967038773262,499.41577823699987,519.3839111328125,10022455
2024-06-14,524.7436118226291,531.5157451512115,521.4639502247625,528.6423950195312,15318425
2024-06-18,531.8930506480453,549.7327886289169,528.6811171926764,547.5270385742188,12393205
2024-06-19,547.5366791657573,547.7688571480535,534.0310890618002,540.07763671875,9175135
2024-06-20,542.6510215184411,552.3158728956439,534.9501762120799,542.7767944335938,6948810
2024-06-21,543.7056081543736,549.897297062293,540.8032650503467,545.9597778320312,9672340
2024-06-24,545.505049104531,559.1847738332248,537.8718725357986,557.6852416992188,5367855
2024-06-25,557.8786480291014,580.4685244877587,553.6992675669921,578.5045776367188,15844875
2024-06-26,577.7210499184326,591.9715948740289,572.4581320013817,578.3499145507812,9032225
2024-06-27,577.9628904858627,579.8204325396914,565.7537055312577,570.997314453125,12298175
2024-06-28,570.9973320219411,574.5284807211237,561.1196696827167,563.3447875976562,6005455
2024-07-01,561.5162368271496,569.246192769526,561.5162368271496,565.8117065429688,6673330
2024-07-02,566.3438858145624,568.8592261202563,544.7988074536273,546.5885620117188,12638725
2024-07-03,549.5102959148769,558.2173252515563,542.8445670621995,551.5322875976562,7945600
2024-07-04,554.9183323679448,554.9279572440104,545.6404832756672,548.3009643554688,3958315
2024-07-05,548.5427669392344,555.7502630764054,544.5375198661782,554.5119018554688,6163345
2024-07-08,552.6061168033486,552.6061168033486,541.0160536500988,543.3379516601562,4065755
2024-07-09,543.4928174267346,544.469890039419,536.9625452092938,540.2228393554688,6359760
2024-07-10,540.60001431717,542.6703663189514,523.3891430516629,534.4373779296875,8300735
2024-07-11,534.4374996408407,538.9555234027572,525.1597082625326,529.9678955078125,5689115
2024-07-12,532.0962542141319,553.3801043826973,532.0962542141319,540.6871948242188,9030805
2024-07-15,544.28595658062,558.9911708414717,543.163743427444,557.69482421875,7400215
2024-07-16,558.5849371258315,561.1196452823795,542.15769468182,544.3828125,4907090
2024-07-18,537.3204395941339,556.0792043424602,537.3204395941339,554.7925415039062,4119020
2024-07-19,553.3800214600732,556.4468137867345,539.7099822900002,543.8699951171875,3677715
2024-07-22,541.7513641140787,551.0485817304057,534.8147803829957,547.0723266601562,2717785
2024-07-23,549.9123611151515,549.9123611151515,518.0886095551695,532.8333740234375,12227465
2024-07-24,532.7944362523364,536.8794000821345,518.4582095960903,529.9252319335938,5130575
2024-07-25,525.1108959431746,527.1533482705054,512.6614704860306,521.1231689453125,10445410
2024-07-26,526.3362627632152,592.1234500831455,523.2628491002271,568.9754028320312,32196680
2024-07-29,577.7288498035282,590.5186620587885,565.0849524172556,572.4767456054688,12753435
2024-07-30,572.476803214504,579.9464817386603,562.5562532960196,566.4563598632812,9486875
2024-07-31,570.7067237944725,573.2646272031108,567.2345074915957,570.327392578125,4655790
2024-08-01,570.5122619335382,583.3701076984746,567.9931817795415,581.4735107421875,8859720
2024-08-02,572.865884924626,588.0191281798283,568.0028468522609,582.02783203125,8905205
2024-08-05,559.4438945568894,572.2531198248707,546.2358669357828,562.44921875,9480440
2024-08-06,568.0320768911055,571.9808615934217,549.5233247335898,551.8186645507812,5917390
2024-08-07,562.1866509878819,570.3565190215838,558.3837221161288,568.9851684570312,3986695
2024-08-08,568.0027761412084,568.0027761412084,556.0591276279886,558.7046508789062,4434050
2024-08-09,566.05764284746,578.380564945468,560.2414681938269,575.4141235351562,4568775
2024-08-12,573.8287475644719,586.4823819195979,569.4812200933615,578.9154663085938,5709795
2024-08-13,579.6741231295866,582.6795066998731,556.4287780037521,562.4298095703125,7249815
2024-08-14,564.3069105042456,567.3414413010843,557.1095909129017,563.1592407226562,3626125
2024-08-16,566.6410861508405,581.9888604642199,564.5110734250017,579.9658203125,4976095
2024-08-19,589.0111423385505,600.0988927901874,586.1030550952735,598.2703857421875,9092170
2024-08-20,606.5180321616955,617.9948485100631,593.7380143293744,614.6587524414062,12149555
2024-08-21,610.7877451971804,620.523555304386,606.2943035112773,614.5031127929688,5227030
2024-08-22,615.6605916271006,616.0399228264693,607.5490183758783,611.497802734375,4610695
2024-08-23,614.6880218297974,615.1354427101303,606.4597399136445,608.1812744140625,2466965
2024-08-26,610.7974961331275,618.5297374552334,605.1563846338473,615.1061401367188,3366050
2024-08-27,613.5014238141906,635.8713976439824,606.1290419042263,628.197509765625,9915805
2024-08-28,627.3319133702421,631.805884666029,620.8640489677108,622.8287353515625,3352220
2024-08-29,622.2742696602905,634.5291598379708,617.5182047149295,622.5660400390625,5976425
2024-08-30,622.6147216131938,627.2151361417759,617.9948359381606,623.3441772460938,11026125
2024-09-02,626.349470592667,633.8288243575884,625.2018009099289,627.3804321289062,3165735
2024-09-03,624.6086670890398,638.6239177080213,620.5334385149505,636.3966674804688,7181415
2024-09-04,629.6758631628658,638.4099198190306,627.5264383492232,631.01806640625,3467420
2024-09-05,631.6016132169453,640.7538238828757,628.1391328117401,631.3195190429688,3368300
2024-09-06,632.953544578845,635.4920359356792,626.3981200887878,629.4035034179688,3058060
2024-09-09,639.9757586043701,646.4338868897469,625.6005907298072,644.9749755859375,8095085
2024-09-10,647.3481325346795,649.2933475829471,628.3336673105143,634.1498413085938,6190070
2024-09-11,635.1224923482074,641.531943127972,632.9924793498863,638.0111083984375,2946285
2024-09-12,641.9209772660092,663.7851757984649,641.0553423070606,661.51904296875,9163615
2024-09-13,661.3148240819345,666.2362162390385,654.5649248596685,655.1971435546875,4786700
2024-09-16,657.093727896523,669.1248802046103,654.0981389698408,665.0593872070312,4724820
2024-09-17,664.2909353808134,674.357399455705,662.8222885292157,666.1583251953125,8030320
2024-09-18,670.0293985980911,698.3225204054258,669.1540280138169,695.3560791015625,10582475
2024-09-19,694.743354741683,704.8779096381502,680.8253419122641,685.7564697265625,6428925
2024-09-20,688.4116001175154,697.5541346747797,684.1321625894417,687.0693969726562,6407140
2024-09-23,690.7361731484289,702.6117329598283,688.6061601936386,693.994384765625,2935070
2024-09-24,696.6788766602091,696.6788766602091,681.2144500030408,683.99609375,6681865
2024-09-25,683.9960101760103,688.5672776343423,672.6553726498125,685.5035400390625,3801635
2024-09-26,688.0420253078404,707.474764775462,686.5733783902042,705.8115844726562,5359390
2024-09-27,703.7787956292916,710.4411929287196,699.4604157561114,704.3721313476562,4967200
2024-09-30,702.9910227980023,709.0212017646179,694.0527566180638,695.7937622070312,4405700
2024-10-01,695.8035024790285,705.6851695992494,692.0686631661041,694.5196533203125,3381135
2024-10-03,694.4417459330036,695.3948822743188,661.3828269377584,663.2210693359375,8036680
2024-10-04,662.7348015632858,664.1937128734222,644.9360360890186,648.9821166992188,8827525
2024-10-07,655.4986225134642,663.901906844053,633.3620646118658,641.7945556640625,5480765
2024-10-08,637.6415199072186,656.1307999130189,637.6415199072186,647.6204833984375,9122180
2024-10-09,652.522488364254,676.9349163434035,649.7019024675194,659.0292358398438,6569580
2024-10-10,661.3730765418661,664.4756967313499,646.9590267795256,649.2446899414062,3740385
2024-10-11,651.647101633803,653.1838382862336,643.4869095019828,649.935302734375,1799620
2024-10-14,655.148464401845,667.2088225489067,652.3765564499696,660.4589233398438,3844085
2024-10-15,665.2636125190311,668.881684373455,655.2651776844689,661.5968627929688,5209855
2024-10-16,664.6800165407623,665.652624080703,654.9733529251422,659.5057373046875,1607350
2024-10-17,657.2881422380357,658.6400809217562,631.4070706892921,633.8677368164062,8237815
2024-10-18,620.085953531301,656.2961742637596,611.9160854406933,650.6063842773438,9380205
2024-10-21,652.9990222798637,658.1635661938595,636.4744288698757,644.5081176757812,5627980
2024-10-22,644.5080659075661,659.6224245925677,630.2496659429468,633.0702514648438,19691260
2024-10-23,622.4688742647127,634.2374026734768,616.6429641427626,622.0311889648438,9660305
2024-10-24,620.5236662395905,635.3073140477309,619.6580312040805,631.2418212890625,7501270
2024-10-25,633.0313343797576,633.0313343797576,589.0111072636312,601.5869750976562,15251890
2024-10-28,615.4660690552524,650.5091489020685,611.575638708047,634.0039672851562,21602980
2024-10-29,630.6581603355825,639.1295933242832,615.1547938749674,635.268310546875,10906400
2024-10-30,625.7854012263831,634.0817721699815,617.9851289975136,619.7066040039062,6964385
2024-10-31,619.5510316027887,619.5510316027887,600.6046548445214,610.5836181640625,8075010
2024-11-01,614.4934351700851,615.466042715262,610.7975383710639,612.9275512695312,286730
2024-11-04,613.7932009034189,616.5651087281285,604.7576386002667,612.3342895507812,4842960
2024-11-05,614.2211834739489,617.8003723936787,594.2632561057109,615.1354370117188,7606175
2024-11-06,619.9400679448883,622.4688237962594,610.0778132706855,619.8817138671875,4294660
2024-11-07,625.6012562283332,625.6012562283332,598.9819585576894,601.3618774414062,5846920
2024-11-08,604.2705753825591,604.2705753825591,587.043451154117,589.1785278320312,3851745
2024-11-11,589.5800035773159,598.7958374647166,579.3553911574629,587.5135498046875,4101875
2024-11-12,590.4517183987983,592.586735384048,572.4705201085458,574.1452026367188,5430660
2024-11-13,574.0081290632238,574.0081290632238,556.1346453714167,558.9944458007812,6755505
2024-11-14,558.788718703435,561.5701526883645,545.1167073031418,552.8733520507812,7172685
2024-11-18,552.8733687896772,561.5309566766755,548.4466020873866,557.8779296875,4841895
2024-11-19,557.848524334515,561.3742883842089,548.7796181615619,553.2944946289062,5942545
2024-11-21,555.4882424409424,555.6939314269305,542.1785929404658,548.8775024414062,4777400
2024-11-22,538.6528803162294,561.1783644021808,537.7812276727666,558.2500610351562,8194990
2024-11-25,573.3127163207134,590.5593865467773,573.3127163207134,577.3966674804688,13791540
2024-11-26,580.7168259746297,603.1541421290494,577.6317898976961,596.7001342773438,10105100
2024-11-27,593.2820864647806,600.6861125275697,589.060949366132,591.3428955078125,4064750
2024-11-28,595.4562458715993,602.3118276497263,585.907399823494,596.1809692382812,12057145
2024-11-29,598.8840441165546,600.6566993213489,586.0934894901557,591.47021484375,5600545
2024-12-02,591.4702091355754,610.1173701018226,589.7171604527466,606.0726318359375,5433440
2024-12-03,613.280802655011,628.1476150328787,612.1153513004912,618.0894775390625,9872220
2024-12-04,616.1307531401975,621.5956483288812,611.0674326742595,613.5354614257812,5743725
2024-12-05,617.4823098908427,618.7750840573736,601.9201231768726,612.3602294921875,7117350
2024-12-06,612.4973789007583,616.6596970310895,605.9551415660239,612.3700561523438,3193785
2024-12-09,607.3262273416813,619.6172948761953,606.3272519520684,608.5602416992188,3963995
2024-12-10,612.1936784324243,626.2377937549716,608.9715167767819,624.1517333984375,5630900
2024-12-11,625.914619894801,640.0371620160422,622.4868288553422,636.2470092773438,7350105
2024-12-12,634.5331045951252,639.5278618415551,631.0171441068684,636.2175903320312,5108345
2024-12-13,635.0324993947096,637.5005279071219,610.6560553122599,619.4605712890625,6003130
2024-12-16,621.7033120675844,626.2084444840314,612.4972810682802,614.5441284179688,2943305
2024-12-17,614.0641919910246,614.0641919910246,580.8146117454169,583.0965576171875,10413170
2024-12-18,583.0966196630419,594.0851092596959,569.7674242129501,574.1843872070312,7447675
2024-12-19,562.1577591232837,578.3173462757823,558.8866406346392,576.9364624023438,7354675
2024-12-20,578.4642383822537,579.9234884127261,556.9964300321067,563.5778198242188,12499100
2024-12-23,569.2091885903387,578.6111056567343,562.7061650685176,564.6845092773438,4691250
2024-12-24,564.70401837843,567.5638182736415,559.2391835884961,564.6942749023438,2020780
2024-12-26,566.5257020678895,575.0755726315139,562.3829313633479,573.3029174804688,4462340
2024-12-27,575.2617223797965,575.839516569447,566.1731500881327,567.8185424804688,1524915
2024-12-30,570.5411463224099,581.5198932555709,567.1133551584146,571.7555541992188,3452720
2024-12-31,567.6226480291782,570.521541738183,564.3221795936578,565.9087524414062,4075070
2025-01-01,567.838038336789,574.1060227885005,564.6844993818739,571.6869506835938,1297175
2025-01-02,575.3400513901702,601.1170469304906,574.223556544759,599.383544921875,7297085
2025-01-03,599.3737430588739,606.8169224936768,594.7021344626169,597.091796875,3652225
2025-01-06,593.6933403871523,603.5555907428925,578.8069236279987,581.6568603515625,5430225
2025-01-07,583.1259881548282,591.9305644410158,577.8276289097939,579.4729614257812,2781710
2025-01-08,581.7450679172057,581.7450679172057,556.4479550447584,567.7890625,4976035
2025-01-09,568.7684922783143,572.7643341528906,548.6424732109969,550.3759155273438,5408205
2025-01-10,554.3227070973331,554.3227070973331,518.0860637005111,521.024169921875,5999299
2025-01-13,519.1144228130928,529.5447244902448,508.0475672786424,510.34906005859375,5558523
2025-01-14,516.0783735610748,536.2043893713345,507.6068099830118,532.87451171875,6987503
2025-01-15,533.7560029253834,534.6864152526408,518.1840148929687,522.199462890625,4072535
2025-01-16,524.5009606168333,542.3254851307172,524.5009606168333,535.5188598632812,6194466
2025-01-17,535.2740286393948,536.2533974813939,513.0423439708304,515.6376953125,5347916
2025-01-20,500.457472187779,510.7408449039662,483.17161831387625,506.0398864746094,12701612
2025-01-21,507.31304595702204,519.7999983430298,502.8569298058285,509.5655822753906,7753705
2025-01-22,509.6145863507812,517.4495375991511,502.46520529183056,507.94970703125,5895189
2025-01-23,507.9497613370819,522.4444107410285,501.04519187849564,518.8696899414062,5150004
2025-01-24,520.975213532043,530.6219717168553,498.6455883129562,516.5680541992188,7602501
2025-01-27,515.0500908713011,519.7020928071528,497.66626427567996,501.09405517578125,8523575
2025-01-28,509.32074636032206,530.622018340636,498.10699122760224,519.1633911132812,16222471
2025-01-29,520.1918173779909,544.1863555309734,519.3103614538343,542.0806884765625,9135552
2025-01-30,542.0806943630749,548.4465923095248,525.7741780206411,527.1942749023438,7172857
2025-01-31,537.6240014824238,542.0517245764431,527.5878171250122,535.0165405273438,4058608
2025-02-01,539.0999298179921,540.8218221982496,509.68014455622745,523.2584838867188,3874882
2025-02-03,516.5677278427809,549.0376993071843,507.7122810797618,537.3780517578125,7442129
2025-02-04,547.069846865518,570.5860027940851,536.640122008365,567.486572265625,12290382
2025-02-05,567.7325462472459,581.3108862955701,559.2706986960007,562.1240844726562,6953215
2025-02-06,560.8449395511062,560.8449395511062,545.446278153776,557.2535400390625,6345455
2025-02-07,558.7787281240824,569.7987918709174,545.9382819669255,550.5628051757812,5747620
2025-02-10,552.6782933227499,557.4995561654499,537.7224154119433,551.792724609375,4253881
2025-02-11,556.9091460710551,556.9091460710551,525.4231166112074,529.9000244140625,6416783
2025-02-12,529.9000319066787,542.6420466448458,518.5355549987919,538.3619384765625,5467745
2025-02-13,538.2143680522661,551.2515533844279,529.3589214115524,539.837890625,5723009
2025-02-14,542.10087870109,546.0366323389164,518.3387420907789,530.4904174804688,6763071
2025-02-17,528.3750034102501,544.1180202716356,516.6661105976573,541.5105590820312,4397756
2025-02-18,542.1009249573044,545.5447096842528,530.441217777447,544.4623413085938,2988732
2025-02-19,539.0014963824605,550.7595734268374,537.7223883479529,548.8408813476562,4066886
2025-02-20,548.0537801868431,572.898228929604,548.0537801868431,571.5206909179688,7590778
2025-02-21,571.5206539513086,585.148238215132,567.4373452074391,575.702392578125,9328402
2025-02-24,566.7485221551162,572.4061679926021,559.6641536172103,567.9292602539062,4523171
2025-02-25,572.4553958792491,577.3259033681416,562.320841542212,565.0266723632812,6222936
2025-02-27,571.9634612737278,599.0217711229093,570.9795227337576,597.0538940429688,17099035
2025-02-28,600.1532692891356,610.0418386957361,592.576931216947,607.3851928710938,23771834
2025-03-03,615.2567379243668,619.8812609295715,605.0238134593862,611.3209838867188,10284029
2025-03-04,608.6643717011077,625.1945876210694,603.5479392119084,622.7347412109375,5369562
2025-03-05,616.5358771515753,627.2608314684239,611.5178145217654,621.160400390625,9532495
2025-03-06,628.5399464053661,640.3472092434938,626.7688689906157,634.0007934570312,8075827
2025-03-07,634.0007603308877,637.2478054855923,617.372235402261,620.7175903320312,5829062
2025-03-10,621.4063873780942,631.1965880897536,612.8461098700392,615.5519409179688,4906168
2025-03-11,614.1743949940695,629.7206105562084,605.6633033450858,627.9987182617188,6734891
2025-03-12,628.7367275248666,636.8542204858684,618.9957119497274,626.7196655273438,5378060
2025-03-13,627.7527994848043,633.6564308279217,607.5820590624869,609.59912109375,5273706
2025-03-17,603.5479746900597,619.3893624805706,603.5479746900597,613.23974609375,4548324
2025-03-18,613.23974609375,613.23974609375,613.23974609375,613.23974609375,0
2025-03-19,635.3291088432715,666.7167113250805,627.4084158372038,657.2217407226562,9823834
2025-03-20,678.9175631557122,683.8372556423477,654.3191007225341,657.1725463867188,8747482
2025-03-21,658.3041023835973,668.0943033762957,656.9266243889248,665.9296264648438,6365496
2025-03-24,666.1263282753505,683.7388504894991,663.1745129358734,671.0460205078125,4983671
2025-03-25,676.9496813323201,676.9496813323201,656.9757419900234,667.4546508789062,5257157
2025-03-26,667.8974964104293,669.9638034623183,658.5008949779328,661.2067260742188,4792266
2025-03-27,659.23881738785,673.4075562909586,655.4998629718426,667.602294921875,4628163
2025-03-28,671.0460861950386,673.9979018234625,639.7076676285417,645.4636840820312,6806264
2025-04-01,641.5279644802112,643.3974718342238,623.7186999176529,627.211669921875,7600903
2025-04-02,629.720649145231,633.6564032023887,620.3732332594815,629.1303100585938,4387926
2025-04-03,622.8331080651124,649.9406033640865,621.8491695057678,643.6434326171875,3704676
2025-04-04,644.9716800039445,654.3190956561756,639.0680490656933,643.1021728515625,5191619
2025-04-07,586.4273514638894,619.8320758610976,579.7857665270081,604.1382446289062,15188995
2025-04-08,613.6824905016548,637.8873550012355,613.0429064171569,631.1473999023438,10415072
2025-04-09,637.5429845242829,637.5429845242829,609.057951980464,614.518798828125,9235529
2025-04-11,616.9294544223211,638.2317474845181,616.9294544223211,628.5399169921875,7102851
2025-04-15,641.4787695468126,663.715757443442,638.7237535324724,661.2067260742188,6085948
2025-04-16,661.8462345967943,667.1102813792528,651.8100502110946,665.1915893554688,6571065
2025-04-17,666.1264320210855,684.4769109280953,657.8121388423494,680.6395263671875,5771289
2025-04-21,687.5270624282858,705.9759102573097,679.4095693835154,691.7088012695312,6740583
2025-04-22,691.7087753718849,698.5471600554487,688.7569598297574,692.2007446289062,3672514
2025-04-23,698.1043921379022,702.3353158368603,674.8834666821019,692.5943603515625,5442424
2025-04-24,692.6926780769506,694.1685857717168,683.3452626767645,685.4607543945312,5010172
2025-04-25,687.6746378967954,694.2669777667332,624.8009440700182,644.676513671875,9784886
2025-04-28,612.698534606929,620.2748732984641,586.5749786478914,612.009765625,32221482
2025-04-29,614.9615812146363,620.6684126773398,600.3993029824421,604.8270263671875,10387632
2025-04-30,604.826998559586,611.812937779061,596.7586909740311,601.8751831054688,7374108
2025-05-02,601.8752115734891,606.401304795279,589.8711494813326,593.9052734375,7749204
2025-05-05,600.3501523428147,620.7668780047965,597.4475215027928,618.749755859375,8616953
2025-05-06,618.700509291618,621.7015096692838,607.1392320567176,613.4364624023438,5098276
2025-05-07,608.2707620554987,627.7527313626836,607.3360085166402,626.4244384765625,5983998
2025-05-08,624.8009954538819,630.5078271809169,597.25071533938,605.9093627929688,10052396
2025-05-09,590.363133041213,602.514750174374,587.0669629036703,591.7898559570312,5637324
2025-05-12,601.2356540016766,637.592196344316,601.1864690839152,635.5751342773438,9560644
2025-05-13,631.2949705748706,637.3954017979659,621.7999992856779,623.4234619140625,5748439
2025-05-14,629.228652745028,644.774868589215,627.3591456265866,641.4786987304688,9324793
2025-05-15,644.2829596776003,669.0290385834223,633.8040500042098,663.9617309570312,9817422
2025-05-16,663.1745119388618,663.961650683905,649.448558619961,654.81103515625,5415727
2025-05-19,659.2388047806971,672.9155741555464,655.3030507223049,666.9135131835938,4356035
2025-05-20,671.0952962919077,671.0952962919077,645.6605080278999,647.7759399414062,7035801
2025-05-21,647.7758730000684,651.0229180214933,628.4415179393552,647.4315185546875,7986603
2025-05-22,641.5278874537081,644.1845333544381,630.0157952537705,639.3140258789062,6840583
2025-05-23,640.5439988707778,652.9416006334362,635.7719209042002,649.2518310546875,3128629
2025-05-26,654.1715028985628,657.074133551955,641.6262867321549,653.8271484375,2963171
2025-05-27,657.0741836279542,659.238860554176,646.4476587822293,651.2689819335938,2493252
2025-05-28,651.2688874639435,653.2367643741777,643.4957496465835,645.16845703125,3244100
2025-05-29,645.1685258243311,649.1042800644615,637.6905567351773,641.77392578125,4173868
2025-05-30,632.7708240550771,644.4305312895245,627.0148078635929,629.0810546875,6693573
2025-06-02,628.047997272112,637.4938438786021,614.9616258842641,632.229736328125,4344402
2025-06-03,637.5922111514172,648.1695510740681,631.7869494044891,637.8381958007812,5336167
2025-06-04,639.5108289120706,651.2196608245831,629.7206289971625,630.9013671875,6290382
2025-06-05,636.6081563654247,644.2828640138863,627.851080424399,640.9866943359375,4542850
2025-06-06,643.4957847830775,679.8031397813068,633.951569236336,677.1956787109375,20115034
2025-06-09,688.7570006799561,704.401648003053,681.1314767438566,686.7891235351562,11413586
2025-06-10,693.6766669681824,694.6114205871222,679.6063579328459,689.1505737304688,6453133
2025-06-11,690.8232694691363,690.8232694691363,673.3583592576756,675.0310668945312,4586055
2025-06-12,677.9336538109263,678.9175923505649,655.8934065010869,657.3201293945312,4970089
2025-06-13,641.3803234040835,659.583186681496,633.1644604872968,656.4346313476562,4687026
2025-06-16,658.254854783905,670.3081013774816,657.861255362995,665.2900390625,6882573
2025-06-17,668.8813693477023,668.8813693477023,651.3672763451598,654.319091796875,2390137
2025-06-18,652.4003907648461,662.6825597911328,648.5630667633238,651.4656372070312,3352972
2025-06-19,650.1373939991456,658.25488700027,637.5921775428624,641.7247314453125,3342726
2025-06-20,641.5279063534638,660.124368151597,640.051998593448,655.6473999023438,7441267
2025-06-23,651.1704429156348,655.4997960425511,637.8872740708038,651.0228881835938,4243520
2025-06-24,663.1745275068089,671.0460352516968,662.5841884478775,665.1915893554688,4823566
2025-06-25,665.1916506144128,667.1103428148934,660.2227729038252,664.2568969726562,3211981
2025-06-26,664.3061151646435,696.1856871492515,663.4205464755539,691.9055786132812,19068571
2025-06-27,691.7580102991482,695.5462098849946,685.4115944137743,688.7078247070312,7554681
2025-06-30,688.7569931171926,702.5321329795364,688.6586232829704,695.4969482421875,3721603
2025-07-01,696.6285167077,699.1375480831782,682.8533765468133,685.2640380859375,3524637
2025-07-02,684.5751696748429,687.625354817108,664.1584470435055,666.0279541015625,3288839
2025-07-03,670.6524950201451,673.259956212654,662.1414625528839,664.5521240234375,6014549
2025-07-04,665.0932393520451,673.4075316663374,659.2387932813398,665.2900390625,3843226
2025-07-07,665.2900209160796,669.0781600059426,658.2548368293759,660.5178833007812,1770086
2025-07-08,661.2066889676049,666.5199810258883,656.5821658879644,658.2056884765625,2820100
2025-07-09,660.468802637278,672.0300814916363,660.2228179808023,670.1113891601562,3560120
2025-07-10,673.0139400935058,676.3101100764135,660.2227394776936,660.960693359375,3035156
2025-07-11,668.1262845468574,668.8181433560604,654.6847147862651,660.466552734375,4931083
2025-07-14,662.1961848083473,665.0624312305015,654.7835409485524,661.9490966796875,2832157
2025-07-15,667.0390904367322,679.9864833593706,662.8879980955612,676.4778442382812,3786182
2025-07-16,666.1495844020308,666.1495844020308,646.876710669331,660.5653686523438,9358644
2025-07-17,662.1961493508096,664.1728542742449,657.1061100432651,657.6991577148438,2671888
2025-07-18,662.1962047195731,662.6903809917518,636.993214838455,637.9815673828125,6570609
2025-07-21,637.9815042025959,650.3359097835912,630.074684630759,648.0133056640625,4980207
2025-07-22,650.3359148331966,652.2138086257875,631.5572182042745,632.69384765625,4671422
2025-07-23,634.5223101440796,647.1238046212401,630.6183056725799,646.4319458007812,5191770
2025-07-24,652.3126510645435,652.3126510645435,624.3916928939778,626.1707153320312,7248079
2025-07-25,617.7202676964299,622.6126242814347,594.691668181556,608.6768188476562,16922561
2025-07-28,608.676859324421,631.4089666873256,603.932779417882,626.0718994140625,11583112
2025-07-29,624.6387202418344,635.8564959139484,619.2521875673053,630.9147338867188,6858651
2025-07-30,627.6038309013633,630.9147876118521,618.8074696141487,625.429443359375,6024759
2025-07-31,617.7202983674485,632.0020037305536,615.7929989716926,623.5021362304688,6481051
2025-08-01,622.662038051474,624.6387429341771,605.1187822174841,607.0460815429688,3528632
2025-08-04,608.7262880574631,619.4992933904572,608.7262880574631,617.6214599609375,2955463
2025-08-05,623.1562293736326,625.8247930948005,613.915157952747,622.7608642578125,3996694
2025-08-06,626.6154885667966,632.3479210345766,615.1506236312364,623.2550659179688,4763826
2025-08-07,619.54867048553,622.4643220959076,611.0982696302857,620.0428466796875,3482599
2025-08-08,616.0400464984639,619.5486854971475,600.8688610999297,602.549072265625,5493423
2025-08-11,603.3398097949669,616.2377981566513,602.054963579779,610.406494140625,3348109
2025-08-12,608.8251090982178,611.7901664477222,603.883346849044,604.7728881835938,2787285
2025-08-13,604.9211423359104,614.112808624017,603.2409310022405,612.0372924804688,5325700
2025-08-14,607.144915502377,615.6447830123711,604.377540627314,609.2698974609375,4279172
2025-08-18,619.6970111761138,630.0747123202115,618.1650768815967,619.4993286132812,5265058
2025-08-19,618.7086051826728,623.2055965580496,607.9355398445232,619.0545043945312,4765094
2025-08-20,616.0895162338707,617.6709164527758,606.1565855207406,609.1216430664062,5710611
2025-08-21,610.8017882769365,614.755197909797,608.6274009140145,612.580810546875,3993795
2025-08-22,612.5808230043467,614.755210411487,605.4152678990681,608.6768188476562,3496256
2025-08-25,612.7785158600968,616.534243086003,609.2204711880269,613.6185913085938,6850166
2025-08-26,612.6796862862082,613.2232680496962,586.1917933005756,587.773193359375,18048586
2025-08-28,570.0322725577023,581.1018320046863,563.3608935550765,564.99169921875,20025147
2025-08-29,563.8550796081464,581.793700924327,559.901669759886,573.4915161132812,12236788
2025-09-01,573.2443951038314,583.3256017032646,571.860677606642,581.7442016601562,3886326
2025-09-02,583.1279600120525,589.4534399791705,575.4682283339281,577.7908325195312,4136915
2025-09-03,578.186162227347,582.0407607718936,573.2444001570278,579.4710083007812,6612194
2025-09-04,589.0580128857324,589.0580128857324,577.0989733310039,578.976806640625,5054056
2025-09-05,582.1395824062171,589.0580494297204,578.7791600079602,585.5988159179688,4166734
2025-09-08,589.0580520789694,596.9648715699623,585.9447177746928,589.79931640625,2968301
2025-09-09,591.0347594701943,591.9737063535998,583.968015390309,588.0697021484375,3947645
2025-09-10,591.6277568981968,599.7322591141132,589.7499234235951,597.7555541992188,4708224
2025-09-11,597.7555666056343,615.6447826512673,595.7788616497133,612.8279418945312,8412580
2025-09-12,615.9412558993674,626.3189565737296,612.0372516760677,625.4788208007812,10816255
2025-09-15,623.4527313902031,624.2434013081753,612.9762192475123,616.3860473632812,3643666
2025-09-16,616.3860392082763,621.0807134191691,606.9472249038206,610.900634765625,4759255
2025-09-17,612.7785161734106,618.7086308460565,610.5547231711683,615.9906616210938,4633747
2025-09-18,612.7785491956581,623.6504266813876,612.7785491956581,619.5982055664062,4675034
2025-09-19,622.6620282390732,629.8769888823912,619.795782074624,625.8247680664062,6415748
2025-09-22,630.568849622629,630.568849622629,618.1650387050893,620.5370483398438,2712596
2025-09-23,620.6853432824781,627.0108231398964,617.2261096813816,621.4760131835938,3586451
2025-09-24,620.8830543775447,622.6620768178888,613.0750454750491,617.8685913085938,2129098
2025-09-25,617.868537246777,618.7086126710257,603.6856438767845,605.5635375976562,4280161
2025-09-26,602.8949708863155,610.208802859552,596.717768315759,598.990966796875,3958021
2025-09-29,601.8078253466304,608.3309273263618,596.1247988119,604.6740112304688,4098133
2025-09-30,604.6740465166182,613.4704078829558,604.0316535871436,608.9239501953125,5882401
2025-10-01,608.8745534371997,642.379727750358,608.8745534371997,641.144287109375,15107673
2025-10-03,637.4873452229971,642.4291075890669,628.5921729640716,638.2780151367188,7200543
2025-10-06,638.969866477133,667.6320878658984,638.969866477133,663.6292724609375,10343487
2025-10-07,662.393869958198,665.1612449451255,655.7718960194514,659.033447265625,3729360
2025-10-08,654.2893121212759,665.457682574509,654.2893121212759,659.1322631835938,2870458
2025-10-09,659.1322805512533,664.172853974036,652.3126244387854,661.2572021484375,2274108
2025-10-10,661.207776138773,663.5798461021527,655.2776615545688,657.3037719726562,2480723
2025-10-13,652.3126598069504,666.3472775827985,651.0772191633766,664.3211669921875,2469940
2025-10-14,667.1873477260098,673.0186516464896,659.2311221102191,666.5943603515625,4731724
2025-10-15,667.6320727633858,674.4517287244199,664.7164210025309,669.2628784179688,4687947
2025-10-16,668.9663010184206,675.7859567408225,654.5363800389173,664.6669921875,5309779
2025-10-17,664.3705290574704,671.733766875957,662.2949527176021,667.632080078125,3516617
2025-10-20,670.4983191296353,690.5124560307979,670.2017651383698,685.8671875,6170486
2025-10-21,687.3991266858959,689.3758315793133,682.2596818981615,687.1520385742188,674998
2025-10-23,687.152039007626,709.3899690725976,687.152039007626,701.3843383789062,8911040
2025-10-24,702.767985419013,714.9247082800504,702.767985419013,707.1167602539062,6036751
2025-10-27,712.6021624732844,721.7938287870772,709.8841930602448,711.2184448242188,8133230
2025-10-28,711.1195985005104,718.3839649878772,701.9773382001216,715.2706909179688,7071903
2025-10-29,715.2706783518628,733.2587049619982,709.0440699971898,729.848876953125,10246214
2025-10-30,729.8982721904234,739.1393433145919,724.6106108005295,729.6511840820312,6357608
2025-10-31,724.9070676357712,760.8336526409889,718.5321826982902,740.1771240234375,18363853
2025-11-03,753.9151965133783,790.5831066437555,749.6652932703003,787.1732788085938,26222030
2025-11-04,783.2199019739791,804.6671619548206,783.022219421425,787.2227172851562,8543137
2025-11-06,783.368098220953,791.2749175230035,775.8566440137026,783.269287109375,10930939
2025-11-07,788.0422949682985,815.3876111974823,776.4080937433318,811.7581176757812,9765252
2025-11-10,817.3764072614222,826.0274835642368,812.0565242646218,816.4814453125,8623863
2025-11-11,816.481454827392,828.6128444411848,799.5273697562551,827.6184692382812,7336169
2025-11-12,827.6184609438284,833.9327798340911,816.7798077559127,817.8735961914062,4239741
2025-11-13,821.3538887342598,821.7018957663081,805.1952922549236,809.42138671875,6048569
2025-11-14,804.9466899042209,813.3491721225039,799.3782132995948,804.747802734375,5672058
2025-11-17,804.4495359641757,823.6906717874458,804.0517616078506,813.2994995117188,7386312
2025-11-18,815.3876606740047,823.0443618211418,805.4439087145656,815.5865478515625,6684086
2025-11-19,819.5143334453817,822.0499780301578,811.2112642309565,813.4486083984375,3711577
2025-11-20,817.376398931582,824.0387247838701,811.9073354350811,821.9505004882812,3187958
2025-11-21,820.3595173144354,827.3201435219518,806.040490553664,818.6690673828125,3831244
2025-11-24,820.3594913167137,834.7779308610681,816.4814039901161,823.54150390625,8140579
2025-11-25,823.5415149815548,837.1146994234998,822.547139827192,833.5349731445312,5418151
2025-11-26,837.2141785937707,854.0190823925685,833.5846849808945,851.78173828125,7052927
2025-11-27,855.1626588802791,864.609223135352,852.4281271222317,862.7696533203125,6752154
2025-11-28,865.1560854502251,867.0951291273532,843.9759069344507,846.859619140625,8198342
2025-12-01,853.0247445182446,860.1345515039462,844.6720292193254,846.7601928710938,6330770
2025-12-02,850.936576322239,851.1354635003562,836.0706549626984,838.6560668945312,5587375
2025-12-03,838.6560667279031,841.6888989450902,814.3435809851577,823.4420776367188,9931005
2025-12-04,825.7788720416294,831.2976420966053,816.382014547025,823.4918212890625,11436899
2025-12-05,823.4918334396788,852.1795332399207,823.4918334396788,850.0913696289062,12137708
2025-12-08,853.6710932671327,854.0191003038992,826.3257757775041,829.5574951171875,4117973
2025-12-09,825.331362071542,844.2244896370352,813.199973285857,841.9374389648438,5737027
2025-12-10,841.2413708791337,850.98623514102,828.6127944261494,832.5405883789062,3699625
2025-12-11,837.065005160989,845.8154945101878,830.9993409065718,842.3849487304688,4213992
2025-12-12,847.2076643457953,849.9421961262541,836.7667248204069,843.2301635742188,6036788
2025-12-15,847.2076248600156,865.7029783090958,841.0921934320003,850.5387573242188,7193809
2025-12-16,850.5387886571323,851.8315249487433,838.2582794215847,843.6279296875,5171831
2025-12-17,851.1851616065001,870.525771166886,850.1907864177075,859.3390502929688,11621162
2025-12-18,863.6148407213752,871.9676164800468,856.9525149009877,864.5595092773438,12481529
2025-12-19,864.1120322378256,908.361727789705,845.716091390415,896.6281127929688,35297309
2025-12-22,913.83079142592,944.4575348652642,909.8532907015416,929.5916137695312,31894463
2025-12-23,933.4199949328016,954.5504675378743,926.4593686628954,952.4125366210938,14632455
2025-12-24,952.6114417504158,978.16689653282,952.6114417504158,968.22314453125,10574513
2025-12-26,971.0570579796323,973.2446954871676,951.3187351754806,954.8487548828125,4739099
2025-12-29,957.5833021610086,960.5664277129121,943.8609367606217,950.12548828125,4897735
2025-12-30,955.5448184760786,979.0617545047908,955.5448184760786,973.8910522460938,17757531
2025-12-31,977.4707932199145,994.574058301704,973.8910668805872,990.5965576171875,9795995
2026-01-01,990.596539377484,1019.8311324552814,990.3976522085514,1013.96435546875,4289057
2026-01-02,1018.9859579115664,1019.2345517046651,1001.5346857744065,1004.6669311523438,5264026
2026-01-05,1007.7992310427848,1009.0919066206031,989.0552834348093,997.706298828125,4603571
2026-01-06,996.8611343852089,1006.0591049518555,986.8676757998161,997.0103149414062,4352915
2026-01-07,990.4473612905208,997.4576939969628,984.679997528194,990.2484741210938,4191098
2026-01-08,995.7673134048574,996.9108084282348,975.5814490242398,987.3151245117188,3804564
2026-01-09,981.44830202252,987.6134402728845,955.5945473593129,969.91357421875,6949168
2026-01-12,973.4932630124,980.1058819766062,957.0363665676681,967.328125,5510203
2026-01-13,969.5157615710732,982.0946313697322,963.7483978970189,973.54296875,3860197
2026-01-14,974.4876934931458,984.9286330662867,964.941715874441,975.5814819335938,3846614
2026-01-15,975.5814819335938,975.5814819335938,975.5814819335938,975.5814819335938,0
2026-01-16,975.4820357862401,1016.2514175061542,975.4820357862401,989.8507690429688,13316550
2026-01-19,996.3639227395848,1008.7936123945198,985.6246830160899,1004.6669311523438,4908985
2026-01-20,999.3470613503758,1002.3798935275478,977.4708072710641,981.9454956054688,6129218
2026-01-21,977.0233119792337,991.8892329217937,967.0795602707445,980.4539184570312,7042588
2026-01-22,989.4530055660149,1004.0206261538618,980.5533356130094,999.84423828125,7210572
2026-01-23,1004.3189445330277,1015.107891096075,968.1734305585028,997.9052124023438,9023942
2026-01-27,1005.5121827273188,1014.2129654534396,978.6640531724319,995.4192504882812,7984660
2026-01-28,996.3639064872859,1014.9587340461259,993.8779685968486,1013.0693969726562,5587231
2026-01-29,1016.6492223727611,1022.6154735352965,1000.4906254742278,1017.0469360351562,6653822
2026-01-30,1019.2345712699142,1023.5104331467666,1004.468123953132,1014.2626953125,6464610
2026-02-02,984.6303339936755,987.1162719906845,933.7183116765631,956.6883544921875,13566710
2026-02-03,1007.3020521454004,1035.6417446292542,991.5909365207906,994.77294921875,9880727
2026-02-04,1004.7166728868642,1005.5121608661601,989.9004589186279,993.181884765625,4402517
2026-02-05,989.9004791013656,992.3864170197517,966.930437012215,986.420166015625,5775866
2026-02-06,988.4088952423629,999.3470218496727,967.4276039359872,996.861083984375,3270421
2026-02-09,999.3470151182487,1061.79382242737,997.7560391719117,1056.722412109375,8667620
2026-02-10,1058.9101461014222,1060.7994832070328,1030.669866908898,1042.7017822265625,4345362
2026-02-11,1047.0770387462335,1053.3416507793863,1035.6417244579318,1050.855712890625,4898578
2026-02-12,1047.5742318916455,1080.9852130174324,1043.7955577271712,1076.70947265625,8462756
2026-02-13,1075.7150556648871,1079.891382624326,1054.037629449158,1059.8050537109375,4555743
2026-02-16,1059.8050713632117,1082.1785119836088,1046.8781945603157,1079.2947998046875,5096496
2026-02-17,1073.9251226380813,1075.8144596305697,1054.0376203670057,1068.9532470703125,2832145
2026-02-18,1070.146484375,1080.9851977512726,1066.0695705500766,1070.146484375,2470593
2026-02-19,1071.936446352138,1071.936446352138,1042.2046041292695,1048.7674560546875,2576169
2026-02-20,1050.8557368592253,1060.0039399450504,1038.7242868551568,1053.3416748046875,2295049
2026-02-23,1066.7657175233533,1071.4392322101457,1050.9551282423085,1058.711181640625,2423932
2026-02-24,1058.7111527348131,1060.003888957747,1044.292713344675,1055.72802734375,2464507
2026-02-25,1059.0095274196176,1088.8407817131279,1049.8613246564148,1079.7919921875,3115583
2026-02-26,1082.8746117062183,1101.767740836079,1078.9965240817714,1098.3868408203125,5231414
2026-02-27,1092.8183428904563,1097.6908056386806,1067.2629488485873,1073.32861328125,5601117
2026-03-02,1038.1276453013659,1064.9757740591597,1032.1613944663006,1046.579833984375,6717872
2026-03-04,1036.4372748198632,1036.636101297813,981.8460544172268,1004.3189086914062,9200897
2026-03-05,1016.5496896201957,1040.514166818223,1012.5721890753124,1033.6529541015625,5051614
2026-03-06,1038.0282891456898,1046.0827039392059,994.3751938585608,1001.8330078125,8166989
2026-03-09,952.114201802429,987.4145194671665,928.9452730509838,981.6471557617188,11999852
2026-03-10,1004.3189162352363,1062.29103688427,1001.0374903304603,1056.92138671875,14297519
2026-03-11,1056.9214298164143,1071.837057893463,1022.9137249705278,1025.8968505859375,10731059
2026-03-12,1015.3564976882282,1040.8124786629862,1000.4408696111793,1025.8968505859375,7054662
2026-03-13,1015.5553476436952,1022.2176734122801,989.1049924333056,997.9548950195312,6562852
2026-03-16,984.4314156809161,997.2588796165261,963.84783757831,986.420166015625,10476354
2026-03-17,994.2757650008944,1006.3076803808847,977.6696873858845,998.9492797851562,4175225
2026-03-18,1007.6003360177375,1023.1126249061833,1002.8273473950785,1015.8536376953125,3915253
2026-03-19,994.3751649501145,994.3751649501145,940.9772064539246,944.45751953125,11956347
2026-03-20,956.5888984942276,961.4613610273283,917.1121927277709,933.3204956054688,28550627
2026-03-23,924.7689332241187,924.8683464670819,865.3053085809798,872.7631225585938,10556865
2026-03-24,901.8982949332848,926.6582613752254,891.1590550481924,898.5173950195312,13359073
2026-03-25,913.8307986718341,959.5720573648748,912.1403487122006,950.6226806640625,14265748
2026-03-27,944.6563915823348,945.6507667313688,894.9376341306329,898.7162475585938,12238678
2026-03-30,883.0051698969366,891.2584718465682,862.1232908791037,867.194580078125,10949179
2026-04-01,910.4498924577664,921.0897190446491,890.7115693697381,895.4845581054688,11752172
2026-04-02,871.072671131534,889.965799843291,858.5932745681899,886.5848999023438,7230236
2026-04-06,889.9657709845181,925.7632768565211,880.6683874861659,922.7801513671875,5898399
2026-04-07,914.8251632861724,927.1554397637237,904.931118131828,925.415283203125,5503677
2026-04-08,969.5158060592424,1029.6257374814395,969.5158060592424,1017.4447021484375,18256527
2026-04-09,1004.4183492904016,1009.2908119697521,984.8789133358476,990.6959838867188,7668209
2026-04-10,1010.3845950428142,1025.2008094857379,1005.5618997016996,1021.770263671875,8048521
2026-04-13,994.524354020621,1009.7879886566151,983.2381593866543,998.4520874023438,8242484
2026-04-15,1024.2064195269454,1037.6304842489005,1010.7326481851295,1015.2073364257812,7869459
2026-04-16,1020.328324883863,1028.5319199336388,1009.6387919402158,1016.9971923828125,5716035
2026-04-17,1016.2514489633176,1033.6530148702236,1007.4512527671346,1031.1173095703125,4345572
2026-04-20,1034.1501837974863,1044.044168252458,1020.2289313232893,1039.271240234375,4670588
2026-04-21,1048.0714255518271,1056.7224409474043,1033.404391845101,1039.42041015625,5699181
2026-04-22,1044.0939790023413,1047.7731187558245,1023.6098737862721,1038.6746826171875,4404420
2026-04-23,1039.0226568301562,1039.0226568301562,1000.6894448304803,1003.6228637695312,4658783
2026-04-24,1001.28606466047,1024.6041739552447,978.0176619845898,1005.611572265625,9263466
2026-04-27,1005.6115992823974,1006.3076740411503,958.3290719932398,969.1677856445312,15096574
2026-04-28,969.0185947373193,974.2390643344162,943.9603285328856,947.8881225585938,6752420
2026-04-29,959.5720161918424,969.8140680604957,949.5288514908202,951.4678344726562,5829309
2026-04-30,939.883395924654,944.6563844656912,915.819505360949,932.0775146484375,5990764
2026-05-01,932.0775146484375,932.0775146484375,932.0775146484375,932.0775146484375,0
2026-05-04,936.7014339655159,963.5495642384129,936.7014339655159,955.0476684570312,4018048
2026-05-05,950.2746808970336,961.4614018586601,932.0278596245179,958.9754638671875,4029508
2026-05-06,974.4876699985059,1001.7832806485676,970.5598759249391,998.4520874023438,5858946
2026-05-07,1003.3245754762052,1017.9916096568534,996.4136557069544,1009.9371948242188,4848929
2026-05-08,1007.3020737841301,1007.6500808260735,995.6181652283911,1002.0816040039062,5755029
2026-05-11,984.4314080737513,985.2766026827339,964.9913858405625,970.46044921875,5927270
2026-05-12,965.5382697869978,974.4379395099118,920.7416814579057,925.2163696289062,8674062
2026-05-13,919.9959392292865,933.1217038942444,909.8533001385532,915.3720703125,10747950
2026-05-14,924.6695075593968,936.3534159673667,896.2303408916994,929.8402099609375,9220462
2026-05-15,915.8195467897357,940.5795132109517,915.8195467897357,932.62451171875,5759607
2026-05-18,918.6037815328666,932.3759142267638,905.8757913341584,928.4481201171875,5232089
2026-05-19,934.712659232095,936.5522290187397,919.4987312787073,922.1337890625,3216479
2026-05-20,914.8251309253491,920.2444875893078,907.8645049291779,918.2557373046875,5764449
2026-05-21,929.7407722316761,936.6019850949359,904.8813932950003,909.6046752929688,4598094
2026-05-22,911.0962458903427,938.938750539652,908.0137071523352,935.70703125,5414742
2026-05-25,951.5673088364804,965.0410799367968,951.5176022175106,956.5391845703125,6256205
2026-05-26,955.5945072142829,960.1686085704137,943.2642312315554,946.7943115234375,4350923
2026-05-27,941.7229824287294,962.6545673925597,941.2755014686986,957.7821655273438,3592277
2026-05-28,957.7821655273438,957.7821655273438,957.7821655273438,957.7821655273438,0
2026-05-29,955.5945202977734,970.0626666092828,937.5963543378928,941.8224487304688,11248568
2026-06-01,944.7061236133039,948.4847371429066,911.2454353633468,913.8804931640625,8308513
2026-06-02,903.4892389920492,912.7866830800177,895.1365241288611,906.5718383789062,7610958
2026-06-03,907.5165189247041,910.7482382120605,883.9001087478683,907.8148193359375,6951317
2026-06-04,902.8429220897849,914.7257171720593,897.9704596184756,910.6487426757812,3666582
2026-06-05,914.9245547522228,939.585107120411,910.9968214481116,918.1065673828125,5769377
2026-06-08,903.8870152260808,906.2237725618644,887.0820508422802,891.6065063476562,4584431
2026-06-09,903.2904125150878,909.8532642427245,891.7059177154789,906.5718383789062,5892611
2026-06-10,902.7434907504872,909.6047038289962,889.1703058403515,892.3025512695312,4026258
2026-06-11,888.9217157716224,891.2584731980423,874.1552077429419,881.2650146484375,4640157
2026-06-12,902.8926272766266,953.7051726627044,896.5286021027858,949.5785522460938,9760441
2026-06-15,999.3470531545352,1003.8217414522421,982.4426751409759,995.0215454101562,12251483
2026-06-16,992.3864268493273,1004.3686355962635,986.4698824065963,1000.0928344726562,4544903
2026-06-17,999.3470698278536,1010.0366031618331,996.314237624954,1001.8330078125,4353419
2026-06-18,1004.3189241791434,1011.5778507996932,992.6350159028019,997.0599975585938,3364449
2026-06-19,996.0159325698797,1002.0318903263577,986.7184881354638,996.2645263671875,2611538
2026-06-22,998.3029818582669,1000.092845057809,978.2662975488023,987.265380859375,4287218
2026-06-23,978.9623770648636,1002.0318936703783,978.9623770648636,987.7625732421875,2904186
2026-06-24,987.7625628496,1023.5600694047399,975.0345726572525,1013.268310546875,7885319
2026-06-25,1024.2064140504604,1046.0826675544508,1020.2289134133712,1025.996337890625,8924791
2026-06-26,1025.996337890625,1025.996337890625,1025.996337890625,1025.996337890625,0
2026-06-29,1031.1172931732924,1049.463588053613,1023.9578404389212,1026.841552734375,11369236
2026-06-30,1026.8415220208112,1042.105156283145,1024.4549973861738,1036.2880859375,5218792
2026-07-01,1044.0939269406658,1052.6455291131567,1032.1614249184868,1042.20458984375,4722961
2026-07-02,1046.0826846452317,1064.975812980079,1042.3040104247868,1060.699951171875,5736423
2026-07-03,1081.5,1081.5,1060.0999755859375,1063.5999755859375,3603167
2026-07-06,1065.9000244140625,1076.0,1057.800048828125,1062.300048828125,4018215
2026-07-07,1070.0,1087.300048828125,1058.699951171875,1066.800048828125,8356697
2026-07-08,1058.0,1058.0,1005.0,1014.4000244140625,6535773
2026-07-09,1019.4000244140625,1039.800048828125,1015.0,1031.699951171875,3984489
2026-07-10,1049.0,1052.0,1039.0,1044.0999755859375,2773485
2026-07-13,1019.9000244140625,1053.0999755859375,1017.0,1048.0999755859375,3212203
2026-07-14,1040.0,1042.300048828125,1007.0,1013.9000244140625,6517181
2026-07-15,1028.0,1049.0,1025.199951171875,1033.800048828125,7089054
2026-07-16,1035.800048828125,1040.0,1020.0999755859375,1024.4000244140625,2703222
2026-07-17,1025.4000244140625,1038.9000244140625,1022.0,1034.9000244140625,3328041
2026-07-20,1040.0,1040.0,1018.0,1035.4000244140625,3238784
2026-07-21,1036.0,1067.4000244140625,1031.0,1061.5,7633092
2026-07-22,1058.0,1065.0,1046.800048828125,1058.800048828125,3460386
2026-07-23,1057.800048828125,1079.0,1022.2999877929688,1025.800048828125,6335830
2026-07-24,1018.0999755859375,1051.0,992.9000244140625,1005.0999755859375,11775846
2026-07-27,1020.0,1040.0,1002.2000122070312,1038.199951171875,9459410
2026-07-28,1045.0,1049.9000244140625,1036.4000244140625,1040.9000244140625,7160194
2026-07-29,1050.0,1052.800048828125,1034.0999755859375,1044.699951171875,4160322
2026-07-30,1038.0,1051.0,1019.5,1027.199951171875,5425880
2026-07-31,1029.199951171875,1054.5999755859375,1029.0999755859375,1046.699951171875,6318223
2026-08-03,1058.0,1095.0,1051.5999755859375,1090.199951171875,7047761
2026-08-04,1080.0,1091.699951171875,1075.0999755859375,1087.300048828125,3516949
