date,open,high,low,close,volume
2021-07-23,1141.5607615635686,1150.0553354345384,1131.9719100947661,1137.4718017578125,627785
2021-07-26,1137.9902580043095,1145.995359970336,1132.1735917023993,1137.7886962890625,328727
2021-07-27,1141.6759209299946,1145.2754081935602,1114.9539646262667,1118.8125,485966
2021-07-28,1122.4406095509064,1123.6788426172518,1105.739373689799,1118.49560546875,311944
2021-07-29,1124.6866637014753,1133.6419667848054,1116.4800012008784,1125.1185302734375,691051
2021-07-30,1127.5374028767635,1140.8695768076782,1117.8909455017897,1124.859375,662031
2021-08-02,1129.8122187623833,1140.2937861434632,1121.5192065787103,1139.1131591796875,221337
2021-08-03,1147.2045662826774,1174.588931018488,1140.869565114688,1168.0523681640625,1396878
2021-08-04,1172.890000047035,1181.7589540161766,1167.3612454756217,1176.74853515625,587678
2021-08-05,1186.3661386471088,1191.520392790131,1174.8480207961659,1187.28759765625,576836
2021-08-06,1186.3949473706953,1206.5228516422899,1180.6071449279748,1201.08056640625,727174
2021-08-09,1208.7112817393117,1212.6274228458499,1187.0859766478948,1191.54931640625,529342
2021-08-10,1195.5230423284065,1223.8000022272515,1174.8768028230902,1186.193359375,1080745
2021-08-11,1140.264813102857,1277.4168138514021,1134.5346170939652,1262.0401611328125,7553957
2021-08-12,1250.23401088129,1271.0242053544068,1232.4961044846152,1262.35693359375,1384357
2021-08-13,1261.2339604203846,1310.1282974077026,1248.0168794815656,1292.7647705078125,2857680
2021-08-16,1292.7647879929257,1307.0760268949457,1267.136992259792,1281.390625,438213
2021-08-17,1279.086927860141,1308.8612882218774,1270.6210979045866,1296.19140625,788918
2021-08-18,1297.256808951212,1323.3164700068687,1276.4953576056157,1282.36962890625,881108
2021-08-20,1279.346115504082,1291.5553879149747,1257.8936292484666,1277.3016357421875,438922
2021-08-23,1281.7074730449722,1285.4796588732404,1241.6532237724973,1246.058837890625,525685
2021-08-24,1243.956727564357,1270.448374661674,1237.9961069674607,1266.906494140625,534336
2021-08-25,1275.0556571131328,1286.1130463858954,1251.4723405747932,1260.917236328125,522165
2021-08-26,1261.6371310424897,1279.634206624543,1256.0507703730048,1273.3568115234375,541741
2021-08-27,1274.3070497447902,1295.7884005806736,1272.9824672440523,1279.7781982421875,749499
2021-08-30,1290.0291956801664,1303.8797042126193,1282.4559619552774,1300.6258544921875,444564
2021-08-31,1308.112654490318,1317.9030668773273,1299.2437011347913,1308.6884765625,579147
2021-09-01,1313.0655968552558,1324.5837161259158,1302.814453937501,1316.2618408203125,448586
2021-09-02,1321.7039706286419,1334.9497942521948,1308.8900135510792,1316.0888671875,369395
2021-09-03,1323.4317774363221,1328.0390728587809,1295.9034567546303,1305.80908203125,360640
2021-09-06,1309.6099487534948,1315.3690078764682,1284.011016582657,1286.141845703125,349468
2021-09-07,1287.8406683156734,1293.3118163139056,1271.0242207307115,1273.5870361328125,298228
2021-09-08,1274.479822816816,1278.1944023266428,1251.4435854052815,1272.982421875,602879
2021-09-09,1273.9039048712007,1298.3510745577594,1273.327962996099,1284.5869140625,644632
2021-09-13,1284.270220461811,1296.277811763649,1268.3463682452593,1271.9169921875,231206
2021-09-14,1272.7520284808186,1279.3460773268746,1268.0583840570953,1271.197021484375,213838
2021-09-15,1272.463971028825,1282.6287631615403,1269.90115571615,1272.0321044921875,128862
2021-09-16,1272.2337212865712,1275.1996600672808,1263.2782987843968,1266.7625732421875,297451
2021-09-17,1270.9667146436282,1272.1760846856616,1244.1006873066137,1255.79150390625,397567
2021-09-20,1255.474858632732,1268.0295281752653,1221.23715895535,1230.2789306640625,393499
2021-09-21,1222.7345923158857,1253.6895800922523,1218.6456327825558,1249.4566650390625,294289
2021-09-22,1254.323048144041,1265.6108618985943,1234.828691627042,1245.079833984375,488514
2021-09-23,1248.2760960074106,1256.6267141795886,1239.9542210352058,1245.51171875,216983
2021-09-24,1249.7159172993538,1250.6085134407783,1213.3186419283172,1221.0645751953125,196903
2021-09-27,1221.2084962006866,1226.0173532855372,1203.931318108946,1207.4443359375,327214
2021-09-28,1205.3710959161242,1231.8627446643911,1201.0517116315175,1209.978271484375,351184
2021-09-29,1209.2872163508782,1235.3181351200703,1193.277015052055,1225.2685546875,444128
2021-09-30,1229.4438787680444,1242.2289735475983,1216.05409893475,1226.333984375,663929
2021-10-01,1222.6482972563515,1241.0196332469393,1215.16153202118,1237.3050537109375,229988
2021-10-04,1241.0772034692734,1287.1496772827652,1232.4674177099935,1282.3408203125,714915
2021-10-05,1284.9036912951724,1296.9401459585606,1277.5608814817656,1294.4349365234375,745707
2021-10-06,1294.434829810226,1305.0027455923807,1258.3543317581984,1264.37255859375,449180
2021-10-07,1279.662919271699,1290.777914418768,1275.51635349098,1288.272705078125,237320
2021-10-08,1295.7883512157964,1310.0707273557316,1276.783347610966,1280.498046875,504448
2021-10-11,1280.8146612923397,1293.3981941786278,1275.631543977666,1288.157470703125,193521
2021-10-12,1292.9086692095314,1315.9449049171694,1282.3407535626725,1304.916259765625,482322
2021-10-13,1307.3063706766836,1311.424073239889,1282.2543985846378,1295.385009765625,262853
2021-10-14,1303.8509775753214,1329.16212017774,1297.2856712897005,1306.93212890625,669230
2021-10-18,1317.67255572149,1329.7666148931294,1291.036954205483,1304.945068359375,424334
2021-10-19,1314.6491514006275,1386.205466223022,1307.363947970483,1331.2640380859375,2668860
2021-10-20,1331.2065980131663,1334.9499208199525,1268.144854543697,1273.1552734375,495784
2021-10-21,1285.4219115568333,1289.078884653253,1251.5011057914778,1260.715576171875,269427
2021-10-22,1266.3307735778615,1272.6080489044823,1235.8941201740497,1251.385986328125,216180
2021-10-25,1264.1134206220988,1264.1134206220988,1210.9573059880704,1242.5745849609375,303668
2021-10-26,1242.862706192619,1260.9173901791899,1239.1768693975257,1249.2840576171875,233230
2021-10-27,1239.3782710339344,1277.992843731073,1239.3782710339344,1250.378173828125,274940
2021-10-28,1250.3781251354392,1264.8045760721377,1237.1610442825772,1245.5404052734375,442857
2021-10-29,1241.393959755457,1271.9457044435337,1224.7502105628182,1259.3045654296875,242967
2021-11-01,1265.2651948826922,1291.008202608017,1261.0323995589822,1287.5240478515625,456962
2021-11-02,1288.0424043175924,1302.5263419889084,1288.0424043175924,1296.16259765625,317019
2021-11-03,1299.157255440352,1338.0886008142113,1296.6521659018695,1331.09130859375,636285
2021-11-04,1341.8609960435463,1344.740466196301,1313.123182105841,1327.9527587890625,97770
2021-11-08,1327.9526059463083,1371.8079026059136,1326.1385507375655,1367.1142578125,483443
2021-11-09,1370.080188636677,1395.04569364801,1359.9730017136114,1387.0693359375,879411
2021-11-10,1384.477714999204,1405.2104236173345,1369.5041852575864,1376.2423095703125,385625
2021-11-11,1376.2424138547751,1386.1767825955458,1357.8998205668886,1380.7344970703125,398017
2021-11-12,1387.9333771663312,1398.5011743882735,1369.533177372762,1373.3341064453125,444768
2021-11-15,1382.1743613374922,1382.1743613374922,1345.3450976179647,1351.59375,244530
2021-11-16,1351.5936040125748,1379.870564407604,1340.27704726209,1355.0777587890625,297289
2021-11-17,1346.5255017451836,1396.2838088407282,1342.0622820082829,1355.30810546875,612080
2021-11-18,1358.5620358693943,1368.8419212605352,1324.5836223553642,1332.4735107421875,338536
2021-11-22,1330.3426544710694,1343.9627388455326,1288.1574596599708,1303.8221435546875,350998
2021-11-23,1286.8618354885684,1335.5258706083305,1286.8618354885684,1329.9107666015625,233766
2021-11-24,1335.9866797487093,1347.6200118441234,1303.8510609479133,1310.9923095703125,528589
2021-11-25,1284.2703241692552,1284.4142797044117,1209.4025474239625,1240.990966796875,3668665
2021-11-26,1243.3519520186803,1258.354344581848,1200.418236792924,1207.0987548828125,1107007
2021-11-29,1208.826443886142,1246.4043426510223,1163.90573594004,1228.6375732421875,657058
2021-11-30,1229.875837786158,1248.650296287712,1218.7032367313714,1239.2918701171875,877988
2021-12-01,1236.55644592879,1254.8414330414898,1224.376035587217,1233.87841796875,528470
2021-12-02,1234.1662561338337,1272.751961046881,1229.5878242702008,1265.9273681640625,530651
2021-12-03,1257.7785794424933,1277.935348863478,1249.3992173955628,1258.843994140625,671983
2021-12-06,1255.4748496785676,1283.694202572621,1248.5639070883979,1255.79150390625,425632
2021-12-07,1266.96418369824,1287.1496943398881,1256.2523118372517,1272.9248046875,802162
2021-12-08,1285.8827398062645,1295.2124232207107,1269.5557638901505,1283.2047119140625,698189
2021-12-09,1284.270207012421,1314.217267073298,1283.3198849930689,1308.227783203125,880447
2021-12-10,1309.4948994718427,1422.458787421696,1308.2278034264523,1408.29150390625,5750553
2021-12-13,1419.6080973986177,1484.0231660989102,1408.6659203506097,1443.882568359375,3642890
2021-12-14,1439.7646467032191,1464.7590133496753,1422.890712624858,1448.921630859375,1107779
2021-12-15,1448.9792667681531,1476.1908124307997,1419.7808474834405,1430.40625,1338379
2021-12-16,1439.7645802780992,1439.7645802780992,1415.7205367341546,1426.2884521484375,437339
2021-12-17,1425.9429725818347,1425.9429725818347,1383.556217255481,1394.38330078125,647894
2021-12-20,1380.446570996985,1380.446570996985,1336.101916887305,1356.373779296875,509128
2021-12-21,1363.1405553846234,1381.5983611507454,1345.5466025697342,1358.5045166015625,340800
2021-12-22,1359.1955718142456,1375.8393225659559,1354.9051699568263,1363.8604736328125,678784
2021-12-23,1371.059339102453,1405.7863962177037,1368.8132974243845,1396.0535888671875,858445
2021-12-24,1398.2994810997354,1402.906776296525,1356.258361541507,1367.402099609375,541729
2021-12-27,1367.603696766537,1384.852131358431,1347.5046553870477,1355.1353759765625,1016948
2021-12-28,1382.1743268351386,1422.4877447011636,1367.776617715603,1385.5145263671875,2272133
2021-12-29,1381.5982809994084,1389.0850460635377,1366.6534940704105,1370.857666015625,444913
2021-12-30,1370.6561550268204,1375.0906320201289,1350.1250067987748,1356.056884765625,373163
2021-12-31,1358.7635193292372,1374.111428652983,1355.5384128136998,1359.915283203125,593106
2022-01-03,1362.6220908319947,1381.8285354030868,1359.1379361555453,1363.0540771484375,514436
2022-01-04,1367.661331795905,1375.3209155096924,1352.2270718054908,1357.5830078125,504874
2022-01-05,1357.2085713690926,1364.349819082388,1331.5231699708402,1338.6068115234375,608305
2022-01-06,1336.1017654745276,1339.614783284799,1315.3979190246232,1320.149169921875,568336
2022-01-07,1321.704097497749,1333.222216516306,1303.2175488090654,1310.2147216796875,291110
2022-01-10,1307.3063644317378,1339.3842517003857,1292.3615785089416,1333.0205078125,1350791
2022-01-11,1341.2272409260827,1343.0125528647748,1318.8245522142124,1332.4158935546875,583840
2022-01-12,1341.0832421770076,1354.6458398814573,1334.5466796787855,1352.8316650390625,954423
2022-01-13,1363.4283495975812,1368.3235558228128,1343.7611753379335,1359.1954345703125,504191
2022-01-14,1352.803160320189,1382.807830633972,1345.546699198053,1379.03564453125,985459
2022-01-17,1390.6975803563023,1391.1295667012043,1362.0174955288314,1371.40478515625,392971
2022-01-18,1372.3837584549426,1380.5904205881973,1325.2458715488665,1338.808349609375,542966
2022-01-19,1341.2848661661492,1375.2632798823256,1329.5075797956927,1370.857666015625,775419
2022-01-20,1371.598265669536,1394.1878981061539,1364.0683881906634,1388.45361328125,727728
2022-01-21,1382.0242845929497,1421.4113258963826,1333.6302510465941,1357.66796875,1576151
2022-01-24,1354.7430015797029,1365.5165581677215,1271.5667168681825,1292.10009765625,709302
2022-01-25,1288.6535642284616,1327.4904960105464,1260.5323704968873,1318.773193359375,496540
2022-01-27,1306.0882957067706,1326.3900452650303,1290.8837554164033,1319.873779296875,451899
2022-01-28,1326.824510054774,1351.383549997399,1314.197422977073,1320.0185546875,255547
2022-01-31,1333.8329478369808,1353.0631457215134,1328.7357390609798,1346.865478515625,274504
2022-02-01,1351.9046770843781,1409.6532106775123,1343.8534791278578,1400.6173095703125,868358
2022-02-02,1408.3210914112215,1429.8101461888386,1393.9563493312025,1412.7520751953125,609066
2022-02-03,1410.4062039919675,1424.5102853043652,1390.1334842399622,1412.3756103515625,339584
2022-02-04,1413.8814034226143,1427.782761272224,1396.070382781692,1403.339599609375,274499
2022-02-07,1381.4449843415698,1407.39416964301,1361.172266136243,1399.2850341796875,937873
2022-02-08,1404.1794559779335,1446.8971431152954,1363.4891130135936,1369.07861328125,1691333
2022-02-09,1369.0786708943203,1405.2800940288569,1369.0786708943203,1400.2119140625,319100
2022-02-10,1402.3840148272564,1418.8048886818356,1387.2952305517583,1414.6923828125,313509
2022-02-11,1404.6138786263505,1407.5100500669698,1385.876092672508,1391.1759033203125,271058
2022-02-14,1378.5490637622013,1380.8079186941438,1344.4328018873607,1349.819580078125,313971
2022-02-15,1350.4276682329605,1408.4657701847266,1341.160136134497,1402.4708251953125,531468
2022-02-16,1404.614023021689,1413.3024177837408,1383.1827857886856,1386.8319091796875,265145
2022-02-17,1387.4689579576702,1432.416589387329,1387.2372064258118,1418.9495849609375,876419
2022-02-18,1418.9496334098985,1450.9517024525337,1412.1437989503513,1423.3807373046875,1007426
2022-02-21,1421.3824056455758,1433.922524678641,1393.608718452593,1399.169189453125,436344
2022-02-22,1381.5319487876388,1404.5560559070577,1356.741278125099,1394.130126953125,412041
2022-02-23,1401.8915616550414,1424.973605441908,1385.702319371406,1388.1060791015625,378657
2022-02-24,1355.3800618248283,1367.1092912805793,1315.8190870846506,1323.92822265625,474804
2022-02-25,1350.7462351311501,1394.18784353606,1344.3747542626504,1384.9493408203125,484981
2022-02-28,1372.7567505077075,1372.7567505077075,1330.2417862097477,1359.6951904296875,803135
2022-03-02,1359.7531117367744,1385.9339285523108,1352.4838947763421,1374.031005859375,379247
2022-03-03,1390.133444424708,1412.114909639931,1364.1263200009912,1369.7158203125,476976
2022-03-04,1364.6477002263132,1370.526769770756,1323.522881226876,1326.2452392578125,328335
2022-03-07,1303.2501546295632,1319.497335674757,1274.2890400822396,1286.2789306640625,319233
2022-03-08,1286.278929173745,1311.0406911169912,1261.546075947962,1303.13427734375,302979
2022-03-09,1303.2501585282973,1335.1941710049007,1285.1783555430304,1321.0902099609375,323029
2022-03-10,1365.8060205591364,1365.8060205591364,1323.5228075083119,1345.5042724609375,307000
2022-03-11,1338.119164009276,1370.1791706210909,1333.34067375786,1367.0223388671875,291455
2022-03-14,1366.9645085801549,1384.341176062106,1356.2198617752317,1366.8486328125,442322
2022-03-15,1366.8487513648165,1375.218547923669,1332.8194563177865,1341.2470703125,322821
2022-03-16,1359.8978663502899,1377.187686887198,1350.1669520274902,1366.5010986328125,246412
2022-03-17,1382.0243234810325,1409.8848582839694,1365.3426689686996,1379.0992431640625,845360
2022-03-21,1390.1335911602212,1396.0995076792885,1356.3068962918978,1360.5352783203125,285335
2022-03-22,1363.4022481971767,1366.964524697203,1310.3165711747233,1343.30322265625,495889
2022-03-23,1357.5811504519336,1357.5811504519336,1303.8292466564073,1329.9232177734375,995327
2022-03-24,1320.0475800654938,1333.1958671987593,1312.5177022421583,1328.90966796875,365826
2022-03-25,1334.5280686703377,1339.393526302447,1307.9128964144213,1317.03564453125,401071
2022-03-28,1315.413774442679,1323.986293492148,1297.4579672487423,1316.1378173828125,258095
2022-03-29,1326.4190806513247,1337.4531770469373,1317.2673031725205,1332.2113037109375,303610
2022-03-30,1343.5351181997205,1365.3718008045741,1325.2605920237165,1357.3785400390625,484801
2022-03-31,1350.7463785521552,1377.3616719994309,1338.9012720757876,1371.7142333984375,593414
2022-04-01,1371.7142682261504,1391.2629463991675,1364.589834837776,1371.135009765625,395991
2022-04-04,1378.4330335509985,1410.4060717826976,1375.6816466489172,1406.119873046875,455012
2022-04-05,1407.6258301569699,1426.6822145771823,1405.7722996748248,1411.6514892578125,429695
2022-04-06,1417.7332555224002,1442.147508586336,1410.985359155614,1424.104736328125,499344
2022-04-07,1416.1984864783244,1453.8478763687247,1412.9258990999158,1431.026611328125,464610
2022-04-08,1436.4712208481653,1464.8530757693507,1435.3706419289676,1458.8291015625,608118
2022-04-11,1458.5106621791201,1463.4339371430979,1438.759142624202,1447.7950439453125,388223
2022-04-12,1439.946610454587,1454.369169806602,1405.801439685614,1419.442138671875,300284
2022-04-13,1410.4062190399284,1441.6842468596378,1410.4062190399284,1428.9412841796875,235833
2022-04-18,1426.5085410881559,1426.5085410881559,1387.3820394132586,1415.7349853515625,376436
2022-04-19,1427.6669807118774,1436.268408060531,1361.751492636091,1379.736328125,383363
2022-04-20,1382.3138410617344,1390.1623164449659,1361.1722950683238,1380.75,315531
2022-04-21,1389.0327466603271,1393.9561415440835,1370.4397459542115,1378.4619140625,336158
2022-04-22,1375.479018061891,1375.479018061891,1349.5878897829461,1355.206298828125,173417
2022-04-25,1346.6916584837081,1349.3849871150226,1303.2500503647077,1310.02685546875,233783
2022-04-26,1325.8397303571153,1338.5246341387885,1307.6521728914788,1317.2672119140625,929769
2022-04-27,1297.4578188519542,1318.8889333449526,1288.4508268873833,1309.3897705078125,296027
2022-04-28,1332.2113395970243,1332.2113395970243,1309.0424467344674,1320.3951416015625,315591
2022-04-29,1329.315091710374,1333.3696597746523,1309.187156334804,1315.616455078125,551746
2022-05-02,1309.0422500037228,1317.296169856885,1282.397930853654,1301.5701904296875,586116
2022-05-04,1313.67609731972,1315.2110297818501,1269.8000113334444,1274.433837890625,613412
2022-05-05,1287.8137889258303,1356.509449903427,1277.2139264542516,1333.6302490234375,1733386
2022-05-06,1315.9930665452644,1323.4360980709785,1278.5463982584788,1283.556640625,371352
2022-05-09,1280.0813151177097,1283.5566249143083,1245.3857936830839,1273.3912353515625,504167
2022-05-10,1273.3911872575927,1336.989763673509,1273.1016182698108,1303.452880859375,1239958
2022-05-11,1303.3949212409896,1347.8501441328067,1303.3949212409896,1342.2896728515625,844426
2022-05-12,1341.4789065355972,1342.0580445546923,1306.2621836768585,1318.2520751953125,525606
2022-05-13,1340.8994369061627,1358.9711179502808,1247.9343087451416,1332.500732421875,1954231
2022-05-16,1340.8995085467661,1346.691731306046,1316.572221138986,1332.124267578125,422709
2022-05-17,1339.1618143448623,1354.3374447546462,1332.500764390414,1338.7852783203125,431242
2022-05-18,1346.6917369956823,1369.339307603142,1326.679557289832,1361.317138671875,592908
2022-05-19,1331.6319181996373,1340.5808519848053,1322.3932949946866,1329.0833740234375,275504
2022-05-20,1338.5824620952521,1378.5488794726766,1338.5824620952521,1374.0888671875,429950
2022-05-23,1378.5490173864268,1399.8353487088316,1363.8077399918145,1370.2081298828125,367433
2022-05-24,1371.5982330111813,1402.2680918868887,1368.6731527823797,1390.5966796875,560629
2022-05-25,1396.388987116892,1400.3277998863832,1354.8298147321552,1359.174072265625,368777
2022-05-26,1359.4925446110308,1368.4995373477364,1327.2009049429594,1358.85546875,352884
2022-05-27,1364.0684678447649,1384.3413087432332,1355.5538867127075,1375.91357421875,337266
2022-05-30,1386.0789059369226,1409.798026416117,1376.8112530815465,1400.50146484375,263858
2022-05-31,1400.6752260629128,1430.0997216445999,1400.6752260629128,1409.7979736328125,727692
2022-06-01,1409.8849058980054,1434.4150369138183,1393.898385029164,1401.1676025390625,327666
2022-06-02,1398.8217966770103,1412.8390317694714,1388.9750055147922,1393.6956787109375,187788
2022-06-03,1399.227194485908,1402.2970593283226,1356.9150712606406,1360.390380859375,207201
2022-06-06,1357.7549004783623,1376.0294259118007,1348.3714920758293,1368.7022705078125,235758
2022-06-07,1347.4156895296258,1376.1161412596814,1339.7410279804633,1364.0103759765625,248395
2022-06-08,1366.9646156687868,1387.4690873128784,1348.4294299641954,1368.7022705078125,448310
2022-06-09,1361.1723125132987,1375.5948709179538,1355.4089986228437,1372.03271484375,193632
2022-06-10,1359.5503607209293,1385.7602061526313,1352.4838662767065,1373.683349609375,130966
2022-06-13,1362.2148176493893,1398.097640505579,1361.201205806668,1379.504638671875,643911
2022-06-14,1380.1417311861082,1393.6087360847946,1340.1754313069982,1390.451904296875,723503
2022-06-15,1404.6139021391305,1404.6139021391305,1372.7567384769163,1379.968017578125,394799
2022-06-16,1390.133478383702,1401.775741471066,1349.8195496931405,1356.3358154296875,295817
2022-06-17,1343.7955522873074,1377.274493060769,1331.023682443629,1345.8516845703125,832191
2022-06-20,1346.1124001808012,1357.1466158612313,1314.457959317335,1323.2911376953125,204974
2022-06-21,1329.894261517664,1363.6628933875909,1325.8396937235602,1359.202880859375,248679
2022-06-22,1360.5930663071288,1361.3171091960437,1303.7134807562882,1317.2672119140625,555228
2022-06-23,1319.2075657436935,1357.6679620608438,1318.483522867564,1353.7581787109375,218393
2022-06-24,1361.172261745888,1379.3887270851392,1353.6133555157703,1357.6099853515625,168374
2022-06-27,1366.385312540204,1390.046494928811,1365.226795716758,1375.044677734375,267363
2022-06-28,1366.964532329744,1381.5318751905559,1357.6100332152103,1378.896484375,384177
2022-06-29,1369.628850025363,1398.2423335524882,1355.5827082711075,1393.434814453125,575111
2022-06-30,1393.4349991541155,1405.743487936559,1378.4041523448384,1390.39404296875,515085
2022-07-01,1379.1281566179823,1404.6139608854562,1370.6135758999699,1394.245849609375,355099
2022-07-04,1401.6599414048558,1463.6656444324499,1396.736546136766,1460.537841796875,878789
2022-07-05,1467.7490978228998,1505.9488338469982,1455.672361384952,1482.982666015625,1347186
2022-07-06,1488.601066304797,1538.4142763096604,1482.8378729567473,1533.693603515625,1243401
2022-07-07,1537.8350730257246,1548.9561358379037,1520.487313569955,1542.81640625,710283
2022-07-08,1547.1024675440744,1559.671615031407,1535.518023127293,1553.097412109375,538169
2022-07-11,1546.523267538546,1570.8506740034588,1541.397150088444,1549.738037109375,349221
2022-07-12,1539.5727295523627,1550.4331321158309,1524.1075297927184,1532.3614501953125,406288
2022-07-13,1537.2557290392833,1540.731038389686,1521.2982388329892,1528.972900390625,238489
2022-07-14,1528.9729054914196,1541.6578087533032,1519.3288376947933,1532.1007080078125,273037
2022-07-15,1532.0427983810805,1557.4127258257397,1521.414027281728,1552.894775390625,415707
2022-07-18,1563.2050780179022,1577.222313106289,1553.0976265846698,1572.4146728515625,810516
2022-07-19,1570.271556668084,1592.8033725908858,1552.0260604070622,1555.0670166015625,759738
2022-07-20,1558.1657692479623,1574.6736104478166,1542.2951243585046,1550.2015380859375,607957
2022-07-21,1555.7330102895428,1629.3521863834528,1546.5232957591638,1623.907470703125,1287234
2022-07-22,1621.822305817734,1622.3147176426255,1589.9651398139115,1594.7147216796875,712951
2022-07-25,1594.7146312933457,1603.8373789127284,1568.9971965755208,1576.9615478515625,666951
2022-07-26,1584.9837188840352,1584.9837188840352,1543.6272709790521,1550.43310546875,570416
2022-07-27,1547.5659980784067,1578.3227045587373,1540.7311342651153,1558.2816162109375,712569
2022-07-28,1564.5083612724916,1575.7742089957385,1546.6392806248211,1554.2850341796875,560760
2022-07-29,1568.1283424636447,1581.2766285709301,1538.0088335205724,1560.54052734375,730390
2022-08-01,1575.136890779885,1602.1287174597676,1564.1606128945898,1597.9871826171875,1069023
2022-08-02,1609.9192767441882,1630.5105936568477,1581.2766415724225,1585.2154541015625,1245743
2022-08-03,1546.523264325859,1557.5285712312582,1490.3677240240193,1514.46337890625,3041673
2022-08-04,1531.8980601290073,1537.806158603459,1506.6149785210762,1534.070068359375,597419
2022-08-05,1541.3103836780012,1574.3260652744912,1532.8827700733518,1558.4263916015625,925569
2022-08-08,1563.8999331906755,1632.5377749010183,1555.3275355520043,1626.83251953125,1407803
2022-08-10,1636.302753695986,1650.6674940331175,1619.505345016392,1626.340087890625,1095690
2022-08-11,1633.406660154354,1661.0645924552455,1633.406660154354,1643.9195556640625,781368
2022-08-12,1644.846265582943,1665.205950917643,1635.2891648202726,1648.06103515625,687600
2022-08-16,1658.8925466764074,1693.6458841702372,1649.5091383258941,1688.66455078125,645714
2022-08-17,1693.6458533067068,1700.8282240455717,1666.4223940540046,1677.54345703125,617530
2022-08-18,1677.4276578284828,1691.0393268722567,1658.9504109347727,1667.030517578125,380594
2022-08-19,1665.8433159874946,1683.8281521983242,1633.9860291600617,1650.9283447265625,499767
2022-08-22,1647.8293609026694,1685.5366861318598,1636.360791268425,1665.6405029296875,964711
2022-08-23,1661.0355379150296,1690.112526372536,1644.4119423441155,1667.6097412109375,1023205
2022-08-24,1674.5315251877025,1686.9268602835436,1651.9998303170644,1674.4156494140625,873372
2022-08-25,1688.432973176746,1708.6478763603993,1663.265765617719,1670.158447265625,982377
2022-08-26,1683.2198656989217,1719.1315976852957,1673.9522131642598,1691.35791015625,947651
2022-08-29,1665.8433273588096,1678.5861699049724,1641.5159182438724,1649.5382080078125,768044
2022-08-30,1664.6847695119448,1683.4226774945423,1657.9078434058463,1670.245361328125,956581
2022-09-01,1668.7392452835263,1723.1861617665068,1656.7204466368535,1691.8212890625,1492962
2022-09-02,1702.7107478319954,1722.317483845887,1680.9320034396521,1687.7957763671875,695603
2022-09-05,1693.5590642840898,1707.8658683612648,1681.511235611363,1700.2490234375,261463
2022-09-06,1707.5471663322596,1714.7874747638743,1673.6047198942106,1709.1689453125,393111
2022-09-07,1705.8095434651116,1728.97843451695,1695.7600303464624,1703.4346923828125,410777
2022-09-08,1712.4126129214426,1717.3070994534753,1698.8588818577052,1707.7498779296875,180172
2022-09-09,1722.6070216399164,1723.1862800750748,1683.7991155441282,1694.31201171875,209483
2022-09-12,1681.0478349548425,1727.2408340205648,1681.0478349548425,1717.39404296875,335535
2022-09-13,1725.995458521072,1775.8375805807464,1714.0344766667315,1768.10498046875,1085709
2022-09-14,1744.1830159255019,1805.9861198099447,1744.1830159255019,1800.5703125,1076050
2022-09-15,1806.0149394399011,1817.888953644439,1766.6277774689722,1773.14404296875,405480
2022-09-16,1773.1441801998155,1777.8648534403537,1705.809632245782,1714.005615234375,777603
2022-09-19,1714.0055879333593,1729.7604777807173,1696.5709811282618,1713.6580810546875,558882
2022-09-20,1722.2305351872171,1748.3823239582748,1702.9133693142885,1707.4892578125,416738
2022-09-21,1705.8094633789656,1721.8539208836212,1684.494103884488,1687.1005859375,210613
2022-09-22,1685.5366839663866,1709.3716797565125,1670.1873600721906,1690.9234619140625,288257
2022-09-23,1698.8588209568773,1709.2268111410128,1649.5959615260579,1653.36083984375,184160
2022-09-26,1634.5651386251577,1651.5942992467508,1596.915632210711,1602.82373046875,385642
2022-09-27,1602.8238334639511,1609.079438973738,1559.0345948954432,1578.2938232421875,700193
2022-09-28,1563.8999933699733,1589.3857970932406,1547.6818422391552,1564.015869140625,307294
2022-09-29,1571.8643525834548,1588.3432845076402,1563.900001238306,1583.53564453125,414664
2022-09-30,1591.4709591368562,1613.828838084379,1565.3479610979794,1604.9088134765625,506266
2022-10-03,1604.9089637574803,1608.934623010632,1560.164052052657,1567.95458984375,405756
2022-10-04,1584.1728428524732,1615.6825005068058,1578.699218316923,1592.745361328125,186967
2022-10-06,1600.7097081872546,1631.987737017612,1594.1934421431806,1622.0830078125,335634
2022-10-07,1626.4560608641168,1637.4033099654403,1604.503504322633,1633.175048828125,529082
2022-10-10,1607.3418514912287,1624.4289518103794,1594.6858554492064,1607.2550048828125,184741
2022-10-11,1615.3060815606916,1618.086256897199,1575.1369384594468,1579.16259765625,253398
2022-10-12,1587.0688669471667,1610.1220019577484,1564.826741869476,1604.4166259765625,312616
2022-10-13,1604.4166302978224,1609.108273988776,1576.7008807031189,1587.097900390625,184935
2022-10-14,1617.0726951140523,1617.0726951140523,1583.2461233198878,1590.7760009765625,247194
2022-10-17,1589.9071098665638,1601.317741442603,1575.5134601551667,1590.2257080078125,105577
2022-10-18,1593.092898764543,1649.6249787555018,1584.7810403884866,1635.5499267578125,573859
2022-10-19,1639.198885838451,1681.80069718621,1636.3317434625442,1671.5484619140625,833409
2022-10-20,1665.2639578028784,1696.5419843190705,1651.6521682759317,1665.7852783203125,1214721
2022-10-21,1666.4223655713536,1675.8637114764888,1622.9807554647118,1629.9024658203125,261570
2022-10-24,1643.832644784068,1648.92985349518,1621.9670564174373,1632.13232421875,38693
2022-10-25,1639.1988575306534,1649.364246025856,1623.733658288109,1641.5447998046875,181812
2022-10-27,1657.0970394975325,1675.1109054898202,1640.6182264852027,1668.015380859375,440627
2022-10-28,1672.7358412636952,1695.3834106725917,1662.3967596754992,1690.3731689453125,664566
2022-10-31,1703.4925347293652,1714.497721225869,1690.1704351670232,1694.572509765625,566414
2022-11-01,1703.0582945180088,1720.2900580433736,1692.8349676334458,1705.954345703125,520576
2022-11-02,1707.4892451288013,1707.4892451288013,1678.0358402208503,1684.8416748046875,161345
2022-11-03,1679.7443413811022,1699.1483522755639,1670.940192420893,1674.8499755859375,280337
2022-11-04,1682.5826988795109,1729.7893079359826,1674.8500990285524,1722.1435546875,646538
2022-11-07,1730.774100115535,1745.4284110734734,1692.0820697011025,1700.2490234375,457290
2022-11-09,1713.628876031842,1714.4977033658581,1681.8585597781246,1689.24365234375,264942
2022-11-10,1689.127887443614,1704.0718872037028,1672.1566639220916,1690.6339111328125,325175
2022-11-11,1699.090561456804,1719.102741161876,1684.2044995174172,1689.7071533203125,507724
2022-11-14,1693.0375715156003,1704.0427579735654,1676.269071354858,1682.235107421875,237371
2022-11-15,1689.5912622009164,1690.1416118932982,1647.5977377415047,1650.6676025390625,445683
2022-11-16,1655.417237453501,1684.9285812964063,1639.8650701374565,1668.218017578125,743654
2022-11-17,1665.2348962921499,1682.6405931376173,1657.0679431875812,1662.3099365234375,458310
2022-11-18,1670.419041356315,1680.9030285904607,1637.8957707720044,1644.006591796875,380213
2022-11-21,1644.9622320777985,1647.8873123964327,1616.6092854511296,1628.5123291015625,848682
2022-11-22,1636.6794184232633,1644.0065736475635,1615.4798130916577,1623.849609375,587806
2022-11-23,1614.9005234845831,1620.9534064381396,1558.9767320218396,1604.30078125,2452673
2022-11-24,1616.6672138809408,1649.2484214941414,1610.353670642414,1631.46630859375,1063540
2022-11-25,1631.4663842512869,1647.2212741351916,1592.8612005865893,1609.3980712890625,839496
2022-11-28,1610.2378200677178,1628.483315889098,1595.8441698790937,1601.375732421875,425898
2022-11-29,1605.5749580002912,1617.6518144735599,1593.672035627154,1609.4847412109375,329695
2022-11-30,1612.7574617172295,1625.2977018350266,1602.0129347431193,1607.3128662109375,803743
2022-12-01,1614.8716525609373,1616.4934315900896,1589.6175995697718,1607.3128662109375,742344
2022-12-02,1607.9209795272266,1608.1526106152146,1578.8728992953156,1602.5631103515625,512399
2022-12-05,1608.500015192372,1613.1917790688774,1587.6480391210653,1601.028076171875,299959
2022-12-06,1602.0708028408237,1607.3417049089455,1592.8610882397925,1600.825439453125,278284
2022-12-07,1634.5941329842167,1707.5472073802814,1634.5941329842167,1682.8433837890625,4856338
2022-12-08,1685.5366274968947,1713.3393436855079,1670.7665625029865,1706.3017578125,959261
2022-12-09,1708.7054561493878,1734.7705166969292,1701.0887326168024,1718.55224609375,1211718
2022-12-12,1714.2083257342845,1769.4950445128218,1711.6886900485192,1759.8800048828125,1514941
2022-12-13,1758.5475641559651,1770.8560515248603,1717.1331809867306,1731.9613037109375,996714
2022-12-14,1734.452025218017,1762.283650834011,1724.6342638373992,1754.1165771484375,752293
2022-12-15,1752.1473265884954,1752.1473265884954,1711.7755808838365,1718.2628173828125,333860
2022-12-16,1706.996949633287,1711.3699952593954,1670.8823742646962,1676.8773193359375,741576
2022-12-19,1676.8773260630649,1717.3649472201882,1661.2094039559722,1712.4705810546875,369496
2022-12-20,1703.4925218577569,1730.1078120661905,1698.9456628118303,1712.0360107421875,706855
2022-12-21,1717.394052887338,1730.6582158038268,1658.9215938398117,1670.7376708984375,267492
2022-12-22,1674.5314765968378,1685.5366634486165,1649.1036108409778,1657.183837890625,332174
2022-12-23,1650.7833176255515,1657.0100141246987,1606.5308189478956,1614.408203125,347993
2022-12-26,1631.0899710739725,1667.5519347211743,1631.0899710739725,1641.4000244140625,882794
2022-12-27,1650.7832974862945,1662.367742524465,1629.7285981404004,1652.463134765625,313143
2022-12-28,1649.885513783529,1669.1157112641952,1642.094976527066,1657.2415771484375,186654
2022-12-29,1655.996356889913,1656.5465861008192,1619.3894918534518,1634.7967529296875,532375
2022-12-30,1642.992838932386,1659.4427420405834,1633.4067083959985,1637.11376953125,236707
2023-01-02,1648.4666131522904,1650.6965593444293,1631.5533271034064,1638.2432861328125,211608
2023-01-03,1640.9368290131058,1653.5348874364272,1636.303002247909,1643.5142822265625,154523
2023-01-04,1638.0404572168686,1649.5380556630726,1627.6144084943762,1630.771240234375,94896
2023-01-05,1641.5157641579492,1683.3646230154607,1630.8291756525612,1676.9642333984375,516535
2023-01-06,1685.333909189013,1691.7633279759966,1664.3950856242466,1674.9368896484375,389146
2023-01-09,1677.398508176541,1699.1483406398972,1672.7937113684773,1681.8585205078125,273042
2023-01-10,1688.4328064603467,1691.3288574974697,1653.3899023291635,1662.4547119140625,216276
2023-01-11,1668.1600798473255,1708.6478228362155,1653.4478312272838,1703.49267578125,575840
2023-01-12,1703.4926225429194,1732.6275498851257,1701.8997522563564,1726.8353271484375,582019
2023-01-13,1722.0278619948435,1725.9665543077917,1696.5420570573683,1718.32080078125,371640
2023-01-16,1719.710951384693,1726.5167862239516,1699.6698624605726,1705.056640625,173518
2023-01-17,1754.6959817298793,1768.9159395075408,1682.7566354719756,1706.0703125,2357942
2023-01-18,1720.2899520301623,1786.4660967186583,1716.3223513102885,1775.1134033203125,2312918
2023-01-19,1774.7369784472671,1792.0557090471284,1762.573274370443,1765.2667236328125,842164
2023-01-20,1770.016203989178,1799.9331108791814,1763.239398825356,1772.9412841796875,1055934
2023-01-23,1786.9005913787303,1794.1698083745543,1758.750368184061,1771.5511474609375,493693
2023-01-24,1771.5512608892832,1771.5512608892832,1746.7605902214032,1759.67724609375,481186
2023-01-25,1759.6771899993378,1762.0520410639353,1716.8147177823207,1734.9444580078125,438949
2023-01-27,1737.0584287098807,1743.632631835212,1680.0340613381486,1713.2813720703125,281959
2023-01-30,1712.7891294668877,1730.0499213548733,1679.7444197049613,1689.6202392578125,369712
2023-01-31,1704.2649650394399,1736.2219141092864,1699.7496739912933,1705.0224609375,665699
2023-02-01,1718.7430909394443,1789.2699299212013,1684.6013759761734,1715.8883056640625,1739146
2023-02-02,1715.8883771291519,1732.0853646971964,1691.9716437247346,1704.4688720703125,592417
2023-02-03,1709.9747182846281,1776.4231768175157,1701.4393191414943,1764.01318359375,994847
2023-02-06,1772.927202868859,1798.5627193094515,1759.1772958193292,1793.5521240234375,647329
2023-02-07,1804.3890833594894,1826.5288765157934,1780.5015488988656,1816.6533203125,633612
2023-02-08,1817.2067470857442,1826.2374498200168,1800.9514821640535,1818.3719482421875,330625
2023-02-09,1812.5458242240934,1849.251177671938,1803.8065120510703,1808.292724609375,905913
2023-02-10,1804.9716401461178,1832.3550191129157,1800.3105930689983,1824.0526123046875,344061
2023-02-13,1844.007591891198,1844.007591891198,1793.4940524719104,1823.26611328125,507533
2023-02-14,1826.5287878614624,1833.8989853229223,1794.5426397531194,1820.67333984375,992697
2023-02-15,1835.2681254855138,1892.3944868270044,1801.0389312685352,1881.528564453125,2489342
2023-02-16,1891.75365530496,1893.5305962342252,1872.0317434161598,1877.625,868464
2023-02-17,1877.5957399030124,1890.6174718155544,1855.892974542676,1861.45703125,596654
2023-02-20,1870.1672251079146,1888.8403701041495,1860.3208695358633,1862.622314453125,577187
2023-02-21,1876.022816715749,1925.4585115964946,1861.9232396162897,1919.28271484375,2267083
2023-02-22,1919.7486645035456,1930.7019429454588,1891.2291640519215,1894.4044189453125,876944
2023-02-23,1899.298592970555,1911.0093680915415,1884.8495889143423,1897.6090087890625,539054
2023-02-24,1907.1057812282415,1909.8732098098283,1876.051842470088,1891.491455078125,273422
2023-02-27,1891.491412214975,1899.5316274644156,1842.4343466183552,1865.50634765625,521428
2023-02-28,1874.8576334759427,1901.8913443777878,1852.7469190440436,1891.5498046875,670709
2023-03-01,1898.1915943723036,1903.260467875449,1882.02380708066,1897.6964111328125,375381
2023-03-02,1899.3567610340297,1899.3567610340297,1817.78928756555,1824.8099365234375,963864
2023-03-03,1838.1812991269487,1854.5530000920267,1824.7809399994983,1843.19189453125,515155
2023-03-06,1850.4164899254831,1881.0624817595456,1846.6584524350521,1877.3045654296875,394371
2023-03-08,1872.556062577674,1919.1660478796312,1867.6037455813128,1915.349853515625,532620
2023-03-09,1919.74879117898,1935.3631175374912,1914.3303692513537,1922.2540283203125,550547
2023-03-10,1899.3567908025598,1935.8582290879585,1891.8118799602503,1927.9345703125,372576
2023-03-13,1933.6151532631684,1934.2851711894496,1890.4718145178033,1905.1539306640625,468760
2023-03-14,1902.2117866137398,1908.999323069196,1877.0423738379843,1895.2203369140625,417775
2023-03-15,1913.8059676715864,1928.5755623803675,1902.2700274298124,1911.3590087890625,447100
2023-03-16,1906.1152914393756,1907.9797102899472,1866.671589048894,1901.57080078125,383899
2023-03-17,1911.009242529699,1932.5663724678711,1900.9298951777325,1917.068603515625,621528
2023-03-20,1899.3567825308244,1927.2937436790394,1899.3567825308244,1918.146484375,244724
2023-03-21,1925.5749604868333,1941.8010259053494,1912.7571418106215,1930.3233642578125,385393
2023-03-22,1938.9754339628164,1950.0161912603567,1908.5041554273446,1926.973388671875,612734
2023-03-23,1926.9733811443505,1945.966876117993,1920.8557414703894,1937.1983642578125,428836
2023-03-24,1951.7930776097946,1951.7930776097946,1926.0702038463676,1942.150634765625,565595
2023-03-27,1942.1506235480167,1955.0267207843924,1908.9992742369882,1916.68994140625,485104
2023-03-28,1919.690479875327,1927.2645905644188,1896.472843399417,1906.7562255859375,273833
2023-03-29,1908.6498136152813,1951.2106158929037,1908.6498136152813,1937.7227783203125,606070
2023-03-31,1937.781006946751,1951.7931059702844,1931.4012970133824,1938.480224609375,332017
2023-04-03,1950.045173967898,1957.6192845525168,1928.6045998624456,1953.395263671875,260150
2023-04-05,1953.395222085318,1967.8734250055284,1936.5574171544033,1952.4630126953125,415184
2023-04-06,1952.9292134773302,1960.6781589777988,1935.7709380067827,1957.531982421875,473579
2023-04-10,1960.5325408507438,1980.9243498247179,1954.9102056499862,1971.369384765625,421077
2023-04-11,1969.271855413932,1980.9243523167395,1945.3843215755767,1949.812255859375,372128
2023-04-12,1954.0945237506878,1967.4074049256749,1932.886940956805,1942.849853515625,261652
2023-04-13,1945.937742616507,1961.0568855063204,1928.4880761624672,1938.1014404296875,412559
2023-04-17,1940.1406042710448,1966.358782762569,1931.9839534048951,1945.762939453125,300927
2023-04-18,1953.4827432861764,1959.279791825586,1925.6915379873617,1931.838134765625,402770
2023-04-19,1934.0229964482503,1940.1405146052775,1898.1915763502427,1900.37646484375,460840
2023-04-20,1909.2615640573554,1923.3319417552111,1901.0466346793305,1905.940673828125,328472
2023-04-21,1916.7772683069325,1920.4770274092705,1887.704305389641,1893.210205078125,328323
2023-04-24,1893.5305879274035,1913.922517682482,1891.2292640584278,1904.367431640625,218305
2023-04-25,1913.281553612284,1955.9879884988945,1905.7657212230674,1940.9271240234375,710745
2023-04-26,1944.772505613222,2013.7552748809956,1943.0828003349075,2008.6864013671875,1231057
2023-04-27,2010.0264538253093,2028.6995995256125,1998.4030358196585,2003.908935546875,822523
2023-04-28,2010.055501535822,2021.0962581968743,1999.0147448747696,2009.822509765625,769114
2023-05-02,2017.1634820718534,2055.937286213241,2010.0846760379786,2039.2449951171875,587097
2023-05-03,2039.1869803965153,2067.4442917543242,2021.9412266338009,2063.016357421875,591278
2023-05-04,2064.2396060722194,2095.6429693794485,2057.830697073735,2084.835205078125,682337
2023-05-05,2091.594084560888,2123.1430874034318,2086.3795756153163,2117.520751953125,595310
2023-05-08,2126.5515521678244,2155.711995042983,2109.48051160151,2149.739990234375,551199
2023-05-09,2169.112193875403,2169.8403688852864,2116.3264118111933,2135.0869140625,808217
2023-05-10,2144.0593974157932,2190.5528278471375,2135.4654781370864,2164.130615234375,955917
2023-05-11,2168.1800647267846,2220.965848744897,2160.6642321335908,2212.255615234375,880070
2023-05-12,2234.3662930834203,2294.609754914494,2209.196879570408,2267.0224609375,2095305
2023-05-15,2280.393740546447,2286.9773639458795,2225.189831771929,2233.43408203125,805223
2023-05-16,2246.6012454429456,2280.9471173973734,2240.7751181833005,2255.92333984375,618130
2023-05-17,2265.245200253608,2282.95717968027,2237.5997501438815,2267.109619140625,635639
2023-05-18,2283.3065317446994,2283.3065317446994,2226.8503109956455,2232.763916015625,687438
2023-05-19,2237.9493463155595,2259.418999029846,2108.548405374868,2168.937255859375,1256060
2023-05-22,2097.5075943044453,2100.945162059711,1930.8478347081927,1980.7496337890625,8408508
2023-05-23,1990.7998577149274,1999.5683692870884,1962.3094344494286,1987.1002197265625,1757211
2023-05-24,1987.1002293339648,2029.1074470917383,1966.9414125297,1998.9857177734375,1467905
2023-05-25,2003.064085559369,2038.3419237765315,1991.5864237027304,2031.75830078125,1252852
2023-05-26,2039.1869188203902,2065.404854607226,2026.9225612618773,2050.48974609375,755510
2023-05-29,2068.318026014831,2070.648670728275,2033.9433185423463,2046.586181640625,846908
2023-05-30,2058.4134342712828,2100.3623744465813,2050.9266802108946,2073.969482421875,1358081
2023-05-31,2074.144378339462,2084.9812219003625,2052.499769754082,2069.279296875,3283304
2023-06-01,2069.279324797442,2073.9694504643885,2049.674090635211,2059.1708984375,336448
2023-06-02,2061.909080907287,2079.9414081431173,2054.7429179919445,2069.862060546875,398025
2023-06-05,2069.862007773692,2087.952491620606,2046.207346174546,2052.00439453125,369899
2023-06-06,2053.781646456163,2093.370862147709,2048.625294990514,2089.438232421875,528191
2023-06-07,2106.188729100625,2132.319429462471,2097.4494171096203,2128.852783203125,981639
2023-06-08,2137.621525593481,2140.3306761013496,2104.4700530818054,2132.08642578125,674203
2023-06-09,2141.1169741105837,2153.0607399550336,2115.539737229179,2131.561767578125,465519
2023-06-12,2143.476778240198,2144.03023976922,2119.589242947764,2131.474853515625,205473
2023-06-13,2129.4938304103334,2180.2986413201993,2123.696781433677,2175.754150390625,513455
2023-06-14,2184.260606638719,2196.1168961594926,2171.2096738188648,2192.533935546875,424054
2023-06-15,2195.3300610700167,2201.15643025321,2173.510982131691,2185.83349609375,425059
2023-06-16,2182.8911939150044,2213.391426690808,2179.016721480988,2209.9541015625,521744
2023-06-19,2215.1394380059633,2236.114028852017,2204.273515802931,2218.46044921875,388770
2023-06-20,2231.4529427016187,2237.279312070704,2211.2942474839274,2231.103515625,543980
2023-06-21,2234.3660041877874,2248.8732850959364,2202.3798584572673,2215.284912109375,611843
2023-06-22,2218.6352543546022,2219.800576761142,2144.292337383422,2149.215576171875,591744
2023-06-23,2153.963947204037,2159.149134783563,2120.8124777966254,2141.553955078125,293332
2023-06-26,2144.0299388989906,2163.2857448405302,2123.7256094460618,2155.3330078125,365427
2023-06-27,2153.09002262079,2168.8501053296777,2149.011757729641,2159.32421875,349944
2023-06-28,2175.5212380138323,2203.254166639001,2145.3995074944514,2193.436767578125,741217
2023-06-30,2192.999732285378,2199.933024610134,2170.102565884619,2194.42724609375,332661
2023-07-03,2196.4954982019976,2206.9826724946547,2164.1306021144737,2171.704833984375,232954
2023-07-04,2171.442759350318,2184.7849620312013,2138.2331299821794,2157.576416015625,427882
2023-07-05,2156.8770386439483,2190.086667418925,2155.8575935717377,2161.5380859375,391051
2023-07-06,2170.1317165913747,2190.669402780197,2161.9167875085323,2173.62744140625,370134
2023-07-07,2162.44114115916,2184.114828574597,2144.1175435060095,2150.147705078125,309705
2023-07-10,2155.712006185495,2163.7522220740652,2119.6766697004596,2125.094970703125,404344
2023-07-11,2136.1937671025926,2199.9911040838406,2127.192264205092,2194.514404296875,684220
2023-07-12,2213.8577967320116,2258.3411728020924,2210.915533466138,2230.782958984375,1560437
2023-07-13,2237.512260319454,2237.512260319454,2158.0423143869834,2172.229248046875,745343
2023-07-14,2183.6486898863295,2187.756275696661,2144.700169157145,2149.76904296875,819344
2023-07-17,2169.6947220141305,2175.666726347044,2148.166670200765,2156.935302734375,559835
2023-07-18,2158.6831494902626,2177.851477968132,2144.0593115155843,2156.673095703125,505066
2023-07-19,2146.5064871288664,2184.843147957119,2146.5064871288664,2161.7421875,507758
2023-07-20,2166.199202216412,2181.3183461232484,2045.333771220311,2118.074462890625,1133658
2023-07-21,2119.0065845451186,2134.1254855041125,2100.6829864265096,2105.576904296875,595825
2023-07-24,2109.1020723555935,2162.470400066802,2100.3918382471315,2152.740478515625,468700
2023-07-25,2155.6244572518485,2172.84113235289,2136.077379689876,2151.48779296875,576871
2023-07-26,2155.129191179798,2197.6609148375255,2139.4275076040403,2192.592041015625,349175
2023-07-27,2193.5532117133976,2209.866755321248,2178.317512524425,2186.00830078125,299478
2023-07-28,2193.582292446533,2251.4369486861256,2180.9685079509236,2247.591796875,692509
2023-07-31,2295.1922011388183,2370.612960658449,2273.693227008184,2320.5947265625,2739155
2023-08-01,2333.4121987638455,2333.4121987638455,2259.418956416571,2266.9638671875,558935
2023-08-02,2266.410590984407,2270.7512897796073,2206.6915123665353,2225.044189453125,549002
2023-08-03,2227.3455289477574,2253.4764728733767,2170.277443334911,2211.0322265625,761346
2023-08-04,2219.800479373858,2230.7248009431673,2192.6794129020905,2199.9912109375,447988
2023-08-07,2219.8004983799574,2252.427586041818,2209.9249426138526,2233.841796875,591402
2023-08-08,2240.775077823989,2240.775077823989,2168.529453321852,2201.943115234375,648131
2023-08-09,2213.916044541163,2213.974443937979,2143.2728870494343,2174.4140625,1460256
2023-08-10,2176.6861786785976,2184.8138718416803,2129.0567481407566,2137.329833984375,502959
2023-08-11,2138.174974075077,2161.042821290546,2122.5896044729016,2128.182861328125,366862
2023-08-14,2136.019380895035,2141.0007770621587,2078.2228754412654,2098.96435546875,463649
2023-08-16,2097.4493902841305,2113.9667260840506,2078.135183897489,2101.731689453125,382100
2023-08-17,2111.43232357981,2114.3455083605763,2077.3488855367314,2083.495361328125,384688
2023-08-18,2084.6314737986017,2116.0932374132544,2084.6314737986017,2101.003173828125,672406
2023-08-21,2116.559393063459,2136.164870136456,2105.1981660674337,2128.2412109375,523153
2023-08-22,2134.0962999396506,2148.7494589206162,2127.1923285070943,2134.533447265625,305247
2023-08-23,2135.319814994934,2177.8515365255885,2135.319814994934,2166.40283203125,548819
2023-08-24,2178.375816410451,2242.0859177614498,2174.4138659886858,2216.071533203125,1246331
2023-08-25,2217.4701291211827,2251.8448373633178,2202.08879448839,2206.37109375,666187
2023-08-28,2211.6146840835527,2250.6213610530303,2204.215407932799,2241.357666015625,467613
2023-08-29,2254.1754384459377,2263.4972903643697,2243.9795341770478,2252.048828125,533864
2023-08-30,2263.4972594876754,2266.410444187945,2247.2130368090197,2252.922607421875,425172
2023-08-31,2251.844766440308,2326.391713953439,2240.8916087429534,2285.11279296875,1194157
2023-09-01,2285.11302575984,2286.715253278541,2238.4739564813726,2264.69189453125,455433
2023-09-04,2266.4104781799783,2282.8405784290917,2228.685438476979,2267.721435546875,330030
2023-09-05,2272.236881746407,2287.909486347225,2262.244769392483,2272.440673828125,390707
2023-09-06,2283.8892527358094,2303.698520486549,2270.9548777696787,2298.338134765625,398969
2023-09-07,2300.639724017165,2319.662417570782,2289.715402715999,2295.512451171875,369790
2023-09-08,2298.454773955926,2315.292700614317,2288.5794605818737,2298.804443359375,268889
2023-09-11,2298.804676590574,2330.4411584120394,2292.657957957319,2304.1357421875,530792
2023-09-12,2311.0978774666737,2320.47812874617,2221.57742151387,2237.220947265625,582758
2023-09-13,2245.901958064094,2245.901958064094,2214.0905256560013,2230.666259765625,240449
2023-09-14,2235.3566400378295,2243.688125844984,2214.5570040580396,2230.375244140625,284513
2023-09-15,2238.2114243115757,2245.4066654597145,2216.8871653604347,2220.295654296875,672670
2023-09-18,2220.2958519085773,2231.9774273943754,2191.135409839791,2201.593505859375,253485
2023-09-20,2198.7095638036812,2219.7713901034967,2184.6391869602694,2198.88427734375,499215
2023-09-21,2196.4957153931446,2224.374280653186,2169.1124545920384,2179.01708984375,463586
2023-09-22,2183.765137964588,2194.2232336287343,2144.1175226861933,2149.33203125,244783
2023-09-25,2161.5378538939563,2164.3344819698664,2133.571815455981,2152.5654296875,245560
2023-09-26,2155.711668700583,2160.5474288920586,2137.5627863944696,2144.23388671875,329823
2023-09-27,2144.0593739208184,2176.103678983372,2122.5894787095167,2170.597900390625,375787
2023-09-28,2179.5703368800855,2179.5703368800855,2106.1887106917998,2112.91796875,452819
2023-09-29,2114.432806112898,2149.8565234387993,2114.432806112898,2139.689697265625,306121
2023-10-03,2132.4069965734147,2139.3984464586056,2073.270457932015,2079.766845703125,1181655
2023-10-04,2079.970527571112,2098.6437945752346,2036.7690301920697,2040.0025634765625,1326457
2023-10-05,2050.2564801917392,2070.881400197956,2042.2746647432257,2050.664306640625,475857
2023-10-06,2065.23031077985,2082.8838919518394,2040.3521665339338,2058.41357421875,747181
2023-10-09,2050.839431403105,2072.6003546231,2020.9216150518896,2063.6279296875,464336
2023-10-10,2060.7442604013077,2099.8381763004663,2060.7442604013077,2092.235107421875,401794
2023-10-11,2112.597529072936,2117.229255143375,2065.7253529818468,2073.270263671875,797232
2023-10-12,2074.1735271222497,2103.275569679676,2073.2703962146375,2098.031982421875,386339
2023-10-13,2077.057468143496,2102.867821224275,2075.4845615325908,2092.905029296875,268932
2023-10-16,2097.4493979294766,2108.5191122431415,2083.495335087386,2098.643798828125,490957
2023-10-17,2111.898455251635,2111.898455251635,2085.7968345011295,2093.39990234375,387230
2023-10-18,2094.5361665042647,2103.8580182279547,2030.4474363292159,2034.7296142578125,904120
2023-10-19,2032.1661056487274,2032.1661056487274,2001.4327583782992,2018.066650390625,705738
2023-10-20,2010.0264800850937,2024.592040372798,1990.27548970686,2005.278076171875,425467
2023-10-23,2005.278027211835,2024.3297994733255,1982.7013305627459,1989.51806640625,324155
2023-10-25,1989.5181459059409,2005.3071858786222,1972.1850356005132,2000.0635986328125,408712
2023-10-26,1992.576923902669,2000.1219565188217,1951.79318321424,1984.857177734375,689937
2023-10-27,1980.924269093233,2009.4437704213576,1972.0393223615072,1996.6551513671875,265119
2023-10-30,1981.011870424235,2018.1833290283794,1980.9243924890918,1998.7528076171875,217044
2023-10-31,1993.1595289553177,1998.4031162621907,1891.2002406875042,1940.6942138671875,1997149
2023-11-01,1945.9668865868466,1957.0368435990092,1930.7021081785945,1937.606201171875,598879
2023-11-02,1942.9955007154197,1970.3206020503121,1939.5580541457155,1963.969970703125,203543
2023-11-03,1978.0111396148739,1978.0111396148739,1953.9487728836148,1962.01806640625,432519
2023-11-06,1966.6791692250831,1969.3300412671833,1945.1803170827407,1961.814208984375,765326
2023-11-07,1922.6618475927248,1960.9694277290223,1922.6327690556225,1950.394775390625,684705
2023-11-08,1948.8799530432884,1998.490479856459,1948.8799530432884,1994.8489990234375,328797
2023-11-09,2001.8989490895337,2007.1425363618202,1969.8545219397797,1974.719482421875,690511
2023-11-10,1972.1849323088145,1992.34374842444,1967.5530850348814,1985.20654296875,457427
2023-11-13,1993.159483489504,2000.4423242455264,1979.9047593545606,1991.41162109375,164018
2023-11-15,2018.7950479290735,2079.271500187079,1988.5276826820864,2036.5650634765625,2036950
2023-11-16,2044.896572648806,2062.8705016482763,2019.8729155853634,2053.75244140625,656910
2023-11-17,2056.665571990637,2086.496031763884,2040.3813488017472,2080.407470703125,525864
2023-11-20,2085.7968984596396,2094.536210358934,2074.1444018202,2089.4091796875,186235
2023-11-21,2097.4494110898763,2103.0424253553815,2074.9600705953985,2091.069580078125,300426
2023-11-22,2091.069668685413,2097.449499967504,2050.839511079337,2067.735595703125,278833
2023-11-23,2071.8138320884204,2118.4238203332147,2056.665610140977,2108.6357421875,535388
2023-11-24,2120.7543269312014,2121.832171328866,2100.391597519208,2114.1123046875,392504
2023-11-28,2120.754508921493,2130.659143744052,2083.2041806752095,2124.54150390625,460978
2023-11-29,2142.894026438484,2142.894026438484,2089.6713391185594,2118.278076171875,1357340
2023-11-30,2120.6958407644947,2135.640269040767,2106.5963862429144,2131.00830078125,859189
2023-12-01,2138.233162330295,2202.2926986483612,2124.949358846307,2186.6494140625,683148
2023-12-04,2213.945047335019,2236.084960641747,2179.3663052532434,2218.169189453125,1042728
2023-12-05,2219.8006039921074,2243.1055984818995,2200.020412981931,2239.318603515625,548981
2023-12-06,2243.1056994256687,2286.5112354421462,2234.3954652185703,2244.241943359375,743908
2023-12-07,2253.5635507841043,2253.592629320508,2221.9561509977543,2232.763916015625,239029
2023-12-08,2246.601305391803,2262.0117189410266,2205.264225015439,2229.82177734375,270593
2023-12-11,2231.452865177805,2269.3235377977717,2231.452865177805,2264.2255859375,311661
2023-12-12,2264.2258360253345,2275.907411862982,2233.200974124663,2246.863525390625,227102
2023-12-13,2253.0101839199992,2299.6201718789234,2247.8540745568134,2292.279052734375,443226
2023-12-14,2301.3680420726187,2301.3680420726187,2261.050407198602,2282.753173828125,363192
2023-12-15,2292.6285757662517,2304.2810720119774,2251.37873420996,2276.48974609375,635745
2023-12-18,2281.1508527685073,2473.242211154929,2272.877524483616,2411.629638671875,2801186
2023-12-19,2417.8929207659385,2432.108932677848,2330.528396056147,2341.918701171875,880976
2023-12-20,2362.427034602013,2392.1700153887764,2258.4867761187625,2277.567626953125,735360
2023-12-21,2246.601097193438,2315.350993640105,2219.3050760759097,2311.243408203125,586859
2023-12-22,2380.022323046492,2400.4143744734124,2289.4533406796127,2304.6015625,1064690
2023-12-26,2321.759943701822,2340.695403578364,2310.1658456079285,2333.033935546875,307874
2023-12-27,2347.948938572649,2361.2908985690647,2309.845149916182,2317.4775390625,721724
2023-12-28,2336.0051843800657,2348.9683964957226,2298.6004920260066,2307.10693359375,1286801
2023-12-29,2314.7684063918527,2348.385861602671,2300.2320453536813,2344.89013671875,326993
2024-01-01,2347.395307670093,2364.2913907005614,2335.742811546895,2345.38525390625,218044
2024-01-02,2356.7466261540944,2359.047950057505,2311.097926749183,2354.736572265625,358545
2024-01-03,2362.543518264224,2394.587821885286,2362.048213878971,2380.109619140625,591658
2024-01-04,2389.926949911115,2404.5507887239146,2375.099319014908,2382.14892578125,376886
2024-01-05,2388.2665237575693,2397.2389486573234,2363.7089723325075,2375.477783203125,238564
2024-01-08,2385.265965840261,2386.489687657694,2331.693847884569,2339.530029296875,286950
2024-01-09,2348.4733089253564,2457.5115238438393,2347.9780045048938,2443.178955078125,1113636
2024-01-10,2441.751521847848,2464.066149868105,2416.6695862598413,2435.808837890625,455041
2024-01-11,2440.0326413717044,2445.800611549379,2406.8230133033953,2423.602783203125,222858
2024-01-12,2430.5067211083397,2440.4988333198057,2396.10269260228,2420.28173828125,272920
2024-01-15,2425.5254061739483,2435.0803713667706,2398.7828442637806,2425.78759765625,261472
2024-01-16,2433.215976094536,2447.0244045350537,2381.1295294352567,2390.77197265625,321412
2024-01-17,2384.100876972625,2407.9009334678194,2346.9583755780554,2392.7236328125,302708
2024-01-18,2388.761748664365,2392.111838331648,2310.107216662615,2354.852783203125,319526
2024-01-19,2377.6919130317833,2418.475531113821,2367.1463390982335,2412.940673828125,189988
2024-01-23,2382.935473677928,2408.3379990829985,2342.1518560515324,2379.381591796875,817128
2024-01-24,2377.109448971052,2454.0158826794145,2363.126306819707,2446.441650390625,373434
2024-01-25,2455.1518059458303,2459.3175487594062,2412.066863941492,2450.17041015625,279327
2024-01-29,2449.354650698187,2516.3273660006003,2444.8976380613926,2508.520263671875,784343
2024-01-30,2526.352391560284,2535.7115166105473,2400.7075366419463,2423.724853515625,832629
2024-01-31,2407.024986271972,2464.261135151107,2390.2663859041345,2421.88232421875,834154
2024-02-01,2433.932245712358,2485.6115523606863,2356.983542842564,2400.970947265625,1086532
2024-02-02,2412.8742117902243,2509.3600543331368,2405.3285234803716,2434.692626953125,921748
2024-02-05,2442.12127135173,2485.991653623719,2412.260139508133,2426.298583984375,523729
2024-02-06,2439.079638043751,2485.9917995721353,2418.753037750963,2466.54248046875,268988
2024-02-07,2509.360137023725,2509.360137023725,2434.5464936539443,2485.52392578125,389046
2024-02-08,2496.520559790468,2535.7116239025154,2465.5189129067107,2472.27490234375,400136
2024-02-09,2474.7022932751156,2515.94058848232,2430.9489308680195,2501.0830078125,393964
2024-02-12,2501.0830537146894,2549.9256693643447,2459.0844960806953,2467.478271484375,529370
2024-02-13,2467.273771544721,2632.109699434136,2408.779844457717,2522.9599609375,1263116
2024-02-14,2503.2181302678036,2601.809594206336,2503.188936219462,2561.682861328125,893019
2024-02-15,2573.7325743889205,2577.2127480586737,2528.6628048423418,2542.58447265625,173558
2024-02-16,2553.3475825862915,2583.9984152442353,2536.881652053583,2572.943115234375,241361
2024-02-19,2574.288346592977,2602.3946731510605,2559.109144549001,2583.442626953125,184575
2024-02-20,2594.2054024119175,2605.9041869135312,2578.1486765378454,2594.64404296875,222584
2024-02-21,2600.054873196481,2654.9516067677514,2583.1208649050113,2597.3349609375,371688
2024-02-22,2602.979488681969,2683.1161764898334,2584.2614817139147,2662.935791015625,403586
2024-02-23,2677.266656680549,2686.187141220441,2643.1062149704467,2653.57666015625,264221
2024-02-26,2661.4733678478246,2687.7956939494234,2629.3017711034963,2670.686279296875,304792
2024-02-27,2670.627643237053,2717.9200533684075,2669.0776826165184,2682.121826171875,389099
2024-02-28,2698.8802485976535,2725.027167727962,2654.629613811027,2677.14990234375,299446
2024-02-29,2679.7821227755967,2760.913359010945,2637.520330391593,2737.076904296875,600743
2024-03-01,2749.2144356026415,2752.051367204323,2716.1945077602772,2749.653076171875,199138
2024-03-04,2766.7918162579003,2771.471379069153,2732.953237054367,2742.897216796875,209615
2024-03-05,2759.977333014789,2784.1059705142943,2741.6979663427837,2766.850341796875,163935
2024-03-06,2775.536475564398,2775.536475564398,2708.3269127471453,2754.215576171875,294519
2024-03-07,2766.762518692128,2774.3668383863715,2723.3307765295594,2730.87646484375,244233
2024-03-11,2731.6661391475095,2908.5516589255167,2731.6661391475095,2767.259765625,1918967
2024-03-12,2775.5366289828585,2828.152090407128,2749.2145445299525,2797.442626953125,697414
2024-03-13,2798.8466494902696,2833.445733805836,2698.7928035227887,2720.02587890625,645685
2024-03-14,2720.5231140713113,2800.8060188745517,2678.8753703849543,2779.2802734375,412460
2024-03-15,2788.990197820332,2819.7580491287076,2738.7440771561946,2790.920654296875,390562
2024-03-18,2793.055588446551,2839.8799212302174,2776.0629498160215,2827.830078125,292720
2024-03-19,2831.105947954441,2836.6919857670164,2692.270489715869,2714.0302734375,633503
2024-03-20,2730.9056949431747,2783.4041360220663,2668.6975566021188,2754.800537109375,305029
2024-03-21,2778.461236210933,2897.7887424768037,2773.518440693817,2890.974365234375,786406
2024-03-22,2886.7042960166145,2923.058184193724,2845.5246317177016,2919.75341796875,479451
2024-03-26,2919.753370765591,2989.741233856761,2907.1478676433517,2982.400390625,728012
2024-03-27,3000.7382371703407,3135.274143311476,2993.397150429276,3093.538818359375,1348237
2024-03-28,3093.5387409022287,3161.596391276582,3063.034123829995,3143.49267578125,678687
2024-04-01,3146.3001203539893,3233.9827380039815,3146.3001203539893,3195.46435546875,631767
2024-04-02,3202.5129193720763,3275.0747269292942,3190.4925131842047,3262.118408203125,449484
2024-04-03,3223.5999367021936,3318.0091079040685,3223.5999367021936,3302.1572265625,581683
2024-04-04,3302.596108408849,3375.0992825803382,3278.58424746189,3291.482177734375,623656
2024-04-05,3300.695030364205,3329.7372684941834,3239.5395836251346,3295.693603515625,413155
2024-04-08,3321.2850611447852,3356.0595525228646,3296.7175391224214,3315.435546875,398799
2024-04-09,3337.078179182661,3343.3955278355,3266.183596871352,3278.73046875,249533
2024-04-10,3294.933543921159,3294.933543921159,3246.4419853056943,3265.598876953125,310376
2024-04-12,3265.598840295222,3328.36263889415,3246.412754814199,3262.46923828125,342661
2024-04-15,3226.6418796338703,3287.3584467840624,3170.341398995774,3182.566650390625,371170
2024-04-16,3179.1448470927676,3255.6254705511437,3167.5922753121017,3235.796142578125,455424
2024-04-18,3237.0535618323856,3301.3970004035355,3216.902370180692,3263.697509765625,855476
2024-04-19,3260.7729884825844,3302.4204874528164,3205.9348887922883,3269.517822265625,815322
2024-04-22,3276.8002090280074,3413.1203534306037,3275.074597545842,3374.163330078125,840690
2024-04-23,3392.6474202374898,3400.19335189867,3325.350272991927,3331.638427734375,311349
2024-04-24,3351.1170040800043,3365.769740537318,3308.913600334366,3315.9912109375,453462
2024-04-25,3316.6053553055476,3372.7596194244984,3294.962591351757,3351.4384765625,354724
2024-04-26,3363.3712795819747,3397.4438956877134,3332.895856694086,3362.52294921875,261911
2024-04-29,3365.8572881570262,3409.435244594224,3354.3047165341463,3378.9892578125,252127
2024-04-30,3403.6443481738074,3464.536564777961,3386.856553841686,3417.03955078125,639090
2024-05-02,3417.0394231006358,3495.2750911708763,3416.0448792173615,3434.470458984375,426724
2024-05-03,3456.9616066518456,3479.2184189242735,3431.4581729685247,3467.548828125,231533
2024-05-06,3486.2377894663914,3624.283553848518,3485.6237412993137,3572.604248046875,1312335
2024-05-07,3593.866729437235,3654.5249078119414,3528.353580731339,3564.970703125,716801
2024-05-08,3579.360092552697,3706.7597551833574,3522.6793618612146,3688.041748046875,926467
2024-05-09,3696.230893818785,3705.5900189580807,3576.8155609263213,3585.79443359375,639174
2024-05-10,3606.2381143384355,3631.4780720349745,3549.733033954442,3607.992919921875,731118
2024-05-13,3645.692151848812,3899.204750811178,3637.473784018682,3872.356201171875,2284971
2024-05-14,3896.0463215246336,3920.116571680248,3791.8685739186694,3895.95849609375,1145060
2024-05-15,4106.273429731219,4234.960312340218,4051.289114054781,4164.35791015625,4758520
2024-05-16,4164.357736669638,4240.253503391704,4091.0651058989206,4120.22412109375,2086652
2024-05-17,4135.520366382549,4229.110646168108,4120.370601625945,4202.9931640625,1152696
2024-05-21,4228.350286645408,4297.548454955257,4209.924949044718,4260.84375,1137886
2024-05-22,4289.944272203487,4289.944272203487,4173.014809437148,4187.75537109375,794072
2024-05-23,4205.713112893583,4321.063177526156,4191.76225026226,4311.96728515625,610893
2024-05-24,4296.378742690244,4296.378742690244,4234.960301988848,4260.2880859375,319901
2024-05-27,4260.317008961642,4282.895685174508,4193.370679303596,4220.42431640625,677613
2024-05-28,4231.743102491582,4255.433100194747,4148.389226659158,4174.88671875,516690
2024-05-29,4153.009942975644,4184.976938508274,4094.5746507720755,4104.4013671875,794675
2024-05-30,4096.914235837884,4123.821417465537,4059.12740536404,4085.595703125,474891
2024-05-31,4119.72697049526,4130.899533014055,4048.978598928307,4075.827392578125,1576340
2024-06-03,4240.809213225461,4296.320236546556,4175.354697020954,4254.84814453125,1132539
2024-06-04,4281.755169866285,4281.755169866285,3403.8782456899867,3727.3203125,2110529
2024-06-05,3872.2684919212693,3872.297685970267,3589.859858938349,3818.600341796875,1252949
2024-06-06,3860.5696127322376,4000.0483142514972,3857.703487041567,3974.0478515625,716019
2024-06-07,3977.6160485250703,4033.711681816248,3922.6022979942977,4021.515625,448288
2024-06-10,4030.202183065137,4067.989256803508,3992.2102644179154,4010.6650390625,440649
2024-06-11,4047.8379490312755,4114.637823243093,4025.0838647880887,4036.69482421875,706063
2024-06-12,4047.165528849974,4172.927413313379,4046.551237385341,4132.771484375,875733
2024-06-13,4170.616643022795,4368.3265304742445,4148.56443125944,4326.5615234375,1481464
2024-06-14,4348.145538130967,4628.65314789779,4337.85074346824,4556.79345703125,2241455
2024-06-18,4577.1202615009215,4586.508580876573,4481.248466485618,4520.32275390625,564554
2024-06-19,4542.638169682091,4568.375155963109,4395.818382134081,4409.27197265625,592516
2024-06-20,4410.441545715709,4417.343991621668,4346.127546180698,4401.60888671875,531785
2024-06-21,4421.321759207003,4445.538221835677,4328.988771176709,4349.78369140625,427448
2024-06-24,4342.6472976674395,4470.368826525566,4300.297924508999,4441.9990234375,521276
2024-06-25,4459.92745393621,4532.694104132441,4409.0086558246285,4422.140625,840898
2024-06-26,4432.0848666450765,4483.559327844176,4390.02743262265,4443.841796875,373441
2024-06-27,4436.79336936582,4641.083594679094,4410.500235474812,4581.361328125,2112969
2024-06-28,4593.294001129608,4593.294001129608,4463.115786640886,4506.66455078125,769128
2024-07-01,4519.006746034376,4615.170484876907,4507.600144387491,4604.37841796875,582119
2024-07-02,4604.056804881225,4621.020007283149,4475.428796374558,4546.2939453125,521048
2024-07-03,4558.431350207509,4629.179722619739,4536.203974234967,4564.31005859375,475455
2024-07-04,4564.309771685283,4649.6230499112335,4529.447699951357,4601.658203125,482014
2024-07-05,4602.302270129307,4661.20564424792,4571.30013575399,4612.56787109375,528860
2024-07-08,4641.054234602344,4641.375855700095,4495.28737876851,4528.21923828125,399489
2024-07-09,4539.128639632588,4576.564654810908,4518.714214531903,4541.40966796875,310552
2024-07-10,4562.526285385959,4599.903913085014,4445.538431914524,4589.8134765625,559951
2024-07-11,4640.82029608584,4640.82029608584,4540.122723127621,4548.4873046875,362284
2024-07-12,4567.205335688664,4577.149314811785,4446.034955250728,4453.4638671875,726216
2024-07-15,4453.463750529849,4486.044793179029,4417.577941797826,4468.818359375,425054
2024-07-16,4480.634476628297,4496.9544364249,4354.287499484383,4368.67724609375,581874
2024-07-18,4368.677338010489,4374.497171743359,4126.7754453063435,4165.46923828125,1477140
2024-07-19,4168.130534534527,4182.3154357582725,3992.2101223282425,4006.95068359375,1158232
2024-07-22,3913.2724643212964,4116.801924733681,3913.2724643212964,4108.11572265625,636262
2024-07-23,4117.9133683285345,4155.846654261495,3881.0717903507248,3970.976806640625,1096685
2024-07-24,3989.0222515859036,4072.3469319686083,3924.9422880411357,3960.68212890625,761424
2024-07-25,3940.7354648252317,4065.3276335631517,3902.2173243881916,3999.2001953125,583872
2024-07-26,4024.7328385602445,4081.208724739625,4001.013647559362,4046.2001953125,600579
2024-07-29,4075.5642884247877,4159.2689815455215,4063.7484833213825,4150.93359375,636993
2024-07-30,4153.068507086504,4186.936523119448,4087.2923688312167,4106.9462890625,672423
2024-07-31,4138.415780115087,4199.863410593202,4047.779211427743,4172.31298828125,793082
2024-08-01,4181.116340032039,4190.446271772524,4064.0117078734393,4111.4208984375,914883
2024-08-02,4036.0804899799755,4084.601483698401,3977.6160036408414,4022.33447265625,756140
2024-08-05,3905.8732885126847,3983.4362814397714,3863.026399070385,3915.99267578125,851269
2024-08-06,3915.992550701301,3997.8256572626274,3840.535424259305,3855.86083984375,417249
2024-08-07,3917.9231083160153,4018.5326128369015,3841.296028414907,3992.64892578125,628182
2024-08-08,3954.189196377812,4006.2195605299225,3894.7009691001003,3959.45361328125,809522
2024-08-09,4006.8338214294868,4045.001147793081,3960.652728649835,4029.93896484375,1236449
2024-08-12,3977.5865920355554,4123.821280515722,3957.1137794394035,4048.3349609375,1745187
2024-08-13,4040.2336933801344,4120.311751711535,4006.862949793673,4076.5,891985
2024-08-14,4077.9915087112963,4131.191822269898,3999.5218003919313,4118.00146484375,574165
2024-08-16,4147.21897262652,4244.757748952176,4131.33789671479,4204.95263671875,681733
2024-08-19,4237.299758672159,4237.299758672159,4145.552105956527,4154.384765625,401085
2024-08-20,4183.485002755884,4183.485002755884,4097.14798862008,4143.73828125,299998
2024-08-21,4143.7386627173455,4170.149059534828,4113.35106323242,4143.15380859375,252134
2024-08-22,4167.458380546825,4167.458380546825,4112.152199649645,4127.36083984375,276213
2024-08-23,4127.3608216073835,4157.718740627058,4100.423958630588,4107.53125,216093
2024-08-26,4132.9462162640575,4132.9462162640575,4090.6552335746846,4119.755859375,255325
2024-08-27,4141.370014768768,4152.2496637583445,4094.574873358951,4099.75146484375,307347
2024-08-28,4104.811185022443,4115.047591558193,4059.624393484975,4066.17578125,343891
2024-08-29,4053.65804216349,4067.7843121644905,3980.657595159094,4018.123046875,628365
2024-08-30,4033.7408510531386,4058.2789347744706,4010.898941507464,4032.04443359375,1198532
2024-09-02,4052.312692026567,4062.4028849066126,3955.3882089981657,3965.654052734375,452717
2024-09-03,3981.0962102139824,3997.445363585593,3939.5657308568075,3959.336669921875,592777
2024-09-04,3959.336818964822,3986.156175328892,3925.5271908601812,3953.4873046875,359134
2024-09-05,3971.7373152260884,3977.616023311699,3906.2533630956677,3911.0205078125,370346
2024-09-06,3885.1664230680576,3919.0928274113403,3861.1839983817704,3868.992919921875,471099
2024-09-09,3866.448313132596,3889.231591654357,3803.7134661767186,3836.177734375,491146
2024-09-10,3860.598803048133,3886.921130094057,3823.6892544008147,3850.596435546875,393031
2024-09-11,3859.2828084825364,3921.8128094186736,3839.4240440961344,3856.328857421875,424370
2024-09-12,3888.529813995626,3898.0059590008173,3849.9238469488537,3892.419677734375,263114
2024-09-13,3907.393866602004,3948.3397349043485,3899.2341302729546,3925.08837890625,294560
2024-09-16,3936.641077134342,3962.963404514702,3923.772340497946,3926.580078125,122874
2024-09-17,3933.716373886367,3962.9634587724695,3914.559725480126,3956.470458984375,168805
2024-09-18,3977.586720326259,3978.668846400087,3922.6024056185706,3942.666015625,200604
2024-09-19,3962.963266544137,4003.177823849066,3805.0295510441806,3934.096435546875,616978
2024-09-20,3949.4220451032365,4013.6776604953457,3926.316901549903,3996.74365234375,992735
2024-09-23,4019.7024745138024,4071.1477398023144,4001.569321284006,4058.542236328125,367189
2024-09-24,4058.542100528347,4167.399161077541,4053.628742369425,4150.55322265625,662603
2024-09-25,4157.162775489852,4224.986873056543,4138.445011977387,4198.10888671875,895767
2024-09-26,4217.4115588382265,4233.702324084601,4088.783557314941,4139.76123046875,466136
2024-09-27,4139.761526919276,4284.094963366107,4115.0477905420075,4267.2490234375,918736
2024-09-30,4266.838981342639,4281.6963186788125,4199.33699129893,4240.80908203125,564906
2024-10-01,4255.31571418718,4416.2912096506,4243.17828862872,4393.88818359375,880290
2024-10-03,4358.791351883571,4397.572723496849,4272.980803901713,4297.197265625,412768
2024-10-04,4296.378843958534,4310.154056396997,4201.033509870058,4238.96728515625,473491
2024-10-07,4273.478364860041,4292.255003821382,4080.5945018007706,4093.49267578125,441247
2024-10-08,4100.423854725504,4328.521337394565,4068.398713002781,4312.259765625,568002
2024-10-09,4313.926805753413,4529.243136833445,4308.018903321723,4490.69580078125,900194
2024-10-10,4504.03178291075,4527.341769736998,4440.361026108565,4496.28125,372795
2024-10-11,4498.1824927418,4550.797953129765,4420.970559966545,4533.220703125,376068
2024-10-14,4550.826961289401,4553.751718257231,4488.823670587266,4518.88916015625,275138
2024-10-15,4565.743340722767,4609.379684761155,4506.225434393029,4603.5009765625,597918
2024-10-16,4603.500739563771,4755.49711152982,4595.311809428878,4671.5,1656751
2024-10-17,4671.500221761336,4679.513987995692,4474.960536952023,4514.3564453125,662574
2024-10-18,4515.78944698824,4594.463515435015,4425.065048412871,4564.28076171875,467830
2024-10-21,4585.9237103093865,4605.48956143031,4360.166135379365,4376.28125,385957
2024-10-22,4376.281302645728,4376.281302645728,4217.908941357815,4234.19970703125,791353
2024-10-23,4233.789994254542,4256.397865349948,4007.3894189166654,4019.731689453125,812625
2024-10-24,4035.4957568178097,4078.166994522251,3928.45188545739,4005.663818359375,788358
2024-10-25,4024.381876320051,4034.8231278966,3893.4434044721315,3963.8115234375,536329
2024-10-28,3975.5101088949177,4016.894617351287,3916.168098600364,3949.12939453125,468112
2024-10-29,3971.737403185662,4047.603976801317,3901.5446928794318,4040.526123046875,428213
2024-10-30,4046.0244454267013,4102.06144637709,3989.8704250027736,4053.657958984375,333351
2024-10-31,4041.930052452629,4099.341607495839,4041.930052452629,4080.71142578125,290668
2024-11-01,4080.74073360197,4099.809799702754,4022.24680759929,4064.80126953125,30219
2024-11-04,4098.6107372805445,4098.6107372805445,3967.7596097537335,4067.667236328125,485353
2024-11-05,4065.3569664149304,4093.4046624744774,3989.4317597607796,4069.802490234375,447964
2024-11-06,4093.9896101251834,4158.918149835957,4058.6886517720686,4124.1728515625,429473
2024-11-07,4164.767374214364,4182.871089752002,4068.8663872677735,4137.5380859375,344857
2024-11-08,4146.049000220903,4227.5894326768475,4100.13114368832,4196.55859375,549978
2024-11-11,4191.119088145596,4199.863678965945,4114.4628138972175,4121.51123046875,369477
2024-11-12,4129.641772642473,4151.752372242513,3964.1331668977587,3977.26513671875,380642
2024-11-13,3977.3233168263073,3992.2100914992275,3886.9502233763037,3921.754150390625,365720
2024-11-14,3921.432669747864,3958.7808593397003,3852.556124142336,3940.64794921875,433749
2024-11-18,3992.2100806451235,3998.8490503129638,3867.6765459830926,3884.11328125,240947
2024-11-19,3909.1486349111124,3970.450295664284,3877.883756403987,3887.30126953125,377552
2024-11-21,3887.2135041469423,3926.112140085358,3832.1999970725906,3884.961669921875,368778
2024-11-22,3898.2982817198726,4079.951191216265,3889.2607775420324,4006.482666015625,595041
2024-11-25,4084.0460920913374,4326.649616926721,4077.8455192521997,4298.42626953125,2501112
2024-11-26,4327.9651686152865,4334.487605659524,4229.08151973881,4236.42236328125,459152
2024-11-27,4386.459254360382,4458.962672897954,4313.37098172522,4350.076171875,2317671
2024-11-28,4378.211504405577,4444.572982620328,4326.97108361184,4340.2490234375,1252452
2024-11-29,4352.533051172799,4464.841099801292,4343.203119528026,4422.6376953125,984620
2024-12-02,4430.914655113937,4473.615331195312,4378.299679919831,4424.0126953125,705697
2024-12-03,4457.236988676682,4532.694361205778,4440.595407469184,4522.16552734375,791356
2024-12-04,4550.827169109549,4648.277876442969,4517.251580391927,4532.81103515625,946992
2024-12-05,4562.525947742637,4591.772544020528,4518.655080190901,4558.109375,494198
2024-12-06,4562.526210612132,4619.850184888547,4534.507222395998,4555.27294921875,401598
2024-12-09,4555.272825489035,4642.867133322704,4525.674926610978,4587.12255859375,515642
2024-12-10,4597.622202292927,4621.019771990518,4554.453936783116,4615.404296875,436346
2024-12-11,4615.404367220632,4633.888578936671,4585.923730624167,4604.056640625,293787
2024-12-12,4608.121876376012,4656.116404934787,4580.074181202277,4630.52490234375,328359
2024-12-13,4629.794328554935,4650.179560332582,4557.817372129413,4612.158203125,226593
2024-12-16,4624.091197447094,4700.542627343054,4612.0121595714845,4661.3515625,416262
2024-12-17,4650.5593383892765,4678.109761731398,4547.902360225886,4557.056640625,420090
2024-12-18,4577.12038427125,4611.426797952208,4463.086482163316,4484.72900390625,405462
2024-12-19,4416.291320231859,4485.606750719006,4381.223915167634,4464.34423828125,304535
2024-12-20,4506.956599288095,4511.8407634154155,3990.3382502157424,4017.888916015625,2836225
2024-12-23,4012.712488935651,4041.8131165578775,3885.458793874161,3989.724365234375,1516757
2024-12-24,3983.436065983316,3989.1391231661264,3848.9293577147273,3892.7119140625,1368181
2024-12-26,3895.69516314876,3942.490303165967,3885.1955236783074,3922.339111328125,489065
2024-12-27,3919.1220666977347,3957.1137404444667,3815.1197320920974,3829.011962890625,456623
2024-12-30,3848.9000389437083,3916.753089560909,3737.9079161139553,3763.26513671875,2050470
2024-12-31,3783.2992016365884,3864.839636253436,3760.6035057576178,3823.19189453125,742898
2025-01-01,3831.3519448849793,3891.893102189731,3803.7720843350367,3881.159423828125,396985
2025-01-02,3918.5077590727496,3927.8082527245742,3840.1258776155873,3918.21533203125,667361
2025-01-03,3930.791553249994,3942.4903383587257,3858.463784513005,3866.27294921875,504796
2025-01-06,3877.4452937398787,3880.1652059484404,3758.5269854119583,3786.4287109375,489305
2025-01-07,3797.776322130465,3829.6554925444857,3758.263638051748,3791.663818359375,528092
2025-01-08,3786.925772473042,3798.44915018221,3646.8622134201396,3683.15771484375,915457
2025-01-09,3683.5378381249207,3752.9116543385367,3631.0393980621047,3650.1962890625,581738
2025-01-10,3644.1128687798982,3658.5610036512594,3548.82641210858,3570.93701171875,644503
2025-01-13,3555.874755204999,3556.108794159991,3380.9486393453,3394.577880859375,562484
2025-01-14,3402.006451135597,3451.082861558571,3374.426591090484,3429.76171875,577767
2025-01-15,3448.216806097726,3460.909891682099,3390.8925894957993,3397.619384765625,506588
2025-01-16,3435.611266666428,3535.1970296647787,3431.2827625005352,3515.513916015625,585101
2025-01-17,3515.4848675534613,3632.472720771276,3476.3232402522676,3616.82568359375,612114
2025-01-20,3620.773951277943,3636.1285614642034,3575.7336154280006,3589.450439453125,152373
2025-01-21,3592.1119156456184,3603.2256034670745,3458.5408706089447,3464.946044921875,352632
2025-01-22,3486.179198172467,3497.8487887879437,3380.9485243010517,3425.667236328125,403985
2025-01-23,3439.4132500473092,3587.4321794068846,3438.7697645855055,3549.323486328125,409453
2025-01-24,3538.882290131177,3548.826269402825,3412.6523361039704,3439.26708984375,421077
2025-01-27,3427.7438781405804,3427.7438781405804,3322.454809564407,3385.248046875,333867
2025-01-28,3470.4153115637864,3489.454940385148,3275.6596220027573,3324.999267578125,594390
2025-01-29,3328.3043053388333,3418.969830841625,3309.586297464232,3407.0078125,285380
2025-01-30,3428.6640625,3488.508544921875,3400.34130859375,3448.475341796875,502913
2025-01-31,3475.036865234375,3580.69677734375,3447.741455078125,3565.05322265625,698148
2025-02-01,3597.1328125,3607.69873046875,3316.547119140625,3374.2197265625,866946
2025-02-03,3376.421142578125,3386.987060546875,3042.036865234375,3067.6005859375,2949638
2025-02-04,3108.162353515625,3190.34228515625,3080.4853515625,3181.860107421875,1902872
2025-02-05,3205.868408203125,3308.3291015625,3191.7216796875,3275.750732421875,938038
2025-02-06,3310.677001953125,3350.4169921875,3276.631103515625,3311.26416015625,698995
2025-02-07,3338.85302734375,3345.89697265625,3197.97314453125,3231.7255859375,674714
2025-02-10,3231.46142578125,3256.966552734375,3130.49755859375,3140.007080078125,576213
2025-02-11,3146.3466796875,3158.05712890625,3020.552734375,3055.244384765625,854281
2025-02-12,3052.397216796875,3108.103515625,2939.1064453125,3051.8984375,1379042
2025-02-13,2993.697265625,3109.512451171875,2946.1796875,2996.779052734375,1841280
2025-02-14,2999.5673828125,3027.567138671875,2903.680908203125,2929.62646484375,561232
2025-02-17,2903.857177734375,2924.28466796875,2811.228515625,2852.406494140625,1358038
2025-02-18,2881.433837890625,2898.808837890625,2789.80322265625,2843.219970703125,875987
2025-02-19,2823.467529296875,2927.953369140625,2801.572509765625,2908.523681640625,1130801
2025-02-20,2904.473388671875,2957.21533203125,2872.2470703125,2950.20068359375,749470
2025-02-21,2940.867431640625,2969.89453125,2850.5283203125,2888.829833984375,779092
2025-02-24,2874.477783203125,2874.536376953125,2800.8974609375,2860.389892578125,957130
2025-02-25,2868.07958984375,2895.43359375,2824.93505859375,2839.7568359375,490647
2025-02-27,2841.576416015625,2857.36669921875,2734.625244140625,2751.06103515625,641615
2025-02-28,2729.547607421875,2764.767578125,2689.044677734375,2713.9921875,919544
2025-03-03,2717.7783203125,2853.404541015625,2680.23974609375,2839.140380859375,810733
2025-03-04,2782.113525390625,2916.91796875,2782.113525390625,2895.022705078125,992217
2025-03-05,2895.022705078125,3012.451904296875,2895.022705078125,2985.332763671875,1248047
2025-03-06,3020.1123046875,3092.4599609375,2985.362060546875,3029.093505859375,1446016
2025-03-07,3029.50439453125,3036.988525390625,2961.7646484375,2997.278076171875,1000990
2025-03-10,2997.278076171875,3018.52734375,2905.6474609375,2920.058349609375,566630
2025-03-11,2876.297607421875,2925.86962890625,2848.12158203125,2900.980712890625,889506
2025-03-12,2928.775146484375,2940.339111328125,2823.790283203125,2879.6728515625,416828
2025-03-13,2905.060546875,2986.242431640625,2871.36669921875,2892.6748046875,696251
2025-03-17,2920.322509765625,2931.76904296875,2869.576416015625,2897.693603515625,435109
2025-03-18,2897.693603515625,2897.693603515625,2897.693603515625,2897.693603515625,0
2025-03-19,3010.13330078125,3083.068115234375,2989.55908203125,3066.77880859375,855208
2025-03-20,3087.6171875,3092.782958984375,3000.154296875,3048.93408203125,548075
2025-03-21,3052.925537109375,3116.96728515625,3037.66357421875,3052.77880859375,1256241
2025-03-24,3090.55224609375,3137.306884765625,3055.332275390625,3066.015625,600664
2025-03-25,3081.747314453125,3102.1162109375,2998.393310546875,3004.9091796875,399335
2025-03-26,3111.09716796875,3240.237060546875,3052.984375,3180.510009765625,4736380
2025-03-27,3181.537109375,3193.277099609375,3111.09716796875,3119.4033203125,1078586
2025-03-28,3135.751220703125,3138.686279296875,3041.94873046875,3096.627685546875,1201834
2025-04-01,3075.877197265625,3143.38232421875,3052.397216796875,3069.97802734375,562131
2025-04-02,3070.00732421875,3111.684326171875,3018.351318359375,3101.0302734375,634342
2025-04-03,3052.984375,3125.185302734375,3052.984375,3080.896240234375,677222
2025-04-04,3103.73046875,3103.73046875,2847.56396484375,2892.821533203125,1869669
2025-04-07,2450.0,3087.0,2450.0,2812.449951171875,2716014
2025-04-08,2938.35009765625,3031.0,2750.0,2763.449951171875,2603929
2025-04-09,2789.0,2791.949951171875,2667.800048828125,2715.85009765625,866126
2025-04-11,2813.0,2813.0,2710.050048828125,2727.800048828125,784039
2025-04-15,2798.0,2850.0,2741.5,2839.5,872503
2025-04-16,2860.0,2904.5,2799.0,2811.5,865906
2025-04-17,2813.5,2850.0,2770.0,2810.0,537062
2025-04-21,2846.0,2847.0,2744.0,2827.0,653092
2025-04-22,2840.5,2879.5,2813.0,2856.5,576915
2025-04-23,2875.0,2915.0,2841.5,2872.0,607062
2025-04-24,2885.0,2923.5,2870.0,2903.5,453763
2025-04-25,2905.0,2918.5,2767.0,2833.5,776070
2025-04-28,2833.5,2926.5,2833.0,2916.5,460919
2025-04-29,2931.5,2988.0,2904.0,2930.0,674757
2025-04-30,2939.0,2945.5,2857.0,2901.5,512358
2025-05-02,2901.5,2950.0,2895.800048828125,2912.5,367358
2025-05-05,2938.0,2965.0,2899.800048828125,2951.699951171875,237370
2025-05-06,2951.699951171875,2972.39990234375,2916.800048828125,2941.10009765625,269762
2025-05-07,2882.300048828125,3009.60009765625,2882.10009765625,2967.199951171875,415422
2025-05-08,2974.60009765625,2975.0,2820.0,2838.60009765625,898180
2025-05-09,2795.0,2875.0,2788.300048828125,2857.199951171875,539592
2025-05-12,2929.0,2953.60009765625,2865.89990234375,2895.89990234375,506851
2025-05-13,2914.0,2947.300048828125,2903.0,2916.699951171875,784313
2025-05-14,2918.0,3039.89990234375,2918.0,3006.800048828125,1814823
2025-05-15,3010.0,3028.0,2972.0,3009.5,501027
2025-05-16,3028.0,3114.89990234375,2996.0,3069.5,809043
2025-05-19,3080.0,3150.800048828125,3025.800048828125,3104.39990234375,596943
2025-05-20,3140.0,3207.800048828125,3054.39990234375,3127.699951171875,1314196
2025-05-21,3189.0,3305.0,3128.60009765625,3290.800048828125,1482098
2025-05-22,3306.60009765625,3348.0,3227.39990234375,3304.60009765625,1026833
2025-05-23,3310.699951171875,3335.0,3251.10009765625,3277.300048828125,650091
2025-05-26,3290.0,3308.89990234375,3240.0,3248.699951171875,585314
2025-05-27,3306.800048828125,3306.800048828125,3256.199951171875,3299.10009765625,663341
2025-05-28,3325.0,3347.699951171875,3300.300048828125,3337.60009765625,570286
2025-05-29,3357.699951171875,3376.0,3326.60009765625,3349.199951171875,515527
2025-05-30,3360.0,3370.0,3252.0,3265.60009765625,756152
2025-06-02,3270.0,3313.89990234375,3258.10009765625,3292.0,349448
2025-06-03,3306.0,3364.800048828125,3302.10009765625,3314.0,390549
2025-06-04,3320.300048828125,3336.5,3275.10009765625,3309.300048828125,259833
2025-06-05,3315.0,3336.300048828125,3276.60009765625,3280.5,185492
2025-06-06,3300.0,3348.0,3283.0,3297.5,333166
2025-06-09,3320.0,3405.0,3306.60009765625,3383.300048828125,618824
2025-06-10,3400.0,3409.0,3362.699951171875,3371.699951171875,348784
2025-06-11,3381.0,3398.0,3338.199951171875,3349.89990234375,412042
2025-06-12,3350.0,3357.89990234375,3258.0,3267.5,348509
2025-06-13,3195.10009765625,3271.300048828125,3169.89990234375,3260.0,347257
2025-06-16,3248.0,3313.0,3243.800048828125,3271.5,362584
2025-06-17,3278.0,3373.300048828125,3276.5,3321.60009765625,834726
2025-06-18,3344.89990234375,3370.0,3300.199951171875,3355.800048828125,382866
2025-06-19,3349.89990234375,3385.0,3260.300048828125,3284.800048828125,547608
2025-06-20,3274.800048828125,3297.39990234375,3195.10009765625,3214.199951171875,1000560
2025-06-23,3200.0,3200.0,3082.0,3091.60009765625,1299174
2025-06-24,3109.0,3230.0,3109.0,3159.800048828125,1187970
2025-06-25,3187.0,3190.0,3101.10009765625,3149.10009765625,845690
2025-06-26,3158.0,3175.0,3121.5,3164.89990234375,501325
2025-06-27,3184.0,3271.89990234375,3165.0,3178.39990234375,2052948
2025-06-30,3204.800048828125,3298.699951171875,3196.199951171875,3251.5,880507
2025-07-01,3272.0,3378.800048828125,3260.0,3323.10009765625,1445646
2025-07-02,3339.0,3365.0,3267.0,3287.699951171875,592322
2025-07-03,3290.0,3326.89990234375,3285.0,3311.699951171875,496857
2025-07-04,3320.0,3320.0,3237.0,3292.39990234375,504152
2025-07-07,3290.0,3307.5,3250.0,3278.199951171875,439627
2025-07-08,3295.0,3354.89990234375,3275.300048828125,3296.800048828125,549860
2025-07-09,3292.39990234375,3303.0,3213.0,3218.300048828125,458107
2025-07-10,3227.0,3228.0,3167.0,3191.60009765625,354856
2025-07-11,3178.0,3190.300048828125,3105.10009765625,3117.699951171875,370986
2025-07-14,3139.0,3164.0,3065.0,3152.60009765625,588779
2025-07-15,3148.10009765625,3161.699951171875,3113.5,3146.800048828125,361397
2025-07-16,3123.0,3140.0,3080.0,3089.300048828125,624769
2025-07-17,3081.10009765625,3134.60009765625,3038.5,3110.300048828125,991736
2025-07-18,3110.300048828125,3150.0,3105.0,3128.39990234375,462228
2025-07-21,3125.0,3159.800048828125,3098.0,3154.800048828125,257721
2025-07-22,3160.0,3163.800048828125,3120.89990234375,3141.800048828125,348800
2025-07-23,3145.0,3162.0,3111.800048828125,3143.10009765625,205688
2025-07-24,3143.0,3143.0,3101.10009765625,3129.0,295195
2025-07-25,3129.0,3130.0,3030.199951171875,3038.199951171875,246680
2025-07-28,3040.0,3077.0,3016.5,3061.60009765625,398906
2025-07-29,3053.5,3088.699951171875,3034.60009765625,3068.0,255592
2025-07-30,3068.0,3079.5,3020.0,3071.39990234375,310945
2025-07-31,3010.0,3059.300048828125,3005.0,3033.39990234375,299015
2025-08-01,3050.0,3050.0,2998.0,3023.60009765625,281885
2025-08-04,3000.0,3009.0,2928.5,2993.60009765625,478003
2025-08-05,3029.89990234375,3090.10009765625,3006.199951171875,3081.0,772626
2025-08-06,3100.0,3114.0,3057.0,3083.89990234375,392854
2025-08-07,3079.0,3128.5,3051.0,3117.0,457545
2025-08-08,3147.0,3147.0,3023.0,3031.800048828125,263161
2025-08-11,3020.0,3138.699951171875,2925.0,3114.800048828125,1102245
2025-08-12,3114.800048828125,3200.0,3085.10009765625,3135.10009765625,697711
2025-08-13,3136.89990234375,3192.0,3102.199951171875,3150.699951171875,305836
2025-08-14,3150.699951171875,3188.89990234375,3118.199951171875,3169.0,330958
2025-08-18,3213.89990234375,3213.89990234375,3110.199951171875,3118.0,276357
2025-08-19,3125.0,3153.39990234375,3120.10009765625,3133.199951171875,189758
2025-08-20,3135.0,3164.800048828125,3120.199951171875,3155.10009765625,259839
2025-08-21,3174.0,3235.0,3150.0,3197.199951171875,708572
2025-08-22,3210.0,3234.300048828125,3158.0,3173.199951171875,290166
2025-08-25,3185.0,3210.0,3147.800048828125,3164.60009765625,335061
2025-08-26,3154.60009765625,3159.39990234375,3039.0,3048.0,829921
2025-08-28,3057.699951171875,3078.0,3017.89990234375,3043.199951171875,527913
2025-08-29,3043.10009765625,3094.0,3017.5,3063.699951171875,430652
2025-09-01,3078.800048828125,3151.300048828125,3064.0,3138.89990234375,231094
2025-09-02,3139.0,3198.0,3120.0,3190.300048828125,326742
2025-09-03,3190.0,3224.89990234375,3180.0,3211.89990234375,240535
2025-09-04,3225.0,3230.699951171875,3150.0,3154.39990234375,191346
2025-09-05,3168.699951171875,3182.800048828125,3085.0,3089.10009765625,316358
2025-09-08,3110.0,3140.89990234375,3090.10009765625,3121.60009765625,221407
2025-09-09,3131.39990234375,3200.0,3095.199951171875,3190.10009765625,307706
2025-09-10,3192.10009765625,3219.10009765625,3131.39990234375,3142.699951171875,655563
2025-09-11,3147.0,3210.0,3147.0,3185.300048828125,448621
2025-09-12,3202.0,3212.0,3181.5,3202.0,172093
2025-09-15,3200.0,3325.0,3190.10009765625,3293.699951171875,1094939
2025-09-16,3303.10009765625,3334.10009765625,3285.0,3313.800048828125,441922
2025-09-17,3316.0,3368.0,3306.60009765625,3322.699951171875,569372
2025-09-18,3322.60009765625,3350.10009765625,3288.10009765625,3317.800048828125,459746
2025-09-19,3337.89990234375,3346.800048828125,3308.5,3325.89990234375,431619
2025-09-22,3335.0,3335.0,3235.800048828125,3243.5,292028
2025-09-23,3243.5,3272.89990234375,3225.5,3240.39990234375,204819
2025-09-24,3240.0,3244.39990234375,3193.89990234375,3201.0,257405
2025-09-25,3199.89990234375,3222.0,3145.39990234375,3156.300048828125,180638
2025-09-26,3156.0,3156.0,3075.0,3096.300048828125,246575
2025-09-29,3115.0,3147.0,3092.39990234375,3105.199951171875,615998
2025-09-30,3105.199951171875,3137.699951171875,3098.0,3129.199951171875,315843
2025-10-01,3135.0,3158.39990234375,3094.10009765625,3121.5,195465
2025-10-03,3121.5,3174.800048828125,3107.300048828125,3164.10009765625,223614
2025-10-06,3182.0,3276.89990234375,3156.800048828125,3251.699951171875,597115
2025-10-07,3250.0,3262.199951171875,3208.0,3250.800048828125,221931
2025-10-08,3250.0,3270.0,3202.89990234375,3216.800048828125,204414
2025-10-09,3205.199951171875,3225.0,3170.0,3178.39990234375,129907
2025-10-10,3178.0,3201.800048828125,3140.0,3147.39990234375,234596
2025-10-13,3147.300048828125,3147.39990234375,3022.699951171875,3077.5,622559
2025-10-14,3080.0,3119.89990234375,3063.5,3107.300048828125,364449
2025-10-15,3111.0,3145.0,3097.0,3118.60009765625,208170
2025-10-16,3118.0,3150.0,3103.800048828125,3119.0,415106
2025-10-17,3115.0,3142.39990234375,3101.5,3121.199951171875,221425
2025-10-20,3124.89990234375,3144.10009765625,3093.0,3096.800048828125,91651
2025-10-21,3124.0,3124.0,3099.0,3102.89990234375,37003
2025-10-23,3135.0,3174.300048828125,3110.0,3149.89990234375,381414
2025-10-24,3150.0,3175.0,3121.0,3152.199951171875,202470
2025-10-27,3161.0,3177.300048828125,3141.300048828125,3159.89990234375,123806
2025-10-28,3169.0,3169.0,3078.199951171875,3109.699951171875,266222
2025-10-29,3122.0,3165.39990234375,3111.0,3148.699951171875,197714
2025-10-30,3164.0,3164.5,3115.89990234375,3126.800048828125,122934
2025-10-31,3131.0,3153.10009765625,3093.10009765625,3096.300048828125,128829
2025-11-03,3099.89990234375,3143.800048828125,3095.0,3127.5,132017
2025-11-04,3135.0,3135.0,3092.0,3119.60009765625,131676
2025-11-06,3109.89990234375,3127.39990234375,3071.5,3083.5,297842
2025-11-07,3085.0,3085.10009765625,3005.0,3033.39990234375,304289
2025-11-10,3033.39990234375,3088.0,3003.10009765625,3054.39990234375,465289
2025-11-11,3064.0,3069.89990234375,3007.10009765625,3022.0,214908
2025-11-12,3050.0,3068.39990234375,3017.699951171875,3056.60009765625,284010
2025-11-13,3065.0,3124.699951171875,3056.5,3066.10009765625,324328
2025-11-14,3070.0,3105.0,3037.699951171875,3084.199951171875,284674
2025-11-17,3093.39990234375,3242.0,3093.39990234375,3232.60009765625,1556685
2025-11-18,3244.800048828125,3269.89990234375,3201.300048828125,3249.5,596935
2025-11-19,3222.0,3246.0,3186.10009765625,3211.5,336775
2025-11-20,3220.0,3243.800048828125,3205.699951171875,3216.300048828125,344112
2025-11-21,3205.0,3214.89990234375,3146.0,3173.5,424858
2025-11-24,3174.89990234375,3184.5,3147.0,3163.89990234375,597847
2025-11-25,3198.199951171875,3202.89990234375,3154.0,3181.10009765625,397365
2025-11-26,3195.0,3332.60009765625,3184.800048828125,3318.800048828125,1149408
2025-11-27,3310.0,3316.60009765625,3266.199951171875,3312.10009765625,269573
2025-11-28,3309.0,3311.89990234375,3285.0,3297.0,186409
2025-12-01,3324.89990234375,3324.89990234375,3274.39990234375,3310.199951171875,194610
2025-12-02,3310.199951171875,3384.0,3301.10009765625,3361.0,744346
2025-12-03,3372.10009765625,3374.60009765625,3308.800048828125,3329.89990234375,368000
2025-12-04,3332.89990234375,3375.0,3313.0,3362.5,268367
2025-12-05,3362.5,3374.0,3280.60009765625,3325.89990234375,287226
2025-12-08,3325.89990234375,3325.89990234375,3192.5,3204.199951171875,308854
2025-12-09,3200.0,3210.0,3125.0,3142.800048828125,387788
2025-12-10,3150.0,3183.300048828125,3105.199951171875,3179.89990234375,358536
2025-12-11,3180.699951171875,3205.39990234375,3155.699951171875,3196.5,223515
2025-12-12,3207.89990234375,3208.699951171875,2992.800048828125,3144.60009765625,1390227
2025-12-15,3142.10009765625,3188.5,3100.10009765625,3157.800048828125,810524
2025-12-16,3157.800048828125,3175.0,3130.699951171875,3161.39990234375,255211
2025-12-17,3171.0,3180.0,3130.800048828125,3140.10009765625,282648
2025-12-18,3132.0,3132.0,3051.89990234375,3074.0,489930
2025-12-19,3067.0,3122.0,3065.0,3111.60009765625,488781
2025-12-22,3120.0,3151.0,3110.0,3140.0,355883
2025-12-23,3141.39990234375,3141.39990234375,3107.5,3134.199951171875,219121
2025-12-24,3134.199951171875,3147.0,3090.0,3098.0,255036
2025-12-26,3098.0,3123.0,3088.39990234375,3100.89990234375,229163
2025-12-29,3100.89990234375,3108.300048828125,3050.0,3054.300048828125,157194
2025-12-30,3056.10009765625,3063.5,2993.39990234375,3029.5,406282
2025-12-31,3045.0,3080.0,3031.60009765625,3063.300048828125,114705
2026-01-01,3072.0,3095.699951171875,3050.199951171875,3091.300048828125,68164
2026-01-02,3094.800048828125,3117.199951171875,3058.39990234375,3097.699951171875,283939
2026-01-05,3097.699951171875,3123.0,3072.60009765625,3086.60009765625,155847
2026-01-06,3089.0,3132.0,3058.39990234375,3128.10009765625,374745
2026-01-07,3120.0,3138.39990234375,3090.0,3133.60009765625,190568
2026-01-08,3130.0,3152.5,2990.800048828125,3009.5,581946
2026-01-09,3013.0,3108.0,2985.0,3043.800048828125,587723
2026-01-12,3035.0,3035.0,2925.0,2980.800048828125,423168
2026-01-13,3014.0,3015.10009765625,2930.39990234375,2947.699951171875,561556
2026-01-14,2950.0,2986.0,2930.5,2970.800048828125,148958
2026-01-16,2971.0,2974.800048828125,2903.0,2919.199951171875,280317
2026-01-19,2919.89990234375,2975.89990234375,2910.10009765625,2952.60009765625,219839
2026-01-20,2942.0,2950.0,2837.60009765625,2848.60009765625,203479
2026-01-21,2848.199951171875,2895.89990234375,2826.0,2884.5,291591
2026-01-22,2901.0,2934.39990234375,2872.699951171875,2928.199951171875,239704
2026-01-23,2928.0,2942.60009765625,2890.0,2900.39990234375,281797
2026-01-27,2918.0,2926.5,2852.0,2894.0,227790
2026-01-28,2891.0,2989.0,2887.0,2980.800048828125,249534
2026-01-29,2980.0,3118.89990234375,2960.800048828125,3096.300048828125,487145
2026-01-30,3092.60009765625,3115.0,3052.300048828125,3101.300048828125,242521
2026-02-02,2984.89990234375,3098.0,2972.60009765625,3089.89990234375,211371
2026-02-03,3160.0,3249.0,3159.89990234375,3211.699951171875,555228
2026-02-04,3246.0,3321.0,3190.0,3290.5,466540
2026-02-05,3305.0,3324.60009765625,3250.10009765625,3300.0,205714
2026-02-06,3288.0,3324.39990234375,3132.0,3176.199951171875,851068
2026-02-09,3115.10009765625,3138.800048828125,3036.699951171875,3109.0,643425
2026-02-10,3126.0,3140.199951171875,3094.0,3111.5,223168
2026-02-11,3119.89990234375,3158.0,3105.10009765625,3151.60009765625,191571
2026-02-12,3160.0,3165.800048828125,3114.699951171875,3148.5,410311
2026-02-13,3131.0,3184.5,3083.10009765625,3116.5,411114
2026-02-16,3116.5,3226.0,3083.10009765625,3215.60009765625,293293
2026-02-17,3212.0,3262.0,3162.60009765625,3186.39990234375,274307
2026-02-18,3198.89990234375,3214.699951171875,3170.5,3187.89990234375,159481
2026-02-19,3187.89990234375,3218.89990234375,3098.199951171875,3107.10009765625,176679
2026-02-20,3111.89990234375,3307.0,3105.0,3206.199951171875,1339800
2026-02-23,3210.10009765625,3317.0,3201.0,3302.199951171875,756804
2026-02-24,3305.0,3391.89990234375,3274.199951171875,3365.60009765625,532121
2026-02-25,3376.89990234375,3396.0,3304.0,3350.800048828125,386158
2026-02-26,3365.0,3373.800048828125,3328.39990234375,3336.89990234375,153440
2026-02-27,3336.0,3440.0,3271.800048828125,3418.60009765625,857596
2026-03-02,3396.199951171875,3396.300048828125,3295.199951171875,3341.60009765625,598519
2026-03-04,3285.0,3285.0,3141.699951171875,3161.0,424094
2026-03-05,3172.0,3236.0,3170.10009765625,3215.699951171875,277723
2026-03-06,3215.10009765625,3318.89990234375,3177.5,3268.89990234375,384941
2026-03-09,3180.0,3246.800048828125,3130.0,3228.89990234375,292747
2026-03-10,3265.0,3333.0,3246.39990234375,3274.89990234375,359689
2026-03-11,3296.0,3348.39990234375,3262.60009765625,3272.199951171875,293668
2026-03-12,3249.5,3349.60009765625,3219.60009765625,3324.699951171875,361947
2026-03-13,3324.0,3361.89990234375,3195.89990234375,3207.60009765625,312590
2026-03-16,3220.0,3233.10009765625,3101.0,3149.60009765625,681618
2026-03-17,3153.39990234375,3183.300048828125,3121.0,3173.5,269351
2026-03-18,3180.0,3231.60009765625,3144.0,3220.89990234375,203255
2026-03-19,3175.0,3175.0,3066.0,3079.0,410905
2026-03-20,3121.10009765625,3199.0,3089.89990234375,3129.60009765625,336513
2026-03-23,3110.0,3110.0,2937.0,2988.300048828125,524215
2026-03-24,3069.89990234375,3070.0,2980.0,3001.800048828125,563273
2026-03-25,3015.0,3127.0,3015.0,3101.300048828125,366090
2026-03-27,3096.0,3105.0,3010.0,3048.89990234375,499098
2026-03-30,2997.60009765625,3020.300048828125,2923.10009765625,2935.0,480280
2026-04-01,3010.0,3072.300048828125,2985.699951171875,3017.0,276980
2026-04-02,2970.0,3045.0,2906.0,3026.60009765625,265901
2026-04-06,3041.39990234375,3065.89990234375,2965.10009765625,3048.0,372908
2026-04-07,3053.39990234375,3084.0,2992.800048828125,3075.5,184684
2026-04-08,3180.0,3245.60009765625,3147.0,3226.10009765625,398432
2026-04-09,3230.89990234375,3255.0,3181.0,3222.5,279120
2026-04-10,3234.39990234375,3402.39990234375,3232.0,3388.5,625209
2026-04-13,3340.0,3375.5,3275.5,3343.5,329882
2026-04-15,3400.0,3590.0,3365.60009765625,3576.10009765625,2134727
2026-04-16,3600.0,3619.300048828125,3532.800048828125,3563.800048828125,1020682
2026-04-17,3589.0,3718.89990234375,3565.0,3707.89990234375,1034058
2026-04-20,3702.0,3778.5,3659.5,3709.0,659226
2026-04-21,3726.0,3787.0,3701.0,3721.699951171875,371076
2026-04-22,3709.0,3885.0,3706.60009765625,3844.300048828125,882278
2026-04-23,3849.0,3901.0,3811.5,3864.39990234375,663008
2026-04-24,3882.0,3893.60009765625,3767.89990234375,3808.89990234375,315661
2026-04-27,3830.5,3881.0,3797.0,3856.0,309453
2026-04-28,3856.0,3892.0,3805.5,3827.300048828125,267852
2026-04-29,3850.0,3870.0,3765.60009765625,3776.800048828125,204618
2026-04-30,3790.0,3847.60009765625,3734.5,3808.199951171875,474246
2026-05-01,3808.199951171875,3808.199951171875,3808.199951171875,3808.199951171875,0
2026-05-04,3850.0,3930.0,3820.0,3834.10009765625,813487
2026-05-05,3851.199951171875,3866.5,3809.5,3846.60009765625,253569
2026-05-06,3880.0,3885.0,3783.0,3841.800048828125,330665
2026-05-07,3860.0,3895.5,3792.89990234375,3871.5,315030
2026-05-08,3871.60009765625,3906.89990234375,3786.0,3822.60009765625,366353
2026-05-11,3720.0,3720.0,3552.89990234375,3605.60009765625,996964
2026-05-12,3605.0,3644.800048828125,3555.800048828125,3574.39990234375,385531
2026-05-13,3574.39990234375,3628.5,3518.199951171875,3532.199951171875,396807
2026-05-14,3574.0,3712.0,3469.0,3693.800048828125,788580
2026-05-15,3724.5,3724.5,3575.0,3587.89990234375,284206
2026-05-18,3572.0,3572.0,3454.5,3535.10009765625,305148
2026-05-19,3540.0,3593.89990234375,3518.800048828125,3550.89990234375,213583
2026-05-20,3524.0,3705.0,3493.10009765625,3696.39990234375,507079
2026-05-21,3739.0,3780.0,3710.800048828125,3720.60009765625,346583
2026-05-22,3720.60009765625,3834.0,3714.0,3811.699951171875,534453
2026-05-25,3836.39990234375,3878.5,3658.0,3667.5,471211
2026-05-26,3685.800048828125,3697.89990234375,3620.0,3677.199951171875,713402
2026-05-27,3569.699951171875,3909.89990234375,3543.300048828125,3878.699951171875,1738785
2026-05-28,3878.699951171875,3878.699951171875,3878.699951171875,3878.699951171875,0
2026-05-29,3859.699951171875,3937.300048828125,3744.60009765625,3844.0,2024437
2026-06-01,3850.0,3856.699951171875,3681.699951171875,3711.300048828125,526590
2026-06-02,3712.699951171875,3756.89990234375,3639.60009765625,3729.699951171875,628712
2026-06-03,3728.10009765625,3755.0,3665.0,3709.60009765625,464320
2026-06-04,3719.0,3765.0,3679.10009765625,3686.89990234375,341821
2026-06-05,3695.0,3724.89990234375,3647.10009765625,3700.800048828125,343897
2026-06-08,3620.0,3675.0,3568.10009765625,3624.0,449233
2026-06-09,3623.89990234375,3630.0,3573.10009765625,3619.800048828125,323100
2026-06-10,3634.0,3635.699951171875,3555.10009765625,3582.699951171875,600841
2026-06-11,3555.800048828125,3586.0,3501.0,3522.0,249193
2026-06-12,3590.0,3599.699951171875,3518.0,3569.60009765625,223315
2026-06-15,3630.0,3650.0,3582.699951171875,3601.800048828125,367596
2026-06-16,3611.0,3669.0,3604.39990234375,3636.89990234375,325257
2026-06-17,3661.0,3737.800048828125,3626.0,3725.39990234375,401570
2026-06-18,3735.0,3755.0,3686.39990234375,3746.199951171875,342772
2026-06-19,3744.5,3776.10009765625,3710.5,3759.60009765625,339876
2026-06-22,3779.0,3785.0,3726.0,3767.800048828125,285178
2026-06-23,3770.0,3807.699951171875,3654.0,3685.89990234375,303345
2026-06-24,3688.0,3710.39990234375,3550.10009765625,3561.5,326149
2026-06-25,3581.300048828125,3665.0,3571.60009765625,3627.89990234375,504071
2026-06-26,3627.89990234375,3627.89990234375,3627.89990234375,3627.89990234375,0
2026-06-29,3650.0,3668.39990234375,3561.10009765625,3573.10009765625,402739
2026-06-30,3600.39990234375,3616.300048828125,3576.699951171875,3599.89990234375,301665
2026-07-01,3606.10009765625,3630.0,3550.0,3560.699951171875,313455
2026-07-02,3578.5,3616.5,3519.0,3580.39990234375,241163
2026-07-03,3590.0,3599.199951171875,3497.5,3536.300048828125,433734
2026-07-06,3553.89990234375,3583.60009765625,3515.10009765625,3571.60009765625,427908
2026-07-07,3574.0,3584.89990234375,3450.0,3495.0,379280
2026-07-08,3479.10009765625,3502.0,3398.10009765625,3446.10009765625,358879
2026-07-09,3429.0,3484.60009765625,3426.0,3476.39990234375,283931
2026-07-10,3490.699951171875,3542.0,3486.0,3496.5,231262
2026-07-13,3479.300048828125,3498.0,3440.5,3477.800048828125,231661
2026-07-14,3450.0,3525.0,3437.0,3510.300048828125,224121
2026-07-15,3531.0,3608.0,3527.800048828125,3571.800048828125,315307
2026-07-16,3599.0,3855.0,3558.699951171875,3657.60009765625,1382371
2026-07-17,3657.60009765625,3690.199951171875,3614.800048828125,3658.800048828125,339615
2026-07-20,3651.0,3700.0,3617.0,3678.39990234375,157367
2026-07-21,3678.39990234375,3709.300048828125,3631.60009765625,3667.800048828125,244297
