date,open,high,low,close,volume
2021-08-06,107.36745177451435,121.62719468533737,107.36279428858057,119.17134857177734,10154470
2021-08-09,122.09319880338268,129.08326743716412,116.31474491038955,117.85255432128906,12800250
2021-08-10,122.09320007235452,125.35523213535636,114.64178427145785,117.14423370361328,6843590
2021-08-11,117.56363956899496,119.29717724468506,111.74323957249072,114.92139434814453,2107300
2021-08-12,115.29419428908525,120.83498132350776,114.92138920474763,119.77249145507812,3190620
2021-08-13,119.30184452341865,123.02521679920469,117.99236559892219,121.4081802368164,1878800
2021-08-16,121.91144772575926,121.91144772575926,117.85721653300295,119.53483581542969,738250
2021-08-17,117.95041528855123,122.23765584831516,117.89915450216715,118.6167984008789,1171670
2021-08-18,118.9057300438355,119.37639921929168,117.13956870805232,118.02031707763672,464800
2021-08-20,118.02032314968807,118.08556350965586,113.79832258586922,114.93071746826172,529460
2021-08-23,115.10313282615341,115.88601711808626,109.8838828812707,111.10481262207031,677650
2021-08-24,112.12070327672247,115.27554912099896,111.19335161521794,113.82161712646484,383130
2021-08-25,112.4935039707305,116.03514166087074,112.4935039707305,114.20840454101562,313500
2021-08-26,114.05928004168935,117.97372283502472,114.05928004168935,116.60366821289062,890390
2021-08-27,117.4331627160958,119.7631857858596,115.4293414539657,117.87120819091797,546480
2021-08-30,117.87120306844552,119.43697167704183,116.34736605605673,117.29801940917969,500530
2021-08-31,117.88984354623085,120.64858996775655,116.65493418133595,117.49374389648438,785200
2021-09-01,118.27196063570698,119.11077027921293,116.08174059092202,117.03238677978516,254460
2021-09-02,117.61955262733252,119.66996992599434,116.68754347145615,117.89450073242188,631730
2021-09-03,118.80320556653015,120.22917840525815,117.24675201776597,118.10885620117188,556060
2021-09-06,118.17877523868592,119.4835824945708,117.62422859960172,118.01567077636719,272890
2021-09-07,118.08557118244377,118.59817912311672,116.87396340279213,117.44248962402344,229960
2021-09-08,117.70810306740196,117.99236616473536,116.97647952517192,117.78732299804688,173790
2021-09-09,118.3651683113626,122.65241631668482,117.43781659821732,119.51153564453125,2159500
2021-09-13,119.93560325162488,120.10802268054796,118.55156900201898,118.77059173583984,270180
2021-09-14,119.36707022275401,120.22918153929815,117.60091599472617,118.93834686279297,361530
2021-09-15,119.01756467245538,120.41557838643409,118.67272584049985,119.43696594238281,273160
2021-09-16,120.03811271802599,121.62718997172581,118.55155703622067,119.68394470214844,589680
2021-09-17,119.69794240093204,122.09321302467879,119.11078623780813,121.3056640625,767250
2021-09-20,120.67653569842567,123.02520263988693,114.82351961962839,117.32130432128906,937460
2021-09-21,116.98578327915827,118.73796500052873,116.52444330901625,118.26729583740234,300250
2021-09-22,118.3651603731391,120.3223852489438,118.31855707203312,119.30183410644531,234020
2021-09-23,119.76318956633988,121.83691585242241,119.20398543407778,120.2618179321289,304100
2021-09-24,120.76974610219703,122.5638665414748,119.76783912067751,120.3456802368164,790570
2021-09-27,122.0000130021765,123.95723824189776,120.60199903704232,120.97946166992188,507280
2021-09-28,122.07921905782871,122.54055903616293,119.29717117676726,119.92161560058594,311300
2021-09-29,121.16119515678662,121.25440176467067,118.83117217300226,119.37640380859375,268070
2021-09-30,123.48654711652891,130.22031887771792,121.2963341585672,127.40564727783203,7424040
2021-10-01,127.66197970690294,137.00536726191152,125.91446226733774,133.89710998535156,10693180
2021-10-04,137.65776455589796,140.64019133709198,135.32774141100688,136.14324951171875,3410570
2021-10-05,136.72574607013087,138.1890073326046,133.74331949022496,135.8496551513672,1378220
2021-10-06,136.4461419533932,138.51055315113322,132.35462211139912,133.86448669433594,1723240
2021-10-07,134.5355366571193,137.0985620132926,134.48893335183155,136.20382690429688,1170780
2021-10-08,137.7416276015304,143.4175741983665,135.51879087295526,136.42750549316406,2813580
2021-10-11,138.9346145044627,140.73338538546835,135.26249608058117,135.89625549316406,1723990
2021-10-12,136.53933832931244,138.40335660001978,135.04811802421423,136.3575897216797,746870
2021-10-13,138.12374726478424,160.29625195676104,138.11909688973867,155.02574157714844,16357750
2021-10-14,158.4415662672636,161.6010769316222,153.8094793392729,155.52903747558594,2997670
2021-10-18,156.6707529575341,159.64851497067747,154.52712894301965,155.2773895263672,1859080
2021-10-19,156.5775289292125,157.5095380299816,148.39915475849554,150.55209350585938,1106490
2021-10-20,150.4915189591708,150.4915189591708,142.1546902656315,143.35232543945312,1326310
2021-10-21,144.20977427669206,145.85943448252468,141.66539323542332,144.2051239013672,686690
2021-10-22,145.30022079016297,150.5194777184689,142.7139010875576,147.20619201660156,1346140
2021-10-25,148.44110047955857,148.44110047955857,140.9291090476158,141.66539001464844,665540
2021-10-26,142.50420498758285,148.1894669555422,142.35974469523845,145.7010040283203,903120
2021-10-27,146.32543043725917,148.18944865938988,144.4614122151285,145.08119201660156,451260
2021-10-28,145.85012308014726,145.85012308014726,141.47899770910766,142.80711364746094,409670
2021-10-29,141.6653896692052,144.94606583299105,139.89457798687252,140.94773864746094,609980
2021-11-01,137.93735972610094,140.57961202959154,136.1665479586904,138.818115234375,1394180
2021-11-02,141.0129910104029,142.08479587303398,139.97846025738303,141.1201629638672,438480
2021-11-03,142.1314092508735,145.23500172992786,141.66540463037882,143.01681518554688,645690
2021-11-04,144.3682184528761,146.70757063131947,143.99542046383252,146.01321411132812,293380
2021-11-08,147.99838648584205,152.45805353761904,145.67767865764526,150.30511474609375,837680
2021-11-09,151.73109343212315,151.90817744716568,146.32543748337554,148.2593536376953,639640
2021-11-10,147.6302608242373,151.446839874632,147.4904651240272,148.54364013671875,588980
2021-11-11,149.58748783105727,150.1699936247919,146.51185439587178,147.29473876953125,321730
2021-11-12,147.6675337169182,148.00305758366935,145.0718847908942,145.95729064941406,221770
2021-11-15,147.96112183958977,147.96112183958977,142.8816604343443,144.50802612304688,324000
2021-11-16,143.53872168172913,146.3720374144964,143.53872168172913,144.31695556640625,256600
2021-11-17,144.27501242717605,145.0346021238426,143.52940229824378,144.3961639404297,195010
2021-11-18,144.92277314621705,146.78214126236836,140.93377471131137,142.58343505859375,435850
2021-11-22,142.45763023573792,142.45763023573792,137.47137468572234,138.47328186035156,380290
2021-11-23,138.4872536561592,139.80139013656276,136.26441667266766,139.54974365234375,291870
2021-11-24,141.09686440609036,141.72597342552064,138.0631700772511,138.44529724121094,214240
2021-11-25,139.13966511096228,139.54510111104042,137.45739511477714,138.47328186035156,255160
2021-11-26,137.5645699663864,137.85814093203572,133.60353068331813,134.9223175048828,320950
2021-11-29,132.81598230655717,134.0462271176154,127.79710340935607,131.8187255859375,414500
2021-11-30,130.77952858319625,134.58211333729906,130.66767781654795,130.9333038330078,273710
2021-12-01,132.8579055023441,134.84773989283684,130.76088494127308,132.0190887451172,162300
2021-12-02,132.68081608587428,134.39570941728522,131.45988643990967,134.23260498046875,188620
2021-12-03,134.90834031085905,136.91681912734865,134.26991624352314,134.824462890625,266640
2021-12-06,135.14132272726795,138.77615261553808,134.20931360501092,134.8197784423828,343050
2021-12-07,136.53002681817458,136.53002681817458,134.02757028040398,134.3910675048828,334930
2021-12-08,135.1506494326049,136.24109849375884,134.5821232498154,135.38365173339844,173810
2021-12-09,135.38364445405423,136.91213889622207,134.20931804087576,135.0248260498047,193660
2021-12-10,135.2345424054266,136.2178052982522,134.22797074949221,134.71726989746094,127510
2021-12-13,135.39297494621655,138.57111538043665,133.74331474749766,137.3455352783203,282930
2021-12-14,137.28493688740855,137.28493688740855,134.95491424580734,135.67721557617188,197520
2021-12-15,136.3529483546179,136.9028303676849,133.1375194694877,133.496337890625,205410
2021-12-16,133.65945026872734,134.64737780062845,131.9259124908131,132.21949768066406,179540
2021-12-17,132.21949116236792,132.21949116236792,128.39824772826705,129.7589874267578,236360
2021-12-20,128.15125365174913,128.88753459716284,122.74559792617289,126.76721954345703,465400
2021-12-21,127.40564888289774,129.33491466360067,125.02902268892947,125.54629516601562,213840
2021-12-22,126.56685475920835,128.43087319683636,125.08496351441379,126.23133087158203,268200
2021-12-23,126.75324622551906,128.3702826929111,126.40374278923547,127.39167022705078,175520
2021-12-24,128.03009777623944,128.03009777623944,124.8100043208261,125.99365997314453,114320
2021-12-27,125.27599810595642,126.287234246422,124.38594192179482,126.15675354003906,118180
2021-12-28,126.28724773979678,128.19786946130733,126.28724773979678,126.85577392578125,206700
2021-12-29,126.94431056245281,128.40290718726175,125.29465035145078,125.88182067871094,175270
2021-12-30,126.75324590431093,126.75324590431093,124.88922758218871,125.31329345703125,120230
2021-12-31,125.00106703806458,127.67594306302958,125.00106703806458,126.3431625366211,250270
2022-01-03,126.00764325590632,132.158909774773,126.00764325590632,131.6975555419922,531180
2022-01-04,133.7433058881556,135.50946711513194,129.77760261569853,131.59503173828125,517130
2022-01-05,130.57448159878143,135.32771951239485,129.78226816918067,132.3639373779297,378650
2022-01-06,132.36395115257812,132.36395115257812,129.73567837069098,131.2781524658203,250820
2022-01-07,130.59312410312356,132.6948093927069,130.48128755033514,131.5437774658203,194830
2022-01-10,133.2773279215105,137.26632652858754,132.56900598370547,136.4647979736328,712670
2022-01-11,136.99601743653662,137.8814232030674,134.5075549422253,134.9269561767578,339770
2022-01-12,137.37814317831834,137.37814317831834,134.67532232876482,135.14132690429688,291290
2022-01-13,137.00069168303057,138.31016350840824,135.34638099471323,136.9727325439453,391560
2022-01-14,137.75097239688614,144.0886382516927,136.35760887332728,142.62071228027344,1954040
2022-01-17,143.883579565137,145.76622784066973,141.92169003179532,143.3709716796875,503260
2022-01-18,144.44277388951613,144.44277388951613,138.86936316203273,139.27944946289062,436050
2022-01-19,139.28875067906637,142.4622403794125,137.01931090142247,138.49655151367188,282470
2022-01-20,138.77616155515256,142.41100589890092,137.3268941029234,138.41734313964844,307070
2022-01-21,139.111696967291,141.37648686319693,137.47136579008568,139.7314910888672,449730
2022-01-24,140.7333901416293,140.7333901416293,133.30527563022216,134.7825164794922,332650
2022-01-25,133.3705089620795,136.13857714885955,130.41137720171622,135.55140686035156,229400
2022-01-27,135.1413151283515,139.708153882088,133.309920719214,137.68104553222656,319960
2022-01-28,137.00536046906944,145.15112647650201,137.00536046906944,139.0464630126953,1125580
2022-01-31,141.6653991956751,141.6653991956751,137.68571590735,138.05386352539062,198180
2022-02-01,141.0735696554856,141.0735696554856,136.47875716567856,137.5272674560547,272610
2022-02-02,138.21696561946692,141.57685476496943,137.47135542374974,138.7016143798828,164590
2022-02-03,139.61497577512074,140.4025246573304,137.2010754506507,137.59716796875,142350
2022-02-04,138.28687102897973,139.52644502513385,137.15448321513938,137.82553100585938,108400
2022-02-07,137.51796315400586,137.9373644584306,136.44614401899582,137.2383575439453,92910
2022-02-08,137.92338265314905,139.58235789892763,134.72193331211753,136.01742553710938,196460
2022-02-09,136.6977990721451,138.8693823960391,136.07801915977748,136.93080139160156,91990
2022-02-10,137.47135178895277,137.47135178895277,135.98479603359624,136.1945037841797,136430
2022-02-11,136.07335146465002,136.5952743729368,133.75264329601836,134.30718994140625,128870
2022-02-14,132.34530111789763,132.9045123041114,129.55393822613135,130.33682250976562,191600
2022-02-15,134.1813644596551,134.1813644596551,129.55394223622906,132.5270538330078,158750
2022-02-16,133.19344954197177,134.94561731686622,132.34531768453547,133.85983276367188,143330
2022-02-17,133.83652411403324,134.66601171648009,132.00046488929164,132.55966186523438,110710
2022-02-18,132.55965165181917,132.55965165181917,130.57448191924448,131.21290588378906,121700
2022-02-21,130.48594233719788,131.13368128517604,128.07669248724233,128.49609375,202060
2022-02-22,125.83055113258419,126.75324531744182,124.33001582137005,125.54629516601562,205190
2022-02-23,126.17541540165368,128.5986308916948,125.82124733979678,126.3851089477539,225470
2022-02-24,124.8892379710571,124.8892379710571,118.75661547457516,119.48358154296875,424540
2022-02-25,122.09319859961184,125.26202401977164,122.09319859961184,123.1510238647461,215520
2022-02-28,121.34760848848867,125.82125599018411,120.31307759260494,124.0411148071289,204800
2022-03-02,125.82123736763195,125.91909434805625,123.01589489859586,124.28807830810547,155740
2022-03-03,125.82124880968576,125.82124880968576,124.33002832044534,124.926513671875,84680
2022-03-04,124.9264932920446,124.9264932920446,121.73437350709149,122.27494049072266,211060
2022-03-07,121.16119172589252,122.5592054765759,119.01756779724508,120.02413940429688,213780
2022-03-08,120.6252903322369,121.48273706677378,117.67081584304798,119.75851440429688,160810
2022-03-09,120.35965234373737,123.86400137421607,119.75850250355975,123.29082489013672,153680
2022-03-10,124.56769381473975,127.59205924723379,124.56769381473975,125.2667007446289,149110
2022-03-11,123.2908364321567,126.59947182899946,123.2908364321567,124.8472900390625,166460
2022-03-14,125.47173142453819,126.92099882199594,123.0205428169135,124.8519515991211,177980
2022-03-15,124.88922944300727,128.15126155532462,124.88922944300727,125.7746353149414,192230
2022-03-16,126.01696218349495,128.15125685851666,125.9144406091549,127.6386489868164,147690
2022-03-17,128.6172605474479,129.70304493164045,127.7551492538601,128.78036499023438,220470
2022-03-21,129.54927108032678,130.01527565255816,126.12413463015986,126.28723907470703,260580
2022-03-22,126.38044201552651,127.21924453270444,124.60961615956234,125.97500610351562,142120
2022-03-23,126.60879915215818,128.1233142007318,126.31521395963684,126.84646606445312,128330
2022-03-24,126.31520912212986,127.6340101394048,124.99175772923596,125.28999328613281,192870
2022-03-25,125.45310914586149,130.48130335349265,124.42324284065192,124.81002044677734,215390
2022-03-28,125.43447144215087,128.05806554070236,121.16120276419652,123.60772705078125,417170
2022-03-29,124.2275067340434,125.453101173788,123.6916042593057,124.926513671875,245160
2022-03-30,125.3552516116766,128.55670130121572,125.075645975711,127.75517272949219,389690
2022-03-31,128.43088387880022,128.9900809237994,125.35525035663835,126.42705535888672,222220
2022-04-01,126.47364615815867,133.18410958373357,125.82124255952381,132.1123046875,1283530
2022-04-04,132.1123131317622,138.11911966265242,132.1123131317622,136.9121551513672,832380
2022-04-05,137.97929871008225,141.01299317178797,136.25974061828268,137.86746215820312,587470
2022-04-06,139.79671753457924,140.52834818085364,137.93736370305683,138.50588989257812,457240
2022-04-07,139.8013884998932,139.8013884998932,136.40887537448242,136.89352416992188,248710
2022-04-08,137.93269924496516,142.35974301691698,136.81895562795626,139.42391967773438,514370
2022-04-11,140.1229271878805,141.84714993180475,138.49657565132406,139.19091796875,825210
2022-04-12,139.19090973202947,139.75477129426352,136.7257415113344,137.22903442382812,321830
2022-04-13,137.22902806389507,140.53299869051418,136.3389576469868,138.95790100097656,297940
2022-04-18,138.95792371332473,138.95792371332473,135.25784576133722,136.2457733154297,175130
2022-04-19,136.24576101856007,139.75477504629202,134.32582436463304,136.19915771484375,257490
2022-04-20,136.63255117646375,137.26164599451698,135.25316735373445,136.69778442382812,166680
2022-04-21,137.47135290792417,140.9011398355913,137.0193278905262,138.1656951904297,263950
2022-04-22,137.9373470032227,141.56286183871097,136.69777319183683,138.2542266845703,819010
2022-04-25,137.93735498051896,139.8013732910665,136.37158642589793,138.17967224121094,313930
2022-04-26,141.47898784617922,143.33367690100857,139.89922555499822,140.79396057128906,1360980
2022-04-27,141.55356487694712,143.06341526244105,140.2673876025888,140.94309997558594,580900
2022-04-28,142.13140095165264,143.34301573845764,139.90389956460785,140.42115783691406,263060
2022-04-29,140.42116587986064,141.38114848063617,138.40337213275254,139.2281951904297,320790
2022-05-02,139.92717898620108,140.62618580059754,138.12374368047108,139.93650817871094,168120
2022-05-04,140.08097986631188,141.26928585910414,135.6725805128603,136.79563903808594,255200
2022-05-05,137.84882875074706,143.39894561220873,137.75562213601916,138.7808380126953,825860
2022-05-06,138.8693564235609,139.26079854047705,136.07332911301938,137.1031951904297,187830
2022-05-09,139.33535564932467,139.33535564932467,134.58210371456164,135.72848510742188,187980
2022-05-10,135.60734735229508,137.29894643488643,130.48129642145233,133.15615844726562,211000
2022-05-11,131.69290188293576,133.94369782780308,128.99006668904588,129.90809631347656,235630
2022-05-12,129.54927530775976,129.54927530775976,126.56218419572251,127.68525695800781,169780
2022-05-13,131.4132933260494,134.88036858554958,130.4859487502129,131.07310485839844,183990
2022-05-16,132.7786877170865,135.6073390618397,131.87930224914308,135.38365173339844,233770
2022-05-17,137.00535008143825,138.5478241436282,135.831023628991,138.01658630371094,285710
2022-05-18,139.8013655889761,139.8013655889761,137.00533827719659,137.65309143066406,169180
2022-05-19,133.27729784998292,135.4209215687591,133.27263325377797,134.51220703125,176660
2022-05-20,137.00535124229458,137.56456244610192,135.42093845994933,137.0006866455078,168400
2022-05-23,137.00535228998973,139.42858189657667,137.00535228998973,138.4033660888672,174280
2022-05-24,138.4033634205018,139.05111662773248,137.08457668637243,138.33346557617188,131230
2022-05-25,139.51245152005805,139.5637051969153,135.1413263442684,135.65858459472656,178590
2022-05-26,135.65858390146107,138.86469762686397,135.34636880268934,138.5105438232422,246090
2022-05-27,139.23750916522968,141.29259102125278,138.9625681760562,139.778076171875,240710
2022-05-30,142.13138915907996,146.51182912824126,139.89457298543644,145.19769287109375,1418660
2022-05-31,146.213614905266,148.0916129650728,140.8359175796856,142.4995574951172,808920
2022-06-01,144.27503214874793,145.1091843944646,142.58343311501673,143.1985626220703,434370
2022-06-02,143.54169670241026,145.11727694828312,142.198108346818,144.22799682617188,511600
2022-06-03,144.0443485077303,145.64408823468023,141.60848511183576,142.28994750976562,218550
2022-06-06,141.7051359490485,141.9757857678337,138.23016926755312,140.90284729003906,221410
2022-06-07,141.125177852399,141.125177852399,138.23018320458974,138.53466796875,155010
2022-06-08,138.2301810525652,139.2257889885448,137.37472106194542,138.462158203125,146250
2022-06-09,137.7420487198538,138.99864579838842,137.7420487198538,138.4041748046875,85310
2022-06-10,138.22534867316602,139.10013029426463,136.87692243567324,137.04124450683594,102650
2022-06-13,137.04123737828982,137.25873070342416,133.88043074849585,134.78904724121094,149440
2022-06-14,136.19063416565785,136.95425021564202,133.9915857239529,135.01136779785156,154290
2022-06-15,135.6879770492137,136.4999264975993,134.03506626207061,134.76486206054688,93680
2022-06-16,135.32550721820127,135.71214562481507,129.00387929927587,129.88348388671875,196000
2022-06-17,130.53596729323843,130.53596729323843,123.24288981859657,126.43270874023438,208460
2022-06-20,127.10930965916666,127.10930965916666,117.53503165908062,118.94145202636719,349160
2022-06-21,121.50296858033464,126.22487154356031,119.76307365147315,124.85710906982422,182770
2022-06-22,125.65456634671264,125.65456634671264,121.3676498044915,122.98189544677734,104910
2022-06-23,123.04955674959457,125.13743959977798,121.01966818703124,123.15104675292969,130350
2022-06-24,123.69719081670091,126.14271507069361,123.29604643170902,125.57241821289062,264220
2022-06-27,128.075938661377,131.36240967824634,126.73235015897727,130.06231689453125,217930
2022-06-28,130.6857656060793,130.6857656060793,128.69938766812587,129.6756591796875,105170
2022-06-29,128.07591947299713,129.09086367151286,125.66423046383164,128.77671813964844,86340
2022-06-30,130.27981059174817,130.59879394561463,128.87822779395532,129.73367309570312,117740
2022-07-01,129.86415657283914,129.86415657283914,128.65589316873496,129.42434692382812,85920
2022-07-04,129.42436564394407,132.8558371577944,129.00389227838744,129.405029296875,214560
2022-07-05,130.86459679995113,131.36240076799103,128.66556314729073,129.04737854003906,117610
2022-07-06,129.6950032174211,131.36239794869255,128.48190197939496,130.3716278076172,83100
2022-07-07,132.90898099979609,133.8755917707037,131.0820872327531,133.2376251220703,99230
2022-07-08,133.39228519435466,135.22883974295883,133.24729947973685,134.22840881347656,105590
2022-07-11,133.6822730148288,134.842202993947,133.67743524117887,134.3009033203125,73690
2022-07-12,134.3589059153439,135.2288497661506,132.42568424749726,132.701171875,97570
2022-07-13,133.2328114900096,133.2328114900096,130.93711074726835,131.5509033203125,65530
2022-07-14,130.97577123675242,132.32902053799808,130.97093346268366,131.45423889160156,72270
2022-07-15,131.45422801364302,132.11153101222075,129.77715772410454,131.7587127685547,103020
2022-07-18,132.42567654556774,138.70864660064942,132.42567654556774,137.81936645507812,295260
2022-07-19,138.70863787121095,138.70863787121095,136.29694885239283,136.79957580566406,119170
2022-07-20,138.16734824712856,140.10056982103703,136.8817541305622,138.2205047607422,173100
2022-07-21,138.91164855040662,139.2644520629886,137.94503772262354,138.76181030273438,110240
2022-07-22,139.19195152040652,142.47842225380325,128.84921918368272,138.80531311035156,132030
2022-07-25,139.96523473050638,140.1198959850153,138.70863784891225,139.25961303710938,96500
2022-07-26,140.06188655896455,140.0715621056623,135.96346657115973,136.72225952148438,164960
2022-07-27,141.12517708568134,148.7613965214153,139.70425802686012,140.74819946289062,6416370
2022-07-28,141.6906452302531,142.91823028016037,140.93185224121632,142.4977569580078,354720
2022-07-29,143.05840390540504,143.5417093240044,141.8984738506288,142.4397735595703,206130
2022-08-01,142.57509091135398,144.4986516849266,141.98061996831095,143.38221740722656,243210
2022-08-02,143.63835956426271,144.31498412156898,140.64186041850897,142.0386199951172,218630
2022-08-03,143.53688568749834,143.53688568749834,140.15858519852756,141.7921600341797,165680
2022-08-04,142.50260067862132,143.4450373625982,140.6563705038068,141.97579956054688,196930
2022-08-05,141.61331910625597,143.5417029206634,141.13483673365616,142.3914337158203,257380
2022-08-08,143.54169606951191,143.54169606951191,141.14450554442033,141.77279663085938,196910
2022-08-10,142.48325780891219,142.99072255787152,141.32816562107428,142.33827209472656,169930
2022-08-11,143.05355696224686,144.89494930913918,142.21744808122037,143.71568298339844,193860
2022-08-12,143.6383671337331,145.95822709512368,143.0583947687305,144.4551544189453,436180
2022-08-16,146.8281606189794,146.8281606189794,144.45514431065948,145.81805419921875,217860
2022-08-17,146.4415200679005,146.5478478341598,144.0249933341068,144.92877197265625,283230
2022-08-18,144.9916108656033,149.5830118763474,144.93361658114654,148.65989685058594,625750
2022-08-19,149.82464971635602,150.09529951654417,145.9582071430307,146.2820281982422,442250
2022-08-22,147.38880377839405,147.79961629909138,144.0250024811248,144.30531311035156,353190
2022-08-23,143.54170506341617,145.5764166855183,143.54170506341617,144.67263793945312,228720
2022-08-24,145.45558788143552,151.7578943764291,143.8316888301974,148.6164093017578,623510
2022-08-25,150.79130131373532,150.79130131373532,147.4371602904656,147.949462890625,406860
2022-08-26,147.94945113053723,150.79128932775777,147.94461335661268,149.8150177001953,836100
2022-08-29,147.4081494731288,151.51624544205202,146.03556388401756,149.82467651367188,432880
2022-08-30,150.21130901644744,156.30095986831637,150.21130901644744,154.85104370117188,1327450
2022-09-01,154.65770680194598,160.16738465690366,154.65286902882977,157.97801208496094,1011570
2022-09-02,160.45738249380858,162.38576619616902,158.64982513368744,159.8822479248047,743350
2022-09-05,161.42400299340017,164.05802331322616,160.28340933335525,163.27023315429688,653030
2022-09-06,164.31417235845743,178.66833364048668,161.90730619835415,173.76278686523438,5355630
2022-09-07,173.89327881986634,175.91832964676806,171.98905434421505,172.18238830566406,1886770
2022-09-08,173.98026929853222,175.4398461801419,172.2500278451866,172.75750732421875,773900
2022-09-09,173.88843262314342,180.24389490213017,173.50661727426555,176.7302703857422,3069660
2022-09-12,178.82299150291814,190.71230686081194,178.82299150291814,189.421875,6940350
2022-09-13,191.00230257284798,217.97073835925815,190.61564939801244,211.15130615234375,15404650
2022-09-14,210.6244933072122,253.37770080566406,204.82482834511205,253.37770080566406,50105400
2022-09-15,260.98489803434734,278.71253534617955,256.1615199139372,260.1439514160156,21652510
2022-09-16,260.9849057590116,274.5174564279974,240.29944135042862,267.4708557128906,10883450
2022-09-19,271.69494645314956,276.8904794222328,258.0850795805067,260.5596008300781,4677280
2022-09-20,264.3245477047753,264.3245477047753,251.31881215514005,253.31002807617188,2053600
2022-09-21,253.2423330754406,253.2423330754406,237.30293174331885,239.19265747070312,2924220
2022-09-22,239.19266690943533,253.25201861572313,238.26471409198683,243.97254943847656,2911420
2022-09-23,246.81922471421504,247.2300372354493,233.91980299317945,234.9685821533203,1198820
2022-09-26,227.65132258048956,230.8169667811131,219.90393826839093,221.01071166992188,1727030
2022-09-27,222.3253153414583,234.69309839971606,222.3253153414583,231.50811767578125,1993530
2022-09-28,222.80377270994035,229.8600339712233,221.1605374228959,222.79893493652344,1051530
2022-09-29,231.30995722870983,231.30995722870983,214.64558245900292,216.37582397460938,1383890
2022-09-30,215.55420223014087,225.02699074886107,208.40611143893548,222.5814666748047,2038670
2022-10-03,223.50941162480808,227.15353847828794,217.50676680378285,224.3455352783203,891660
2022-10-04,230.67199692762955,230.67199692762955,224.78534079229553,226.82489013671875,577470
2022-10-06,229.0867545218525,242.4839805028497,225.70361679684623,238.95101928710938,1769910
2022-10-07,238.95101986123925,242.42598679850408,235.85786831223498,239.11050415039062,823490
2022-10-10,235.27306885539122,238.6562067421739,232.95320877560738,234.0599822998047,405010
2022-10-11,235.2827304514669,236.7229710554497,224.74666423637922,226.02743530273438,389030
2022-10-12,226.86355670411706,227.04721511996866,219.0533395017151,224.6500244140625,433290
2022-10-13,226.09024972703818,226.14825876176656,220.39691296924818,221.04454040527344,369520
2022-10-14,226.0902415844125,236.81962647974927,225.5634405117522,231.32928466796875,1658210
2022-10-17,231.9865927213082,233.6685008282894,227.01337601003826,230.72999572753906,442160
2022-10-18,233.43649976737353,233.4558361124819,227.14386899643932,229.13990783691406,363210
2022-10-19,229.95671462578846,236.8196575399355,227.89784355099317,229.60873413085938,513670
2022-10-20,229.86004588231026,229.86004588231026,224.25370042190073,226.0950927734375,247460
2022-10-21,224.73701105420832,228.443969962799,222.33014485187604,223.28225708007812,313330
2022-10-24,224.9158300126957,231.98659032348658,224.9158300126957,230.66233825683594,264470
2022-10-25,228.7339371059183,234.3064476745925,226.1869230049095,232.06875610351562,577440
2022-10-27,232.46990482847914,235.66454654489365,228.12015608948474,229.05776977539062,400000
2022-10-28,230.05336909363288,232.94836370341426,220.967233524953,222.63462829589844,528700
2022-10-31,228.02349763044145,229.61841441061227,222.90529485948457,226.8007354736328,400590
2022-11-01,228.70011893801606,234.01647828590535,227.54501196366942,229.7633819580078,373100
2022-11-02,230.0533668730274,230.0533668730274,220.09727283580327,227.55950927734375,305640
2022-11-03,226.67021203604955,230.53665488527855,225.3121251652026,229.37188720703125,343390
2022-11-04,230.05337723178283,231.4984557009173,226.94088918340796,229.79722595214844,234330
2022-11-07,226.2062640934683,231.986592561656,225.7036223464445,231.38729858398438,362560
2022-11-09,232.1799044851901,244.8425114981496,232.01074465022765,237.07579040527344,1036690
2022-11-10,237.3996153335476,239.1926742147332,230.05336744808633,232.7163848876953,338630
2022-11-11,238.94136544889145,238.94136544889145,231.99143138862473,233.50900268554688,276150
2022-11-14,235.83368310261724,235.83368310261724,232.2813857000168,233.76513671875,221830
2022-11-15,235.36972084668895,235.36972084668895,230.0533616489198,230.37234497070312,170590
2022-11-16,230.54151820050373,231.28097488737143,227.15354255873135,228.82577514648438,193200
2022-11-17,228.79676141076246,229.8600391347224,227.25985385920092,228.42462158203125,143420
2022-11-18,229.57006307326645,231.65310814983906,227.15353609354787,229.18824768066406,173160
2022-11-21,230.05820394517156,230.05820394517156,224.25370147808252,225.76161193847656,239890
2022-11-22,227.15353349594588,228.11530650309632,225.5102981183904,226.0902557373047,150310
2022-11-23,227.83015272573104,231.88991495973627,225.70844978142244,230.6236572265625,271420
2022-11-24,234.68825279536708,234.876748969293,231.99141532107242,233.43165588378906,244430
2022-11-25,233.44615719963116,233.72648257707698,230.07751814191334,230.55116271972656,172150
2022-11-28,230.0533530086158,230.63332534449566,227.78664967402736,228.28929138183594,169370
2022-11-29,228.28930000066663,230.04370089616415,226.38507561678372,227.25985717773438,127150
2022-11-30,229.95672212597978,229.95672212597978,225.84862589180895,226.78623962402344,275680
2022-12-01,227.92199004785527,229.0867578227362,221.84201465272048,226.32225036621094,245370
2022-12-02,227.14386693618388,228.31345769171148,224.25369546505092,225.1381378173828,177800
2022-12-05,227.13905114962432,227.13905114962432,224.1570501880398,224.7756805419922,154580
2022-12-06,223.39341420610577,225.8292774606265,222.32047566834268,222.83761596679688,190440
2022-12-07,222.83763502451123,223.6930803138611,220.38727298894426,220.8512420654297,173900
2022-12-08,220.38724424424825,222.0788130048949,217.48741208313973,217.6468963623047,241580
2022-12-09,218.45403849508756,218.45403849508756,211.91491709205434,213.3068389892578,264080
2022-12-12,215.5493803095394,215.55421808353603,210.7211638664164,214.22512817382812,193200
2022-12-13,215.29804241564653,219.61395580288544,214.6939107069297,218.86000061035156,292820
2022-12-14,218.94219115134564,224.93033758401324,217.04278965760187,218.1688995361328,195370
2022-12-15,219.26117175832707,219.29016890297083,212.39339126541933,214.0897979736328,209940
2022-12-16,215.55420940101857,215.55420940101857,205.11480976267666,206.65655517578125,447400
2022-12-19,208.40127493798394,211.20444009675273,202.93509255386854,207.25582885742188,346230
2022-12-20,206.01859307915234,209.2664060443176,205.60295750366288,207.69566345214844,166670
2022-12-21,208.73477804831998,209.56122615949198,200.0884372896374,201.2483673095703,179860
2022-12-22,201.54800240726033,202.9544228200639,193.32215022494054,194.59808349609375,362940
2022-12-23,194.76722461725066,195.00887730011752,185.97589883460964,186.67185974121094,380980
2022-12-26,186.69603590261605,196.99043440570065,185.69075247127313,194.44342041015625,462730
2022-12-27,195.41970590874558,207.08186770447176,195.41970590874558,205.9944305419922,931980
2022-12-28,206.8547228560765,208.304639137778,202.12315859365026,204.47203063964844,355170
2022-12-29,204.34150653689397,204.34150653689397,200.2865821125349,202.46145629882812,161480
2022-12-30,205.36130813277617,207.72466397096997,203.41358787682282,203.99354553222656,178750
2023-01-02,207.05285671899807,207.05285671899807,204.051534480994,204.67498779296875,241130
2023-01-03,205.78660361412366,206.34240185594533,202.06998403065978,203.50540161132812,178600
2023-01-04,206.2699083999074,207.33800916580327,200.5717338084111,203.09942626953125,212830
2023-01-05,201.65432799322195,204.78131432917533,200.57172868348047,202.060302734375,183980
2023-01-06,202.0603118200266,202.98826466246572,200.14158882360184,202.34063720703125,173500
2023-01-09,204.92147452654623,207.33800134879323,203.7615446017295,205.5159454345703,210000
2023-01-10,207.33800188982656,212.17105554693208,206.47288115539808,210.75497436523438,786900
2023-01-11,212.65437764536918,225.703623546335,212.27256224660806,221.14605712890625,4229660
2023-01-12,223.67372102430974,227.63683098794252,217.6034067112427,219.8266143798828,1487290
2023-01-13,220.84157309933863,224.44220426890016,217.68075161856038,220.8947296142578,442380
2023-01-16,223.287085388986,223.67372379296597,219.5173093275971,221.61485290527344,417660
2023-01-17,221.61487186026636,227.54018629179706,221.61487186026636,223.72207641601562,531830
2023-01-18,214.99841342429545,216.42415552648967,209.28090219533783,214.66976928710938,1223940
2023-01-19,215.2642086905928,218.45402708012014,215.17721726389073,217.0524444580078,362860
2023-01-20,217.39558475794323,220.80288167688101,217.29891778534972,218.29454040527344,300220
2023-01-23,220.7690669873413,220.7690669873413,215.55419784684523,216.21632385253906,219150
2023-01-24,216.52081684991492,218.45403842893202,214.35078034724748,214.8630828857422,146680
2023-01-25,215.88284027537912,215.88284027537912,210.29099357502272,211.22860717773438,124960
2023-01-27,212.65436378551922,218.45402825239702,199.12181336280435,204.35118103027344,398330
2023-01-30,205.3032921283037,207.24133663130462,201.13720220130546,204.43817138671875,243920
2023-01-31,202.89159668445382,207.52650835079814,202.84810096930056,205.62228393554688,174190
2023-02-01,208.6912464666303,211.48958860292404,199.605111688986,202.25845336914062,315430
2023-02-02,203.27341431983075,214.32660634395535,202.50496051167264,211.2576141357422,808840
2023-02-03,213.03619018930928,213.03619018930928,205.8880992339845,209.77870178222656,302370
2023-02-06,210.43115330918013,214.9742207976164,209.00541132972532,212.31121826171875,333630
2023-02-07,213.56299543559038,216.36133786970686,212.65437891126166,214.50543212890625,300780
2023-02-08,215.96018106570816,217.4874278847718,214.39909932913915,215.35121154785156,271260
2023-02-09,216.51598412327667,218.1640573277233,214.58760027303484,216.96546936035156,250460
2023-02-10,217.48742684655465,219.8459595242469,215.73786368381198,218.38636779785156,298400
2023-02-13,219.47863956636925,219.90395066600848,215.56386298926625,218.32354736328125,175150
2023-02-14,217.97072002946413,219.13064995780786,214.22994121703013,216.73345947265625,146700
2023-02-15,216.7334654940467,218.88900335612496,215.62186902127385,216.86395263671875,161620
2023-02-16,216.8639534444396,218.67152559945814,213.11351371627336,214.23960876464844,322720
2023-02-17,214.30727272710226,216.13416642781905,213.62097261497794,213.94479370117188,176050
2023-02-20,213.9641222836164,215.86352365099376,202.89159417336012,203.6697235107422,947320
2023-02-21,204.4043384520335,206.32789915186754,198.1552035009713,199.75978088378906,674120
2023-02-22,199.79363569577876,201.35470277096374,193.32216900854831,193.9214630126953,734280
2023-02-23,194.67541048709361,199.315145307148,189.9390234359965,197.7299041748047,709890
2023-02-24,198.54184824866596,198.9285014101281,193.22548896036926,193.74746704101562,336200
2023-02-27,194.28877043303882,194.86390503789735,190.51899421988307,192.007568359375,336570
2023-02-28,192.0075592833008,198.82700581171113,190.9394585316135,196.88894653320312,437230
2023-03-01,198.85600585265252,199.2668036289976,195.49218976548053,196.46363830566406,261500
2023-03-02,197.18860208466083,197.21276145480005,194.28876970106288,194.71408081054688,176900
2023-03-03,195.06204407780686,197.47373307762277,194.77205791516818,196.27996826171875,246490
2023-03-06,197.18373974810115,198.62883273544588,195.26985474314242,195.98997497558594,241890
2023-03-08,195.98999115440722,195.99482892795587,193.05150095219653,194.51107788085938,210890
2023-03-09,194.43377156524824,198.05856234572872,194.43377156524824,195.69036865234375,427520
2023-03-10,194.20177619107693,195.83051300254436,192.84851224362748,193.57830810546875,234120
2023-03-13,194.54493162224793,194.76724798735458,189.93903152411647,190.89114379882812,300170
2023-03-14,191.84808021637434,192.93551734249215,188.0299558407794,189.40737915039062,327440
2023-03-15,190.61564800854694,191.86740723249957,189.55238497144833,190.68814086914062,119630
2023-03-16,189.55237511919168,191.37926885774962,185.78258432184495,186.647705078125,275020
2023-03-17,188.21360929618305,189.45570765405543,187.16966791266194,188.69691467285156,188930
2023-03-20,181.2395102479714,189.45086360582724,181.2395102479714,186.92800903320312,199000
2023-03-21,189.08838814533624,189.59102985969383,187.03917809733053,187.6481475830078,161940
2023-03-22,188.5906126633659,189.2624143083785,187.08753981626074,188.3151397705078,168220
2023-03-23,189.25754734582557,190.5189820263505,186.74919130515735,186.9956817626953,175620
2023-03-24,187.93330837939195,188.02996061013468,184.6226634282639,185.12530517578125,214590
2023-03-27,185.1204609964457,185.12529877007407,180.27290857565714,180.8190460205078,284240
2023-03-28,181.727664857989,181.727664857989,173.10549844922568,173.92710876464844,583950
2023-03-29,173.92711563075667,174.20260325444002,168.866907395351,169.38888549804688,776870
2023-03-31,170.23949425110285,173.75313404927604,167.22367318852278,168.64459228515625,629780
2023-04-03,171.85857736838918,173.7917991028396,169.65954354517635,171.3897705078125,608170
2023-04-05,172.4433563893287,189.9390173195003,171.47674561416585,187.60948181152344,3219450
2023-04-06,187.61915502338914,196.2219849155283,182.97942041049993,191.3067626953125,3436010
2023-04-10,192.78086028304915,193.03217378125984,186.34806658995632,188.9772491455078,855070
2023-04-11,190.6736511756046,191.47593995192386,188.48911596190072,189.74087524414062,598470
2023-04-12,191.19077697187086,193.70879391753292,189.99217429798057,192.93067932128906,521050
2023-04-13,193.4139988434578,200.90039514271376,192.35072101075224,199.6486358642578,1307110
2023-04-17,197.76856122614194,205.48211072050356,197.76856122614194,201.5818328857422,1059560
2023-04-18,205.11480349016165,205.11480349016165,200.28174961551454,201.2870330810547,571300
2023-04-19,202.49530820433648,202.9882744181716,199.00584251603263,200.0787811279297,309710
2023-04-20,202.01200204849377,202.01682507309758,199.2184973483807,199.59063720703125,171360
2023-04-21,199.50845174739254,216.83495229088118,199.07831763576908,208.5269317626953,7936390
2023-04-24,209.77870682924387,212.17591227684488,207.9179928044635,209.4259033203125,753460
2023-04-25,209.43556216179223,210.05419248941936,205.89776306193534,206.98037719726562,284620
2023-04-26,204.08537835091656,207.28003490870344,204.08537835091656,204.5493621826172,318680
2023-04-27,205.88808467529213,210.37799562818196,205.49177073772617,207.72947692871094,444990
2023-04-28,207.33802705624032,209.8415456146605,207.048040851754,208.89910888671875,315860
2023-05-02,211.67812024753283,212.17108648268356,208.01465678167986,208.9522705078125,340820
2023-05-03,207.33802289462255,211.49445241067062,206.56956905521014,208.4302978515625,361840
2023-05-04,208.85560114272485,211.6249316253705,208.85560114272485,210.84681701660156,274510
2023-05-05,211.19961670362267,212.65437064073964,209.75453831382046,210.70181274414062,282350
2023-05-08,207.82132378585158,209.95754016190506,205.40479676508588,208.53662109375,428490
2023-05-09,208.58978202341126,212.1082448501432,208.58978202341126,209.74005126953125,334720
2023-05-10,210.55198519152722,213.62097729483304,210.14117266994447,211.8714141845703,439040
2023-05-11,213.6258149466897,216.5208094424469,207.9517997768593,209.16973876953125,295280
2023-05-12,212.30638427911043,212.30638427911043,207.33800562018877,209.0972442626953,316930
2023-05-15,209.56120746124995,210.52781818316595,206.40038627077809,207.6521453857422,280510
2023-05-16,209.27123102399835,209.7545364074256,207.33800949028935,207.84547424316406,168810
2023-05-17,209.26640197797548,209.44039959290706,206.41974082050825,207.06253051757812,137690
2023-05-18,208.58975987108116,208.58975987108116,205.02296393184423,206.4197235107422,174680
2023-05-19,207.8213231752073,217.28927424483032,206.47289697177524,213.041015625,2635830
2023-05-22,214.58274782204373,216.4096415418713,210.67280912469056,211.31077575683594,474400
2023-05-23,213.42283578775084,215.9408528623992,211.31079349054457,214.16229248046875,570910
2023-05-24,214.4619276612057,219.2031523267052,212.19040119238304,214.1429443359375,516850
2023-05-25,215.05156596289729,216.51598073021742,212.94436150533997,214.6890869140625,215170
2023-05-26,215.06606733619182,218.05772897148728,214.21062207955094,216.31300354003906,564900
2023-05-29,218.4491903650677,219.13065270948786,215.6508628807601,216.71896362304688,297900
2023-05-30,217.97072840425514,217.97072840425514,215.49620719556427,216.52565002441406,216480
2023-05-31,216.520810739111,217.68074070392285,212.83318832132096,213.9931182861328,441470
2023-06-01,215.84418144233243,218.74401366569745,213.95445567352243,215.82000732421875,450300
2023-06-02,217.46807558866445,217.487411932865,216.05199442413573,216.74795532226562,179150
2023-06-05,217.487428379891,227.15353630788618,217.487428379891,224.76600646972656,2542490
2023-06-06,225.51030240383852,226.56874240891023,221.80334349919985,222.79412841796875,548140
2023-06-07,226.9505370873371,226.9505370873371,223.78005492926636,226.01776123046875,510330
2023-06-08,226.86353351032565,230.0533518428829,224.2633483081784,225.2637939453125,713260
2023-06-09,226.96021918690627,227.05687141748916,224.3455351984149,226.1482696533203,329210
2023-06-12,227.80617709084825,234.17634393184306,226.97722042154956,232.7256622314453,750260
2023-06-13,233.3917970630932,234.36879140200185,230.78155477814937,232.19769287109375,657730
2023-06-14,232.39998773996666,241.76033114965298,231.55128974023802,235.48391723632812,1759030
2023-06-15,238.22737906706206,241.1879513755587,236.35729506746796,237.3342742919922,828380
2023-06-16,238.58759238903505,241.42974668264088,237.92146059418997,239.30307006835938,486340
2023-06-19,240.79322375821016,243.50214270685004,236.96421193882486,238.0843048095703,495870
2023-06-20,238.0843039367893,240.79322287549866,233.05132481240307,238.95272827148438,612940
2023-06-21,240.20109771066407,246.1222424206221,239.48563509316062,241.58763122558594,861090
2023-06-22,243.11234887751803,243.9511687097328,234.33918638679344,235.64183044433594,607820
2023-06-23,236.84084962051082,237.55138819135004,227.12523679080266,228.56605529785156,599280
2023-06-26,228.56607920600243,232.79969149669566,226.53807909761258,228.46246337890625,545550
2023-06-27,230.431207890927,230.67298314052397,227.7716199123633,228.96078491210938,268850
2023-06-28,231.02333909782823,232.25197182586825,228.26013517798225,229.63186645507812,350470
2023-06-30,231.80789153912994,232.40493609708204,229.59238626114217,231.19602966308594,348240
2023-07-03,231.22070455372446,233.68784818947003,230.0463417737896,231.14175415039062,363590
2023-07-04,232.56777089463577,232.56777089463577,229.3802253203939,231.07762145996094,269560
2023-07-05,231.91150504912082,232.7009940354061,228.9607957979514,229.87364196777344,273600
2023-07-06,231.8128164039429,231.8128164039429,228.11703995400043,228.669677734375,336660
2023-07-07,229.24700729504016,229.44437578944542,226.03972032163932,228.16639709472656,405960
2023-07-10,227.96408289681204,228.16145138550553,225.44266920788328,226.7107696533203,229210
2023-07-11,228.26013531644665,231.43287846148058,225.00350266101876,229.2617950439453,337330
2023-07-12,230.92463808753044,235.06451222479433,229.56277001863086,231.89175415039062,485470
2023-07-13,233.87535783292103,234.76846264088948,228.85718095953894,229.6170654296875,315180
2023-07-14,230.43123114761525,231.86217154137856,227.52000447238973,230.70755004882812,222460
2023-07-17,231.9262956997754,233.49047133435698,230.92957512765904,231.8572235107422,321420
2023-07-18,232.89837641669698,238.62215308604564,229.80458348992855,234.18621826171875,631170
2023-07-19,234.86220761003332,236.24874110882996,231.91149844291746,233.0858612060547,329910
2023-07-20,234.0825840831064,234.7585790269058,232.4049294300806,233.1204071044922,200940
2023-07-21,232.89837519031812,235.86388686254693,232.01020944382483,232.6072540283203,309520
2023-07-24,232.89835718395165,234.1615335097809,231.2256265855393,232.3950653076172,307350
2023-07-25,233.78653388746832,234.08259414678926,231.41808192940144,232.56776428222656,211950
2023-07-26,233.78652615434353,251.16508662011083,232.33584448408143,242.056396484375,4915240
2023-07-27,243.76859868635447,244.7159884883792,238.96753164750922,240.66000366210938,618870
2023-07-28,241.58271729702102,245.38210961010464,239.36721198563524,244.35084533691406,732610
2023-07-31,246.14198307667974,251.53023137284455,244.83439996864857,249.45782470703125,1240170
2023-08-01,251.322977570681,253.03023669250828,248.85583401845977,250.1584930419922,443080
2023-08-02,250.15850195499914,251.34766699652894,242.0761369806324,243.9709014892578,647160
2023-08-03,243.97090776573918,246.71437035947656,242.09094546825997,244.5087432861328,365740
2023-08-04,246.70450762514608,249.18151448679725,243.94130366077115,247.02029418945312,367360
2023-08-07,256.47932682954996,256.47932682954996,247.02030584036075,249.64041137695312,854890
2023-08-08,251.61411174279348,251.6486553682946,245.4857352740915,246.502197265625,367600
2023-08-09,246.50220656894567,248.78678411224396,246.50220656894567,248.1699981689453,212390
2023-08-10,249.18152668883266,251.6388073630909,243.26038150018715,244.66665649414062,364820
2023-08-11,244.74065409501523,250.04995213555517,244.74065409501523,246.55154418945312,338570
2023-08-14,246.17652780076722,246.17652780076722,239.31293240661034,242.5054168701172,336990
2023-08-16,240.68467988506632,248.4907264801253,240.6797407788274,247.77032470703125,410600
2023-08-17,248.1996042476806,250.34600729723388,246.81307064310107,249.00881958007812,400690
2023-08-18,249.00389764644584,255.37898881791313,242.7669508677371,247.75550842285156,736630
2023-08-21,247.75058402382368,247.79992991159654,240.50211431673614,241.68634033203125,965760
2023-08-22,243.04819772277764,244.73079153072385,238.326081073856,239.11557006835938,703750
2023-08-23,239.87050917426328,242.06133392414026,238.92805849984887,239.86557006835938,402910
2023-08-24,241.48402722791766,241.57284078893372,238.42477801300006,239.2981414794922,340410
2023-08-25,239.8063640272458,241.31131563827321,238.32607782954676,239.3376007080078,235530
2023-08-28,240.7784324963994,240.78337160263712,236.9444964541303,237.64515686035156,217310
2023-08-29,239.79650893980286,239.99881653395025,237.98561880473997,239.4264373779297,169350
2023-08-30,239.85570074660123,240.99058076483698,238.92311324972763,239.9395751953125,200480
2023-08-31,239.8063504732572,241.68137352773203,237.59086040789498,240.54649353027344,349440
2023-09-01,240.69453141037653,244.14853256256131,239.36720690580552,241.8343505859375,390490
2023-09-04,243.74393033146495,245.22914057442637,242.30311180912128,242.78173828125,308490
2023-09-05,244.74064741257777,244.74064741257777,241.68138329662068,242.76199340820312,279510
2023-09-06,243.73899628593213,244.64196425815413,240.90178101945702,243.33438110351562,307970
2023-09-07,243.33437466164492,247.56306248258042,242.8754895577172,244.14852905273438,554810
2023-09-08,245.5794819300538,247.60252765162306,244.35577327370368,245.22421264648438,457330
2023-09-11,246.768644752721,252.3098550321084,245.70285190476665,247.8936767578125,679360
2023-09-12,248.19464609360702,250.42987759227913,240.79321529558695,242.42152404785156,542800
2023-09-13,245.02191606731074,245.7768614465213,240.59092050631827,243.1271514892578,213420
2023-09-14,241.78007814865953,245.72750799598458,241.78007814865953,243.89195251464844,202560
2023-09-15,245.23408442786877,247.89859661925797,242.6682489497902,243.7686004638672,318980
2023-09-18,244.68639494730098,268.968004944693,242.88044387927965,265.38079833984375,10624260
2023-09-20,266.3331166800955,275.7279895824895,260.72777310261256,269.9252624511719,5158290
2023-09-21,268.8249202801543,268.8249202801543,258.56160814320765,259.7458190917969,1773150
2023-09-22,259.98268332811676,281.8415710990372,259.93826148901246,276.0339050292969,7935100
2023-09-25,277.5043149491528,298.5243656757555,277.11448699875297,292.8400573730469,14501980
2023-09-26,293.5900816095792,301.15929125057113,288.2610575801336,296.7381591796875,5567700
2023-09-27,295.4947181320275,327.9327175968021,292.1098043167226,322.79119873046875,16171820
2023-09-28,329.00839561750956,347.4724887222292,323.195791206758,339.53814697265625,25408880
2023-09-29,339.27669052381276,342.9329843430298,320.2895315733405,323.0379333496094,6922210
2023-10-03,323.49184095406264,324.2615885149321,310.1692661660549,311.82720947265625,1651060
2023-10-04,311.5509101074389,335.03810545345226,305.9208714701463,331.48541259765625,5821970
2023-10-05,331.60381252807446,341.8572753644899,328.9244983024923,333.9772033691406,2547960
2023-10-06,335.0825533530642,335.95096268180475,323.19584115018813,326.26495361328125,1144860
2023-10-09,320.72375625477275,325.45081222825274,313.5246474810637,315.1875,916310
2023-10-10,318.6562516384044,323.19580174731516,315.7943711729491,316.9194030761719,821910
2023-10-11,319.93921877830684,322.80109955180467,317.86187286489735,319.08062744140625,667730
2023-10-12,321.12344739987964,321.96722146455215,314.90625675267,316.9095764160156,443070
2023-10-13,317.96547645007405,320.2302973899433,311.95548819020826,313.5788879394531,501170
2023-10-16,315.2022672996882,316.2433946940067,306.02450495084724,306.8929443359375,806410
2023-10-17,309.87322647630845,330.4936011987719,309.87322647630845,327.0593566894531,5494750
2023-10-18,327.18767598538636,335.0381139761899,323.08728436656753,326.5363464355469,2010690
2023-10-19,325.76165211951786,331.5791659783875,320.2648488638211,326.6893005371094,1131930
2023-10-20,325.66296221985635,331.59398519938276,321.7155323747672,323.4721374511719,989230
2023-10-23,323.6941950442484,329.6153399699466,304.0507979579045,309.1873779296875,1263020
2023-10-25,310.30746254954704,313.5690192312788,292.3170401875832,298.2332458496094,1634990
2023-10-26,296.3532839460613,302.9652409914985,284.7083779350075,300.1971130371094,1535160
2023-10-27,302.3780882815417,312.8338452934057,301.98335128238995,307.1495361328125,1273610
2023-10-30,309.8732530087886,312.241704970269,301.1395581666102,302.7826843261719,650070
2023-10-31,305.3337104776221,312.82395543585267,304.4652710419139,306.4932861328125,997030
2023-11-01,308.78770757586796,317.0723956125412,306.4587383178414,308.87158203125,1024130
2023-11-02,311.9407355332868,319.672755932077,309.40450442571864,314.3881530761719,1235730
2023-11-03,315.4983410731034,319.63818521698846,313.9588458493882,315.19732666015625,609430
2023-11-06,319.9392041830318,322.9984382502974,315.79439075773655,317.2302551269531,707280
2023-11-07,318.5575865698468,320.53130155507887,313.22856213302055,319.23358154296875,521490
2023-11-08,322.7024036437516,330.1038349199845,319.7418311332585,322.1990966796875,1046920
2023-11-09,320.7286794899173,322.46061917780287,313.91936893327755,315.6217041015625,501120
2023-11-10,315.71545299973377,317.6398069838147,312.5032271371413,315.2960205078125,303950
2023-11-13,318.5625139108112,320.0674655081697,315.79438597421586,318.0296325683594,322350
2023-11-15,320.72373333836043,329.6005113155242,318.5575739995847,320.25006103515625,1124090
2023-11-16,321.7155511910611,324.9178990215466,320.5313101216713,321.4638977050781,477050
2023-11-17,322.70238027575664,385.7527160644531,321.69085743121957,385.7527160644531,24807360
2023-11-20,393.46008127152555,453.8261352226607,391.4863663519122,444.258544921875,50042990
2023-11-21,444.2585436848159,467.43490672442005,419.4193583558873,422.7845458984375,27952110
2023-11-22,424.7434637675971,434.217301830843,407.37970477722416,412.5360412597656,8789110
2023-11-23,414.70713114033225,416.66108968313586,398.7891151125613,407.73004150390625,4020700
2023-11-24,410.0392517273643,426.49508690712804,407.07867951272624,408.9191589355469,5277830
2023-11-28,409.34851167135355,410.9274898208565,397.8170832715024,398.9174499511719,2025270
2023-11-29,402.6378303252559,409.2497871345495,398.94699318455395,404.2611999511719,1561390
2023-11-30,405.5935004926694,419.4144448407075,398.6904369779902,418.1759338378906,3890530
2023-12-01,421.38815494512374,422.37501245085,406.58529235922947,408.4800720214844,1698000
2023-12-04,419.4094896942971,419.8091657688468,408.6034183633416,410.2070617675781,937760
2023-12-05,411.5244878053544,412.9998348459612,402.63783182115213,404.5523376464844,995580
2023-12-06,407.0787189530551,416.89302402341076,398.98647540241825,407.76953125,1321090
2023-12-07,407.7695579013156,429.08565721194157,403.7234358615476,415.9111328125,4102190
2023-12-08,417.2433293701259,424.2500234824958,410.6314023418896,415.6791687011719,1180550
2023-12-11,421.02793475460305,425.73029480905876,414.97355470562536,417.20880126953125,2001090
2023-12-12,419.7104589699707,427.5066568723186,414.97355528442944,417.016357421875,1533720
2023-12-13,418.5262467452068,427.2105801792786,417.8255863947269,419.4292297363281,1969710
2023-12-14,424.3487158327532,431.9475304651956,420.40128591802994,421.4424133300781,2352230
2023-12-15,424.5460716750184,431.6317006816754,422.4736650817056,424.66448974609375,2074300
2023-12-18,424.84213389045755,437.1778520638158,420.52463252978214,428.4490966796875,2996980
2023-12-19,428.4490880757291,430.3438676003664,423.5641317305774,424.8667907714844,880300
2023-12-20,427.1119032278812,431.75014540800726,400.66413493863075,403.41253662109375,2876510
2023-12-21,403.62966364476455,413.4932997106297,396.72166102430054,411.67254638671875,1241370
2023-12-22,413.9867255344474,418.472006169627,410.30082718972153,414.4061279296875,718940
2023-12-26,415.2203083373254,418.4226562235089,413.4933076490537,415.9949951171875,582870
2023-12-27,414.6577696165592,428.29120814160825,414.6577696165592,420.4457092285156,1152860
2023-12-28,422.4342281255615,423.98360166184256,417.0459944923022,418.4029235839844,546500
2023-12-29,420.4604721726914,426.32240768771743,416.9472621482885,422.5772705078125,1379720
2024-01-01,426.3224207569122,426.3717515830852,418.56573561294925,420.2729797363281,426030
2024-01-02,421.6250053267641,423.6628685541274,411.3616929444235,415.610107421875,566380
2024-01-03,418.42756533172786,424.34871012415795,415.6100764260566,419.79437255859375,816520
2024-01-04,421.38813134267065,424.0526585054887,417.44070154086575,418.8864440917969,440780
2024-01-05,421.2450626847959,428.9869608608097,418.70883171988504,423.3766784667969,1376240
2024-01-08,425.82900893244494,427.95568562871057,421.8815789539287,422.8338928222656,716420
2024-01-09,424.3487197136111,434.1186028186011,419.9078610189338,421.09210205078125,1470970
2024-01-10,422.86842289841496,426.71222187488655,420.2680438461121,422.0789489746094,523140
2024-01-11,423.2631703386499,447.3375780192484,423.2631703386499,442.1466979980469,5312500
2024-01-12,446.0792970878852,451.98071552555166,433.260028352508,436.6597595214844,1665840
2024-01-15,438.1647287029464,439.94106015108775,428.2024010652768,429.82086181640625,1142670
2024-01-16,432.23865732744974,436.68445530119027,423.5592622506026,426.9046936035156,819930
2024-01-17,427.4079870384802,430.75835739152154,418.38315597360844,426.1497497558594,796980
2024-01-18,424.3487209165181,439.48711120686215,418.4325150795895,432.554443359375,1296210
2024-01-19,437.6712901428721,461.84929827928784,433.74852565662303,450.31787109375,4139060
2024-01-23,445.0727224384771,455.666623005566,429.07083205170346,433.4820861816406,1519690
2024-01-24,437.9871004148493,451.9708542459683,427.83232836433655,447.8161926269531,1498620
2024-01-25,450.0070130045471,457.79333301442756,445.63030246940406,448.35894775390625,1136900
2024-01-29,453.9544369172224,487.90232791555815,449.0201495594265,476.48931884765625,6906780
2024-01-30,473.19319713092455,571.7852172851562,469.4036682253029,571.7852172851562,19240960
2024-01-31,592.1144742338427,601.9830488044066,532.9622358485618,556.1583251953125,13036510
2024-02-01,562.0153156470327,589.6473241424092,555.620498669805,569.929931640625,4790620
2024-02-02,571.27695400227,583.2327217317938,556.5875720080063,560.5646362304688,1475600
2024-02-05,564.8772728456238,571.15367226473,540.4623670190573,545.189453125,1070740
2024-02-06,548.6729735212443,557.1106527166786,544.2518715185539,550.0249633789062,594980
2024-02-07,553.6270471154729,574.8395438614444,549.2848501037199,550.8934326171875,881760
2024-02-08,551.697698223166,556.1780695299362,541.7896712535601,544.9426879882812,487250
2024-02-09,548.6926860945812,557.5645240256302,528.0673434053829,535.5576171875,669490
2024-02-12,537.822512818467,537.822512818467,508.3302671974532,515.9340209960938,736180
2024-02-13,520.0738583372286,531.1217343395435,511.3006814512943,518.4060668945312,570070
2024-02-14,518.4060796680277,542.7715922836824,508.48817443744366,540.116943359375,762750
2024-02-15,546.7190662499808,553.5284072332989,535.2764822138645,546.2157592773438,611980
2024-02-16,553.5284138800521,565.9627946920285,548.199359113203,554.78662109375,929040
2024-02-19,564.4824404588555,574.3510145927515,560.6880026162107,564.6304931640625,962380
2024-02-20,567.3443528248721,581.5501243765968,565.3015507448085,577.5089721679688,770870
2024-02-21,578.2984720801406,663.2668753693644,577.5089981580304,638.9605712890625,7672460
2024-02-22,641.4573874451362,701.7691750904856,626.8568473146065,688.579833984375,8975400
2024-02-23,692.7739055998102,695.241049138271,668.5958989228938,671.7637329101562,2505390
2024-02-26,676.6881592798792,721.047413295468,675.9973470246413,698.7592163085938,2593110
2024-02-27,703.1359162782686,707.9715417606093,689.8380365513276,704.2855834960938,980290
2024-02-28,706.9847434996931,720.7020267341942,676.9842511346366,689.3446655273438,1383490
2024-02-29,693.6719882305504,723.8106552384335,654.8786217887273,718.5161743164062,730830
2024-03-01,748.0379876860651,754.437744140625,718.4322625797564,754.437744140625,661150
2024-03-04,826.6905384903756,831.7630004882812,819.091723705782,831.7630004882812,487310
2024-03-05,863.0068738865143,873.34912109375,848.6974403000598,873.34912109375,417050
2024-03-06,914.8119004431823,917.0125732421875,833.9931917674753,917.0125732421875,1599800
2024-03-07,937.5146279879114,962.862060546875,932.5852795783413,962.862060546875,492990
2024-03-11,957.2517329730093,958.2385904296825,914.7182006835938,914.7182006835938,424110
2024-03-12,868.9822998046875,868.9822998046875,868.9822998046875,868.9822998046875,220430
2024-03-13,825.5359497070312,825.5359497070312,825.5359497070312,825.5359497070312,200010
2024-03-14,784.2606201171875,784.2606201171875,784.2606201171875,784.2606201171875,193340
2024-03-15,745.0477905273438,745.0477905273438,745.0477905273438,745.0477905273438,725110
2024-03-18,713.0044639126462,740.0443804781023,707.7987670898438,707.7987670898438,1402620
2024-03-19,672.41015625,672.41015625,672.41015625,672.41015625,389380
2024-03-20,638.7928466796875,638.7928466796875,638.7928466796875,638.7928466796875,232600
2024-03-21,606.8532133310248,670.732479923869,606.8532133310248,619.28271484375,2482890
2024-03-22,597.0487941319925,606.808829371327,588.320068359375,588.320068359375,1055170
2024-03-26,558.9066772460938,582.2458793858614,558.9066772460938,558.9066772460938,1432830
2024-03-27,541.7847257582399,586.8495483398438,534.3832950784825,586.8495483398438,1558250
2024-03-28,610.2726979548526,616.1889038085938,598.5290696912871,616.1889038085938,923520
2024-04-01,636.4243866830539,646.9935913085938,630.1084749784807,646.9935913085938,667370
2024-04-02,675.9282859111952,679.3428344726562,667.5104229358916,679.3428344726562,370660
2024-04-03,713.3055419921875,713.3055419921875,713.3055419921875,713.3055419921875,313440
2024-04-04,744.4853417098593,748.970592300302,680.9316929420652,737.9720458984375,1785540
2024-04-05,718.925677359725,730.2745384299197,703.1359576098889,719.2020263671875,759660
2024-04-08,730.2745533742168,735.2088408970155,687.8396806781474,696.74609375,602580
2024-04-09,710.537411387917,710.537411387917,675.9973983343377,678.8543701171875,398510
2024-04-10,678.8593091570475,690.8002610040595,661.1945355324569,681.4300537109375,308290
2024-04-12,683.8922606452771,705.5932478501173,681.4300559540906,686.0682983398438,340920
2024-04-15,661.1944891903955,680.9316381214521,651.9180050995996,673.653564453125,455400
2024-04-16,655.2733689455736,688.3774863593685,655.2733689455736,678.380615234375,249810
2024-04-18,690.8001921748928,695.2212941302532,679.944760583573,687.4103393554688,379620
2024-04-19,669.1929426956007,680.9316311771928,666.1287696298625,674.354248046875,235720
2024-04-22,683.8922877713806,685.264034233077,667.6091380625381,672.1240234375,255730
2024-04-23,677.7736815237139,681.9283730531539,671.0630629409045,675.197998046875,170470
2024-04-24,678.9480726595144,680.6553168370007,654.8786041021991,667.30810546875,275570
2024-04-25,672.0499149533608,674.5170585471691,653.9904358932841,662.0579833984375,297860
2024-04-26,662.6747949127797,666.1287960776266,655.2733638452505,656.2898559570312,194630
2024-04-29,661.1945340360959,664.155106576556,648.3653863607688,653.033203125,198670
2024-04-30,655.154938410917,660.7997341965344,651.3259266296662,654.2864990234375,139650
2024-05-02,660.7010788063067,660.7010788063067,645.9968783513232,647.3390502929688,206470
2024-05-03,648.3654031103731,654.1878866835614,639.4836852595461,643.3275146484375,172500
2024-05-06,643.9244869325812,645.9968634869808,622.8057133828955,626.1412963867188,205750
2024-05-07,625.1742195973741,631.0953645343658,609.9765901658949,615.4141845703125,202740
2024-05-08,610.8647797056677,646.1843872070312,606.9173497883452,646.1843872070312,133970
2024-05-09,678.4892716376029,678.4892716376029,671.068083472406,678.375732421875,671870
2024-05-10,678.4645341211701,679.9448203774346,653.793096516764,671.9562377929688,412280
2024-05-13,662.2899086557821,666.0301370524585,638.4967892793601,642.2567138671875,309690
2024-05-14,641.4573856916638,660.0102949542992,641.4573856916638,653.9362182617188,156520
2024-05-15,653.9362098028704,660.010286416881,646.8850936644917,651.0299072265625,182540
2024-05-16,651.029857330246,655.7766391498399,641.4573282315754,649.174560546875,96340
2024-05-17,649.1548536621158,655.2733822295341,643.6284757365133,652.3818969726562,126050
2024-05-21,653.2946955631979,654.187830471073,644.4968830430365,649.5150146484375,141670
2024-05-22,650.334125996906,654.1878332838997,642.5428670880717,650.1614379882812,116140
2024-05-23,650.4376839970629,653.2995945315623,646.3915927766969,647.4771118164062,137170
2024-05-24,660.4296619857846,678.3658445731488,646.9886681501666,651.9032592773438,171580
2024-05-27,661.1944658561042,662.2799849158038,645.5034089164698,648.26171875,122280
2024-05-28,648.7600704115847,651.3258755250005,641.4573016534096,643.2879028320312,151370
2024-05-29,639.4836693128273,651.3259594852871,637.3125707346092,645.1778564453125,94320
2024-05-30,643.9195626283863,643.924501734396,631.5986615223846,635.4276733398438,122460
2024-05-31,644.911390141905,648.365391466307,630.1085273230395,633.5280151367188,255520
2024-06-03,665.1961534587447,665.2010925643541,631.5887321353459,634.0855102539062,274800
2024-06-04,634.0904697455276,639.4787334855057,602.3827930605496,605.0670166015625,668680
2024-06-05,605.0422888953094,619.1889123679518,582.2459055019092,614.04736328125,327030
2024-06-06,621.6215880016938,644.7485920222761,618.7202244272825,632.8964233398438,249420
2024-06-07,644.713988285373,647.3785155637142,633.2714045631265,635.76318359375,180000
2024-06-10,644.7436165280801,644.7436165280801,634.5493618587942,637.5592651367188,160210
2024-06-11,637.5592461277004,641.4573451177077,629.3190104797725,631.0361328125,180940
2024-06-12,636.5230336411965,637.4112294092433,630.6018891422086,632.4275512695312,132460
2024-06-13,633.0690368517912,637.5098952552722,629.6150358713061,632.6249389648438,192840
2024-06-14,636.4243913396895,664.2537231445312,630.6019083121525,664.2537231445312,516340
2024-06-18,697.4664059331349,697.4664059331349,667.0284367015726,683.0872802734375,1660810
2024-06-19,693.6858752605402,693.6858752605402,663.9564806065172,666.7659301757812,621100
2024-06-20,674.857224333072,675.3527142187792,660.6911854363955,661.9744873046875,236740
2024-06-21,663.7780967661098,673.8662638700109,650.7169902627821,659.7101440429688,338110
2024-06-24,652.0647699229876,692.164797926694,645.9504409157843,674.0199584960938,839900
2024-06-25,686.7490177943594,686.7490177943594,664.0555556387689,667.31591796875,236310
2024-06-26,671.4879392510769,685.2328252815245,657.5151472044059,659.6754760742188,291980
2024-06-27,667.4050581050922,667.4050581050922,643.1458918923324,645.70263671875,325970
2024-06-28,645.7224513598528,656.3754848346874,639.1820084900776,641.6296997070312,449510
2024-07-01,669.9667317188145,673.8662346425456,646.6142913297956,653.645263671875,613950
2024-07-02,663.9266831248733,663.9266831248733,651.0737046247843,660.7803344726562,415260
2024-07-03,664.9474486124266,669.9023476333836,651.0737313537471,653.977294921875,357490
2024-07-04,653.9773001593563,660.9835346892529,652.5602062861665,654.0516357421875,207630
2024-07-05,652.5602213880609,654.8394629117807,647.1098322952221,650.0233154296875,299380
2024-07-08,650.1768190260786,657.3168449395265,644.1368265847891,644.5778198242188,249510
2024-07-09,644.5778849955053,652.9566364226122,644.1368917114883,644.9940795898438,172910
2024-07-10,648.992694927026,648.992694927026,634.2270717197089,638.6616821289062,185370
2024-07-11,639.1819632584152,644.1368621984029,632.3441785273897,634.0139770507812,232650
2024-07-12,638.4783413189713,673.995083282845,634.5937175131838,645.9156494140625,606120
2024-07-15,654.3291091929465,660.3840420960979,641.1441294350368,641.7437133789062,187860
2024-07-16,646.0197911613143,659.9925829120035,638.6865160462256,641.6495361328125,321550
2024-07-18,641.6594340851531,644.0328501114769,632.3987566906982,635.2031860351562,234580
2024-07-19,638.0919578621221,638.1860719164766,624.3173135751126,625.49658203125,222930
2024-07-22,625.308298512958,627.290258254679,617.3804595460742,620.3137817382812,185670
2024-07-23,621.9388945717724,622.0677267837715,604.4976743897788,614.843505859375,231160
2024-07-24,612.4255499089062,640.8666838219863,610.2156841890675,638.51806640625,358110
2024-07-25,638.5180407832194,638.5180407832194,624.3172831063948,626.0564575195312,195220
2024-07-26,626.8046618003922,632.245131388249,626.7947423245572,628.6726684570312,121830
2024-07-29,630.8627052300512,637.8144433629874,624.5600879285719,626.5816650390625,187970
2024-07-30,630.7586549018505,633.5185070850121,623.8217961676589,630.1739501953125,208110
2024-07-31,631.2541776509522,633.7316273277613,627.2902581680578,628.9303588867188,178080
2024-08-01,634.3261692661371,634.3261692661371,620.5515858270264,622.3699951171875,230940
2024-08-02,620.5515271401254,621.1708894794771,614.5114741547743,615.9732055664062,154500
2024-08-05,595.5788213226531,609.4525376263422,592.1103922467308,592.9329223632812,348040
2024-08-06,594.5878821301447,609.4525791833984,594.5878821301447,595.881103515625,212190
2024-08-07,606.955263408107,608.8480686190846,597.5607946483115,602.6841430664062,128470
2024-08-08,605.4887031018324,606.4796829759762,595.2717030187948,598.1455688476562,92330
2024-08-09,604.334235019281,604.334235019281,593.6415234371041,597.4617919921875,159430
2024-08-12,597.0603927896574,597.5608424467273,592.5118292036083,593.8248291015625,134620
2024-08-13,603.4918342196534,603.5067134333347,592.2095192343352,592.8784790039062,117070
2024-08-14,594.0924526114741,599.3446340071966,579.733163476101,583.3551635742188,138020
2024-08-16,584.7127486586621,605.3647946210234,584.678090978357,597.2833251953125,200390
2024-08-19,604.4877737338229,617.4795047223988,597.0653445226062,608.0999145507812,293080
2024-08-20,610.6367863714977,616.3894166757286,610.5426118413934,613.500732421875,134480
2024-08-21,617.8561200318874,628.2812477887578,614.957515961961,620.5763549804688,230960
2024-08-22,624.9762772840041,627.7906866350186,616.9840224772089,618.0047607421875,119330
2024-08-23,623.7227255738892,623.7227255738892,601.2274714665973,610.4534912109375,215690
2024-08-26,610.5674267004682,617.8808624323988,606.2863867243669,612.2620239257812,172920
2024-08-27,612.2620426158896,734.7124672439079,612.2620426158896,731.8831787109375,11797820
2024-08-28,743.1060476924911,800.1418851186655,706.8014915809281,712.55908203125,14615810
2024-08-29,714.3973517962745,732.3340617258945,682.8246898515368,708.9271240234375,4315720
2024-08-30,716.7162303344027,759.0905368192384,711.528465529235,721.770263671875,3368910
2024-09-02,728.2711137616533,738.2799860226125,709.0460805358111,714.873046875,1107020
2024-09-03,717.3702865133283,723.9107288636338,703.5956433855989,705.2654418945312,856670
2024-09-04,701.6137326224274,728.37018852752,701.6137326224274,721.0220947265625,1141730
2024-09-05,726.0859370526777,740.5294794408594,717.0729445029801,721.7206420898438,614420
2024-09-06,723.415240668939,728.15705231133,702.7037390367667,706.8212890625,683320
2024-09-09,711.493736115491,720.8783462489808,690.4651738470134,693.3043212890625,1184080
2024-09-10,696.85700852087,708.0550681810456,696.2525253582527,701.0092163085938,442860
2024-09-11,697.6497916028641,708.2978649043977,688.7309732443047,690.8516845703125,404170
2024-09-12,698.5417042201275,699.1362679224619,686.2535301719417,690.356201171875,324160
2024-09-13,693.6858751074938,701.4204653567894,691.4165530905296,696.3169555664062,280590
2024-09-16,700.1272450378732,700.6227349494358,678.8211788406838,681.531494140625,428740
2024-09-17,681.903085741784,692.6899103854009,675.0653615120192,681.3878173828125,307810
2024-09-18,681.387867197961,686.5211356044173,668.5149880350428,669.7190551757812,279300
2024-09-19,670.0163345774198,678.1175827901851,651.0737643381777,662.01416015625,393260
2024-09-20,664.1547186589388,672.20643007466,659.001611255955,667.4398193359375,414340
2024-09-23,674.0595330171426,717.8658133569689,668.4505533055308,688.32470703125,1714750
2024-09-24,693.6858792418348,698.6308589034642,685.817496992193,690.2422485351562,504710
2024-09-25,693.0913550613083,697.6498383338494,686.2634891442624,688.1611938476562,326670
2024-09-26,689.7169898185806,693.1903789004458,679.9112252180166,683.3746948242188,249270
2024-09-27,688.2553540708655,703.9921191401342,671.388857441035,677.9739379882812,1091730
2024-09-30,680.7040227870519,680.7040227870519,672.0824867597759,674.6738891601562,204620
2024-10-01,675.8482351858654,678.7171411111204,670.799222050923,675.7442016601562,141360
2024-10-03,673.1725574556256,673.1725574556256,658.5159881750534,661.8952026367188,314340
2024-10-04,659.9925581004932,669.971732115511,649.1512364834822,657.163330078125,306160
2024-10-07,658.0105708810959,662.9803489711492,630.7338283687263,637.432861328125,362390
2024-10-08,637.4328649081805,649.0818370724752,629.4208320890318,645.9156494140625,268020
2024-10-09,654.4431446381689,669.9024067540323,644.7314933123287,648.9679565429688,378390
2024-10-10,644.1369047645286,747.694299453595,640.2175625083089,686.0801391601562,12035640
2024-10-11,686.0800831442555,720.4720530871276,685.6589288378325,698.4722900390625,3836470
2024-10-14,700.62269873288,702.7830273774681,684.6679485991417,687.5021362304688,681910
2024-10-15,690.7129425066004,707.5595996409077,680.2135402252135,699.9588012695312,1070440
2024-10-16,699.6317849633732,699.6317849633732,689.2264963768074,692.3976440429688,361410
2024-10-17,690.2174417293966,699.1362600719157,675.8482343997824,679.33154296875,479890
2024-10-18,675.8482250708419,678.7765873219048,664.1546755023147,675.4815673828125,322990
2024-10-21,701.1132882769797,739.7763818693376,694.5331675178184,698.2642211914062,5118160
2024-10-22,705.1812395394923,710.5523938942501,669.9023809496,673.2122802734375,1076020
2024-10-23,676.8392499371221,688.8300821477274,662.9655317832132,670.2294311523438,718020
2024-10-24,672.4788767149072,677.3347019910562,662.9209175507992,664.9078369140625,360950
2024-10-25,666.9294131096113,668.3762654087952,639.5585555559766,646.5548706054688,551640
2024-10-28,655.0377028184271,657.8025149181927,640.9657763795657,647.8877563476562,423090
2024-10-29,651.569239093986,661.9745273228633,642.7049172446607,658.5457153320312,295830
2024-10-30,660.9786124196987,676.0464782529302,655.7065922621757,671.1212768554688,391300
2024-10-31,674.7582073428223,687.5963078131348,669.9023818603455,682.4927978515625,627260
2024-11-01,687.7399844890471,688.726004555994,677.513065645985,682.4085083007812,184150
2024-11-04,677.8302483563538,681.4820068509944,659.9926102417129,661.7020263671875,388620
2024-11-05,663.4312629028219,665.4132226379421,654.0467125896415,662.8466186523438,260920
2024-11-06,666.4339025942098,673.8612912126065,662.2420774764606,669.431640625,273130
2024-11-07,671.2847764552981,677.3049303120698,661.4839717829962,663.6591796875,280080
2024-11-08,665.6064331486788,687.1900024703124,654.0466754249079,670.6207885742188,850900
2024-11-11,668.9113818633133,707.559595037638,662.4700130009259,680.961669921875,1361830
2024-11-12,681.6999862070164,692.29846190822,673.8662618800496,683.6819458007812,511900
2024-11-13,683.6769941035212,683.6769941035212,651.0786939466221,656.0831298828125,465800
2024-11-14,657.6142269687055,662.440294166045,647.7093878647835,655.1566162109375,349010
2024-11-18,658.0105620484612,679.2522108301445,650.355267579917,660.1163940429688,583550
2024-11-19,663.9465780652397,671.6861282515226,655.508370151077,658.6943969726562,224850
2024-11-21,659.9876214130006,662.6682388472102,645.5242995118308,646.5845947265625,356870
2024-11-22,648.8786967354799,655.9146897689557,642.6504151616742,643.3638916015625,345860
2024-11-25,652.0647055958825,663.6443020897018,651.0737258001441,660.7357788085938,311150
2024-11-26,663.4609712487019,668.911360108848,657.7777166535641,660.4136962890625,163790
2024-11-27,660.532612279444,666.4339139100549,657.515095731333,662.4055786132812,190950
2024-11-28,663.9564615155437,668.7081926887598,658.9817235980695,661.4195556640625,223790
2024-11-29,663.4015119567363,664.9474380072347,656.0286199117577,658.307861328125,242350
2024-12-02,658.996612649104,670.7843368215352,655.1416866792867,667.167236328125,336730
2024-12-03,667.1275932288631,701.5146033431317,665.1852511052987,678.107666015625,1351010
2024-12-04,679.8121712203582,690.6138756857791,674.8572720132128,678.642822265625,348130
2024-12-05,681.5958979656593,691.2084141736698,676.586502308188,682.2945556640625,425240
2024-12-06,683.7760766516005,698.4425659089451,680.5553922325894,683.2211303710938,626860
2024-12-09,686.4318715487423,698.6407497818054,680.8031136171636,683.1715698242188,421100
2024-12-10,684.5639009604316,695.7124241494115,676.4428139215061,683.577880859375,450270
2024-12-11,683.776081082557,726.1900056093069,682.859436838897,692.25390625,2502920
2024-12-12,697.4912420510403,697.4912420510403,681.3085251436247,683.2656860351562,436580
2024-12-13,683.7661617489692,683.7661617489692,670.5960616111423,681.2837524414062,602800
2024-12-16,678.8311473463186,685.8373824600046,673.8663283963311,676.695556640625,277430
2024-12-17,677.8302220887649,685.6589871517629,665.3488598242901,667.935302734375,443600
2024-12-18,671.2451224087714,671.2451224087714,661.5533711376014,665.9483642578125,245640
2024-12-19,660.9884796806064,664.352875422796,655.8304129378661,657.9660034179688,195230
2024-12-20,659.9925556937345,663.8276427326457,645.1278584934252,648.2246704101562,258100
2024-12-23,652.5602129406785,653.8831927778191,643.2449784178415,646.8372802734375,239580
2024-12-24,662.4650916309289,734.4151666358445,662.4650916309289,673.7374877929688,22129690
2024-12-26,682.1905242590943,697.8677716006705,676.7202963619511,686.867919921875,2392780
2024-12-27,687.9382329542502,694.2903872625072,674.3617967349636,676.9680786132812,733440
2024-12-30,680.8031290645312,680.8031290645312,666.9294117327939,668.9509887695312,513780
2024-12-31,671.6861108347584,698.3434922237363,664.8037487171181,678.7418823242188,1405640
2025-01-01,680.3274734850271,687.2395334148172,674.2626819314469,678.72705078125,406620
2025-01-02,678.7270383751224,688.6318764830085,677.4337565298214,682.7355346679688,500920
2025-01-03,688.2206319458284,688.2206319458284,678.0928468329336,682.8148803710938,423100
2025-01-06,683.6967483846588,684.5192785323379,646.9115840317944,659.279052734375,627580
2025-01-07,661.2659276521574,667.494269551678,658.4119614808046,662.4055786132812,267500
2025-01-08,661.9745502726242,663.8524764731587,651.3710536129519,654.7998657226562,289630
2025-01-09,656.3309064584793,658.6250272451628,648.1008260101881,649.6962890625,214010
2025-01-10,646.1733178611038,649.4534585372326,630.9023459541324,634.3558959960938,432520
2025-01-13,634.3509656354976,642.7544552647446,599.5427989993768,604.9287719726562,777500
2025-01-14,609.4525568978848,618.143468812299,606.1179196584112,615.0763549804688,286740
2025-01-15,619.436736080366,621.7407763071308,609.5615953536394,612.727783203125,280680
2025-01-16,621.973641031891,625.3082785131439,616.592627763378,619.674560546875,205300
2025-01-17,623.8069152341411,627.8402103451966,619.0601436878623,626.6064453125,179160
2025-01-20,632.6415536117893,632.6415536117893,620.3533794104542,621.6862182617188,193330
2025-01-21,622.3055607298843,629.2721778097439,604.9931725241711,608.17919921875,229250
2025-01-22,610.443536317929,613.2182675679077,601.6237922000131,609.7052612304688,294790
2025-01-23,611.4345539577488,621.8893790476249,605.151715234161,614.9129028320312,321600
2025-01-24,620.0709674573652,620.8439002684254,604.5076123789786,605.9742431640625,183900
2025-01-27,596.574819530944,601.7675441811729,581.7150817657324,586.347900390625,356950
2025-01-28,589.6280643220915,589.637983798353,557.044641279793,566.4887084960938,514140
2025-01-29,567.5341756400023,589.1375244043326,567.5341756400023,587.4826049804688,439800
2025-01-30,594.572983138429,599.0472713189278,588.9442252996561,590.8766479492188,226360
2025-01-31,589.6329695511507,598.2545057406686,587.9482918269406,597.0999755859375,162500
2025-02-01,597.2784375537334,605.4886788691982,589.9600417985379,595.9703369140625,143630
2025-02-03,595.7522880316492,597.0653484051467,584.6781005129237,586.917724609375,126160
2025-02-04,590.7379614015101,610.5426797840814,588.0474848990897,591.2929077148438,184140
2025-02-05,592.1054764775814,604.2994757761322,592.1054764775814,595.5194091796875,154600
2025-02-06,596.5550055335289,602.0153143222981,589.7370591547833,591.4266967773438,131560
2025-02-07,588.2505820529309,590.3762532135338,580.7241190282099,584.6533203125,143190
2025-02-10,584.7524528438308,586.3677548540057,574.8773119281102,577.84033203125,120400
2025-02-11,574.7831748131982,578.8660068328267,562.8765377596008,564.467041015625,196370
2025-02-12,548.0118575366193,559.8590385895801,520.2693814500036,535.802978515625,987760
2025-02-13,527.696739608061,544.0479061874656,527.696739608061,528.9800415039062,264610
2025-02-14,527.3994739024051,532.9142790368355,515.3095079647716,524.60986328125,287530
2025-02-17,516.3995635619458,527.4985497192491,509.874000112487,517.3212280273438,383920
2025-02-18,518.7779304482577,523.7328294974292,515.3243803272909,518.7283935546875,240490
2025-02-19,523.039138190463,613.2876778788398,518.877010839265,589.0830078125,8049370
2025-02-20,580.1592524366805,644.875185022712,575.9674269783281,603.2341918945312,6799530
2025-02-21,604.4976433072598,619.3623394541595,579.22765985753,588.7559204101562,2122470
2025-02-24,588.8402616588285,589.7668254349007,568.9264893536721,570.3386840820312,720780
2025-02-25,579.723177634505,628.6776034952612,579.723177634505,611.1619873046875,14018480
2025-02-27,611.1620302349206,614.4075134717001,587.656016977939,591.8280639648438,1359900
2025-02-28,582.696089098883,614.4074408865773,565.3737825399281,601.0737915039062,1819120
2025-03-03,610.3741841279154,614.4867745131311,575.8583405788493,587.9285278320312,1280940
2025-03-04,587.9285837883069,617.875967317581,584.8763487622574,595.237060546875,3101120
2025-03-05,593.9932839510035,615.3984222709336,593.8941496856405,597.1445922851562,1108810
2025-03-06,601.5247261650203,620.9231674459288,601.5247261650203,614.239013671875,1368860
2025-03-07,609.4525777813976,658.2979504115652,608.1345577100178,632.7207641601562,3760280
2025-03-10,632.6564163910544,642.1549805866935,615.2003149836627,617.3458251953125,950270
2025-03-11,605.5877439682099,612.663354401186,600.3999791254448,607.1138916015625,655560
2025-03-12,610.7903897215436,618.3565303478016,603.6900410640991,611.8012084960938,509210
2025-03-13,613.0795292746897,619.0947838483949,602.3175032890348,605.2409057617188,447560
2025-03-17,605.4291845760831,611.4345195775088,603.0409499377992,604.8643188476562,328260
2025-03-18,604.8643188476562,604.8643188476562,604.8643188476562,604.8643188476562,0
2025-03-19,613.2183142834461,627.587521995979,610.9539519571476,621.116455078125,505690
2025-03-20,627.1911318310916,633.2360843422376,614.5164616362218,616.43896484375,543910
2025-03-21,621.6912076512357,641.5604027648262,616.8354424977679,637.5816040039062,1138200
2025-03-24,640.8963547735335,651.9606830900806,634.4797846815343,637.596435546875,668160
2025-03-25,643.0121071860965,644.6075701699647,625.4965510745853,630.649658203125,508330
2025-03-26,632.8396852237262,638.9788124315218,616.9840081947862,620.6853637695312,429860
2025-03-27,619.3624223311795,631.6505969840747,615.0318451130088,627.4487915039062,624930
2025-03-28,631.1946989120632,642.6355441784765,623.3263165979449,626.0713500976562,550680
2025-04-01,626.1010448853164,629.2028165939084,616.389454642216,617.5885620117188,274360
2025-04-02,617.5885706736377,623.1231543950946,611.0431076710922,621.4384765625,184200
2025-04-03,614.4075309534298,626.3488265145538,614.4075309534298,621.0123901367188,161340
2025-04-04,614.9079512772287,621.8398504284955,601.4256898911409,609.4823608398438,273940
2025-04-07,573.7773302424596,597.0554371234633,573.7773302424596,592.2293701171875,477910
2025-04-08,614.4075166289034,614.4075166289034,594.7068320633883,605.5679931640625,274080
2025-04-09,608.3575519056611,608.3575519056611,595.7820160675865,599.339599609375,133660
2025-04-11,609.5516339962419,616.9839822915201,603.5810171564649,611.5831909179688,318430
2025-04-15,614.4570464595762,621.047086683419,614.4075095637915,617.0336303710938,245280
2025-04-16,617.1326985878385,628.776711768741,617.1326985878385,620.2047119140625,246470
2025-04-17,623.2767707808682,627.6370457043641,616.9344757299183,623.2272338867188,204110
2025-04-21,626.1010279467382,648.9926977053856,626.1010279467382,634.276611328125,869260
2025-04-22,629.2721964784907,629.2721964784907,618.3218813768499,622.4840087890625,678280
2025-04-23,625.6055918794107,628.2812496768497,615.8940010633472,620.006591796875,300130
2025-04-24,623.5245306861921,625.6055641672328,615.3984838587678,620.2047119140625,194310
2025-04-25,623.5245168491689,623.5245168491689,600.0382829426028,607.3219604492188,356300
2025-04-28,607.3715708767373,612.4255438897507,598.2545442105829,606.3309936523438,286240
2025-04-29,608.9571053437915,612.8219508734214,599.5427969617475,601.4752197265625,227060
2025-04-30,602.2680325958898,606.4301602615541,586.1646092644489,588.1961059570312,282190
2025-05-02,588.1960881780401,594.9347391792052,581.7547190401625,586.7591552734375,144310
2025-05-05,587.5023678626814,598.4527433689052,585.4213344140879,594.9843139648438,162110
2025-05-06,598.20500446029,598.20500446029,579.7232062550667,580.6151123046875,182100
2025-05-07,579.1781274806843,584.6780530009762,573.6782019603926,578.9799194335938,269920
2025-05-08,583.6870987484361,595.7275274410792,578.8808709407,581.7051391601562,297200
2025-05-09,574.7682903112204,578.8312833419911,568.3269215404912,575.3628540039062,279120
2025-05-12,604.4977315470486,604.4977315470486,589.8807782022634,596.96630859375,280870
2025-05-13,598.7500122424943,605.686870900255,594.0923950467907,602.4661865234375,260370
2025-05-14,605.4391350759195,608.8580275628526,600.8310547042345,607.3219604492188,197430
2025-05-15,609.4526145260207,613.9120239006014,604.7949970823144,612.0787353515625,243790
2025-05-16,615.1507062786683,619.8578602936883,612.2273037934714,615.2993774414062,305720
2025-05-19,618.8668800290404,632.9883420633299,616.8353835526078,626.4974365234375,515620
2025-05-20,631.9478344047069,632.988351104121,611.4345403228847,612.7723388671875,198500
2025-05-21,612.2768383103511,620.3533477828358,608.0651742079915,611.7318115234375,228890
2025-05-22,611.9300033657897,616.3894122972004,607.5696682167908,612.9705200195312,139420
2025-05-23,616.984038494487,630.5604747141688,608.4616358667449,621.2453002929688,425310
2025-05-26,629.173135889879,635.3171626203437,619.362411104145,621.4930419921875,321910
2025-05-27,624.8127677941126,626.7947274064651,619.461452646918,624.8623046875,150200
2025-05-28,625.2091776170112,653.0556856964147,623.1280837542251,637.44775390625,1056430
2025-05-29,640.1729444482091,650.7764402999228,633.2360859170367,648.001708984375,747610
2025-05-30,649.091782923997,686.7490161318015,647.109823281481,666.8798828125,3229350
2025-06-02,666.8799029061192,676.7401645216555,656.0286614394658,672.7762451171875,661360
2025-06-03,673.8662402829826,678.3751861173669,657.3664029998588,660.4384765625,487160
2025-06-04,663.9564983960069,667.0781091121603,653.1052569596277,656.2268676757812,347060
2025-06-05,657.2178443923463,665.7402468537206,654.3439786519754,657.366455078125,281370
2025-06-06,661.9745023574249,711.3252839991259,659.9925427695283,676.6409912109375,4429670
2025-06-09,685.3120725852123,687.739985206277,679.8121467600951,684.4202270507812,601680
2025-06-10,686.8576534542908,738.6903094660769,680.4407355912983,729.8857421875,5108540
2025-06-11,734.1139454425548,735.2082771820398,706.3570728000652,713.7688598632812,1348270
2025-06-12,713.7688554360195,714.0175727136318,683.0771069454736,684.867919921875,955190
2025-06-13,672.2828268556475,683.3756421462068,668.0546329760522,675.9141235351562,787190
2025-06-16,675.5161450031703,678.4510211059775,653.4797692978484,668.0546264648438,688190
2025-06-17,668.1540958797876,674.5212827193282,656.6136380453637,657.31005859375,441880
2025-06-18,659.1007917879734,663.1797308898643,647.8587828799883,649.4008178710938,406750
2025-06-19,649.6495311865503,653.6290076409856,637.7111018232447,639.1039428710938,323330
2025-06-20,636.7162403594181,664.2741272818726,635.2239366710756,659.6976928710938,700150
2025-06-23,667.5074140568998,673.4766284714985,653.2807985131707,662.4833374023438,893420
2025-06-24,668.4525806022607,683.2760939369933,664.0751322209215,669.6961669921875,910770
2025-06-25,675.0186683852987,680.4904483058871,674.0237993088282,675.9638061523438,293500
2025-06-26,680.3909826864174,680.49044530483,671.3376376972678,675.2176513671875,213970
2025-06-27,676.5110025942071,686.4596938088278,675.4166708493957,677.5556030273438,393970
2025-06-30,680.4904627178972,688.4494154982235,677.7545726996601,682.6294555664062,292980
2025-07-01,683.226368035544,693.4237765136864,680.6894639244045,683.4253540039062,327380
2025-07-02,686.3104076780263,686.3104076780263,672.6309578852542,678.898681640625,214500
2025-07-03,686.1612386961668,686.1612386961668,677.8540451777068,678.9981689453125,193260
2025-07-04,678.9484570297757,680.5899546782865,667.5571932274715,671.4869384765625,193690
2025-07-07,669.0494549818641,678.2022626442296,661.8366541660745,663.9756469726562,232490
2025-07-08,666.5125995448983,670.0443728848965,659.5982468042856,663.9259033203125,147120
2025-07-09,667.6566498382329,667.6566498382329,658.6530963428614,660.6925659179688,212850
2025-07-10,659.9961853885673,666.06486261124,658.503881738206,661.5879516601562,125520
2025-07-11,664.4730908612389,665.1694506480735,655.1710284174857,657.1607666015625,166130
2025-07-14,655.6187181888878,659.69765709368,646.9136138123282,650.7438354492188,144930
2025-07-15,652.5346519019896,659.0013009025778,652.3356659421889,654.673583984375,117830
2025-07-16,657.9566698439976,661.0905318685143,654.1264480113591,656.0167236328125,105300
2025-07-17,656.0167099917156,661.2895040866646,654.0269717881885,655.7182006835938,99440
2025-07-18,658.5535940945258,659.7971804340343,649.649503759247,650.7438354492188,105480
2025-07-21,650.6444216197815,691.4340566142938,644.2772347952553,672.4818115234375,3171900
2025-07-22,675.4166456274363,681.3858601333014,666.5622864882737,668.154052734375,378690
2025-07-23,671.4371806783365,682.6791893773252,664.920739487984,674.0735473632812,471100
2025-07-24,676.21253028745,686.3602071148835,669.5966265729496,671.5863647460938,234990
2025-07-25,671.4371941336044,671.4371941336044,656.8623372203796,658.9515380859375,170920
2025-07-28,654.1264683929458,682.4802392662522,654.1264683929458,661.2398071289062,552600
2025-07-29,660.4936462671595,675.217697393253,655.6684945054576,668.3033447265625,337420
2025-07-30,669.9946029204813,680.3909970882072,666.8607409882896,669.6463623046875,248130
2025-07-31,673.5264036067193,689.3945784357961,669.7459130425425,676.6104736328125,965730
2025-08-01,689.344814914588,689.5437401544661,671.5366339622017,674.7699584960938,567780
2025-08-04,677.1079154613818,712.8237420379128,671.0889692815247,694.0206909179688,2462850
2025-08-05,706.3570826904961,759.0851466096458,703.91964117625,710.1375732421875,13478390
2025-08-06,711.3314442832902,718.0965423782291,702.0791733062422,704.8150634765625,1164670
2025-08-07,705.6606803395715,708.5458251813137,681.485371988608,686.7084350585938,938130
2025-08-08,693.4237864388375,693.4237864388375,681.7838054259533,685.9125366210938,514040
2025-08-11,686.9073826982808,695.8612046042624,684.071969328192,686.3104248046875,325570
2025-08-12,689.0961280275648,690.140728470946,680.7889343486912,685.4151000976562,260360
2025-08-13,687.4047959229921,691.3345408931015,682.4801818830822,684.022216796875,235040
2025-08-14,684.5693826408674,688.4991276109769,682.3309272338165,684.022216796875,209830
2025-08-18,689.4443193660674,696.4084034000681,682.8782072799501,685.2161254882812,230550
2025-08-19,687.8027622896406,691.533521600654,685.4648440768698,688.6484375,178560
2025-08-20,690.041163688664,698.895522713618,689.0462946171856,690.389404296875,245710
2025-08-21,693.6227835757337,702.4273512650877,690.3397275248896,691.83203125,219040
2025-08-22,691.5334821194319,693.4237576845562,687.3550805072465,688.001708984375,155220
2025-08-25,690.9365805797506,700.7858088249751,688.4991391734083,696.0601806640625,465380
2025-08-26,695.214508386779,695.214508386779,682.4801961711325,684.5693969726562,195110
2025-08-28,684.5694032202915,686.5094101091203,673.6258431235033,679.9432983398438,224460
2025-08-29,681.98278473633,685.4648266715265,676.2622872713645,678.0530395507812,257610
2025-09-01,686.4596593134371,691.2350187120893,676.7596858666168,678.1525268554688,315630
2025-09-02,680.9381520970719,685.564256873287,677.6053042549491,679.1473999023438,173940
2025-09-03,679.1474147162228,683.92277424699,674.5709804276614,676.7597045898438,237250
2025-09-04,681.0874007774884,682.4802418864626,669.8453914447488,671.2879638671875,226560
2025-09-05,674.3720014020516,678.9981670487629,667.7064269478109,672.3822631835938,152730
2025-09-08,672.4320664881466,677.5058747414663,667.5571834824138,668.999755859375,174410
2025-09-09,673.1284009358203,673.6756275120433,662.58281288737,665.7166748046875,208580
2025-09-10,666.5125606179414,678.9484242733176,666.5125606179414,672.5812377929688,210090
2025-09-11,675.1181809492921,695.4135358995353,673.6258772241857,682.5299682617188,809460
2025-09-12,688.4494338783009,694.4186486229104,678.6499972946971,684.1715087890625,519960
2025-09-15,686.4597015210878,688.3997084741329,682.6294796492239,685.663818359375,197470
2025-09-16,687.0565833671048,706.8545029532552,684.0222447247229,700.2883911132812,610980
2025-09-17,700.3878547194307,713.0724358951022,696.7565581725006,700.537109375,407100
2025-09-18,703.8201866004068,750.6784988963547,698.4976002579032,746.4005737304688,7046750
2025-09-19,746.1518137932883,746.1518137932883,724.015976650754,729.5872192382812,1205690
2025-09-22,729.5872597640176,744.7590141538798,716.504767002021,724.3641967773438,1284660
2025-09-23,735.0092691745014,819.5731415514726,724.4139498334043,809.6244506835938,17283710
2025-09-24,820.7669912693591,905.2811317874929,815.8921084869634,881.8021850585938,36396500
2025-09-25,868.5207204218804,872.99763135189,828.2285220517931,832.9044189453125,8430570
2025-09-26,831.7105933397726,887.0252927228549,813.1065284496159,862.153564453125,21267960
2025-09-29,878.5191699396329,908.1165264505892,873.495092995617,879.7627563476562,11600000
2025-09-30,885.7817318634014,1055.7054328819424,853.746993505409,1027.7496337890625,54392960
2025-10-01,1060.530486195209,1089.381690791514,1025.809529478445,1052.571533203125,28364480
2025-10-03,1054.5612770199712,1178.621408861613,975.0712093029705,995.068115234375,52059980
2025-10-06,1015.0649383423889,1066.8976552816719,973.081449857167,989.5963134765625,19295670
2025-10-07,1004.8178261379261,1009.394199869163,907.619099524542,915.7770385742188,20670880
2025-10-08,924.1339427921401,959.053824348394,909.4098313511067,919.85595703125,18048220
2025-10-09,935.0775122631118,939.4548999676831,887.4232570199903,897.3719482421875,10550220
2025-10-10,898.3668036253109,939.9523201537122,883.4437670202393,924.7308349609375,18242070
2025-10-13,925.2282608394763,997.8537049698868,911.4990794359339,987.109130859375,26691500
2025-10-14,1036.653659278759,1076.4484254698823,1001.8332388615263,1029.6895751953125,11153600
2025-10-15,1004.817781194997,1006.8075193755811,926.223123061923,936.1718139648438,6340338
2025-10-16,940.151336872025,950.1000282674962,896.3770947319518,901.3514404296875,3509452
2025-10-17,919.259079339936,921.2488176069056,880.4591831340297,884.4386596679688,2288047
2025-10-20,890.407848287073,893.392455599767,794.9004142808618,800.86962890625,6277495
2025-10-21,809.82348046875,880.459189453125,809.82348046875,870.510498046875,8882025
2025-10-23,887.4232686975703,893.3924835094374,817.782429225788,822.7567749023438,9005470
2025-10-24,831.7105830741583,844.6438816147851,816.7875462965119,834.6951904296875,4032263
2025-10-27,840.6643972089214,844.6438736454134,813.8029312626009,832.7054443359375,3315230
2025-10-28,835.6900496488656,836.6849187555905,809.8234528740198,816.7875366210938,1152682
2025-10-29,820.7670390312308,820.7670390312308,800.8696562668373,807.833740234375,1238639
2025-10-30,808.8285697499416,813.8029151973582,794.900402497175,797.885009765625,854469
2025-10-31,797.8850591131982,805.8440123213098,790.9209750561004,794.9004516601562,826411
2025-11-03,793.9055692076533,810.6690898325766,788.4337889687534,794.6019897460938,926013
2025-11-04,794.6019895312292,794.9004381270535,776.4953591466398,782.1163940429688,882635
2025-11-06,787.5383899521283,787.9860932112421,756.9461637799346,762.3184814453125,881224
2025-11-07,762.06976171875,784.951751953125,746.4005727539062,777.2415161132812,1680656
2025-11-10,781.1214945106516,788.2347721092807,769.033810713232,777.5896606445312,576282
2025-11-11,775.6994589559876,777.9876457697354,764.6563753769561,774.70458984375,427302
2025-11-12,770.0286943887927,787.3394412646243,768.7353766847344,772.0184326171875,727295
2025-11-13,772.0184498452056,800.6209375166613,770.227697544087,773.311767578125,797890
2025-11-14,773.3117507603423,777.9876477441236,768.1882112525116,775.2020263671875,364621
2025-11-17,775.2020229624811,779.4799479927719,768.4369251562083,771.2722778320312,339618
2025-11-18,771.272308667708,771.272308667708,757.1451545909241,763.5620727539062,432199
2025-11-19,758.0902356396647,768.9840641623491,752.121021185809,758.4384155273438,371769
2025-11-20,760.9754163093176,762.9153625211602,753.7128231353715,755.1553955078125,210518
2025-11-21,753.7128029221624,758.0902512338312,746.1518220805425,746.9974365234375,268659
2025-11-24,746.9974542505088,749.2359097698715,728.1447330094705,732.870361328125,508687
2025-11-25,732.9200893634701,736.053890643374,720.2852394551485,722.8221435546875,404057
2025-11-26,742.9682299873133,790.9209326388733,728.1944481758741,762.6666259765625,9297941
2025-11-27,766.0492225550795,769.3322785073457,747.1467092712529,754.657958984375,725458
2025-11-28,748.2410396323422,755.4041094289574,739.1877549440318,741.9236450195312,600747
2025-12-01,744.4108128800658,757.6425599221758,737.2974744421311,740.6800537109375,594008
2025-12-02,739.9836103047431,740.978479385745,726.2544291313162,728.841064453125,366375
2025-12-03,729.5872557624793,735.9544425143954,716.8032116682958,720.185791015625,428264
2025-12-04,724.2647214578966,724.513438738617,706.3570772460255,711.828857421875,358937
2025-12-05,709.1924023208436,709.9883461657256,700.4872978348587,704.86474609375,340716
2025-12-08,705.4119311052174,746.1518333505561,705.4119311052174,712.7739868164062,4191078
2025-12-09,716.1067529181875,720.235483896355,700.9349994210987,713.6693115234375,630809
2025-12-10,718.7431822689442,727.6472727199582,708.446250810781,714.166748046875,505145
2025-12-11,714.3160367193934,716.1565203246504,706.2078290054388,710.3862915039062,265419
2025-12-12,710.8339765904358,732.6216343114654,710.8339765904358,718.146240234375,476652
2025-12-15,718.2954924065878,725.4585620929907,711.3314086851942,720.5836791992188,241070
2025-12-16,720.5836825929883,723.866738504138,698.1991276687978,709.0929565429688,326805
2025-12-17,709.1426854107092,712.4755333433562,700.3878494371431,705.4119262695312,293914
2025-12-18,705.3621711031498,705.3621711031498,693.0755623692037,699.4426879882812,264366
2025-12-19,702.2781353548689,708.8442472511352,698.5473761588104,704.9642333984375,286037
2025-12-22,713.9678650071089,722.2749980652046,711.0329888898557,715.5596313476562,295884
2025-12-23,716.3057684748427,723.7175555847101,708.4960701490181,711.828857421875,283493
2025-12-24,712.3262543467674,719.3400691481024,705.0637222778532,708.4960327148438,209680
2025-12-26,708.4960499793077,709.1924097679068,701.0345317701119,703.6708984375,196001
2025-12-29,704.3673362363693,711.3314200692148,692.4786381201847,695.6622314453125,344555
2025-12-30,696.3089138364805,696.8560797021568,686.4596853663408,687.802734375,210924
2025-12-31,688.4494357561986,710.3365565461355,687.4545666293832,693.970947265625,501356
2026-01-01,694.6175964366922,703.3724321034834,691.4340032700438,693.0755615234375,206633
2026-01-02,693.0756135219791,701.3827465863676,689.9914827420911,700.13916015625,303786
2026-01-05,702.2781294146477,702.2781294146477,692.2299149650606,694.169921875,215647
2026-01-06,694.3689311748899,695.8115035780381,686.4597093359681,687.653564453125,272539
2026-01-07,686.509410253194,704.9642199122526,686.509410253194,695.36376953125,342924
2026-01-08,695.4134852770757,703.8201411276127,677.5058418793827,682.3309326171875,312812
2026-01-09,682.2812426281114,682.2812426281114,657.807486124544,664.8710327148438,329326
2026-01-12,665.5674226072493,666.214111805903,652.1366898640537,663.2792358398438,290903
2026-01-13,663.577669360022,683.8232306356589,662.5828002905167,665.6668701171875,346164
2026-01-14,665.6668981499358,669.8453605622203,658.603351747782,660.3941040039062,207788
2026-01-15,660.3941040039062,660.3941040039062,660.3941040039062,660.3941040039062,0
2026-01-16,660.3941280209723,668.9002470884053,657.4095205782244,660.2449340820312,245709
2026-01-19,654.6238673135299,659.2002408813327,647.6597836187051,649.1023559570312,375213
2026-01-20,649.0526051384123,649.7489649093721,626.7675136959817,628.9562377929688,474656
2026-01-21,628.2101121023207,631.2444507455883,610.3024681095382,617.0675659179688,587784
2026-01-22,621.7931683162273,628.6577891832341,611.8444776231677,616.7193603515625,348913
2026-01-23,620.4003618561212,626.7675485428134,597.9163439273506,600.7019653320312,297972
2026-01-27,602.8906924994146,615.5752739010113,593.9368703335817,601.4481201171875,623029
2026-01-28,605.3778562266276,631.7418877632022,602.1445316042175,620.7485961914062,451883
2026-01-29,622.7880928270101,623.2357960924508,600.9009713538563,612.0435180664062,405950
2026-01-30,609.3573166833797,627.7623948199389,603.8855366968351,619.7039794921875,582153
2026-02-02,600.2045469832606,611.8445282007467,586.4256335231471,598.5630493164062,500148
2026-02-03,621.743457040791,634.5772320151705,612.9388290605397,630.9957275390625,679347
2026-02-04,630.9957147507258,638.8054127493452,607.8650086128395,633.880859375,516564
2026-02-05,633.8808629901318,636.1690497455425,615.8736960845307,619.4552612304688,252807
2026-02-06,619.4552859113021,623.9321969806048,606.9696297959863,619.5547485351562,223573
2026-02-09,619.803463825246,662.582836127791,619.803463825246,653.0818481445312,1119361
2026-02-10,659.1007931590002,682.3807548967338,655.6187512328771,662.1351318359375,1069358
2026-02-11,662.5828470288833,665.7167091076822,651.6890178049557,655.8177490234375,260282
2026-02-12,655.8177158543556,656.9120475638618,641.6905626409626,644.4264526367188,230224
2026-02-13,641.5413367743099,641.5413367743099,621.7932087531084,626.9168090820312,298676
2026-02-16,625.6732236404149,634.129611292647,619.4552915431855,627.16552734375,190874
2026-02-17,627.1654999245065,637.95980528458,624.031637995716,635.6218872070312,266478
2026-02-18,635.6218707614943,660.2448801529472,632.0403056895442,640.6956787109375,815812
2026-02-19,642.9838853034894,723.2698335828783,638.8054229513222,688.7478637695312,23162821
2026-02-20,686.4596863253796,737.8944314886505,679.4956025510642,703.471923828125,15006583
2026-02-23,716.1067854353739,716.1067854353739,677.605338077948,684.6689453125,1891091
2026-02-24,681.7837746298096,681.7837746298096,659.7474607389871,662.7817993164062,909270
2026-02-25,663.6274464923467,671.7356542574794,652.8828719441783,655.5690307617188,635039
2026-02-26,657.5090094947846,661.5879484974765,649.0526221831627,651.539794921875,301456
2026-02-27,651.3905672655685,671.486935971654,642.0885651260603,655.3203125,995044
2026-03-02,616.8188566680872,642.934171164115,616.8188566680872,637.661376953125,682443
2026-03-04,631.6921509112082,631.6921509112082,616.8188456341793,622.4398803710938,358239
2026-03-05,622.7880422104884,666.5622815990849,622.7880422104884,654.673583984375,4620665
2026-03-06,654.6238480928118,654.6238480928118,635.7213357618643,638.2582397460938,405897
2026-03-09,626.1208247522833,628.7572520758908,609.7552771326461,619.9028930664062,441271
2026-03-10,633.0849218944924,633.8310737128902,620.499864324043,626.31982421875,390056
2026-03-11,628.7572639084016,630.4485535031862,614.8290966699243,619.7039794921875,314461
2026-03-12,614.8291330922386,630.6475768246714,606.3727453393519,625.9716796875,556784
2026-03-13,622.2906222728934,644.8741629953806,615.8239731205772,618.5101318359375,947726
2026-03-16,618.51016788028,629.5034599354653,608.113773031297,618.41064453125,532305
2026-03-17,623.7331866274287,624.7777870250311,612.5906407016926,616.5203857421875,298389
2026-03-18,621.7931681765488,626.7675135219611,618.0624091674895,622.8377685546875,321081
2026-03-19,616.769122820511,616.769122820511,604.3829901374924,606.0742797851562,313784
2026-03-20,608.8599118525093,614.8291266745927,598.0158139702604,599.5081176757812,329062
2026-03-23,594.931755022063,596.5235213821538,563.8918252243392,567.9708251953125,671085
2026-03-24,585.8784342466226,585.9281655569671,568.0702531599912,580.8045654296875,474890
2026-03-25,580.8045801551888,596.52350010797,580.8045801551888,584.5353393554688,477944
2026-03-27,584.5353084595653,587.3707217351061,560.3600022639472,564.5881958007812,836400
2026-03-30,557.1267336340859,565.0856869717157,536.0852264589291,538.3734741210938,909138
2026-04-01,570.9055915380832,581.0035368875094,557.8728310097105,574.138916015625,696718
2026-04-02,566.0805260402384,584.18715606501,553.2964822102002,580.6055908203125,389770
2026-04-06,582.0481718225732,591.8974004892406,568.9656792083956,588.9625244140625,423061
2026-04-07,591.9471129467142,593.9368511414931,583.4907256189041,590.3553466796875,457760
2026-04-08,615.8239632574675,619.8034395951571,605.8752724132435,616.02294921875,710961
2026-04-09,615.8240073221106,651.0423997194749,608.0640400527575,633.5823974609375,2072516
2026-04-10,636.7162032677395,669.8453310746163,636.7162032677395,662.234619140625,1445388
2026-04-13,646.6649105794754,734.1636594707426,641.0936679463562,709.5406494140625,13553272
2026-04-15,721.2800850596298,728.2441686395158,702.8252757173296,710.7344970703125,1846704
2026-04-16,710.3365196214762,715.3108649969768,699.343228486018,706.3073120117188,914397
2026-04-17,705.4119041419035,713.6195739950338,701.3826965402193,708.9934692382812,670186
2026-04-20,711.3313892633246,730.9303222028099,701.9795956611368,709.4909057617188,1270902
2026-04-21,713.3211268091252,736.899536032151,705.3621742087444,718.544189453125,1760750
2026-04-22,722.3246917591647,758.3389650168593,721.4293460099842,727.6472778320312,4744912
2026-04-23,729.6370068352182,733.4672285006135,710.3365224136154,713.171875,670766
2026-04-24,716.3057605085087,719.5390851219152,692.4786331360842,700.537109375,546840
2026-04-27,705.3124567501505,715.3108790063277,701.8304149191044,709.7893676757812,482853
2026-04-28,709.7894012230327,732.223688221844,706.9042564235785,721.4293823242188,1291631
2026-04-29,726.1052255810811,729.1396250692786,709.6898845892978,713.8683471679688,468052
2026-04-30,729.6370550094585,733.2185596415696,712.2268449772639,715.808349609375,937174
2026-05-01,715.808349609375,715.808349609375,715.808349609375,715.808349609375,0
2026-05-04,726.2544742848964,727.1996121150084,707.4016918833761,712.3760375976562,354998
2026-05-05,711.3314280176395,734.7605838869688,706.4068136792727,725.5580444335938,1027735
2026-05-06,731.2287997231135,731.2287997231135,719.6385502414265,722.8221435546875,362341
2026-05-07,727.7467690529677,734.0144324315133,721.6780916449458,728.7416381835938,600559
2026-05-08,730.2339070377383,731.4774933916854,712.3262635409,713.9180297851562,439287
2026-05-11,707.4514002118303,709.6401243994032,692.4289009315657,694.169921875,410019
2026-05-12,688.7976341033104,693.1750826672944,662.3838702235734,664.42333984375,373115
2026-05-13,664.4233265253417,675.068438398289,662.5828429171468,664.1248779296875,302370
2026-05-14,673.2279194997393,674.5212371611075,655.2207526939554,667.6566162109375,385292
2026-05-15,668.5520662515187,677.6053511932105,661.637713540977,672.4818115234375,360637
2026-05-18,664.8212548365549,687.0565542224274,655.0715501124181,659.2997436523438,542896
2026-05-19,656.6136125463743,665.8161518131227,655.1213088814961,660.1453857421875,286968
2026-05-20,653.8777288827662,661.2895159684756,648.8039206614039,658.7028198242188,280905
2026-05-21,661.9859609335087,677.3069095083201,661.9859609335087,664.9207763671875,354981
2026-05-22,668.1540659017579,671.8350937306485,661.9859260350664,665.2689819335938,229018
2026-05-25,666.6120096048732,683.9724870571208,666.6120096048732,675.2176513671875,377106
2026-05-26,675.217689080894,711.331426270214,674.52126854714,691.0360717773438,1799492
2026-05-27,688.4494515193048,688.946886094102,677.8043394742463,679.3463745117188,291541
2026-05-28,679.3463745117188,679.3463745117188,679.3463745117188,679.3463745117188,0
2026-05-29,686.2607071285603,691.1853214190896,675.5161327723093,686.6089477539062,506368
2026-06-01,687.9022662243809,690.9863362123184,659.5982275725337,668.2536010742188,259082
2026-06-02,664.572592879617,670.5418077857213,658.5039153472086,667.1094970703125,256622
2026-06-03,667.1094515756984,670.3925074057636,652.8331045209951,661.7869262695312,238063
2026-06-04,659.8966443578305,673.3273768510916,658.1058921697935,663.2294921875,229165
2026-06-05,663.7766822059575,674.4217938252639,661.7869439863485,666.2638549804688,208835
2026-06-08,656.6136020022167,668.5022998192306,639.2033928582184,645.172607421875,311507
2026-06-09,646.8141967639278,662.0854138001989,646.8141967639278,659.2500610351562,246581
2026-06-10,662.0,665.0,647.0999755859375,649.7000122070312,272030
2026-06-11,645.0,649.25,633.9000244140625,635.6500244140625,221654
2026-06-12,649.25,678.6500244140625,645.7000122070312,665.9000244140625,1399612
2026-06-15,667.0,683.9500122070312,667.0,674.5999755859375,315100
2026-06-16,675.25,680.5499877929688,669.3499755859375,672.9500122070312,201112
2026-06-17,672.9500122070312,677.1500244140625,671.3499755859375,675.6500244140625,181121
2026-06-18,676.8499755859375,704.9000244140625,673.0,694.1500244140625,1198141
2026-06-19,694.1500244140625,694.9000244140625,675.5499877929688,691.0,500016
2026-06-22,692.0,694.75,687.1500244140625,689.9000244140625,213653
2026-06-23,690.0,691.7000122070312,676.0999755859375,679.0,210910
2026-06-24,678.0,681.0,663.8499755859375,670.2000122070312,328536
2026-06-25,690.0,696.5999755859375,672.7999877929688,678.8499755859375,702701
2026-06-26,678.8499755859375,678.8499755859375,678.8499755859375,678.8499755859375,0
2026-06-29,678.0,678.7999877929688,663.75,666.3499755859375,217919
2026-06-30,668.0499877929688,671.0999755859375,666.0,666.7999877929688,200753
2026-07-01,666.7999877929688,680.7000122070312,663.0,664.6500244140625,180557
2026-07-02,670.5,670.9500122070312,664.2999877929688,667.5499877929688,194935
2026-07-03,672.0499877929688,673.5999755859375,665.7000122070312,667.2999877929688,181406
2026-07-06,668.0499877929688,669.6500244140625,661.5999755859375,664.25,137644
2026-07-07,664.25,678.2000122070312,662.75,667.8499755859375,350162
2026-07-08,664.0,682.1500244140625,659.1500244140625,663.1500244140625,498311
2026-07-09,663.25,693.2000122070312,663.25,684.8499755859375,735856
2026-07-10,689.7999877929688,699.2999877929688,689.5499877929688,693.75,426671
2026-07-13,693.8499755859375,693.8499755859375,682.5,686.5,216254
2026-07-14,685.2000122070312,685.4000244140625,666.0499877929688,668.5499877929688,228088
2026-07-15,670.0,676.7000122070312,666.2000122070312,672.75,183541
2026-07-16,672.0,676.7000122070312,662.2999877929688,665.7999877929688,122111
2026-07-17,665.9500122070312,668.1500244140625,660.5,662.2999877929688,135182
2026-07-20,662.2999877929688,664.8499755859375,657.5,662.0,123464
2026-07-21,660.0999755859375,664.5499877929688,655.2000122070312,656.9500122070312,116809
2026-07-22,656.75,657.4500122070312,641.4000244140625,642.5,172483
2026-07-23,644.0,644.0,629.5999755859375,632.2000122070312,179713
2026-07-24,632.0,634.9500122070312,621.1500244140625,630.75,141003
2026-07-27,634.0,651.0,634.0,649.9500122070312,222641
2026-07-28,649.9500122070312,659.4500122070312,648.4500122070312,654.2999877929688,192864
2026-07-29,656.0,690.1500244140625,654.5,675.75,887392
2026-07-30,678.0,683.3499755859375,673.5999755859375,678.6500244140625,268304
2026-07-31,674.0,683.9000244140625,670.0499877929688,679.4500122070312,204587
2026-08-03,685.5499877929688,687.0,673.2000122070312,676.6500244140625,133851
2026-08-04,678.0,688.5,674.0,677.5999755859375,231717
