date,open,high,low,close,volume
2021-08-06,2842.8590020561132,2887.553492487723,2836.300286694469,2875.218017578125,2292362
2021-08-09,2887.466712136198,2898.846746739973,2875.391888435514,2886.42431640625,1510489
2021-08-10,2880.2560675059012,2910.052248485409,2880.2560675059012,2896.153076171875,2040777
2021-08-11,2910.1398117937256,2918.8267963065427,2890.246702093207,2905.101318359375,1929707
2021-08-12,2889.2909279259434,2925.7762613513464,2889.2909279259434,2911.659912109375,1310205
2021-08-13,2919.4785717498116,3023.0708709928867,2916.6553015398326,3008.650390625,4363584
2021-08-16,3005.6971728276917,3035.537054738601,2985.2827556133993,3016.94677734375,2083489
2021-08-17,3024.89517973779,3093.2617103569523,3008.302953290365,3086.529296875,4336019
2021-08-18,3104.5981658626997,3122.9710539890493,3072.2391472921595,3093.04443359375,2631309
2021-08-20,3045.657194737454,3105.5973962311464,3040.44500330322,3092.132568359375,2836148
2021-08-23,3109.940503893269,3190.729461117312,3094.2169768470135,3159.8037109375,3744176
2021-08-24,3176.8302851679027,3185.8213991107027,3122.4496764479563,3138.78125,2511141
2021-08-25,3136.00140292451,3212.2296918737134,3133.4387849152135,3178.567626953125,2123263
2021-08-26,3179.436307347297,3203.412469252929,3168.9249713334366,3189.73046875,1902533
2021-08-27,3184.648780586405,3239.811136714947,3171.7052574467757,3231.688720703125,3944728
2021-08-30,3227.2146023966848,3249.2361919871105,3203.4123507283152,3215.3134765625,2033114
2021-08-31,3222.349945144956,3304.6158580161027,3217.1812317850963,3289.283203125,3207480
2021-09-01,3297.579690643702,3315.5617081836626,3220.2655198145953,3227.171630859375,2643336
2021-09-02,3243.7199945174543,3352.437520105116,3233.2956131746023,3332.978759765625,3403717
2021-09-03,3322.771170328951,3350.482562706499,3305.006331586849,3337.58251953125,1746812
2021-09-06,3344.228513568609,3368.4653285384056,3313.216020086968,3346.2265625,1723693
2021-09-07,3356.65068970896,3361.819402883082,3308.2207528685676,3314.8662109375,1585039
2021-09-08,3309.7413150131206,3314.084807552508,3262.831595587738,3278.598388671875,4147175
2021-09-09,3292.106262958881,3308.611532453073,3270.6494550333446,3293.5830078125,1441148
2021-09-13,3272.3870978760497,3346.573861504816,3272.3870978760497,3340.44970703125,1691473
2021-09-14,3344.4458673337895,3384.883826372717,3322.771881400139,3375.675537109375,1991188
2021-09-15,3372.3746023512094,3457.4201024494814,3358.388471374295,3435.311767578125,2461369
2021-09-16,3413.9854697769574,3458.940621955318,3381.0618779429806,3390.791259765625,2946666
2021-09-17,3405.2980386219065,3427.015500602913,3305.3977135092737,3325.24755859375,6477148
2021-09-20,3308.873108045843,3362.732423535169,3307.874189447231,3321.46923828125,2002008
2021-09-21,3351.438754448293,3363.2096613345666,3319.8614796911293,3355.73876953125,1568129
2021-09-22,3355.3478304693117,3385.1877076595533,3346.6173684546684,3355.043701171875,1744067
2021-09-23,3361.8636821725386,3369.681969805498,3331.459230266585,3361.212158203125,2003869
2021-09-24,3379.2368053039554,3426.49391383993,3348.8323610402954,3362.9921875,2320754
2021-09-27,3387.923821277569,3391.3986149404177,3303.573120278085,3333.15234375,1673362
2021-09-28,3344.4887714625593,3344.4887714625593,3258.7048062205004,3282.94140625,2253075
2021-09-29,3266.132485042677,3306.2663111425195,3233.425861046127,3294.017578125,2489161
2021-09-30,3305.3978259324667,3305.3978259324667,3257.706362633929,3279.814697265625,2252412
2021-10-01,3285.200640749703,3309.7413740348698,3235.9019995485273,3240.419189453125,1578374
2021-10-04,3235.728229979652,3286.8510096871387,3220.6562261020495,3277.860107421875,1356860
2021-10-05,3261.093862461569,3335.801926439112,3250.3220869079396,3329.981689453125,1877966
2021-10-06,3332.3271201296957,3350.9606587155918,3296.7104851126683,3310.522705078125,1678154
2021-10-07,3327.115296164053,3387.055493405651,3318.4717883990315,3381.75634765625,1647233
2021-10-08,3409.6415124864593,3466.019958648897,3387.9240506234883,3418.89306640625,2934339
2021-10-11,3261.9628843462647,3264.1346306074806,3179.436526420061,3201.67529296875,11845402
2021-10-12,3219.397324461836,3220.2660231462564,3153.8975284903972,3173.22607421875,5752877
2021-10-13,3170.749168147182,3192.857500067075,3166.4056761360216,3175.266357421875,3545655
2021-10-14,3155.0742541878826,3194.2406932053873,3140.4520744563747,3143.28076171875,6442299
2021-10-18,3136.31810253628,3179.1835977264323,3134.577371767137,3174.35302734375,3590107
2021-10-19,3193.3704027509225,3211.7351962506837,3155.2483587152783,3163.0380859375,3135441
2021-10-20,3143.759632251714,3159.426208492171,3114.4283625664993,3141.01806640625,2933693
2021-10-21,3136.8834212257602,3139.799017261379,3056.0699243457793,3074.565185546875,4871211
2021-10-22,3098.5005871767303,3099.8932567069073,3033.2231871659847,3045.27783203125,2691670
2021-10-25,3048.889547465273,3058.942308854021,3002.7601880545794,3040.142333984375,2595594
2021-10-26,3041.49202936193,3071.519637034841,3024.519903285937,3031.134765625,3878763
2021-10-27,3031.4819685384427,3056.0697852513945,3031.4819685384427,3037.35693359375,2510813
2021-10-28,3061.9447318095554,3061.9447318095554,2972.297117433096,2978.0849609375,2424942
2021-10-29,2959.2858183959333,3012.334545192476,2947.0135816838533,2957.283935546875,3960501
2021-11-01,2992.2725316859896,3034.963994875041,2970.513397796722,3025.738037109375,2020718
2021-11-02,3041.056723071079,3058.1159699944874,3019.9503620137025,3032.527099609375,3087414
2021-11-03,3049.9342708836666,3063.5989646219014,3016.729917190848,3039.533447265625,1537639
2021-11-04,3057.549986639362,3057.811138748893,3050.630624440296,3053.807373046875,328991
2021-11-08,3088.056149799711,3088.056149799711,3029.9157040300906,3048.672119140625,2526082
2021-11-09,3053.241873185459,3076.7417393701817,3042.7974882144713,3051.239990234375,1782692
2021-11-10,3044.5379763984556,3063.4248618840948,3029.0454307612417,3032.614013671875,1516489
2021-11-11,3028.871591142207,3055.0261139031104,2990.5755135530526,3036.008544921875,1284514
2021-11-12,3051.5010358519503,3076.0017364113014,3033.832576061058,3068.951904296875,1747259
2021-11-15,3070.6486615620647,3106.855941660992,3070.6486615620647,3092.6689453125,1809157
2021-11-16,3106.334120705863,3112.03505658905,3082.834254844541,3095.367431640625,2013204
2021-11-17,3090.3192548089405,3100.9812302018886,3051.8489368672776,3065.339599609375,1632914
2021-11-18,3059.464777964114,3064.426030619223,3004.1532281043856,3025.12890625,2136598
2021-11-22,3027.4788407337737,3060.1611031208754,2994.3180473828165,3010.071533203125,3167936
2021-11-23,2998.408553382316,3029.6981444091452,2966.0310056960593,3015.1630859375,2153461
2021-11-24,3022.0821816920316,3040.229382169995,2980.1306190967416,2996.9287109375,2161746
2021-11-25,2997.450675821812,3014.074736407611,2988.87770595789,2999.19140625,1849619
2021-11-26,2981.0014741153645,3037.5752247190135,2969.599602458624,3000.01904296875,1941251
2021-11-29,3000.27942498904,3071.823617064497,2964.855602539076,3048.01904296875,2981745
2021-11-30,3038.4450650200015,3101.764136483824,3038.4450650200015,3071.6494140625,5588446
2021-12-01,3076.7414849151487,3124.611578739854,3076.7414849151487,3113.9931640625,2102118
2021-12-02,3123.9157134690877,3175.09324578432,3110.7733223205696,3170.654296875,3152938
2021-12-03,3173.74318736998,3190.7153090177285,3160.165617546686,3168.52099609375,2486263
2021-12-06,3168.5212674324416,3183.796220721799,3065.4265416572375,3077.959716796875,1849642
2021-12-07,3100.6766686563897,3131.574639670369,3067.428753612896,3119.82470703125,1484458
2021-12-08,3134.185891998146,3173.7439580228324,3134.185891998146,3156.728271484375,1428660
2021-12-09,3142.019137696736,3163.560681646319,3103.7230595641445,3134.838623046875,1567957
2021-12-10,3120.259759230678,3169.8705838544292,3111.6432273189575,3165.3447265625,1510718
2021-12-13,3176.833684068705,3187.278068783452,3134.7949930935406,3141.71435546875,1883864
2021-12-14,3137.6671180553103,3163.7780788158257,3113.035735906248,3154.030029296875,1747007
2021-12-15,3150.722093052357,3153.333188709583,3096.88991925595,3107.508544921875,1603233
2021-12-16,3117.648598243218,3140.6697186213864,3107.2042143295057,3117.300537109375,2072320
2021-12-17,3135.4908923462717,3178.0083208796227,3110.424330014637,3119.69384765625,4333992
2021-12-20,3123.741303523864,3138.5375147693103,3055.112909309398,3095.802490234375,2312310
2021-12-21,3118.2143081191102,3169.1742414013142,3104.0708713088916,3140.539306640625,2340989
2021-12-22,3154.204622624458,3165.34534370158,3138.755634751504,3160.07958984375,1224328
2021-12-23,3175.092635394332,3194.67585477382,3159.4260598907417,3187.886962890625,1792861
2021-12-24,3207.296161626964,3224.7034677959027,3172.307518725703,3195.02392578125,2209923
2021-12-27,3195.1110213296242,3220.351615069357,3179.5315674317108,3216.957275390625,1534135
2021-12-28,3229.055696705625,3242.111177959152,3214.999380219284,3226.052978515625,1456218
2021-12-29,3213.6059289954974,3237.715002681955,3207.295781257609,3215.73828125,1456923
2021-12-30,3204.1190226129916,3255.1658567333443,3202.943944593237,3249.72607421875,1966475
2021-12-31,3257.604041014017,3272.5742851392106,3247.5948377482987,3253.73095703125,1207141
2022-01-03,3263.8699085224853,3333.4991332376317,3259.5180819777884,3322.837158203125,2346158
2022-01-04,3334.456838580845,3384.9813780824193,3317.571622986017,3381.15185546875,2488606
2022-01-05,3363.961789441821,3368.313615818848,3318.180490958889,3360.436767578125,1733031
2022-01-06,3317.8327634933953,3337.8511668408105,3283.0181489761508,3313.87255859375,1810293
2022-01-07,3324.7953995758726,3363.874716003597,3304.2546937860716,3353.95263671875,2460591
2022-01-10,3462.3137344601323,3462.3137344601323,3360.4809775642457,3376.887451171875,3937092
2022-01-11,3356.1288711399575,3416.1840817490493,3356.1288711399575,3408.263671875,1906106
2022-01-12,3416.1840637185605,3419.6655251847706,3339.200289545301,3359.523193359375,3203744
2022-01-13,3410.091351901108,3414.4431785370202,3356.999066942974,3392.596923828125,6684507
2022-01-14,3375.1466505790668,3461.443297528625,3359.6541035054447,3453.740478515625,3348123
2022-01-17,3475.10754208303,3518.886959817252,3448.6485215692674,3498.128662109375,3442604
2022-01-18,3511.0102394918767,3517.755570912798,3464.0540716471287,3473.280029296875,2389041
2022-01-19,3498.0416342208123,3498.0416342208123,3409.5443196960337,3413.16259765625,3102539
2022-01-20,3409.1084508046006,3417.8273982491137,3322.7908711039217,3336.348876953125,6176776
2022-01-21,3319.3032369219345,3358.1461897142185,3288.0023012626775,3342.408447265625,3112358
2022-01-24,3348.075701814863,3356.4894006591326,3260.9735050308036,3288.22021484375,3258414
2022-01-25,3286.6076260352775,3321.3961452874414,3245.3669571958144,3286.956298828125,3330501
2022-01-27,3253.0391101339314,3255.131572257952,3160.7055469917223,3181.76171875,5718297
2022-01-28,3178.928199480695,3251.9930207471753,3178.928199480695,3217.335205078125,3143862
2022-01-31,3268.7336020486573,3276.5806552410922,3244.669220445881,3257.616943359375,2739393
2022-02-01,3287.0431133861125,3320.1751129374843,3257.74736547893,3313.7666015625,2105169
2022-02-02,3337.5260181924546,3369.0015056035154,3313.766884903713,3362.20068359375,1984212
2022-02-03,3357.6668632762744,3385.131549382014,3327.194182693847,3334.64892578125,1960538
2022-02-04,3326.539803558479,3334.735528375889,3286.171037442491,3326.19091796875,2307366
2022-02-07,3305.352873326484,3340.9262203657618,3274.9672572822224,3294.89013671875,1919149
2022-02-08,3305.8322615249517,3312.9381179027605,3244.320050301402,3263.89404296875,2946443
2022-02-09,3269.604935671538,3293.974348552429,3266.2046316844016,3278.803466796875,1638721
2022-02-10,3304.3064532399912,3304.3064532399912,3276.580160242393,3287.34814453125,2112459
2022-02-11,3271.7847587121223,3271.7847587121223,3217.2913416782762,3221.607177734375,3851488
2022-02-14,3246.9360379352192,3307.3147491669633,3234.7295114768162,3255.43701171875,5951745
2022-02-15,3300.993189603413,3343.7160280319836,3267.861192454726,3328.719482421875,3931683
2022-02-16,3351.5635338648667,3360.3697562876455,3318.431532229366,3324.6220703125,3256906
2022-02-17,3334.997420658973,3343.716368163964,3294.8902621360157,3299.424072265625,3134372
2022-02-18,3286.170768839318,3327.1061780034065,3276.231255480429,3307.880859375,3688883
2022-02-21,3321.919043560008,3337.438812898183,3230.8496782327734,3242.92529296875,7465922
2022-02-22,3182.4152270942186,3198.0220549797664,3112.6636604729756,3126.962646484375,5408531
2022-02-23,3148.411687072803,3158.787148610905,3100.152231425736,3107.25830078125,2426203
2022-02-24,3028.962533260586,3037.550782181064,2956.682539532843,2965.880859375,5039136
2022-02-25,3023.7309413943226,3077.78841497173,3018.499572983606,3069.723388671875,2549723
2022-02-28,3042.912824650469,3107.215065572524,3013.181127091719,3098.888427734375,3288942
2022-03-02,3097.4060013989642,3114.3643111770593,3056.8628968064095,3091.869384765625,2761341
2022-03-03,3106.4301334512893,3120.162475048833,3077.8755818754444,3090.343505859375,1928039
2022-03-04,3052.939424780361,3104.9914980604067,3040.3405883905943,3072.8623046875,2370257
2022-03-07,3008.036538077574,3093.4822136519515,2991.9501243817053,3038.465576171875,3054130
2022-03-08,3016.755720684322,3146.6680335114793,3016.755720684322,3138.77734375,3300992
2022-03-09,3143.180735701617,3185.903580652901,3136.2492146549575,3167.2451171875,2719654
2022-03-10,3212.0604115144542,3212.0604115144542,3151.899670907913,3157.08740234375,2005441
2022-03-11,3141.654931943972,3173.566366707418,3132.5873111877163,3138.080078125,1623423
2022-03-14,3121.382892115444,3180.9769774502593,3121.382892115444,3176.312255859375,1765688
2022-03-15,3190.2631230599486,3190.2631230599486,3126.0915796310483,3133.502685546875,3651133
2022-03-16,3174.1329640538497,3198.1100706357697,3152.98951552252,3187.56005859375,3090475
2022-03-17,3223.0459941926397,3234.7292978853975,3191.3961743923683,3202.251220703125,3600452
2022-03-21,3222.523182319606,3238.1736514139975,3151.8997034863028,3162.100830078125,2413831
2022-03-22,3173.6974044156077,3235.6019416995387,3160.618981045763,3226.83935546875,2907611
2022-03-23,3232.985038132999,3251.9923821707275,3217.29093600614,3236.8212890625,1596195
2022-03-24,3226.010570995481,3276.7548028095052,3221.6510972508927,3269.474609375,1879046
2022-03-25,3278.2369399463614,3295.3261619554955,3201.5974776294693,3232.506103515625,1690133
2022-03-28,3221.650613736102,3237.344716861204,3192.1805330726547,3232.7236328125,1760990
2022-03-29,3221.4333669266766,3245.192500629566,3218.163761371233,3230.675537109375,2689063
2022-03-30,3259.142477223061,3259.142477223061,3231.416182436141,3253.518798828125,1583455
2022-03-31,3260.8859224608136,3273.659093668878,3243.622366180688,3260.84228515625,2168110
2022-04-01,3267.8622368120223,3280.9406609187936,3250.4679753230107,3277.235107421875,1387014
2022-04-04,3280.067738912156,3295.7618429260897,3258.3576468388446,3287.34814453125,1472994
2022-04-05,3288.786867502642,3344.239456565145,3288.786867502642,3326.10400390625,2314947
2022-04-06,3321.308698504881,3321.308698504881,3253.1699963861447,3274.27001953125,2051729
2022-04-07,3265.6814971533327,3265.6814971533327,3207.7005014089204,3212.190673828125,2494829
2022-04-08,3217.2913621519056,3230.369782323255,3175.8763649426332,3213.49853515625,2296773
2022-04-11,3217.291053491527,3236.777982823265,3187.733911885894,3222.87109375,2291660
2022-04-12,3211.1880563374766,3260.014157655668,3180.9769912928095,3218.25048828125,4483476
2022-04-13,3232.113615146046,3234.5986001579863,3187.2546759280217,3192.834716796875,1621672
2022-04-18,3147.5398627614222,3147.5398627614222,3071.249076614158,3076.088134765625,3820792
2022-04-19,3095.2264139082035,3107.04063053991,2998.5767941194913,3027.13134765625,3170014
2022-04-20,3051.631369077155,3111.922800837386,3034.193475539571,3101.155029296875,2640370
2022-04-21,3121.3829461849764,3177.184205558116,3110.3969880999252,3163.800537109375,2280996
2022-04-22,3122.3421383520026,3153.643072364982,3113.971864238743,3149.76318359375,1581465
2022-04-25,3102.2011041167375,3124.8703645740266,3080.4910129016785,3093.656494140625,1960694
2022-04-26,3117.1540326092236,3128.270689253386,3067.456038200025,3092.0,1943469
2022-04-27,3091.738211621223,3111.312202565136,3057.1240390217918,3104.990966796875,1727648
2022-04-28,3128.358047755058,3142.657035068176,3084.806951954192,3125.132080078125,1703660
2022-04-29,3136.205470355331,3159.092707941327,3083.761085375679,3092.34912109375,2051115
2022-05-02,3068.9817366115326,3093.438422867655,3045.30988321926,3088.599365234375,1324161
2022-05-04,3085.199399623491,3091.259025222723,3021.376750080482,3033.9755859375,2305825
2022-05-05,3062.1811604181826,3080.4036727134103,3038.8579794826933,3063.314453125,1612262
2022-05-06,3015.884640819691,3029.3990125839887,2985.8042649572226,2992.86669921875,2010812
2022-05-09,2962.6980803096562,3013.2679710271254,2918.1007532108174,3003.764404296875,2481830
2022-05-10,2994.086039735551,3020.9404358390634,2983.6233045937843,2998.2275390625,1622685
2022-05-11,2994.958609506086,3006.685551881528,2948.8788846185103,2974.905029296875,1841769
2022-05-12,2945.2603983861713,3007.7752079636566,2920.934620561456,2971.98388671875,2807195
2022-05-13,2994.958519542189,2999.230718747237,2948.8787960387763,2977.433349609375,2187823
2022-05-16,2977.5201999107394,2990.5986195296737,2935.3205844196054,2944.2138671875,1195813
2022-05-17,2938.2851908443163,3022.858978236571,2921.1959692768205,3009.431884765625,1754076
2022-05-18,3021.1153753446147,3047.2722184211916,3001.9773277332397,3006.99072265625,1866781
2022-05-19,2961.826327355389,2968.8014850294667,2816.2199109090097,2844.076904296875,4642963
2022-05-20,2885.9721156264236,2889.3724205864623,2851.139956985134,2871.14990234375,3065125
2022-05-23,2881.437735548261,2911.1692180116047,2848.4800723039907,2896.21630859375,2293690
2022-05-24,2890.4614049004085,2898.9189531249863,2855.978142487524,2866.78955078125,1711510
2022-05-25,2890.357885421766,2890.357885421766,2768.523667729061,2780.461181640625,3548046
2022-05-26,2800.956745054903,2845.2840141320803,2791.784115402644,2832.512451171875,2813186
2022-05-27,2855.554301399254,2878.112892084147,2834.4878731863514,2862.664306640625,3103153
2022-05-30,2894.000221627102,2972.648296384456,2884.6520809710146,2962.685546875,2094624
2022-05-31,2944.165004523289,2969.839714625581,2918.5781569271903,2953.118408203125,4840965
2022-06-01,2973.8777450085313,2973.8777450085313,2931.7888156507142,2945.0869140625,1493835
2022-06-02,2944.9109118520396,3012.499031140447,2937.2743749999877,3004.59912109375,2657939
2022-06-03,3036.5498622964137,3052.2620346027693,3011.796853027463,3019.65283203125,1913622
2022-06-06,3000.210585639355,3030.932461150583,2964.3536823588743,3011.57763671875,1084210
2022-06-07,2985.3321578943005,3000.9564672739875,2945.788676454605,2951.669677734375,2308256
2022-06-08,2966.986795089598,2996.655390105723,2937.4499938250347,2988.05322265625,2185707
2022-06-09,2971.2443716436987,3016.888302906763,2943.243661069149,3008.198486328125,1279197
2022-06-10,2968.6111594481968,2978.266606743859,2942.2781213691173,2949.21240234375,1527582
2022-06-13,2887.856794799796,2890.4900988680024,2802.230481322181,2826.06201171875,3030921
2022-06-14,2800.07974578441,2843.0025125943066,2786.649853360226,2818.117919921875,2611493
2022-06-15,2825.095932347547,2838.70133453844,2809.734994390088,2814.38720703125,1404536
2022-06-16,2843.968032652371,2848.2252927417594,2750.090797397265,2757.94677734375,2032028
2022-06-17,2714.058324390178,2737.5386155213027,2654.2385282186283,2711.337158203125,5240434
2022-06-20,2715.813999414828,2755.0941146293767,2693.869800970946,2731.96484375,1502769
2022-06-21,2747.413878090599,2841.993381401865,2743.376059515087,2819.346923828125,2964461
2022-06-22,2808.7691181856167,2853.2281861623023,2793.934927975882,2829.001708984375,3336315
2022-06-23,2829.0019403695915,2912.433820057707,2829.0019403695915,2904.3583984375,3692578
2022-06-24,2930.8668511739374,2936.1334582739805,2876.8841283984966,2890.577392578125,2132118
2022-06-27,2940.522604717636,2951.8457254461277,2902.339699253392,2909.537353515625,2037686
2022-06-28,2902.7779168225893,2922.9665748470584,2872.5827922794106,2912.56494140625,1400046
2022-06-29,2871.1786926111868,2925.600300358632,2871.1786926111868,2888.295166015625,2133994
2022-06-30,2872.0563477532055,2906.20143071572,2857.134294601676,2867.75537109375,2719603
2022-07-01,2861.5233311117086,2925.600387299179,2854.5451192222854,2909.888427734375,1502879
2022-07-04,2907.166993000027,2912.3896686210524,2830.8451246154136,2839.622802734375,2622535
2022-07-05,2857.134120972691,2872.0561732174024,2814.957336327149,2823.16455078125,2170627
2022-07-06,2825.0959473592156,2868.9843417565935,2810.832219180068,2862.181640625,2182144
2022-07-07,2871.1787636386753,2913.66264372781,2865.956087561214,2885.96923828125,1989921
2022-07-08,2896.6342992518366,2901.0231390991876,2852.7459007783236,2866.307373046875,2136916
2022-07-11,2814.255336753604,2830.801346623151,2726.3469713524055,2733.193603515625,6974600
2022-07-12,2734.158936312343,2752.8554340083,2703.7443666293075,2707.650390625,3734815
2022-07-13,2724.591742081448,2729.8583498303165,2664.025752969457,2667.3173828125,3863530
2022-07-14,2689.539151729887,2690.419236530846,2611.21160444456,2639.154296875,4764908
2022-07-15,2656.5799405130747,2665.688689015533,2598.890340539718,2635.501953125,4574806
2022-07-18,2660.496938579367,2707.977481063416,2652.8402420995244,2696.140380859375,3202795
2022-07-19,2666.701122969062,2709.7371858696033,2666.701122969062,2705.600830078125,1865074
2022-07-20,2735.127885487383,2791.585245676255,2726.547057742832,2785.292724609375,3402251
2022-07-21,2787.2290273847357,2802.190471485001,2767.031120822275,2796.2939453125,2420640
2022-07-22,2803.0704563974546,2813.631475385451,2766.5469323972993,2790.749267578125,2075886
2022-07-25,2785.4683965193763,2804.3461725371144,2771.4751341224537,2787.008544921875,1797504
2022-07-26,2785.204780048454,2788.9010938413444,2725.1830298245063,2742.256591796875,2639367
2022-07-27,2741.464386254903,2811.079185829187,2737.063961878892,2806.458740234375,1389808
2022-07-28,2830.3528264453307,2872.5968984818282,2817.7235231303016,2869.5166015625,2106333
2022-07-29,2895.4792244226105,2919.5055843641176,2882.277951362933,2905.9521484375,2430257
2022-08-01,2928.0419799310016,2928.0419799310016,2878.757233650227,2903.2236328125,1306913
2022-08-02,2895.4790367844817,2915.632893070421,2879.329394508913,2897.063232421875,1269114
2022-08-03,2886.6784066664172,2947.4042633920217,2884.082199243072,2939.04345703125,2895824
2022-08-04,2948.284247964706,2981.6393778391775,2910.748715052076,2952.640625,2150567
2022-08-05,2958.141128427601,2972.0465119063037,2952.684645379227,2961.529541015625,1106933
2022-08-08,2961.4845134989087,2973.717602809507,2935.9620615252184,2969.80126953125,1068836
2022-08-10,2979.0872677998295,2979.0872677998295,2935.0830245531556,2952.024658203125,1878359
2022-08-11,2992.2884233473337,3017.5468150068145,2970.3303498018386,3012.09033203125,1449248
2022-08-12,3009.010270550342,3009.010270550342,2975.787065603493,2993.65283203125,1472354
2022-08-16,3001.969610403311,3005.3580232327295,2981.2876151396117,2985.864013671875,839942
2022-08-17,2979.1757205455865,3008.086382917133,2966.8545309546153,2993.257080078125,1622326
2022-08-18,2983.4873628119226,2985.2475323475046,2958.844989313771,2975.78662109375,1430659
2022-08-19,2980.8471762972567,3011.2101014765467,2966.98584088932,2979.7470703125,1398410
2022-08-22,2961.4854176096087,2978.295123607797,2945.995838840667,2952.28857421875,1536532
2022-08-23,2921.8374306422184,2941.155248644901,2877.877238729922,2890.7265625,1849256
2022-08-24,2897.2393996241462,2911.3207575810075,2860.451808988953,2864.984375,1691923
2022-08-25,2883.158259068392,2885.0503557407283,2829.2530565751263,2832.289306640625,1946930
2022-08-26,2846.457948558153,2866.435827997161,2831.056466522553,2835.808837890625,1457962
2022-08-29,2750.2652283447997,2765.8426876252506,2711.5414939297048,2756.909912109375,2539173
2022-08-30,2776.6677926566595,2839.5938614918264,2765.314783665754,2826.08447265625,3431525
2022-09-01,2807.4706096920486,2807.4706096920486,2746.7447563789606,2756.16162109375,3546935
2022-09-02,2783.708184014529,2783.708184014529,2746.1286065456165,2755.017333984375,2052900
2022-09-05,2749.076887768465,2770.462992067452,2739.0440066723772,2757.65771484375,2147912
2022-09-06,2759.506009846509,2764.214549676102,2733.8516227618284,2752.0693359375,1936453
2022-09-07,2730.022918646201,2782.73990969169,2730.022918646201,2771.9150390625,1291534
2022-09-08,2789.869639154191,2801.7507874597377,2781.1568830092638,2789.5615234375,1346113
2022-09-09,2811.8710957340245,2845.754362458832,2788.548847209157,2831.804931640625,1561185
2022-09-12,2851.386743228349,2877.7014084575,2838.2735652602178,2854.071044921875,1785928
2022-09-13,2872.1130614855856,2872.1130614855856,2838.2738396110262,2842.102294921875,1972678
2022-09-14,2759.0656316117834,2764.6980879442594,2740.4078782879656,2746.21630859375,5090269
2022-09-15,2754.6653975512245,2761.4860546857367,2728.2628538047275,2732.09130859375,2138023
2022-09-16,2707.140883675961,2723.2905259336594,2640.2544379154365,2647.9111328125,5322221
2022-09-19,2671.93739753417,2677.2179062249493,2629.5173540244687,2665.600830078125,2072220
2022-09-20,2684.2584586980124,2710.6169537047986,2666.656763886878,2675.7216796875,1544295
2022-09-21,2664.896863274496,2676.6899140420137,2638.626245172588,2641.310546875,2253818
2022-09-22,2631.453699411689,2666.6130461683933,2622.036834497055,2646.76708984375,2017983
2022-09-23,2643.774604512334,2660.0561724828663,2621.7724856332366,2624.456787109375,2652374
2022-09-26,2604.9191687641182,2663.0047675160854,2575.216305765953,2635.325927734375,2925489
2022-09-27,2648.527090847732,2662.256499568145,2619.1323446991073,2655.61181640625,2227447
2022-09-28,2622.652760305555,2684.214650414333,2622.652760305555,2671.62939453125,2739767
2022-09-29,2687.779187014094,2689.407429965768,2631.453755459116,2637.87841796875,2493902
2022-09-30,2632.2016704566418,2657.5919876362846,2596.338215395767,2644.2587890625,2817353
2022-10-03,2635.8541732184285,2658.4723112978595,2617.372391035595,2627.00927734375,1763331
2022-10-04,2666.612972771875,2726.502788091317,2660.496426210475,2720.47412109375,2145875
2022-10-06,2737.943814323573,2749.3849167299395,2721.6181983015977,2729.97900390625,1790816
2022-10-07,2725.9745822630443,2732.663312710145,2691.387421404363,2697.371826171875,1939879
2022-10-10,2649.055370612203,2752.0252969781927,2644.6549464085288,2744.588623046875,3064063
2022-10-11,2728.263634488749,2767.867461441005,2687.2077531607156,2701.465087890625,4730645
2022-10-12,2714.97390779249,2736.9760309872313,2694.8640961111873,2728.92333984375,1665247
2022-10-13,2728.9224892076754,2737.0632722521555,2686.32647792611,2731.166748046875,2054781
2022-10-14,2767.867116880432,2772.2675415495582,2702.7408317773634,2727.51513671875,2245977
2022-10-17,2711.19142977343,2760.3831460488755,2710.1326377090127,2745.69189453125,1517005
2022-10-18,2779.4419453117853,2784.1626709744187,2760.515312292103,2774.765380859375,1793722
2022-10-19,2787.3831970318834,2787.3831970318834,2745.9121586461606,2754.603515625,1194289
2022-10-20,2739.7354565904398,2788.265392214425,2739.7354565904398,2785.883056640625,1587601
2022-10-21,2786.324544285981,2788.6185576972553,2759.1477342638077,2768.32421875,1021913
2022-10-24,2797.1780892342567,2804.148668415452,2783.8543262588896,2789.76611328125,260949
2022-10-25,2806.3537912248353,2809.6626504347373,2780.456366973794,2790.118408203125,2069643
2022-10-27,2788.8832750526153,2800.618740078452,2765.6331510594896,2785.971435546875,2438421
2022-10-28,2779.4419971424763,2804.589329497575,2775.0301844485994,2791.13330078125,1355739
2022-10-31,2822.6772870116406,2822.6772870116406,2803.971247418453,2817.515380859375,1919414
2022-11-01,2836.3538362553886,2878.795552389022,2826.6036889900406,2876.236572265625,2991060
2022-11-02,2885.325640459638,2885.325640459638,2843.0163977761526,2860.354736328125,1405955
2022-11-03,2848.3107244829384,2848.3107244829384,2819.1485965425713,2829.516357421875,1422652
2022-11-04,2838.559982987403,2841.251231526313,2793.6917665316887,2838.912841796875,1464013
2022-11-07,2849.1488372988474,2861.325484271074,2819.2368313071347,2853.2958984375,1474498
2022-11-09,2867.5014111081446,2867.5014111081446,2825.0155316957184,2837.7216796875,1162267
2022-11-10,2797.0890301257955,2845.6189659797133,2797.0890301257955,2828.545166015625,1573092
2022-11-11,2884.972500644262,2948.502600302408,2872.1340832542387,2925.869873046875,3265394
2022-11-14,2932.973435040661,2955.0325011886807,2919.7379953518493,2943.12060546875,1342074
2022-11-15,2930.3257883875335,2947.046514255534,2904.7372765347063,2940.561279296875,1400708
2022-11-16,2946.1194888618875,2971.707996357132,2930.7223093324674,2960.634521484375,1748235
2022-11-17,2947.090963487235,2964.7382147656017,2927.4583964400517,2955.0322265625,1417986
2022-11-18,2955.9147721418635,2967.1648955283736,2930.326256203919,2950.13525390625,1164540
2022-11-21,2931.649936695195,2941.5323553991875,2887.972985042399,2897.23779296875,1304194
2022-11-22,2894.1490222996185,2928.5169988553193,2872.3105502563512,2924.987548828125,1149739
2022-11-23,2938.266850281943,2938.266850281943,2903.8547159993614,2919.11962890625,1150011
2022-11-24,2926.135178461049,2993.8123515662937,2919.1204383808163,2982.51806640625,1296591
2022-11-25,2985.0322780039132,3002.9884406892334,2954.1495911194506,2990.89990234375,1588981
2022-11-28,2970.0322052062625,3015.0326931639333,2969.6351851613313,2995.84130859375,2195437
2022-11-29,2985.0323478503824,3025.6210229911208,2985.0323478503824,2997.6943359375,1576028
2022-11-30,2985.0328115260754,3013.1800935776782,2977.9739104051155,2991.915283203125,3410702
2022-12-01,3022.0916277039573,3070.6215662510285,3017.679815108769,3066.783203125,2180856
2022-12-02,3051.297846000532,3060.827188659679,3011.5032111008086,3034.576904296875,2411749
2022-12-05,3029.150113101841,3034.5765556827137,3006.2086907480257,3022.88525390625,1475065
2022-12-06,3000.0771330182374,3007.0477116962575,2971.797367361695,2987.1064453125,1166999
2022-12-07,2972.061936190009,2994.473859666086,2959.4441081486752,2982.9150390625,1167505
2022-12-08,2964.7384302352993,2982.915186541277,2946.605835144837,2956.400146484375,1285619
2022-12-09,2977.1794466521255,2977.1794466521255,2890.928510850785,2905.399169921875,1797896
2022-12-12,2872.5312544502576,2908.2669373884346,2855.413507309817,2899.84033203125,1527610
2022-12-13,2891.6785277132994,2943.958509197416,2883.3844058485947,2940.120361328125,1378016
2022-12-14,2954.8558406430157,2979.73842222779,2947.88504703309,2969.458984375,1213311
2022-12-15,2963.679209913898,2968.929223708033,2910.86972808808,2916.29638671875,1415694
2022-12-16,2889.7375400691258,2904.7377043992556,2845.7958391238103,2859.075439453125,2703680
2022-12-19,2847.384043898269,2863.707751618169,2818.7072600660117,2825.369140625,2120965
2022-12-20,2822.589610027799,2866.7960620653575,2791.4863286526675,2862.340087890625,1529971
2022-12-21,2866.7956690407614,2896.8401542703996,2858.854406799651,2884.0458984375,1432566
2022-12-22,2906.5016446182144,2906.5016446182144,2863.354210925507,2876.236572265625,1384101
2022-12-23,2838.56029430426,2882.54615313989,2838.56029430426,2848.5751953125,1360281
2022-12-26,2848.575474519875,2887.0905170401593,2845.6636347651533,2870.2373046875,870157
2022-12-27,2884.619664842959,2888.678618824853,2851.3546391063023,2876.060791015625,835883
2022-12-28,2867.5018256081944,2881.884378094464,2846.501554071851,2873.943115234375,910795
2022-12-29,2851.00155026507,2886.6489089761594,2848.2661403561187,2884.222412109375,1037927
2022-12-30,2899.487268690152,2910.9138197149614,2864.325037715745,2873.58984375,1163131
2023-01-02,2877.384718156788,2882.546626036524,2854.6197177809076,2877.78173828125,709547
2023-01-03,2869.442736681144,2929.4433843116235,2863.5309512487165,2921.81103515625,1245178
2023-01-04,2917.707917742617,2935.9288318835124,2899.6194872236865,2924.72265625,1231668
2023-01-05,2938.4433252143804,2944.708184643928,2895.8693379101937,2921.59033203125,1826057
2023-01-06,2911.7963885995287,2913.1640936237372,2823.560134399543,2833.75146484375,2488376
2023-01-09,2849.148823161941,2935.6203575905165,2842.2221906134705,2929.399658203125,2885060
2023-01-10,2898.5611652366442,2910.031879132558,2850.119544259817,2899.79638671875,3864655
2023-01-11,2903.0608113950348,2955.4730552710416,2886.3398704670703,2937.119873046875,2720512
2023-01-12,2937.3844994888523,2955.914110329725,2925.516768010586,2942.105224609375,2250391
2023-01-13,2949.649271801032,2981.502641592047,2916.207821977424,2977.576171875,1742837
2023-01-16,2993.323916583658,3025.8110015993384,2976.2231200624447,3008.710205078125,1843607
2023-01-17,3005.0549468178974,3051.800290054043,2996.9331766913624,3048.73193359375,1688475
2023-01-18,3050.17576252535,3076.300744593618,3043.1820163242933,3059.199951171875,2421189
2023-01-19,3050.1765548285357,3056.4934885219677,3033.0305919463635,3043.949951171875,1585044
2023-01-20,3036.6398008661617,3063.3964349074176,3028.157150767711,3034.92529296875,1529349
2023-01-23,3057.395670541336,3085.3706604429835,3028.1573821258276,3081.670654296875,1067916
2023-01-24,3090.784799878651,3115.1049457004037,3083.8362182605956,3100.982177734375,1387863
2023-01-25,3091.056056581995,3099.809477418407,3072.7369055632244,3095.07177734375,874110
2023-01-27,3091.6874086767493,3109.7357881786565,3052.251743528508,3078.1962890625,1785879
2023-01-30,3086.272646280671,3120.970609015345,3055.1843591556817,3098.590576171875,1953798
2023-01-31,3112.4430679566062,3112.4430679566062,3024.0060077479234,3030.95458984375,2820375
2023-02-01,3034.83473656795,3085.3701945661082,3027.615385425356,3075.759521484375,2205161
2023-02-02,3092.5897637316407,3130.491359902265,3086.363161059032,3122.73046875,1813847
2023-02-03,3162.0761001103447,3162.0761001103447,3115.9624021902155,3142.49365234375,1804469
2023-02-06,3134.2363491995434,3134.2363491995434,3101.4787169293004,3122.324462890625,1138714
2023-02-07,3130.4008630130397,3152.149246830875,3123.6327212004912,3133.69482421875,1455647
2023-02-08,3138.658461421749,3194.4729446376878,3138.658461421749,3176.605224609375,1986946
2023-02-09,3172.003188304031,3201.422139571356,3163.249766954506,3195.330810546875,1655427
2023-02-10,3176.5147978181903,3196.683950073236,3165.8210448180002,3192.352294921875,1187821
2023-02-13,3202.6849319015614,3202.6849319015614,3134.461969485681,3142.583740234375,1087939
2023-02-14,3162.9786498154,3180.8917554026953,3153.954459659008,3158.556884765625,1579818
2023-02-15,3146.7350075745903,3181.929348066534,3122.504969647513,3177.101318359375,1429449
2023-02-16,3183.0123357780853,3226.148009166878,3182.8318960368056,3210.85205078125,1618931
2023-02-17,3182.0646250812088,3193.570467173406,3149.442266805479,3159.504150390625,1061369
2023-02-20,3160.271619935647,3178.3200015457874,3135.951469779414,3147.006103515625,1296082
2023-02-21,3153.0520648453344,3166.498020154709,3108.607927983963,3114.248046875,1139541
2023-02-22,3081.7158621873755,3110.638436535389,3063.712646370074,3069.62353515625,1218430
2023-02-23,3087.175595807029,3115.5114660865815,3075.444148059151,3080.67822265625,1441570
2023-02-24,3088.5287523343754,3098.861404900383,3052.2515558298396,3068.63037109375,977592
2023-02-27,3059.2006789935385,3059.2006789935385,2992.421667121703,3006.72509765625,1128022
2023-02-28,3003.701381280899,3061.004982816527,2977.8921119899733,2989.57861328125,4116217
2023-03-01,2998.737959955803,3058.297606467113,2991.518608863523,3055.319580078125,1669307
2023-03-02,3033.0300687433623,3041.0615092127086,2994.22605417747,2997.33935546875,1556538
2023-03-03,3026.713529386069,3030.3232056286283,3006.0482210242776,3016.019775390625,1043190
2023-03-06,3033.842531496865,3072.691715860364,3031.2256043654165,3042.82177734375,1334132
2023-03-08,3035.7375059029696,3064.614913806922,3005.8224042793245,3059.561279296875,1844590
2023-03-09,3054.6884491786423,3054.6884491786423,3005.82254630904,3011.237060546875,1648500
2023-03-10,2989.6241340532706,3011.598127160692,2968.9588248883592,3005.9580078125,1024404
2023-03-13,3007.762627347276,3040.97169171865,2952.7150665107374,2961.694091796875,1901233
2023-03-14,2959.934084802029,2981.9530185255367,2896.223220337673,2901.231689453125,2670334
2023-03-15,2932.861497795797,2942.2016217694713,2880.521200296672,2886.747802734375,1780522
2023-03-16,2894.959981480573,2905.608569116776,2862.4728993941326,2874.204345703125,1901060
2023-03-17,2843.0710795687405,2907.0524989935184,2837.2053560273353,2869.060791015625,6739966
2023-03-20,2860.3520931076205,2860.3520931076205,2793.031772654829,2836.573486328125,2289468
2023-03-21,2836.5736038648693,2848.7110949967246,2795.197605797223,2803.003662109375,1815297
2023-03-22,2824.6168868615287,2836.7543794303024,2803.0039939479107,2825.293701171875,1123939
2023-03-23,2810.9445796742175,2839.3258306983194,2798.4010449295647,2819.7431640625,1372218
2023-03-24,2841.6269006823486,2860.668028367099,2802.9132164379207,2815.998291015625,1329577
2023-03-27,2829.083234491425,2845.1011698701245,2802.913086548761,2817.62255859375,1524217
2023-03-28,2821.864106617975,2842.2136983642395,2806.6582589143677,2811.84716796875,1303530
2023-03-29,2823.6689236329594,2842.6197217781473,2801.1987796733742,2832.602783203125,1740616
2023-03-31,2878.6718884834154,2899.472693701478,2844.425126220684,2893.0654296875,2382581
2023-04-03,2910.2555399514736,2910.2555399514736,2864.0517402648925,2887.740234375,1521830
2023-04-05,2874.6555889687143,2945.8114118907883,2874.6555889687143,2923.656982421875,2655065
2023-04-06,2910.3008553601517,2939.4941939275836,2901.2766666613607,2906.42041015625,1703464
2023-04-10,2905.7894456494955,2952.715237939487,2901.277350236996,2944.954345703125,2203187
2023-04-11,2945.4952314789316,2953.57183641114,2880.656346666499,2900.19384765625,2348779
2023-04-12,2912.9630768697316,2942.742900903807,2886.8380934850798,2925.326171875,2417727
2023-04-13,2896.7652748184937,2914.813656593064,2869.692702156639,2877.67919921875,4174070
2023-04-17,2828.2715566379666,2854.7122578378658,2770.6520137188445,2833.14453125,5505048
2023-04-18,2847.08654077672,2848.8012689229336,2807.064393679631,2825.248046875,2617302
2023-04-19,2825.2479750497077,2833.595349886156,2771.7796551513784,2788.113525390625,3298034
2023-04-20,2788.4744781128575,2809.230113386837,2777.6454510133904,2801.830322265625,2419999
2023-04-21,2806.5235197896136,2855.6601978009526,2798.221307781645,2852.41162109375,1929184
2023-04-24,2843.612228270697,2870.5492997183014,2821.096700902608,2864.99951171875,1640676
2023-04-25,2872.3999413939505,2879.7997338116465,2840.3640639451646,2866.0830078125,2024090
2023-04-26,2870.5948910586885,2895.3210839802464,2870.5948910586885,2886.0712890625,2000029
2023-04-27,2874.205094976253,2887.019403298582,2861.2552915863,2876.8671875,2434446
2023-04-28,2888.101618768192,2912.331656535757,2884.3566681237626,2905.1123046875,2931312
2023-05-02,2919.325382723846,2919.325382723846,2896.7649083596743,2905.24755859375,2321159
2023-05-03,2902.1789705386695,2902.1789705386695,2863.5102353696716,2869.6015625,2468285
2023-05-04,2869.8272809192304,2909.8044809182966,2867.8871684758333,2906.42041015625,1953253
2023-05-05,2905.788985628069,2927.447040179334,2896.809961242115,2915.44482421875,1710027
2023-05-08,2928.349685732607,2937.2386011027506,2915.9865893662864,2933.4033203125,928235
2023-05-09,2935.2078913616624,2976.177622538405,2929.2518383140277,2962.866943359375,1107375
2023-05-10,2968.958986262299,2983.8489021508485,2947.346091808718,2966.0712890625,1559987
2023-05-11,2986.1045506418404,2986.7361998952592,2952.715046751315,2961.87451171875,1719623
2023-05-12,2959.1673717339913,2968.95870665941,2941.886134866163,2954.790771484375,1027479
2023-05-15,2963.5444233475855,2970.763776388627,2931.3732694853115,2937.41943359375,1150390
2023-05-16,2938.456635647952,2964.446346309158,2933.2677265181874,2940.21630859375,986306
2023-05-17,2938.2308468250335,2959.9340659758723,2886.161319057114,2895.591552734375,1588815
2023-05-18,2911.1582258666713,2913.8654825847825,2883.228404788249,2887.605224609375,1369364
2023-05-19,2896.764912019686,2918.8741769245094,2890.4931442019483,2908.361083984375,1152449
2023-05-22,2914.813188789529,2985.6079108748772,2903.126907529479,2976.809326171875,1333243
2023-05-23,2983.397162487744,3003.2052151323046,2969.048788762343,2975.320556640625,1687418
2023-05-24,2956.3248539856777,2993.5044753630923,2956.3248539856777,2981.006103515625,1016555
2023-05-25,2972.5681528543437,2983.3971807335947,2948.293170151878,2972.116943359375,1374917
2023-05-26,2972.1167142054805,3012.8608403328844,2969.8606669045807,3004.062255859375,1791115
2023-05-29,3032.849480091868,3042.9565276981425,2988.811393753336,2996.3466796875,1210372
2023-05-30,2991.5187038651916,3002.302565838326,2979.200773799653,2992.6015625,1344224
2023-05-31,2986.1042492714746,3002.9794392550057,2946.5330909329136,2968.507080078125,5815424
2023-06-01,2990.6164353941035,3014.0793283694343,2975.7265225443743,2999.640625,1177314
2023-06-02,3001.671241441304,3010.379496788302,2975.6815298082374,2983.036376953125,2030661
2023-06-05,2991.518552654102,3002.3475790890493,2964.4911515736353,2967.96533203125,1861468
2023-06-06,2959.934505084444,2967.921001860694,2906.3309012594705,2916.88916015625,2022849
2023-06-07,2935.56841484152,2958.8960294127637,2924.739389025935,2955.331298828125,1567196
2023-06-08,2942.7882185183284,2950.9099891306146,2917.520487724549,2920.6337890625,1759366
2023-06-09,2928.349367716642,2932.8614622739865,2892.568546003746,2896.133056640625,1775689
2023-06-12,2901.2768888171727,2936.832106886092,2897.667213061257,2930.06396484375,2324605
2023-06-13,2941.88549693874,2946.3975912591977,2922.9347007928154,2927.176025390625,1371928
2023-06-14,2927.1762148240855,2938.140736922636,2911.068169247874,2933.80908203125,1658544
2023-06-15,2950.4011606002655,2952.3557023297635,2918.308810597265,2924.036376953125,2273810
2023-06-16,2906.489819361,2908.6716434866084,2869.2154738515223,2886.39794921875,4156189
2023-06-19,2900.1259479423184,2922.7632059010452,2886.4889920742507,2918.672119140625,1468186
2023-06-20,2921.944618191877,2938.7635277863233,2910.1714258668903,2934.399658203125,1528452
2023-06-21,2954.674080653028,2965.0380794151984,2930.991187092349,2962.12890625,1645987
2023-06-22,2963.7650532654006,2970.7198119240816,2936.5821435529915,2944.21875,1529603
2023-06-23,2943.1275340242505,2954.127877366656,2917.5353831715756,2924.081298828125,1119505
2023-06-26,2913.762857251765,2921.8540288219324,2884.670685198081,2899.8076171875,1978803
2023-06-27,2911.035228452272,2917.989986483776,2893.1254058850895,2906.807861328125,863542
2023-06-28,2916.490450350226,2937.354949548723,2903.2170571492807,2923.263427734375,1575872
2023-06-30,2927.39956983638,3009.221296943608,2922.035789841607,3002.175537109375,2672406
2023-07-03,3013.130987303054,3017.2220741820643,2971.720052392161,2974.947509765625,1687264
2023-07-04,2991.0390723859205,3013.767332814385,2979.493160479394,3008.17626953125,1656681
2023-07-05,3018.312834894104,3026.495008241709,3004.6758793147633,3018.267333984375,1453008
2023-07-06,3006.085313308048,3025.9951812448,3001.9487253976645,3020.949462890625,1848238
2023-07-07,3001.9483663386086,3051.8595329506525,3001.9483663386086,3026.72216796875,1789326
2023-07-10,3022.6312796193856,3022.6312796193856,2968.4925202267236,2974.629150390625,1407431
2023-07-11,2995.5847665765177,2995.5847665765177,2964.4925502644905,2975.038330078125,1110172
2023-07-12,2982.811557100714,2990.2663825284512,2954.7650154067746,2963.67431640625,1515240
2023-07-13,2985.584476908502,3061.4513705800982,2975.356759075,3036.995849609375,4585146
2023-07-14,3059.224101462586,3204.548699195468,3047.405405082493,3195.275390625,6306101
2023-07-17,3191.0475301955958,3227.3217423976093,3161.0917295383088,3174.410400390625,2743228
2023-07-18,3160.1373155444444,3203.775575367843,3150.1368810015824,3179.0927734375,2600090
2023-07-19,3181.9566850121278,3197.275622406531,3132.545354564023,3154.728271484375,2405370
2023-07-20,3147.4816096060504,3170.9979886535184,3131.940584552698,3156.77880859375,1715404
2023-07-21,3102.772940548675,3130.892412746542,3061.755687476042,3070.18701171875,3770223
2023-07-24,3081.762606135278,3111.3405552900845,3073.6503948838067,3094.295654296875,1680132
2023-07-25,3096.8027636160755,3105.2797075197404,3081.033863241791,3098.306640625,1272980
2023-07-26,3099.4005458932415,3118.0861839499244,3085.4090157010746,3088.4169921875,1066803
2023-07-27,3094.4782454445894,3109.700159270894,3085.454538799316,3096.255615234375,1701769
2023-07-28,3085.408792220562,3093.3387496319633,3036.1880906607657,3058.428466796875,2599831
2023-07-31,3066.6317666989726,3123.3722948817326,3063.4415361987367,3118.632568359375,2743678
2023-08-01,3112.753983723864,3153.7712397319387,3112.753983723864,3146.52490234375,1956167
2023-08-02,3130.9375831694133,3141.374149337502,3111.477311631999,3136.133056640625,1914899
2023-08-03,3117.3109079687597,3129.3882090010948,3069.913198256954,3099.035400390625,2026351
2023-08-04,3100.2203533858487,3163.7970883064404,3100.2203533858487,3138.776611328125,2248493
2023-08-07,3148.2560679609046,3179.2924970791487,3136.6801334786755,3175.692138671875,1853889
2023-08-08,3175.692417693925,3181.070146163837,3150.6719384869994,3163.432861328125,1634225
2023-08-09,3158.2370582327517,3160.1512856075137,3121.9141376043485,3156.049560546875,1794589
2023-08-10,3144.656039836463,3158.237218937404,3126.4717689822373,3137.455322265625,1096701
2023-08-11,3133.8085791292337,3159.8315628472305,3111.841477925725,3143.5615234375,1679974
2023-08-14,3136.178248707894,3149.2126611026606,3109.1069137543195,3144.5185546875,1190425
2023-08-16,3144.6560351883286,3159.2399472355787,3131.1658720380547,3152.3125,1328445
2023-08-17,3149.2132599891765,3154.499972197025,3111.112748256115,3131.6669921875,1843241
2023-08-18,3108.196534538817,3108.196534538817,3059.4315742461995,3069.093505859375,2526749
2023-08-21,3076.293965445594,3107.96839960833,3073.5594819207536,3100.585205078125,1375579
2023-08-22,3099.081055570498,3109.1074942796968,3067.224369814653,3082.810791015625,1222012
2023-08-23,3088.143265662933,3100.9041882483175,3077.2053320183186,3097.486083984375,1330046
2023-08-24,3106.3730455778173,3110.9761369975763,3079.1194508870794,3087.915283203125,1152881
2023-08-25,3076.2939171345733,3086.138102175971,3053.73442840892,3082.036376953125,1158046
2023-08-28,3093.61170332989,3093.61170332989,3062.7121350822867,3076.794677734375,1037485
2023-08-29,3081.8082530524075,3089.555955621917,3067.1787231057706,3077.341796875,944517
2023-08-30,3097.25786691958,3106.4640490627457,3083.631070604938,3090.831787109375,1188200
2023-08-31,3099.9928470608975,3114.941268101216,3047.7185475864435,3059.704833984375,3417652
2023-09-01,3068.090387808054,3089.054760630272,3059.704683185733,3080.1220703125,1277950
2023-09-04,3079.0283215980144,3129.023882322115,3071.7819850635196,3115.94384765625,1828332
2023-09-05,3117.311177679923,3141.921529082659,3103.7753953952833,3125.833740234375,1501842
2023-09-06,3130.071933045149,3139.095639063221,3097.349371389577,3126.334716796875,1314818
2023-09-07,3127.15492515693,3153.770516220787,3119.4072230217057,3149.44091796875,1885092
2023-09-08,3149.441245179643,3158.3283161992513,3131.029101522507,3137.272705078125,1518917
2023-09-11,3155.593978203435,3177.1963534783295,3140.0985716091377,3172.59326171875,1783604
2023-09-12,3182.9384041965895,3272.1736158051285,3174.7349547012377,3263.879150390625,4476016
2023-09-13,3255.0377963035894,3271.2168221792035,3231.2477030451937,3252.075439453125,1754929
2023-09-14,3254.0805198711637,3279.2832501865755,3231.7945270329637,3244.965576171875,2604721
2023-09-15,3252.0753624763356,3288.079391037457,3247.153159229306,3279.830322265625,2952897
2023-09-18,3263.1954818934582,3298.9716361140518,3258.820264386671,3286.9853515625,1395753
2023-09-20,3263.1500568604156,3304.167306178493,3263.1500568604156,3286.89453125,1649396
2023-09-21,3270.943558229628,3285.937597907689,3215.752523000923,3267.981201171875,2004073
2023-09-22,3266.796010717758,3312.1428582437647,3249.52323591542,3284.706787109375,1989083
2023-09-25,3283.658965024994,3299.6101189147753,3243.6898418366063,3260.552490234375,1238778
2023-09-26,3251.847786603666,3276.7770270409974,3223.0444721045315,3268.345703125,1726062
2023-09-27,3272.2651988981193,3294.141066523065,3241.0008935775677,3271.627197265625,1541134
2023-09-28,3281.380300372871,3283.932529557507,3215.160311935428,3223.728271484375,1755753
2023-09-29,3224.138524411228,3252.6227295109343,3195.2898104993865,3216.2998046875,2243791
2023-10-03,3221.403759691803,3221.403759691803,3172.0920416447743,3202.85498046875,1948148
2023-10-04,3177.7433011944777,3233.982467007632,3169.5398507426544,3224.6396484375,1788138
2023-10-05,3239.4511904452584,3303.2558002739493,3236.8989615455466,3271.672607421875,2990768
2023-10-06,3273.176401347944,3313.236535855373,3258.63811012588,3300.8857421875,2075691
2023-10-09,3322.443395018916,3353.388591798443,3309.6368515412196,3316.33642578125,4233074
2023-10-10,3317.885219860744,3325.1315558006227,3282.610431250672,3307.721923828125,1848148
2023-10-11,3326.9545791162677,3326.9545791162677,3285.9373308805875,3290.403564453125,2426417
2023-10-12,3258.5923519076296,3271.0341609654283,3224.9582988828793,3229.014404296875,4241281
2023-10-13,3217.575662499397,3260.4159050312583,3213.018189889624,3254.810302734375,2890357
2023-10-16,3250.389494786418,3258.273833459736,3207.6404903319494,3212.15234375,1671104
2023-10-17,3217.5754919446927,3221.3581049971613,3193.284253235353,3196.65673828125,1672065
2023-10-18,3200.2568789933416,3210.9213191020513,3175.646529881174,3178.60888671875,1408245
2023-10-19,3170.6127629599455,3177.3296712861907,3154.5288620352453,3157.955810546875,1514545
2023-10-20,3153.1578999999892,3198.028165823499,3147.355068054905,3193.504638671875,1481211
2023-10-23,3173.811234327899,3179.2486146541296,3108.288023694424,3116.37548828125,1106272
2023-10-25,3098.4179421137346,3129.9458639550335,3086.263655158993,3098.052490234375,1518537
2023-10-26,3077.9024700555783,3083.065649974906,3043.1303207181386,3049.298828125,1984471
2023-10-27,3061.4075190461313,3072.3737549352513,3049.5274301662507,3062.275634765625,1108851
2023-10-30,3061.4074995333685,3091.4276593319496,3046.557388528169,3087.498046875,910972
2023-10-31,3106.1862890625,3106.1862890625,3061.4532301686027,3078.542236328125,999811
2023-11-01,3065.9765288100825,3081.14657643751,3025.767000563393,3043.72412109375,1563475
2023-11-02,3055.193202126613,3085.1218868690776,3055.193202126613,3070.637451171875,1245384
2023-11-03,3090.6506520884154,3096.0422952066797,3056.1984407717223,3062.229736328125,1402598
2023-11-06,3084.2537855610026,3100.063486624272,3069.6321379850096,3089.051513671875,1099852
2023-11-07,3086.99533768145,3110.8925036423684,3076.0291020236123,3080.095703125,1191144
2023-11-08,3081.009254460664,3108.8817673622384,3079.273023228274,3090.2392578125,992899
2023-11-09,3098.053359598878,3099.332664644226,3054.142675279032,3059.077392578125,2112352
2023-11-10,3050.441278848814,3059.0771449775716,3036.139568807074,3046.283203125,1338557
2023-11-13,3066.890289328859,3066.890289328859,3040.388555601047,3044.546630859375,1030990
2023-11-15,3091.6561463483945,3118.9802615645867,3066.9363782941077,3111.02978515625,2059802
2023-11-16,3134.561714373673,3225.3073673120084,3120.077054215627,3196.52099609375,3951984
2023-11-17,3196.5205315189633,3220.874622639635,3191.6770664120663,3200.72412109375,2021292
2023-11-20,3190.4893941274177,3229.4651366518156,3190.4893941274177,3216.397216796875,1475621
2023-11-21,3216.396992381275,3234.171387970376,3199.39923794906,3207.806640625,1807236
2023-11-22,3198.485265113703,3228.3224741290987,3181.2135339255397,3226.037841796875,1798051
2023-11-23,3225.9009601530765,3238.694901638103,3198.485371256592,3206.024658203125,2729804
2023-11-24,3193.230799217134,3202.643529603171,3155.5343635105573,3159.28125,1989733
2023-11-28,3159.2806979209345,3181.3501544527285,3137.256755543617,3171.206298828125,1689195
2023-11-29,3181.122097340804,3214.934656261117,3176.37010665481,3211.05078125,1441634
2023-11-30,3197.982587796699,3213.7008135539186,3181.1220458782195,3187.153564453125,3266235
2023-12-01,3198.4852942750963,3213.9750570070746,3189.3925021316686,3209.131591796875,1172141
2023-12-04,3239.2888137345485,3242.167584431117,3196.657662284584,3209.86279296875,1625213
2023-12-05,3233.21185109275,3233.21185109275,3201.0442707403495,3227.36328125,1377656
2023-12-06,3228.2771864947563,3301.6138895051217,3221.4688031800893,3293.61767578125,1896572
2023-12-07,3294.4397617823906,3317.788748405097,3282.2854733793333,3303.48681640625,1967653
2023-12-08,3320.0273369916845,3330.993570970187,3291.7436364771834,3314.27001953125,1641155
2023-12-11,3310.797648664154,3338.304710750083,3303.5782998526,3329.07470703125,1102503
2023-12-12,3325.4651621953826,3379.7936756866497,3318.2000758331174,3355.759521484375,2236866
2023-12-13,3329.6687183950803,3335.563024872104,3256.0578240052896,3283.97607421875,3850968
2023-12-14,3317.2861268874835,3361.15106740831,3315.0929691048923,3351.3271484375,3290396
2023-12-15,3350.824789993706,3560.3255927142964,3350.824789993706,3528.386474609375,8531230
2023-12-18,3525.7363506427123,3590.528439137833,3500.19398079059,3526.741455078125,2521612
2023-12-19,3513.7645660221524,3522.9945699903956,3463.5026541544753,3487.445556640625,2004435
2023-12-20,3497.543479836221,3562.9296988605265,3442.072653930527,3454.40966796875,2586083
2023-12-21,3432.6598710163985,3478.7637040633026,3420.871258140413,3461.2177734375,1517562
2023-12-22,3472.6410167486597,3514.6325128426206,3437.9146065811733,3494.573486328125,2413058
2023-12-26,3490.78113326196,3503.71206271633,3463.6395233033168,3468.574462890625,1285231
2023-12-27,3471.727259647645,3489.2731911736523,3443.3978189924524,3482.876220703125,1293976
2023-12-28,3494.5735047759663,3507.367445431527,3465.421686382815,3472.549560546875,1682889
2023-12-29,3465.33055833123,3493.2945492321064,3441.0219794117156,3466.60986328125,1574996
2024-01-01,3463.5025264784085,3501.884348671573,3447.9670270192705,3482.784912109375,825907
2024-01-02,3482.7849604684966,3482.7849604684966,3442.7124205931514,3457.288330078125,1344068
2024-01-03,3442.483985684402,3446.9162616362587,3369.4214885871284,3373.716552734375,1803075
2024-01-04,3382.8548848897744,3398.6188470061647,3336.4768514169155,3350.915771484375,3598144
2024-01-05,3358.409607550091,3424.8924099852666,3358.2726188503784,3415.890869140625,1963127
2024-01-08,3415.8905458931986,3417.581262942363,3356.033183042012,3361.425048828125,1067805
2024-01-09,3390.349165935751,3429.0966701233606,3365.4924069544254,3372.0263671875,1370944
2024-01-10,3372.1170435014856,3407.9857681511967,3370.289337786851,3393.181396484375,1292227
2024-01-11,3403.1881186966993,3447.966909732182,3387.6526197660214,3413.7431640625,1777909
2024-01-12,3516.5062216937445,3568.824304124089,3492.3805925763054,3548.308349609375,6813450
2024-01-15,3618.8577598512566,3623.4270246995534,3550.318787126801,3567.499267578125,2801505
2024-01-16,3563.1126115927123,3563.1126115927123,3523.405745987789,3528.660400390625,1432672
2024-01-17,3490.0042844962854,3573.1191625440915,3484.109977812694,3549.953125,3458696
2024-01-18,3562.198531252639,3572.06818699225,3529.299827526345,3566.40234375,2239110
2024-01-19,3630.266062846807,3647.336180140823,3602.7055327268636,3628.4716796875,2941975
2024-01-23,3588.8564239879643,3620.0517784235876,3536.1738521230127,3550.437255859375,2618854
2024-01-24,3570.451902905774,3573.810614444089,3501.987657313185,3535.299560546875,2657709
2024-01-25,3533.550125022533,3552.966842803567,3477.2327468057833,3506.311767578125,2205154
2024-01-29,3497.5699073043315,3515.2380746842937,3479.2115753809107,3497.75390625,1646747
2024-01-30,3503.6895122527035,3540.820457055553,3484.871069366822,3497.340087890625,1411621
2024-01-31,3507.140432085803,3528.12148113154,3493.5671947757637,3511.511474609375,2459358
2024-02-01,3515.2384129880293,3593.3649569612444,3501.481176697016,3546.663818359375,2363107
2024-02-02,3565.896668660393,3666.522537605696,3563.089954213246,3649.86669921875,2826510
2024-02-05,3665.2341894937504,3701.1227492201515,3646.0016922235036,3656.30810546875,1691523
2024-02-06,3678.1170862666413,3818.818548187844,3671.675550213635,3806.027587890625,4474396
2024-02-07,3821.671387213115,3823.511826118587,3748.927994541734,3757.6240234375,2124267
2024-02-08,3763.6980125639025,3826.2729428461384,3760.0631902227506,3804.27978515625,2345173
2024-02-09,3806.533887272955,3850.8886480018823,3772.9000434452996,3803.91162109375,2100596
2024-02-12,3800.5065922172184,3827.745179692485,3778.007045373113,3791.94873046875,1013716
2024-02-13,3796.3193423865514,3837.3149373465553,3755.8755196115026,3818.450439453125,1257415
2024-02-14,3779.3418569478044,3786.6115018451833,3726.429230511355,3772.992431640625,1391283
2024-02-15,3798.6657441778602,3815.505579737829,3757.255870513131,3775.844482421875,1091582
2024-02-16,3785.092771105926,3817.024566750078,3772.9919748251077,3798.94189453125,1307556
2024-02-19,3794.1104639012988,3798.9416158104596,3731.4897126948135,3776.396240234375,772291
2024-02-20,3756.4282382838423,3771.059638965151,3690.0803202172415,3709.082763671875,1193648
2024-02-21,3692.8406262355356,3739.1737650742916,3663.0256061355944,3673.055908203125,1885939
2024-02-22,3654.191483338692,3768.252640712782,3654.191483338692,3761.029052734375,2982052
2024-02-23,3800.5065425299695,3800.5065425299695,3723.5761023123614,3728.821533203125,2538072
2024-02-26,3714.0058645493514,3726.888937419443,3665.0041766684662,3681.84423828125,1379284
2024-02-27,3679.9574496143205,3794.984876771557,3679.9574496143205,3776.948486328125,2960475
2024-02-28,3768.850920451233,3823.4197548467,3762.7773821335977,3790.338134765625,1939225
2024-02-29,3771.980123981058,3807.960800049634,3740.2786038316485,3768.391357421875,3772719
2024-03-01,3779.5255936695676,3809.708612609149,3760.752981650241,3767.70068359375,2043265
2024-03-04,3777.500781504877,3789.371522353806,3750.722306075315,3755.139404296875,1749271
2024-03-05,3737.9313106921068,3739.7717495452293,3662.473317714078,3692.012451171875,2070859
2024-03-06,3675.4026769184316,3747.1337408010263,3642.642773405773,3740.048095703125,1744204
2024-03-07,3740.691579733488,3794.9845202511456,3715.5695470698524,3780.813232421875,2688905
2024-03-11,3762.77763005425,3821.671679534189,3762.77763005425,3793.467041015625,2304068
2024-03-12,3793.4670286122573,3892.482738841845,3792.270473640545,3857.790283203125,4039801
2024-03-13,3869.522767451965,3902.6506674824695,3802.2546361359555,3817.990478515625,2837260
2024-03-14,3822.0854919676153,3887.9270110877537,3760.0165129714937,3871.915283203125,2919608
2024-03-15,3858.112955192272,3900.811056652545,3843.7574389331635,3882.63671875,3373143
2024-03-18,3878.955694341229,3915.304368779632,3789.326394578565,3821.2119140625,1526904
2024-03-19,3728.0391998604628,3734.250681402964,3650.142710085243,3659.989013671875,8931209
2024-03-20,3667.9945238818095,3697.441544645537,3644.252818458466,3654.09912109375,1817913
2024-03-21,3671.7219275853204,3688.6078209191865,3633.0266519750294,3655.986083984375,3829582
2024-03-22,3586.095026445395,3623.824022104687,3547.4458113797787,3598.885986328125,5852485
2024-03-26,3565.850574289269,3631.8302677248153,3562.5837501208753,3568.151123046875,3440925
2024-03-27,3578.273979162395,3584.255406670317,3523.8889099559356,3534.471435546875,1968575
2024-03-28,3542.9374116432614,3602.6595711179307,3534.103214017475,3567.047119140625,4311783
2024-04-01,3586.739062839471,3619.4989629098145,3577.8590356125146,3604.269287109375,1569676
2024-04-02,3579.6540467417585,3597.920494660374,3564.0103144038126,3573.94873046875,2142666
2024-04-03,3543.7651451703696,3663.3936751293795,3543.7651451703696,3632.38232421875,3973090
2024-04-04,3658.700888118243,3707.2424702980325,3621.2940525690565,3683.9150390625,3394637
2024-04-05,3660.632928826098,3682.7181953650183,3644.529088641468,3661.783203125,1636819
2024-04-08,3665.2341685019233,3710.9229755652163,3644.0691205793664,3655.617919921875,2302538
2024-04-09,3666.1543123632814,3695.463391899339,3611.9074203697137,3631.692138671875,1876992
2024-04-10,3640.756241235992,3671.859704425388,3605.419903259126,3666.75244140625,2101965
2024-04-12,3654.1914342233986,3693.162817777665,3630.725838259486,3682.166015625,4354821
2024-04-15,3682.166211852168,3739.9560412971437,3606.3862709398386,3626.76904296875,4200329
2024-04-16,3590.6965366993572,3615.2663527431537,3554.670032660961,3563.826171875,3051420
2024-04-18,3567.5072338688656,3621.9841868688504,3542.8453047370613,3553.887939453125,3476284
2024-04-19,3531.802482817412,3545.1917216335364,3497.6622490979976,3520.94384765625,2957749
2024-04-22,3530.8821260588365,3568.6111245390066,3507.876639180684,3556.2802734375,1728883
2024-04-23,3567.737068587587,3584.2549637317557,3552.5995026977444,3565.574462890625,1807586
2024-04-24,3579.6536294557072,3587.015384991863,3519.3332000987416,3525.40673828125,1317312
2024-04-25,3507.1406281722816,3564.608292894232,3506.9566291988567,3544.86962890625,2856271
2024-04-26,3547.5841971159175,3567.507084546707,3499.1807851009403,3516.48095703125,2039178
2024-04-29,3531.8025697028056,3568.427352070046,3514.5023975397753,3561.43359375,1110693
2024-04-30,3563.0895379766434,3572.061677179968,3506.0359348375546,3515.836181640625,2203078
2024-05-02,3476.63503445836,3562.261496663186,3476.63503445836,3555.083740234375,2491044
2024-05-03,3579.7919924770404,3582.9669296548414,3494.625852857069,3536.771728515625,2962234
2024-05-06,3545.6058231496777,3625.618865765193,3545.6058231496777,3608.226806640625,2053831
2024-05-07,3617.1983629119873,3669.834866210911,3601.2785227974928,3661.5068359375,2062112
2024-05-08,3644.9892925462136,3666.4304509643703,3624.3764664424393,3659.666748046875,1247685
2024-05-09,3645.9096138402,3654.191589237616,3598.1042563399305,3644.253173828125,1726486
2024-05-10,3646.4621845728734,3656.584599916785,3575.0991114656995,3583.242919921875,1672489
2024-05-13,3574.5928311660427,3639.4683092448704,3561.2496477313903,3632.8427734375,931326
2024-05-14,3621.983888045264,3631.0020839186186,3582.322338430397,3589.960205078125,1058317
2024-05-15,3592.996713752849,3613.655594732349,3566.3103506592815,3570.8193359375,1115021
2024-05-16,3606.691382121437,3623.7463967829854,3562.5704760290073,3615.8212890625,2599399
2024-05-17,3632.551307480913,3633.478215188869,3550.056521472798,3553.85693359375,2765804
2024-05-21,3550.613121462056,3563.728776359017,3531.5651208470945,3540.97314453125,1908117
2024-05-22,3554.691856559483,3560.485031032363,3538.5173586903757,3551.9111328125,1311168
2024-05-23,3560.2067218121256,3619.575215874568,3545.886040544983,3608.869384765625,2095742
2024-05-24,3594.7801911641072,3599.924574735908,3563.3117164748414,3568.131591796875,1309452
2024-05-27,3573.229711889253,3622.680335515065,3560.577510431646,3565.86083984375,1841538
2024-05-28,3576.0100306264594,3587.132923412234,3550.0566141263193,3559.23291015625,1801993
2024-05-29,3567.5756380844864,3567.5756380844864,3522.2499334071467,3525.633056640625,1568095
2024-05-30,3500.930948347214,3517.0590544137885,3443.8797249385125,3463.0205078125,2919230
2024-05-31,3466.635356473782,3475.7190986563346,3386.6895544695403,3402.63232421875,10956800
2024-06-03,3459.961773430714,3477.3412961491067,3425.851518249575,3432.200927734375,2156773
2024-06-04,3429.5587856451884,3471.269635740873,3328.989291525593,3443.46240234375,3395997
2024-06-05,3444.389471569407,3507.2338672517226,3429.5589463958036,3472.61376953125,2799670
2024-06-06,3504.6383361596722,3559.233114194575,3468.0254786409455,3550.427490234375,4328036
2024-06-07,3556.8232840964106,3628.8439736397468,3556.8232840964106,3609.33251953125,4552445
2024-06-10,3610.305978999996,3620.409183775903,3561.0870829656333,3576.6591796875,1734661
2024-06-11,3563.960611925237,3596.3559953752433,3560.2529805994373,3570.541748046875,1419898
2024-06-12,3591.2112432293293,3608.9152715121113,3547.6929702664606,3551.5859375,2177001
2024-06-13,3574.897910867656,3605.6712033854537,3570.448708339529,3594.687255859375,1932323
2024-06-14,3604.7441367037127,3604.7441367037127,3548.2027655700213,3551.956787109375,1860730
2024-06-18,3546.395689059985,3561.179823442644,3517.661546809407,3536.24609375,1774045
2024-06-19,3547.8784064893566,3553.6254156533255,3515.7147523909116,3523.8251953125,1509050
2024-06-20,3518.5423287531353,3531.472648479764,3503.7581932579333,3510.431884765625,2846526
2024-06-21,3547.2761188024833,3594.363079879569,3520.4421834921905,3532.2138671875,4642195
2024-06-24,3530.359880582307,3575.0831793648726,3514.185385660008,3537.821533203125,1702154
2024-06-25,3538.007033326123,3566.41666656242,3515.668465075754,3557.88916015625,1338808
2024-06-26,3563.4965970944363,3584.3056293758546,3560.2524201950137,3574.01708984375,1639845
2024-06-27,3550.983551295317,3653.870310416638,3539.0265319698215,3646.593994140625,4526556
2024-06-28,3631.439292021709,3670.554754499888,3612.947527343435,3618.786865234375,2731571
2024-07-01,3600.1098911444064,3709.206893822337,3600.1098911444064,3687.424560546875,2658723
2024-07-02,3701.699295599757,3729.320968607394,3691.456918555691,3723.759521484375,2307449
2024-07-03,3726.1690969595234,3731.8233246647856,3665.920094147989,3675.4208984375,1821198
2024-07-04,3707.4921862442698,3751.5203059355035,3691.039573096493,3727.0498046875,2518001
2024-07-05,3716.9006123476197,3732.426319394209,3696.5086389132935,3718.569091796875,1668616
2024-07-08,3728.023360391662,3736.597257975855,3687.2858057778326,3701.328369140625,1758882
2024-07-09,3693.7274640836704,3714.0730443794923,3684.551167677433,3694.19091796875,1305801
2024-07-10,3692.522156827311,3710.6896382538157,3616.793843045769,3623.421142578125,2669716
2024-07-11,3643.6744309405326,3689.092911509367,3610.8619865173036,3636.907958984375,4872189
2024-07-12,3689.092499121807,3892.96602065641,3681.028447712036,3878.135498046875,13509164
2024-07-15,3926.1029828505975,3930.088504778696,3853.201332828978,3864.463623046875,4848030
2024-07-16,3867.0595933422346,3887.961184556231,3841.9402998086507,3873.038330078125,2029521
2024-07-18,3855.936374706022,4008.876158798929,3855.936374706022,4000.11669921875,5613364
2024-07-19,4011.12633936727,4049.543087779747,3981.2571303488753,3997.1904296875,3903354
2024-07-22,3994.9147516811868,4013.4959657428576,3962.443898651249,3983.20849609375,1896386
2024-07-23,3979.1663862285477,4052.283633900068,3963.6508933891937,3997.143798828125,2365208
2024-07-24,3983.347204111484,4031.2868203752514,3965.3235197357376,4000.76708984375,1809793
2024-07-25,3990.3153350812427,4034.9102445303465,3970.991055777116,4015.864501953125,2810342
2024-07-26,4041.4133370768022,4108.723954458355,4029.3818216621617,4076.578369140625,3552210
2024-07-29,4101.8026818187545,4116.66765190009,4060.924014095079,4070.3076171875,1746803
2024-07-30,4079.5986064390754,4086.0090346598195,4020.324260489949,4055.67529296875,1797906
2024-07-31,4041.4139618583135,4100.87384543508,4036.7686584538783,4074.25634765625,2330091
2024-08-01,4087.3092654244533,4105.797481325745,4055.395941895072,4085.172607421875,2202244
2024-08-02,4055.349340765276,4086.0083392177967,3967.088587644382,3979.212646484375,2811282
2024-08-05,3938.287536567773,3938.287536567773,3818.903259981559,3860.292724609375,2787771
2024-08-06,3875.065586406783,3956.1723973259723,3865.6352581703713,3875.2978515625,2203067
2024-08-07,3928.06833926144,3943.8160983795406,3883.7519658026845,3902.472900390625,1237666
2024-08-08,3884.4029908785824,3931.78508906916,3864.89271515305,3876.55224609375,2441283
2024-08-09,3917.8481873983887,3951.8981645067097,3907.2102630563363,3928.7646484375,1302536
2024-08-12,3929.925768888931,3938.2873130780567,3889.3723703002343,3898.012451171875,936912
2024-08-13,3914.1319429077616,3933.64221368893,3886.260127506092,3899.220703125,1495593
2024-08-14,3910.4163685993976,4000.7212473784566,3891.0453628588666,3990.5478515625,3226545
2024-08-16,4041.4130806152543,4112.950737444536,4018.279565434088,4102.77734375,3457058
2024-08-19,4107.376754658791,4175.430440991918,4078.901139092339,4171.48193359375,2055210
2024-08-20,4185.418293173432,4241.161933038117,4180.772989851375,4202.419921875,2212298
2024-08-21,4197.496096539259,4236.516644581457,4173.851321089861,4228.61962890625,1896990
2024-08-22,4236.516374666815,4237.39916370202,4178.171549911448,4182.630859375,1829872
2024-08-23,4180.773068059991,4186.347432150737,4138.965337379391,4147.23388671875,1809253
2024-08-26,4170.5527823500615,4229.222864979793,4166.836540173764,4183.048828125,1844164
2024-08-27,4185.4182168111465,4190.06352004845,4168.509131570201,4178.125,930697
2024-08-28,4179.612080899268,4238.839704162915,4141.102331061256,4186.39404296875,1848058
2024-08-29,4143.61019488178,4232.8000107357375,4143.61019488178,4191.7353515625,2133641
2024-08-30,4180.772468175268,4266.47830377286,4169.437748026632,4230.70947265625,3637222
2024-09-02,4251.3811612563195,4262.5298880777955,4191.921284875112,4200.3291015625,1216500
2024-09-03,4200.330115304317,4232.707974657928,4176.964327096921,4192.24755859375,1717263
2024-09-04,4159.357482985526,4168.694359320059,4121.962798795058,4161.494140625,1265505
2024-09-05,4163.120774045665,4179.843865751271,4138.1754048562225,4158.42919921875,1688793
2024-09-06,4156.570844055927,4198.378570967705,4125.029055295338,4140.5908203125,1649179
2024-09-09,4138.964928860649,4171.714314661398,4116.202944403391,4133.9013671875,1184938
2024-09-10,4127.305445435125,4217.88885396822,4125.447324234446,4188.06591796875,1385591
2024-09-11,4200.700941634944,4226.621639858806,4154.061921274154,4161.58740234375,1325919
2024-09-12,4190.295602177849,4211.0601974701785,4116.94608580757,4197.21728515625,2742216
2024-09-13,4208.644488913913,4224.43851900476,4185.417974074432,4201.76953125,1458786
2024-09-16,4205.857102070119,4223.555524057743,4175.6163626806965,4193.08251953125,1155120
2024-09-17,4193.0829242332575,4214.033060161901,4149.184809090063,4186.02197265625,1699364
2024-09-18,4178.03182491242,4178.03182491242,4014.47088636393,4037.836669921875,2961779
2024-09-19,4078.62174424568,4108.491401339115,3978.0509481369045,3991.383056640625,2927551
2024-09-20,4010.6620715019503,4023.4833814320996,3927.604135103798,3980.93212890625,5447908
2024-09-23,3994.961214328072,4003.694294626154,3951.2953591947185,3965.69580078125,1702319
2024-09-24,3950.039707478886,3986.5983263222847,3939.2162441404075,3968.295654296875,3012026
2024-09-25,3950.6905998877737,3985.2981043185428,3939.2166117170595,3971.50146484375,2713073
2024-09-26,3957.7977213162494,4010.5681761433375,3957.7977213162494,3987.9921875,3964251
2024-09-27,4027.478059812212,4067.4276691713644,3995.007207492202,4003.0439453125,3012477
2024-09-30,3982.7904278069955,3993.7998883936743,3957.8450560075444,3965.69580078125,2503416
2024-10-01,3953.664034258638,3991.012455419667,3941.958232489669,3983.71923828125,1823365
2024-10-03,3960.213258708617,3975.4497597209815,3911.34458715245,3932.480712890625,3350119
2024-10-04,3925.281241847147,3993.102669221074,3924.398452773479,3950.59814453125,2965463
2024-10-07,3970.712881215561,3992.406541726999,3929.3696754195635,3969.737548828125,1472619
2024-10-08,3969.5047586663354,3975.8221898436273,3905.724833607358,3951.52734375,1541867
2024-10-09,3957.7977419626677,3990.3148595609528,3945.441418732449,3951.248046875,1082504
2024-10-10,3951.5275410139975,3989.247497296024,3900.754462961907,3927.51123046875,2378875
2024-10-11,3849.098285072824,3941.0290181370206,3820.7156635830906,3854.858642578125,5759183
2024-10-14,3846.311174442351,3869.909224735711,3829.7740759707513,3843.19873046875,2137590
2024-10-15,3837.9952157049133,3874.1360322446685,3804.502765974405,3824.756103515625,2759474
2024-10-16,3795.212679191423,3823.0844981328532,3778.675354588552,3804.456787109375,2359151
2024-10-17,3821.0402585925135,3836.974010815032,3802.5985417542856,3817.510009765625,2522659
2024-10-18,3809.128265067552,3861.4221966319437,3799.8149930258223,3839.908447265625,2361000
2024-10-21,3848.8025545031073,3855.647899798256,3790.501385728475,3799.675048828125,1595450
2024-10-22,3786.7761613201965,3808.941792786158,3731.222588221232,3739.744140625,1928049
2024-10-23,3724.936169449571,3831.0606256089795,3720.791581721823,3787.009033203125,1966476
2024-10-24,3729.034017325969,3798.8835556125446,3729.034017325969,3769.919189453125,2676744
2024-10-25,3778.440830569176,3810.990668738502,3755.762923689694,3778.906494140625,1759676
2024-10-28,3789.5232343448033,3850.1061056967715,3772.8059589205664,3809.91943359375,1532534
2024-10-29,3814.576544255364,3821.701106275593,3781.2815973687175,3795.39111328125,1445885
2024-10-30,3795.158047833668,3824.960515939356,3781.2347527404995,3804.145263671875,1935002
2024-10-31,3790.501362953683,3798.23142349314,3688.055380171151,3695.925048828125,3740372
2024-11-01,3715.8558850555814,3724.3308260712956,3703.0035243410357,3710.59375,154895
2024-11-04,3693.9228999424704,3717.7647384247807,3644.51594943524,3691.92041015625,2269192
2024-11-05,3670.453574014962,3712.2700726947464,3670.453574014962,3698.626220703125,967590
2024-11-06,3728.6612931693503,3864.8210432401042,3702.258078759821,3855.3681640625,3792017
2024-11-07,3883.35541655753,3916.9759664857033,3804.5184284133866,3865.84619140625,3724349
2024-11-08,3869.663995504092,3883.401069856363,3834.878838313008,3862.21337890625,1648039
2024-11-11,3844.7047206230945,3943.5181622491855,3834.8789468568493,3910.36328125,1406487
2024-11-12,3926.4753642711526,3928.3380186185295,3878.3724067000553,3909.152587890625,1587640
2024-11-13,3891.1780687289943,3908.5472291817673,3847.358853332509,3865.333740234375,1098813
2024-11-14,3851.0378338185446,3874.3210129831064,3833.761896778277,3861.189208984375,1825432
2024-11-18,3923.6812860911455,3923.6812860911455,3716.181551430071,3743.469482421875,3313944
2024-11-19,3743.8421064286954,3848.3835842405188,3738.4405905885956,3762.142822265625,1776233
2024-11-21,3767.124986745769,3811.409636894372,3747.660340835974,3793.15576171875,2384347
2024-11-22,3791.4328432690386,3962.750655117127,3775.6002816538157,3953.111328125,3096553
2024-11-25,3986.0801022933974,4030.8770280377776,3960.1893900708537,4018.769775390625,4052167
2024-11-26,4024.3109738880953,4066.733198149224,4014.0199908461996,4053.787841796875,2060669
2024-11-27,4059.608149405842,4076.7908603023225,4027.104472178454,4035.020751953125,1558993
2024-11-28,4022.401811054281,4041.9132960200004,3942.307679137016,3953.390380859375,2558544
2024-11-29,3930.2005178866866,4003.496145463694,3907.5226111522825,3977.55859375,2017425
2024-12-02,3976.766970418375,3993.7173066183545,3939.560268502564,3982.960205078125,1670944
2024-12-03,4018.071307960362,4027.9898509787527,3972.529502098055,4007.267822265625,2010905
2024-12-04,4017.3260445950987,4085.6858211811555,3994.5085294279797,4055.370849609375,3302642
2024-12-05,4098.584762623309,4180.728007626903,4060.5867928833363,4157.4912109375,3746747
2024-12-06,4147.199797372343,4158.375723168091,4109.713879599103,4140.21484375,1842087
2024-12-09,4126.198190317889,4162.47310676674,4112.321053205062,4146.40771484375,2066639
2024-12-10,4122.193406026578,4185.1975942064855,4109.108442002176,4128.15380859375,2087828
2024-12-11,4127.502045111503,4143.148158287083,4104.358476029229,4123.404296875,1635256
2024-12-12,4125.825703197917,4177.002312539005,4122.054010099808,4149.01611328125,1914642
2024-12-13,4130.390114251639,4186.222911998922,4092.6245200888998,4166.6650390625,1967048
2024-12-16,4152.787550664486,4167.6887843067,4095.045270300907,4111.99560546875,1646224
2024-12-17,4107.152424631981,4128.526563027335,4021.470333233763,4031.249267578125,3225027
2024-12-18,4015.6033671632454,4062.448939888911,3995.020946646264,4049.270751953125,1575404
2024-12-19,3987.942872155441,4064.311698759071,3969.3163290813845,3978.536376953125,3015763
2024-12-20,4031.71487338267,4081.0752079378285,3867.335646043321,3883.9130859375,4116989
2024-12-23,3911.620457771177,3927.406635038312,3832.3180410204754,3872.737548828125,2195338
2024-12-24,3872.737372652853,3928.337783494026,3872.737372652853,3892.481689453125,1181886
2024-12-26,3892.48160931481,3911.527430384508,3858.62777832456,3882.7958984375,1208464
2024-12-27,3877.1153325479127,3893.8328385455884,3862.4469283952276,3878.83837890625,858100
2024-12-30,3865.939198896072,3910.922120659606,3829.6174381740902,3873.203369140625,1527169
2024-12-31,3851.0374473961565,3855.6476983079733,3755.1573706922877,3813.59814453125,1555429
2025-01-01,3813.22564967337,3850.1062943866386,3804.890317466962,3830.036376953125,763161
2025-01-02,3837.0677703855595,3895.741379495824,3815.6008619680624,3888.9892578125,1720835
2025-01-03,3892.9011567771527,3892.9011567771527,3811.270194517517,3818.34814453125,1791953
2025-01-06,3823.563603014824,3864.681605615779,3787.148620607623,3813.78466796875,2085593
2025-01-07,3832.3644200987096,3856.020036180541,3736.0650668596068,3751.664794921875,2669054
2025-01-08,3757.811618423141,3842.6556080381715,3741.839449635328,3826.26416015625,2181277
2025-01-09,3819.372861544339,3853.599136272882,3748.871437714519,3761.490966796875,2392472
2025-01-10,3911.5735588082075,4001.9122814759207,3883.633747673863,3972.715087890625,7894300
2025-01-13,3953.4839382998034,4026.0810749677194,3937.0924887364367,3996.418212890625,4003771
2025-01-14,4006.5694375522967,4017.6521397931906,3929.3156678223904,3942.354248046875,3441709
2025-01-15,3928.338278958004,3964.1479930593564,3918.5129585242826,3957.768310546875,1653474
2025-01-16,3967.4536113637214,3999.118734083526,3903.9837578032057,3917.441162109375,2637705
2025-01-17,3945.5156582213353,3946.179768328342,3888.7499900580783,3911.750244140625,1761466
2025-01-20,3932.1425484323627,3932.1425484323627,3858.447160711793,3867.647216796875,1287799
2025-01-21,3884.245030505511,3899.135870393051,3822.3102791739225,3827.85888671875,1971591
2025-01-22,3841.279382364056,3948.5979964355506,3835.7782445911716,3942.3857421875,2409223
2025-01-23,3953.198226312215,3975.3449548724125,3926.688470425829,3931.810546875,1822998
2025-01-24,3892.4971314131344,3962.683483197874,3892.4971314131344,3938.35546875,1910099
2025-01-27,3890.599675788401,3942.148791419916,3832.7908361324735,3855.648681640625,1551782
2025-01-28,3861.007991181617,3890.6000269864126,3820.6982639395587,3832.079833984375,2468272
2025-01-29,3845.0737102492853,3896.148597963248,3845.0737102492853,3888.51318359375,1217089
2025-01-30,3888.6080671418995,3917.0619915773636,3849.3417440444105,3888.750244140625,1531251
2025-01-31,3898.187889855317,3915.687239717276,3874.713400737575,3900.464111328125,1492943
2025-02-01,3901.033206937918,3922.7529442290934,3846.970748198443,3863.23681640625,437172
2025-02-03,3823.1639848038094,3866.8882740010763,3792.6234860032378,3858.968505859375,1265713
2025-02-04,3873.243148637696,3906.581803698567,3856.5028483843835,3895.3896484375,2547132
2025-02-05,3936.1259160718655,3936.1259160718655,3865.9395744358853,3880.261474609375,1693912
2025-02-06,3893.8244160755,3926.1671344471406,3842.749763323274,3872.341796875,2284536
2025-02-07,3879.218476720966,3879.218476720966,3801.4444143514993,3821.741455078125,1548940
2025-02-10,3831.7952057492353,3843.1767756673025,3807.46719267282,3828.90234375,1339511
2025-02-11,3811.308028813468,3831.7949459001434,3751.1754977809574,3759.284912109375,1810908
2025-02-12,3766.445947952812,3814.4855628593755,3737.090798282343,3746.575439453125,1678002
2025-02-13,3763.5057059907817,3779.1078947757164,3701.144188811121,3708.636962890625,2277310
2025-02-14,3722.721988123704,3744.5366647420083,3699.0103831038077,3732.064453125,1681975
2025-02-17,3657.7520405391615,3731.2580130898646,3657.4674549788515,3703.2783203125,1799806
2025-02-18,3697.4925589213967,3722.152626882654,3665.3397167799785,3673.59130859375,2149879
2025-02-19,3672.6430537431497,3675.251330310773,3573.95530675462,3589.08349609375,4366672
2025-02-20,3567.6478288188787,3592.782128290818,3557.9735409942346,3584.625244140625,2888572
2025-02-21,3581.495307989525,3620.2873962692524,3580.451904877241,3590.885009765625,1833931
2025-02-24,3550.2431219830423,3569.2598725285934,3480.863069234682,3486.174560546875,2508516
2025-02-25,3438.1822449152423,3469.4815591448155,3434.6255046618817,3442.497802734375,4101954
2025-02-27,3425.567980413952,3450.512634279707,3415.134874592875,3426.374267578125,3823856
2025-02-28,3400.196551952343,3414.4709839051175,3278.8406087111084,3303.73779296875,7085018
2025-03-03,3305.3972886171223,3341.6760393458467,3297.0032889623258,3313.032470703125,4990439
2025-03-04,3294.9643171966636,3367.996053645755,3285.7642616440216,3350.022705078125,2797737
2025-03-05,3339.400041837824,3414.8029405590255,3339.400041837824,3364.249755859375,2501894
2025-03-06,3373.6869322947687,3423.4338299242468,3353.8641244726305,3415.988525390625,2786513
2025-03-07,3414.470997652364,3438.1826018027277,3390.190222378938,3425.09375,2051315
2025-03-10,3420.636010676855,3435.4321442725973,3397.9678097594306,3404.654296875,1004626
2025-03-11,3374.6352261327497,3403.8004968476407,3355.3338893126197,3391.043701171875,1995450
2025-03-12,3381.274868144773,3385.3058409889845,3307.1524836446633,3325.505126953125,3174167
2025-03-13,3321.805675922365,3342.6718849425615,3304.5436765901054,3330.104736328125,1693004
2025-03-17,3309.1910361154605,3348.504824268339,3298.1415226710474,3317.442626953125,2690906
2025-03-18,3317.442626953125,3317.442626953125,3317.442626953125,3317.442626953125,0
2025-03-19,3364.2022912119846,3364.2022912119846,3284.294187734508,3316.8740234375,3051244
2025-03-20,3331.0061697900233,3394.505799750347,3331.0061697900233,3379.52001953125,2845192
2025-03-21,3295.912959410607,3429.8835221492395,3286.4283178007922,3393.69970703125,4161925
2025-03-24,3414.470721860925,3461.6568103088644,3382.792113898217,3441.9287109375,1834751
2025-03-25,3457.1514681076355,3518.8016314620927,3450.512219746386,3469.244384765625,3135390
2025-03-26,3459.7601257453803,3490.822326860632,3438.9888533482517,3448.426025390625,1734499
2025-03-27,3428.5556939598323,3474.2241497420814,3424.4297823215356,3463.0322265625,2528474
2025-03-28,3462.8424183134416,3472.279589767322,3406.7880975546004,3420.3037109375,2051919
2025-04-01,3388.577667798288,3399.2953585160476,3343.3359762190476,3367.806396484375,2618493
2025-04-02,3361.3565515448827,3380.4207713370747,3348.1255245230677,3361.30908203125,1764313
2025-04-03,3311.0877909094734,3321.5208948052064,3221.125888785102,3227.76513671875,4537821
2025-04-04,3189.305420015634,3224.445829064787,3125.663387385046,3129.3623046875,5317367
2025-04-07,2940.238860434007,3121.7748058386424,2898.5539074179674,3105.319091796875,6623955
2025-04-08,3131.875989149625,3176.4063332063806,3087.535291604866,3123.244873046875,5557558
2025-04-09,3092.5147195117684,3101.4776590955953,3046.5142098890965,3079.28369140625,2990265
2025-04-11,3120.020553047639,3128.936024183148,3040.7763203463464,3064.962158203125,7108961
2025-04-15,3143.5890530173965,3143.5890530173965,3071.695665599668,3080.80078125,3512160
2025-04-16,3080.8012559903377,3109.1604734732773,3062.590790324908,3105.08203125,2384391
2025-04-17,3078.240292358944,3133.3461501914685,3052.1575291360596,3128.88818359375,2932346
2025-04-21,3120.5415959625134,3181.148354821814,3114.85081178573,3150.418212890625,2432946
2025-04-22,3151.3669464223676,3162.0844056249766,3125.189244347029,3143.58935546875,2710498
2025-04-23,3191.581874951358,3244.6009284823726,3165.3094642241085,3237.108154296875,3543923
2025-04-24,3225.8214222352462,3236.633820616935,3213.1118640484187,3226.295654296875,2252175
2025-04-25,3243.747204561521,3298.568475558524,3229.5202431380058,3270.30419921875,2742991
2025-04-28,3257.9741879514845,3279.5992157727555,3229.520264912607,3266.0361328125,1593296
2025-04-29,3276.9436254865236,3314.8821913387555,3253.6113148639492,3293.541748046875,1578332
2025-04-30,3293.067634171488,3329.0143339832575,3192.530431054501,3275.710693359375,2809332
2025-05-02,3293.067202073011,3311.562251162995,3243.7470711663877,3254.18017578125,1721761
2025-05-05,3272.2015868044905,3323.8928872337206,3268.787022960017,3276.280029296875,1284443
2025-05-06,3281.685791015625,3294.01582433447,3259.871116682284,3281.685791015625,1324763
2025-05-07,3244.316583265945,3281.2117462953,3244.316583265945,3267.553955078125,1477128
2025-05-08,3270.3044338611708,3297.8098945868014,3251.999029204456,3271.157958984375,2543591
2025-05-09,3223.8296054868374,3268.5970664946117,3222.976080385976,3263.001220703125,2531757
2025-05-12,3324.3666713915923,3443.3989159735165,3321.7109255991563,3433.8193359375,2228678
2025-05-13,3433.819342081611,3436.2854413701325,3329.5832299005933,3333.851318359375,3062887
2025-05-14,3339.5422865093847,3377.4808526725133,3327.7814236222675,3365.814697265625,2119499
2025-05-15,3380.3257647168743,3414.470469410984,3332.9975027782,3395.40625,3548330
2025-05-16,3408.685419197444,3408.685419197444,3363.349015372588,3377.765625,1666727
2025-05-19,3367.0476004136544,3367.0476004136544,3323.133665679634,3337.45556640625,2537377
2025-05-20,3349.786002772028,3374.6357192042983,3313.934008684603,3318.012451171875,2038374
2025-05-21,3327.212019490534,3354.7174780325026,3318.0119641520128,3344.0947265625,1440153
2025-05-22,3314.881923566922,3317.5376692737764,3273.4340900331863,3297.8095703125,2034383
2025-05-23,3297.8098235860703,3352.820743852965,3286.9974249846496,3333.47216796875,1274331
2025-05-26,3339.542185709067,3362.3053247198645,3329.204019365113,3355.002197265625,967470
2025-05-27,3349.9750123424055,3357.5627247146417,3303.595213090552,3318.39111328125,2467680
2025-05-28,3338.593421360396,3347.1295977218288,3312.9848922760975,3317.442626953125,1222933
2025-05-29,3324.0822341714443,3350.4495836467595,3306.820233088302,3317.822509765625,3188072
2025-05-30,3310.139637529337,3325.97894134562,3275.1414056184462,3284.910400390625,3404365
2025-06-02,3272.201121116267,3281.6857620470387,3242.41944121709,3272.011474609375,1877585
2025-06-03,3268.4075902412287,3294.4903553984063,3225.252469708444,3229.710205078125,2848125
2025-06-04,3242.9150002967904,3248.465034332547,3224.7340073768614,3235.1640625,2544807
2025-06-05,3262.0530702216233,3262.0530702216233,3218.7057063727016,3225.786865234375,3584683
2025-06-06,3225.7868448606714,3244.7331673196672,3213.9212139850256,3238.322021484375,2070390
2025-06-09,3253.4410779830223,3285.975488762853,3244.7332451805223,3274.39697265625,1718678
2025-06-10,3291.7168496023487,3335.5426613582063,3275.6409764041855,3313.629638671875,2419874
2025-06-11,3320.423693236899,3338.604687522634,3300.424692969312,3322.24169921875,2847013
2025-06-12,3322.2418675324316,3324.9212188125916,3275.641152857228,3286.1669921875,4060134
2025-06-13,3246.934184213111,3301.7642826377164,3246.934184213111,3297.171142578125,2178493
2025-06-16,3291.7166438153617,3357.742355566309,3278.511454741814,3345.58984375,1934088
2025-06-17,3358.6994089523137,3368.2683531373627,3337.743514633776,3363.77099609375,2111940
2025-06-18,3367.4074309500347,3385.492643029953,3294.6834510545355,3302.62548828125,2696327
2025-06-19,3301.285995055582,3302.2428895469025,3265.880898876725,3276.40673828125,2672768
2025-06-20,3277.3633274014865,3297.7452248908758,3263.871022884297,3287.60205078125,2351248
2025-06-23,3267.7943410253647,3277.3632849229502,3224.7340934862314,3247.31689453125,3123421
2025-06-24,3286.5498048258933,3293.7265132738476,3236.2170627975156,3244.2548828125,3403048
2025-06-25,3260.4262751214173,3301.2856185170967,3253.440899408153,3296.309814453125,1757699
2025-06-26,3296.3096478451916,3302.625010278294,3268.0812649976842,3293.43896484375,2879106
2025-06-27,3306.0700253129785,3316.978527608251,3283.104560593004,3292.769287109375,1778433
2025-06-30,3291.6206089307775,3315.5429664293783,3282.1474488080407,3312.76806640625,1468351
2025-07-01,3306.0698242055073,3334.7766533592453,3266.3587105428364,3281.8603515625,2375183
2025-07-02,3336.8820295980254,3339.4655976963195,3272.57877409358,3275.736572265625,3090585
2025-07-03,3282.1480591402083,3287.2196465963534,3251.144771503511,3254.206787109375,2531870
2025-07-04,3261.096050751665,3279.2770439923584,3243.967734776887,3272.387451171875,1109320
2025-07-07,3270.952315509477,3278.416138875185,3261.4789203702617,3264.63671875,1639174
2025-07-08,3258.2253086430815,3277.363195918518,3247.125240576613,3259.37353515625,2325242
2025-07-09,3263.010286763138,3266.8378648121275,3221.8638227365063,3237.939697265625,2034938
2025-07-10,3234.3032521090518,3252.484246721499,3211.3377852301705,3236.217041015625,3035012
2025-07-11,3157.655913683438,3191.2430024482833,3120.528595780786,3125.21728515625,7635550
2025-07-14,3125.217267735536,3130.9586344245786,3062.062234156067,3083.78369140625,3924009
2025-07-15,3067.8034091107847,3118.9014760029677,3067.8034091107847,3112.107666015625,2590889
2025-07-16,3098.377660261314,3115.5641051149655,3092.23284636304,3104.234619140625,2540733
2025-07-17,3095.5933632665156,3112.779808234124,3076.390526695053,3081.287109375,2947640
2025-07-18,3096.4571730230687,3100.105758589483,3059.9717861781455,3062.756103515625,3432645
2025-07-21,3062.8523807267275,3070.1495522628406,3026.3669918654064,3032.31982421875,3844346
2025-07-22,3033.663818359375,3053.346723269556,3028.8631098446967,3033.663818359375,3198036
2025-07-23,3033.6641973444102,3055.1712804131353,3031.7439136986445,3052.386962890625,1922875
2025-07-24,3038.945131093794,3047.2022105424912,3014.845476356516,3022.526611328125,2934778
2025-07-25,3014.845292873372,3031.0715957495104,3001.019344529776,3010.812744140625,2568917
2025-07-28,2986.041003699968,2993.72213811463,2947.539223682625,2956.564697265625,3374473
2025-07-29,2938.0339265993125,2951.4759118844077,2919.9832137631183,2934.193359375,4785312
2025-07-30,2938.0337293982366,2946.6750050729374,2925.7438682234083,2931.888916015625,2880121
2025-07-31,2920.4631457840833,2937.841805411508,2894.827407662822,2915.758544921875,2968371
2025-08-01,2909.133383273443,2915.758501968501,2880.4252388236764,2883.3056640625,2053847
2025-08-04,2889.1627911176092,2956.6605722928375,2872.360309577052,2951.85986328125,2519252
2025-08-05,2951.86005402892,2954.8365875722943,2920.7515513874637,2941.778564453125,1927996
2025-08-06,2940.9140476547227,2944.5626330221426,2905.3888045064286,2911.437744140625,1487081
2025-08-07,2895.7876067904904,2929.9687479023937,2890.890789951502,2925.552001953125,2543076
2025-08-08,2926.6083584758467,2937.841970823321,2904.4289887975438,2915.37451171875,2762140
2025-08-11,2915.3743566889298,2928.3362704951187,2900.8763567070323,2919.59912109375,1884215
2025-08-12,2919.7914390398837,2972.9832050993796,2906.2533448516742,2914.41455078125,3358232
2025-08-13,2915.0864995163706,2923.0554886191444,2907.8854362960733,2915.182373046875,2148166
2025-08-14,2913.0702823357074,2934.0972944331475,2898.764262979319,2901.836669921875,3342174
2025-08-18,2925.072007661826,2927.4723621732833,2883.6898021204543,2891.178955078125,2945609
2025-08-19,2891.179270921388,2904.4292761540364,2891.0833973762283,2895.97998046875,2650784
2025-08-20,2890.8905988262018,2979.7037075526887,2890.8905988262018,2975.09521484375,4952358
2025-08-21,3005.2440729447403,3005.2440729447403,2960.2135127082415,2978.936279296875,3230726
2025-08-22,2962.997485687316,2972.3108139224278,2928.4323821601793,2932.27294921875,1593791
2025-08-25,2964.245782645686,3026.366909314735,2954.4523833109183,3015.42138671875,3448370
2025-08-26,3004.283667485289,3035.968346624635,2995.6423913563763,3031.359619140625,5522097
2025-08-28,3019.645945976872,3021.086158669707,2963.4776509563167,2970.390625,3116051
2025-08-29,2969.7187359392783,2990.8418565958136,2954.548447858567,2961.74951171875,2271789
2025-09-01,2966.8380558481663,3006.2999761800884,2966.8380558481663,2988.537353515625,1246862
2025-09-02,2996.698656186325,3029.247369338668,2979.416103841445,2987.481201171875,2185229
2025-09-03,3005.1475613511693,3016.6692623196923,2964.917715899919,2974.0390625,1799774
2025-09-04,2991.801961311159,2993.722244983374,2967.606433923174,2972.31103515625,1481391
2025-09-05,2973.6550115959403,2979.703716897792,2907.8853038462717,2926.800048828125,2802055
2025-09-08,2928.4323632618416,2942.7383816988513,2895.7875434746607,2898.66796875,2626187
2025-09-09,2911.2459361835313,2938.0337976334035,2909.997705008497,2927.856201171875,2489301
2025-09-10,2934.5773210773896,2998.2347696750494,2931.696895660388,2986.041015625,2079428
2025-09-11,3013.885194748687,3013.885194748687,2986.137189714118,2999.675048828125,2263446
2025-09-12,3018.685897890405,3023.198517586115,2996.6026359147436,3008.50830078125,1447167
2025-09-15,3009.0842164755977,3009.0842164755977,2972.598830315396,2987.864990234375,1732539
2025-09-16,3003.3236516831826,3024.4467719955323,2985.1770648150605,3020.318115234375,2573429
2025-09-17,3026.367137231914,3055.55535595913,3017.149681628776,3046.338134765625,2418271
2025-09-18,3058.0517436415034,3075.334296666793,3035.392302577828,3050.08251953125,2633138
2025-09-19,3043.6492637764163,3053.730751874098,3018.685578963108,3042.881103515625,4901694
2025-09-22,2971.6388949892716,2983.0644887376598,2942.8346407567424,2951.283935546875,3634901
2025-09-23,2947.6353061603577,2957.9087764692863,2930.352753876681,2940.338134765625,3177741
2025-09-24,2928.4327159064933,2935.153709024967,2912.110304047342,2914.41455078125,1625714
2025-09-25,2901.5486952997107,2908.8458671854296,2833.378623371756,2839.5234375,4974361
2025-09-26,2823.7769658283983,2837.0269692313786,2776.057966398974,2783.547119140625,3934636
2025-09-29,2799.7732301976002,2812.5431618400235,2778.6501125486475,2780.66650390625,3110035
2025-09-30,2794.9727356006983,2799.101392157332,2770.105157137798,2773.2734375,2253458
2025-10-01,2775.7699233020426,2808.222762784315,2752.342557318892,2798.045166015625,1952902
2025-10-03,2807.454332770607,2807.454332770607,2775.8657645822723,2786.235107421875,2899519
2025-10-06,2786.331441741774,2874.2805224330996,2780.18662812204,2869.28759765625,2112774
2025-10-07,2875.624650921264,2884.745997894136,2837.699050349848,2855.173583984375,3062943
2025-10-08,2856.421663900003,2921.711301932003,2849.70067174965,2906.541015625,4121889
2025-10-09,2913.0703773618156,2943.794916608875,2899.6283914412274,2939.666259765625,3211304
2025-10-10,2928.4324419455565,2947.635277630445,2887.0502372807746,2907.597412109375,8817365
2025-10-13,2906.349479208063,2914.5106852117856,2878.697346101757,2887.338623046875,2866865
2025-10-14,2900.588173459837,2906.541005318549,2837.6988899902512,2842.3076171875,3611416
2025-10-15,2863.220385125294,2871.6047262713414,2843.9459294866183,2862.06396484375,4282226
2025-10-16,2862.160371154854,2867.0754517571395,2836.332787245134,2862.931396484375,3251495
2025-10-17,2862.256586509825,2880.3746213869317,2848.1861401528254,2854.739501953125,4374683
2025-10-20,2877.1943748710046,2913.333979311689,2870.4483153754104,2905.81689453125,3133039
2025-10-21,2921.1404673344027,2921.815026282457,2887.3137006926995,2897.62548828125,310644
2025-10-23,2944.172939856895,2985.6130172427693,2925.958674375256,2961.712646484375,5564758
2025-10-24,2968.2662739630537,2977.9035021252716,2947.3535359078196,2952.07568359375,2684318
2025-10-27,2955.2558763824863,2981.9509500743798,2949.184375870237,2972.98828125,1946312
2025-10-28,2964.4114953280427,2978.096312781555,2929.9101701396817,2946.968017578125,3470737
2025-10-29,2946.96788369373,2964.4113606511696,2935.596142774,2946.678955078125,2895420
2025-10-30,2938.4874105526364,2952.654089267939,2922.7786811771543,2925.18798828125,2241536
2025-10-31,2924.898585437403,2956.1231088421955,2915.357824198127,2947.064208984375,1868085
2025-11-03,2936.367047373489,2947.06446508497,2900.80576844531,2907.359130859375,2194877
2025-11-04,2910.0574685167057,2919.4055326440953,2868.039060214524,2881.723876953125,2670720
2025-11-06,2881.627605776501,2914.2977142131544,2881.531139384038,2901.6728515625,2542721
2025-11-07,2892.1323165785257,2895.0234851722394,2853.101540563387,2883.26611328125,1830520
2025-11-10,2884.422275161144,2937.3305615709287,2883.4585523829414,2915.4541015625,1556656
2025-11-11,2934.5359333014544,2944.847720230334,2908.5154176367123,2936.46337890625,2806868
2025-11-12,2948.991669923252,3022.619995280987,2946.1969680097523,3018.18701171875,4460315
2025-11-13,3018.186949242595,3018.2831803470704,2989.4679642954256,2993.03369140625,1740435
2025-11-14,2977.9034333434784,3000.1655239975616,2965.6642009169345,2993.322998046875,2210794
2025-11-17,2993.323082448971,3010.188231818854,2974.626953832486,2989.660888671875,2232853
2025-11-18,2989.4682629851,2992.3594315179676,2966.338914722159,2975.10888671875,2548350
2025-11-19,2984.6495543039355,3040.5454775036865,2971.639296317787,3033.51025390625,3151053
2025-11-20,3033.79944214396,3049.7008686990343,3024.2586803244717,3030.715576171875,2700767
2025-11-21,3030.715536432949,3055.0013041600305,3021.463703354114,3036.30517578125,4177037
2025-11-24,3043.4366842823783,3063.578397230728,3017.4161679823073,3027.24609375,6703764
2025-11-25,3031.1974493056246,3035.534202019235,3001.996600643867,3006.044189453125,2737920
2025-11-26,3005.658657913636,3062.71099952004,3003.923909850209,3048.15869140625,2508527
2025-11-27,3064.6384631299097,3064.6384631299097,3011.6337098367826,3022.81298828125,2836233
2025-11-28,3026.0897270293826,3033.124950840084,3011.6338843843378,3023.680419921875,1616690
2025-12-01,3024.0657566161144,3039.581788202742,3008.935355329588,3019.72900390625,1747647
2025-12-02,3017.416350282513,3029.9447477765,3007.2007935969305,3021.94580078125,2512003
2025-12-03,3026.089516693691,3095.3810901757683,3025.125793917674,3064.638427734375,3952112
2025-12-04,3078.13047294951,3132.0989471151875,3071.769808666434,3112.053466796875,5025905
2025-12-05,3112.824571063191,3152.915532717371,3105.5001838412545,3120.72705078125,5244013
2025-12-08,3125.353065437683,3141.6398867746047,3092.2010949656524,3119.0888671875,2544725
2025-12-09,3112.8243568679477,3116.3900838422614,3065.794641509269,3091.91162109375,2734893
2025-12-10,3108.0062080861744,3108.0062080861744,3062.807700289892,3073.5048828125,1386849
2025-12-11,3088.7315521574005,3092.0081155406747,3038.7144333046613,3076.106689453125,1914362
2025-12-12,3081.696263178982,3106.078496384854,3070.131589906683,3103.669189453125,1146554
2025-12-15,3094.6101270221197,3120.7268716204835,3081.310706400481,3113.01708984375,1562190
2025-12-16,3103.187500999765,3103.187500999765,3075.3360054304358,3088.828125,1734623
2025-12-17,3084.3949307247763,3119.4743477745933,3084.3949307247763,3101.0673828125,1376350
2025-12-18,3110.897128527372,3168.5277977297296,3104.1510690788923,3161.78173828125,2307422
2025-12-19,3179.3215200364916,3197.5357868591873,3159.854366515901,3162.938232421875,3902511
2025-12-22,3189.9223631467994,3207.8477007511456,3171.6116305486757,3204.28173828125,2632816
2025-12-23,3199.4631245744913,3199.4631245744913,3174.0209376032617,3189.92236328125,2365420
2025-12-24,3184.236571775606,3206.4021959958864,3176.5267894381177,3198.595947265625,1367708
2025-12-26,3192.9103071634727,3199.559900795541,3153.108505919085,3161.010986328125,1176664
2025-12-29,3161.0105311971397,3168.7203129805475,3125.2563240630398,3133.54443359375,2079473
2025-12-30,3132.0992469072426,3148.9643966982817,3121.9801570326194,3129.015380859375,2807593
2025-12-31,3122.462063286045,3128.2444004402787,3082.467564635931,3089.88818359375,3362634
2026-01-01,3098.368779137981,3116.775978595714,3082.1781891606697,3110.31884765625,1255735
2026-01-02,3116.6795578205924,3136.243177859361,3102.7055771191704,3132.773681640625,1184324
2026-01-05,3122.9439430034404,3129.2081416238766,3075.23966120166,3099.42919921875,2341703
2026-01-06,3093.550169667909,3144.8201752673103,3088.7315556964636,3137.688720703125,2912325
2026-01-07,3125.2565425983025,3180.8635358265738,3106.271250685878,3176.044921875,1989442
2026-01-08,3167.6606296336045,3167.6606296336045,3066.566193971062,3087.671630859375,4159336
2026-01-09,3075.239584998998,3112.5356118812538,3075.239584998998,3091.43017578125,1938673
2026-01-12,3086.804068110982,3134.026484388671,3059.145271347969,3122.076416015625,2228342
2026-01-13,3127.2804209827063,3161.0107182814413,3094.0319850739534,3149.446044921875,5645341
2026-01-14,3141.736098705462,3141.736098705462,3067.529448521315,3076.684814453125,3539511
2026-01-15,3076.684814453125,3076.684814453125,3076.684814453125,3076.684814453125,0
2026-01-16,3159.0110444402844,3161.464149941515,3111.519017760894,3146.54931640625,4293470
2026-01-19,3128.2002715520307,3159.600023336744,3092.973770842994,3104.258056640625,3387562
2026-01-20,3092.4832014713097,3100.7255406282875,3033.118044759914,3044.10791015625,4499273
2026-01-21,3041.8509292683366,3079.6287553253787,3024.188569033875,3064.027099609375,2015150
2026-01-22,3090.9130188550284,3100.7254411371077,3063.7326570458863,3091.305419921875,2269827
2026-01-23,3130.457047950816,3134.578217290946,3092.875423666008,3103.178466796875,2068857
2026-01-27,3115.4440572399217,3115.4440572399217,3071.2881572160486,3098.762939453125,4279874
2026-01-28,3116.425451779539,3145.0776781720924,3111.1268393421374,3140.073486328125,2751234
2026-01-29,3140.07335254898,3140.07335254898,3066.9708064954257,3085.41796875,2457641
2026-01-30,3082.081828102924,3082.081828102924,3034.000959087629,3065.302490234375,3022068
2026-02-02,3138.0126916764966,3138.0126916764966,3075.2131881532646,3110.1455078125,2636272
2026-02-03,3287.1613923698505,3287.1613923698505,3126.53209104895,3164.800537109375,4366060
2026-02-04,3061.475843095512,3061.475843095512,2929.9893806035893,2942.84375,10852595
2026-02-05,2933.9143670738968,2972.869637012123,2916.5464269268496,2935.38623046875,3521545
2026-02-06,2920.765595757455,2929.0079343210614,2861.302223276454,2886.422119140625,4687389
2026-02-09,2903.5941220720847,2921.15826303242,2882.3991930324937,2892.8984375,2380318
2026-02-10,2894.468444356794,2955.109263473934,2888.2865702537815,2928.61572265625,3547763
2026-02-11,2924.1019081110685,2941.76426862986,2849.723697569715,2855.21875,3363513
2026-02-12,2815.9687988010764,2825.977420921291,2688.603518515395,2698.51416015625,10612156
2026-02-13,2536.5110796879476,2662.110080925881,2536.5110796879476,2641.7001953125,11168735
2026-02-16,2649.3540277067937,2668.7826718221954,2620.898002964758,2655.830322265625,2918730
2026-02-17,2665.0538469624375,2708.228504276998,2644.6439610469733,2666.427490234375,4209118
2026-02-18,2678.7913077273606,2678.7913077273606,2607.4550449905755,2644.349609375,2950820
2026-02-19,2657.2039438116426,2697.140454434555,2616.5806115438327,2627.66845703125,3238849
2026-02-20,2616.972941852777,2651.905259923164,2597.838718993336,2635.812744140625,2293482
2026-02-23,2635.616634548502,2653.2789947204583,2610.3005370564806,2626.0986328125,4699596
2026-02-24,2591.460746119642,2597.8388206557183,2513.255787797201,2525.423095703125,7798833
2026-02-25,2547.3048106742554,2604.4130601353972,2546.3235684513456,2579.980224609375,3621285
2026-02-26,2600.2918170703697,2620.897903167908,2585.5731841435563,2598.034912109375,3464267
2026-02-27,2631.299321894741,2638.168017666852,2576.8403768444346,2587.92822265625,5083717
2026-03-02,2543.37985460111,2574.5834053591284,2531.8993684474203,2564.4765625,3374385
2026-03-04,2575.7609535201655,2585.5733762002424,2531.997452542583,2539.2587890625,3446434
2026-03-05,2551.229777430436,2560.551578540278,2498.6350985020495,2530.427490234375,2960636
2026-03-06,2523.7550365456814,2570.069622274581,2505.7002751879877,2509.625244140625,3998643
2026-03-09,2482.542780637602,2511.9800468111703,2458.0117254929614,2479.991455078125,3653428
2026-03-10,2493.3365235176843,2497.45769299971,2443.39138949283,2465.9599609375,4323710
2026-03-11,2461.0536733182116,2473.711601954393,2413.9540474182472,2418.663818359375,2720664
2026-03-12,2413.6596961153996,2426.513825649523,2390.3060830242093,2396.5859375,2752075
2026-03-13,2391.287343235487,2400.0203033629555,2352.0376535639975,2365.284423828125,2466488
2026-03-16,2364.793830777467,2379.5124645789865,2321.7173916761253,2364.0087890625,3807907
2026-03-17,2374.6061161428333,2374.6061161428333,2315.731584337639,2346.8369140625,2993367
2026-03-18,2364.793804301608,2436.326267951688,2364.793804301608,2395.01611328125,3082388
2026-03-19,2371.6624152761565,2378.5311107279285,2306.115387909886,2311.806640625,2757060
2026-03-20,2341.2440023374425,2362.6351312433567,2319.8528734315287,2345.7578125,4206320
2026-03-23,2320.6378037995523,2361.6537756859007,2303.956686393805,2339.085205078125,3860515
2026-03-24,2359.0045869106293,2389.7172776589064,2334.47353068287,2353.803955078125,3420182
2026-03-25,2355.864368126978,2376.1762738846405,2325.3478785890734,2332.80517578125,5843778
2026-03-27,2358.8080275261386,2376.6668272056972,2340.262645780238,2344.97265625,4979411
2026-03-30,2330.5484146912077,2353.0187649541185,2302.1903717438945,2314.652099609375,6804756
2026-04-01,2383.4374750291136,2425.630892660341,2352.9207445923203,2363.027587890625,4132661
2026-04-02,2341.24390183887,2423.570027038862,2331.1370592120925,2404.730224609375,5378361
2026-04-06,2427.593337237373,2435.4432752720936,2402.2772391631793,2427.4951171875,2572417
2026-04-07,2414.837240451596,2496.182129281132,2402.0810908677395,2492.1591796875,4516550
2026-04-08,2523.755016821873,2531.899375247164,2492.453485493659,2511.195068359375,4769337
2026-04-09,2506.092558435327,2556.135910228672,2483.6222080623565,2540.43603515625,5628261
2026-04-10,2517.671257898199,2517.671257898199,2454.1849361455575,2476.94970703125,10480239
2026-04-13,2443.195026142192,2457.9136601554055,2423.6684008424363,2426.2197265625,3739587
2026-04-15,2454.9697496490417,2510.9987747578325,2446.629190999006,2506.9755859375,5261384
2026-04-16,2523.754997213638,2545.3423261167095,2510.0176060935014,2528.56298828125,3905403
2026-04-17,2521.792618261851,2540.4362212762385,2507.957006516208,2533.076904296875,2718206
2026-04-20,2538.571963483115,2545.3424392975157,2513.15764504414,2531.212646484375,2288558
2026-04-21,2511.9802240950007,2564.9673069470045,2511.9802240950007,2561.532958984375,2719959
2026-04-22,2531.6048516902206,2531.6048516902206,2456.6380441545243,2490.88330078125,5232045
2026-04-23,2481.5614778281533,2511.489364373728,2469.0997500312283,2474.49658203125,2509050
2026-04-24,2441.3307179215667,2458.0118361710306,2343.991534636913,2351.939453125,5107719
2026-04-27,2351.9393059532576,2412.874541687738,2351.9393059532576,2401.6884765625,5853425
2026-04-28,2398.155951805419,2440.349366669426,2381.867235359066,2398.8427734375,4508363
2026-04-29,2405.024637022461,2441.2323784506298,2401.688509360205,2428.280029296875,2835961
2026-04-30,2432.4995485090735,2444.2744555611544,2392.26861608113,2427.4951171875,3970446
2026-05-01,2427.4951171875,2427.4951171875,2427.4951171875,2427.4951171875,0
2026-05-04,2447.2181772447047,2451.4375668418284,2379.512461835769,2385.6943359375,2632358
2026-05-05,2384.4185931895904,2414.24826083551,2366.952433771704,2381.769287109375,3385720
2026-05-06,2396.0951150032492,2424.6493574491965,2361.359238648924,2389.717041015625,3147628
2026-05-07,2392.4647422177254,2393.9366055534624,2353.018852732181,2356.35498046875,5829594
2026-05-08,2353.0188960201936,2361.8500761970836,2330.548544505656,2349.486328125,3792199
2026-05-11,2326.5252955775945,2369.699953108347,2326.5252955775945,2348.014404296875,1975188
2026-05-12,2330.450360002076,2330.450360002076,2240.176072372522,2257.151611328125,6347884
2026-05-13,2262.7446759395275,2265.8846032931383,2226.4387119283556,2230.16748046875,3171843
2026-05-14,2222.513720137884,2222.513720137884,2165.012827845418,2203.8701171875,5633313
2026-05-15,2209.7573207679993,2261.6649346543286,2209.7573207679993,2221.5322265625,3410637
2026-05-18,2221.5322685970373,2249.8900714309348,2209.953563101145,2240.3720703125,3773336
2026-05-19,2256.857213357978,2333.0017090765828,2254.0117066090534,2283.448974609375,10394707
2026-05-20,2280.3085723429836,2298.06915136111,2274.3231388707036,2283.742919921875,2537422
2026-05-21,2287.275643394801,2292.0836345084317,2270.594525446405,2283.546875,3299087
2026-05-22,2287.373954930871,2296.106915322829,2264.805382686245,2273.832763671875,2617262
2026-05-25,2312.3217190072714,2313.415817804508,2280.496215777924,2295.61328125,3298364
2026-05-26,2295.613098349941,2315.205623652634,2260.008270887014,2263.78759765625,3587597
2026-05-27,2262.5943570616037,2283.0821217701528,2248.571147658945,2271.744140625,2653950
2026-05-28,2271.744140625,2271.744140625,2271.744140625,2271.744140625,0
2026-05-29,2278.507085795833,2321.2726050840133,2222.81245602518,2246.58203125,16331582
2026-06-01,2271.5452382799426,2322.267132829976,2267.5670504720965,2284.8720703125,7505095
2026-06-02,2307.34897134468,2443.9996279549005,2303.569644295269,2433.556884765625,11306127
2026-06-03,2379.9508308808004,2379.9508308808004,2212.6680838914085,2229.475830078125,15660062
2026-06-04,2229.4759194813155,2240.8139007540485,2204.5129359355733,2228.77978515625,4867263
2026-06-05,2250.560184151513,2259.4117976453776,2180.0469028924485,2186.9091796875,5019717
2026-06-08,2158.1668832997775,2165.128711955583,2131.6125282744956,2139.668212890625,6536734
2026-06-09,2162.145087858845,2162.145087858845,2121.169801728995,2139.2705078125,4148655
2026-06-10,2139.568864676436,2168.907999188303,2133.1043096144995,2142.154541015625,2848650
2026-06-11,2115.4013888441136,2142.8509821277357,2098.494090484758,2123.95458984375,3079815
2026-06-12,2138.276030955957,2156.177876796519,2126.3414670622496,2149.61376953125,2124656
2026-06-15,2180.046856932239,2180.046856932239,2147.525221086398,2150.21044921875,3337083
2026-06-16,2155.183285992923,2196.954258771743,2148.818282502735,2187.0087890625,3079898
2026-06-17,2196.9542720106556,2218.8343055028395,2188.6994835403766,2210.8779296875,2865010
2026-06-18,2196.9542695909468,2201.927004470057,2170.101501243751,2191.285400390625,3735188
2026-06-19,2093.521413717831,2126.341464384191,2048.6672473500757,2113.412353515625,13286502
2026-06-22,2120.5729308842238,2145.237743488044,2109.434053749718,2116.197021484375,4566101
2026-06-23,2099.4885101234904,2102.4721508294924,2043.7938836114508,2048.368896484375,6392736
2026-06-24,2049.7612582514666,2109.1356624395376,2049.7612582514666,2097.49951171875,4747277
2026-06-25,2121.965363861958,2136.78401555451,2076.61392807904,2083.27734375,4738903
2026-06-26,2083.27734375,2083.27734375,2083.27734375,2083.27734375,0
2026-06-29,2078.6031371123327,2093.521341445675,2059.706744956766,2086.4599609375,3412470
2026-06-30,2078.60311543387,2092.8251853118586,2007.791421498655,2020.422119140625,6848411
2026-07-01,2028.776408877907,2040.8104030555382,1966.0205187179013,1971.788818359375,4658295
2026-07-02,1997.0503819057583,2065.5745732846704,1991.580373389582,2056.82275390625,6040621
2026-07-03,2088.5485393778363,2105.0581154318793,2073.6303355251375,2082.083984375,4028819
2026-07-06,2078.6031065753987,2081.5867473982344,2039.4180542258837,2046.3798828125,2567386
2026-07-07,2038.8212111731864,2111.124724588052,2037.8266642409067,2084.669921875,4769048
2026-07-08,2082.5813599967723,2098.1956989000228,2037.6278854106638,2046.2803955078125,3666985
2026-07-09,2046.280350211656,2053.7394523387943,2005.006651774823,2038.323974609375,3791498
2026-07-10,2093.7200783959847,2121.666943317309,2053.341620075063,2057.717529296875,6714551
2026-07-13,2063.684994131224,2192.8765503750355,2053.8390761022306,2169.604248046875,12382622
2026-07-14,2170.996422535663,2215.850586742918,2167.1177865856457,2188.60009765625,9546290
2026-07-15,2174.10009765625,2202.89990234375,2145.39990234375,2189.199951171875,5426489
2026-07-16,2206.0,2231.39990234375,2187.800048828125,2201.0,5197595
2026-07-17,2224.800048828125,2275.0,2215.10009765625,2269.0,5615138
2026-07-20,2280.10009765625,2283.39990234375,2245.10009765625,2251.10009765625,2202693
2026-07-21,2245.10009765625,2259.89990234375,2218.5,2221.10009765625,2382160
2026-07-22,2216.0,2226.800048828125,2201.0,2208.300048828125,1599665
2026-07-23,2204.0,2250.0,2193.60009765625,2242.89990234375,2503539
2026-07-24,2205.10009765625,2264.300048828125,2205.10009765625,2254.300048828125,3211699
2026-07-27,2286.0,2315.0,2272.39990234375,2295.60009765625,4007292
2026-07-28,2325.0,2417.39990234375,2323.0,2398.0,8248513
2026-07-29,2440.0,2475.5,2415.10009765625,2446.60009765625,7169419
2026-07-30,2440.0,2495.0,2423.0,2431.800048828125,4901582
2026-07-31,2385.0,2391.0,2326.10009765625,2365.60009765625,4343683
2026-08-03,2383.89990234375,2473.699951171875,2383.0,2473.699951171875,3036839
2026-08-04,2463.10009765625,2467.39990234375,2435.10009765625,2460.0,2792792
