date,open,high,low,close,volume
2021-07-23,1686.9044108642477,1698.021487829683,1669.5399903632665,1673.426025390625,1053239
2021-07-26,1673.3770321530849,1708.7452617577403,1672.4915714197957,1694.9718017578125,1435514
2021-07-27,1704.957446137063,1714.2053639781627,1685.6253887559142,1701.0714111328125,1075244
2021-07-28,1702.006104117464,1720.8953723794805,1687.8390928734323,1695.6605224609375,1714957
2021-07-29,1710.8604598389975,1727.8805688058308,1699.841740108067,1711.008056640625,1346162
2021-07-30,1713.8120476784393,1719.616601594867,1683.5103859386431,1686.8062744140625,1199644
2021-08-02,1700.0383243785477,1747.2616111668406,1697.0868689542792,1742.8836669921875,1718511
2021-08-03,1751.1970227632416,1824.9341752061841,1748.3931639087239,1810.4228515625,5956344
2021-08-04,1827.1477834943692,1828.5743924648764,1765.9543170367385,1770.4798583984375,2040687
2021-08-05,1790.59904993532,1791.7303452233605,1734.66886773096,1770.184814453125,2301814
2021-08-06,1766.9381585071144,1767.282470988929,1749.2294241790921,1758.8216552734375,877876
2021-08-09,1758.8214329622203,1801.9618479505673,1748.9832484679555,1770.0369873046875,1770502
2021-08-10,1780.711592188531,1792.5174148991732,1764.3309891585072,1770.0863037109375,862746
2021-08-11,1775.7924917276455,1785.630677277383,1744.851446211736,1760.4449462890625,748179
2021-08-12,1768.9057005484528,1799.9943417893633,1752.1807856934342,1794.0914306640625,889082
2021-08-13,1800.3879656035233,1811.2099697683532,1789.3200067985836,1808.16015625,1194666
2021-08-16,1798.420352706935,1817.1621445737628,1787.5983483963355,1807.471435546875,461655
2021-08-17,1810.2260311521075,1847.95544642369,1799.0597152506919,1844.1185302734375,1917077
2021-08-18,1857.252662386336,1860.0565211678866,1829.9024593113036,1849.8740234375,1029077
2021-08-20,1829.3121976315012,1861.6798512685846,1827.885588706814,1846.4306640625,1070166
2021-08-23,1858.433323802318,1864.3362353654804,1817.9491646459533,1840.0850830078125,1092285
2021-08-24,1852.5303607792835,1856.760828653386,1822.6222523377103,1839.34716796875,1003905
2021-08-25,1829.9025828487815,1839.44557516218,1790.5498391316034,1793.156982421875,1280400
2021-08-26,1793.156899018293,1804.9134826189588,1776.0384322785285,1785.9749755859375,1059290
2021-08-27,1794.484960479775,1800.3878715339847,1767.921860735831,1793.0584716796875,1020589
2021-08-30,1805.3069667646678,1856.4162903470494,1802.158795569086,1848.0538330078125,1670309
2021-08-31,1848.0538227235993,1893.8506221704617,1845.2008451350569,1890.505615234375,1816071
2021-09-01,1894.0474048724848,1922.3321878930421,1884.0125038040755,1908.0177001953125,1247432
2021-09-02,1926.8087153649299,1947.4689058283782,1915.347204731675,1935.26953125,1167157
2021-09-03,1938.2209324359924,1991.6423285961882,1938.2209324359924,1986.6248779296875,1548784
2021-09-06,1992.2325896588356,1999.9555413577646,1973.6876337691674,1987.9530029296875,679133
2021-09-07,1981.4105126911052,2006.8914365505786,1980.1315005684346,2000.988525390625,773091
2021-09-08,2001.0377539226608,2033.5530060486838,1982.4436788258251,2022.6817626953125,796813
2021-09-09,2018.7956199903197,2026.6661682164029,1988.3464845786748,2001.382080078125,653397
2021-09-13,2004.0383613909996,2010.3839429214545,1988.4448615867143,1997.7911376953125,786459
2021-09-14,2005.9075899854915,2028.1418643581876,1999.168457191084,2022.4356689453125,888765
2021-09-15,2026.6662152049096,2098.4849694330446,2026.6662152049096,2085.5478515625,2795995
2021-09-16,2098.435477850773,2098.435477850773,2061.1488553299264,2074.577880859375,725123
2021-09-17,2079.7431112657173,2115.20981693182,2046.3425205665983,2061.690185546875,1727410
2021-09-20,2054.212921970669,2062.0834695644267,2037.0453380697961,2043.7353515625,411738
2021-09-21,2041.4233736619583,2063.559289761907,2028.7322111740123,2052.097900390625,539788
2021-09-22,2062.8709982665578,2076.791936121142,2039.8494976877187,2047.3758544921875,1057480
2021-09-23,2056.180544948352,2079.5462329591287,2042.997473894081,2070.987060546875,711634
2021-09-24,2070.937991614599,2080.7761768479227,2051.261621147952,2059.03369140625,540771
2021-09-27,2065.035170265967,2073.2501513690218,2043.587877486742,2056.4267578125,507550
2021-09-28,2049.4905987953207,2103.403899255791,2049.343122100114,2094.8447265625,923489
2021-09-29,2094.54960175804,2132.8200456108007,2075.906289085243,2112.750244140625,912912
2021-09-30,2115.1115833846197,2149.6437134850635,2101.7317940875114,2126.868408203125,1374265
2021-10-01,2122.0965297335356,2139.8052629441077,2088.3022677806675,2128.7373046875,626710
2021-10-04,2125.0479712019865,2139.116623864161,2103.4039640878923,2120.424072265625,870878
2021-10-05,2120.4241984922924,2170.9431376269004,2095.533540791356,2157.169677734375,1329784
2021-10-06,2158.497788621147,2169.0245985312863,2100.550975057343,2112.897705078125,895210
2021-10-07,2218.510679552377,2345.6692185023303,2213.591587136518,2336.913330078125,8361061
2021-10-08,2380.8408036825463,2380.8408036825463,2314.9249632500128,2320.040771484375,1845797
2021-10-11,2338.5366985001638,2367.165914444244,2319.4014756985375,2324.1728515625,1056932
2021-10-12,2326.7310070139247,2467.2203522196337,2304.7425650576515,2452.266357421875,3517011
2021-10-13,2498.800793461106,2566.7335165739455,2449.7083408588855,2496.14453125,4023645
2021-10-14,2533.6280175332213,2542.1871910750633,2491.373057886766,2522.56005859375,1546459
2021-10-18,2577.604513508225,2634.5675095436964,2533.8245895192495,2546.909423828125,2572741
2021-10-19,2595.313393298389,2595.313393298389,2428.802099964139,2444.690673828125,3546129
2021-10-20,2446.8548851161945,2465.0062869023955,2364.1156600311792,2372.379638671875,2868983
2021-10-21,2394.5161511124484,2396.5330274124094,2341.537660150665,2356.934326171875,2303014
2021-10-22,2378.2827386517038,2454.57791113463,2359.196755885287,2372.97021484375,3063724
2021-10-25,2366.083414793928,2372.9701440677563,2302.135214394092,2340.651611328125,1446182
2021-10-26,2351.326313898755,2428.5068304320193,2332.6337616125306,2415.028564453125,2567357
2021-10-27,2428.064307199771,2442.18220019976,2412.5199252663906,2420.292236328125,2082690
2021-10-28,2430.0318390677235,2430.0318390677235,2321.811797651752,2336.716552734375,3330380
2021-10-29,2361.1642338985034,2365.0995076216673,2308.5791868107312,2344.98046875,1450019
2021-11-01,2401.943921380231,2401.943921380231,2351.670934020256,2367.36279296875,1276469
2021-11-02,2383.5953626311616,2424.9157370792846,2381.8736803624897,2414.2412109375,1546219
2021-11-03,2422.1614776286124,2431.6552313734983,2367.1168730779555,2378.82421875,1554405
2021-11-04,2399.5335637513494,2405.2397596654464,2382.8086475628406,2392.40087890625,181506
2021-11-08,2437.804081969582,2507.458488862127,2408.683194698131,2495.701904296875,3449086
2021-11-09,2488.0278821012853,2502.637683692478,2450.839492751949,2471.45068359375,1097405
2021-11-10,2464.4655550076927,2485.9620871623365,2432.19625738714,2444.395751953125,911235
2021-11-11,2443.805158386719,2501.653734328572,2436.229803961134,2487.191650390625,1726010
2021-11-12,2506.621962649589,2520.2969431853667,2482.1739778107467,2498.406982421875,1673817
2021-11-15,2509.721229640446,2531.07004506115,2490.73348276587,2498.308837890625,846885
2021-11-16,2508.835636133313,2510.0654092500813,2479.370080103488,2490.782470703125,1133767
2021-11-17,2482.0757170601582,2497.915291748695,2450.7904794061496,2458.906982421875,892518
2021-11-18,2451.6758653362767,2479.2227851715156,2416.7503062594556,2438.09912109375,739912
2021-11-22,2452.0691307405446,2452.0691307405446,2314.924928061061,2352.605224609375,1361329
2021-11-23,2341.4883652066524,2371.937504102728,2326.780324564067,2349.063720703125,1247942
2021-11-24,2361.164887321376,2366.329935512392,2326.731232714606,2337.40576171875,614145
2021-11-25,2321.811613408246,2364.312523717368,2317.0399977029724,2359.0,662071
2021-11-26,2339.3237601171654,2346.505683459317,2248.074591013228,2255.207275390625,1289322
2021-11-29,2252.9440364171014,2296.6254753703124,2195.2921846493687,2286.590576171875,1094276
2021-11-30,2298.593632629108,2351.326404556278,2298.593632629108,2337.06103515625,2675375
2021-12-01,2370.805792883641,2402.4354605626136,2309.4153763493373,2322.00830078125,2177426
2021-12-02,2330.6662313771803,2383.300525753997,2321.861103066178,2347.883056640625,1682636
2021-12-03,2366.083622685185,2366.526292996529,2316.9419339443543,2330.912109375,1062389
2021-12-06,2323.140046880431,2341.340690194587,2280.8848476828025,2287.67333984375,547641
2021-12-07,2298.6922813392594,2347.2438279113803,2287.7227994410077,2342.029541015625,904175
2021-12-08,2346.4072366626942,2378.8732487423035,2338.6351662105753,2366.624755859375,926476
2021-12-09,2384.7762955147423,2384.7762955147423,2317.7291537445194,2334.7490234375,1250492
2021-12-10,2346.800747257149,2346.800747257149,2259.142655796039,2301.49609375,2288164
2021-12-13,2314.5314469106197,2347.390887992581,2302.2337159383196,2312.46533203125,992852
2021-12-14,2304.791821043268,2332.8798905361336,2281.229413254891,2316.745361328125,765269
2021-12-15,2316.9910546807287,2329.9281719313776,2279.950143893739,2285.557861328125,567271
2021-12-16,2306.1693265170306,2326.5343239421445,2287.6242494274647,2319.1064453125,998086
2021-12-17,2298.1999139662275,2301.446562910098,2220.5767338385094,2243.49951171875,1591893
2021-12-20,2223.1348220251225,2226.5289481260256,2169.319993135913,2203.1142578125,1063366
2021-12-21,2214.870665400648,2272.620764050853,2214.870665400648,2250.63232421875,883858
2021-12-22,2268.98092521599,2270.7518467652253,2245.418517368645,2262.536865234375,643034
2021-12-23,2282.459266058699,2299.725331389534,2272.6210795670668,2292.198974609375,613686
2021-12-24,2302.233966642607,2304.004647943392,2272.6209311605417,2281.91796875,534065
2021-12-27,2268.832991894918,2306.070619085444,2249.3043383174722,2293.576171875,537545
2021-12-28,2302.2340304776785,2346.358151120649,2289.837819887963,2341.3408203125,871453
2021-12-29,2340.5044803411984,2377.3484393602535,2331.9945454147332,2363.27978515625,764644
2021-12-30,2355.0649755596155,2408.3878948002643,2352.015041871702,2397.861083984375,1152684
2021-12-31,2407.699350324659,2493.980195029884,2405.043088095782,2481.583984375,2225749
2022-01-03,2469.384515302742,2504.801982454494,2461.809160644409,2483.010498046875,921729
2022-01-04,2484.1421306756315,2552.9601982973177,2483.5517434002213,2541.20361328125,1037293
2022-01-05,2534.316390492337,2565.7985816785776,2518.673772822697,2534.4638671875,1244568
2022-01-06,2498.8991692315276,2559.256534611636,2497.3742024091375,2553.89453125,1130508
2022-01-07,2587.442423114017,2643.7660271913087,2520.8872036297053,2531.069580078125,4625230
2022-01-10,2543.1709576927033,2620.4499530137987,2529.3974979605186,2614.497802734375,1894316
2022-01-11,2607.119394684749,2635.4041805704796,2591.6734900825604,2610.415283203125,1123968
2022-01-12,2598.2646135164932,2628.7629864884775,2565.798603578574,2570.66845703125,1293999
2022-01-13,2568.7501963005275,2586.360452010703,2546.122369983058,2576.86669921875,1023670
2022-01-14,2583.5076224794498,2596.2972641748925,2546.9588578642765,2550.795654296875,1166457
2022-01-17,2550.7954453730017,2562.1585972174203,2509.1306353401546,2555.517822265625,1172956
2022-01-18,2555.9607743405077,2592.3620632745333,2545.138769522284,2558.518798828125,1221314
2022-01-19,2555.960412608894,2575.4400665628623,2529.495791556673,2547.007568359375,629040
2022-01-20,2554.9764788892103,2567.7661185601996,2508.737012386402,2522.8056640625,1215237
2022-01-21,2506.769862626894,2520.44484547178,2464.4656616484967,2487.240966796875,1457884
2022-01-24,2479.2228179255835,2481.731603338882,2337.5529426155504,2364.165283203125,1411443
2022-01-25,2347.390953534281,2368.7890060235395,2292.6905485661737,2338.044677734375,2849686
2022-01-27,2289.345842961795,2322.205287562566,2223.4299978915583,2272.670166015625,2460051
2022-01-28,2275.572590608578,2339.324088655867,2270.6534972436652,2278.130615234375,1317407
2022-01-31,2314.925010258292,2341.488110673495,2298.544527744945,2322.10693359375,900510
2022-02-01,2340.307569040904,2402.5833300768513,2320.778675129031,2392.449951171875,1246431
2022-02-02,2411.339265105012,2437.8038880136105,2402.2389435210785,2424.12890625,1144427
2022-02-03,2440.362096870054,2465.9906200636724,2377.88961424508,2434.90185546875,3883564
2022-02-04,2469.3845322436755,2479.2227176311003,2390.6790491442753,2431.1630859375,2718069
2022-02-07,2439.869976772591,2457.726187179797,2349.35867118264,2370.215576171875,1119632
2022-02-08,2379.2664937679106,2425.112530584393,2362.0496705284677,2404.10791015625,1524580
2022-02-09,2425.1126305925845,2454.627185934482,2416.307502953598,2444.59228515625,826261
2022-02-10,2459.497351291514,2463.432625835932,2425.6540862855563,2451.528564453125,788689
2022-02-11,2439.8698609760468,2439.8698609760468,2382.0705245517147,2402.730712890625,1030760
2022-02-14,2341.4880442360823,2383.7922399932886,2313.2032621891126,2359.19677734375,816491
2022-02-15,2382.758885617443,2459.3492428404984,2360.1803017566112,2455.51220703125,1293933
2022-02-16,2469.3843177932645,2479.124024404954,2420.4393497413857,2447.78955078125,1008929
2022-02-17,2468.892490531129,2496.439408138171,2446.756574596899,2452.856201171875,960885
2022-02-18,2439.1810530249927,2459.0541370406836,2420.980412282743,2448.6748046875,654373
2022-02-21,2447.7406534037837,2447.7406534037837,2372.0358608954098,2414.63525390625,788568
2022-02-22,2338.5366273699356,2417.2421091493193,2338.5366273699356,2410.453857421875,874150
2022-02-23,2412.3230951831506,2484.141849648228,2412.3230951831506,2455.31591796875,2096198
2022-02-24,2363.1320536358653,2426.096438079119,2356.2453240873842,2367.65771484375,1875086
2022-02-25,2384.2842404402195,2433.9670768925535,2384.2842404402195,2428.5068359375,1284338
2022-02-28,2390.6791577798126,2522.1664153816687,2390.6791577798126,2505.34326171875,2355891
2022-03-02,2508.737257161217,2562.650560764892,2483.5024078858005,2550.697021484375,3536974
2022-03-03,2577.60467058063,2597.0843264344853,2518.575555987181,2532.594970703125,2153478
2022-03-04,2523.494728022743,2523.494728022743,2390.679216021546,2401.501220703125,2652474
2022-03-07,2375.7249461220445,2380.7915152875025,2292.2970898359263,2351.031005859375,1545686
2022-03-08,2361.1644207959935,2380.348881714961,2287.968419827344,2332.879638671875,1467595
2022-03-09,2354.2778898560728,2420.6856447935093,2336.56915520609,2394.27001953125,1581979
2022-03-10,2457.578703395462,2464.2194785147253,2405.288844273145,2427.867431640625,1051744
2022-03-11,2437.902334746391,2457.7754211562687,2409.2241204681595,2453.25,812330
2022-03-14,2449.7081745473733,2503.8181944670946,2434.9508963874496,2497.915283203125,1004492
2022-03-15,2517.5913386911648,2537.2677071061016,2502.046959605356,2515.574462890625,1571483
2022-03-16,2536.0875614620704,2551.5334649954552,2524.4784542812176,2545.433837890625,757197
2022-03-17,2558.026644404491,2677.609594035184,2558.026644404491,2659.261474609375,3336088
2022-03-21,2695.662682741366,2723.20960066719,2656.3099428473315,2663.442626953125,1889261
2022-03-22,2672.297124675469,2674.805910004942,2603.6265421497055,2668.853759765625,1279904
2022-03-23,2685.8246661898816,2698.565068491485,2634.5186244117726,2646.471923828125,1281815
2022-03-24,2650.4072077286614,2650.4072077286614,2570.2752338403598,2576.12890625,1835380
2022-03-25,2588.4263797829617,2591.3778351761007,2477.2548933080566,2483.059326171875,2863040
2022-03-28,2495.45562155015,2504.359226999962,2442.8213318781877,2494.865234375,1316800
2022-03-29,2508.737715677342,2517.5920840856147,2484.4374415282155,2497.718994140625,908172
2022-03-30,2514.935260342588,2524.2322970584305,2469.384416103151,2482.321533203125,866666
2022-03-31,2484.387801968989,2504.211649743934,2479.173515597963,2495.111328125,910316
2022-04-01,2496.931719849745,2508.7375435842596,2451.5285854801323,2480.059326171875,1208002
2022-04-04,2499.2437453934917,2520.543322593862,2468.154980701542,2476.271484375,1424995
2022-04-05,2491.0283218262316,2536.0872549904825,2479.2717393564126,2507.949951171875,1586304
2022-04-06,2505.7857327606716,2523.39598792784,2482.469282225293,2498.9482421875,1349078
2022-04-07,2461.80908766122,2503.276941479339,2412.322968931025,2418.5703125,2785215
2022-04-08,2428.4084994423156,2491.6678370718805,2425.112611379223,2469.335205078125,1217812
2022-04-11,2462.497663855187,2469.3351542765413,2437.311814605095,2449.560546875,660112
2022-04-12,2439.8699918276375,2467.9088203627534,2400.763204660239,2447.937255859375,1182427
2022-04-13,2451.8723847187975,2455.561704044228,2401.5994041583,2421.521728515625,1165453
2022-04-18,2395.5981491938205,2459.5463544084396,2371.002685649736,2453.102294921875,1109814
2022-04-19,2468.7942780784674,2479.8132384582123,2401.501182478337,2412.91357421875,929834
2022-04-20,2413.356000823199,2464.465323465438,2403.17338335082,2442.526123046875,639190
2022-04-21,2442.5262447936057,2484.092578169421,2426.0965231895825,2480.20654296875,880723
2022-04-22,2474.303602140649,2485.56827626745,2436.4265887480387,2472.040771484375,878780
2022-04-25,2431.0157770624605,2448.7245119823815,2407.453369470917,2414.1923828125,682383
2022-04-26,2420.1937987206998,2510.8525882349527,2419.2099801033337,2506.966552734375,1232557
2022-04-27,2487.7326849504034,2496.734768813482,2447.9865115334364,2452.020263671875,801135
2022-04-28,2488.962436477916,2490.0447329515146,2436.9185316163184,2472.53271484375,933881
2022-04-29,2480.2064577391498,2491.028461323097,2410.3553436973093,2418.422607421875,1496781
2022-05-02,2395.5980879990598,2397.565725032324,2333.961954008088,2347.93212890625,1287401
2022-05-04,2317.8765276047525,2368.0512741700504,2238.1872242363374,2252.895263671875,2357806
2022-05-05,2271.6369307270943,2271.6369307270943,2215.7067525757825,2225.3974609375,2118580
2022-05-06,2203.7536078098474,2203.7536078098474,2159.924442259363,2173.00927734375,1465638
2022-05-09,2159.4816652421778,2177.5348312759247,2135.870020610828,2147.87255859375,968069
2022-05-10,2144.724662022853,2150.6275739366774,2090.6146361461297,2102.764892578125,1092429
2022-05-11,2092.7789340016493,2103.404223204593,2061.837886239956,2080.481201171875,1472911
2022-05-12,2067.986666684146,2069.855825920529,2002.6119697168529,2015.401611328125,1362031
2022-05-13,2022.8787129910893,2119.1454683416123,2022.8787129910893,2057.853515625,2580348
2022-05-16,2083.7273573352472,2117.177182712678,2062.771977516673,2075.46337890625,1370151
2022-05-17,2110.290978682638,2149.6437242058573,2076.8411449879013,2141.1337890625,1256142
2022-05-18,2151.611291617991,2158.793215480797,2126.032007858472,2131.68896484375,1188772
2022-05-19,2090.6145154751484,2121.2113698717844,2021.8456917244948,2077.775634765625,981115
2022-05-20,2105.2734656443363,2120.6703718692092,2094.7466539644224,2102.4697265625,1017542
2022-05-23,2125.047942372237,2164.400682045797,2103.403935551779,2116.48876953125,1346294
2022-05-24,2116.8328658627956,2129.966938209066,2087.0233590643816,2105.617431640625,1150314
2022-05-25,2125.047942086431,2145.708130412271,2071.9217435342703,2079.201904296875,1125068
2022-05-26,2097.501092788485,2116.0461680385574,2041.9153461925425,2107.2900390625,1382368
2022-05-27,2120.129047384661,2124.998901334837,2089.0402840708757,2114.4228515625,865917
2022-05-30,2128.9831745446995,2223.429747907126,2128.9831745446995,2219.39599609375,1691435
2022-05-31,2218.4125385758894,2262.7828549822316,2141.3797317953104,2180.14208984375,7005071
2022-06-01,2218.5108850097263,2267.60333579045,2144.7244919384493,2162.039794921875,2126105
2022-06-02,2141.379750272346,2189.3409090254795,2141.379750272346,2185.011962890625,966727
2022-06-03,2195.5385473862757,2208.6233819983718,2162.1871949764886,2168.7294921875,1228695
2022-06-06,2168.729559755154,2173.205982286924,2130.901783774521,2162.974365234375,1285097
2022-06-07,2138.3787025324336,2144.1831354810556,2054.21298363707,2066.805908203125,3255286
2022-06-08,2071.9707483546435,2098.4846056719384,2062.6244737396023,2094.40185546875,1775344
2022-06-09,2071.9220205903302,2119.145314506919,2068.9705647205437,2105.07666015625,1035771
2022-06-10,2073.8894210781596,2130.9508947131376,2073.8894210781596,2107.585205078125,927889
2022-06-13,2073.889362393935,2090.073128403067,2042.603886593054,2068.3798828125,928411
2022-06-14,2066.018935184497,2082.645372444,2039.111402024041,2067.986572265625,893733
2022-06-15,2069.9540031441784,2093.073736544315,2056.180544948352,2070.987060546875,783714
2022-06-16,2091.991581381381,2110.290701724106,2009.0066342644513,2027.6007080078125,1265289
2022-06-17,2007.9737611071725,2018.4513331133478,1879.6346728706037,1905.115478515625,6066708
2022-06-20,1906.6403356862115,1941.5166549856974,1874.6169940844268,1929.956787109375,1967950
2022-06-21,1947.8622204116316,2059.8699296414266,1934.6790288429208,2044.4732666015625,3289922
2022-06-22,2036.5043603838797,2037.4389399508725,1974.5237928939355,1998.3321533203125,1507811
2022-06-23,2006.9898175277874,2014.6636501622318,1964.8332171933312,2008.3671875,1632845
2022-06-24,2020.3205748183227,2042.8006839422985,2001.0376357022453,2012.4991455078125,854618
2022-06-27,2048.310219647582,2049.933424177901,1992.2325623373458,2007.2850341796875,1067849
2022-06-28,1987.3134260407317,1989.2810630962174,1928.2843143761554,1936.2041015625,3397585
2022-06-29,1918.4461754192264,1922.6766432286788,1891.8830745288062,1904.8203125,2375427
2022-06-30,1918.4461809049017,1933.9413231352876,1894.8345356014568,1909.8377685546875,2489709
2022-07-01,1864.3361791527084,1922.7257869187733,1795.5181186251664,1914.7076416015625,4064801
2022-07-04,1922.381438843551,1934.7775285038826,1896.8021566480893,1930.743896484375,1023678
2022-07-05,1935.1710053134395,1956.913370322103,1909.1490538138112,1922.6273193359375,1555345
2022-07-06,1926.3167268485327,1992.7244791786022,1909.9361239214413,1980.9678955078125,1952701
2022-07-07,2095.533276568008,2136.4602197356844,2068.5275084361624,2093.07373046875,5915740
2022-07-08,2112.8201425940124,2126.642330442758,2083.6948181984408,2117.114990234375,2039331
2022-07-11,2125.654894784603,2146.2401767816978,2099.5902957883986,2136.120361328125,1219508
2022-07-12,2104.921375256749,2114.794364821743,2087.5942303622273,2102.94677734375,1096542
2022-07-13,2102.946865589907,2114.5970419734344,2080.683224978637,2084.5830078125,1169721
2022-07-14,2104.9217025178345,2112.8200953978267,2086.163019427854,2100.429443359375,767221
2022-07-15,2107.8832242484705,2165.2945608489754,2105.118739025107,2161.888427734375,1742573
2022-07-18,2168.108728863632,2218.7572186884904,2166.1835439107176,2209.0322265625,2016386
2022-07-19,2204.145165471944,2224.3847963307007,2188.5457920167446,2212.734619140625,867223
2022-07-20,2251.0417953236833,2268.813177918344,2232.381940015211,2242.353515625,1620332
2022-07-21,2255.978098071432,2268.812984406193,2235.2448201460493,2259.532470703125,1117118
2022-07-22,2269.8006818086355,2300.357541431022,2254.102722182479,2295.470458984375,1185176
2022-07-25,2309.5887112187474,2318.9680521748464,2283.622698048112,2299.271484375,1248393
2022-07-26,2305.293955644076,2305.293955644076,2257.508776235493,2264.07421875,1142159
2022-07-27,2256.077105747115,2281.6480541614765,2237.762660566115,2274.292724609375,1456382
2022-07-28,2291.52078068534,2311.760408433746,2275.7734112061207,2304.997314453125,1126799
2022-07-29,2325.0889973289386,2362.1127074774886,2309.341627487044,2322.176513671875,1239445
2022-08-01,2334.764810175346,2350.8084195215783,2309.292446820752,2346.0693359375,581266
2022-08-02,2339.898619629625,2367.34557991594,2327.113145844249,2354.65869140625,777687
2022-08-03,2364.5811261426284,2395.088569099489,2325.089165789516,2385.709228515625,1207016
2022-08-04,2399.0869747953475,2399.5806242578888,2340.8363382155026,2392.866943359375,1015590
2022-08-05,2394.397554019652,2440.998019923989,2386.6474012752806,2401.901123046875,2443597
2022-08-08,2428.7556385714956,2443.2688862525597,2402.246562929702,2415.871337890625,1576547
2022-08-10,2438.5296784662914,2438.5296784662914,2386.400484637216,2402.69091796875,1065998
2022-08-11,2415.130959067227,2454.425510623057,2415.130959067227,2440.948974609375,1127878
2022-08-12,2440.60312409538,2461.3364030622097,2430.6313077954155,2440.5537109375,761420
2022-08-16,2429.8414970978624,2467.753679657282,2404.0728985659057,2462.175537109375,1035928
2022-08-17,2463.311116392346,2491.103488083215,2449.14327868575,2460.546630859375,863500
2022-08-18,2460.5467997362634,2472.0981511434775,2435.963148253223,2447.21826171875,827663
2022-08-19,2467.210803165164,2467.210803165164,2400.025057589934,2409.60205078125,751505
2022-08-22,2409.009443079468,2426.7808242169394,2377.4158766128517,2386.89404296875,947292
2022-08-23,2376.4289716828566,2470.1729745182183,2369.5178778723953,2448.69921875,1417877
2022-08-24,2463.3109361647707,2463.3109361647707,2410.0462048111694,2429.446533203125,672569
2022-08-25,2441.5906365097467,2469.8274867486325,2425.4976132208662,2435.123779296875,732577
2022-08-26,2451.513021951543,2523.5364414283204,2450.0320733356816,2500.729736328125,2398253
2022-08-29,2426.040793795046,2508.6282698283794,2426.040793795046,2499.545166015625,1149676
2022-08-30,2512.675829247685,2589.783973704559,2510.701231346508,2571.568115234375,1794736
2022-09-01,2560.017155102516,2613.5287181556364,2533.0638414438586,2588.6982421875,1438313
2022-09-02,2597.583685770114,2611.4058718593506,2573.937922775415,2579.41748046875,800453
2022-09-05,2591.659975453523,2606.4694610275437,2577.6897904779526,2593.980224609375,733481
2022-09-06,2598.274754955307,2613.281651690951,2577.837713667701,2598.225341796875,680071
2022-09-07,2573.8886013470287,2607.851591960772,2567.3723312568104,2604.248046875,438635
2022-09-08,2615.355196035157,2626.1166593160187,2582.774327228377,2593.33837890625,754150
2022-09-09,2618.317208489224,2618.46520693803,2560.066561694026,2570.3837890625,777186
2022-09-12,2583.5642608414596,2635.792285355033,2576.850578941236,2627.350830078125,808360
2022-09-13,2645.961472605907,2688.415332054435,2638.0630801503676,2671.18701171875,1536444
2022-09-14,2611.4061223914173,2677.555162164659,2611.4061223914173,2666.300048828125,915281
2022-09-15,2679.6776522262585,2682.491550968373,2614.367915702706,2622.414306640625,753648
2022-09-16,2614.3678626515984,2643.6411828246564,2571.1735295734234,2578.627685546875,1425731
2022-09-19,2578.578317413746,2598.5711233590423,2520.1302613273097,2586.526123046875,808421
2022-09-20,2608.6412557831422,2659.3391536372296,2601.631577812835,2649.910400390625,844553
2022-09-21,2653.8599377181145,2665.7075267257846,2622.90801501965,2632.781005859375,1052572
2022-09-22,2626.2150980852048,2710.0860922014376,2616.342108994659,2702.82958984375,1352472
2022-09-23,2702.830002590171,2720.6999709491,2633.126592550671,2638.50732421875,1226889
2022-09-26,2632.139100304792,2643.9372749957993,2530.990367257602,2621.7724609375,1371409
2022-09-27,2636.038862403913,2645.5170290240926,2552.710924940677,2567.322998046875,1246270
2022-09-28,2554.6362679315866,2601.0393228466723,2531.928389994417,2544.22021484375,1419969
2022-09-29,2561.8929000153694,2572.950600579137,2485.3772277110133,2499.347412109375,1177076
2022-09-30,2505.7651303367925,2603.9025650301933,2490.560820524515,2573.83935546875,1453944
2022-10-03,2591.6597171659923,2591.6597171659923,2523.141267154735,2541.5048828125,1049142
2022-10-04,2595.6091771599,2595.6091771599,2538.9874807781657,2552.266845703125,1291070
2022-10-06,2565.052363921038,2586.7235300199222,2548.8113426370805,2559.91845703125,1409852
2022-10-07,2655.834456651426,2710.135904649875,2641.0249708336673,2695.820068359375,5284814
2022-10-10,2675.5804481635028,2693.253004892275,2624.240897128631,2646.060302734375,1290447
2022-10-11,2658.7964926727113,2659.783791778791,2583.169284731076,2591.16650390625,1067626
2022-10-12,2596.596436637624,2611.3070956992324,2572.901260029524,2588.056396484375,1131702
2022-10-13,2576.850716878036,2594.6221011323673,2558.0920334984644,2565.644775390625,1038687
2022-10-14,2606.4692582678176,2629.7696101743077,2574.6288667605686,2584.55126953125,1326916
2022-10-17,2580.700796636536,2601.434075933411,2569.495097449961,2591.659912109375,1111199
2022-10-18,2604.642938980998,2630.8557774358337,2589.833452965816,2607.5556640625,771852
2022-10-19,2620.6370034744555,2642.9992277565975,2606.4691674551427,2610.96142578125,1001916
2022-10-20,2606.4694343174046,2610.418630430007,2548.564442732297,2598.077392578125,1022636
2022-10-21,2616.342324249242,2645.615642895208,2606.5187475038874,2631.79345703125,986521
2022-10-24,2662.7454812742435,2665.6085520424886,2645.122097190267,2649.811767578125,184595
2022-10-25,2663.0912537858258,2663.0912537858258,2628.1901351024803,2636.384765625,505759
2022-10-27,2665.7074439051303,2729.8818823695133,2645.9614628391664,2669.459228515625,2117791
2022-10-28,2674.5437088615804,2704.1132671521636,2659.0431620102045,2701.64501953125,1003160
2022-10-31,2715.072330693803,2755.551590896874,2703.4715670990204,2726.42626953125,1144647
2022-11-01,2734.966124537581,2748.640311584041,2706.1864561967873,2719.959228515625,890107
2022-11-02,2710.135990656898,2712.45623992457,2668.6694290512182,2693.796142578125,1704942
2022-11-03,2670.6435983148276,2743.7037189341613,2670.6435983148276,2728.548583984375,1227960
2022-11-04,2739.6556346128164,2746.122490647445,2711.715268437782,2734.521728515625,1172058
2022-11-07,2736.792943943789,2736.792943943789,2671.9274451037313,2706.729736328125,1825529
2022-11-09,2733.8310618073397,2733.8310618073397,2675.580418020184,2683.57763671875,1184702
2022-11-10,2675.5804214564205,2676.6665468257015,2594.6218994787723,2607.456787109375,1198585
2022-11-11,2637.0757221680105,2660.1784231683123,2607.9998137987163,2618.11962890625,833729
2022-11-14,2624.2409557820283,2631.152049345036,2589.8828995751137,2596.399169921875,565428
2022-11-15,2609.3817671492525,2635.2489519810265,2587.760016100659,2622.90771484375,1033296
2022-11-16,2625.2280911191183,2644.1841840730567,2596.5964195725014,2610.71484375,835064
2022-11-17,2604.4950489188977,2611.406142680244,2543.2825041755423,2549.206298828125,1265647
2022-11-18,2547.231512161786,2550.5882324673184,2512.6760459115294,2533.2119140625,1038751
2022-11-21,2519.5868431323847,2546.194500810957,2507.393605057899,2540.665771484375,629040
2022-11-22,2547.2316886331096,2575.863362652629,2528.4730056548037,2573.098876953125,912070
2022-11-23,2581.737621613695,2599.064768276836,2557.894445796424,2568.705322265625,992873
2022-11-24,2577.837738985775,2585.0450700334886,2559.5727071316055,2577.0478515625,752066
2022-11-25,2586.723443427082,2586.723443427082,2553.1552766039827,2562.435791015625,633047
2022-11-28,2551.5755338808162,2575.3695370798023,2546.244215498873,2559.325927734375,665149
2022-11-29,2564.1637173198387,2606.469579447633,2562.0905338691673,2580.552978515625,866621
2022-11-30,2580.552954704322,2631.152032247544,2571.124200339525,2619.304443359375,1569918
2022-12-01,2628.189905640345,2631.1518026038766,2596.5963380293415,2605.185791015625,539844
2022-12-02,2614.3679449940773,2617.7246654259543,2571.91408486011,2584.650146484375,731396
2022-12-05,2595.609004525233,2596.5468903432543,2556.3638702803196,2582.428466796875,747114
2022-12-06,2586.5262044101987,2590.6728123805883,2558.388180342803,2583.76171875,706596
2022-12-07,2583.070840374859,2590.426170908491,2553.846688824522,2563.867919921875,712914
2022-12-08,2563.8675500183335,2580.7008054349185,2545.9973413856114,2550.68701171875,648288
2022-12-09,2564.015582266697,2596.4976239549633,2535.3344972220607,2582.231201171875,935047
2022-12-12,2580.305938209792,2580.305938209792,2538.3457306819882,2551.822265625,726330
2022-12-13,2564.4105238864836,2566.977597900309,2532.4221302362666,2543.18359375,832740
2022-12-14,2542.1470642094505,2563.0283427741406,2538.4938648798134,2558.190673828125,767737
2022-12-15,2552.1679565979957,2555.771501590812,2482.612789122269,2490.6591796875,1225728
2022-12-16,2468.2475111984027,2487.99349128799,2448.5015311088155,2451.3154296875,1177053
2022-12-19,2451.660912827804,2493.176885412196,2437.3450768359316,2489.770751953125,572224
2022-12-20,2484.8339814930214,2485.6238688406097,2450.5747570194003,2476.293701171875,597902
2022-12-21,2483.0570350173502,2495.8919222758896,2449.4888683411714,2457.979736328125,519326
2022-12-22,2460.1516581792002,2477.330564096336,2433.6919971824027,2451.46337890625,557608
2022-12-23,2436.308146924949,2473.1838589625186,2423.8189116778376,2451.5126953125,1310439
2022-12-26,2456.1533332165654,2480.49015958781,2438.875598986321,2449.587890625,1076808
2022-12-27,2466.273127388149,2487.8948810482034,2454.030715085256,2471.752685546875,791283
2022-12-28,2471.0119622217057,2563.0281799503305,2465.779229362847,2547.37939453125,2443430
2022-12-29,2522.549062392906,2555.9692315141124,2509.911586396832,2520.8212890625,1583143
2022-12-30,2531.434759233638,2576.850515444538,2520.623882865309,2564.50927734375,1057182
2023-01-02,2573.888684435289,2582.7743760961707,2524.3263191570027,2533.16259765625,697408
2023-01-03,2535.383853950555,2585.736103386489,2522.598379997821,2580.40478515625,852511
2023-01-04,2585.538697729815,2592.8940271524257,2552.7604187787224,2564.55859375,832054
2023-01-05,2558.0914353821604,2586.723103319668,2511.3427363165633,2529.55859375,1544601
2023-01-06,2527.4855219160954,2551.5755218809372,2485.031663540161,2505.86376953125,879019
2023-01-09,2497.8169766279343,2497.8169766279343,2436.456442164365,2453.09228515625,2324487
2023-01-10,2463.3112262848913,2466.964184705086,2424.8065618259293,2436.8515625,948787
2023-01-11,2441.5903221185968,2456.992282272905,2400.1237658998416,2406.4423828125,1000412
2023-01-12,2418.8828436384433,2443.565321634754,2401.1114594810997,2415.526123046875,874520
2023-01-13,2425.6949925112795,2425.6949925112795,2369.5177717551755,2386.499267578125,1416869
2023-01-16,2397.1620340312243,2403.8757156129127,2361.619269111486,2375.29345703125,737012
2023-01-17,2374.454459070768,2387.1905217076473,2355.6957751945333,2377.366943359375,926137
2023-01-18,2387.2889033200745,2398.9884925003994,2382.1549968972363,2393.3115234375,601233
2023-01-19,2362.1128978269894,2381.167817060262,2337.1341844925832,2354.757568359375,1116874
2023-01-20,2359.5951585414546,2366.506251429275,2323.114509291562,2341.18212890625,1229902
2023-01-23,2353.6712762118573,2354.016927259179,2325.6814956916164,2334.665771484375,932554
2023-01-24,2342.366933447518,2360.2371421902662,2333.974891747074,2340.63916015625,714000
2023-01-25,2339.8989011703957,2339.8989011703957,2303.911896657828,2326.669189453125,650664
2023-01-27,2338.318931776103,2338.318931776103,2273.3548482800297,2301.640869140625,1238620
2023-01-30,2302.3810270369886,2313.093316481778,2258.001989839577,2305.885986328125,1401847
2023-01-31,2317.190794702082,2356.1396927450796,2305.9848544344927,2346.957763671875,1252600
2023-02-01,2377.959166203475,2379.193290011365,2270.8372196785895,2316.104736328125,1521514
2023-02-02,2311.3163658628127,2354.708108586671,2240.7739007129026,2278.784912109375,1788381
2023-02-03,2290.632640951688,2438.6286733344846,2290.632640951688,2431.81640625,3693638
2023-02-06,2443.417090863062,2448.4521712716805,2416.513192405101,2426.781005859375,1049075
2023-02-07,2425.102777456608,2428.508911073303,2401.210187937983,2415.822021484375,563195
2023-02-08,2415.920765715263,2448.5016342353297,2415.920765715263,2435.419921875,539085
2023-02-09,2435.6668702700263,2444.206911036035,2420.4625606048194,2431.2734375,464715
2023-02-10,2420.857270752101,2440.603251753342,2411.0336934119455,2437.147705078125,597337
2023-02-13,2448.501588820888,2491.893332882556,2444.700391148129,2487.0556640625,1856317
2023-02-14,2496.829806031248,2496.829806031248,2448.5015672564646,2475.059814453125,843477
2023-02-15,2471.6537322819318,2496.138796670024,2451.7597530514972,2492.239013671875,707224
2023-02-16,2497.866606334842,2513.317740112255,2486.1178440095064,2490.363037109375,704946
2023-02-17,2483.0569480479344,2513.515218160582,2464.2982673270953,2468.543701171875,607239
2023-02-20,2468.2476067478196,2475.4055248073882,2434.97567721682,2442.725830078125,460090
2023-02-21,2454.376047942374,2454.376047942374,2419.376344502664,2432.31005859375,750272
2023-02-22,2420.807549690521,2431.5198394371264,2383.734426868039,2400.666748046875,1098118
2023-02-23,2401.6047635001764,2401.6047635001764,2349.77156716564,2364.08740234375,1602078
2023-02-24,2369.517623083362,2383.0929844656107,2347.7476317133246,2368.629150390625,1145691
2023-02-27,2368.6293550886644,2381.365416997475,2343.4532281676716,2370.505126953125,862629
2023-02-28,2370.603695493969,2394.2000448812114,2333.5799834597233,2342.6630859375,1430349
2023-03-01,2339.898701721917,2365.6178896682136,2336.2951566773804,2352.14111328125,479935
2023-03-02,2352.0919557471607,2363.8901310239976,2321.8805088178656,2328.989013671875,529609
2023-03-03,2339.8986359467176,2371.4922040270108,2328.3472858253194,2365.667236328125,710845
2023-03-06,2381.908590864797,2395.5825393439636,2362.212021209505,2372.924072265625,682556
2023-03-08,2365.9632388803716,2370.7023223117585,2342.120064328419,2366.654541015625,858496
2023-03-09,2370.307282172248,2377.366372995111,2334.961932824706,2338.170654296875,601071
2023-03-10,2324.9412287669643,2349.722289919251,2308.3051436128576,2345.328857421875,543004
2023-03-13,2342.613783298185,2346.7603910336875,2291.521058280513,2302.38134765625,631722
2023-03-14,2307.2686117019616,2361.47147757751,2299.271633518234,2325.681884765625,1470817
2023-03-15,2349.7716428910007,2383.1918107824913,2349.7222297325607,2368.629150390625,1656307
2023-03-16,2382.8462058594546,2450.476189328016,2382.3525563450853,2419.228271484375,2317115
2023-03-17,2435.814877145321,2442.577972393462,2416.3157199283564,2424.4609375,1625905
2023-03-20,2430.730310129412,2443.515784876842,2410.5400923576235,2428.706298828125,918922
2023-03-21,2443.5650658229447,2489.5238832487057,2436.7033858662703,2482.119140625,1652107
2023-03-22,2485.969278840333,2491.9424855417624,2463.31081673007,2476.293701171875,754732
2023-03-23,2478.120559653399,2495.8919421529054,2462.373188368741,2487.0556640625,610778
2023-03-24,2484.8339964777774,2487.6970669603015,2443.5154398206505,2461.681884765625,838919
2023-03-27,2448.501496809944,2478.120466529419,2435.4691983413336,2462.718505859375,728727
2023-03-28,2471.1105339097994,2475.3065545973554,2462.224843042033,2468.543701171875,599191
2023-03-29,2468.5440274947678,2492.9302674475775,2462.3239948571318,2483.106689453125,710603
2023-03-31,2494.8552535579793,2504.5308323293884,2468.2475927164564,2482.958251953125,848456
2023-04-03,2493.8184248850503,2512.3302809658107,2481.3786022226545,2505.17236328125,701713
2023-04-05,2527.485277495381,2548.7122046305963,2517.7111144397286,2540.02392578125,1438377
2023-04-06,2550.193506584454,2551.180805657851,2512.676141795368,2516.082275390625,1192271
2023-04-10,2535.383974521005,2568.9521424079653,2528.5222942932496,2550.884521484375,1497452
2023-04-11,2550.8843065517694,2570.432874411483,2543.282152672933,2547.28076171875,820568
2023-04-12,2547.280853272054,2560.5105635606023,2531.5826544242195,2555.031005859375,553807
2023-04-13,2555.130063747649,2566.928239752121,2544.56601161477,2552.809814453125,481459
2023-04-17,2566.977376890108,2579.071789531225,2549.5022329553917,2572.50634765625,1044487
2023-04-18,2569.98882049987,2574.530251470979,2527.5843748372035,2544.960693359375,674756
2023-04-19,2547.280945185523,2562.9789035599892,2529.460149243818,2536.66748046875,687292
2023-04-20,2544.9111919679003,2585.7361023712383,2537.8521004754743,2546.490966796875,995472
2023-04-21,2560.658643186527,2561.5965289774267,2526.7448279698856,2535.679931640625,409932
2023-04-24,2538.444760738008,2602.915197823403,2537.358635334196,2596.15234375,1026391
2023-04-25,2601.385047462168,2603.5076440438525,2581.737651372042,2599.755859375,630987
2023-04-26,2599.5583947213117,2614.02222936603,2592.3016502988557,2607.456787109375,631279
2023-04-27,2607.4567667730785,2640.037635119732,2598.077425885406,2629.62158203125,620037
2023-04-28,2638.5071025055886,2645.2701969130057,2586.2296698887294,2608.2958984375,1567472
2023-05-02,2623.253506832015,2640.0375902404244,2599.9531534491257,2630.0166015625,726439
2023-05-03,2641.02517719409,2645.4680232865658,2609.5304313100237,2620.34130859375,808211
2023-05-04,2645.665328199589,2660.0305781938455,2622.8094506393863,2636.4833984375,1936641
2023-05-05,2636.680677118467,2730.868900705184,2632.4352434177295,2698.189208984375,2190777
2023-05-08,2698.2387764251976,2734.8182528893117,2698.189363266825,2716.306396484375,848638
2023-05-09,2718.3303412868677,2754.5641657974643,2703.668854956223,2713.492431640625,893686
2023-05-10,2724.9450818083865,2732.5472354590984,2701.4473187645463,2710.579833984375,522149
2023-05-11,2722.9705081924344,2729.881600852821,2709.1977360271912,2722.822509765625,621067
2023-05-12,2725.7351278763144,2749.134065972376,2721.835345033603,2737.9775390625,705516
2023-05-15,2738.767512481514,2766.5107116734735,2729.141346927551,2744.2470703125,772914
2023-05-16,2749.6277154054856,2765.227087815745,2739.310489061923,2754.81103515625,548885
2023-05-17,2749.627751376738,2754.564246442046,2715.1216990781923,2727.314697265625,539547
2023-05-18,2746.665471968117,2746.665471968117,2681.6025724808237,2687.279541015625,612441
2023-05-19,2685.404046900658,2685.404046900658,2648.972807773831,2667.33642578125,846419
2023-05-22,2667.2872679065863,2699.275661406377,2666.79361837085,2678.09814453125,559506
2023-05-23,2685.404092306844,2691.772123183541,2643.295882837384,2649.36767578125,713749
2023-05-24,2641.0248414269554,2687.4278947155785,2636.088346396251,2672.865234375,814553
2023-05-25,2679.9738402667567,2685.4533981658283,2647.936034514982,2673.556396484375,651488
2023-05-26,2673.5566829295512,2724.649413901824,2664.8684022084253,2707.322265625,811400
2023-05-29,2710.135639226959,2785.960247395801,2710.135639226959,2776.531494140625,1107678
2023-05-30,2793.5623447605376,2805.804755174465,2762.166190327671,2766.9052734375,1263691
2023-05-31,2766.905391865052,2796.1295380933516,2754.6629809271317,2787.391845703125,1394580
2023-06-01,2787.391868500233,2801.608877514726,2778.9504139429696,2791.341064453125,538550
2023-06-02,2794.0565224832226,2834.53578658987,2790.5515623830966,2825.304443359375,1116501
2023-06-05,2838.484606282306,2838.484606282306,2803.9291415101734,2819.4296875,724102
2023-06-06,2824.612910389768,2856.2558902543624,2821.9966645626214,2844.8525390625,1148132
2023-06-07,2858.230633633516,2873.040118781876,2833.548158386249,2870.02880859375,862821
2023-06-08,2869.9793722570294,2884.739685167527,2834.5848476621773,2840.459228515625,560514
2023-06-09,2853.2941112559756,2882.8636681110324,2826.8838629943502,2839.71875,727880
2023-06-12,2848.308364616995,2848.802014145206,2797.265051607934,2816.369384765625,1112274
2023-06-13,2823.576277628477,2880.9384452119098,2818.8374353208255,2875.50830078125,776313
2023-06-14,2882.9131597425676,2891.008963558542,2860.2052821144584,2870.127685546875,617700
2023-06-15,2874.076739780103,2887.5038612648086,2863.167037858924,2871.0654296875,564711
2023-06-16,2874.81737889475,2922.4051441832876,2874.81737889475,2916.777587890625,1022389
2023-06-19,2929.3162212302495,2985.9870891212436,2925.7126761876298,2930.89599609375,1382633
2023-06-20,2934.9440020176894,2948.4207794284694,2910.8540002651157,2936.2275390625,672298
2023-06-21,2936.227084217707,2947.0873726932937,2920.5782994074257,2933.364013671875,509602
2023-06-22,2937.2148172009142,2946.8409834085473,2918.258722723077,2932.525146484375,496441
2023-06-23,2934.74634301977,2943.1383847071265,2894.76073262707,2901.81982421875,869340
2023-06-26,2902.6589283470366,2943.13818551106,2902.6589283470366,2934.844970703125,839713
2023-06-27,2935.240102467357,2951.234299015524,2903.3502946530393,2937.90576171875,913730
2023-06-28,2956.9606855480783,3005.733162710143,2947.137108106223,2989.640380859375,1525117
2023-06-30,3007.3129474923608,3028.9841137287376,2990.676861856067,3008.94189453125,946112
2023-07-03,3011.360870130278,3015.2112399343123,2987.8631049902815,2999.710693359375,429100
2023-07-04,3002.870010408324,3050.7540135333625,3000.4017628245592,3035.598876953125,1291238
2023-07-05,3035.9447687033758,3074.350607735434,3024.0971793620943,3060.479248046875,643663
2023-07-06,3060.626939375253,3072.3265290916875,3042.2630813230826,3066.945556640625,976956
2023-07-07,3100.118675329,3169.2296012121305,3086.6913133129365,3104.06787109375,3630808
2023-07-10,3114.928231611615,3114.928231611615,2991.7626858450385,3006.868408203125,1777220
2023-07-11,3023.9491131561167,3058.6525797414524,3006.128316379937,3048.384765625,1141925
2023-07-12,3074.4493649268834,3084.3223558226023,3048.433937500737,3057.171630859375,1300168
2023-07-13,3084.360474727965,3085.0044433692838,3050.0398238125495,3055.43798828125,932018
2023-07-14,3064.2534463848842,3067.9184817303626,3013.688726753088,3026.515625,721349
2023-07-17,3040.8279839752254,3043.7499038692963,2991.30309824273,3004.625244140625,866575
2023-07-18,3004.625468965561,3011.063704592535,2935.241050498411,2967.97705078125,1359863
2023-07-19,2981.497456653359,2988.7278969722024,2956.6854389638975,2967.1845703125,568891
2023-07-20,2973.72191723361,2987.935656900471,2937.816373225043,2960.89501953125,1021556
2023-07-21,2962.3314443940885,2976.446038754237,2941.7786140100116,2948.018798828125,599594
2023-07-24,2949.702320196434,2964.4606400466887,2923.206505198027,2950.890869140625,523141
2023-07-25,2951.683382252806,3004.080618048391,2944.50227335303,3000.2177734375,874788
2023-07-26,3015.96641426544,3015.96641426544,2966.5406747105753,2979.763916015625,588487
2023-07-27,2985.310494841205,2995.364191589619,2955.2983661641406,2973.5732421875,595544
2023-07-28,2979.565629336281,2981.3981468525067,2923.652081225403,2958.61669921875,837051
2023-07-31,2921.9686695752293,2989.2729503967157,2921.9686695752293,2975.505126953125,656048
2023-08-01,2996.1073620693746,2998.732084506703,2959.3102237681956,2973.375244140625,602288
2023-08-02,2977.0895381255846,2977.139111378441,2931.8734114642402,2948.8603515625,1152335
2023-08-03,2910.0328816841507,2958.567272525508,2855.6050774619202,2874.523681640625,3319847
2023-08-04,2892.203801755662,2907.903287522946,2870.4624249207027,2876.801513671875,709334
2023-08-07,2892.203996102626,2892.203996102626,2855.0603286879427,2877.0,580359
2023-08-08,2890.272581367672,2904.139550572315,2877.0000075715293,2893.49169921875,474417
2023-08-09,2896.215473786784,2933.8543889727953,2890.4209651153765,2927.812255859375,600081
2023-08-10,2929.8923449777926,2967.0360106088497,2889.2819372211698,2960.152099609375,970990
2023-08-11,2960.102535299955,3038.3022845472947,2951.6833043981483,2988.579345703125,1823274
2023-08-14,2991.6502588683707,2991.6502588683707,2959.95432787081,2982.042236328125,542561
2023-08-16,2976.445903771089,2987.242233116367,2949.752036292767,2982.488037109375,544441
2023-08-17,2989.322268327297,3050.1883078984406,2983.3792817103445,3042.5615234375,1699758
2023-08-18,3041.422542299572,3050.237875704012,3006.1607250403235,3021.4638671875,860782
2023-08-21,3022.0086790749606,3053.2093586524306,3021.0181813105964,3049.04931640625,706621
2023-08-22,3055.6362538239214,3061.628814101796,3011.212570927874,3046.375244140625,714220
2023-08-23,3046.375253773551,3055.685836742289,3027.2585970952573,3040.828369140625,602197
2023-08-24,3046.4740345034575,3070.4440328946457,3027.2089006613537,3032.11181640625,618626
2023-08-25,3025.970663166723,3045.532993967883,3008.6865255825055,3038.0546875,648003
2023-08-28,3044.790151183712,3050.6835645630713,3011.80652701136,3019.58203125,471698
2023-08-29,3022.949798990473,3060.6382897248614,3015.0753896189253,3050.138916015625,482639
2023-08-30,3050.7330626943663,3081.4384928708355,3037.856591975202,3052.912109375,582766
2023-08-31,3061.480302392473,3089.3131462121823,3052.9123511046364,3074.950927734375,1420498
2023-09-01,3082.3795826880487,3095.2064808436453,3070.543182333205,3087.18359375,423739
2023-09-04,3087.3322688794283,3095.2562517915535,3056.973606075656,3070.840576171875,539813
2023-09-05,3090.352923592152,3127.496588539173,3085.400434932549,3106.349365234375,721199
2023-09-06,3106.349597912397,3150.3278455962577,3091.1951749354735,3145.87060546875,1163154
2023-09-07,3142.8491742209726,3152.7045778844035,3122.0487227054855,3142.651123046875,805295
2023-09-08,3151.7638079373214,3174.545255951953,3142.651277095616,3168.701416015625,700158
2023-09-11,3179.448337232913,3190.938208341788,3156.3203588954993,3182.7666015625,544452
2023-09-12,3185.4903894598174,3190.5417829751623,3147.405798712283,3155.52783203125,591509
2023-09-13,3147.8513538341854,3238.927571588561,3147.8513538341854,3232.192138671875,1370306
2023-09-14,3246.4061234706933,3271.069422043807,3209.212882593766,3230.360107421875,1264935
2023-09-15,3230.6076723772453,3232.9847703330142,3208.222325707302,3217.731201171875,1397407
2023-09-18,3226.0510290825255,3320.148311171208,3215.9480008434653,3307.76708984375,1423507
2023-09-20,3282.5095031481746,3317.176923972009,3268.6921080696798,3275.229248046875,1201025
2023-09-21,3268.6426135880047,3290.928813226105,3254.577593736108,3273.099853515625,1091384
2023-09-22,3267.454154400138,3267.454154400138,3230.7065897035063,3243.385009765625,1019051
2023-09-25,3243.3849615855524,3283.400974934535,3230.360012583251,3252.7451171875,623515
2023-09-26,3262.6994315158854,3276.566399348679,3224.0700211245316,3231.597900390625,1054827
2023-09-27,3215.948191591389,3235.9066248267573,3155.725879118513,3184.004638671875,1464192
2023-09-28,3186.926761717513,3194.256348916703,3111.8965512435107,3127.249267578125,1214383
2023-09-29,3130.0224943293892,3146.2665608623793,3113.1840324122013,3118.87939453125,697564
2023-10-03,3118.8793483250392,3181.974006327606,3084.8060807990805,3165.87841796875,1007308
2023-10-04,3155.726043934135,3174.545502451005,3121.0586203504267,3136.559814453125,486969
2023-10-05,3143.7407339828555,3200.2982526316937,3134.9254006745005,3185.93603515625,1109881
2023-10-06,3199.30785035572,3288.2545999464774,3190.4925167842775,3278.300048828125,1102120
2023-10-09,3263.3929066004057,3264.6806020466715,3218.1767807912533,3236.451416015625,822467
2023-10-10,3263.690390745239,3267.850433319214,3228.329666135308,3238.135498046875,633934
2023-10-11,3258.440656654138,3264.6808413351623,3232.9849108367625,3249.328125,546575
2023-10-12,3260.718640601218,3263.7397071469686,3231.598103054401,3253.78515625,429096
2023-10-13,3253.7849971450323,3275.5759468976016,3235.510362648501,3252.546875,920545
2023-10-16,3252.7947321116,3297.367132521168,3243.8802520296863,3270.029296875,778014
2023-10-17,3286.422180424423,3296.8224074930285,3272.7039307644777,3277.012451171875,584625
2023-10-18,3277.7552589715438,3292.563152661264,3246.356527194711,3251.556640625,324535
2023-10-19,3238.92753758271,3269.583393588039,3208.2221083273384,3253.438232421875,698767
2023-10-20,3241.5522360884106,3260.2232146627894,3213.174573406073,3235.16357421875,657550
2023-10-23,3215.353645588339,3243.8304549966115,3179.200478861315,3189.155029296875,566920
2023-10-25,3185.4410108448565,3205.5481650921397,3148.7925912549126,3157.55859375,762466
2023-10-26,3130.3196381662606,3159.588653009223,3062.6685939693057,3071.33544921875,1124281
2023-10-27,3065.689788536253,3108.9249200873046,3057.91428420216,3091.04638671875,1050608
2023-10-30,3075.495519029056,3092.284407556226,3045.7805864780507,3086.836669921875,802316
2023-10-31,3089.957129017953,3175.337993650136,3058.5088228969125,3159.34130859375,1235478
2023-11-01,3163.501233116233,3182.3700211860782,3138.2435413092,3143.245361328125,756820
2023-11-02,3169.5928666250197,3197.8220530933986,3149.7829112086133,3171.07861328125,774180
2023-11-03,3174.693891376844,3256.756729915827,3174.5949866904034,3243.385009765625,1355614
2023-11-06,3278.5476911727437,3278.5476911727437,3214.462532401282,3236.005859375,1137606
2023-11-07,3242.889672281035,3255.2213210518585,3219.315777184972,3239.125732421875,433992
2023-11-08,3257.7471562448354,3292.2165269067405,3241.1067453921146,3280.380126953125,632305
2023-11-09,3289.3933416720165,3289.3933416720165,3243.5332490558717,3252.546875,1317398
2023-11-10,3232.0437573169834,3243.8305839078325,3192.3742737484827,3225.407470703125,1170763
2023-11-13,3243.880385937739,3247.198650389063,3219.712335668522,3233.727783203125,275538
2023-11-15,3244.1278478721556,3269.5340191532973,3229.7656300890408,3264.631103515625,747863
2023-11-16,3264.0862437574046,3326.0915006830696,3228.2798462183723,3304.2509765625,1055389
2023-11-17,3307.2720130916146,3334.0154525505764,3295.0888423072724,3307.12353515625,633405
2023-11-20,3306.2816245229155,3322.080015916447,3280.7763064188216,3314.05712890625,497379
2023-11-21,3333.024957732374,3369.4257503613976,3323.219126650403,3362.195068359375,1038863
2023-11-22,3367.692576647491,3402.360000230627,3363.780158635831,3397.259033203125,980779
2023-11-23,3401.2701439225657,3409.243699213893,3364.027573429678,3376.012451171875,517362
2023-11-24,3373.6356847864513,3386.6113033793204,3350.408558515184,3364.671630859375,589530
2023-11-28,3385.471830825103,3413.20576859988,3365.0677216975364,3409.689453125,733524
2023-11-29,3440.840588816913,3440.840588816913,3391.464180926476,3396.7138671875,819200
2023-11-30,3398.497022833831,3466.742223009928,3389.7310207702076,3457.431640625,1480088
2023-12-01,3465.751770028277,3466.7422678190824,3437.027334094919,3456.342041015625,655263
2023-12-04,3516.2672028373054,3516.2672028373054,3445.0009342312746,3455.25244140625,808838
2023-12-05,3455.2521075923355,3516.2668631287197,3445.9415258661456,3511.611572265625,713651
2023-12-06,3516.267173096665,3539.9895469284766,3488.6323813378112,3513.196533203125,474140
2023-12-07,3513.196402706055,3560.8394416156343,3485.6111852257613,3551.33056640625,820214
2023-12-08,3541.0294547932276,3612.295719512261,3541.0294547932276,3600.112548828125,1562141
2023-12-11,3600.0137616465563,3609.9683127190156,3564.1082170519057,3596.002197265625,620604
2023-12-12,3602.440621818273,3609.869355572366,3529.3914065696895,3537.4638671875,1075941
2023-12-13,3550.9346393609962,3575.4494600929866,3518.991085073858,3568.119873046875,717618
2023-12-14,3612.345455730765,3612.345455730765,3550.2908656475674,3557.273681640625,992762
2023-12-15,3580.649558956141,3580.649558956141,3550.7365736604092,3566.3369140625,906271
2023-12-18,3566.4852576770027,3632.3533591160945,3559.7498245040447,3585.205810546875,699850
2023-12-19,3576.3406293122366,3593.476288871184,3565.8910714332733,3576.142578125,577926
2023-12-20,3576.1425277236317,3616.80250843649,3507.352507838864,3520.328125,849001
2023-12-21,3490.613206275149,3564.7518175317255,3485.3635198528873,3545.98193359375,816722
2023-12-22,3545.981915280409,3603.8764599185347,3526.7167825685215,3592.882080078125,777099
2023-12-26,3600.45937188686,3630.1743048047706,3589.019074349316,3621.953125,526101
2023-12-27,3633.1457703335705,3659.889209755328,3610.3643219372584,3654.19384765625,666625
2023-12-28,3664.7428235157645,3701.4903897273125,3645.7253135489655,3679.798583984375,1033648
2023-12-29,3679.798529949203,3679.798529949203,3625.469628057603,3640.525146484375,709614
2024-01-01,3653.946235414736,3662.8607152517466,3632.650533581877,3642.208740234375,286683
2024-01-02,3653.946294013638,3672.6172738111036,3607.888147450441,3663.1083984375,453685
2024-01-03,3672.7659017978303,3674.697324174916,3630.1744957090204,3657.9580078125,356757
2024-01-04,3660.8797434951457,3691.5851742441578,3651.6184926538394,3684.3544921875,545228
2024-01-05,3684.3546677148156,3714.3667998215246,3652.213062037845,3677.272705078125,963628
2024-01-08,3734.1765111563714,3740.9615174606406,3660.6816265953726,3670.834228515625,1202148
2024-01-09,3701.4405115592235,3718.278973277656,3650.132679841263,3658.898681640625,572612
2024-01-10,3672.7656347902807,3694.556585158508,3654.936675398095,3679.154296875,556311
2024-01-11,3691.486217026915,3707.1361308978767,3657.5123353643044,3663.455322265625,392818
2024-01-12,3664.8417842944846,3698.8159064968236,3613.286326505328,3690.5947265625,990582
2024-01-15,3704.461831939596,3739.129255500528,3700.4998406754894,3723.1328125,661292
2024-01-16,3723.132738082768,3821.3404978505487,3720.3097226352156,3783.998779296875,1170685
2024-01-17,3782.661383960859,3818.368876684142,3763.8914997145885,3793.656005859375,723356
2024-01-18,3755.323756927582,3788.307138684208,3683.5126697516557,3699.2119140625,1293580
2024-01-19,3706.640677117774,3824.8071085052757,3705.154930474563,3774.390869140625,2566367
2024-01-23,3750.0246598587273,3821.3405012506523,3670.537211640644,3704.114990234375,1053510
2024-01-24,3728.2336059981158,3744.0815703169174,3676.4800975195285,3732.047119140625,636988
2024-01-25,3734.5728070551536,3760.8705719998925,3694.6559391860405,3734.374755859375,646135
2024-01-29,3724.8658679548244,3838.178711775463,3724.8162947040737,3829.907958984375,699215
2024-01-30,3845.1125021174216,3850.015417917485,3679.6993676883617,3700.252197265625,852445
2024-01-31,3713.3761004254493,3739.129042172865,3618.5359399517934,3662.4150390625,1386754
2024-02-01,3702.480781476151,3702.480781476151,3566.782582690107,3592.981201171875,1408462
2024-02-02,3600.4595661509325,3678.164071559695,3568.2188138312895,3578.07421875,2320153
2024-02-05,3578.6190724436838,3590.207848644902,3501.3106687524305,3518.2978515625,1771614
2024-02-06,3518.2976889771217,3543.95148475931,3498.04205773357,3525.330078125,1069901
2024-02-07,3544.0008833160036,3585.6017880391096,3522.0118820407947,3542.51513671875,900220
2024-02-08,3570.546409849654,3575.6969498897784,3469.7136884941533,3515.375732421875,1011857
2024-02-09,3515.3757681727784,3563.71186638632,3499.2801792457344,3557.471923828125,838509
2024-02-12,3564.8014732399674,3584.2153262548736,3536.12661117058,3551.18212890625,487283
2024-02-13,3572.7255279700967,3574.4588991023247,3517.4061296789664,3526.12255859375,796060
2024-02-14,3512.3050137565924,3559.700427717898,3470.0108082889847,3551.479248046875,1046318
2024-02-15,3560.888885710702,3597.4877281936806,3537.067367119943,3587.63232421875,759063
2024-02-16,3613.335940420977,3654.936847629771,3590.0592423398657,3620.66552734375,915502
2024-02-19,3637.0581261923835,3674.2513646747507,3615.316749174509,3659.938720703125,528874
2024-02-20,3664.8416370527425,3684.6020185964876,3630.669465031575,3651.66796875,744107
2024-02-21,3617.347500594023,3672.2705546589605,3605.4119538661134,3621.606689453125,660426
2024-02-22,3641.069785224039,3641.069785224039,3521.5663265695075,3617.347412109375,1017437
2024-02-23,3637.1077820746905,3701.49013660488,3620.269320120641,3656.8681640625,897831
2024-02-26,3654.9367236024846,3654.9367236024846,3576.5389228583863,3588.078125,546842
2024-02-27,3595.506902567591,3640.0793021861973,3586.641995896484,3619.13037109375,673959
2024-02-28,3620.2692993991873,3634.136267987857,3548.1114411219905,3560.542236328125,538608
2024-02-29,3561.0377170741194,3619.2790373029156,3551.231885376232,3589.960205078125,1692242
2024-03-01,3595.5069274636717,3738.138607230826,3591.5449363590287,3730.115478515625,1533727
2024-03-04,3725.85656668397,3728.3328111477326,3679.699273151137,3696.933837890625,787542
2024-03-05,3712.3857501937114,3723.4297039228973,3672.7658382386026,3715.109619140625,733660
2024-03-06,3712.4351459838804,3778.748922084625,3667.5159762237263,3774.539306640625,765602
2024-03-07,3775.8271803445036,3787.9112051195198,3732.294850473705,3750.916015625,838514
2024-03-11,3766.763894385598,3771.8155297698386,3706.4922498282313,3714.51513671875,597848
2024-03-12,3726.252745328339,3730.214736551442,3678.2136017482158,3713.17822265625,564569
2024-03-13,3723.2812070163986,3726.252700397896,3555.8870798587045,3591.247802734375,1027729
2024-03-14,3595.457517463578,3613.3360514992096,3546.130677606921,3605.560546875,1293906
2024-03-15,3600.162260353328,3621.2103383405747,3575.6970133628893,3598.676513671875,1207241
2024-03-18,3584.6114251294002,3585.6019228981563,3531.223692121728,3545.684814453125,785257
2024-03-19,3544.9915159188763,3572.3786825085886,3513.3451605575133,3549.349609375,554444
2024-03-20,3549.3496931632103,3562.721413362891,3516.2671636197083,3556.38232421875,526882
2024-03-21,3572.6757282194726,3602.4402332814775,3555.9364133606186,3593.080078125,767905
2024-03-22,3593.0802257548708,3691.4860338880912,3586.8400414539155,3671.47802734375,1281102
2024-03-26,3630.1743599923607,3694.5071423735058,3630.1743599923607,3663.058837890625,1158224
2024-03-27,3663.8512770917587,3748.934939407035,3657.7102392385605,3723.67724609375,1315714
2024-03-28,3724.2714629486845,3801.8274835332786,3697.0823486378467,3765.67431640625,1590738
2024-04-01,3786.623342498054,3796.1322176702947,3695.0518734515085,3702.876708984375,964052
2024-04-02,3718.3285874996122,3745.517702621576,3698.617778822677,3720.260009765625,677963
2024-04-03,3709.5132237997923,3716.34756155303,3669.7941672585225,3677.222900390625,801601
2024-04-04,3704.461640475266,3756.2647219401783,3644.0412768204556,3746.805419921875,1177617
2024-04-05,3742.4965422925757,3765.7732390470196,3705.452023760606,3718.774169921875,623873
2024-04-08,3762.554117698151,3772.112565916497,3684.998338640928,3713.27685546875,849267
2024-04-09,3719.3192455677668,3725.262232378261,3629.530716567514,3644.38818359375,745285
2024-04-10,3654.9367982198623,3684.9985024890752,3646.467993859838,3675.935302734375,567546
2024-04-12,3654.4911609925534,3659.6912743780067,3575.1521914690525,3584.90869140625,1910561
2024-04-15,3572.72531922508,3604.6192978304503,3555.8868577815465,3566.38623046875,854076
2024-04-16,3554.896630860624,3618.486541733378,3548.953644016053,3611.255859375,1116890
2024-04-18,3611.2556960344027,3625.2218112157443,3467.732666958011,3491.603759765625,1677946
2024-04-19,3491.604014900752,3537.265820001978,3445.1990946025126,3529.193359375,1507940
2024-04-22,3533.105446078708,3580.649337699616,3518.2479799471744,3562.57275390625,668659
2024-04-23,3585.5522276776537,3613.335737510322,3570.8928128345724,3598.478271484375,769991
2024-04-24,3607.393017202758,3610.216032684225,3546.0317263533693,3575.449462890625,652811
2024-04-25,3560.839548455736,3568.2682818669787,3507.3526678947874,3537.166748046875,1889163
2024-04-26,3553.906116870813,3559.106230336134,3522.507384882454,3550.736572265625,798783
2024-04-29,3550.934712795384,3579.1143276331923,3539.1972168072125,3570.59619140625,703524
2024-04-30,3568.416861119323,3585.1068460520673,3545.982182308717,3555.144287109375,963220
2024-05-02,3550.9345346392756,3563.811005755122,3512.602318989327,3534.541748046875,1435891
2024-05-03,3560.839580489033,3564.8015716773375,3458.8183073901814,3500.320068359375,1681592
2024-05-06,3442.970029684059,3455.648448698365,3226.051031841479,3248.98095703125,6891728
2024-05-07,3298.3576073217855,3300.3386028817386,3196.336335984205,3239.819091796875,3111444
2024-05-08,3244.2763145180847,3249.823198784693,3207.6774701071367,3228.874267578125,2054981
2024-05-09,3228.8743314598455,3290.9289215441077,3202.2793689547325,3214.858642578125,1860654
2024-05-10,3227.140807845126,3274.783604407242,3211.936570692766,3258.589111328125,1307103
2024-05-13,3276.071310765029,3276.566559640428,3199.802983953568,3222.73291015625,1294603
2024-05-14,3219.117683519687,3276.5665529486537,3219.117683519687,3257.64794921875,620163
2024-05-15,3272.6047985876285,3275.031469883447,3229.0228944902146,3237.49169921875,657036
2024-05-16,3245.1679318283905,3316.186574440155,3220.4054872761194,3302.220458984375,1404971
2024-05-17,3316.1369038057446,3335.996432117624,3276.566566937381,3329.21142578125,1194228
2024-05-21,3323.120180807207,3348.1798239774453,3319.158189533517,3344.9111328125,827674
2024-05-22,3352.5873962049745,3370.76312738792,3328.072575891488,3351.696044921875,626567
2024-05-23,3350.8541240602544,3427.5185585770782,3345.654010506806,3419.248046875,977789
2024-05-24,3419.297565647304,3422.2194858047233,3371.8525757469906,3379.974609375,878625
2024-05-27,3391.4148364025336,3403.6475807532775,3358.084682726359,3371.06005859375,804488
2024-05-28,3371.6543385696514,3390.473795806086,3359.916843512316,3377.0029296875,548576
2024-05-29,3372.991431324746,3385.521130471371,3339.066885181199,3348.2783203125,519533
2024-05-30,3333.0250252621013,3333.0250252621013,3223.0797718284925,3240.76025390625,2365535
2024-05-31,3266.6617499654712,3297.1691306215976,3186.1838035783594,3211.0947265625,2524214
2024-06-03,3278.5477675154166,3301.2796440045827,3219.1178986178566,3230.21142578125,1378542
2024-06-04,3230.21118214246,3263.8881053109944,3026.614323269717,3208.172607421875,2934800
2024-06-05,3234.9656439200435,3302.3194907622246,3170.632863572432,3286.124755859375,1396386
2024-06-06,3297.3669249253867,3328.072354385491,3259.480386962516,3290.086669921875,1825503
2024-06-07,3263.095834696119,3423.754770283924,3263.095834696119,3411.323974609375,2084099
2024-06-10,3410.2835526963017,3419.1980319220543,3357.7871750335353,3389.68115234375,1655552
2024-06-11,3385.7192602483765,3405.628361161068,3369.574099038175,3378.29052734375,1086157
2024-06-12,3378.9346530168114,3386.412717698484,3338.8194934671656,3350.16064453125,2054168
2024-06-13,3392.4055201473457,3444.0601274649075,3357.7876690912212,3439.20654296875,1753028
2024-06-14,3456.8373503579237,3501.4097517235705,3445.9418744685436,3496.5068359375,2346892
2024-06-18,3521.021509120975,3590.5544039730776,3504.3810982777236,3554.896484375,1585048
2024-06-19,3560.8396333155783,3560.8396333155783,3423.1604374794542,3429.4501953125,1862394
2024-06-20,3440.9892699485017,3456.8372343466526,3385.620541060761,3403.30078125,2377432
2024-06-21,3398.100435752046,3440.6422639124553,3351.2498458369932,3367.444580078125,2707405
2024-06-24,3348.229121251178,3396.4167394172105,3340.255566105955,3379.925048828125,645002
2024-06-25,3380.1232649830336,3390.870020859161,3352.7358561319547,3370.119140625,1299560
2024-06-26,3369.17822743374,3369.17822743374,3337.9775470973705,3340.701416015625,1485709
2024-06-27,3348.8998650820854,3371.258988810378,3340.0059510547903,3359.43359375,1462935
2024-06-28,3359.433650911769,3398.4873935987493,3345.272872309567,3382.8857421875,1005498
2024-07-01,3360.824510240644,3413.4926648955093,3360.327640857108,3409.96484375,1001832
2024-07-02,3424.4239040870907,3428.398859286263,3364.1040074620505,3378.364013671875,878947
2024-07-03,3399.381624251513,3405.4930206265944,3320.975489931672,3339.210693359375,980605
2024-07-04,3343.9309732633815,3348.800196209364,3309.150116186348,3315.112548828125,741143
2024-07-05,3311.1377673404545,3311.1377673404545,3236.6073554105224,3248.880126953125,2001382
2024-07-08,3183.9392416108085,3183.9392416108085,3106.5270830621457,3136.4384765625,5323920
2024-07-09,3150.152076192015,3201.876230571136,3145.1833820655293,3195.019287109375,2044328
2024-07-10,3197.6030109163034,3232.3341333150493,3170.523628724564,3204.8076171875,1437517
2024-07-11,3226.6201951545236,3238.3463616877943,3209.776370771485,3228.260009765625,1105185
2024-07-12,3245.5510028900635,3248.532219365468,3199.888752397526,3209.62744140625,1496692
2024-07-15,3221.45286034576,3232.0360818673694,3185.3303567385806,3204.0126953125,1243810
2024-07-16,3207.739121645585,3230.64484958445,3203.913372820021,3213.801025390625,501336
2024-07-18,3212.7079046233434,3248.631708925215,3185.926691654763,3241.675537109375,1086374
2024-07-19,3241.6259227728287,3258.469748062457,3214.7452378719267,3238.594970703125,1111191
2024-07-22,3229.651152977365,3252.9045442339957,3203.0189041781023,3234.0732421875,696255
2024-07-23,3234.719128520233,3468.148265751977,3211.912629932349,3445.143310546875,7159507
2024-07-24,3448.2737845152906,3530.2572390462738,3440.4728375545033,3456.62109375,3862140
2024-07-25,3393.6179341924253,3432.771145085304,3363.259165936619,3384.4755859375,1476422
2024-07-26,3384.4757802386,3479.7752376807207,3371.755874600109,3472.2724609375,1830745
2024-07-29,3473.117113795065,3477.638673867616,3366.7870619564183,3390.338623046875,2213293
2024-07-30,3403.5054873790305,3457.217115403459,3389.2454818665988,3446.534423828125,1316880
2024-07-31,3457.2669712486936,3477.9862793653515,3424.9704607102985,3437.292724609375,1361595
2024-08-01,3453.2422991192257,3470.135858568154,3420.9457884080384,3446.634033203125,879399
2024-08-02,3393.6182424413964,3456.1243203452127,3388.649548089359,3440.671875,1168195
2024-08-05,3299.262597352156,3437.342557010321,3295.7347760406847,3354.8125,1932064
2024-08-06,3359.78103865771,3394.959536606987,3300.305918968777,3314.21826171875,976535
2024-08-07,3338.962514092447,3347.7571999020524,3296.2814792873896,3305.423828125,1277139
2024-08-08,3316.106283564244,3338.9125398688734,3263.338657703961,3275.85986328125,1280733
2024-08-09,3329.025068656079,3329.025068656079,3264.5315158633402,3310.839599609375,1019809
2024-08-12,3310.7898022229747,3324.0563123529555,3274.717277586603,3300.0576171875,874598
2024-08-13,3309.1502285767515,3383.4322044284368,3284.704156870388,3362.364990234375,1314371
2024-08-14,3368.7745591991966,3394.810467447006,3335.8322147580275,3380.848388671875,997803
2024-08-16,3388.649218239713,3428.498240108976,3349.0983665249537,3423.181640625,1161982
2024-08-19,3414.6852434436632,3482.2594823860104,3414.6852434436632,3443.156005859375,1135205
2024-08-20,3458.2109871364046,3461.29167442837,3432.7711770827814,3453.142822265625,526591
2024-08-21,3453.1429952646795,3559.5725219869882,3432.9205554543278,3538.107666015625,1990034
2024-08-22,3552.566714278078,3602.3033930968973,3531.4497633530273,3581.832275390625,1531544
2024-08-23,3588.8378850357876,3600.1666527471625,3521.8102525385157,3547.6474609375,1173387
2024-08-26,3569.5099278049356,3617.2093923190328,3551.672364076756,3607.470703125,1156681
2024-08-27,3607.470771418856,3635.8917999413597,3508.39505531448,3529.01513671875,1169007
2024-08-28,3537.362425569775,3557.53537289096,3497.861306000736,3505.413818359375,727481
2024-08-29,3514.8541368230913,3531.4992617288835,3488.023189213755,3511.077880859375,927472
2024-08-30,3527.772591576962,3575.472051970115,3520.3195508905314,3542.82763671875,2116894
2024-09-02,3542.827752009322,3579.3973880231874,3529.7601839586705,3565.087646484375,718800
2024-09-03,3565.0875736686535,3612.1409588719416,3537.8589857970906,3598.47705078125,1112614
2024-09-04,3563.6467161636992,3594.8500166371855,3545.858646533523,3585.111328125,529856
2024-09-05,3593.9560187655698,3730.445904124736,3577.8572553202366,3699.540771484375,3437885
2024-09-06,3691.6899879701955,3718.5706716255413,3642.052782337683,3672.36181640625,1408795
2024-09-09,3666.9957678002197,3701.130551175434,3630.873264145304,3661.48046875,923357
2024-09-10,3680.808620180345,3726.520606284096,3643.0465447033325,3704.06201171875,1109078
2024-09-11,3708.5338313238576,3720.061298761515,3676.933130715832,3687.8642578125,831810
2024-09-12,3712.6080321860263,3750.3701053185396,3687.864033941365,3740.68115234375,1337327
2024-09-13,3753.3514505076982,3776.058479150094,3716.583114879214,3743.4140625,1003355
2024-09-16,3744.407857560472,3765.276372690188,3712.011875123821,3717.22900390625,386602
2024-09-17,3736.3584823073793,3753.351513128861,3703.9627424289965,3743.8115234375,392339
2024-09-18,3745.4015035289917,3762.295062977119,3684.7834372739453,3702.02490234375,420638
2024-09-19,3726.5204444490078,3771.238689782396,3717.676266305652,3757.276611328125,945257
2024-09-20,3769.2513942511737,3795.08860391385,3716.5832360926415,3773.425048828125,1951755
2024-09-23,3773.424876815344,3805.0258187923278,3757.3263569740902,3796.181640625,530107
2024-09-24,3794.0947557722884,3815.857538547131,3757.87302486884,3761.201904296875,1281513
2024-09-25,3776.2074516899124,3779.7352729632357,3686.8206948756024,3713.850341796875,942343
2024-09-26,3714.5957945997397,3753.500573252785,3678.224855906362,3734.0234375,1863893
2024-09-27,3750.370378610193,3842.788090642717,3727.713084557234,3792.802978515625,2164755
2024-09-30,3762.2949863878966,3839.359476588687,3762.2949863878966,3800.00732421875,1068609
2024-10-01,3800.0073223042573,3813.919665088962,3733.4765601526574,3752.307861328125,774221
2024-10-03,3666.0017344833946,3758.3199676866348,3627.196187616689,3651.940185546875,1597560
2024-10-04,3602.303132897351,3730.2967382520783,3602.303132897351,3647.120849609375,1542987
2024-10-07,3716.5334929372552,3724.533139050202,3530.0584983217723,3566.777099609375,2523321
2024-10-08,3566.776993075991,3572.490991184283,3458.2110290184437,3471.4775390625,1360120
2024-10-09,3495.973241356889,3536.517834577236,3464.7699388057326,3471.576904296875,1063802
2024-10-10,3488.0233727688283,3509.4384935656403,3393.7176526980365,3425.666259765625,1488328
2024-10-11,3442.3112095993424,3469.142157249222,3422.734603725351,3452.64599609375,858463
2024-10-14,3452.6460244814966,3502.9293053132096,3430.9329770498134,3475.899658203125,593206
2024-10-15,3501.8856861603062,3507.3512493892836,3455.2296994826183,3486.532470703125,578719
2024-10-16,3486.0359158923943,3488.0233936095506,3418.4616735090754,3449.267578125,591644
2024-10-17,3465.1671685513224,3465.1671685513224,3358.93658870535,3382.041015625,560796
2024-10-18,3373.7432856724404,3400.922139377966,3275.4626136589245,3360.278076171875,1249585
2024-10-21,3396.5496044541915,3398.4378538089536,3314.6158859852935,3342.192138671875,714746
2024-10-22,3353.768889126404,3400.0772130092096,3298.4674234344056,3308.951416015625,882086
2024-10-23,3309.150210844666,3314.1189048549436,3261.947617747032,3268.009521484375,877837
2024-10-24,3280.381476324016,3321.969299055836,3258.6681867503307,3310.04443359375,764369
2024-10-25,3311.137814804105,3321.4231088426777,3212.111836445183,3246.09765625,805013
2024-10-28,3249.525801061665,3294.2440460304033,3233.675716089591,3262.494140625,736462
2024-10-29,3265.2271598213556,3277.3507252614095,3206.795266955297,3262.842041015625,702769
2024-10-30,3240.5822495532016,3301.001617539828,3214.844511497293,3287.735107421875,895278
2024-10-31,3270.394478799884,3279.2386573130584,3233.2287437246314,3246.594482421875,1170306
2024-11-01,3283.312950601494,3296.82789514272,3261.7986029185363,3273.077392578125,176636
2024-11-04,3297.225340887599,3297.225340887599,3170.1262453165136,3201.826416015625,1122152
2024-11-05,3185.9267353653936,3238.495423192958,3165.058219631559,3210.02490234375,872402
2024-11-06,3125.3083396800957,3188.8578836290926,3094.502438716635,3157.15771484375,4522923
2024-11-07,3160.089367114235,3166.101535344512,3088.6396448208275,3101.309814453125,1608603
2024-11-08,3101.4588354195275,3172.9085590304935,3086.5527532243036,3166.30029296875,1719882
2024-11-11,3171.616867143465,3209.826075674043,3138.475580951276,3186.52294921875,1054929
2024-11-12,3181.6037437743908,3218.7199851368437,3165.0580897378345,3178.423828125,992983
2024-11-13,3155.120740032077,3201.429065891212,3142.4008346679693,3167.890380859375,911537
2024-11-14,3125.358206382933,3175.144373818324,3116.364821879025,3163.76611328125,1161637
2024-11-18,3163.7662697765372,3187.1191323201265,3137.730360909918,3152.437744140625,943251
2024-11-19,3172.0143106216506,3262.4445431613026,3152.4377044074477,3204.509521484375,1174506
2024-11-21,3204.80766239563,3213.7015762231313,3128.637679650474,3158.549072265625,1582159
2024-11-22,3154.9718447676346,3296.2317234504353,3132.413779070443,3287.983642578125,2207527
2024-11-25,3338.962558416016,3348.7509831990396,3277.4004847676256,3288.38134765625,1892510
2024-11-26,3289.275342934119,3322.8140265667553,3275.0648299392233,3306.665771484375,721345
2024-11-27,3304.1815698280107,3309.050792991372,3259.612286796201,3271.040283203125,732835
2024-11-28,3271.3882621285984,3284.306867051949,3180.312194463782,3192.237060546875,1701387
2024-11-29,3192.2370394926947,3239.588597873865,3192.2370394926947,3228.657470703125,1139585
2024-12-02,3228.657376769841,3289.175972936881,3201.876164503094,3286.145263671875,915980
2024-12-03,3269.400722030652,3317.7957541048727,3256.084718870228,3311.883056640625,1162310
2024-12-04,3321.075133517411,3361.8184251015564,3317.100178240909,3343.384521484375,1630076
2024-12-05,3353.818891757381,3443.702522444537,3332.6027128235,3419.505126953125,2383630
2024-12-06,3432.3242629716433,3477.73808003365,3408.524265963487,3448.373291015625,1278516
2024-12-09,3445.789294642513,3466.409374776279,3425.318178284187,3446.48486328125,926422
2024-12-10,3448.273550869192,3494.929537854949,3414.536167964501,3453.987548828125,1063355
2024-12-11,3462.9314527291153,3468.8938858208367,3438.634586402757,3451.3544921875,554702
2024-12-12,3448.770572890687,3451.354390866056,3390.6368519530397,3424.175537109375,926472
2024-12-13,3398.5868225225695,3495.97322854807,3359.0857037520223,3486.880615234375,1242351
2024-12-16,3483.0544061092105,3489.0168387587555,3407.5302592149737,3416.672607421875,1295227
2024-12-17,3400.6240115967535,3427.8026230290257,3376.3271457265655,3384.77392578125,1005604
2024-12-18,3379.90428489308,3402.561577565156,3368.774459096343,3380.599853515625,646145
2024-12-19,3328.6276689015035,3378.6622732277083,3311.137768517588,3335.832275390625,732634
2024-12-20,3329.0249723580077,3397.5929494006054,3312.280376571641,3335.23583984375,1235769
2024-12-23,3356.9493205087874,3384.9727076755817,3315.7586509114617,3375.68115234375,691202
2024-12-24,3364.153712912882,3397.592926182805,3317.298783353421,3332.403564453125,485245
2024-12-26,3343.9311922456873,3350.738400335632,3291.90886699462,3302.243896484375,637094
2024-12-27,3299.06393279568,3324.0563671812492,3280.431329840628,3288.48046875,568989
2024-12-30,3289.2258399205443,3297.175750676762,3227.1171621375915,3236.955322265625,941859
2024-12-31,3229.651069854022,3255.140372791297,3210.571333594517,3232.78125,616440
2025-01-01,3227.663825531203,3249.4266095760267,3223.738605546574,3233.477294921875,357376
2025-01-02,3243.5635813458825,3379.6560672797646,3230.644976395669,3367.731201171875,1152493
2025-01-03,3373.7433659089947,3460.148909629827,3356.8000701439546,3430.03857421875,1630862
2025-01-06,3468.148520713473,3506.4074657127476,3419.654017230949,3448.671142578125,2145936
2025-01-07,3468.148499431283,3554.3056070408834,3463.179805306024,3483.154052734375,2389563
2025-01-08,3465.8131540858853,3492.4951388754093,3370.066562811258,3462.23583984375,1317377
2025-01-09,3464.1238312561322,3484.4954773025356,3439.876700811562,3465.217041015625,826237
2025-01-10,3440.323780180401,3466.160989390306,3407.281964556196,3418.7099609375,570060
2025-01-13,3358.8372865434003,3445.292565812417,3331.5094683836537,3361.570068359375,1282557
2025-01-14,3378.712025018811,3407.5304511145596,3289.2755302389014,3301.697265625,1133561
2025-01-15,3301.2003097614524,3319.5844776514546,3262.4444963717183,3302.69091796875,1169593
2025-01-16,3306.16893885495,3317.9448405061344,3261.4506935142604,3296.132080078125,1170734
2025-01-17,3299.113214444294,3346.912145876464,3264.481564202768,3336.37841796875,559153
2025-01-20,3352.974367564388,3386.3638475238195,3326.5408169776497,3361.0732421875,722342
2025-01-21,3379.65607143241,3391.332502844065,3314.268007004736,3332.354248046875,1016047
2025-01-22,3333.7949983257163,3363.8058617754314,3313.7710157969796,3335.4345703125,598329
2025-01-23,3335.4344962028053,3411.505248712668,3304.678329331191,3377.27099609375,713603
2025-01-24,3385.6681189355936,3426.063504436938,3359.2843050601705,3380.848388671875,564244
2025-01-27,3366.786964280382,3380.649571646916,3286.542558328304,3298.56689453125,618309
2025-01-28,3298.5668887290312,3349.744435469127,3278.8908125279136,3305.07568359375,579957
2025-01-29,3318.2927541040503,3353.8686538285483,3288.3316245079927,3349.645263671875,570137
2025-01-30,3349.545482541319,3368.774424753964,3324.254879408856,3347.3095703125,688608
2025-01-31,3378.712042699305,3505.3640088363204,3371.159530500228,3468.39697265625,1212261
2025-02-01,3504.916783650716,3612.3895389313498,3386.661865234375,3529.76025390625,2186692
2025-02-03,3542.6788045531002,3619.7432966359775,3529.511765517945,3557.883056640625,1543897
2025-02-04,3567.5223319423576,3591.372063409382,3497.9606151635376,3575.174072265625,1279779
2025-02-05,3573.484770880986,3629.134144398599,3450.4598573321464,3469.042724609375,2165947
2025-02-06,3469.0428470030197,3482.309357666964,3376.575641297843,3389.394775390625,1059617
2025-02-07,3393.5187732045847,3432.2745891698332,3366.985993873859,3403.35693359375,740155
2025-02-10,3393.6180937521435,3403.5554820208176,3290.269255757935,3306.6162109375,904436
2025-02-11,3313.820637161762,3327.037411362515,3251.1158661647555,3261.251953125,903965
2025-02-12,3262.196012013508,3296.6289640331374,3192.485332958168,3235.06689453125,774619
2025-02-13,3229.899447701248,3257.425963197407,3195.0688551770227,3211.266845703125,727243
2025-02-14,3216.0370765843113,3232.6324667939875,3166.499098054817,3193.13134765625,587411
2025-02-17,3175.2439591957736,3218.223163087556,3156.114486943362,3212.956298828125,712614
2025-02-18,3214.5463593343957,3223.6887078873824,3172.3124598013455,3201.677490234375,592636
2025-02-19,3199.8389248352146,3233.278138293735,3171.8155392953954,3190.19970703125,521953
2025-02-20,3189.9016774479605,3198.4974213719756,3168.1883867420183,3171.4677734375,653151
2025-02-21,3171.4674771496416,3185.876688988224,3142.450354245378,3159.98974609375,407794
2025-02-24,3111.3962700113752,3167.989647735266,3111.3962700113752,3153.13330078125,431232
2025-02-25,3120.339838432762,3191.3921627792406,3116.9114880880966,3178.771728515625,642281
2025-02-27,3178.7717759617603,3207.788900892286,3157.0584857681015,3202.919677734375,604023
2025-02-28,3181.951579033888,3197.801664079753,3040.8406720311355,3057.982666015625,1322618
2025-03-03,3070.653035772226,3082.6773728600265,3038.6049579716905,3062.703125,516171
2025-03-04,3030.9034500509983,3050.7782267726443,2998.1100684602825,3029.412841796875,1186136
2025-03-05,3029.412798677857,3087.9936537086965,3016.692893234648,3067.224609375,579883
2025-03-06,3071.8454131185536,3112.0421001433083,3027.9222054930115,3101.558349609375,1399483
2025-03-07,3101.5581737477764,3105.0362594446333,3055.3988137670276,3060.069580078125,1020056
2025-03-10,3060.715488176788,3063.6967045613756,3002.184370204185,3007.8486328125,855408
2025-03-11,2996.1226249702077,3036.7664467848617,2991.1539307331095,3027.325927734375,576260
2025-03-12,3018.3820391830736,3034.6795005579197,2977.291086662101,3000.047607421875,489535
2025-03-13,3000.4948182215303,3030.406452972341,2981.5145528191442,2991.302734375,785215
2025-03-17,2966.3601945237288,3017.388538763107,2966.3601945237288,2998.4580078125,632348
2025-03-18,2998.4580078125,2998.4580078125,2998.4580078125,2998.4580078125,0
2025-03-19,3068.715249639024,3075.6216860011787,3039.052048449746,3057.038818359375,730983
2025-03-20,3080.590243642106,3184.9328164106287,3060.715467876673,3173.107421875,1542807
2025-03-21,3166.995871367945,3170.026823279377,3135.1962292535436,3142.897705078125,1181974
2025-03-24,3148.36327210715,3156.0647479403924,3055.746862867204,3059.8212890625,1481216
2025-03-25,3065.684150606554,3080.5404969144824,3026.928338005693,3034.580078125,1174346
2025-03-26,3049.73470629094,3058.479656438445,3015.550187892165,3038.3564453125,1010449
2025-03-27,3028.4688451055345,3078.304750800187,3028.4688451055345,3068.317626953125,1635143
2025-03-28,3074.627919769082,3092.3165193489804,3031.9468858241025,3044.169921875,778417
2025-04-01,3034.5801114786177,3056.442364980934,2963.329088359381,2968.248046875,1068622
2025-04-02,2992.147398865565,3085.558842071597,2952.546812333952,3079.0498046875,1674921
2025-04-03,3051.772036568597,3131.2711453036954,3048.7908199910307,3107.968017578125,1115568
2025-04-04,3079.5965018573243,3095.396851530666,3030.9033012793934,3056.939208984375,901801
2025-04-07,2906.6859812046773,3028.915853234823,2906.6859812046773,3003.27734375,1378989
2025-04-08,3129.979078748573,3207.0435719228044,3081.58404726396,3102.750732421875,2830156
2025-04-09,3118.2033549683465,3168.2876928708306,3071.3484255169224,3154.27587890625,1215988
2025-04-11,3201.8266176609322,3222.247999824843,3181.2065362467592,3214.645751953125,814920
2025-04-15,3249.5259260883518,3264.4320083181146,3224.781926631751,3252.904541015625,1121769
2025-04-16,3229.651068657078,3265.425665109895,3224.7818456291375,3251.61279296875,889943
2025-04-17,3229.651016476099,3313.9201130591687,3191.0939035108445,3306.665771484375,1083612
2025-04-21,3293.250433343925,3332.503116541597,3269.4007017807826,3315.212158203125,672129
2025-04-22,3315.2119958025914,3337.7698172786327,3299.3121755393727,3316.503662109375,609213
2025-04-23,3335.981126714822,3352.576516028624,3294.740966822458,3336.279296875,628656
2025-04-24,3335.7826316378287,3373.7434073155578,3323.0627257918186,3361.421142578125,901747
2025-04-25,3361.421084128324,3398.0899501366057,3295.237980597451,3344.1298828125,704325
2025-04-28,3334.987539415329,3376.128230252462,3330.018845226689,3348.005615234375,384147
2025-04-29,3354.762756041738,3376.7244808163978,3332.999973118952,3357.446044921875,575435
2025-04-30,3352.8747997128708,3387.6556586310544,3333.298193358469,3358.5390625,708818
2025-05-02,3341.0494429933888,3360.32787939833,3303.1878962354126,3321.0751953125,514587
2025-05-05,3336.67658931919,3387.158566900873,3286.294082658409,3301.00146484375,565178
2025-05-06,3301.001701853081,3304.4797877663386,3225.179380421673,3278.642578125,650789
2025-05-07,3259.463266446497,3359.8308853218314,3239.7871896693264,3317.994384765625,1047443
2025-05-08,3328.9254237693217,3391.1335681000023,3304.1814253282073,3348.2041015625,1597339
2025-05-09,3345.9184733209445,3507.8978945123063,3333.19856841051,3488.3212890625,2863992
2025-05-12,3515.0530011695228,3562.5537665796564,3508.196300169869,3540.592041015625,956930
2025-05-13,3540.5919665485094,3565.932306614644,3517.9349154025217,3540.89013671875,996541
2025-05-14,3532.7414689267844,3587.3971034671426,3527.772774877661,3565.137451171875,588159
2025-05-15,3574.478685794685,3642.0529283951964,3531.6484438074917,3614.029541015625,1227751
2025-05-16,3631.121677197808,3633.0096839260373,3590.7757837396916,3610.94873046875,525064
2025-05-19,3594.3532594835547,3626.6497706622154,3588.788225127965,3595.048828125,376760
2025-05-20,3595.0487153034946,3597.334363006812,3552.7155890850377,3558.18115234375,811416
2025-05-21,3547.6475296691715,3600.415157197291,3544.964483421236,3558.081787109375,415016
2025-05-22,3542.6788328354455,3552.6162208658393,3494.085102411624,3518.8291015625,709846
2025-05-23,3508.891591589974,3583.720169380776,3500.9416814419365,3557.28662109375,416717
2025-05-26,3553.6100224313454,3617.2093069491325,3548.044987991232,3587.6953125,525514
2025-05-27,3592.3658362411784,3616.215567934066,3539.8963779944224,3566.926025390625,1019733
2025-05-28,3572.4908162978877,3579.0495891111345,3522.8038786581396,3552.31787109375,449324
2025-05-29,3557.584927196318,3577.4597033259065,3537.809621992183,3565.8330078125,513095
2025-05-30,3557.584925226354,3582.4283953745826,3519.922321526444,3532.741455078125,962944
2025-06-02,3503.0288710412938,3519.822960340289,3454.136726175635,3503.42626953125,726392
2025-06-03,3503.4262256676984,3557.5849916012935,3481.5639715293664,3497.761962890625,676943
2025-06-04,3484.147810184949,3497.761983638535,3464.1735626498194,3477.88720703125,410354
2025-06-05,3476.7939267990487,3512.866694132487,3452.447325948626,3482.060791015625,608651
2025-06-06,3501.9357121254207,3548.5419672085,3464.3723350223286,3537.61083984375,602422
2025-06-09,3542.48011189299,3557.5848930842412,3499.153003301126,3511.7734375,540262
2025-06-10,3522.804093182995,3522.804093182995,3484.147750390053,3502.13427734375,561695
2025-06-11,3502.9293754878017,3526.779107406017,3483.0545988892895,3519.425537109375,505077
2025-06-12,3525.785390862945,3537.511557652593,3423.9271601517125,3431.08203125,811822
2025-06-13,3388.3510448700417,3419.256417746883,3361.8182681604344,3400.474609375,821750
2025-06-16,3389.643067637766,3432.0756661362175,3374.9356847849504,3416.573486328125,534665
2025-06-17,3406.5366447147753,3416.07663434688,3374.1406624255987,3384.376220703125,1000345
2025-06-18,3384.674536783687,3458.2112119809835,3368.7747151194067,3446.087646484375,972739
2025-06-19,3457.0185976943762,3499.550667001118,3446.0874708572796,3483.451904296875,1022566
2025-06-20,3478.086002715171,3522.804251321509,3467.1548752780664,3496.967041015625,2941214
2025-06-23,3458.409903420396,3506.40753848347,3451.25503221003,3483.750244140625,643325
2025-06-24,3501.0413501564576,3544.6663875136264,3484.147790137469,3503.923095703125,968797
2025-06-25,3527.7727077623576,3642.0526687180395,3527.7727077623576,3629.332763671875,2697912
2025-06-26,3632.11526904136,3677.3303838816832,3621.1841423766664,3671.566650390625,1620497
2025-06-27,3676.8337833306864,3685.8769040047696,3636.587359486121,3643.245361328125,601285
2025-06-30,3643.2452388562297,3675.3430514892466,3629.134196035887,3667.094970703125,921775
2025-07-01,3675.839714109052,3703.1675303128904,3644.0400734354944,3677.330322265625,947173
2025-07-02,3681.8022308843424,3698.596319454098,3665.902410184167,3684.783447265625,583514
2025-07-03,3678.820909804947,3689.652565303872,3649.207446071259,3655.666748046875,528710
2025-07-04,3643.046386124013,3666.9955878893807,3622.277342560526,3663.8154296875,629926
2025-07-07,3652.4870439852675,3672.8586898570397,3625.0597554252945,3643.14599609375,829472
2025-07-08,3570.0856562336476,3570.0856562336476,3423.765721700407,3430.045166015625,3952270
2025-07-09,3430.045106416105,3450.1789926462607,3409.4128554607373,3420.875244140625,1868271
2025-07-10,3420.8752996231224,3433.733012405282,3402.8343989409673,3408.615478515625,496586
2025-07-11,3396.853860604248,3411.0073696883373,3346.0206602254875,3350.605712890625,856956
2025-07-14,3360.971693038927,3398.8474119996263,3333.063268541569,3393.564697265625,755781
2025-07-15,3406.821243022511,3410.808160802526,3376.6202921704703,3403.8310546875,686088
2025-07-16,3405.824467658351,3411.007412034061,3377.4176788587424,3406.12353515625,669532
2025-07-17,3407.219874166674,3436.7231633934557,3405.326185537628,3422.0712890625,559482
2025-07-18,3432.736185058154,3432.736185058154,3380.906254273304,3391.7705078125,293360
2025-07-21,3379.909579714012,3427.8523638052948,3354.193911123252,3421.772216796875,561799
2025-07-22,3438.716570753606,3478.5857483855316,3419.081049438312,3461.043212890625,1752275
2025-07-23,3461.0431161316833,3470.5120455545466,3432.736098141243,3460.04638671875,584590
2025-07-24,3456.059506048824,3478.386391142719,3446.6903468038554,3473.00390625,630718
2025-07-25,3465.0299831876705,3468.61830635869,3435.726236212185,3451.474609375,624410
2025-07-28,3441.7068440971075,3451.2755443020064,3370.9390520522493,3381.903076171875,603916
2025-07-29,3378.9126754372433,3385.88978125673,3344.6252813183346,3368.14794921875,511042
2025-07-30,3368.9455843699097,3382.4014321181326,3334.3591206780934,3365.45703125,443735
2025-07-31,3329.076365403816,3353.496236946449,3304.656493861183,3336.3525390625,553157
2025-08-01,3329.076291442061,3336.352464939091,3296.1842202990706,3305.15478515625,422977
2025-08-04,3304.1580243689627,3353.994495324754,3297.280688713921,3345.322998046875,450434
2025-08-05,3345.323053090916,3431.739446481727,3337.0501501077033,3407.0205078125,837335
2025-08-06,3425.759143986966,3451.0759748599594,3388.8801540749737,3406.522216796875,635456
2025-08-07,3368.945373525441,3425.758949351166,3366.652847235975,3404.528564453125,509599
2025-08-08,3438.816235602496,3478.3863445205566,3391.969953321262,3448.883056640625,2184271
2025-08-11,3461.6412787114637,3475.894558098457,3391.6709220342127,3456.557861328125,563586
2025-08-12,3456.5579079205527,3522.4418208655648,3448.783613006621,3475.396240234375,929276
2025-08-13,3475.3962587141527,3483.4696211697365,3451.8733466024055,3455.461669921875,360474
2025-08-14,3465.1298366173446,3494.334057359091,3452.770489117713,3477.987548828125,597987
2025-08-18,3484.566088944574,3563.108416734523,3482.0742653683837,3543.173828125,1253006
2025-08-19,3543.373166892668,3565.600282121353,3533.405872471029,3556.430419921875,537433
2025-08-20,3548.356900317281,3591.116497088175,3540.383064586231,3583.242431640625,517031
2025-08-21,3583.2422709000216,3613.1441535500912,3576.4644621642437,3604.47265625,673486
2025-08-22,3604.472646961157,3629.4904093752903,3595.900676620036,3609.1572265625,691835
2025-08-25,3617.828783588623,3657.5984340728096,3603.6752742720814,3639.457763671875,700503
2025-08-26,3650.820639572976,3660.7879339677133,3577.361728552188,3582.24560546875,960778
2025-08-28,3540.4825995873557,3638.9592696478444,3540.4825995873557,3625.802490234375,989246
2025-08-29,3625.802679553231,3630.0886648660667,3591.8143512389356,3616.931884765625,660956
2025-09-01,3619.1244840534064,3641.4511254779923,3598.5917608912955,3606.76513671875,297533
2025-09-02,3602.180277273507,3643.843617472107,3594.3062118570588,3608.7587890625,536300
2025-09-03,3593.2096473714037,3685.805715427277,3578.258705704116,3678.52978515625,791874
2025-09-04,3727.7680476939026,3727.7680476939026,3664.7747967328514,3679.028076171875,635811
2025-09-05,3682.915315982362,3687.89896322997,3648.0297852491053,3653.3125,454120
2025-09-08,3641.0527296363493,3671.5527485518783,3628.0952466127324,3646.036376953125,548987
2025-09-09,3655.8041892599585,3655.8041892599585,3607.3630424567327,3618.2275390625,428367
2025-09-10,3620.121407597503,3636.7667409518913,3596.3991977228993,3608.7587890625,408800
2025-09-11,3608.1605009725913,3632.0820070563877,3568.2913241662645,3572.4775390625,495417
2025-09-12,3578.158903277064,3586.431806260404,3552.2439379532498,3560.2177734375,275049
2025-09-15,3544.3697806402656,3564.802733537658,3503.503874845482,3522.54150390625,362285
2025-09-16,3513.471192223468,3558.623083447279,3490.546415650095,3545.167236328125,724742
2025-09-17,3550.250460707766,3561.0151872242204,3501.709786117043,3511.477783203125,659866
2025-09-18,3518.4549541328097,3534.402625313015,3491.941853458858,3499.816162109375,829442
2025-09-19,3492.5400445342584,3499.8162182954693,3448.6839480846274,3455.8603515625,2337255
2025-09-22,3446.889556441614,3465.628117797587,3428.7491300614606,3446.19189453125,817833
2025-09-23,3453.8668702125237,3453.966640495214,3393.863805491645,3427.951904296875,1144975
2025-09-24,3418.7820473401257,3426.1577480062724,3399.844187602673,3407.120361328125,690454
2025-09-25,3396.853958163756,3408.71494125593,3358.978239146672,3367.450439453125,1139904
2025-09-26,3376.620330576102,3390.873610470201,3292.2971645749917,3316.41796875,7524068
2025-09-29,3316.1188950217547,3406.8212753785265,3316.1188950217547,3390.076171875,1452636
2025-09-30,3440.7100398282037,3463.1364523125994,3344.0272837843636,3355.988037109375,1733728
2025-10-01,3358.978289084472,3403.7313446199823,3340.0404292943817,3397.153076171875,798754
2025-10-03,3368.8457717179963,3447.6871685732563,3366.952083099294,3442.005859375,1655328
2025-10-06,3442.0059196398147,3447.9862964462977,3389.8769198082055,3414.197021484375,1184781
2025-10-07,3413.7983166424383,3434.6298645078646,3399.844104545214,3407.0205078125,996165
2025-10-08,3462.637965399901,3568.291282709167,3448.6837536798093,3553.9384765625,4531362
2025-10-09,3548.15741075332,3550.0510992999293,3514.8665023755325,3538.987548828125,597739
2025-10-10,3537.2930333936433,3560.018513429724,3511.7769055826234,3520.3486328125,825274
2025-10-13,3506.4941364382357,3533.4058310612695,3498.0219362791327,3522.043212890625,606122
2025-10-14,3521.4450542783966,3537.791319491826,3495.031724547749,3525.83056640625,925998
2025-10-15,3521.3453807646406,3550.2505348490877,3499.5171031204873,3537.392822265625,1005045
2025-10-16,3537.39283911406,3640.0559730753866,3528.422274010643,3628.394287109375,1528118
2025-10-17,3623.1113711876196,3702.8497232357654,3621.1179123864163,3662.78125,1123500
2025-10-20,3667.964418391396,3737.635710414741,3664.1767977691916,3724.977294921875,707974
2025-10-21,3724.977087539126,3733.7483549805997,3706.836661017846,3716.803955078125,156306
2025-10-23,3752.6862289816786,3787.571758334762,3726.0736024007547,3759.96240234375,1622402
2025-10-24,3762.6535350740623,3768.6339115536503,3693.9789758369843,3702.75,563296
2025-10-27,3701.853179164865,3741.622586903039,3697.8662613628567,3727.56884765625,856124
2025-10-28,3737.7353326460347,3757.6699210868137,3676.037878758682,3704.84326171875,1482961
2025-10-29,3721.9870331577913,3741.2239600542875,3702.0524443204167,3736.041015625,789557
2025-10-30,3732.751796263028,3761.5571800775697,3707.933330254909,3738.43310546875,544151
2025-10-31,3746.606095098244,3770.6273713006426,3727.2696418130463,3734.446044921875,900994
2025-11-03,3717.800859647688,3749.6962021433246,3655.3059716137295,3712.31884765625,1119367
2025-11-04,3712.318670800743,3814.4834348649333,3702.8497414484523,3801.027587890625,2524600
2025-11-06,3767.6372020024396,3825.148440782567,3749.2974780385443,3762.055419921875,927231
2025-11-07,3753.6831562143093,3779.598122242342,3723.7812723358097,3756.972412109375,728998
2025-11-10,3775.6110703104455,3802.5227648453933,3756.972278689855,3790.56201171875,599567
2025-11-11,3798.037463778186,3807.5063932902954,3739.828562851129,3799.93115234375,668789
2025-11-12,3825.4476296786647,3864.320078234545,3791.758125595138,3838.5048828125,805025
2025-11-13,3847.3755753682763,3855.2496404784156,3804.516210150443,3826.6435546875,668623
2025-11-14,3826.6435637916693,3842.092869895319,3787.5718189592553,3816.67626953125,575050
2025-11-17,3835.4147864927622,3861.628818759101,3809.001457011978,3855.947509765625,504928
2025-11-18,3852.3591862977646,3887.2447157985207,3829.0358153398306,3866.5126953125,849966
2025-11-19,3870.2005607956366,3927.612272623836,3849.7676077214614,3920.236572265625,1578123
2025-11-20,3937.0813827128363,3943.061759496704,3882.2612621940502,3889.636962890625,762391
2025-11-21,3888.2414227641843,3912.16292856945,3869.403334279394,3891.430908203125,383311
2025-11-24,3902.6941103839763,3924.3230904973966,3852.3592738179204,3861.62890625,1258036
2025-11-25,3861.728382425328,3895.6171828362085,3832.424634701013,3842.49169921875,680366
2025-11-26,3832.4245575268214,3901.6972510894,3830.929463421154,3884.9521484375,364592
2025-11-27,3887.842814821566,3914.156373779023,3862.4262149918322,3890.533935546875,542241
2025-11-28,3893.4245835384017,3922.030670486257,3883.7563564062066,3894.919677734375,574817
2025-12-01,3894.919562382681,3897.90975068607,3848.671413960456,3882.161376953125,603073
2025-12-02,3862.3265819678354,3886.8462235411876,3854.851111164027,3873.09130859375,661018
2025-12-03,3857.3429490214967,3867.310243463413,3773.5179054281234,3805.313720703125,770638
2025-12-04,3792.555511736211,3817.4737476871715,3765.6438169091734,3787.970458984375,776693
2025-12-05,3764.6470423054793,3815.480243035577,3764.6470423054793,3800.828369140625,508448
2025-12-08,3783.8839078816613,3812.489993280462,3745.8088930877857,3754.6796875,545864
2025-12-09,3762.6536424081337,3861.329857136188,3738.732135807393,3836.41162109375,1121068
2025-12-10,3818.470440522837,3845.581432309177,3813.088198945881,3833.122314453125,616248
2025-12-11,3817.8722920720056,3843.1893654715554,3764.647038115413,3832.225341796875,669180
2025-12-12,3832.225396672013,3882.0618686341904,3819.3674409004825,3867.509521484375,547866
2025-12-15,3848.6712990350775,3863.721767040758,3837.408208093544,3853.55517578125,332337
2025-12-16,3837.4082057344685,3924.62202859207,3815.480158844557,3916.648193359375,1560827
2025-12-17,3917.14671453145,3922.8280236932565,3877.2775367754043,3895.118896484375,601010
2025-12-18,3887.2447628556924,3911.1662690886506,3877.377238871455,3906.481689453125,516547
2025-12-19,3906.1825441414267,3948.942138344164,3900.2021677023226,3917.246337890625,730780
2025-12-22,3927.1140000415817,3937.8787266796685,3904.2889931650016,3920.934326171875,569521
2025-12-23,3920.9342846674235,3943.360696866818,3903.591046561271,3912.96044921875,445656
2025-12-24,3912.9604398704737,3922.1303019461116,3887.2447719415086,3896.514404296875,399227
2025-12-26,3896.1155354546045,3993.7950186886505,3887.2447409467372,3978.94384765625,1113050
2025-12-29,3996.8849305657486,4018.513910075195,3964.989589473952,3970.6708984375,1242846
2025-12-30,3968.976604250397,3980.438992735801,3941.1679503922314,3961.1025390625,1169570
2025-12-31,3970.970031354128,4048.61515626689,3962.0992368036736,4038.249267578125,1358731
2026-01-01,4050.4094474750787,4054.6954328104425,4022.50102266714,4036.056640625,444679
2026-01-02,4025.7900715381393,4046.7213890678004,3973.162710223706,4038.448486328125,659997
2026-01-05,4038.448510056887,4080.6102128542193,4032.7672010767396,4066.35693359375,629273
2026-01-06,4066.357180715941,4107.0237918666335,4055.1938592912024,4098.35205078125,820331
2026-01-07,4211.182053756641,4297.997288817103,4188.257275712523,4259.224609375,3496340
2026-01-08,4259.224563459027,4289.126447542047,4225.13622093066,4235.103515625,1055725
2026-01-09,4217.162311862731,4265.005325563845,4169.419068443689,4188.0576171875,883117
2026-01-12,4191.247154356343,4228.126142397053,4131.443389966003,4217.76025390625,514767
2026-01-13,4217.760208474048,4253.642466721742,4196.230756188577,4225.33544921875,770707
2026-01-14,4228.026542751453,4268.992220348958,4197.227700184324,4207.693359375,998692
2026-01-15,4207.693359375,4207.693359375,4207.693359375,4207.693359375,0
2026-01-16,4207.693470499,4222.544642310648,4167.425697124466,4183.173828125,686949
2026-01-19,4152.075839006173,4193.639162802954,4115.595445780856,4130.54638671875,365905
2026-01-20,4141.410890199439,4141.410890199439,4051.00757719733,4062.1708984375,586156
2026-01-21,4062.1707923552003,4096.458187413636,4040.242744893094,4065.858642578125,552760
2026-01-22,4085.5939810157674,4114.499134821442,3967.7806096900367,4005.45703125,818966
2026-01-23,4011.935740174026,4050.010755865831,3966.983145385686,4008.646484375,1015415
2026-01-27,4008.6464285094617,4026.786855278177,3942.0648546101957,3983.927490234375,1760501
2026-01-28,3988.911127517355,4012.6333363144477,3951.932368803463,3962.19873046875,809022
2026-01-29,3947.8460300090883,3955.620568339823,3830.5310231322255,3926.81494140625,1145612
2026-01-30,3932.097664845873,3981.934137150637,3897.0128370117495,3964.3916015625,1427639
2026-02-02,3986.9177381580034,3986.9177381580034,3880.566756161068,3940.270751953125,1273196
2026-02-03,4129.450029300954,4129.450029300954,4030.873585991454,4055.29345703125,1043274
2026-02-04,4073.6331995665796,4146.394448298745,4052.9011786566566,4130.44677734375,917279
2026-02-05,4138.719539891277,4138.719539891277,4049.811564116971,4084.19873046875,693637
2026-02-06,4084.198583323033,4140.414025475052,4052.004174273563,4127.45654296875,888701
2026-02-09,4186.46328401321,4255.436670823227,4141.4109176242955,4243.87451171875,1092387
2026-02-10,4285.93653727841,4315.43982566258,4225.734177207915,4255.1376953125,1713633
2026-02-11,4335.773027308057,4364.080045827646,4194.237448025817,4235.203125,3342226
2026-02-12,4218.55747049756,4272.3808588027905,4168.621229566406,4261.8154296875,998509
2026-02-13,4253.343209814334,4257.828492152158,4151.178445452788,4165.53173828125,524758
2026-02-16,4141.41055890807,4182.276463340135,4115.296054572897,4167.42529296875,500349
2026-02-17,4153.471279199037,4231.016633695938,4141.4107558343585,4222.54443359375,464123
2026-02-18,4237.096643046371,4243.973978510509,4200.516479706513,4234.70458984375,387328
2026-02-19,4211.18188086087,4247.0641406741215,4177.293079926131,4184.4697265625,406232
2026-02-20,4186.76194461666,4238.193280220919,4186.46312046324,4222.54443359375,532169
2026-02-23,4256.034710056237,4266.002004459178,4226.2325971283,4258.72607421875,516387
2026-02-24,4226.5314296798915,4285.936601776254,4221.149188028474,4280.45458984375,491126
2026-02-25,4289.923661488439,4334.776487874819,4275.769908266122,4310.85498046875,586295
2026-02-26,4315.838572373869,4337.966161113804,4292.913794737703,4328.3974609375,520985
2026-02-27,4327.400662219876,4337.766551126517,4297.69783270388,4313.3466796875,1146258
2026-03-02,4274.772990574043,4315.838437820091,4179.286505722781,4256.33349609375,770589
2026-03-04,4191.247060748651,4224.437954570289,4070.144440562929,4190.64892578125,1024050
2026-03-05,4224.139244667133,4288.428291689557,4159.551373495063,4261.2177734375,691367
2026-03-06,4236.100014943159,4287.929944537757,4213.175238391702,4230.7177734375,580562
2026-03-09,4146.394356825195,4185.964709183034,4099.249250278276,4145.59716796875,576017
2026-03-10,4161.445028420832,4229.023087280567,4161.445028420832,4206.2978515625,788850
2026-03-11,4178.289896824444,4221.049493326745,4112.705293022249,4126.7587890625,454575
2026-03-12,4086.590462979199,4165.332084095139,4020.60702661123,4116.09375,1071366
2026-03-13,4077.620005949474,4133.6363933228595,4032.7671826134374,4059.878173828125,868825
2026-03-16,4043.7313942292744,4111.508997090401,3989.110571490407,4077.4208984375,1013667
2026-03-17,4077.121826171875,4096.55805049906,4023.2984357273617,4077.121826171875,1126905
2026-03-18,4070.3439664557445,4161.145872456678,4064.4633600951647,4131.94189453125,751307
2026-03-19,4090.9761095476442,4124.566085473674,4004.759015235318,4024.693603515625,567278
2026-03-20,4033.6642475921135,4136.327379255284,4027.6838709903755,4093.169189453125,1019586
2026-03-23,4043.3327314437556,4045.72478475568,3812.4900964992553,3840.498291015625,1533645
2026-03-24,3937.3802406338946,3971.966702524462,3830.431126173528,3886.746337890625,1300547
2026-03-25,3937.081366043934,4083.6005966283537,3927.612436176233,4026.08935546875,1306823
2026-03-27,3986.917766152832,4019.6105405037147,3959.009341789762,3968.478271484375,1040658
2026-03-30,3929.107403218326,3994.2934104401893,3901.29874952784,3938.4765625,1488223
2026-04-01,3986.917833753536,4086.5907795973744,3986.917833753536,4052.20361328125,781974
2026-04-02,3982.930835009521,4095.6610318057337,3931.798566161915,4083.800048828125,1614868
2026-04-06,4091.5742720255826,4243.974103115695,4091.5742720255826,4232.212890625,1678285
2026-04-07,4221.448008238725,4229.621384331442,4155.165500389534,4216.763671875,1274146
2026-04-08,4337.068733542139,4490.266247239322,4295.007042060272,4477.80712890625,3834533
2026-04-09,4460.364368818537,4482.691011562465,4399.663641560751,4425.279296875,1385274
2026-04-10,4415.611175793522,4509.104202301997,4410.62752860897,4490.26611328125,1565192
2026-04-13,4376.738695227283,4481.2955150452835,4376.738695227283,4424.78076171875,850456
2026-04-15,4475.415043264428,4519.171369197922,4432.754730388897,4507.41015625,918513
2026-04-16,4539.105836555689,4539.105836555689,4425.478681226891,4446.80859375,1283713
2026-04-17,4446.80860763948,4516.978262584491,4315.838457109326,4511.09765625,2124034
2026-04-20,4517.277374817795,4534.122004205732,4453.088099309882,4498.23974609375,1646815
2026-04-21,4498.73808672063,4529.636697707301,4450.39671146729,4465.048828125,656106
2026-04-22,4447.108126662484,4477.308835307954,4430.662090201536,4440.03125,596352
2026-04-23,4396.5736146026165,4459.367570104762,4379.130849185354,4441.9248046875,680187
2026-04-24,4460.862435947686,4471.9262296400375,4347.13551391155,4395.57666015625,958536
2026-04-27,4424.282272732981,4449.400048324654,4374.047208233913,4427.2724609375,649222
2026-04-28,4397.868888135784,4460.364015495882,4381.024258799593,4402.5537109375,620778
2026-04-29,4405.444477800803,4457.772774865154,4395.776493972833,4425.279296875,702730
2026-04-30,4423.485027207771,4423.485027207771,4343.746676108938,4370.85791015625,869299
2026-05-01,4370.85791015625,4370.85791015625,4370.85791015625,4370.85791015625,0
2026-05-04,4392.686333602758,4432.854334640852,4338.464350375783,4348.73046875,709160
2026-05-05,4340.756633847013,4382.619269581015,4316.1372224440165,4359.2958984375,850790
2026-05-06,4383.117745600278,4426.57524685031,4283.046206403137,4345.341796875,1459870
2026-05-07,4335.673340752591,4344.743676091845,4247.064189912217,4293.412109375,1377631
2026-05-08,4299.890693872671,4589.938953473262,4199.619617443652,4494.2529296875,4777990
2026-05-11,4336.1714356672355,4365.176358217959,4136.5267337657515,4191.84521484375,5925166
2026-05-12,4146.394386830651,4199.8191810747485,4033.763962380683,4042.036865234375,1978748
2026-05-13,4016.819616977272,4096.557971656722,3972.0665627502894,4077.321044921875,2841521
2026-05-14,4101.541651857563,4133.436993986225,4045.8245734134175,4121.67578125,1127140
2026-05-15,4141.410861180254,4180.283309696747,4128.851972784219,4155.46484375,901617
2026-05-18,4116.592404667953,4169.020471149777,4052.3033550510295,4156.06298828125,851825
2026-05-19,4122.7718541827335,4154.268602329223,4081.6071223236186,4088.584228515625,711398
2026-05-20,4039.744471133866,4103.236331934217,4039.744471133866,4092.9697265625,913576
2026-05-21,4106.525312929425,4122.871578488693,4056.6888406851363,4069.74609375,863060
2026-05-22,4043.9306045995263,4100.345344469957,4040.8408893642713,4066.456787109375,768112
2026-05-25,4106.624950595387,4156.361650952179,4096.9564806185,4145.59716796875,606086
2026-05-26,4138.320744313574,4146.394349879764,4077.6200205187774,4092.47119140625,766717
2026-05-27,4084.8961156102055,4151.477934967971,4077.7199555713896,4124.36669921875,474044
2026-05-28,4124.36669921875,4124.36669921875,4124.36669921875,4124.36669921875,0
2026-05-29,4102.737972358301,4149.6835402843,4045.724852927872,4061.57275390625,2001419
2026-06-01,4086.590555568834,4091.5742025878203,3993.894721015687,4011.437255859375,450200
2026-06-02,4004.2607791244304,4074.6299753506637,3972.963571856102,4064.762451171875,522015
2026-06-03,4043.7312022976257,4090.37794384958,3988.9110849384024,4075.42724609375,959352
2026-06-04,4061.672322312249,4259.821933203119,4039.046613504238,4217.162109375,1761933
2026-06-05,4255.038114520642,4274.972703953861,4209.388099392295,4246.26708984375,1390200
2026-06-08,4183.073988834731,4224.239207403382,4167.027033930725,4178.6884765625,666737
2026-06-09,4177.193341811167,4203.208077712957,4073.8325468327307,4091.474609375,1284964
2026-06-10,4091.4745404929363,4105.6282930748075,4021.8032506621894,4028.880126953125,613629
2026-06-11,4006.951982284827,4056.3896148157537,3949.8393386542043,4012.03515625,767665
2026-06-12,4054.4960073475113,4186.263588783162,4039.445295679552,4170.31591796875,1122271
2026-06-15,4207.195130228091,4282.946570620732,4206.49722491917,4269.49072265625,1076822
2026-06-16,4284.0430909399065,4329.792876901798,4269.490743142001,4323.8125,779706
2026-06-17,4323.812338372832,4380.625916816181,4313.346679185898,4366.17333984375,623868
2026-06-18,4365.674763217696,4395.576645157543,4318.9282517885895,4373.548828125,562833
2026-06-19,4345.740340070183,4427.173329648428,4345.740340070183,4405.4443359375,941346
2026-06-22,4390.891747775549,4400.061852755146,4338.762995819039,4358.19921875,390835
2026-06-23,4360.691477754865,4402.952710396701,4277.065971666899,4291.21923828125,586588
2026-06-24,4287.93018361535,4326.603092410774,4249.755639555354,4309.65869140625,652078
2026-06-25,4320.821917574416,4320.821917574416,4211.181684371836,4277.2646484375,754050
2026-06-26,4277.2646484375,4277.2646484375,4277.2646484375,4277.2646484375,0
2026-06-29,4270.9857208678,4302.183158180815,4252.64599620607,4263.21142578125,569087
2026-06-30,4263.50992478207,4413.916290951847,4261.018101330999,4389.59619140625,1243464
2026-07-01,4454.384013002184,4489.767909279109,4375.742154951739,4384.21435546875,1168751
2026-07-02,4389.596399722663,4482.292236501547,4368.7648520199655,4466.4443359375,820705
2026-07-03,4480.298796026808,4492.957454484628,4436.442701026769,4446.509765625,542120
2026-07-06,4435.44600307642,4475.81354535161,4435.44600307642,4469.7333984375,589165
2026-07-07,4535.1191570791025,4640.672712211398,4490.266330250847,4589.14208984375,3385946
2026-07-08,4575.386820187532,4614.857404177837,4546.78097666898,4571.39990234375,1045703
2026-07-09,4614.7998046875,4679.7998046875,4546.10009765625,4555.7998046875,1777107
2026-07-10,4578.60009765625,4602.7998046875,4560.7001953125,4584.39990234375,652646
2026-07-13,4578.0,4635.0,4524.39990234375,4601.5,770367
2026-07-14,4579.7998046875,4600.0,4554.0,4573.7001953125,631158
2026-07-15,4573.7001953125,4607.0,4565.10009765625,4579.39990234375,619451
2026-07-16,4585.2998046875,4668.7998046875,4580.0,4625.7998046875,1136159
2026-07-17,4626.0,4647.5,4610.10009765625,4638.10009765625,667212
2026-07-20,4638.10009765625,4660.0,4625.2998046875,4643.39990234375,274158
2026-07-21,4644.2001953125,4691.7001953125,4629.2001953125,4688.7001953125,530094
