date,open,high,low,close,volume
2021-08-06,556.7821608645903,565.9225940234581,554.9736569117126,557.1732177734375,1609275
2021-08-09,558.1997360338592,562.305595412675,549.6458871892072,553.1651611328125,675406
2021-08-10,554.2893300375666,558.199660408202,539.1367998513545,543.3403930664062,1311127
2021-08-11,545.1000779727677,549.8902569668884,531.8538446049921,548.2772216796875,1737537
2021-08-12,548.4238539985988,552.6763145612364,538.7457621200955,539.6256103515625,1066784
2021-08-13,541.580765062233,544.4157784934011,535.2264781075318,540.9453125,1898186
2021-08-16,535.2264769997532,540.4565200771889,492.21284231849455,526.183837890625,3196518
2021-08-17,528.1390917281924,529.5565986787084,511.8623147336617,517.92333984375,1687108
2021-08-18,517.1412881324405,518.2655321907997,509.3206259300595,513.23095703125,2265646
2021-08-20,511.2757217452061,512.7420957081465,497.58956475776273,499.0559387207031,1591038
2021-08-23,502.67300419873095,503.6994540348525,488.7913188111135,490.0621643066406,1343003
2021-08-24,491.72407765791263,498.7137877056432,483.9034163830353,496.6608581542969,1716068
2021-08-25,496.66089424973404,512.5954808219801,496.66089424973404,507.6098327636719,2806811
2021-08-26,509.5160869653888,511.031328133119,495.14561013758924,497.78509521484375,1187899
2021-08-27,499.15372574654185,501.98870957100144,495.0478665294239,499.64251708984375,1162494
2021-08-30,501.4999107017364,511.5201330890518,493.72811652648517,508.1474609375,1986619
2021-08-31,524.9619566720727,524.9619566720727,506.5834122079982,513.3776245117188,4309112
2021-09-01,517.1412465433376,521.9314256238312,511.37348476616484,517.97216796875,1619926
2021-09-02,521.0515284519487,521.8335826025476,513.4752632633885,518.2654418945312,1142560
2021-09-03,518.9008760128977,533.5157490517753,517.6300304588457,528.2857055664062,2265705
2021-09-06,533.3690921549828,537.5238185902695,527.4547288098983,534.2000732421875,1460001
2021-09-07,535.7152865296465,545.6866413874852,529.458733769106,541.38525390625,1930617
2021-09-08,546.4686666084528,546.4686666084528,531.8049277906947,534.3466186523438,1941273
2021-09-09,532.5870752123832,535.8130863839576,526.5260501727154,532.5382080078125,1421480
2021-09-13,526.5260239434523,534.4444796976717,526.5260239434523,533.4180297851562,773914
2021-09-14,534.2489100072461,538.5502974678466,532.0982162769459,537.62158203125,1274163
2021-09-15,537.6704693568663,542.3139870467666,533.0758188671618,536.0574340820312,866324
2021-09-16,537.6704953237569,541.5808261988387,531.5117361288858,532.4893188476562,1160127
2021-09-17,536.6928801388179,548.3750048548209,529.3610101915663,534.83544921875,3038827
2021-09-20,532.5869986131438,537.4260445079889,523.153362144981,533.173583984375,1363420
2021-09-21,533.1736303042195,535.3731913868822,508.3430057709502,521.1982421875,2119176
2021-09-22,523.1044573072626,528.87221886591,519.0963922694976,527.9923706054688,789554
2021-09-23,530.8273902749748,532.6848212163662,525.3529511849439,527.6013793945312,1058373
2021-09-24,529.5564700310765,531.3649738502685,521.1003572543191,525.1573486328125,1374432
2021-09-27,527.4057872034389,544.5134818763956,525.9394133743283,542.7538452148438,2327317
2021-09-28,547.4951521947303,549.3525830998719,531.8538297662868,543.1448974609375,1555165
2021-09-29,537.8659669831361,544.8556468838381,530.8762274155266,538.4036254882812,966528
2021-09-30,537.6704099414043,546.2242573722903,535.9107732604315,537.1327514648438,1339499
2021-10-01,538.5502977971278,556.9777066106825,532.73366918216,551.3077392578125,3518568
2021-10-04,561.1324864709941,562.1100692000376,545.1978999209673,547.9351196289062,2842764
2021-10-05,546.4686803851688,556.244506510127,541.9228973703002,549.4014282226562,1910687
2021-10-06,552.8229574315689,553.3117487290326,527.9434684572796,531.804931640625,2025110
2021-10-07,535.5198050848054,550.57460292397,532.0005311398415,545.2467651367188,2873448
2021-10-08,555.2669613945958,556.0001484034794,542.6072537744881,547.201904296875,1781059
2021-10-11,548.4238762592835,554.191637862108,543.927019857255,546.517578125,1680108
2021-10-12,546.4687003494379,566.9979359618496,546.0287762243613,560.9857788085938,4445077
2021-10-13,566.0691850715396,573.4499216700419,561.1324049405483,564.2606811523438,1587573
2021-10-14,566.0691901892789,575.5028861059226,558.248529422538,570.7127075195312,2413386
2021-10-18,570.7127875310828,577.6536607347906,561.034754275565,572.7657470703125,2022170
2021-10-19,578.7288965387912,585.376446254842,564.2606860587027,570.175048828125,2398150
2021-10-20,567.975562230943,577.555860985793,558.0530737227933,566.3136596679688,1094973
2021-10-21,569.8329075428799,575.0629504588716,553.3117381380728,564.114013671875,1429062
2021-10-22,600.2357938406092,618.6632043612954,585.5231857458143,605.90576171875,18455677
2021-10-25,605.1236524414877,606.1012350787114,578.7777884349264,586.060791015625,2875675
2021-10-26,590.2644645733969,615.2416924127002,586.5496619809013,611.8690795898438,2525727
2021-10-27,613.7263664313538,614.7039490665318,606.7855535883538,611.820068359375,1380261
2021-10-28,610.7936875946535,641.7830725674713,608.3497307303447,637.3350830078125,7408494
2021-10-29,638.361424951445,666.4180569401193,623.9420818916689,647.6973266601562,6069828
2021-11-01,647.6974929988439,663.4854795924336,640.4144889716629,656.2513427734375,3395775
2021-11-02,661.8723527425819,690.9554379639245,661.8234855411387,682.3527221679688,6921074
2021-11-03,684.307844211983,698.9715837308113,680.3486464752812,690.7109985351562,3662182
2021-11-04,696.0388379078483,697.8962687858829,689.1957594452712,692.8616943359375,273871
2021-11-08,693.1061812053023,703.3708002499507,689.7823759336018,696.2833251953125,1531643
2021-11-09,738.0749164078302,795.7034267812675,710.409338759303,715.0528564453125,25844281
2021-11-10,715.0528351920938,739.8833984906854,705.4725372369866,736.6085205078125,3682913
2021-11-11,734.1645639542318,748.6327751187495,726.3927700189375,730.3031005859375,3344306
2021-11-12,735.1420743246722,735.1420743246722,702.6863218758938,712.70654296875,4094224
2021-11-15,716.0793820156434,727.3215839175955,714.4663465716399,719.6475830078125,2138789
2021-11-16,723.4112029822138,733.9202170795905,716.9591809845431,721.5537719726562,2419607
2021-11-17,721.4559565385467,732.4537607540733,719.7451869939092,723.1178588867188,1754996
2021-11-18,724.3887975420332,725.366380264762,703.3707690033642,707.6232299804688,1834193
2021-11-22,707.6232308896947,714.8573669139486,689.1958204093453,693.9370727539062,1714646
2021-11-23,680.5441259567632,703.8594462469309,680.5441259567632,696.77197265625,1642526
2021-11-24,717.2523880319754,717.2523880319754,684.6011043019258,686.40966796875,2966210
2021-11-25,686.2629612047845,697.016369428791,683.6723435386028,685.774169921875,2020161
2021-11-26,684.1123938862037,684.2101879609771,659.8683537128052,661.6279907226562,1323904
2021-11-29,659.1840117328813,678.9800616798512,639.3390945836226,668.9598388671875,1687675
2021-11-30,669.6440996918814,679.1755303079337,659.0373520525762,671.1104736328125,6521283
2021-12-01,674.3365171929952,682.352707060324,660.3570968757147,662.99658203125,1802639
2021-12-02,660.8458233559583,667.6889014084609,654.247140948188,665.0005493164062,1032008
2021-12-03,662.8010539844755,670.3284525191564,654.6871297112632,657.2288208007812,784522
2021-12-06,656.4467530018144,658.4996527110798,643.7870456829171,646.3287963867188,1068384
2021-12-07,648.3817051184334,661.823466815197,648.3817051184334,651.314453125,644440
2021-12-08,659.3306278675865,669.2041887305068,648.8216144176752,667.2490234375,879154
2021-12-09,669.6441320224303,670.5728474965737,658.8907226030921,669.302001953125,871861
2021-12-10,669.6441630261771,675.5096593446546,663.3387425504311,666.955810546875,1066005
2021-12-13,668.6664793343164,676.3894055208754,658.0108054313789,660.1614990234375,780239
2021-12-14,661.4813096647619,661.4813096647619,643.0538413111663,645.3511962890625,1294853
2021-12-15,648.1372494811603,692.9105196386347,648.0395150900822,658.6951293945312,14240307
2021-12-16,663.2898391513601,663.2898391513601,618.8586950301676,622.3291015625,6951407
2021-12-17,619.7873251727709,620.8137748977996,596.325344409133,601.7509155273438,3261223
2021-12-20,591.4374569079313,600.2357000685452,576.7737183069082,593.4903564453125,2559927
2021-12-21,594.8590802328808,605.4169615887588,593.4904405693594,600.9201049804688,1412370
2021-12-22,605.2214681221774,610.6959674260235,599.7958956902908,603.4129638671875,1160140
2021-12-23,609.0339772058009,609.3761072588161,602.7774245202299,606.443359375,504198
2021-12-24,608.5941302462387,608.8385259342074,592.415147636095,596.8142700195312,1040322
2021-12-27,594.1747650940596,594.1747650940596,586.5496318138622,592.072998046875,868742
2021-12-28,594.3702960894916,600.9201122725449,593.0505832790849,596.9119873046875,713046
2021-12-29,596.3254113470844,610.6470209125936,589.3356715932196,609.2783813476562,1165031
2021-12-30,610.98915067158,611.9667333126545,599.013763318417,601.8976440429688,756389
2021-12-31,601.897663666586,616.365875292813,601.897663666586,612.9443359375,728420
2022-01-03,610.9891337537557,618.760927468485,602.4841530785219,615.1438598632812,1188070
2022-01-04,616.8547362341257,621.3027259645539,612.4556137094766,616.3170776367188,574936
2022-01-05,618.6143183030242,629.7587849079293,615.2905729356564,624.382080078125,1056096
2022-01-06,620.7650308354978,635.4287717213757,615.8771172068718,634.3534545898438,1042775
2022-01-07,636.2596809184463,639.3390903119434,622.9645799713852,626.6793823242188,715951
2022-01-10,630.5407698038092,638.3614305145542,628.0968133317015,635.233154296875,771849
2022-01-11,632.4959517082483,638.165918940103,626.7771172790403,628.2923583984375,389969
2022-01-12,630.5407357942954,643.3959700109713,628.0967794540074,640.1210327148438,810304
2022-01-13,642.7117222780666,648.18616122662,628.5856411158754,645.6444702148438,1892618
2022-01-14,644.1781334542628,649.2615754383452,638.0682415664027,643.9826049804688,697133
2022-01-17,642.2718068271922,655.5669071200168,638.7525331223004,642.7117309570312,1356881
2022-01-18,645.2044407250619,645.8887603986049,625.8483194366901,628.7810668945312,900906
2022-01-19,625.6528563703547,634.40223246704,616.9034802736693,628.3900756835938,519529
2022-01-20,624.6753691612197,633.1314837059898,615.5349944338427,621.8892822265625,545287
2022-01-21,615.9259427189747,637.3838940295797,613.2375904051997,616.952392578125,3144751
2022-01-24,616.3658865625454,616.952412310273,593.7837502713486,598.4761352539062,712987
2022-01-25,593.3926291126578,609.3272133152508,581.6616380923086,606.7855224609375,1227614
2022-01-27,595.3478333463509,621.7425648740216,586.5495895037939,615.7304077148438,2490371
2022-01-28,625.6528784369727,625.6528784369727,571.9347013940417,588.4558715820312,6413288
2022-01-31,594.3702153263579,599.7469195768431,583.8612024731369,592.7083129882812,2066796
2022-02-01,596.325462356537,615.7793824542782,593.0016572241774,612.211181640625,1547133
2022-02-02,611.9667420552925,626.1416905533782,607.6164873069806,612.1134033203125,2011120
2022-02-03,613.9218828006134,648.1372743579724,612.3088476175748,642.5161743164062,4972594
2022-02-04,640.3166766553707,640.3166766553707,629.0744754621848,638.3615112304688,1376064
2022-02-07,638.361516412415,638.6059120925116,614.5084741682176,622.6713256835938,1305798
2022-02-08,654.002741143255,654.002741143255,624.1864726755879,641.782958984375,10100060
2022-02-09,639.3390874205506,650.9234185781487,634.255645434283,645.0579223632812,1943723
2022-02-10,653.0251637960041,661.8234070208006,650.0924160544052,653.465087890625,3502156
2022-02-11,645.1068116931499,658.0597817472484,626.23941889969,645.6444702148438,6277578
2022-02-14,639.339074398116,653.41628889383,622.8668300636449,627.3148193359375,2853430
2022-02-15,630.6385856781835,651.0700882916385,616.4147691060957,648.4306030273438,2567801
2022-02-16,650.0924511503076,661.5790470916853,642.2717900838378,650.190185546875,2258102
2022-02-17,650.0924184279974,664.1696315058322,648.2349876514409,656.1534423828125,3282622
2022-02-18,655.9580303499729,666.3203837137723,647.0131242511613,648.6261596679688,1962790
2022-02-21,648.6261510605228,656.2512845352363,642.2718632204424,643.6405029296875,1757845
2022-02-22,625.6529648643557,651.5589079407704,623.6977993491546,648.6261596679688,1225239
2022-02-23,650.092485897361,656.4956405543962,634.3045016588032,636.8462524414062,1558086
2022-02-24,622.7201900282491,630.4919845530362,601.995424517788,605.221435546875,2115554
2022-02-25,612.7488115643845,623.6000151067542,610.3537220662773,617.7833862304688,2854919
2022-02-28,610.9891401691789,615.8281860927004,596.3254008051185,603.7550048828125,1615551
2022-03-02,596.3254529814951,598.1828839968914,582.6392950442149,584.5455932617188,3546669
2022-03-03,597.009751072319,597.3030139411992,570.126227531594,572.4235229492188,2284162
2022-03-04,565.5803558871909,565.5803558871909,540.5542672032532,542.3139038085938,2215341
2022-03-07,531.8049757989434,531.8049757989434,501.49991283981245,518.216552734375,2581507
2022-03-08,513.2308935391355,525.4018095193028,507.80532174081816,523.1533813476562,2002029
2022-03-09,526.9170446040671,546.4198302663008,523.0555812306368,542.998291015625,1835596
2022-03-10,562.1100444700907,565.2383209987848,547.1530413071384,552.57861328125,2099008
2022-03-11,552.3342238491734,571.0060294966017,545.0512208225584,568.5620727539062,1993394
2022-03-14,568.5131812909891,579.9997774914643,561.621235504086,578.9733276367188,1892847
2022-03-15,578.9733017619027,586.5495670023497,573.0589388946772,581.4661254882812,1578493
2022-03-16,589.4822893438746,598.1827980782327,587.0383329203925,596.0321044921875,1238848
2022-03-17,604.0972577631711,609.5228299617654,596.3254631542533,597.9873657226562,1019241
2022-03-21,607.6653456967382,607.6653456967382,592.0729503084223,595.0545654296875,780297
2022-03-22,592.4150829128562,600.968931057225,586.1096629187682,598.8182373046875,821505
2022-03-23,602.1908978674098,603.168480493818,594.3213696582061,597.4496459960938,382090
2022-03-24,599.6002164601017,602.9728880969592,591.7306890853689,595.2988891601562,789555
2022-03-25,600.512187293513,604.7418270558243,590.626617839248,593.1348876953125,784429
2022-03-28,595.1021916785189,601.0040315959918,591.6594517266598,597.4629516601562,696633
2022-03-29,599.0367912293243,606.9059116395617,598.5941411989236,603.4140014648438,1488760
2022-03-30,608.8732001965925,616.7423207160961,605.9222800017786,611.6273803710938,1536320
2022-03-31,613.2995785633107,617.578388817707,607.1026581809823,615.4144287109375,990282
2022-04-01,611.1354933589164,619.5948330122244,608.873133464836,618.463623046875,1025492
2022-04-04,624.3163540458105,624.4638640318803,616.5455736074897,623.2343139648438,750972
2022-04-05,623.2835650751177,631.5461057830526,621.7097049141113,626.5787353515625,747815
2022-04-06,634.7920240769841,639.3659739049517,619.6931747078762,637.3003540039062,1725636
2022-04-07,636.9069340892081,640.251334282859,625.004913466824,627.51318359375,742601
2022-04-08,629.4313082021364,645.267889399892,628.0050180856194,642.71044921875,1370697
2022-04-11,644.2842675195368,650.3336781681497,638.3824269010372,640.300537109375,975863
2022-04-12,637.3987483780277,641.7759585802324,629.0378080057851,639.6119384765625,1061190
2022-04-13,646.2023627364374,649.10411298054,637.2512019840639,639.4152221679688,884084
2022-04-18,633.5133125813587,653.8255020377521,630.3164826692196,645.267822265625,5207648
2022-04-19,645.9072833445214,649.2024536019414,623.6769814870853,630.1198120117188,690068
2022-04-20,631.4968878814077,646.5957380552006,626.578687820026,641.0382080078125,605933
2022-04-21,641.8742945384499,652.1533449388531,641.3333045250863,647.431884765625,634287
2022-04-22,640.2513039283523,650.8254339929895,618.7587337750007,635.0379638671875,1266650
2022-04-25,629.6771232020665,643.4480821782812,626.9721134031671,638.7265625,1120487
2022-04-26,644.2842461410377,673.7934482543676,642.4153059925433,670.3507080078125,7352944
2022-04-27,668.7276780578605,678.711648790222,661.0061275174336,675.3672485351562,2798687
2022-04-28,678.6624036583842,682.351053515173,666.7603240985075,670.2030639648438,1424197
2022-04-29,668.875165415206,674.777005110046,640.4971768971639,644.1365966796875,1769821
2022-05-02,644.1366184451521,648.9073083816542,632.5296786604234,638.4315185546875,853787
2022-05-04,638.3823919167081,643.7924121871887,613.9881307044114,617.234130859375,2056479
2022-05-05,620.6769042209866,637.546355981105,613.9881635362317,620.72607421875,1563698
2022-05-06,610.6436980531191,626.5295080173103,609.0698980727663,618.7587280273438,3963203
2022-05-09,613.1028370734487,616.2013272754954,597.3154261259422,605.3812866210938,981633
2022-05-10,605.381227546902,617.8242370632777,601.3974977020277,606.1189575195312,1204286
2022-05-11,607.0042443813745,613.6930446795001,598.8400440605725,610.00439453125,1977793
2022-05-12,605.4303850084482,608.873124809471,579.4130965048233,592.3971557617188,1947444
2022-05-13,600.0204008306897,631.005060873586,596.1841808107303,624.2671508789062,2489259
2022-05-16,628.349196356893,644.8251657371381,622.0539366156661,642.8087158203125,1247350
2022-05-17,644.2841862307437,671.1375456495256,642.8578962539012,665.0881958007812,2524634
2022-05-18,666.1210403590604,681.6625408265696,663.2192902630802,669.0719604492188,2014804
2022-05-19,660.1700388865206,678.318149650913,654.9075286343973,667.9899291992188,2516859
2022-05-20,682.4986711588057,684.5151814279376,666.5637492928715,673.350830078125,1957573
2022-05-23,674.1376861330082,698.3844374477816,674.1376861330082,684.51513671875,2656671
2022-05-24,683.5806141669276,700.8434837595763,681.023114204219,697.253173828125,1995805
2022-05-25,700.3516716669451,703.2534216397431,685.7446418553936,690.662841796875,1126056
2022-05-26,690.6628690931499,700.3025293521065,682.4494388442938,696.7122192382812,984399
2022-05-27,705.6633704430886,717.958870624794,697.4499402997362,711.8602905273438,1809438
2022-05-30,721.9917872172508,730.352727532437,718.057227068928,727.5493774414062,1080849
2022-05-31,724.893541066664,737.4841215988054,721.0081508928635,724.5000610351562,1712518
2022-06-01,724.9426642938132,732.6642141118741,716.1390744772225,725.139404296875,1950546
2022-06-02,720.0244923857867,728.5821725403193,718.549032360406,726.6640625,719240
2022-06-03,730.8445972853855,731.9758074196573,716.1883357208661,718.3523559570312,831010
2022-06-06,717.8604834386588,727.3034637690479,711.4176532355542,716.7785034179688,897590
2022-06-07,712.64722905472,733.9922305313169,704.3354584752592,731.8773803710938,2341860
2022-06-08,734.779148056314,742.6482687851635,724.1558470796926,738.7628784179688,3376027
2022-06-09,738.7628029792426,753.468232846961,733.9921730391809,751.6976928710938,2206938
2022-06-10,749.5337082055257,753.6650083683139,741.6645879094046,751.15673828125,1330054
2022-06-13,746.3861003619373,750.0747507591234,736.1070492477868,738.1727294921875,1450884
2022-06-14,731.4347333854654,748.3533546279734,730.8445733570279,737.6317138671875,1342735
2022-06-15,738.9104186940934,745.500819046468,737.336558589719,741.5170288085938,694564
2022-06-16,747.7139918097187,753.8125119581872,727.0083211768734,734.87744140625,1719322
2022-06-17,728.8772687487971,738.3694191378404,719.9753384050063,728.0411987304688,1829920
2022-06-20,727.7953260996112,734.6808067248237,711.1226145783785,718.6966552734375,1866728
2022-06-21,719.286729015066,736.7463385056882,718.0571790509377,732.2216186523438,1053612
2022-06-22,728.8773390313698,734.336529765777,722.3853381639608,731.7299194335938,1294272
2022-06-23,733.7463059399876,763.1079373632225,732.615095869942,759.3701171875,2403326
2022-06-24,765.2719044955497,792.5187439508514,764.2882645154783,785.6824340820312,3909837
2022-06-27,797.5843993070735,797.5843993070735,782.9773706161299,788.3873901367188,2192974
2022-06-28,785.8300347891918,810.1258952166861,780.1248746526311,806.7815551757812,3330788
2022-06-29,800.5846196665224,827.2412396402826,795.3712796394925,819.7163696289062,2359911
2022-06-30,818.7819701063871,836.0940103051149,811.6997500117724,828.1757202148438,4098480
2022-07-01,823.7984969512214,871.8001167662491,813.7653569810286,846.373046875,3263584
2022-07-04,826.2575833040219,837.569443075446,807.7159936933356,827.1428833007812,4102568
2022-07-05,826.2083998633416,832.8971396119805,796.9451109310045,799.109130859375,2427183
2022-07-06,803.6339190223013,821.9788299277292,801.7649789169021,811.6013793945312,2184396
2022-07-07,822.4213485613952,826.6510484290792,807.0765891623527,812.4374389648438,1581958
2022-07-08,821.2410388965626,828.0772886914726,811.5029791323269,825.4215087890625,1066301
2022-07-11,824.0443930362738,843.4712826363532,816.2736131815942,840.9630126953125,1110345
2022-07-12,841.9958799380884,844.6517200713861,829.9954593615525,834.9628295898438,808629
2022-07-13,836.9793485489589,851.5372093858082,835.8973084642415,842.9303588867188,891323
2022-07-14,842.9303684688315,848.4387288362159,818.9295267896026,822.7657470703125,923118
2022-07-15,823.5525914680045,859.7013615324407,822.765691473926,857.3898315429688,1584738
2022-07-18,861.668682522602,867.3246128017173,856.750482279893,863.8327026367188,1456093
2022-07-19,856.2585828193962,874.1608420493656,856.2585828193962,865.750732421875,1289938
2022-07-20,867.5705209068275,875.4396412778644,858.8653305110174,863.094970703125,679275
2022-07-21,861.6686491237032,872.734599240874,858.7177290924576,865.1113891601562,815859
2022-07-22,860.9801049679392,883.9973056502693,860.9801049679392,871.2591552734375,2263170
2022-07-25,870.3738790343331,878.3905695007535,853.5044881056493,856.75048828125,980576
2022-07-26,855.7668072262743,858.471817249116,846.4222271473667,850.3076171875,1080149
2022-07-27,850.3075908309071,853.7503307532653,823.3558314240836,835.9464111328125,1305629
2022-07-28,843.913923999197,859.9472434977506,835.1103342631859,856.35693359375,1418272
2022-07-29,884.2432354917147,937.6057082366151,882.3251253857253,893.1943359375,9480378
2022-08-01,894.0304408623936,928.1627016290212,893.1943108209233,911.4900512695312,2767083
2022-08-02,915.7688660007859,925.4576962612257,902.391385635617,922.9985961914062,1898797
2022-08-03,919.7034730862428,928.1135837472463,901.3093916171927,912.5720825195312,1237195
2022-08-04,919.7034152637161,929.1955654358997,909.0801150947324,918.818115234375,1265730
2022-08-05,919.7034512554765,935.6384321508642,919.7034512554765,932.8350219726562,2153657
2022-08-08,934.3596608800356,945.1797008900569,926.6872208436325,941.0484008789062,1356911
2022-08-10,944.2452677488034,953.1471980972893,934.5563773395659,950.7864379882812,1247420
2022-08-11,955.1144694689823,958.950689601993,939.4745689717823,942.5730590820312,1035579
2022-08-12,944.2943773904582,948.720757284476,935.3924476109241,936.9662475585938,653263
2022-08-16,942.3271289961945,965.639409226076,934.0153589095196,963.0819091796875,965828
2022-08-17,964.9508642302787,969.8690643537766,952.4094539153592,954.6718139648438,1182141
2022-08-18,955.1144486256939,974.6889088171204,955.1144486256939,958.0653686523438,2149414
2022-08-19,965.3442886261616,975.2298582974049,938.9335194629439,943.0648193359375,1831816
2022-08-22,937.4089311770075,943.999331262911,918.326290934831,921.6215209960938,1465242
2022-08-23,914.7852328090331,943.5075338464909,909.8670326326405,939.5238037109375,1292054
2022-08-24,943.3107082665806,950.8847478585265,934.9497687251146,944.2451782226562,1250754
2022-08-25,949.1634227742578,952.1635127440715,930.4250929243768,933.5726928710938,1538844
2022-08-26,943.1140763543398,951.4258468583857,935.9826859281591,938.8352661132812,1280541
2022-08-29,919.7034150759039,944.2944154790029,919.2115950678419,942.1795654296875,680203
2022-08-30,948.228925685856,973.5576547692697,946.9502057394541,969.4755249023438,1055038
2022-09-01,967.8034597270291,1011.9689215539419,961.9999594742427,998.4929809570312,3390887
2022-09-02,1005.2800268165582,1020.4772159832677,1003.2144069404865,1009.0670166015625,2684334
2022-09-05,1009.0671460051035,1025.8873672576344,1005.2801557344527,1021.067626953125,1159599
2022-09-06,1025.7890681228196,1041.5765399703187,1024.707088012859,1037.2977294921875,2050061
2022-09-07,1030.8547934164553,1045.5601644344604,1021.0676227487197,1024.36279296875,1263932
2022-09-08,1031.6907008619223,1045.3140896704065,1020.2312718372058,1027.70703125,1430694
2022-09-09,1038.72389661208,1041.379676727527,1027.2644659728744,1036.5599365234375,1205966
2022-09-12,1041.7240129880881,1053.8227132107886,1029.920332727944,1033.3138427734375,1677576
2022-09-13,1035.3302967297934,1042.1173164529077,1017.6247772992591,1021.706787109375,903787
2022-09-14,1014.1328783341745,1032.3302190220331,1007.7884481236522,1020.8707885742188,893907
2022-09-15,1024.7562859971922,1044.3798576141376,1014.5264051243481,1024.5103759765625,1604996
2022-09-16,1022.9856308631474,1026.4283709670137,995.7387900337948,1008.1326904296875,1601671
2022-09-19,1002.8209785364444,1023.9692385055798,999.5258085559019,1010.3949584960938,1895834
2022-09-20,1016.5919351361815,1070.1510848506343,1016.5919351361815,1064.446044921875,3241244
2022-09-21,1058.3966226812124,1076.4956223997028,1049.1996128463536,1050.9700927734375,2001040
2022-09-22,1042.6583777816797,1068.2330172367022,1042.6583777816797,1049.0028076171875,2452415
2022-09-23,1050.5275350280776,1053.0849750500142,1010.1982944511572,1020.5757446289062,1935689
2022-09-26,1017.8706635240593,1017.8706635240593,977.7872757125945,1008.0833740234375,1652899
2022-09-27,1018.0674308589652,1025.9365510974885,1004.0505604340954,1017.9198608398438,1417788
2022-09-28,1007.4933396375602,1024.2152207933705,1000.46028913679,1004.5424194335938,1241220
2022-09-29,1009.5589487472287,1020.0347393716256,993.1813778159367,995.3453979492188,1056799
2022-09-30,994.4600760011125,1019.1986469113385,968.1477050485609,1015.3624267578125,2086641
2022-10-03,1018.2150366490193,1019.0018766565667,970.4100934985795,979.2136840820312,1747293
2022-10-04,999.9683952320496,1021.8052751721943,990.5746452840266,1017.9690551757812,1378191
2022-10-06,1022.739678937375,1065.0854285086323,1020.5757189900787,1057.21630859375,2710620
2022-10-07,1062.3311767596394,1069.4133365754078,1051.8062770191868,1067.101806640625,1271663
2022-10-10,1048.953797013199,1059.0361077532918,1038.1337562189528,1049.19970703125,1019624
2022-10-11,1052.4948098134726,1052.839059802034,1031.5924596185787,1037.9368896484375,928746
2022-10-12,1033.2154523920183,1075.3151712225526,1030.0677324322262,1069.9051513671875,1218634
2022-10-13,1069.905199147798,1078.4137093149538,1049.1504187904354,1059.970458984375,1370021
2022-10-14,1073.1513229293298,1088.7912241525744,1055.101551549156,1060.708251953125,1723553
2022-10-17,1053.4784900548552,1063.1182105421728,1042.658449540753,1057.4622802734375,966318
2022-10-18,1074.1349451810745,1116.4314677477284,1071.970985079057,1110.578857421875,3359533
2022-10-19,1116.4314040780207,1157.6459442432147,1113.3329140520543,1152.2850341796875,3440709
2022-10-20,1137.3338271450177,1145.989907761454,1114.2675156097334,1123.5628662109375,1988428
2022-10-21,1129.2187594415257,1137.432129713755,1116.4314389948881,1123.1202392578125,965954
2022-10-24,1136.0060571171057,1136.0060571171057,1123.5137549056865,1127.3499755859375,110280
2022-10-25,1131.2844283555048,1142.4487192129536,1126.8089380498477,1138.0223388671875,952625
2022-10-27,1140.924117559442,1145.9406577978127,1100.6932155156674,1106.1524658203125,1269462
2022-10-28,1101.6767889232526,1116.97243879876,1096.0208589801198,1108.7098388671875,885662
2022-10-31,1114.2674293051248,1136.8911490873847,1112.546059321692,1127.3006591796875,1201542
2022-11-01,1131.1860042632359,1137.087844285479,1110.2836541844588,1119.38232421875,1150562
2022-11-02,1121.7922584919918,1124.9890886872606,1093.4142667732565,1096.7586669921875,1142831
2022-11-03,1093.46343803714,1125.9726682317073,1092.135548042046,1116.087158203125,1493565
2022-11-04,1118.398634420924,1122.8742442678224,1093.8076354231025,1095.9224853515625,1182660
2022-11-07,1096.758600156566,1104.4801501430197,1063.4131801371573,1094.54541015625,2256933
2022-11-09,1101.7752208617555,1146.9243241905983,1096.807910541073,1126.02197265625,3041336
2022-11-10,1125.9727422380104,1125.9727422380104,1080.0860289439684,1087.856689453125,2235744
2022-11-11,1119.38228021115,1123.8578900813595,1082.1023015216317,1089.33203125,2217061
2022-11-14,1091.7912620227498,1106.2999532460192,1073.3480104677465,1082.7418212890625,1178046
2022-11-15,1084.9550534035511,1111.4641066337458,1078.807302647638,1085.1517333984375,1691513
2022-11-16,1087.6107751164097,1117.415117204962,1086.6763650811458,1100.201416015625,2034541
2022-11-17,1100.397997921136,1111.5131777277093,1082.2498883140813,1090.955078125,1597488
2022-11-18,1094.7912880260287,1102.8079778065453,1048.5602093762323,1064.15087890625,2508863
2022-11-21,1052.4947298269326,1062.2327891923146,1028.0513014712997,1031.2972412109375,2657824
2022-11-22,1030.8548721766049,1039.5109534837277,1020.5758806884991,1026.2318115234375,1994682
2022-11-23,1032.2319883580528,1038.1338292062142,1028.543337827952,1034.7894287109375,1095450
2022-11-24,1040.0026611329229,1041.3796611287519,1026.2317005886587,1035.4287109375,1035756
2022-11-25,1036.3141193323952,1038.3797396153432,1018.0675466742912,1020.4774169921875,1461816
2022-11-28,1017.6739673542139,1045.6093686691493,1012.165607112469,1043.1502685546875,2723439
2022-11-29,1036.0189361305243,1042.2650267557299,1020.5758345778187,1022.838134765625,1325447
2022-11-30,1027.952937554585,1048.8060556493404,1015.3622986579429,1031.002197265625,27363975
2022-12-01,1041.5273347499965,1045.5602352958917,1026.920302734375,1032.8221435546875,1621405
2022-12-02,1032.8219688832487,1036.65818878232,1014.1328094463138,1031.2481689453125,1040471
2022-12-05,1032.8220244686336,1036.2647645501957,993.9190735543061,1001.1488037109375,2896073
2022-12-06,1000.3619131929289,1029.2809541671377,991.6074928878007,1023.9200439453125,1970222
2022-12-07,1023.969258998377,1030.018669125264,1002.5750886014367,1008.4769287109375,1319008
2022-12-08,1013.5427365969056,1019.4936868851793,1004.6899761026895,1009.1654663085938,988773
2022-12-09,1017.6248084155816,1024.215148375834,1006.2637184043008,1019.1986083984375,1253296
2022-12-12,1018.0674760734905,1028.5923768306504,1014.919875867588,1020.8217163085938,903199
2022-12-13,1026.1332741268136,1030.6088844795518,1015.1165533599593,1019.8380737304688,1040540
2022-12-14,1028.887468199423,1031.592478273561,1010.2475377178424,1011.919677734375,747736
2022-12-15,1011.1819382704068,1035.1827787187112,1008.1326782299601,1022.0512084960938,1711006
2022-12-16,1015.1165839892723,1034.3959059496115,1006.7064731350587,1022.838134765625,1308612
2022-12-19,1022.9856843340938,1042.0683259218993,1016.9855038540923,1038.822265625,1806966
2022-12-20,1037.0516150491312,1054.3144235906022,1029.3791756485448,1038.7237548828125,1747561
2022-12-21,1034.8385375049788,1046.00282778675,1012.3622668496243,1016.4443969726562,1417265
2022-12-22,1016.3954229963964,1029.281085047813,1004.6900811049335,1022.1004638671875,1373045
2022-12-23,1010.1982603681848,1016.6902602273733,989.5418207696143,993.9682006835938,931666
2022-12-26,989.0500377401672,1006.4113080662173,981.5743976207283,998.9356079101562,1043410
2022-12-27,1003.9520416676914,1031.8382075324996,1001.4929420310553,1026.96923828125,1356572
2022-12-28,1027.8546477374628,1067.642960791764,1023.2808174500037,1064.987060546875,2613737
2022-12-29,1060.2656102648086,1116.9232518666447,1054.1669700468647,1082.9876708984375,2629509
2022-12-30,1084.9549853642714,1087.3648554801598,1064.3477741520649,1067.6429443359375,1035831
2023-01-02,1067.2493221602685,1074.9217616299766,1042.6583239538106,1055.494873046875,913740
2023-01-03,1057.4130887075091,1060.1673289678622,1017.7723453527082,1024.5103759765625,2199825
2023-01-04,1029.674444358556,1033.3138644859423,1001.345563109652,1008.2802734375,1391583
2023-01-05,1013.1000372492945,1015.0673173799389,997.4110262367055,1013.345947265625,987083
2023-01-06,1015.1164354181918,1021.952685088661,1001.8864659919004,1007.7391357421875,873454
2023-01-09,1012.7557768956115,1018.9035272410749,1000.9029262368829,1004.3948364257812,1045256
2023-01-10,1009.4605084127081,1013.788548249052,993.4763590712158,999.6732788085938,1107876
2023-01-11,1005.2801454954414,1010.1000058241106,994.4601047905002,998.0504150390625,1194680
2023-01-12,1003.0668820251811,1004.4931720211657,984.9187121621428,989.0991821289062,834703
2023-01-13,994.3125030679307,994.3125030679307,972.3281723511205,985.7548828125,1944766
2023-01-16,985.754872654933,992.886262818723,963.2786621167389,972.52490234375,1237660
2023-01-17,972.8691839957864,992.4928150924012,961.557323367875,970.5084838867188,3049007
2023-01-18,974.787283661113,991.4599944152145,974.5905436449766,985.656494140625,2202723
2023-01-19,977.8858036266025,1004.0506055815524,977.8858036266025,997.460205078125,1285537
2023-01-20,988.5582110752847,997.7060511704481,951.7208806552545,954.032470703125,1697151
2023-01-23,952.7045744423482,968.8854655442963,952.7045744423482,965.6394653320312,948214
2023-01-24,967.9017814436991,976.6562016523002,955.0161211728679,967.7542114257812,1062016
2023-01-25,978.7218612881869,1026.5759742994906,975.7709411033984,1020.9200439453125,5461484
2023-01-27,1022.9856482586162,1057.3147098927136,1015.8542579221979,1033.6090087890625,3629172
2023-01-30,1033.805717595627,1039.6583280056166,1001.8374151961427,1016.7886962890625,1451127
2023-01-31,1020.6741795041474,1026.8219301636273,1003.312907627125,1019.7888793945312,1311390
2023-02-01,1024.9528055914402,1040.6418144231673,983.6399285906335,1001.689697265625,1354579
2023-02-02,1006.6322673814407,1010.2402925594364,978.6579151824219,990.5198364257812,1224788
2023-02-03,993.732497099606,1027.8355829633801,988.098072119231,1023.683837890625,1252136
2023-02-06,1023.6837584425659,1052.2512423250666,1014.3918961902567,1044.98583984375,2089402
2023-02-07,1038.956090459051,1064.8050976830555,1028.0331895537604,1038.5606689453125,1669515
2023-02-08,1032.9756197573647,1043.5030987712857,1025.7595695540238,1027.58837890625,582218
2023-02-09,1027.5884012497013,1042.5639802957055,1018.7413125843938,1037.720458984375,539534
2023-02-10,1032.9755687959055,1074.4922902211954,1032.9755687959055,1062.976318359375,1989509
2023-02-13,1065.546448133721,1073.207272241611,1052.4489101428123,1056.8477783203125,710879
2023-02-14,1058.7260859432079,1075.5798289047696,1042.8607158854873,1065.9420166015625,1083378
2023-02-15,1071.9716166547398,1110.0780853947201,1071.5268428921431,1093.7679443359375,3016998
2023-02-16,1097.6724646041057,1119.963039382365,1097.2276908335614,1110.9677734375,2188324
2023-02-17,1107.013805156788,1107.013805156788,1079.5336398153604,1091.1484375,1382070
2023-02-20,1092.235867046258,1122.9286391194614,1091.8405661706875,1117.6895751953125,1635712
2023-02-21,1120.9515450926067,1125.8445392850635,1101.6759232854586,1112.845947265625,1622529
2023-02-22,1107.1126357392675,1113.9332645033014,1095.3001875795799,1101.478271484375,746146
2023-02-23,1107.0139066506597,1112.895394772427,1097.1289715446903,1104.44384765625,871201
2023-02-24,1108.1012087975441,1114.5264165202773,1090.308325873052,1092.5819091796875,979359
2023-02-27,1085.3659002663455,1088.331380868166,1046.7158272224262,1072.713134765625,1555124
2023-02-28,1078.1003897621285,1080.769273772195,1060.3568601921754,1067.8695068359375,1418799
2023-03-01,1071.526952625531,1072.7130965577253,1047.8031086559622,1050.7191162109375,1907551
2023-03-02,1048.0008344479218,1060.55477518396,1037.9677212469098,1054.5743408203125,1068509
2023-03-03,1060.1592205884215,1066.584427985927,1051.7570262993756,1058.033935546875,847485
2023-03-06,1062.5316850050342,1089.3198346644572,1059.6650297280382,1085.860107421875,950986
2023-03-08,1086.3542522550229,1100.1931599270613,1074.6406295371871,1097.030029296875,1206161
2023-03-09,1095.2507436789813,1098.1173988199464,1070.9831811912925,1074.047607421875,906722
2023-03-10,1074.0476490016201,1075.3326181382085,1055.859344666435,1059.8626708984375,1066823
2023-03-13,1054.7225354588259,1064.014398236122,1033.9641725303954,1036.633056640625,972966
2023-03-14,1039.7963693643248,1045.23308378468,1025.2160897824635,1033.9642333984375,1076802
2023-03-15,1035.0515573260225,1045.1836160691764,1018.4942905994051,1020.86669921875,590578
2023-03-16,1023.0412574214924,1045.5789565594894,1014.6390630175637,1041.4766845703125,747118
2023-03-17,1047.8030340044277,1052.7949740836539,1028.6757102998456,1034.8043212890625,1797251
2023-03-20,993.4359268836618,1034.8043540341837,993.4359268836618,1029.7630615234375,816115
2023-03-21,1031.14702748401,1045.5790085743954,1031.14702748401,1041.921630859375,972168
2023-03-22,1046.2708685120424,1063.8166276625127,1038.9561133424404,1042.6629638671875,658312
2023-03-23,1044.8375872846436,1060.851133071352,1030.8503806916372,1035.4468994140625,1063113
2023-03-24,1036.8801127599263,1051.6086886822748,1028.3790935784893,1030.0101318359375,753161
2023-03-27,1030.3067670958994,1043.7502538291913,1018.1482494430647,1034.606689453125,521344
2023-03-28,1030.504463096009,1037.9181642693613,1017.3574514156466,1022.3988647460938,435620
2023-03-29,1018.1481575322431,1069.0555654088553,1018.1481575322431,1066.781982421875,977216
2023-03-31,1066.7821628292402,1072.5154735346973,1052.6467778355382,1064.80517578125,911502
2023-04-03,1064.805136450097,1084.8221295716219,1060.6535120689532,1072.268310546875,842497
2023-04-05,1077.9521669595367,1087.0462589372028,1070.9832394845732,1077.408447265625,739800
2023-04-06,1071.2303370435034,1088.3807954706208,1068.0672061707342,1086.0577392578125,630530
2023-04-10,1087.046311087149,1098.2163364932865,1084.2291285965246,1094.9049072265625,1236292
2023-04-11,1094.9048263513318,1124.5596307268527,1092.8783664527214,1115.86083984375,1112123
2023-04-12,1118.9745805250282,1130.83650187335,1110.7700366594906,1122.6319580078125,1393983
2023-04-13,1122.6320332449247,1156.0431622148099,1121.5941874568139,1149.5684814453125,2035284
2023-04-17,1152.5835026565544,1159.5029576467737,1142.8468651248893,1156.1915283203125,2075441
2023-04-18,1159.1568533061286,1159.3051514548545,1129.1066286810606,1131.7755126953125,1071740
2023-04-19,1133.8020207661923,1170.7717010254505,1133.8020207661923,1156.6856689453125,2292305
2023-04-20,1154.5602778131909,1154.5602778131909,1111.5608154117576,1114.9710693359375,2592124
2023-04-21,1115.3171164208184,1117.4917535661689,1071.526811911302,1080.373779296875,2877179
2023-04-24,1077.4579207542345,1104.6414921494102,1075.5304066852248,1089.1221923828125,1329750
2023-04-25,1090.3082550501856,1105.1356565241229,1089.4680597664697,1098.71044921875,908834
2023-04-26,1100.1931489650433,1115.8113928770076,1093.8174148316598,1112.54931640625,1009517
2023-04-27,1110.5724307028663,1122.6320029568988,1109.485112002209,1119.4688720703125,733407
2023-04-28,1125.8446588995373,1128.4641908899077,1113.0437159389935,1125.2515869140625,713046
2023-05-02,1135.2847614455352,1153.5718908201477,1123.966559369153,1144.6259765625,932329
2023-05-03,1146.6523167463276,1153.275174102636,1129.9962274853497,1143.9339599609375,642953
2023-05-04,1146.6524741204264,1166.422344363882,1134.3951304363416,1155.598388671875,632211
2023-05-05,1176.3072289701363,1220.7399621678935,1176.3072289701363,1200.9700927734375,5319185
2023-05-08,1209.9159817210186,1229.1421310400913,1207.49422103696,1215.6492919921875,2132720
2023-05-09,1215.846958290946,1224.8422246622338,1206.2091470362009,1215.7974853515625,848071
2023-05-10,1216.8353685105917,1231.168522729441,1212.0905519511764,1226.769775390625,801636
2023-05-11,1230.6248242235154,1231.6627905717376,1217.0330398171257,1225.5341796875,555502
2023-05-12,1224.150322825382,1235.567349868704,1217.08257046578,1223.211181640625,482504
2023-05-15,1222.7663996446563,1226.1766537864376,1213.079115552572,1220.295166015625,436418
2023-05-16,1225.089324115777,1238.1868622319653,1220.7894017730368,1229.78466796875,673132
2023-05-17,1220.7893620207667,1242.3385666368868,1211.448147557414,1237.59375,691664
2023-05-18,1237.5938368442835,1239.0765770641449,1205.962045487241,1226.275634765625,516649
2023-05-19,1221.2836084619535,1230.377699570704,1207.1481044279635,1225.880126953125,615310
2023-05-22,1214.0182597708176,1232.700810186214,1210.9044812573006,1224.9410400390625,418657
2023-05-23,1224.990518921987,1251.3338937343865,1215.84695442731,1246.6385498046875,793692
2023-05-24,1248.4177139899712,1264.2830816150642,1232.6512922392378,1258.2532958984375,1070539
2023-05-25,1250.4441096149758,1272.6852103788785,1247.8245780585328,1268.3358154296875,1004944
2023-05-26,1263.3441226689527,1286.029999450627,1255.7326505802362,1278.3197021484375,1409077
2023-05-29,1281.433497168869,1289.8356917390602,1263.8383856448352,1284.8438720703125,875198
2023-05-30,1284.1025168569925,1291.9115188978953,1265.3211405410514,1267.9405517578125,531133
2023-05-31,1265.2716270487863,1301.8458850181653,1263.3441130707363,1287.809326171875,3346979
2023-06-01,1271.2520807787675,1275.6508284727354,1255.3867122513552,1257.4625244140625,727641
2023-06-02,1272.092282441786,1294.926457676839,1266.853218736047,1290.5277099609375,1923687
2023-06-05,1294.877016157087,1297.8424966664727,1272.33943668518,1279.802490234375,551021
2023-06-06,1281.087455130912,1323.5926716205952,1271.202521063544,1316.6732177734375,1703583
2023-06-07,1327.4973014128452,1338.914449637277,1312.6698988697967,1331.9949951171875,1067501
2023-06-08,1334.416607745355,1335.8499955647644,1302.7354668960065,1310.841064453125,511069
2023-06-09,1316.6733453259496,1335.5535470904995,1315.6848518234526,1320.6273193359375,805323
2023-06-12,1352.2590289067718,1368.8657670017328,1319.7870434641907,1324.185791015625,2237766
2023-06-13,1330.1168372314899,1337.431713307333,1324.9272463261952,1330.611083984375,651920
2023-06-14,1331.4512102683682,1334.4661635708658,1317.6617748444178,1330.3638916015625,663045
2023-06-15,1333.1317955187103,1341.3856921886447,1314.696367436181,1317.5135498046875,808772
2023-06-16,1323.5927151944404,1341.187946679886,1307.727347227733,1337.2833251953125,1182213
2023-06-19,1336.5418931504553,1345.1418580728878,1320.6271736490517,1322.5546875,445580
2023-06-20,1317.6617470642898,1333.5271149407597,1311.7307864623501,1328.3375244140625,1139873
2023-06-21,1328.3375555506057,1340.9408471251518,1321.170977988609,1335.3558349609375,846723
2023-06-22,1330.4133708184372,1333.428203469456,1307.7768464705007,1310.890625,558699
2023-06-23,1312.3734753247181,1314.6469380721578,1280.395733370378,1286.2772216796875,705445
2023-06-26,1286.2771667587306,1299.770127165653,1274.3164195429538,1275.5025634765625,607694
2023-06-27,1276.1450498998222,1294.4816517490954,1274.1680629906048,1289.193115234375,882785
2023-06-28,1294.827681122965,1323.44452015331,1282.174915848153,1314.745849609375,1266056
2023-06-30,1314.745757605146,1324.6306920763227,1303.2297848130843,1310.3963623046875,875476
2023-07-03,1319.6387377021115,1323.0984647297948,1297.8918820995298,1303.1802978515625,651040
2023-07-04,1306.6895944175533,1314.6963677118288,1285.0910353668585,1288.7484130859375,576982
2023-07-05,1292.949497965279,1308.6170958067162,1278.616342215664,1304.61376953125,1700571
2023-07-06,1308.2216365557645,1312.4722067493847,1289.0449597417376,1299.3251953125,1151516
2023-07-07,1304.6136927724156,1327.4478671451786,1295.8160770071302,1306.788330078125,1205329
2023-07-10,1311.681344516591,1317.3651818944134,1291.2690511618448,1294.18505859375,588008
2023-07-11,1300.956203293419,1339.408622568945,1295.9643837784702,1327.4478759765625,1492542
2023-07-12,1329.3260852301564,1338.8155985411352,1315.882477318419,1323.246826171875,831708
2023-07-13,1323.5927835354391,1332.4892249482987,1310.0998232594602,1314.44921875,841814
2023-07-14,1320.627361969045,1337.3329268336827,1307.4309974178416,1335.2076416015625,1109229
2023-07-17,1330.6604437316184,1347.3165337538358,1324.0869383442869,1327.4971923828125,739899
2023-07-18,1330.9075237379966,1352.3084297535224,1323.1478747636656,1330.660400390625,1011369
2023-07-19,1333.082301163156,1337.6293470999851,1312.1262873678343,1318.7491455078125,810110
2023-07-20,1318.650391956273,1332.4893016169835,1315.6849113146923,1329.672119140625,898508
2023-07-21,1316.1789909708234,1329.4741792261784,1315.8330424063745,1327.4971923828125,768440
2023-07-24,1329.424916577997,1357.201559466716,1280.0990673775652,1292.059814453125,2508323
2023-07-25,1317.6617846185761,1372.4736988107336,1298.5344602653186,1368.074951171875,5467323
2023-07-26,1376.9713401461267,1384.7804623317827,1349.6889457666803,1356.262451171875,1745448
2023-07-27,1360.1669822415522,1362.094496195744,1330.7098292726557,1340.199462890625,991461
2023-07-28,1340.1994908701306,1354.9279469963626,1329.96848695377,1342.225830078125,722899
2023-07-31,1338.420133630953,1363.5772437109842,1331.7972757707005,1360.85888671875,771838
2023-08-01,1359.178394222332,1363.42896401236,1343.411973115631,1353.9393310546875,325587
2023-08-02,1359.1785572602882,1379.9369206802637,1346.8718614990155,1363.8739013671875,1941995
2023-08-03,1366.0485002946443,1375.3898359698023,1338.8155776415313,1347.563720703125,1042110
2023-08-04,1356.2129819634563,1369.0139235779532,1330.9569266351011,1343.1649169921875,539333
2023-08-07,1341.7810213299772,1341.7810213299772,1316.3273152169534,1324.8778076171875,866160
2023-08-08,1329.424879189834,1329.7708277678757,1303.130977273077,1316.228515625,1246119
2023-08-09,1315.7835612268034,1334.0706894133853,1301.8458282015217,1324.5811767578125,1333966
2023-08-10,1327.003048137336,1339.8041113359925,1315.9814421670917,1334.07080078125,960273
2023-08-11,1336.443174784985,1346.3775824496327,1326.8053634283626,1334.1202392578125,724490
2023-08-14,1337.0362784098943,1337.2340495084986,1305.602257639966,1329.4249267578125,951927
2023-08-16,1318.6502690785944,1330.0674167510665,1307.233121406122,1324.3341064453125,1426246
2023-08-17,1323.4938856216722,1325.5202247660939,1308.8641345022804,1321.269775390625,702360
2023-08-18,1326.558159805088,1329.5236400431022,1314.053694001654,1325.965087890625,727872
2023-08-21,1324.6307089005015,1344.7958789452575,1313.8561060569295,1333.971923828125,1480040
2023-08-22,1330.709818492158,1341.3855958930337,1320.2812851165825,1337.975341796875,819736
2023-08-23,1339.3097786883275,1351.0728746933453,1333.7742395876433,1339.7052001953125,919117
2023-08-24,1349.293621434203,1367.2841547870419,1339.0132649472766,1346.8223876953125,1183583
2023-08-25,1339.4086141583887,1342.3740944849387,1305.8986623352337,1324.185791015625,1437121
2023-08-28,1321.566335211733,1336.3937376966205,1320.5778417127408,1333.724853515625,784438
2023-08-29,1339.4085818808785,1372.7702347506051,1327.5961337977294,1364.7139892578125,1231116
2023-08-30,1375.4886469568528,1404.7480291836996,1369.1622646918227,1399.261962890625,2457022
2023-08-31,1404.6492083225833,1419.8720317577427,1393.0838830931764,1403.5618896484375,2229952
2023-09-01,1403.3147354109485,1443.595843067463,1397.7791962833167,1437.3682861328125,1801951
2023-09-04,1444.1889362124737,1452.0968838440274,1427.0385989196827,1436.1326904296875,1530060
2023-09-05,1440.1854926063395,1447.1544197381638,1435.2924982649001,1441.1246337890625,554308
2023-09-06,1443.1016657580722,1466.973807601497,1442.360295642846,1461.0428466796875,1249970
2023-09-07,1461.0428414820847,1469.1979127205611,1457.0393946078218,1462.772705078125,645256
2023-09-08,1466.9242922511016,1469.7414744743726,1457.1381828798972,1463.5140380859375,515325
2023-09-11,1467.5173040469513,1478.6378549980668,1459.0657577235238,1471.86669921875,754214
2023-09-12,1481.3068924611937,1481.3068924611937,1445.1774089706464,1454.7657470703125,623844
2023-09-13,1449.1314170320145,1458.571577871732,1422.6397439523228,1437.6649169921875,801352
2023-09-14,1438.702664534815,1450.5645852834587,1434.6498657455015,1447.1048583984375,285610
2023-09-15,1446.1658992294927,1491.0928777027743,1446.1658992294927,1485.6068115234375,1369061
2023-09-18,1490.4009475918801,1513.5810699248568,1472.4104156915728,1508.3914794921875,1464894
2023-09-20,1506.9581476263697,1515.755762782057,1491.5870274049655,1494.7008056640625,537988
2023-09-21,1488.6712339265064,1492.6252079874002,1474.9311499317582,1481.6529541015625,542059
2023-09-22,1472.805808988657,1481.2574764901692,1466.034652798837,1476.9080810546875,1048434
2023-09-25,1480.7633401007427,1503.6469899503963,1472.163494469248,1498.1114501953125,1238681
2023-09-26,1505.2779465073233,1526.2339603914925,1499.7422863878433,1513.383544921875,1247558
2023-09-27,1514.1742388999699,1517.139719100976,1501.5709480456942,1510.6650390625,1087855
2023-09-28,1512.296195239526,1528.8039880461736,1495.145857539413,1506.365234375,4734327
2023-09-29,1499.0503649916666,1517.3869673434067,1482.690749603318,1504.2894287109375,775781
2023-10-03,1519.3638241763015,1526.8268769244842,1504.3386521419766,1512.3948974609375,791678
2023-10-04,1512.394873316306,1512.394873316306,1475.771145274623,1478.8355712890625,797755
2023-10-05,1489.659641998249,1496.925044785272,1472.3115335348407,1480.9114990234375,586529
2023-10-06,1486.69418713572,1499.1491807937423,1477.7977458563175,1483.975830078125,537906
2023-10-09,1481.7516062769398,1516.2005771262893,1477.8471056140704,1504.981201171875,1131037
2023-10-10,1512.4938326409383,1541.0118450857542,1504.981306410389,1510.516845703125,1691714
2023-10-11,1548.9692527698405,1552.0335583645785,1524.899461137222,1532.4119873046875,1007780
2023-10-12,1547.980741179993,1582.4791866842586,1535.2291515543732,1579.4642333984375,1822514
2023-10-13,1561.0288669717497,1587.4710677586147,1561.0288669717497,1582.479248046875,810988
2023-10-16,1588.4102582243327,1598.690614944785,1575.955264030542,1583.27001953125,582454
2023-10-17,1592.4629130084068,1597.3559072122637,1582.8251020823782,1590.88134765625,456174
2023-10-18,1588.508999501606,1588.508999501606,1565.427701208884,1582.1826171875,359998
2023-10-19,1570.7161051735277,1597.355955607325,1566.366709824047,1580.6505126953125,830994
2023-10-20,1580.650501771901,1591.2768063747499,1572.396484919915,1578.080322265625,597980
2023-10-23,1565.7736605030752,1589.942277640391,1561.9679847669383,1567.00927734375,950311
2023-10-25,1567.1080630358456,1589.9422375425027,1551.9347127481683,1556.7288818359375,890501
2023-10-26,1547.8324001917808,1564.9333846529848,1530.6820634589137,1558.8541259765625,988912
2023-10-27,1566.762168976725,1581.5895712067886,1560.8312080846995,1573.5333251953125,737466
2023-10-30,1566.2184177436468,1597.0594861603065,1545.1635794005342,1590.288330078125,912901
2023-10-31,1615.1983536622704,1615.1983536622704,1567.2069467238307,1572.4954833984375,2389756
2023-11-01,1573.6814859879764,1580.0572201240984,1540.0727105334595,1542.889892578125,1697994
2023-11-02,1551.9347799888817,1556.3830006958563,1536.6131308870806,1551.9842529296875,802352
2023-11-03,1559.7439369802357,1582.874709298068,1554.4060478813958,1580.699951171875,552856
2023-11-06,1588.4595185093717,1598.3939260563382,1581.7871876492106,1596.6640625,505748
2023-11-07,1598.4926602661758,1603.435127288621,1586.136492710062,1591.9686279296875,342837
2023-11-08,1596.2191794520484,1629.9761322940224,1593.4513496850757,1627.9991455078125,589975
2023-11-09,1633.9797373216504,1634.819932654161,1615.7420807158321,1627.949951171875,442148
2023-11-10,1626.0716400425047,1626.0716400425047,1610.0580952579094,1613.1717529296875,390701
2023-11-13,1630.3222867278394,1632.9911707624408,1616.8786793463846,1629.086669921875,364986
2023-11-15,1634.2267835131574,1657.4069064692462,1628.0981724370638,1653.8978271484375,1011532
2023-11-16,1655.2322544675458,1669.0711625371462,1649.0541705079029,1664.771240234375,468330
2023-11-17,1677.2758136976558,1734.460138356478,1670.5540096528869,1727.4912109375,1721816
2023-11-20,1734.7564514196072,1744.592033190732,1686.3697475507124,1699.46728515625,1110928
2023-11-21,1711.9717529705051,1718.2486619617473,1695.8099099251178,1704.80517578125,521686
2023-11-22,1709.9947589886801,1723.9324918134357,1704.7063434250297,1719.28662109375,2016499
2023-11-23,1733.817562123859,1764.4113870318824,1728.4303209297232,1755.6138916015625,1599755
2023-11-24,1762.483974435053,1797.476669737574,1758.282876907656,1779.2388916015625,1298959
2023-11-28,1779.288292793689,1808.8936247324998,1778.2997992976925,1803.1109619140625,957141
2023-11-29,1808.943102259439,1854.1172068747157,1801.57887396188,1842.2059326171875,1212566
2023-11-30,1831.9254692979907,1876.1605507770598,1828.7623385534782,1843.0460205078125,2171737
2023-12-01,1861.333156515255,1901.8613877511157,1846.209158543884,1887.8248291015625,1269657
2023-12-04,1935.4701096186884,1935.4701096186884,1868.2525572928093,1882.0419921875,818769
2023-12-05,1895.9304290306425,1901.4166159210743,1873.4422031388556,1881.10302734375,970173
2023-12-06,1867.3630384340734,1878.6813613582965,1850.2127004182867,1867.01708984375,1053331
2023-12-07,1872.5526910381975,1906.80401592394,1872.0090919971083,1898.105224609375,720562
2023-12-08,1902.3556014729786,1907.792315324941,1864.8916764326802,1880.806396484375,493461
2023-12-11,1885.2052144681327,1917.677198568485,1881.1029427194985,1910.1646728515625,674733
2023-12-12,1913.723349042846,1928.8966996038203,1903.9867125416524,1915.502685546875,716644
2023-12-13,1917.6772174416096,2003.6761442031664,1909.818743090023,1999.0302734375,2224533
2023-12-14,2002.6877986291183,2034.813836859842,1983.0167541639335,2025.176025390625,1066303
2023-12-15,2028.3885437085548,2030.5631810154503,1980.743208053417,1995.323486328125,902030
2023-12-18,2000.710906626544,2011.880931792474,1973.576807468473,1976.64111328125,936244
2023-12-19,1981.9293573931382,1986.476403107383,1935.5689906855644,1946.0469970703125,1139789
2023-12-20,1961.1709822351745,1975.7512604549167,1920.7910494004184,1926.7713623046875,743248
2023-12-21,1913.7233073683742,1949.2595984098887,1902.5532831861512,1923.3116455078125,733570
2023-12-22,1927.5622046736023,1965.9157983456967,1912.141731169354,1944.86083984375,1070784
2023-12-26,1944.8608768674856,1987.7615170392792,1944.8608768674856,1973.2305908203125,890867
2023-12-27,1985.5867778031013,2002.6877630390659,1967.645717919497,1990.430419921875,477198
2023-12-28,1992.2591013526815,1998.7337818003646,1972.390406883356,1981.484619140625,1261169
2023-12-29,1989.8373476697152,2006.6417365968812,1976.9869326077646,2002.4901123046875,476136
2024-01-01,2008.618690938085,2023.0013189057197,1988.848821932789,1995.8177490234375,474552
2024-01-02,2001.6992796044603,2016.3290312476054,1929.6875543454116,1946.491943359375,1407673
2024-01-03,1954.251715897741,1992.7041384873444,1937.7932744304062,1974.9112548828125,837553
2024-01-04,1984.8948673884533,1990.9246533604264,1956.5251533569026,1959.787109375,982876
2024-01-05,1966.9043277763924,1988.1074641495172,1946.5907389814477,1956.525146484375,2259906
2024-01-08,1971.8468313739756,2039.1630921945543,1957.2170796837936,2014.35205078125,2195125
2024-01-09,2015.5381276389035,2025.4230620559654,1981.9293506208935,1995.66943359375,1424396
2024-01-10,1991.9131408139572,1999.6727903172782,1969.8698091250867,1997.00390625,650058
2024-01-11,2001.254590356578,2071.3881568497736,2000.0189734651142,2063.33203125,1305313
2024-01-12,2075.836118414638,2075.836118414638,2039.0642125832862,2061.799560546875,765951
2024-01-15,2074.155900609751,2084.6832595542182,1987.8603722359599,1998.33837890625,1349721
2024-01-16,2006.641608733815,2020.3816911730632,1990.1831694354448,2010.2496337890625,1347953
2024-01-17,2000.3647838940747,2023.9403284216698,1980.3971439077818,1993.5936279296875,727553
2024-01-18,1992.8028348713647,2002.7372425079138,1957.2170699629473,1988.3546142578125,815604
2024-01-19,1992.6052651571244,2021.469227374624,1987.8604480441902,2013.561279296875,747716
2024-01-23,1992.259187315632,2022.4082392322007,1955.8332257725265,1964.4825439453125,910575
2024-01-24,1952.274667269245,1991.8144073658373,1937.2496142988243,1977.926025390625,903005
2024-01-25,2031.354078683565,2031.354078683565,1900.9224137224528,1918.7646484375,2078701
2024-01-29,1918.6657712648205,1951.286054856649,1905.7658835781342,1942.093017578125,1563040
2024-01-30,1950.3963551376291,1973.8730740103072,1931.0219081168964,1935.07470703125,1011435
2024-01-31,1937.496702621111,1983.7581252977327,1929.5887547448635,1978.3214111328125,1064182
2024-02-01,1993.791359275643,2001.5510089998704,1962.1595677551568,1972.2916259765625,588605
2024-02-02,1974.5651837701157,2025.0278237950383,1974.5651837701157,2021.7657470703125,830770
2024-02-05,2025.6702934361253,2053.743412145029,1987.0695742128178,2000.859130859375,829877
2024-02-06,2010.595646248283,2044.2044230292277,2000.8590100492968,2023.9403076171875,707510
2024-02-07,2030.464655408617,2051.0251277563666,2016.4773271678168,2040.201171875,413546
2024-02-08,2044.204534803319,2049.6907219323484,2003.182055018823,2010.3486328125,223855
2024-02-09,2021.2713998505317,2022.4575436919883,1982.6212104741992,2014.1541748046875,235265
2024-02-12,2020.4807551347785,2030.810464153796,1992.3581627535173,2012.32568359375,309481
2024-02-13,2011.5842185732465,2036.494205839173,1997.7453099442414,2020.727783203125,436456
2024-02-14,2007.6303897117984,2080.7789120351235,1997.943104705396,2063.925048828125,597383
2024-02-15,2080.7786692014674,2093.8267342052386,2027.844797782817,2068.916748046875,754820
2024-02-16,2074.600642584974,2160.846696696011,2072.969724913719,2114.140380859375,2287490
2024-02-19,2128.226448614982,2135.145902930033,2068.817894320335,2096.00146484375,981429
2024-02-20,2109.3462041352273,2113.893370813104,2069.7572321308944,2093.826904296875,611276
2024-02-21,2097.583197434022,2114.387586857386,2057.05496411885,2069.4111328125,407855
2024-02-22,2080.2352421872647,2109.1981520137174,2066.7918744530816,2104.15673828125,482482
2024-02-23,2110.43363273574,2114.3876067549168,2080.1364033463647,2091.602783203125,345944
2024-02-26,2082.805307598924,2142.0654455156878,2063.974457884982,2137.221923828125,661221
2024-02-27,2142.065336619138,2143.202007570243,2102.920898909777,2108.604736328125,626537
2024-02-28,2110.433485828701,2117.501117363434,2048.010221878789,2070.448974609375,808633
2024-02-29,2067.9281223140906,2134.5524786706223,2060.8604912775513,2114.5849609375,1749636
2024-03-01,2115.326417170721,2248.8224999972786,2097.236939563804,2216.79541015625,1643917
2024-03-04,2237.3558569725083,2241.6064268434848,2194.455340099518,2206.663330078125,794390
2024-03-05,2213.2367633260496,2263.5509817793295,2206.3667823359137,2254.654541015625,942601
2024-03-06,2268.790189363925,2268.790189363925,2205.4279020295853,2253.76513671875,1248715
2024-03-07,2257.718924199504,2286.8300065451667,2229.1515614897835,2233.698486328125,873474
2024-03-11,2249.8111461192902,2277.8350326309783,2229.10225611176,2242.249267578125,715668
2024-03-12,2245.5604234892444,2253.6167895518097,2206.712584343891,2216.79541015625,471203
2024-03-13,2216.7956455916114,2231.5241023815156,2101.2900822314537,2121.55419921875,999329
2024-03-14,2115.2277710210483,2175.2787471292686,2084.633706177333,2125.063232421875,970661
2024-03-15,2128.2262703801516,2134.1572307249176,2031.3044451464905,2042.672119140625,1517532
2024-03-18,2037.2849806010681,2043.9573113235608,1988.8982749612737,2008.074951171875,1291028
2024-03-19,2016.2127440169902,2040.3776988580823,1994.7272250509463,2026.28564453125,895151
2024-03-20,2040.0302130980144,2089.0053280352913,1990.5591396557725,2019.487548828125,1492834
2024-03-21,2064.3441946289154,2065.1381644057565,2007.9263062170007,2039.43505859375,1087462
2024-03-22,2046.3321348125737,2069.157372009804,2019.0410903376242,2035.21728515625,833468
2024-03-26,2037.6984337498134,2072.134723854847,2012.9379389567778,2067.123046875,1066097
2024-03-27,2084.0433341436283,2117.7849881250013,2068.313672064565,2107.017333984375,1315796
2024-03-28,2123.7394556691656,2148.5494960391325,2088.4098612681123,2135.49951171875,934714
2024-04-01,2157.4811557137987,2178.32159006062,2112.0291123479055,2122.846435546875,591922
2024-04-02,2158.7711671854763,2158.7711671854763,2100.814770568929,2134.209228515625,899959
2024-04-03,2133.663523760091,2133.663523760091,2085.23427532182,2088.409912109375,718065
2024-04-04,2102.750093059114,2102.750093059114,2052.0382776169245,2070.84423828125,797799
2024-04-05,2070.149744781367,2078.0889576089085,2044.3473030918583,2053.67578125,586351
2024-04-08,2064.1955423431386,2122.7472428230644,2050.599687468474,2116.7431640625,935056
2024-04-09,2127.7089885224073,2127.7089885224073,2080.0737126599656,2083.1005859375,546070
2024-04-10,2084.9862090988045,2126.1212092509845,2073.2263948556624,2081.463134765625,592948
2024-04-12,2081.9592714642686,2093.123789741717,2022.9114959396538,2031.2972412109375,770726
2024-04-15,1995.8187751119983,2031.098699416432,1973.688292765442,1984.9520263671875,1014530
2024-04-16,1974.978446586809,1986.1926333888337,1945.8018146290083,1960.588623046875,1225387
2024-04-18,1964.9552912044082,1973.390705333316,1912.804535397401,1925.953857421875,2514361
2024-04-19,1903.4263237337645,1906.8500608954657,1858.7682504449117,1884.620361328125,2046537
2024-04-22,1884.5210557300338,1935.1832081755356,1875.7383253984083,1928.4844970703125,1222136
2024-04-23,1935.7290920261078,1957.016059018256,1903.9225706016857,1938.2596435546875,1278413
2024-04-24,1944.114734780611,1956.1227699144072,1926.2018374399945,1949.37451171875,1129487
2024-04-25,1953.0464806260127,1998.796173245454,1936.4734212444798,1990.5096435546875,1052042
2024-04-26,1991.750041103765,2023.3084609146867,1980.4863070032081,2001.1778564453125,809102
2024-04-29,2004.651279349756,2026.4841150654463,1996.9601667680922,2021.1251220703125,420629
2024-04-30,2033.4308724708928,2089.402225633472,2028.1710955491199,2044.3472900390625,1223892
2024-05-02,2101.7579545573712,2101.7579545573712,2050.8477008935192,2057.198974609375,1595338
2024-05-03,2068.065556058929,2070.0009329687473,2020.3807328161115,2037.15234375,527068
2024-05-06,2044.347281580295,2054.2712975102963,2015.0714345867907,2041.2213134765625,304143
2024-05-07,2047.3742156167305,2049.3093503233636,1958.0084010595624,1964.5582275390625,725249
2024-05-08,1964.558142309795,2009.6131982421482,1903.922430038302,1981.4786376953125,2130967
2024-05-09,2008.5216276382419,2106.8686022228203,2008.5216276382419,2047.9200439453125,5353261
2024-05-10,2064.195442164211,2071.4896912418517,2007.3804474219505,2047.8704833984375,1125560
2024-05-13,2047.870403459467,2069.554233400972,1960.4397241626016,2052.882080078125,1593052
2024-05-14,2059.0350022621797,2123.6898731715532,2049.3094175860156,2118.5791015625,1387841
2024-05-15,2123.7393841347825,2133.5640628761425,2069.157297159356,2083.99365234375,724319
2024-05-16,2103.8915689274218,2117.735523954524,2074.61571926546,2111.7314453125,535364
2024-05-17,2111.731443044334,2175.9894519791133,2098.9792267969574,2167.851806640625,1090700
2024-05-21,2182.291161404603,2182.737693676293,2125.8236061660623,2139.5185546875,772583
2024-05-22,2150.5342434484146,2153.511448215533,2104.983107425723,2126.02197265625,609077
2024-05-23,2127.4607594842937,2164.4277161213968,2120.811717754323,2158.6220703125,457984
2024-05-24,2148.599354349558,2236.873437325497,2143.5876772950637,2221.4912109375,1224582
2024-05-27,2242.827579343395,2247.1940493978113,2191.669229242414,2232.45703125,809083
2024-05-28,2232.903649862655,2253.694415389821,2209.7309750709705,2234.541015625,678357
2024-05-29,2213.6512704594943,2247.8891282050836,2198.219375975021,2236.724609375,518041
2024-05-30,2227.892132564476,2242.083525233536,2205.8111948920423,2213.8994140625,741013
2024-05-31,2210.227101292456,2221.78872517179,2129.4457088889258,2162.691162109375,2814422
2024-06-03,2217.5712508985202,2237.8658170572917,2190.5283047722182,2232.90380859375,895334
2024-06-04,2233.896264878536,2235.881068312457,2053.2791523916885,2194.646728515625,1169349
2024-06-05,2206.2081358861974,2352.0911738641926,2185.1690277371204,2333.93017578125,1794260
2024-06-06,2342.0678452782427,2391.6382582074234,2317.7540053590405,2379.9775390625,1606531
2024-06-07,2381.7636938899386,2411.188302610658,2369.0112371980235,2389.35546875,747356
2024-06-10,2401.264482684226,2426.3722921248836,2393.672707206188,2418.333984375,1482253
2024-06-11,2421.460021840663,2433.368841620207,2399.627185578165,2423.891357421875,937870
2024-06-12,2429.4985363003734,2429.4985363003734,2397.2454832061167,2402.108154296875,630482
2024-06-13,2422.2041034804724,2442.300235036543,2392.680157120319,2423.09716796875,990069
2024-06-14,2427.8112829431648,2499.8597391517164,2423.097375138095,2484.824951171875,813619
2024-06-18,2490.927944847918,2491.4738141694347,2434.658824192326,2452.373046875,1090211
2024-06-19,2451.281671585908,2455.2512780685765,2411.684701549959,2419.22705078125,674896
2024-06-20,2413.1733023806732,2430.689336345163,2370.3512693915054,2409.50146484375,759638
2024-06-21,2421.4601642962016,2450.1901452474376,2406.57413869602,2416.89501953125,1274845
2024-06-24,2416.8947340831664,2444.2851148667805,2408.608326182411,2421.162109375,838611
2024-06-25,2422.154738673833,2464.679247694653,2388.562087083489,2396.352294921875,709617
2024-06-26,2401.5621290214935,2401.5621290214935,2335.120892418087,2358.6904296875,1328074
2024-06-27,2350.8506483357583,2384.9394982327362,2316.81122469079,2326.338134765625,2892926
2024-06-28,2345.045063576597,2357.946284831991,2309.4179417932314,2346.881103515625,531757
2024-07-01,2346.881101123693,2370.5000661848976,2322.567261090231,2336.708984375,531888
2024-07-02,2336.7088006756517,2351.396149876047,2297.161501754772,2320.582275390625,879900
2024-07-03,2332.143860695766,2355.1675303527572,2283.7146120676107,2297.012939453125,745901
2024-07-04,2302.371609084824,2375.759655667295,2300.1387055846335,2347.972412109375,1348615
2024-07-05,2351.048979960698,2420.4674210916855,2351.048979960698,2411.6845703125,1253460
2024-07-08,2427.364855721063,2427.364855721063,2363.3052784245615,2380.02734375,752377
2024-07-09,2384.840432456889,2428.9029675172405,2379.2828864647945,2419.673583984375,761404
2024-07-10,2433.368726628931,2457.6328973260133,2388.164785228124,2421.7080078125,1400944
2024-07-11,2425.6280204671307,2472.9655298562216,2425.6280204671307,2456.888671875,2112524
2024-07-12,2461.1559962998354,2472.0724140253587,2406.673244747579,2420.9140625,742628
2024-07-15,2426.421892834139,2436.8917780885486,2405.879228333511,2432.2275390625,320518
2024-07-16,2440.3154182854714,2454.0602767056857,2418.383247054824,2436.74267578125,424872
2024-07-18,2441.3078984701156,2446.22023785749,2364.8929764448317,2389.30615234375,894461
2024-07-19,2392.233951177756,2399.3295263734,2351.992014041576,2386.279541015625,858204
2024-07-22,2386.52732560848,2422.4025451733996,2352.9841043437727,2407.66552734375,510664
2024-07-23,2407.4670388654745,2471.0800808324525,2342.018199237887,2453.415283203125,836325
2024-07-24,2466.1180898875623,2466.1180898875623,2402.7531478870933,2430.9375,542901
2024-07-25,2426.967703104337,2439.819254952961,2402.60419615258,2430.689208984375,395417
2024-07-26,2430.8878623560854,2509.585362327726,2420.2195445278235,2488.943359375,1328315
2024-07-29,2509.783726946124,2520.6504763577595,2447.0143237316743,2465.72119140625,715525
2024-07-30,2465.6714214892645,2492.863128169694,2451.8274677512886,2477.72900390625,635216
2024-07-31,2473.164227746589,2537.6206659062113,2473.164227746589,2511.7685546875,1913288
2024-08-01,2512.760893058525,2582.377769544011,2500.8520736601436,2564.564208984375,2477455
2024-08-02,2555.2358232791375,2565.2589345979145,2505.814172528202,2549.876708984375,907741
2024-08-05,2496.2870480128768,2541.5406607928394,2442.7966952524694,2474.40478515625,1605272
2024-08-06,2495.7906395999635,2510.7263318538585,2408.558637528298,2459.965087890625,2149602
2024-08-07,2515.7380176887327,2598.752313350319,2515.7380176887327,2554.987548828125,2338106
2024-08-08,2559.4036621720516,2570.9650436077013,2485.1223073619153,2509.833251953125,608596
2024-08-09,2522.288144478639,2569.923423941612,2514.7954635226633,2561.835205078125,554497
2024-08-12,2558.808240686996,2563.472722130519,2515.738107283232,2558.411376953125,788200
2024-08-13,2569.2284358328843,2634.826279286014,2536.0823189135253,2615.772216796875,2005430
2024-08-14,2615.7722097917563,2632.990232338765,2574.7859748777378,2585.702392578125,1364898
2024-08-16,2605.0543728705475,2615.127152864755,2553.300722910411,2580.492431640625,1089926
2024-08-19,2602.6229771988737,2605.054312767011,2565.6063474593966,2587.78662109375,464963
2024-08-20,2604.06193774238,2627.284039510767,2592.2027864449105,2616.169189453125,546115
2024-08-21,2616.169122004722,2616.169122004722,2585.8017775740163,2611.5048828125,968366
2024-08-22,2626.8869741447747,2694.568713234578,2609.3711832261033,2685.686767578125,1415927
2024-08-23,2739.028530306966,2796.587825509069,2730.2953474053975,2745.975341796875,2526589
2024-08-26,2760.563647896411,2767.8082284681946,2719.8751798551075,2754.113037109375,694903
2024-08-27,2763.8385516300714,2765.674591567818,2701.4660119977343,2720.272216796875,917102
2024-08-28,2735.4558106957747,2741.2117887219397,2701.267622316011,2716.451416015625,615924
2024-08-29,2729.1045512432665,2744.486776895729,2704.8403792356885,2730.642822265625,545401
2024-08-30,2757.884159254351,2802.5422330817873,2736.8949614696785,2791.923583984375,1691050
2024-09-02,2837.772646390114,2838.268847237533,2759.2241491578907,2769.495361328125,1086763
2024-09-03,2784.678887618633,2784.678887618633,2756.246678713082,2761.456787109375,732254
2024-09-04,2735.753524342091,2762.449273554356,2725.184543899215,2753.815185546875,512770
2024-09-05,2749.944714970213,2781.205364021661,2731.3868543078897,2740.71533203125,472195
2024-09-06,2740.6657724478855,2761.903311987319,2712.0848002930775,2731.386962890625,638798
2024-09-09,2732.925325413628,2750.5404543443483,2695.412495346307,2744.08984375,420546
2024-09-10,2757.6856127719916,2767.9073977025582,2726.7721575804503,2734.06640625,361187
2024-09-11,2743.792166279463,2758.8766230997303,2705.6837970494817,2738.68115234375,451598
2024-09-12,2758.9262835387053,2806.5118946820185,2744.3380275927675,2801.401123046875,640298
2024-09-13,2813.3098221378714,2821.993336290545,2796.935195449972,2807.15673828125,372568
2024-09-16,2819.2144935063743,2828.2948711669947,2783.6864680242147,2820.1572265625,237258
2024-09-17,2828.3445814855877,2828.3445814855877,2761.9530108554613,2797.33203125,998069
2024-09-18,2798.522819596226,2813.4585120059587,2751.135643600358,2763.59033203125,537825
2024-09-19,2788.449944151452,2795.495849836942,2707.3707853773585,2749.5478515625,541355
2024-09-20,2763.838468674026,2803.435195781384,2745.925571254774,2794.2060546875,1029376
2024-09-23,2811.3744662442095,2857.1242780659827,2792.072303097158,2823.5810546875,1352527
2024-09-24,2810.977696327593,2863.9718479513713,2806.561557406538,2846.902587890625,716361
2024-09-25,2843.2307856269317,2876.873105338449,2824.474490971053,2849.681396484375,901475
2024-09-26,2848.1925538251903,2879.949404599548,2809.8857556644043,2869.13232421875,717570
2024-09-27,2865.5098674456863,2935.5238467299746,2847.3488702410605,2927.286865234375,1294096
2024-09-30,2925.0043247918557,2925.0043247918557,2785.0262755309086,2818.271728515625,1318103
2024-10-01,2835.2912317850264,2853.4025600944688,2789.64076042972,2817.08056640625,853088
2024-10-03,2740.020812235121,2778.7244745593403,2695.6108407220745,2704.889892578125,1164231
2024-10-04,2708.2640128088665,2730.394617325206,2637.8034980014536,2667.079345703125,1039593
2024-10-07,2667.5754836304495,2679.4843027538,2601.2333401832348,2617.806640625,658074
2024-10-08,2604.5580614688633,2726.4746978578223,2601.5311880593886,2719.726318359375,1114457
2024-10-09,2739.0285211661508,2783.2897311397974,2700.3248572801076,2761.4072265625,884279
2024-10-10,2758.876503909746,2806.511781675094,2741.0132747477405,2772.27392578125,498243
2024-10-11,2770.338658779905,2778.7244036122697,2743.6429111024486,2773.117431640625,272568
2024-10-14,2773.067759193586,2823.3824704023473,2767.8079824084875,2808.893310546875,446302
2024-10-15,2824.474111007785,2826.3595770136303,2779.3692673284922,2812.069091796875,671968
2024-10-16,2802.592034507704,2808.3974390092035,2733.570448673483,2753.071044921875,336618
2024-10-17,2723.15009593403,2728.955742433243,2574.88538806234,2658.89208984375,2812222
2024-10-18,2658.5942368101505,2732.8755940137576,2630.9559974245067,2695.263427734375,570397
2024-10-21,2694.7179177087414,2735.406385365793,2645.842136437771,2716.89794921875,685233
2024-10-22,2728.1122784624413,2728.1122784624413,2637.8533921337576,2642.26953125,453367
2024-10-23,2669.411748283941,2750.838112068324,2467.01123239409,2543.475830078125,2474437
2024-10-24,2605.0542767463967,2628.871915848078,2456.3427956910523,2463.48828125,2651875
2024-10-25,2483.088200266087,2483.088200266087,2356.9538569444394,2431.185546875,2013642
2024-10-28,2431.1357798489876,2462.8429619934404,2390.199214518333,2443.64013671875,887553
2024-10-29,2441.3080139520903,2455.598500534173,2391.8863642369247,2428.605224609375,817875
2024-10-30,2406.573748959208,2477.083927256954,2406.573748959208,2440.216064453125,844370
2024-10-31,2441.3577344225746,2481.6987646945854,2429.7466835419514,2474.751953125,1006395
2024-11-01,2505.813919158001,2505.813919158001,2482.740583070705,2490.630126953125,84638
2024-11-04,2504.6729908767334,2504.6729908767334,2386.428189398406,2393.821533203125,791508
2024-11-05,2393.821397188928,2449.3958862007125,2376.8018068432866,2439.719970703125,496975
2024-11-06,2459.1711107745778,2493.905166011507,2443.689549240473,2467.010986328125,606094
2024-11-07,2478.026804020982,2494.897631281037,2424.6355492938173,2460.610107421875,626252
2024-11-08,2467.110516101371,2471.377891678047,2426.422048217157,2449.14794921875,229547
2024-11-11,2436.345990279224,2474.6527899326625,2422.5020360624467,2441.80419921875,304447
2024-11-12,2441.3080766895478,2466.1181181193197,2411.5360269738217,2421.7578125,488274
2024-11-13,2403.398443570842,2407.516813639736,2339.041097534836,2367.622314453125,1158274
2024-11-14,2356.9536752786403,2396.64973717807,2342.067652066354,2377.94287109375,308515
2024-11-18,2390.6955225862416,2424.7349468942066,2376.8515683285004,2397.642333984375,369073
2024-11-19,2401.413357565822,2451.132530644927,2395.260516314493,2410.79150390625,349283
2024-11-21,2396.6498241711133,2410.791546736098,2363.454039659889,2370.301513671875,526062
2024-11-22,2360.675261443084,2406.8716035082534,2343.060133375563,2395.905517578125,483482
2024-11-25,2446.27002824994,2469.9389041393188,2427.464065739369,2439.670654296875,1152942
2024-11-26,2444.4838061411697,2449.9916840043493,2394.714958061851,2406.17724609375,522817
2024-11-27,2411.5359998527542,2427.4144261892334,2386.7259587020058,2422.10498046875,560953
2024-11-28,2422.9485461076524,2440.5140062584087,2391.687895195348,2397.096435546875,920475
2024-11-29,2383.7487633514174,2426.4220343023376,2378.6874180220843,2415.9521484375,598013
2024-12-02,2438.3804480589497,2477.5306434976874,2432.3763698028565,2474.4541015625,886621
2024-12-03,2481.1526987787006,2553.2508185143993,2481.0039354567893,2536.77685546875,1504046
2024-12-04,2550.2239158123393,2550.2239158123393,2484.4773122818137,2499.561767578125,565355
2024-12-05,2514.547300261805,2514.547300261805,2453.861795174687,2493.111328125,518320
2024-12-06,2500.7525288161983,2518.615756429654,2486.2139432561257,2502.39013671875,328425
2024-12-09,2508.2455234931776,2512.7609994967793,2462.198183449799,2469.93896484375,343525
2024-12-10,2478.8208375325685,2504.821711756928,2465.0759780558137,2501.050537109375,549109
2024-12-11,2501.050569419428,2524.1239075932353,2493.9549945941785,2512.215087890625,394565
2024-12-12,2510.775996200161,2518.318345118774,2477.6298803582176,2504.573486328125,282735
2024-12-13,2498.9169479620523,2510.776098865195,2446.2699935583814,2502.737548828125,286975
2024-12-16,2502.7374849625676,2527.746198979471,2492.7640427634606,2508.69189453125,311223
2024-12-17,2494.8977201035104,2508.6920059694944,2414.5628558945996,2434.410888671875,934501
2024-12-18,2419.524724390402,2473.0647412586973,2409.997572293166,2460.41162109375,671227
2024-12-19,2430.3917123899946,2447.5106413564004,2404.5892687304845,2440.960693359375,622765
2024-12-20,2451.2320606423023,2451.2320606423023,2363.652615560649,2373.477294921875,575609
2024-12-23,2377.2484066836478,2401.4631515270758,2361.9158501471557,2370.15283203125,624465
2024-12-24,2370.84749425797,2415.1581301267615,2354.5225359002866,2408.70751953125,377743
2024-12-26,2412.627895946317,2429.399387943956,2398.4365030253143,2420.021240234375,384423
2024-12-27,2420.9638941784597,2470.881747053354,2399.379157675741,2402.05859375,456684
2024-12-30,2400.421089984043,2410.444200987535,2315.7195146944614,2335.716552734375,2546678
2024-12-31,2341.9684232111745,2356.854447111289,2328.223806514729,2350.503173828125,649708
2025-01-01,2347.0297183831003,2401.85990525019,2329.1664900825103,2388.313720703125,330907
2025-01-02,2400.9171786293646,2488.9431498664985,2383.798251462221,2482.44287109375,1247379
2025-01-03,2494.8976141287017,2494.8976141287017,2448.750939881691,2464.08349609375,766578
2025-01-06,2469.095273552588,2476.042085013548,2383.50063233719,2395.5087890625,592677
2025-01-07,2401.661764565542,2432.227785153868,2348.7667058943503,2366.3818359375,529516
2025-01-08,2363.00764820696,2376.8019341254485,2325.1970487081107,2343.854248046875,678020
2025-01-09,2342.067827953816,2348.419101420487,2293.4401484751143,2308.772705078125,956229
2025-01-10,2314.7766561037242,2332.094014998818,2255.3813253769436,2265.90087890625,638304
2025-01-13,2259.797889037789,2260.9390540184945,2154.90084104068,2160.0615234375,896851
2025-01-14,2161.897457097494,2246.797471861018,2161.897457097494,2218.017822265625,707155
2025-01-15,2220.051905992454,2244.663512558175,2208.4902827193064,2233.399658203125,1051263
2025-01-16,2252.602833978076,2288.626817674772,2245.8047862085655,2260.740478515625,661212
2025-01-17,2270.614839082021,2289.6192326260284,2236.9725220780215,2283.76416015625,569486
2025-01-20,2296.417447204369,2297.2114169915435,2227.9417324865203,2275.52734375,684192
2025-01-21,2285.5008619861346,2308.82229935334,2264.8588604550737,2274.485107421875,687145
2025-01-22,2286.493401517651,2291.4554097674722,2227.0486395990156,2255.97705078125,600777
2025-01-23,2245.2589807758654,2288.9743202837003,2231.5143638077507,2282.623046875,336213
2025-01-24,2283.516106325196,2289.7682849300018,2240.842837063143,2253.4462890625,576285
2025-01-27,2247.591182893762,2257.465530316044,2201.2955030728276,2214.44482421875,663070
2025-01-28,2236.873256651703,2356.8545158728816,2200.204065165033,2318.0517578125,1446186
2025-01-29,2341.075497919097,2519.9062272173987,2338.892262741015,2446.02197265625,3167978
2025-01-30,2440.3651686247103,2486.0653101192593,2411.3870907692617,2436.593994140625,879247
2025-01-31,2438.8766817528913,2473.561070370789,2422.0058539910847,2439.223876953125,681021
2025-02-01,2447.262463153409,2667.575628936076,2417.043881438979,2535.685546875,2148989
2025-02-03,2530.5246923451596,2640.979036674486,2508.443757186518,2633.585693359375,3036331
2025-02-04,2639.68911068305,2699.3325480899994,2617.4097416016994,2624.306884765625,1473984
2025-02-05,2634.8263892030895,2639.788397469009,2577.6639570654766,2597.164794921875,594760
2025-02-06,2597.115162089923,2607.9819118845817,2566.0529414610814,2571.66015625,306299
2025-02-07,2590.7639004616176,2610.562265350391,2557.2206755087177,2585.851318359375,493929
2025-02-10,2596.1226352454564,2629.864290290696,2516.3336419938764,2538.960205078125,440811
2025-02-11,2526.406565860004,2538.960350143118,2451.9267716431764,2466.1181640625,366437
2025-02-12,2481.003940891619,2483.484944832511,2401.6118147830875,2474.503662109375,527642
2025-02-13,2471.079980566587,2505.0200667823196,2442.3003342065745,2456.5908203125,396181
2025-02-14,2457.1865832653357,2466.7137363990087,2350.503401641336,2383.1533203125,483107
2025-02-17,2383.153053121176,2384.74099256061,2338.1477869183755,2347.724365234375,459708
2025-02-18,2342.5641616920198,2353.927112451756,2319.342059333383,2335.76611328125,514133
2025-02-19,2324.9985124179993,2378.786630576342,2312.345392042593,2363.80126953125,631536
2025-02-20,2356.9539030610595,2406.573985230766,2327.1818537592358,2400.86767578125,645674
2025-02-21,2396.2528798884778,2398.9323156167557,2285.054237737895,2307.283935546875,1384743
2025-02-24,2292.0010776827803,2357.797349749536,2257.267022986888,2344.4990234375,505656
2025-02-25,2349.0147381040583,2377.794386352904,2329.7125742011694,2342.712890625,455790
2025-02-27,2342.712801199301,2366.133576484089,2286.5926830847106,2321.177734375,558324
2025-02-28,2300.3869951977085,2300.3869951977085,2176.0886901293247,2208.58984375,1399849
2025-03-03,2251.7096320436826,2317.2578082237833,2231.018203410105,2306.192626953125,1316845
2025-03-04,2272.5500327758728,2317.2577740470383,2235.186208836615,2276.469970703125,1208564
2025-03-05,2291.0583055837983,2329.5632917330113,2263.17172523217,2312.990234375,695924
2025-03-06,2340.082949500835,2340.082949500835,2275.1303138846492,2301.87548828125,651917
2025-03-07,2314.280519463123,2341.174699600948,2290.165112248315,2315.173583984375,683846
2025-03-10,2315.17372100062,2323.609135057063,2227.941712554685,2240.0986328125,480419
2025-03-11,2229.926392274027,2281.6800387319004,2201.940715647858,2271.45849609375,574902
2025-03-12,2273.5920561460753,2282.474001972034,2225.162809810342,2241.835205078125,519721
2025-03-13,2237.915487399395,2270.565406201537,2228.9838721578344,2233.796875,413139
2025-03-17,2241.3888580324915,2295.8716132338654,2238.907853837792,2249.576171875,582066
2025-03-18,2249.576171875,2249.576171875,2249.576171875,2249.576171875,0
2025-03-19,2306.341241816198,2324.700670806559,2286.195441548045,2302.12353515625,610676
2025-03-20,2330.3078585870176,2335.1707720872882,2290.959229723236,2328.96826171875,597377
2025-03-21,2337.9494941002613,2431.384011335949,2332.193516146926,2395.5087890625,1871573
2025-03-24,2415.505618370257,2439.075157579909,2376.851622523539,2426.124267578125,703461
2025-03-25,2445.2776558951064,2445.2776558951064,2391.6879670077947,2403.1005859375,767700
2025-03-26,2406.5882784155947,2441.466369407125,2398.616143331816,2420.73876953125,512282
2025-03-27,2403.5489388987435,2452.378268026745,2361.745102721701,2447.0966796875,636174
2025-03-28,2454.4209913005893,2459.4035755297828,2393.1352052815128,2411.42138671875,582409
2025-04-01,2416.5534983869325,2450.6343279329353,2384.5652083705313,2432.348388671875,463333
2025-04-02,2441.4664780782055,2509.6780132668678,2435.038992538869,2487.406005859375,832671
2025-04-03,2461.396805194608,2492.288829875188,2432.7469435956828,2467.42578125,529522
2025-04-04,2464.4361419325587,2542.064710298947,2441.8648884140093,2456.3642578125,567198
2025-04-07,2237.4295391663168,2386.558193898423,2213.3637536761094,2359.9013671875,1050483
2025-04-08,2386.7077082430865,2440.4697431468057,2352.278002735008,2429.1591796875,692612
2025-04-09,2441.466366639102,2480.0315214051057,2408.6810584603363,2466.62841796875,898839
2025-04-11,2502.901499627581,2521.1876815111636,2487.3559824271965,2504.5458984375,912929
2025-04-15,2576.992708345919,2591.442203423651,2536.932777547085,2577.490966796875,1045478
2025-04-16,2579.982304707342,2615.657659085179,2558.4574419290198,2605.094482421875,591510
2025-04-17,2590.943934768994,2680.6304555879206,2590.943934768994,2669.9677734375,891895
2025-04-21,2685.6130931695066,2735.538688061787,2658.906391117412,2726.07177734375,454985
2025-04-22,2745.403953999395,2761.8464822175406,2713.8144181413722,2728.96142578125,1128946
2025-04-23,2728.961426789604,2806.291232602645,2711.0241232722724,2796.923828125,465708
2025-04-24,2788.2541908945814,2810.1775619452183,2740.9196397625255,2764.238037109375,605270
2025-04-25,2781.278670139333,2799.913487526285,2685.613047662308,2728.363525390625,711996
2025-04-28,2735.4387796273218,2838.9767840246204,2700.5606895409987,2783.371337890625,859499
2025-04-29,2764.3377288761817,2788.054878452491,2670.7648944181365,2693.1865234375,2948364
2025-04-30,2693.485389647593,2699.4644909542567,2645.752328198827,2662.693115234375,1551074
2025-05-02,2691.0937999949733,2742.414418658088,2690.595541561351,2710.52587890625,1412488
2025-05-05,2722.284852979689,2786.460442536094,2717.8005270336284,2772.907958984375,833618
2025-05-06,2784.2681958927687,2820.0430549949015,2748.3935877853455,2763.839599609375,961359
2025-05-07,2745.4040893182378,2801.2090363243437,2745.4040893182378,2782.57421875,779782
2025-05-08,2790.247200072311,2798.4185896430445,2670.864431925453,2686.2109375,888115
2025-05-09,2635.7870586310546,2676.7439983326867,2630.8044743992377,2654.421875,964332
2025-05-12,2715.508622921097,2764.3379522873847,2710.2270345560783,2751.084228515625,701314
2025-05-13,2754.372762891776,2771.1142957815878,2690.5956801041225,2702.952392578125,657860
2025-05-14,2710.924424659105,2728.4632190737084,2679.6338919244713,2717.800537109375,609489
2025-05-15,2717.8004603926565,2785.0653479342127,2699.564153334452,2780.082763671875,1126642
2025-05-16,2790.1475826734895,2843.959495498747,2767.3274428840678,2831.602783203125,823478
2025-05-19,2844.5575094995424,2868.8724247011432,2805.3943464174818,2815.260009765625,841294
2025-05-20,2830.1079349697816,2830.1079349697816,2734.741318354379,2741.6171875,680986
2025-05-21,2751.4827769890126,2798.2193200251863,2731.5524399517963,2757.6611328125,486324
2025-05-22,2757.461993217671,2800.2124706311324,2707.53639953907,2793.03759765625,785085
2025-05-23,2812.1707421449782,2814.363030706174,2767.8257393010904,2770.9150390625,537902
2025-05-26,2784.26821583304,2805.195070712243,2760.0528065290528,2767.128173828125,656043
2025-05-27,2780.2820771722277,2795.7280887120733,2736.2360800198794,2789.9482421875,457064
2025-05-28,2789.948164378982,2803.102138084789,2769.4200633307473,2791.741943359375,479024
2025-05-29,2807.9852893729094,2823.032548159492,2781.0793338404724,2798.8173828125,601733
2025-05-30,2785.3644982106657,2799.2159858727146,2723.580450106676,2771.1142578125,1690693
2025-06-02,2775.299520200133,2787.1579737961965,2712.61870555193,2753.774658203125,673513
2025-06-03,2754.4723258401873,2768.822071182005,2725.9718465785045,2735.239501953125,453177
2025-06-04,2740.4214777955312,2770.715494270331,2736.1364064631084,2750.78515625,440642
2025-06-05,2760.052659033512,2760.052659033512,2694.7808056364665,2708.13427734375,969443
2025-06-06,2729.459850471644,2749.390188919776,2698.56782587704,2738.229248046875,825448
2025-06-09,2755.369135879052,2759.3552033450615,2708.5328431534404,2733.64501953125,645071
2025-06-10,2735.43896484375,2754.3727864583334,2722.583993800481,2735.43896484375,570176
2025-06-11,2740.421533326473,2799.216031677841,2735.438948720425,2761.348388671875,1303148
2025-06-12,2772.3098693098095,2780.282004088558,2717.501442705913,2729.858154296875,418847
2025-06-13,2695.5781685595603,2738.2291398107163,2645.8520734131403,2731.35302734375,554368
2025-06-16,2731.3530843168387,2789.8488212022676,2710.0277198915637,2786.759521484375,568490
2025-06-17,2797.2228628046932,2798.219379677798,2759.4549706301286,2767.526611328125,480492
2025-06-18,2767.5267218166828,2815.160278910819,2750.8849380294923,2766.231201171875,792908
2025-06-19,2752.578984352178,2807.188160158504,2752.578984352178,2770.21728515625,597873
2025-06-20,2781.876580031264,2823.829794109524,2746.5002312934835,2802.30517578125,1007979
2025-06-23,2790.2472387227085,2800.1126584292347,2757.4619309838176,2768.921875,414211
2025-06-24,2791.1441544463864,2863.690635154248,2791.1441544463864,2827.21826171875,1407004
2025-06-25,2840.0730069849765,2914.811770326686,2839.0764901404204,2906.640380859375,1137136
2025-06-26,2918.797991193299,2926.670377363173,2886.5109410479263,2918.6982421875,949146
2025-06-27,2916.80480586489,2949.988865467695,2901.4585437650953,2929.06201171875,2231250
2025-06-30,2937.73168727778,2940.8209868430517,2871.961574876039,2907.836181640625,1372365
2025-07-01,2924.776940304514,2925.7734571495926,2874.851349049998,2883.521240234375,840834
2025-07-02,2894.482938795188,2905.7433845639807,2869.968526977821,2888.204833984375,606782
2025-07-03,2907.83637340009,2936.3368546364295,2883.1227051188976,2889.101806640625,787076
2025-07-04,2889.8989479430593,2902.3554089255726,2839.3755908560365,2870.068359375,494247
2025-07-07,2866.0823756372747,2882.425155607936,2852.13113892906,2866.87939453125,256130
2025-07-08,2878.937315791639,2878.937315791639,2790.247311947591,2820.84033203125,495704
2025-07-09,2800.212507467947,2834.0940822914026,2800.212507467947,2830.207763671875,316919
2025-07-10,2830.1078511295204,2834.0939185254774,2812.1705478477134,2820.242431640625,307147
2025-07-11,2800.2124488762706,2818.9470149858785,2736.4353681901207,2744.90576171875,553847
2025-07-14,2744.9056482982687,2797.920295769996,2740.91958092009,2792.439453125,1072824
2025-07-15,2790.247237868284,2891.592954957093,2789.250720997617,2874.951171875,916986
2025-07-16,2873.9547725139105,2891.892076919337,2855.020951197071,2887.20849609375,451252
2025-07-17,2887.2085121826144,2899.664973644685,2861.996585525331,2868.77294921875,586027
2025-07-18,2880.1329298275355,2888.105064568344,2835.0904172000164,2839.37548828125,410749
2025-07-21,2840.471538941836,2875.2501230669113,2821.2389583215154,2825.62353515625,485377
2025-07-22,2825.6235086626516,2833.8946471185845,2777.790700192961,2785.6630859375,355925
2025-07-23,2799.6144992368663,2825.7234368140766,2783.371468296421,2792.83837890625,545414
2025-07-24,2808.9819264718503,2818.149833424656,2772.3100553703653,2787.955322265625,395856
2025-07-25,2787.9552200330427,2790.1475085058923,2719.1955554729807,2764.736328125,909208
2025-07-28,2764.7364583932995,2822.9331927661856,2740.421542748293,2789.151123046875,601547
2025-07-29,2780.2820678984185,2815.160158355926,2775.199734544224,2792.041015625,820647
2025-07-30,2805.0952436321777,2815.1601613481425,2744.905721923348,2783.86962890625,624411
2025-07-31,2750.386561791984,2836.08701263043,2745.4039774409116,2792.041015625,1287444
2025-08-01,2815.1603156249234,2874.0545632608287,2789.35062456061,2848.24462890625,2512045
2025-08-04,2879.9338393426083,2957.6621574978763,2872.5597116029558,2932.2509765625,1942925
2025-08-05,2940.721287430989,2978.4891795400436,2902.8536463186956,2972.80908203125,1159503
2025-08-06,2969.620242133065,2991.344358334236,2929.65981873994,2942.415283203125,700188
2025-08-07,2941.717770706138,3009.580666187918,2921.089920362285,3002.90380859375,830216
2025-08-08,3004.3986139085137,3013.666269457137,2949.6899350641343,2958.558837890625,387198
2025-08-11,2974.602975023739,2988.5542117575183,2946.999505287098,2970.816162109375,569270
2025-08-12,2983.9700774942826,2989.5506693932525,2945.2056677972523,2953.476806640625,612973
2025-08-13,2967.42813469563,3034.194768373015,2953.4768978078177,3008.683837890625,1546062
2025-08-14,3023.432262112436,3029.311614482049,2975.2009416677474,3009.780029296875,1075908
2025-08-18,3144.907525927069,3244.459708265489,3121.489379234774,3208.4853515625,3748828
2025-08-19,3208.7844500758342,3246.4528379304293,3198.62002625228,3240.5732421875,1233895
2025-08-20,3240.772668225392,3261.0017664161196,3209.980150417317,3218.55029296875,886979
2025-08-21,3236.4876048749866,3296.477873011153,3216.7565217896013,3269.47216796875,1427568
2025-08-22,3269.5717852410303,3293.4881896438906,3262.0979088651366,3283.12451171875,1323997
2025-08-25,3298.4709595885456,3306.4430948383065,3248.4458595543488,3273.259033203125,733843
2025-08-26,3262.6961228518276,3285.815266580211,3241.868773391614,3260.90234375,1060760
2025-08-28,3337.3350046518685,3337.3350046518685,3234.693766825908,3244.658935546875,856511
2025-08-29,3227.817873436933,3302.357140276697,3226.7216075697747,3265.187255859375,1023381
2025-09-01,3283.6229724462696,3361.949055717122,3269.173477229315,3344.510009765625,803428
2025-09-02,3349.293139008144,3382.1781951186076,3321.4904161581235,3357.86328125,641932
2025-09-03,3355.3719880162316,3401.7100216111817,3339.527224103165,3388.456298828125,752456
2025-09-04,3487.8090753724814,3487.8090753724814,3410.4792682709785,3421.24169921875,1331870
2025-09-05,3438.2822797490917,3469.1743033887237,3434.0969574624187,3464.49072265625,786141
2025-09-08,3476.2492856837926,3590.151210410208,3476.2492856837926,3578.791015625,1406946
2025-09-09,3578.7910956600663,3584.770196899732,3532.054308329193,3553.878173828125,675896
2025-09-10,3570.8189734432794,3579.887131048383,3467.380472969108,3483.12548828125,916961
2025-09-11,3483.1254115392494,3512.721913471298,3443.463992056758,3499.866943359375,545731
2025-09-12,3507.739313953919,3544.4111827123957,3467.7788909305614,3480.2353515625,437676
2025-09-15,3496.08011430235,3516.7079644439577,3457.614466567567,3465.28759765625,561079
2025-09-16,3477.245801583075,3509.832097233786,3469.8716742038523,3487.709228515625,771880
2025-09-17,3492.6920220847774,3512.323599852653,3478.9402833529157,3487.908935546875,335818
2025-09-18,3506.5436085457454,3540.1261783849714,3478.9401399226517,3534.246826171875,637171
2025-09-19,3531.7556826815567,3533.6489674969366,3503.4544564262624,3517.106689453125,469027
2025-09-22,3524.6802636657735,3557.067062808872,3508.636244312628,3513.320068359375,364825
2025-09-23,3526.4740319909897,3587.361068220306,3484.221569725065,3500.46484375,491046
2025-09-24,3487.809195298925,3503.1554584421356,3431.306734993135,3440.972900390625,693587
2025-09-25,3440.972826855412,3450.240482605776,3387.459918432046,3396.528076171875,786698
2025-09-26,3392.1434020179067,3441.76999045871,3380.3844543751884,3402.507080078125,610742
2025-09-29,3404.0019837278496,3438.979824257936,3376.0000047928056,3427.61962890625,743356
2025-09-30,3441.3714061966957,3447.5500056826086,3391.4460548852817,3426.72265625,499575
2025-10-01,3436.2891931908093,3468.6759916704414,3418.052885696535,3445.756103515625,287239
2025-10-03,3447.9483301505084,3452.9309144426334,3355.471517030618,3444.06201171875,515537
2025-10-06,3447.9485288769365,3508.8358097521113,3415.661478119165,3498.671142578125,806627
2025-10-07,3496.7776370522847,3529.5629441987167,3482.3281426843,3501.261962890625,403033
2025-10-08,3510.5298300011386,3522.6872876824714,3462.0990107101065,3470.868408203125,281210
2025-10-09,3474.954068981056,3482.427945493771,3435.1928999592637,3474.455810546875,454868
2025-10-10,3472.562230570188,3510.728874715494,3453.927414068664,3478.142822265625,315926
2025-10-13,3462.9958250432674,3522.6870874264164,3426.7224654956185,3490.997802734375,610644
2025-10-14,3491.79523114301,3505.74646779712,3462.0989787497806,3492.791748046875,509821
2025-10-15,3510.6291217261737,3566.2348107437447,3492.8913163870548,3562.447998046875,1116729
2025-10-16,3572.5131183348553,3617.05737550374,3544.0126374247825,3564.042724609375,757797
2025-10-17,3564.0426463360463,3645.258772626103,3563.046129449052,3641.272705078125,1173044
2025-10-20,3686.1158330276003,3687.112349878919,3626.1255672362686,3639.279541015625,607833
2025-10-21,3655.2240266992394,3668.1787465321427,3627.3215532129852,3645.557861328125,60230
2025-10-23,3707.0427295644376,3707.0427295644376,3571.71569094003,3584.67041015625,870969
2025-10-24,3583.474661848148,3626.524141942,3571.6162084200905,3587.261474609375,450646
2025-10-27,3607.191836453769,3632.304013071273,3590.749307999537,3627.2216796875,363802
2025-10-28,3637.286500325704,3667.182005807833,3511.5261225889303,3549.593017578125,1390930
2025-10-29,3587.4608467198186,3601.21282862363,3477.8439875144904,3486.712890625,2288619
2025-10-30,3493.68833243042,3522.6870701257717,3468.3769017178925,3479.537841796875,1453161
2025-10-31,3484.8195608224114,3534.64540527226,3481.53100643067,3496.478759765625,838519
2025-11-03,3499.667487234934,3522.687124174352,3474.3560561340532,3498.2724609375,932956
2025-11-04,3497.874054848809,3519.000164391291,3443.0656255549716,3461.0029296875,3540359
2025-11-06,3462.8961609758485,3504.949124689936,3400.215346486085,3434.79443359375,972150
2025-11-07,3418.0528210467182,3456.9169784871915,3329.3628207338443,3444.759521484375,1074925
2025-11-10,3439.079442486584,3491.6953382096335,3439.079442486584,3478.64111328125,782233
2025-11-11,3489.1045815699176,3492.791645347755,3434.0968987520205,3462.098876953125,633478
2025-11-12,3469.5727395176423,3479.737162939148,3432.3031058753686,3442.467529296875,641642
2025-11-13,3442.9658758546443,3462.8962137756553,3430.210410927146,3438.581298828125,415874
2025-11-14,3433.0005820012598,3458.611016639997,3357.2653006566748,3374.704345703125,1156532
2025-11-17,3395.631278697272,3468.875269595071,3373.2096488305992,3463.294677734375,1333551
2025-11-18,3472.8613862254424,3485.517102159948,3448.9449806961998,3467.779052734375,727156
2025-11-19,3462.896123031095,3492.6918801261113,3429.213804169174,3465.586669921875,652297
2025-11-20,3485.8160407621863,3489.303849836705,3451.9344668954295,3474.25634765625,517982
2025-11-21,3467.978516678762,3472.8613521102466,3417.156155428368,3429.911376953125,535665
2025-11-24,3439.7771122652866,3456.9171544276887,3411.87463883664,3429.512939453125,1480534
2025-11-25,3429.2139067705293,3462.69697191832,3425.327588177598,3435.791015625,361442
2025-11-26,3445.7560472549967,3531.0577444990495,3422.3379010443923,3526.274658203125,689565
2025-11-27,3529.662742697156,3562.3485445907977,3490.8983338893377,3505.746337890625,565331
2025-11-28,3507.639769434203,3557.5653638735753,3494.1867911674544,3519.199462890625,542882
2025-12-01,3537.635015570982,3653.131227636477,3536.738247671871,3649.045654296875,1616247
2025-12-02,3647.052613843972,3671.0685252557337,3633.3006319109963,3657.91455078125,939558
2025-12-03,3657.217043620961,3662.1996281490547,3594.934737019786,3619.150146484375,506439
2025-12-04,3627.32136403267,3662.1994540714454,3610.878835871533,3633.698974609375,602960
2025-12-05,3633.4997373875285,3674.356928772496,3614.0676585580927,3652.6328125,331003
2025-12-08,3657.3166695092355,3661.003733277853,3577.6948254564945,3600.116455078125,472896
2025-12-09,3575.502459710887,3609.7825420531085,3530.6592014369207,3601.91015625,606495
2025-12-10,3619.3492729867944,3640.9736404145956,3581.9798903499536,3594.037841796875,400339
2025-12-11,3582.577998581911,3629.8128022476994,3576.499148185859,3624.73046875,446958
2025-12-12,3618.3528456589997,3647.251835613313,3610.3807104991893,3642.468505859375,290853
2025-12-15,3639.179990474698,3641.173024286024,3578.9904666887555,3626.6240234375,327503
2025-12-16,3626.3250063638707,3638.681718632519,3585.3680643757266,3606.99267578125,266040
2025-12-17,3605.198737924302,3646.4544385339095,3598.4223746311122,3626.22509765625,423064
2025-12-18,3626.2252792270797,3639.578751768517,3548.9952188566117,3579.68798828125,835779
2025-12-19,3579.7877101265076,3661.900605407069,3579.7877101265076,3653.23095703125,602861
2025-12-22,3664.7906583353974,3721.890882222443,3657.2170325594975,3696.67919921875,592689
2025-12-23,3701.0636376231264,3701.0636376231264,3662.6977383101244,3673.659423828125,261018
2025-12-24,3673.659451799978,3703.1564485527474,3638.3828518168193,3652.43359375,644417
2025-12-26,3652.134664348345,3662.2993312905664,3613.7687639625005,3621.442138671875,223878
2025-12-29,3621.441993765964,3651.138001361059,3556.4689003008966,3561.75048828125,462957
2025-12-30,3562.5479250062567,3641.2727602721293,3536.7382345579795,3621.9404296875,1497535
2025-12-31,3636.2900627258546,3712.0253449311613,3628.3179277568747,3706.843505859375,602873
2026-01-01,3723.983621524885,3786.6644366502906,3709.434377600738,3781.18359375,611579
2026-01-02,3829.614375389143,3883.924545427839,3812.3745846821116,3834.397705078125,1002294
2026-01-05,3849.544706917838,3895.3844833916205,3829.116110880609,3850.740478515625,528557
2026-01-06,3855.523834858615,3868.478554386442,3821.742009713692,3852.634033203125,382299
2026-01-07,3837.3871505793554,3868.8769371960225,3807.2923902423845,3826.823974609375,341204
2026-01-08,3826.8241526221755,3840.576134507056,3778.692337670224,3788.458251953125,367668
2026-01-09,3786.7641384746007,3835.2944618017373,3738.2338151474637,3746.106201171875,567897
2026-01-12,3732.952282368253,3758.0644594218084,3641.5717319090672,3741.7216796875,588225
2026-01-13,3745.2093808189397,3757.865096341089,3686.614140523431,3742.3193359375,1075385
2026-01-14,3756.868741597412,3756.9684906042744,3669.1752537298858,3677.5458984375,601520
2026-01-15,3677.5458984375,3677.5458984375,3677.5458984375,3677.5458984375,0
2026-01-16,3696.4796144038664,3707.4413000751124,3628.1187024646124,3655.024658203125,1324087
2026-01-19,3647.2518980765126,3697.974511583385,3618.3529076272725,3689.005859375,589483
2026-01-20,3688.1088937290424,3706.4447066114335,3584.670395146898,3603.10595703125,533454
2026-01-21,3587.3610746253203,3597.326243579851,3512.9213111930294,3589.453857421875,965963
2026-01-22,3614.9647601208508,3652.134645409976,3534.74515063916,3557.6650390625,436109
2026-01-23,3557.665133033827,3600.4156113408953,3523.883063665134,3537.435791015625,618661
2026-01-27,3587.460806123879,3587.460806123879,3495.282993744307,3555.572265625,963692
2026-01-28,3565.6370419999503,3735.941674525519,3483.822911213981,3715.413330078125,2151909
2026-01-29,3703.953586201498,3744.3125208466226,3589.85240059985,3642.269287109375,950498
2026-01-30,3652.2343525001943,3696.9778629405073,3614.466460195625,3664.591064453125,994421
2026-02-02,3597.425965116512,3642.2692250694877,3546.404349116955,3633.101318359375,594725
2026-02-03,3803.4058270440196,3806.694381319439,3683.2260404560934,3713.32080078125,895529
2026-02-04,3705.8470928298607,3761.851293898187,3692.9918788580135,3714.4169921875,889710
2026-02-05,3714.416815467231,3725.976508262293,3678.9409615231825,3699.76806640625,593814
2026-02-06,3687.112453958527,3759.8581861582497,3654.3271459407815,3745.40869140625,735378
2026-02-09,3766.8339155670437,3771.8165001114444,3702.857578674989,3751.587158203125,545338
2026-02-10,3738.9312438882107,3765.837199001479,3731.955625895882,3749.294921875,816771
2026-02-11,3766.833768227168,3875.454107046417,3746.5049213972807,3851.637451171875,1125178
2026-02-12,3861.5030402779826,3890.302281765499,3840.0779266351497,3867.681396484375,445270
2026-02-13,3848.1496095718376,3880.4366585673924,3818.8518678704454,3851.13916015625,260604
2026-02-16,3846.555067582082,3876.2513185753505,3780.386445600914,3794.13818359375,333076
2026-02-17,3794.1382784379607,3870.0730594630986,3773.809431365403,3864.293212890625,377690
2026-02-18,3871.467981615178,3884.7217044445224,3840.675708112253,3871.667236328125,245619
2026-02-19,3874.45775336577,3883.326656565343,3806.694603358344,3816.759521484375,309698
2026-02-20,3816.75944561762,3854.427589505505,3778.493050988136,3802.90771484375,386586
2026-02-23,3821.64229181674,3881.234050787866,3800.9146917454455,3815.762939453125,605954
2026-02-24,3816.6596966123107,3821.64228107264,3730.361236443303,3802.90771484375,896496
2026-02-25,3798.822164592368,3931.2591630347747,3786.9634675307316,3918.304443359375,647290
2026-02-26,3937.1384475879736,3956.172017330021,3904.4528885253594,3940.427001953125,642743
2026-02-27,3940.427114388986,3954.378351120223,3842.5692025465023,3856.221435546875,1408870
2026-03-02,3766.833797549028,3893.5906957291354,3732.9522237086403,3799.818603515625,1002069
2026-03-04,3712.0252910715762,3752.6832274814974,3632.6029462535444,3733.649658203125,1217791
2026-03-05,3761.851119419065,3820.3466100219157,3722.9869621588414,3805.099853515625,711113
2026-03-06,3793.639963153868,3811.6770157602323,3754.7758053461166,3770.81982421875,571666
2026-03-09,3686.116017200884,3693.2908902308145,3570.021798221727,3615.1640625,1049321
2026-03-10,3695.084708557983,3779.88839505917,3648.746672164254,3771.916259765625,957425
2026-03-11,3766.8338341963254,3784.2728797250124,3577.9938840428326,3588.258056640625,1248097
2026-03-12,3541.7206783573606,3552.383360128151,3390.947628401783,3410.6787109375,2588732
2026-03-13,3387.758926122596,3394.1365369204955,3270.8674459375998,3312.92041015625,1447445
2026-03-16,3318.3014127849397,3377.89316999401,3275.8499402929783,3363.045166015625,985489
2026-03-17,3378.1921932050045,3492.791633387475,3340.5238068174112,3479.8369140625,1460188
2026-03-18,3497.7741615883187,3566.4340755922867,3487.808993036785,3560.35546875,1218633
2026-03-19,3487.7092284502087,3495.681363255812,3408.3866331086056,3442.16845703125,1045013
2026-03-20,3457.016737310075,3519.697550505526,3438.082916964773,3450.140625,744363
2026-03-23,3428.017983058608,3428.017983058608,3370.220005437271,3400.61376953125,748254
2026-03-24,3446.4537242057745,3488.5066890395497,3398.720661657933,3467.579833984375,1302031
2026-03-25,3507.739499083129,3577.4956823035322,3490.7987117296025,3530.858642578125,1068845
2026-03-27,3508.7359803207855,3508.7359803207855,3425.0285613071687,3433.199951171875,950570
2026-03-30,3395.10009765625,3415.10009765625,3350.0,3363.800048828125,1324384
2026-04-01,3434.699951171875,3502.0,3394.300048828125,3425.800048828125,1234217
2026-04-02,3400.0,3405.89990234375,3293.800048828125,3391.39990234375,920766
2026-04-06,3467.89990234375,3504.10009765625,3410.39990234375,3487.800048828125,959786
2026-04-07,3465.0,3478.89990234375,3410.10009765625,3470.60009765625,617694
2026-04-08,3640.0,3736.0,3573.89990234375,3701.39990234375,1532962
2026-04-09,3705.300048828125,3768.5,3663.699951171875,3727.10009765625,796908
2026-04-10,3761.0,3850.5,3755.0,3839.89990234375,1331891
2026-04-13,3769.800048828125,3779.39990234375,3711.0,3738.10009765625,625221
2026-04-15,3790.5,3824.0,3747.0,3783.300048828125,567723
2026-04-16,3828.0,3828.0,3739.89990234375,3757.199951171875,784975
2026-04-17,3760.10009765625,3787.0,3722.0,3735.800048828125,574208
2026-04-20,3735.800048828125,3782.0,3701.10009765625,3761.89990234375,724613
2026-04-21,3781.0,3807.89990234375,3748.10009765625,3752.699951171875,439113
2026-04-22,3724.10009765625,3770.5,3648.39990234375,3660.699951171875,571597
2026-04-23,3636.0,3636.0,3482.199951171875,3513.0,2250372
2026-04-24,3513.0,3543.300048828125,3462.699951171875,3488.199951171875,734340
2026-04-27,3500.5,3564.10009765625,3483.60009765625,3552.60009765625,1025395
2026-04-28,3557.89990234375,3565.0,3482.800048828125,3495.89990234375,446619
2026-04-29,3513.0,3602.0,3501.0,3553.89990234375,753712
2026-04-30,3462.0,3519.0,3415.10009765625,3492.89990234375,947815
2026-05-01,3492.89990234375,3492.89990234375,3492.89990234375,3492.89990234375,0
2026-05-04,3400.0,3536.800048828125,3367.800048828125,3495.5,1154996
2026-05-05,3499.89990234375,3544.0,3462.800048828125,3534.39990234375,391351
2026-05-06,3575.0,3625.0,3514.60009765625,3617.89990234375,899005
2026-05-07,3600.0,3730.0,3592.60009765625,3706.699951171875,1058111
2026-05-08,3654.5,3718.699951171875,3633.10009765625,3695.199951171875,365671
2026-05-11,3651.0,3684.89990234375,3601.0,3613.699951171875,518265
2026-05-12,3596.199951171875,3613.0,3535.0,3561.0,891189
2026-05-13,3565.0,3647.5,3483.0,3527.199951171875,1518811
2026-05-14,3543.800048828125,3543.800048828125,3382.800048828125,3460.800048828125,1847461
2026-05-15,3455.60009765625,3498.89990234375,3418.699951171875,3466.800048828125,1007746
2026-05-18,3430.0,3435.89990234375,3275.0,3291.0,2579482
2026-05-19,3285.0,3316.0,3228.0,3283.39990234375,2484911
2026-05-20,3285.39990234375,3380.89990234375,3232.199951171875,3361.89990234375,1265474
2026-05-21,3378.5,3400.89990234375,3342.0,3380.699951171875,823043
2026-05-22,3380.0,3443.39990234375,3380.0,3417.5,924915
2026-05-25,3458.0,3501.699951171875,3420.0,3469.5,918345
2026-05-26,3469.5,3484.5,3419.699951171875,3454.89990234375,651538
2026-05-27,3441.0,3475.39990234375,3361.10009765625,3384.60009765625,2535619
2026-05-28,3384.60009765625,3384.60009765625,3384.60009765625,3384.60009765625,0
2026-05-29,3417.89990234375,3465.0,3315.199951171875,3355.699951171875,2519839
2026-06-01,3382.0,3420.0,3335.10009765625,3344.39990234375,1210591
2026-06-02,3328.0,3383.0,3291.60009765625,3366.89990234375,516666
2026-06-03,3360.0,3366.800048828125,3301.39990234375,3316.89990234375,846948
2026-06-04,3310.0,3400.699951171875,3292.199951171875,3362.5,1089659
2026-06-05,3380.0,3397.0,3345.0,3383.89990234375,813580
2026-06-08,3325.0,3378.89990234375,3301.0,3317.60009765625,949326
2026-06-09,3357.0,3372.699951171875,3325.0,3358.0,797346
2026-06-10,3350.0,3381.199951171875,3323.0,3334.89990234375,843833
2026-06-11,3300.0,3333.89990234375,3278.699951171875,3287.39990234375,913252
2026-06-12,3320.0,3366.800048828125,3265.60009765625,3312.800048828125,2401100
2026-06-15,3362.10009765625,3481.699951171875,3333.0,3459.5,1924317
2026-06-16,3464.89990234375,3475.0,3411.0,3435.5,886854
2026-06-17,3454.89990234375,3480.0,3415.5,3448.699951171875,492280
2026-06-18,3459.89990234375,3475.0,3447.0,3457.60009765625,349614
2026-06-19,3437.60009765625,3460.800048828125,3414.300048828125,3442.89990234375,926221
2026-06-22,3470.0,3496.60009765625,3443.10009765625,3488.699951171875,990508
2026-06-23,3495.0,3520.0,3443.0,3456.199951171875,820710
2026-06-24,3450.10009765625,3470.0,3375.699951171875,3440.60009765625,920550
2026-06-25,3452.0,3602.300048828125,3452.0,3569.699951171875,2126765
2026-06-26,3569.699951171875,3569.699951171875,3569.699951171875,3569.699951171875,0
2026-06-29,3542.39990234375,3578.0,3436.60009765625,3456.800048828125,4095846
2026-06-30,3490.10009765625,3509.800048828125,3429.0,3460.60009765625,1071980
2026-07-01,3484.0,3509.0,3463.39990234375,3494.0,768295
2026-07-02,3586.0,3634.39990234375,3527.0,3626.800048828125,1765454
2026-07-03,3674.89990234375,3674.89990234375,3603.0,3627.39990234375,731645
2026-07-06,3627.39990234375,3737.0,3619.0,3705.0,701935
2026-07-07,3727.0,3775.0,3702.60009765625,3712.699951171875,836397
2026-07-08,3666.0,3767.699951171875,3624.699951171875,3639.699951171875,1176977
2026-07-09,3657.0,3698.89990234375,3617.5,3626.10009765625,511357
2026-07-10,3644.10009765625,3668.0,3608.60009765625,3623.10009765625,345846
2026-07-13,3599.800048828125,3695.0,3572.800048828125,3676.89990234375,497827
2026-07-14,3640.0,3655.0,3589.699951171875,3608.39990234375,636848
2026-07-15,3607.699951171875,3650.89990234375,3582.5,3612.300048828125,709493
2026-07-16,3622.10009765625,3629.89990234375,3549.89990234375,3563.5,1209278
2026-07-17,3563.5,3628.0,3563.0,3618.199951171875,825661
2026-07-20,3619.800048828125,3619.800048828125,3550.10009765625,3590.199951171875,438353
2026-07-21,3590.199951171875,3810.0,3576.800048828125,3792.0,2391097
2026-07-22,3850.699951171875,3965.0,3828.0,3907.60009765625,3225267
2026-07-23,3907.60009765625,3974.699951171875,3897.0,3919.800048828125,1761279
2026-07-24,3879.800048828125,3899.89990234375,3823.300048828125,3870.199951171875,1226472
2026-07-27,3905.0,3905.10009765625,3850.0,3876.39990234375,576740
2026-07-28,3855.0,4001.39990234375,3852.0,3993.5,2042411
2026-07-29,4013.0,4085.0,3996.800048828125,4075.60009765625,1925276
2026-07-30,4080.0,4219.0,4070.0,4208.39990234375,2913373
2026-07-31,4208.39990234375,4325.0,4198.0,4313.10009765625,2991859
2026-08-03,4336.5,4389.0,4281.89990234375,4389.0,1612965
2026-08-04,4389.0,4392.7998046875,4336.0,4360.0,1390832
