date,open,high,low,close,volume
2021-07-23,270.93345607088656,278.0012797206588,269.64000275510597,276.7771301269531,28114910
2021-07-26,277.2159449364329,277.4007360553355,271.7418534297271,272.7581481933594,12199806
2021-07-27,272.0421573347961,274.69836779468096,269.84789652010863,273.2201232910156,7966274
2021-07-28,272.98913070712376,274.0977928663641,269.3166256277125,273.4510803222656,9147860
2021-07-29,274.2132725228447,276.24586205010934,271.5801823470619,272.7581481933594,11668940
2021-07-30,272.0189953328371,273.93609734272803,270.24050075125785,271.23370361328125,6356412
2021-08-02,271.71874002598736,275.0447825361287,268.97013447263566,273.5896301269531,9247796
2021-08-03,279.0175963309665,279.0175963309665,274.46740343045826,276.89263916015625,10331214
2021-08-04,278.78656556150554,279.0175403465607,274.5366238774589,275.6914978027344,9018712
2021-08-05,276.0148704244711,283.868013181318,276.0148704244711,277.58551025390625,22588728
2021-08-06,278.9020597017728,280.1262373702482,275.46052968215486,276.245849609375,10540400
2021-08-09,277.16974206611985,279.94143948678106,275.09096900062394,275.6914978027344,9293502
2021-08-10,276.4306395363993,281.3042019590733,273.9822842099313,278.9482421875,14055564
2021-08-11,278.0475014464585,280.17245852654787,276.45376953880714,277.7472229003906,8565026
2021-08-12,278.0936671325695,281.2811307415578,277.4700464328473,279.8721618652344,7905016
2021-08-13,279.94143520575244,286.61661203079694,279.94143520575244,284.3299560546875,16729368
2021-08-16,284.6071779438418,286.8245588967725,282.0202710923161,283.6601867675781,7144852
2021-08-17,283.52156387176484,294.2849837939735,282.3435980437951,293.29180908203125,23645544
2021-08-18,293.6844365812362,295.27816822295125,288.53368764232783,290.7510681152344,13847154
2021-08-20,287.5636364482017,291.92906596584635,285.48486317267253,286.4318542480469,12341386
2021-08-23,289.1804641292631,294.23881814244265,288.02559007123887,290.49700927734375,14072750
2021-08-24,293.79996460529264,293.79996460529264,288.30275273162334,292.6681823730469,8967436
2021-08-25,293.3379861385025,296.94118725833613,290.82035526410755,291.79046630859375,12815436
2021-08-26,292.0445491233425,294.9548260277308,289.1804559018942,290.543212890625,8416702
2021-08-27,290.7972798718757,293.79995234076716,288.85708586832783,293.3149108886719,8743108
2021-08-30,293.7768578019379,295.41677326547295,291.2823186495421,292.1600341796875,8743710
2021-08-31,293.15318172376993,296.82568639268703,290.52009176790847,296.0865783691406,15591816
2021-09-01,297.4031383393907,299.0430537334788,293.4534750113291,296.5947265625,9450444
2021-09-02,297.9574921929436,303.50088739653324,295.99420639167226,300.93707275390625,9077556
2021-09-03,301.6530860721514,303.3623052157281,300.03626248677233,302.6231689453125,7549940
2021-09-06,303.3392233910798,318.14470278703027,303.3392233910798,317.1053161621094,24676832
2021-09-07,318.7452190259142,318.7452190259142,310.77658855026635,311.4695129394531,12812218
2021-09-08,312.0007551843434,312.0007551843434,304.8867204295872,305.90301513671875,13432462
2021-09-09,305.3024857107526,306.9885847441446,302.11502236189614,305.9722900390625,11611460
2021-09-13,305.9723338996502,310.3608554957675,303.89356051201565,309.85272216796875,11177578
2021-09-14,309.96819338387803,312.13936222545124,309.50624376631635,311.0999755859375,7322676
2021-09-15,311.35404438846444,314.37980876537233,309.50624590544686,311.37713623046875,8290832
2021-09-16,314.0102736195599,314.4722232681359,307.1965163030634,308.5130615234375,9315692
2021-09-17,310.1529518101436,311.5388005167212,306.1570767614457,307.31195068359375,10815562
2021-09-20,303.8473349632407,309.73719208339475,301.83786557678343,306.0415954589844,9092860
2021-09-21,305.1177214933537,309.0442932309669,303.54708152024165,308.3975524902344,7367102
2021-09-22,309.04425717801365,311.584979770658,306.2725598042198,308.651611328125,9583304
2021-09-23,310.84590221259424,312.7398843255687,310.15297780123774,311.49261474609375,6462586
2021-09-24,314.3567095726222,322.9720810763015,311.8159867178839,312.5089111328125,24253176
2021-09-27,313.2248816736827,313.36346089740937,300.7291521872688,302.0688171386719,16798164
2021-09-28,302.0688534689728,302.0688534689728,293.4534821865321,295.46295166015625,16224924
2021-09-29,291.00515169570957,298.6504118194163,289.8040658370317,295.99420166015625,17679132
2021-09-30,295.0703182106159,298.7659151510228,292.2062249427671,292.9222412109375,12027918
2021-10-01,293.2456032256217,295.53225940636895,291.12064632350956,293.9154357910156,8417708
2021-10-04,295.6015873285591,297.31077844860306,293.77688060279394,296.1328125,10494244
2021-10-05,294.0078440947218,300.03628105423763,292.899153718071,298.8121032714844,10912148
2021-10-06,300.45205215160485,300.4751439941882,293.06085803417466,293.6844787597656,9673198
2021-10-07,295.1858218358239,299.5974352868248,294.2157388637267,297.0105285644531,7448686
2021-10-08,298.48872521664293,308.3744290738005,297.95747193435324,305.41796875,22091966
2021-10-11,299.7822047442624,307.79701919156093,293.33800205226976,301.5606994628906,20422932
2021-10-12,301.19111662947387,305.99540338751876,296.82568759757527,304.470947265625,18680432
2021-10-13,307.1964698701746,311.6773864231033,303.0389236614053,310.707275390625,18925882
2021-10-14,321.97884861454287,341.77337630797393,321.0549494793505,327.17578125,118377606
2021-10-18,332.1417469805334,332.9732505828982,324.47339525459813,327.86871337890625,21198892
2021-10-19,331.2640711766518,337.2001408890994,327.060340786419,328.70025634765625,21865148
2021-10-20,329.6472294712098,333.87407966863725,321.40144023445777,324.2655334472656,16108782
2021-10-21,327.4991605282576,327.5222523682351,314.9110344675603,321.6554870605469,15916912
2021-10-22,324.1731186365441,325.9054295662014,313.31730347735805,315.2344055175781,10758302
2021-10-25,315.3960607963895,316.0658932946749,305.2562623569456,308.4437255859375,17621916
2021-10-26,309.9912481416938,313.57135724951087,307.1964589288177,308.651611328125,12193966
2021-10-27,308.65170574494215,311.6081669309413,306.4805364989417,310.0144348144531,12631178
2021-10-28,309.96819017621124,310.24534866581325,302.5769963717114,303.4547119140625,10357542
2021-10-29,304.07835104477465,304.6096044097414,297.61105607382615,298.76593017578125,13522634
2021-11-01,300.77535352908905,303.4777754287123,299.11234635637027,302.78485107421875,8802466
2021-11-02,303.5008884078851,305.34868681523903,300.77537447897157,302.02264404296875,8079378
2021-11-03,304.6096135533461,305.74136765109967,300.35967109154524,301.4221496582031,6871182
2021-11-04,302.57696923340797,303.8011468755478,299.06616376922346,301.9764404296875,1565810
2021-11-08,301.63003103164374,305.3487200926796,299.11239978821493,304.1245422363281,9504460
2021-11-09,306.31873329057544,307.773885641467,303.3622731073273,304.1706848144531,8284130
2021-11-10,302.9927791168223,304.4248117178526,300.98328127260044,301.46832275390625,8091390
2021-11-11,300.1517839065373,300.1517839065373,294.169530323541,296.4792785644531,12067796
2021-11-12,299.34336360910163,306.0416333194905,298.32706877262973,304.90985107421875,12126506
2021-11-15,305.6027199501942,307.65840109201883,303.57015884205947,304.3785705566406,9435996
2021-11-16,304.14763889801316,308.9288061525503,302.4153278354755,305.55657958984375,11327094
2021-11-17,305.55656012370144,308.58232428113763,303.96282840866553,305.7182312011719,8854994
2021-11-18,306.4573761165142,307.63534195824377,298.07297959301843,300.93707275390625,7842498
2021-11-22,303.9628490591696,305.0946312638489,294.7238566865505,297.5186462402344,11582434
2021-11-23,296.8950089457371,299.7821939008747,289.2035369471845,296.9411926269531,9134924
2021-11-24,297.63411547293634,299.1585434823116,292.4602744211234,294.0309143066406,7985552
2021-11-25,294.26190077679627,296.4792532597859,292.41410234177715,294.1233215332031,6661362
2021-11-26,291.9521453741599,293.06083568529266,286.24707912790524,287.0785827636719,8277074
2021-11-29,284.81500354382575,292.34477594336335,278.9944502031193,291.3053894042969,10376060
2021-11-30,291.3054042762871,298.18846454223774,291.2592205947032,294.37738037109375,26850200
2021-12-01,296.84880677149476,298.39635487512754,292.5295892155069,293.24560546875,9453644
2021-12-02,294.21574730327677,299.3895608964305,290.5663337413353,298.7890319824219,10210456
2021-12-03,297.8420000318154,302.0919419256647,295.6015557842449,295.99420166015625,13405010
2021-12-06,294.3773444292543,297.5878993719876,287.86386719189755,288.48748779296875,9409906
2021-12-07,290.10437320159105,293.1301376970644,287.7946250073109,292.136962890625,8557090
2021-12-08,295.18580534588824,301.6530999857043,294.8393431330409,296.4330749511719,15360658
2021-12-09,296.4561744788407,299.1585685310443,294.6545596472598,297.1260070800781,6865604
2021-12-10,296.64090892088865,298.3732196989944,293.38414210192,294.83929443359375,8525212
2021-12-13,297.26458788882485,303.29302494124295,295.7401597438132,298.1423034667969,13123680
2021-12-14,298.41946963857265,301.14498381271994,295.3013095455999,298.8352355957031,8609412
2021-12-15,298.74278551312227,298.74278551312227,293.49964110016685,293.9847106933594,7123544
2021-12-16,297.49554551344227,300.22105946003256,295.37058860926993,297.6341247558594,12437240
2021-12-17,304.88674329666463,312.64749112336455,300.31343086914796,309.87579345703125,104600018
2021-12-20,308.3744535498073,312.9708577641218,306.2725884835612,307.6353454589844,26298202
2021-12-21,312.2779580647473,322.0250842351505,309.9682098542092,319.11480712890625,27362096
2021-12-22,321.47070062413036,321.47070062413036,314.6800366528846,316.7357177734375,12327754
2021-12-23,318.791395137871,324.2886064396287,318.3294455560482,320.8470764160156,12944908
2021-12-24,322.32534179075196,324.47341876473695,318.8145360174253,322.6487121582031,13182426
2021-12-27,323.2954190416108,323.826672364212,319.27648004343763,323.179931640625,10188656
2021-12-28,324.7506029757677,326.8293763945315,324.08077034624336,325.88238525390625,10158044
2021-12-29,325.7899603436287,327.98422097692503,323.3878167481447,325.0739440917969,7898416
2021-12-30,325.7206578667591,332.5575346327114,325.21252457517704,329.8782043457031,18087350
2021-12-31,330.6635409324091,332.0493898283497,327.568472759108,330.4556579589844,8549558
2022-01-03,331.6798034781801,335.7449542048963,330.75590430414616,332.003173828125,9280810
2022-01-04,333.874037279326,334.03570834376893,328.7001966800326,333.2966003417969,10228800
2022-01-05,332.6037161385336,332.9963620253529,324.7505728408183,329.6010437011719,14711264
2022-01-06,326.0440268999047,329.0236075033417,323.3416329776981,326.02093505859375,12883220
2022-01-07,327.06030050399687,333.29661979326795,326.8755093951378,328.6771240234375,13120326
2022-01-10,327.5222796362428,327.5222796362428,318.74523688153386,320.362060546875,27537820
2022-01-11,321.05499943110647,322.64873132630896,318.2833015942911,320.662353515625,15487458
2022-01-12,323.3647106517674,324.1731224283968,315.603963235158,319.36883544921875,23460682
2022-01-13,306.3649607599928,307.65841391821374,299.3433216501539,300.1517333984375,61505934
2022-01-14,299.9207574317077,299.9207574317077,294.0309004317012,295.5553283691406,26514548
2022-01-17,295.4168057533219,301.02950536587423,292.437224825611,298.7197570800781,20457876
2022-01-18,299.75910395040677,300.26723722764876,291.5594986261133,292.55267333984375,14329980
2022-01-19,291.4901946777228,291.79047319277885,285.946799533297,286.94000244140625,17382766
2022-01-20,286.70900648037684,287.51741821259964,282.0202071554195,284.1913757324219,16827124
2022-01-21,282.2480205311355,282.71072220413737,277.9911594913046,279.9576416015625,19646694
2022-01-24,280.165902586079,280.165902586079,263.0228088274988,265.0124206542969,26150716
2022-01-25,260.2696976671815,264.6653636722272,254.8098234354439,260.36224365234375,34712370
2022-01-27,256.79945533895994,257.6785999059185,248.56337034747435,252.0567626953125,31351744
2022-01-28,254.53219757534043,261.4033348649126,252.93589927998124,255.4807586669922,29899780
2022-01-31,263.2773085967904,265.7759094651407,260.2928765154483,264.9430236816406,26252174
2022-02-01,268.32073614193285,269.4774904307995,262.0973924196161,266.81695556640625,20920202
2022-02-02,269.2923932756696,272.99400692894346,266.05348132905505,272.068603515625,16368826
2022-02-03,270.5417133691381,272.43877920911353,266.5856191353382,267.5572814941406,14082780
2022-02-04,266.97889720815,267.3490529425465,262.8377110919755,264.5497131347656,13633558
2022-02-07,264.61912031902443,265.4982366269485,257.07705982256834,257.724853515625,15091358
2022-02-08,259.76075596782255,261.7966265838389,256.5449733772032,259.2286376953125,13953814
2022-02-09,261.14883293013133,264.08697722791726,260.6398441502721,263.2541198730469,10207476
2022-02-10,264.85045590132034,265.93779356509776,261.98169980490525,265.4288330078125,11603824
2022-02-11,261.88919235852256,261.88919235852256,257.7711354578689,259.7839050292969,15442458
2022-02-14,254.48594163317546,257.79427017083526,249.85892451257226,250.64552307128906,16241546
2022-02-15,252.45006867170875,261.542169541771,251.3627308333783,260.66302490234375,13676992
2022-02-16,261.49585755061804,263.87875418327343,257.9793079482192,260.91748046875,14607822
2022-02-17,264.66538949158115,264.8504814799623,259.64508701880794,261.3802185058594,14228840
2022-02-18,258.6502858164153,261.7503932803189,256.9614130830805,260.2466125488281,13411838
2022-02-21,257.14645294096323,264.9892518907502,256.98451865299245,264.110107421875,17534002
2022-02-22,257.37787809987503,263.27732609227667,257.30846153294544,261.0332336425781,21490124
2022-02-23,263.3698535048165,264.1564521631443,260.3391625552438,262.3981628417969,14408512
2022-02-24,253.5605241694208,257.6785804751696,245.76401204932546,248.54022216796875,26953888
2022-02-25,253.56054313759287,258.5345866389234,253.32919227706586,256.9151306152344,15922624
2022-02-28,254.94865403640827,259.15922849629743,251.75600079288088,257.16961669921875,18316874
2022-03-02,256.7994522996303,258.3263623137381,254.67103570312503,256.8919982910156,16354110
2022-03-03,260.5010780680977,266.49307121361574,259.27490716797325,263.5317687988281,25911326
2022-03-04,259.57569213582207,268.36702573757003,256.3599091964414,266.19232177734375,26948372
2022-03-07,260.5010486498833,268.2050430014098,260.15402238614007,264.595947265625,21112334
2022-03-08,264.66537056791213,273.3410273828568,264.66537056791213,271.8141174316406,22039998
2022-03-09,272.0686195692784,275.95532543098284,269.36182572203353,270.911865234375,23527232
2022-03-10,275.30750149825354,276.0015540230391,270.4953926966462,272.18426513671875,16161966
2022-03-11,271.6059345703555,272.9940398577679,269.4775177594196,271.23577880859375,9927188
2022-03-14,271.32829995500225,277.9911877796011,271.14320797053904,276.7650451660156,15006442
2022-03-15,279.33300582570075,279.33300582570075,270.3565820670515,271.9297790527344,13853244
2022-03-16,275.4231742607018,277.36652695955814,274.1507446442097,276.811279296875,11150296
2022-03-17,279.9345610651548,282.71077158811505,277.1583505421946,278.1763000488281,16881290
2022-03-21,279.98080019649115,285.0242602539062,276.6956292724609,277.62103271484375,15592952
2022-03-22,279.1941995148262,282.7107209172052,275.8396124008332,282.2711486816406,15580500
2022-03-23,284.0757440168085,284.5615752043085,281.1838580899354,282.8033142089844,11393836
2022-03-24,280.85997782121035,284.0063442474339,280.304730042212,282.5025634765625,7751490
2022-03-25,282.7107611251713,284.0988663352785,276.34861224551315,279.17108154296875,11986194
2022-03-28,281.3226604860013,281.7853622302217,276.2792001775697,277.7135925292969,11476810
2022-03-29,279.00918292920124,280.0965208531415,277.2277923114072,278.77783203125,9402006
2022-03-30,279.98079211540437,281.92414493653166,277.3896738479487,277.9911804199219,15488764
2022-03-31,277.6210417119953,279.14795179319674,273.08657034558064,273.8731689453125,14476178
2022-04-01,273.7806418945994,279.1942582308027,272.67014635447964,278.45391845703125,8567994
2022-04-04,279.9345179724153,280.62857049631384,277.1583078768211,280.2121276855469,8855948
2022-04-05,282.4749269755239,284.36446365568736,279.02241840531246,279.53564453125,12862488
2022-04-06,278.9991127767855,278.9991127767855,275.7332368747161,276.9229431152344,8235902
2022-04-07,276.1997653374939,276.1997653374939,269.43473730135594,270.9976806640625,15721530
2022-04-08,273.4004975883977,273.86705133854855,270.83445196256804,272.3041076660156,8636632
2022-04-11,272.46734528159,272.5839836999468,265.0491304836241,266.44879150390625,17164216
2022-04-12,265.0025182053982,265.0025182053982,259.49718989566287,260.66357421875,16338532
2022-04-13,261.27002675090506,263.8360716564943,258.7506258167664,260.89678955078125,11204576
2022-04-18,256.5345571002462,256.5345571002462,250.0727993289532,251.28582763671875,18930062
2022-04-19,253.80522622934143,254.5283788073693,245.43058117598665,247.48342895507812,13286008
2022-04-20,250.0727991848934,252.1956129603501,247.90331295074657,250.3060760498047,8660976
2022-04-21,252.40557167085888,253.10540227623093,250.70263914064807,251.56578063964844,13388782
2022-04-22,249.6062355634605,252.33556338429042,247.57673830963094,250.86593627929688,9782424
2022-04-25,247.25014890186753,247.81001905950163,244.1475552822722,246.97019958496094,9473768
2022-04-26,250.5393602373919,250.88927554498602,245.92046678667722,246.92356872558594,8718740
2022-04-27,245.87382447491478,245.87382447491478,240.0419026420183,242.11807250976562,16275078
2022-04-28,244.4741465210544,245.71052525557326,240.7417168031757,243.79763793945312,13241338
2022-04-29,246.57363638964566,246.57363638964566,236.54273159801392,237.3825225830078,24151260
2022-05-02,240.50842718259253,242.14136509750827,229.82435052976143,230.94407653808594,43822854
2022-05-04,233.27686366055542,235.07309835835966,228.2614110918535,229.42779541015625,17267854
2022-05-05,233.7434200562756,235.0031208296592,231.5506118175975,233.8134002685547,10869532
2022-05-06,228.61132093300117,229.0312164299541,224.41233748729297,226.32521057128906,18441782
2022-05-09,224.87888661716858,228.3080592088449,221.4263920353942,225.41542053222656,16675250
2022-05-10,225.34544573138845,225.69536101979122,222.14954991635852,222.84938049316406,14969534
2022-05-11,223.96911232120033,224.85557579839494,215.80442204875447,220.1667022705078,21029342
2022-05-12,218.39379870691448,222.07957023931888,215.6177983836872,221.0531463623047,14573000
2022-05-13,223.71250116317134,223.71250116317134,217.88057986069032,218.650390625,16775318
2022-05-16,221.14644427177234,221.30974090735438,216.94746115268805,218.3471221923828,7314066
2022-05-17,219.7467925501364,228.14475914440914,218.4870918657599,227.04835510253906,11321450
2022-05-18,229.03120139979504,231.060712779652,224.22570413363638,224.52896118164062,15390968
2022-05-19,217.48400813458414,221.0531411531335,209.94916859807122,210.48570251464844,22945978
2022-05-20,215.54781136976314,215.6411278058515,212.28193543991824,214.42808532714844,12731912
2022-05-23,216.38760811044503,218.25382297724693,213.44832539046783,217.41403198242188,14111568
2022-05-24,218.5570914278321,219.0936253474092,213.68159945678116,214.5913848876953,13779460
2022-05-25,214.6846831835501,215.0112764702707,206.7766064754456,207.54641723632812,15481506
2022-05-26,208.08294305366817,212.14196579950206,207.14983568571452,211.51211547851562,11583082
2022-05-27,214.61471517777443,218.32382301575672,212.86513869534693,217.85726928710938,11414472
2022-05-30,220.7498933653829,224.64561983844428,220.7498933653829,222.1962127685547,12291148
2022-05-31,222.03289266384368,224.29568085130288,219.46684743309555,223.03598022460938,31587004
2022-06-01,223.4559190861873,223.4559190861873,218.58042681628697,219.6301727294922,10514566
2022-06-02,220.12002663801505,222.28951270069805,218.39378651695768,221.2164306640625,10535040
2022-06-03,223.7824933461886,227.6782198323311,221.37974448860882,221.84629821777344,23269778
2022-06-06,220.21336894319282,221.8463070603563,216.57425540589318,220.7732391357422,13791156
2022-06-07,219.28024194798277,219.630157227687,217.01745362494424,218.183837890625,4701342
2022-06-08,219.77011496792227,220.21334667871886,216.62087748893634,219.46685791015625,5627652
2022-06-09,217.90390754907867,222.14954921593062,216.5975628383963,221.63633728027344,7402238
2022-06-10,217.9738983001107,217.9738983001107,212.88845148713685,215.0579376220703,17453098
2022-06-13,209.9724713302143,211.3488103378038,207.6163810161649,208.1295928955078,14130822
2022-06-14,205.2836365619891,211.67542821381414,204.35052912307097,208.0363006591797,13056384
2022-06-15,209.22601809559336,210.2524277203856,204.95704023514023,205.33029174804688,11391596
2022-06-16,208.08296387767936,208.43287917567994,195.83592844765897,197.025634765625,17944686
2022-06-17,194.08633582258955,195.3693584752629,187.57790612561095,189.0475616455078,41550546
2022-06-20,190.82047152142843,194.972796782712,188.55768313131927,193.4564971923828,20750838
2022-06-21,195.95255221779135,199.1017896641487,194.38959448938883,198.3553009033203,12187804
2022-06-22,197.2122699733812,197.2122699733812,191.42699225442794,191.87022399902344,16202862
2022-06-23,192.4534170876595,196.32580742109633,191.89354690635022,195.50933837890625,19655010
2022-06-24,196.4191153728428,198.75188396396922,193.9697083521601,195.36936950683594,15362102
2022-06-27,199.21844366382456,200.96802015970124,197.8187824671232,198.23867797851562,12447870
2022-06-28,196.88566083110098,200.19819493914724,193.9463782248296,199.33506774902344,12091828
2022-06-29,195.95255969042447,198.19201182022212,194.73951718758013,196.30247497558594,16684176
2022-06-30,196.83902243535812,197.35223440317355,193.6198044381017,194.10968017578125,12123284
2022-07-01,193.61977491333587,197.44552073938885,191.94017883755433,196.88565063476562,8907248
2022-07-04,196.39580061536245,196.76903790845307,194.0863539298553,196.092529296875,6372716
2022-07-05,196.46576653044602,197.37553770543045,192.7100006908774,192.96661376953125,11513210
2022-07-06,195.29940077000214,195.29940077000214,192.73335516901523,194.10968017578125,10522910
2022-07-07,195.95256837192343,197.79546131732397,194.6462236113466,196.3258056640625,10706024
2022-07-08,197.81877947310974,198.14537277596636,194.34294852533927,195.5326690673828,9535432
2022-07-11,193.5031379131024,193.61977633257985,189.2108383810966,191.8468780517578,16689574
2022-07-12,190.82046168774033,193.54980365729767,190.3539079916823,190.89044189453125,9777472
2022-07-13,192.22011960008842,192.22011960008842,189.11754042018043,189.7473907470703,11956780
2022-07-14,191.5669680131093,191.5669680131093,186.85477240326168,187.29800415039062,13161242
2022-07-15,187.0647006701676,188.53434189081543,182.42248593390335,183.75216674804688,22328354
2022-07-18,186.15493210809623,189.28084769086146,185.05852803127027,188.83761596679688,13632394
2022-07-19,188.02115801440215,190.2606102806279,187.18136697409005,189.2575225830078,12897178
2022-07-20,191.66027151930066,194.78618728595205,189.9340312167464,192.2667999267578,25237412
2022-07-21,190.75049515917857,194.78618207185164,187.83453434971972,193.1532440185547,45382342
2022-07-22,193.96970407123132,194.73951484169532,190.84378853287535,191.68359375,15468542
2022-07-25,191.52031383371863,193.9230627918098,190.6105283285537,193.5264892578125,12535662
2022-07-26,193.52646569709657,193.80640075984306,188.62765193234372,189.0475616455078,15186298
2022-07-27,188.9309425030981,190.07399062200287,187.53128128461782,189.7240753173828,14084158
2022-07-28,192.12680304347305,194.55288791656494,191.7069075718464,194.08633422851562,15898464
2022-07-29,196.23248321574744,197.95872331141564,194.92612435185112,197.67880249023438,15919784
2022-08-01,198.84520554340213,201.03799953289538,197.16560926675223,200.15155029296875,10365748
2022-08-02,200.12821572031672,201.38790217004453,198.12202626335247,200.4314727783203,16912426
2022-08-03,200.15153507262704,202.01774985185898,199.45170453041504,201.71449279785156,12034938
2022-08-04,203.907295630075,205.42359520519744,199.26509470447692,203.18414306640625,17789134
2022-08-05,203.48739575772885,206.21673778187144,203.48739575772885,205.28363037109375,12967586
2022-08-08,206.58998245272704,206.58998245272704,203.044185555203,203.34744262695312,9557496
2022-08-10,202.95085279303422,203.41740647761588,198.8918300419381,200.6880645751953,11329742
2022-08-11,204.35051572582694,206.21673048131396,203.5573687595095,204.5604705810547,9154644
2022-08-12,203.9306192383071,204.58379155185838,202.9508536489359,203.4640655517578,7092398
2022-08-16,204.583805904296,205.19032004412423,203.69735668528187,203.93063354492188,4774208
2022-08-17,204.00059833190315,207.56973116693624,203.72066327388146,206.70660400390625,10401476
2022-08-18,206.1001131177679,206.1001131177679,202.50764365115256,202.9741973876953,16888260
2022-08-19,204.79375323855123,206.45001318582334,201.0846456115025,201.7611541748047,17253908
2022-08-22,201.03797741913502,201.03797741913502,195.5093134757619,195.95254516601562,12900580
2022-08-23,193.61979187839083,195.2527298821845,191.28702330154275,194.3896026611328,17028776
2022-08-24,194.92615239792073,195.7192994736222,193.31655049218392,194.15634155273438,7429170
2022-08-25,195.62594764094897,195.99919911885772,193.59645057205285,193.7130889892578,8753902
2022-08-26,195.25271725297475,197.11893199374393,194.2262934503163,194.66952514648438,7904194
2022-08-29,188.95425804927055,189.5841084237194,186.1549357077999,188.6510009765625,23519514
2022-08-30,190.8904344868897,194.0630080398237,189.53743166844336,192.94326782226562,19750992
2022-09-01,191.2403656726666,192.05683467708354,188.88427509801357,191.49697875976562,11778706
2022-09-02,192.4767329084289,192.57004934835203,189.93402365855462,190.21395874023438,9815080
2022-09-05,189.8873610866937,190.3539147994374,188.48769994846253,189.18753051757812,18018508
2022-09-06,189.8873533183159,190.0506499587135,187.2046695797893,188.69764709472656,18226162
2022-09-07,187.6012402269574,190.75047761146507,187.08802832408657,190.09730529785156,12248532
2022-09-08,191.28702381894087,193.31653533390607,191.10040517990615,192.59336853027344,14064948
2022-09-09,194.55288356550665,195.69594577089902,191.91685813459884,194.62286376953125,14671342
2022-09-12,195.88256308222984,198.00537660592389,195.04275792529498,196.88565063476562,11678424
2022-09-13,198.2386802356502,198.75189219456877,196.65240037561207,197.18893432617188,9408334
2022-09-14,190.82048171591632,197.2122737180181,190.82048171591632,194.226318359375,17583964
2022-09-15,195.81259833066488,196.37245424137936,192.80332119750082,193.6431121826172,10640314
2022-09-16,192.57002977942778,192.57002977942778,186.71478684054603,187.3912811279297,20192486
2022-09-19,188.95424834740427,189.51411848218774,185.22181875041852,187.53126525878906,13584188
2022-09-20,189.42081999806598,191.00709987949577,188.69766739035384,188.90760803222656,8989822
2022-09-21,189.37415386203048,189.37415386203048,186.38821287387174,186.97140502929688,19290112
2022-09-22,185.68837631151962,186.78478037605223,184.28871518354333,185.66505432128906,16500324
2022-09-23,185.73503478640845,186.34154891413286,183.6588650818092,183.98545837402344,13966710
2022-09-26,182.8890441736546,186.24823639452856,179.43654975881046,184.1953887939453,18994144
2022-09-27,185.12851119717075,187.27466116602122,182.88905902677266,185.875,12454694
2022-09-28,184.75525583935723,186.8547473829863,184.45199879733957,185.71168518066406,8921590
2022-09-29,187.08802926983896,187.50792474227822,182.67909121400504,183.2622833251953,11883068
2022-09-30,183.09900602878093,185.08185926210385,180.78955950885162,183.9387969970703,13570530
2022-10-03,183.77550011223917,185.6883731353721,182.23587859303575,184.05543518066406,8140834
2022-10-04,186.59816310708624,189.42080737394997,186.15493138474395,189.18753051757812,12591696
2022-10-06,190.9837573691711,192.686675503607,190.09730819873351,191.35699462890625,11203878
2022-10-07,191.19369117989484,192.103476545473,189.53743132142904,190.4005584716797,7580186
2022-10-10,186.76144850635885,192.9199633084172,186.50484965547707,191.89353942871094,18714926
2022-10-11,193.5731146784904,194.972775687356,187.69453559363743,188.67430114746094,22723292
2022-10-12,188.6043424541204,191.10040771888006,187.36797793623825,190.33059692382812,12610118
2022-10-13,180.5562853692164,183.0523505597937,176.40396020705126,176.87051391601562,84896212
2022-10-14,180.5562771497665,180.78955399362926,175.54082500671743,176.03070068359375,27864794
2022-10-17,176.03071261824778,176.80053764565886,173.74460224101526,175.00430297851562,16909538
2022-10-18,179.0166691824852,179.2732680348594,176.54392590811608,176.9638214111328,22328480
2022-10-19,177.85028612115332,177.85028612115332,175.91407676696807,176.38063049316406,10198278
2022-10-20,175.89075782945864,178.50346158913229,175.424204095163,177.99024963378906,11868814
2022-10-21,178.4567805505657,178.830017795044,177.38371279412436,178.4801025390625,8931540
2022-10-24,180.2763480846874,180.2763480846874,179.15662204452696,179.48321533203125,3472470
2022-10-25,180.29968987816483,180.29968987816483,178.9933309259122,179.4598846435547,5783256
2022-10-27,180.08972160136537,180.53295329536058,177.80361140274812,178.52676391601562,11723118
2022-10-28,178.59673156358656,180.01972873924836,178.2234943387404,178.8066864013672,7609676
2022-10-31,180.34632873535156,181.20945593608434,179.50653776269158,180.34632873535156,6638382
2022-11-01,181.02281982270716,183.35558811939154,180.3696475472531,183.07565307617188,11540196
2022-11-02,183.2856162288413,184.218723589825,182.25919243652388,183.798828125,6716614
2022-11-03,181.8392956118786,183.7055103198902,179.87976447323115,181.256103515625,10312476
2022-11-04,181.25611029446125,183.07566685520487,179.92642941765632,182.21253967285156,9023630
2022-11-07,183.3556075406714,184.2187347494858,180.83622036101283,182.65577697753906,8252598
2022-11-09,183.84549034321645,184.0087869952081,181.55937992960256,182.39918518066406,6862546
2022-11-10,181.3960755463409,182.46915761505767,180.55628456916187,181.44273376464844,5494908
2022-11-11,185.92165146514148,189.35082404492692,185.33845933382045,186.4815216064453,28417046
2022-11-14,187.85785186777326,187.85785186777326,184.54531761948658,185.01187133789062,17623428
2022-11-15,185.71170458701732,186.41153517469067,183.82216769553517,185.29180908203125,12462712
2022-11-16,186.1549232037503,187.41462386803371,184.84857856071386,185.8050079345703,11039528
2022-11-17,185.64171273563065,185.68837095283456,184.28870986525035,185.1051788330078,6057616
2022-11-18,185.61838143790777,186.108257098761,183.2622768491055,183.75216674804688,9546202
2022-11-21,183.75219601835485,184.0321311140431,180.83623510095708,181.32611083984375,7904612
2022-11-22,181.48940408932418,181.6760227369137,179.38991226823947,181.39608764648438,8410828
2022-11-23,182.30586438930303,182.86573454331594,181.0228416712721,181.3727569580078,6717760
2022-11-24,181.90928175674875,186.5048384729303,181.55936648756878,185.8050079345703,13370266
2022-11-25,186.15492755105518,188.67431470036894,184.7086082237174,187.92782592773438,13648550
2022-11-28,187.9278415707718,191.03043534535263,187.5546042724309,189.2575225830078,13679200
2022-11-29,188.02112815989508,190.77379195283177,187.97446994548844,189.0242156982422,9102602
2022-11-30,189.8406982421875,190.35391016131868,187.85784501134043,189.8406982421875,13892346
2022-12-01,192.61670164613855,194.24963962795962,192.05683149999277,193.01327514648438,15852984
2022-12-02,193.0599259080921,193.106584128258,190.84379571206549,192.40675354003906,11726622
2022-12-05,192.8033183378929,193.5964653305863,191.5902758588691,192.3834228515625,9947062
2022-12-06,191.52031184609496,192.50007755577587,190.26061104249231,191.91688537597656,8832518
2022-12-07,190.8204765294054,191.05375339557827,189.0942220244902,189.56077575683594,6568616
2022-12-08,190.0039924675181,190.3539077390973,188.16109967529866,188.3477325439453,8940712
2022-12-09,189.42081220672185,189.42081220672185,182.53914476817715,183.84548950195312,15423336
2022-12-12,183.30896299109713,185.45511305902085,181.02285249534614,184.9185791015625,10365880
2022-12-13,185.85168191287397,186.3182356446808,184.7552777955099,185.57174682617188,6813842
2022-12-14,186.994736477945,188.72099104054837,186.2715838638787,186.6448211669922,9995152
2022-12-15,186.5048480148208,186.5048480148208,183.84548613776016,184.3820343017578,7766926
2022-12-16,182.60910514804263,184.19538479195603,181.04614749259295,181.83929443359375,18012634
2022-12-19,181.23278974286825,182.18921912884684,179.9497670729468,181.51271057128906,8838046
2022-12-20,181.39608526165935,181.90929721435086,178.69007931196222,181.46607971191406,8778558
2022-12-21,182.37584386043255,183.47224793538203,180.95286072870604,181.72267150878906,10215214
2022-12-22,182.00260732174996,182.86573454331594,180.08973423997688,181.3727569580078,9093800
2022-12-23,179.15661905795108,180.01974624217615,175.89074318970717,176.19400024414062,12120710
2022-12-26,176.35729739857095,178.03689355474657,175.56415041873865,177.523681640625,7261148
2022-12-27,178.45680154393997,180.71958997976216,177.40705565250505,180.3696746826172,7685840
2022-12-28,179.62317498502844,181.745988630525,178.80670600782378,180.9295196533203,7676002
2022-12-29,180.20635564588082,182.93569747221275,179.52984712686168,182.30584716796875,9485398
2022-12-30,183.3555910534194,184.89521245863278,182.67908254132047,183.23895263671875,8256556
2023-01-02,183.35563003330418,183.77552557507522,182.18924561833407,183.3789520263672,5559512
2023-01-03,183.3789328364186,185.57174100232933,182.74909670871764,185.24514770507812,5994422
2023-01-04,185.45509209698903,185.45509209698903,181.30276709639747,181.81597900390625,8926522
2023-01-05,181.9559630315306,182.98238697976518,179.04000208551247,180.5096435546875,9568980
2023-01-06,180.55626374888794,181.39605462922913,177.94356044392217,178.22349548339844,8484754
2023-01-09,180.0897248760019,183.35560071572212,179.6698294013699,182.7957305908203,7347432
2023-01-10,182.88907626731614,183.77552557507522,180.7196041030899,183.3789520263672,7879496
2023-01-11,183.3555932788338,184.75525429622948,182.65576277013596,183.75216674804688,7656600
2023-01-12,184.6386273073455,185.6417149176198,182.18922037528344,184.05543518066406,9510500
2023-01-13,184.755263042701,185.0351981070501,180.32300294445437,183.77549743652344,13621860
2023-01-16,181.9559428312212,187.08803352646075,181.48938913165395,185.9683074951172,23867444
2023-01-17,186.64481940982373,187.57792689691314,183.7055365207282,184.9185791015625,14310032
2023-01-18,185.9216481073577,188.41771323195002,185.6883712590423,188.1144561767578,16080426
2023-01-19,187.60124954441525,188.48769874535228,186.03829176908224,188.207763671875,9447456
2023-01-20,188.27774412481162,189.14087133661505,187.22799827647782,188.09112548828125,9265614
2023-01-23,189.04756863792804,190.23727490099407,187.7878679280199,189.88735961914062,8815290
2023-01-24,191.00985876624173,191.85173253806494,189.4898243630394,190.16799926757812,9552640
2023-01-25,189.41967200157472,189.84060175139075,187.08115753241947,187.80609130859375,6355554
2023-01-27,187.80608852208962,188.7648880041132,184.36848372196332,186.16912841796875,7410134
2023-01-30,186.1691260772084,189.3261205240334,184.7660174341751,188.13348388671875,7261256
2023-01-31,188.15685549302887,188.27378120841684,186.00543374841746,186.5432891845703,9566846
2023-02-01,187.7826988194839,188.9051828320172,186.30943766096152,188.20362854003906,7029896
2023-02-02,188.2036322438391,191.75817691444598,188.2036322438391,191.50094604492188,10835460
2023-02-03,192.95080107069683,193.1612730581105,189.9575057471882,190.77598571777344,8850236
2023-02-06,189.60674334401972,189.9809142092445,187.8294781219689,189.25596618652344,5958022
2023-02-07,189.6535168289394,189.6535168289394,186.636827559758,187.31500244140625,6683580
2023-02-08,187.54885239650957,190.63569421826597,187.54885239650957,190.23814392089844,8300976
2023-02-09,190.23814000027207,191.2670920107048,188.74148512567146,190.96307373046875,5277374
2023-02-10,190.3550571042713,190.3550571042713,188.39069945437433,189.79380798339844,5160140
2023-02-13,189.72364893843616,189.72364893843616,186.70697426785446,187.36175537109375,4825356
2023-02-14,188.48425180745647,190.0978323771063,187.78269752033194,189.4664306640625,4638822
2023-02-15,188.34394986883643,190.75261677437803,187.24484527897997,190.54214477539062,5227672
2023-02-16,191.19691927429972,193.27820266501325,191.0799935618587,191.71139526367188,11189362
2023-02-17,190.2849245980352,190.82278006957978,188.95196850027017,190.02767944335938,5616244
2023-02-20,189.55996845969187,190.72922564060082,188.11010097389197,190.37844848632812,6497188
2023-02-21,190.54214024996415,190.82276481756284,188.063320828019,188.36732482910156,5761172
2023-02-22,186.84728486999234,187.24483513924093,184.48539123358978,184.81277465820312,6883372
2023-02-23,185.11679531117528,186.47314508988276,183.99431124703742,184.25155639648438,6078322
2023-02-24,185.1869643558879,185.4441952352228,183.5967631169322,183.94754028320312,5106634
2023-02-27,183.6903093947622,183.94754027408436,180.27608401915836,182.5678253173828,5554710
2023-02-28,183.26936580322354,183.90076750940707,180.3929961118967,181.02438354492188,10061602
2023-03-01,181.51547847452605,183.22259101802018,181.14130763158983,182.8484344482422,4542612
2023-03-02,181.79611423623936,182.5678211296639,181.14131878905818,181.49209594726562,4438972
2023-03-03,182.6847460825747,183.08229638150695,181.98319176910334,182.61459350585938,4393936
2023-03-06,183.549996740002,185.51434022688795,183.38629788113846,184.1580047607422,6727722
2023-03-08,183.17582427394015,183.8072259964988,181.86626196083674,183.62014770507812,4908842
2023-03-09,183.71368643495168,184.20478302520016,182.21704577567644,182.45089721679688,4157054
2023-03-10,181.42193567586105,182.35734139140885,180.81392767001842,181.98318481445312,4567396
2023-03-13,181.9364167526891,183.62014994230722,179.48097668083406,180.2760772705078,5982520
2023-03-14,180.79054292792884,181.07116751113995,176.48768498694227,177.46986389160156,8094852
2023-03-15,179.4575772239484,179.4575772239484,175.34178385596428,175.7393341064453,7687926
2023-03-16,175.55228335295445,176.18368511173645,173.05007002632033,174.38302612304688,7686620
2023-03-17,176.4175161038826,176.95537151264924,174.85070874283008,176.09011840820312,9044282
2023-03-20,175.38857235334294,175.83289577923483,170.7816963315634,171.71710205078125,8184754
2023-03-21,172.58236335491802,173.16699195706883,170.92202383407343,171.3663330078125,7211152
2023-03-22,172.04450789557114,173.05006623663868,171.10910213212983,171.3663330078125,5374846
2023-03-23,170.6647718403782,170.6647718403782,168.53672952316236,169.0745849609375,9485192
2023-03-24,169.9398558337213,171.5768160247955,168.84075113651087,169.1915283203125,7906696
2023-03-27,169.19150828853196,170.24383971534385,167.99887171407522,168.95765686035156,6227714
2023-03-28,169.7761378935264,170.26722018643434,166.22159330889247,166.59576416015625,7813096
2023-03-29,167.43762862983252,168.72381153131866,166.03452001002947,167.9287109375,8823840
2023-03-31,169.93984333981496,171.06232739082353,168.98104387735165,170.82847595214844,7914212
2023-04-03,172.0912628173828,172.30172052797835,170.7816863233272,172.0912628173828,4053500
2023-04-05,172.9097565521182,173.93869430105568,171.74049937844458,172.93313598632812,6443110
2023-04-06,172.58235039374043,173.26052523056717,171.10908928159623,171.48324584960938,6429614
2023-04-10,172.11465584460282,175.10795135248588,171.92757755157743,174.59347534179688,5624940
2023-04-11,174.68702655511478,175.31842830090972,172.39528528626587,173.1669921875,6784354
2023-04-12,173.33068455493364,174.66364057428706,172.74605597391533,174.0556182861328,5578210
2023-04-13,173.00328654349664,173.00328654349664,171.17924822848062,172.2549591064453,6724634
2023-04-17,168.3496439237396,169.28504960905408,164.63140061535125,169.00442504882812,13603290
2023-04-18,169.9866171046055,172.53558923160176,168.02225930327845,172.06788635253906,8024898
2023-04-19,172.06788566553118,172.06788566553118,168.5601140865662,168.7471923828125,7475944
2023-04-20,168.60687386463215,170.10352866229152,167.90531960444645,169.7059783935547,4423266
2023-04-21,170.29061328249801,172.4420492817828,170.08014128734465,172.13803100585938,5299988
2023-04-24,175.38858133113965,177.07231456655046,173.30729779007976,176.768310546875,17779044
2023-04-25,176.88523206537047,177.2126155121818,174.9676474337423,175.6925811767578,7528552
2023-04-26,176.62798230724957,176.62798230724957,174.64024515131683,175.1781005859375,7008146
2023-04-27,176.04333101477022,176.136877284006,174.0088209807236,175.10792541503906,8491700
2023-04-28,177.72708328048904,181.46870608639406,177.72708328048904,180.0655975341797,27709406
2023-05-02,181.93641978796356,183.40968100102344,181.21148603534715,181.63241577148438,9746608
2023-05-03,181.63239994576995,181.63239994576995,178.68586350322406,180.11236572265625,4828488
2023-05-04,179.94867812641323,180.60345928575674,179.15357754303693,179.4575958251953,6253358
2023-05-05,179.0132796913558,179.78498659894663,177.2593938681224,177.44647216796875,7902194
2023-05-08,178.19479686333702,179.1302026211498,177.5400156874999,177.8907928466797,9613544
2023-05-09,178.89634169023805,179.34066511088892,177.75046398844898,178.80279541015625,5716698
2023-05-10,179.597898004886,179.85512886828582,178.66249228611053,179.48097229003906,3670402
2023-05-11,180.3930131097271,180.93086858672734,179.17698272270937,179.90191650390625,4049964
2023-05-12,179.87851778686468,180.18252178274255,178.45201553980985,179.2471160888672,4580358
2023-05-15,179.2471095027664,181.00099511433945,178.89633238045178,180.41636657714844,5089694
2023-05-16,181.23486148356042,181.84286950314498,180.76715861521575,180.97763061523438,4059352
2023-05-17,180.62684795964225,181.16470338721652,178.35848626266377,178.80279541015625,5376102
2023-05-18,180.15916087487437,180.22931345449695,178.7794316252716,178.94313049316406,4237016
2023-05-19,179.97206610866243,181.56226735094506,179.36405806178456,180.62686157226562,7281582
2023-05-22,180.76716267723717,185.49096460829873,180.25268665586546,185.09341430664062,12197390
2023-05-23,185.67803639930176,188.06332385251395,185.23371297069488,185.98204040527344,12725634
2023-05-24,184.50878105680758,187.2916188251028,183.97092561431558,186.9408416748047,8256974
2023-05-25,186.6134422224664,186.6134422224664,183.64352618960746,184.3217010498047,13605054
2023-05-26,184.8127888153839,188.27378724724613,184.74263623853273,187.87625122070312,7926180
2023-05-29,188.95196771212656,189.88737349287965,186.7771521265075,186.98760986328125,7959308
2023-05-30,187.08115476999222,188.8818137392853,186.82392389144724,188.2504119873047,7378972
2023-05-31,187.89963640495742,189.32612451283143,187.31500779137633,188.78826904296875,11783582
2023-06-01,189.41965838001164,190.82276696060433,188.97533495356055,190.4252166748047,7065484
2023-06-02,191.15017180190293,191.6646335487828,188.95196256771783,189.3962860107422,6320754
2023-06-05,191.24369658694647,191.64124687255236,188.81165027899956,189.04550170898438,7252860
2023-06-06,188.64795668904193,188.64795668904193,184.99986571555587,187.05776977539062,13707400
2023-06-07,188.20363825318353,188.76488742499544,187.5488570681759,188.39071655273438,8215860
2023-06-08,188.9987230181701,189.30272701359118,186.49650993618155,186.87066650390625,10615052
2023-06-09,186.82391670293526,187.24484643033955,185.23371553004972,185.81834411621094,12018232
2023-06-12,186.9875978439515,186.9875978439515,184.55555153421807,185.02325439453125,11973622
2023-06-13,186.12236096621064,186.37959183287708,184.5087803715684,184.99986267089844,13016186
2023-06-14,185.35064003635762,185.74819032698173,183.66692113774045,185.42080688476562,18512564
2023-06-15,185.72481576332765,185.88851462530786,181.5856424371724,181.9130401611328,28702320
2023-06-16,180.32282003127847,181.77270165596752,177.32952477998478,178.3350830078125,41110648
2023-06-19,178.66249436550692,178.66249436550692,176.3707531824659,177.7972412109375,10629440
2023-06-20,178.5689645598332,180.04224013851749,178.0077296341459,178.8963623046875,11802658
2023-06-21,179.71482515644317,181.11793374582334,179.17696971847917,180.29945373535156,8829264
2023-06-22,180.53330167956048,180.53330167956048,178.4754119761868,178.80279541015625,9356174
2023-06-23,178.80279512079548,179.1301928273935,176.83845170068253,177.70370483398438,6470406
2023-06-26,177.72709577207752,178.61572839630605,177.2827723233836,178.1480255126953,4100400
2023-06-27,179.71483741533189,179.71483741533189,178.42865445399897,178.94313049316406,5880750
2023-06-28,179.48097142716887,179.48097142716887,178.1012422893448,178.52218627929688,7140112
2023-06-30,180.06561240189222,182.28720112633115,179.13020662318112,182.00657653808594,9070810
2023-07-03,184.22816147566593,184.22816147566593,182.1702716594338,183.15245056152344,9036924
2023-07-04,184.15801386990933,185.84174713706614,183.80723670063333,185.1869659423828,12617234
2023-07-05,184.32171095968704,184.9297190046394,183.2693794620053,184.22816467285156,12366958
2023-07-06,184.50876301984445,185.65464064139795,183.8773613563998,185.30386352539062,9037242
2023-07-07,184.74263220409688,185.88850993589213,183.9007727539493,185.1401824951172,9065220
2023-07-10,185.1401813443063,185.1401813443063,182.2404178817626,182.3807373046875,5630400
2023-07-11,182.40412980958368,183.71369221177324,181.3985714357782,183.3629150390625,9634838
2023-07-12,184.22816386877093,184.2515575769574,182.56782433338353,183.26937866210938,6848220
2023-07-13,183.26937394986382,186.426368347957,182.9887493709571,184.4152374267578,13595726
2023-07-14,184.6257051610082,189.65351093803375,183.50322114449003,189.4430389404297,31366784
2023-07-17,190.3550592889849,198.7503311265953,189.79381016167056,194.21360778808594,45759860
2023-07-18,195.4997821636026,196.57549295906753,192.8104909017827,195.12562561035156,17769026
2023-07-19,196.4352103693901,196.90291325122197,193.69914565604174,195.47642517089844,10830990
2023-07-20,195.73364036021923,196.4351946267433,193.93298155484246,195.33609008789062,8255710
2023-07-21,189.4196630624204,193.7926877679994,187.54885157538416,189.27935791015625,23514212
2023-07-24,190.0276579266679,190.82275846285964,188.71809568569574,188.97532653808594,6808460
2023-07-25,189.65350639280013,189.65350639280013,187.08114070806423,187.26821899414062,6458200
2023-07-26,188.7181019703103,188.7648751104365,187.7359231202941,188.36732482910156,5329662
2023-07-27,188.95196070187603,190.1679910263714,186.6134463367538,187.05776977539062,8948358
2023-07-28,187.57223189696435,188.41410563400828,185.4675689640931,186.49652099609375,6760060
2023-07-31,186.9642194759038,189.88736236952332,186.59006289478396,189.4430389404297,6762180
2023-08-01,189.6535206612884,190.8227778786823,188.9753457659362,190.33169555664062,7181804
2023-08-02,189.8405983522823,189.8405983522823,186.6134512972623,188.39071655273438,5399618
2023-08-03,188.01655455506835,188.01655455506835,185.7014196292685,186.91744995117188,6821698
2023-08-04,187.47868372720512,191.7581618005617,187.2214386047975,191.22030639648438,12481540
2023-08-07,191.73480087592944,193.16128894702516,190.84615398767002,192.29603576660156,8822866
2023-08-08,192.88065637488867,195.26594381262066,191.7347929331768,194.72808837890625,15724284
2023-08-09,194.33055430164194,195.73366299696065,192.95082504198132,195.40626525878906,9309388
2023-08-10,195.07886875536906,196.8093608000394,194.35392074734492,195.80380249023438,9901644
2023-08-11,195.8038007528335,197.44076077343814,192.85727842500864,193.18466186523438,7571468
2023-08-14,193.2782222086229,194.65795146420365,191.5243363446608,194.16685485839844,5792180
2023-08-16,193.6991395879248,196.5287504982585,193.6289870124796,195.80380249023438,8131780
2023-08-17,195.803797895872,196.62227789423193,193.86283389725017,195.28932189941406,6340960
2023-08-18,194.12006155653228,194.7280838234643,190.8227621839407,192.5532684326172,10602392
2023-08-21,192.60003037302454,195.19578978747012,192.52987779926298,193.90960693359375,7334260
2023-08-22,194.09670896715596,195.546590852627,193.04437741251476,195.07888793945312,6350240
2023-08-23,195.14901348483772,195.47641118796412,193.90960379127327,194.21360778808594,6134234
2023-08-24,195.85057749911746,196.43520608866706,192.6935831155496,193.02098083496094,5776956
2023-08-25,191.758179299146,192.3661873291236,190.40184381239362,191.6178741455078,6598510
2023-08-28,192.43634676671155,192.90404962503564,190.65906734118488,190.8461456298828,3401974
2023-08-29,191.59447106712233,192.64680248741757,190.40183450005108,190.86953735351562,3998562
2023-08-30,191.75817068408986,191.85171696441864,190.19136326411257,190.4486083984375,4018182
2023-08-31,190.82276363276054,191.7581693368427,190.0978299213602,191.0098419189453,22061952
2023-09-01,190.79938721431395,195.38286952747853,190.5889152183064,194.72808837890625,8476130
2023-09-04,195.49979672523403,204.15229969034607,194.564390999276,203.02981567382812,27634648
2023-09-05,203.82489571546273,204.6199962673649,201.25253004810156,201.97747802734375,17973426
2023-09-06,202.86611929032304,203.70797874468505,199.19464891654653,200.7848358154297,13531912
2023-09-07,201.08883980278037,202.8427254356463,199.59218502013837,202.44517517089844,9322650
2023-09-08,202.7258089585338,202.7258089585338,200.78483068458084,201.1122283935547,5748410
2023-09-11,202.51534679400513,204.62000975144858,201.1590112982845,203.38059997558594,8253314
2023-09-12,204.4329388245437,206.4908287136034,199.6623635730856,203.4507598876953,14545328
2023-09-13,203.4273753024799,204.83048395584154,201.81379464185028,203.7781524658203,7445670
2023-09-14,205.0409182063355,207.30927979077018,203.59103657595352,204.12890625,14895010
2023-09-15,205.6957059152877,207.54313786583558,204.97077221341397,206.28033447265625,19835876
2023-09-18,206.28034587093603,206.28034587093603,203.54429548979383,203.96522521972656,6025196
2023-09-20,203.09997594106568,204.3160062855001,200.66791525219682,201.1590118408203,9102700
2023-09-21,201.06544866179922,201.69685035231635,197.8616813436004,200.6211395263672,8893070
2023-09-22,198.49310201032947,199.59220664731916,194.84502520793748,195.73365783691406,19818260
2023-09-25,195.7336558141955,196.31828441579106,192.69358708589854,193.67576599121094,9301132
2023-09-26,194.93855559792044,194.93855559792044,192.55328231715168,193.11451721191406,6480566
2023-09-27,192.81050889136057,194.8216255307516,191.89848258212575,194.40069580078125,7773994
2023-09-28,194.79824284327609,194.79824284327609,188.95195704365796,189.58335876464844,16876116
2023-09-29,189.4196538019094,191.4073909097072,187.78269383078177,189.91073608398438,12780272
2023-10-03,190.0978298048795,190.86953665564275,188.7648738227475,189.630126953125,5728104
2023-10-04,188.34395650940988,189.63013943640368,187.38515703630077,189.37289428710938,6905870
2023-10-05,190.79937479882645,191.94523816597592,189.41964574402053,190.26150512695312,8125304
2023-10-06,190.82276182543976,191.66462124187694,190.33167954471108,190.7526092529297,6365004
2023-10-09,189.04552090819897,192.22589496972358,188.67135001832781,189.70030212402344,6030450
2023-10-10,190.0744393491543,191.17354392420654,189.98090734109877,190.70584106445312,5128014
2023-10-11,191.2904661896171,198.2826295261048,191.2904661896171,196.97305297851562,19092228
2023-10-12,197.2537036310796,197.32385621342362,193.9564038024679,195.07888793945312,10234398
2023-10-13,192.64681788998664,193.8160751171329,191.313861796408,192.249267578125,10914054
2023-10-16,192.22588694777653,192.64681669230038,190.8929308624849,191.8517303466797,5277652
2023-10-17,192.5532832964612,193.55884164370562,192.24926500294788,192.4129638671875,5979388
2023-10-18,191.2904855414318,193.46530116544935,190.35507974416316,190.5655517578125,4881066
2023-10-19,183.31614141019887,185.56110942555463,182.4508882658702,184.8829345703125,25629102
2023-10-20,184.76601933282885,185.23372221864608,182.87182835453285,183.26937866210938,8429336
2023-10-23,182.8016656305693,183.80722392463468,178.7560387474196,179.20034790039062,8837826
2023-10-25,179.784998177539,181.32842636528054,178.24158426295773,178.5923614501953,6678294
2023-10-26,177.16583070715905,177.9843106800438,175.41194505097747,176.90859985351562,10995582
2023-10-27,177.28275916850478,179.7615928316008,177.28275916850478,178.82618713378906,6202812
2023-10-30,179.5978812172775,179.76158005739342,177.91414822623406,178.6624755859375,4688744
2023-10-31,179.2237499204754,179.6446796592415,177.32954468628913,178.56895446777344,6153536
2023-11-01,179.52773735411367,180.32282361540877,177.79723114296675,178.17140197753906,4241952
2023-11-02,179.50435667777504,180.13575841000585,178.70927035876795,179.4342041015625,4742730
2023-11-03,180.53331369111453,180.86071142002535,178.96650617102867,179.38743591308594,5291528
2023-11-06,180.53331826958467,180.74379028253068,179.13020957837026,179.90191650390625,4939936
2023-11-07,180.01883527353627,181.00101417407393,179.06005008084423,179.2705078125,5692178
2023-11-08,179.8785265129403,180.46315509997328,178.42864476246675,178.75604248046875,7102052
2023-11-09,179.13020740974957,179.59791030115886,177.5867935773628,178.12464904785156,9231126
2023-11-10,177.8673915797328,178.56894586827738,176.3239778541982,177.39968872070312,10710700
2023-11-13,178.9431179841461,179.08342313358327,177.7270876874424,178.49879455566406,3585902
2023-11-15,180.32283665156666,183.45645160429427,179.71482862702376,183.1758270263672,10792518
2023-11-16,183.17583650363667,186.84730709467206,182.0767318425655,185.72482299804688,13843576
2023-11-17,186.1457330150264,186.61343586179783,184.50877305132641,184.92970275878906,7886928
2023-11-20,183.90077772313552,187.5956276124243,183.90077772313552,187.17469787597656,8610496
2023-11-21,188.29717337656265,188.29717337656265,187.10452252545713,187.38514709472656,5440248
2023-11-22,188.25039045725816,188.29716359523314,186.6602036782135,187.19805908203125,5318582
2023-11-23,187.31500621345472,189.41966920461712,187.31500621345472,188.2504119873047,9677360
2023-11-24,188.25041115886032,188.71811404372707,184.9998703997728,185.21034240722656,6250566
2023-11-28,185.67803221182805,186.49651220268626,183.85399394397578,185.60787963867188,8145314
2023-11-29,186.14573910757213,191.07999859324556,186.14573910757213,190.00428771972656,15544086
2023-11-30,190.33168581927893,193.86283672589119,188.9753360979653,193.18466186523438,19825958
2023-12-01,193.51206324920693,193.51206324920693,190.12121742792172,190.65907287597656,9830426
2023-12-04,193.02099197564263,193.16129713596902,190.23815401950458,190.5655517578125,10662472
2023-12-05,190.54214969008584,191.2904771497043,188.06333014533132,189.11566162109375,11165368
2023-12-06,190.23815123600747,196.62229285432332,189.86399463183844,195.8505859375,22082070
2023-12-07,196.43519445443255,197.13674872034122,194.86838707260486,195.61671447753906,11250552
2023-12-08,195.8739655627624,198.53987775782028,194.09670028149685,197.6512451171875,15479122
2023-12-11,196.43519574965458,197.4641477223684,195.14901292034136,196.7158203125,10084242
2023-12-12,196.76260280062473,200.13005489529326,196.5053576586447,197.4641571044922,11903364
2023-12-13,198.09553790796673,198.44631504812236,194.09668421945574,196.27149963378906,9696816
2023-12-14,198.0721470261624,203.91843235751315,197.9552213195354,203.17010498046875,24681376
2023-12-15,203.94182686776517,210.23243605865005,202.74919028125652,208.8527069091797,41567234
2023-12-18,208.59548235662461,212.1032539209176,206.72467085566834,208.2447052001953,20182072
2023-12-19,208.40840617248446,209.2268862124446,203.45075279009401,205.18125915527344,16064694
2023-12-20,206.72466963371417,210.23244117727268,200.80823115154396,202.02426147460938,26449942
2023-12-21,200.59775997132968,204.15230467132707,199.80267364876173,202.98304748535156,10663008
2023-12-22,203.5910451303906,218.08983349710155,202.98303713395313,216.38272094726562,46080814
2023-12-26,212.33710725172563,222.53302431358006,209.6945888376961,219.86712646484375,54628644
2023-12-27,219.11878600047044,222.3459328222598,217.06089630781915,220.26466369628906,25262992
2023-12-28,221.01299313887566,223.28135499131406,218.72125185139373,219.56312561035156,16839956
2023-12-29,220.26466014964544,222.32254980916113,217.99629850101053,220.4283447265625,15961140
2024-01-01,221.223449466849,226.13432942330124,219.025240348507,223.16441345214844,20347278
2024-01-02,223.56196160899177,223.56196160899177,217.15442687453353,219.44618225097656,14282514
2024-01-03,216.9673615371041,216.9673615371041,212.80480879120466,213.22573852539062,19534364
2024-01-04,213.74021169242843,215.07316772719898,211.1210727645415,211.58877563476562,15170336
2024-01-05,212.82818309856526,216.54642658614375,212.10324936677364,213.55313110351562,16889130
2024-01-08,213.9740622782207,215.14331944913994,210.02196733125015,210.62998962402344,10082886
2024-01-09,214.2079080845076,216.31257093686628,210.4429058023293,210.8170623779297,14465048
2024-01-10,211.14445091302144,213.27249310646536,209.99857325614684,212.15000915527344,8874676
2024-01-11,212.78141435964142,213.69342634057182,208.92286590076546,209.62442016601562,8638818
2024-01-12,212.8048058185143,219.3526459975455,212.8048058185143,217.6923065185547,36086734
2024-01-15,239.44048361416074,247.41481162553117,228.7768498989195,231.32583618164062,127844264
2024-01-16,231.51292041896545,231.51292041896545,224.7312288107331,226.8358917236328,25912492
2024-01-17,222.22901203837677,229.8759566871802,220.7557508776176,225.61985778808594,28668932
2024-01-18,225.61986017192925,228.7067019485662,219.0720200343425,225.73678588867188,26144924
2024-01-19,228.23899734480392,230.7412105186871,226.18110760042512,226.85926818847656,15498620
2024-01-23,223.58533482541344,227.30357807729905,218.44060363436344,219.7735595703125,19972336
2024-01-24,220.757833036765,224.5074352964128,219.37516148208087,224.06216430664062,11708750
2024-01-25,224.06218596985764,224.67150497812025,219.60953285602577,220.28915405273438,12852980
2024-01-29,220.2891353421685,223.57003735790292,220.2891353421685,221.6952362060547,10051300
2024-01-30,222.35143475295413,226.33538757697656,220.99220665018396,221.46090698242188,11828014
2024-01-31,221.46090062502475,224.92928012330015,219.82044950928383,224.1090545654297,10584480
2024-02-01,223.82782354969277,223.89814003788726,220.5703650322089,220.92189025878906,7828120
2024-02-02,222.63265561549025,228.02270938302317,222.63265561549025,226.4525604248047,16296222
2024-02-05,226.38224327447566,229.42879520260007,224.57774427171316,226.0775909423828,11566604
2024-02-06,227.17905026562138,235.19381427499238,226.42912689474963,234.1861114501953,29024038
2024-02-07,234.79542965631617,235.1469548942664,230.858335548395,232.10040283203125,9103534
2024-02-08,232.4284923945257,234.39703951558627,227.36653451694,229.12416076660156,11303840
2024-02-09,230.0849757679538,231.88947479432915,226.2650711611165,229.8740692138672,7893788
2024-02-12,230.1318610080605,239.41212177941034,230.1318610080605,235.02978515625,48873500
2024-02-13,235.80314127087928,240.44327172413398,230.45996031550723,239.78709411621094,22373576
2024-02-14,236.20153383503916,242.31806733749582,232.96749015883574,241.1463165283203,22594656
2024-02-15,242.2946231696187,245.05993774520698,240.46668057663325,243.02110290527344,14570776
2024-02-16,244.8959306327019,255.44168841114362,244.16945081829346,254.50428771972656,34942644
2024-02-19,255.86354078547805,255.86354078547805,249.04392758659327,251.19996643066406,18602758
2024-02-20,251.12963438742884,252.23109734169898,246.65355189864138,249.3251495361328,10374126
2024-02-21,251.17652608979455,251.3639890632972,243.4898289962164,244.38037109375,13115574
2024-02-22,245.03651230125843,249.81726110577247,244.40377833608287,248.90328979492188,14596482
2024-02-23,250.75465388064728,253.68403067831838,249.95785767024168,251.29367065429688,19860994
2024-02-26,251.34053556113741,251.4577106359911,246.5597867856682,249.77040100097656,8820636
2024-02-27,250.28596988472975,251.8795624092717,247.26284711131186,249.09078979492188,10399260
2024-02-28,248.41115659437276,248.85642759649994,241.38065216245653,242.64614868164062,12789056
2024-02-29,242.4586579816602,245.71613076812264,240.53699820632337,243.06796264648438,14462764
2024-03-01,244.8490563149495,246.1614114772042,242.57584261994688,243.3023223876953,9420630
2024-03-04,245.1068328334668,246.72385462438982,243.04454002660896,243.95851135253906,5662370
2024-03-05,242.66959978719146,243.9585257155638,239.34182452958305,240.58387756347656,10521548
2024-03-06,240.771359776474,241.3103479794192,234.3501596798078,240.51358032226562,11091922
2024-03-07,240.7947951722908,243.91166381788676,239.27151909577512,241.61502075195312,9707982
2024-03-11,242.50555181724107,243.23203157624292,240.11516307211664,241.16973876953125,11131512
2024-03-12,240.32608988404874,244.8959180193378,237.9825882762082,239.43556213378906,11652760
2024-03-13,240.8182253371664,243.11486841139475,232.85031967738382,236.41244506835938,13580480
2024-03-14,234.88916223268663,243.20860720655952,232.0769603159742,242.76333618164062,12825472
2024-03-15,241.26349372052132,242.90394486772254,237.34984312290723,242.3180694580078,13649086
2024-03-18,242.78676186731207,243.04454131773954,238.56845905494563,239.1309051513672,6393960
2024-03-19,238.56847793542434,238.56847793542434,231.13957453388622,231.93637084960938,9617386
2024-03-20,232.49878420093285,234.93603154639464,229.28819850447428,231.30360412597656,8385344
2024-03-21,234.1860968599542,236.83425063572383,233.62366509453992,234.56106567382812,11644580
2024-03-22,229.31162736941172,230.01467783656372,224.7652286270561,228.30392456054688,28646502
2024-03-26,227.78835740258748,230.1084297272015,224.53088443022622,224.90585327148438,18273346
2024-03-27,224.83553532000147,225.42141068376674,220.8750121395091,221.3671417236328,14320668
2024-03-28,223.4294624430841,226.40569822106127,222.77327051056673,225.02304077148438,15455150
2024-04-01,226.71034349019942,227.97582573288165,225.70262639050296,227.2962188720703,6041008
2024-04-02,225.89012998416928,226.24165523201043,224.7886813468805,225.53860473632812,6932654
2024-04-03,224.976151195396,228.58514934226153,223.07792064112422,226.4759979248047,13794516
2024-04-04,227.69461092511693,230.57712935106778,224.78867750808175,228.4445343017578,16004046
2024-04-05,228.02271508554298,228.32736744538963,226.17134302373762,227.3430938720703,6414344
2024-04-08,229.66315149608945,230.41307485149022,224.13249356925562,224.9292755126953,26640770
2024-04-09,226.82753331682247,227.43683803215106,222.72640537703612,223.0076141357422,15801250
2024-04-10,223.80439336449498,224.71836467140176,221.74211490415954,223.7106475830078,10771534
2024-04-12,222.63266248900524,224.97616419941582,220.28916077859466,220.64068603515625,13170046
2024-04-15,218.62526033742628,219.51578804540725,214.7584828680686,215.2974853515625,12176472
2024-04-16,212.34466751994407,214.89908990436874,208.47789000258084,210.14178466796875,21439424
2024-04-18,212.0868876507413,213.4695592695721,207.56393257592578,208.26698303222656,21986258
2024-04-19,206.22814193211624,212.74307355516106,204.82204096439725,212.20407104492188,20470106
2024-04-22,212.20407276236133,218.48465427495057,210.9151468648539,216.53955078125,18881740
2024-04-23,218.78929334045404,218.78929334045404,215.69588281716167,216.58641052246094,10322712
2024-04-24,217.43008394483687,217.78160919834875,214.94597787479248,215.55528259277344,5915168
2024-04-25,215.08658821856173,216.7973416390346,213.63361426970545,216.07086181640625,11805090
2024-04-26,216.49266691366904,223.0075982591932,216.35206254432603,217.75816345214844,21478294
2024-04-29,219.18768499921092,219.35173295936585,216.35205400183762,216.98480224609375,7249940
2024-04-30,217.0082585886953,218.76588487316099,216.30520807490902,216.72703552246094,8902956
2024-05-02,216.72701590478897,217.00823894556763,213.46955740126376,214.38351440429688,14937276
2024-05-03,215.7896377645251,216.5395611834561,212.41500383473485,214.360107421875,9730626
2024-05-06,215.03969305379218,216.82076278535357,213.72733792830323,214.96939086914062,6918126
2024-05-07,216.44579546696352,218.10969013448153,212.78993880367014,217.43006896972656,9278528
2024-05-08,217.9456445843357,218.6018221589237,216.21144771244036,217.10198974609375,8205680
2024-05-09,216.42238079150374,217.664433824877,212.8133824721332,213.68048095703125,9233484
2024-05-10,213.7507899778814,214.43041121026087,211.0557629517415,211.78225708007812,6654714
2024-05-13,211.78222867283012,212.43840621741535,208.5716288290123,211.8291015625,7111608
2024-05-14,212.18063467978845,215.55526830770268,211.94628452631116,213.89138793945312,4909420
2024-05-15,213.89138661717723,215.48496479025175,213.0945903788409,214.8053436279297,4793424
2024-05-16,216.5395447220328,219.11739644491414,213.77421573457067,217.6878662109375,14621472
2024-05-17,217.66444014912622,217.66444014912622,215.6255907615053,216.07086181640625,6876820
2024-05-21,217.00824507635056,217.85189991892292,215.46153976376843,216.0239715576172,8467448
2024-05-22,216.96136437511018,217.21915812032728,215.06313389584702,216.21144104003906,7765884
2024-05-23,216.77389708893222,219.35174883809788,216.4223718504096,218.3206024169922,13171332
2024-05-24,218.88304563393268,220.52349672540754,216.53954407468288,217.31289672851562,8205526
2024-05-27,216.53954354958444,216.6098457354718,211.6650631788849,212.06346130371094,40983758
2024-05-28,212.78994825026973,214.31322431153265,212.36812081710127,213.7507781982422,15778126
2024-05-29,212.7899314870875,213.4929819215162,210.68078018380137,211.2900848388672,9756036
2024-05-30,210.44644774562443,210.68079791015185,203.93151603248188,204.79861450195312,20724568
2024-05-31,205.0798243084693,207.23584869390075,204.11899435041784,205.38449096679688,21438004
2024-06-03,211.00888554629688,211.17291921212257,206.95461641686776,208.14981079101562,8964424
2024-06-04,208.99346561479234,208.99346561479234,195.4480295005349,205.3610382080078,17730732
2024-06-05,206.08752166290262,213.25863032377967,205.7828550338477,211.61817932128906,12267428
2024-06-06,213.23523041422513,216.53956216741798,212.13378172862767,216.07086181640625,15425568
2024-06-07,220.28915020241553,227.97583258280136,219.49235393769075,227.10873413085938,72672440
2024-06-10,228.9132386409775,228.9132386409775,221.8593043857575,222.7498321533203,18311752
2024-06-11,224.6012038593448,224.6012038593448,222.32800439810572,223.12478637695312,9371714
2024-06-12,224.03875130950746,227.0384304746891,222.89042981252769,223.52317810058594,13875116
2024-06-13,224.97615474346927,227.48370432893392,224.1090562863424,226.1947784423828,12995932
2024-06-14,227.3196499010655,227.6008729472298,223.19509290265046,223.8043975830078,11322596
2024-06-18,225.44485678144505,231.06926069283247,224.99958575035404,230.53025817871094,31870984
2024-06-19,230.7177185350996,233.01434710317028,228.1398669313555,232.35816955566406,20880284
2024-06-20,233.17839133280856,233.17839133280856,228.84291370501262,229.85061645507812,12571126
2024-06-21,233.3893381448135,234.7954391534893,229.24133730850002,229.9209442138672,95171176
2024-06-24,229.71003764472528,231.95979353716695,229.40538528689868,229.9209442138672,9934518
2024-06-25,229.92092828350803,233.41275126789063,229.33505290381956,232.87374877929688,9258210
2024-06-26,232.873755494802,234.30328574102677,231.4442109449787,232.10040283203125,12812090
2024-06-27,230.67086627460867,239.951141460201,229.28820887292332,239.41212463378906,42137138
2024-06-28,239.97456404050502,241.98996969674948,237.09205993081633,241.3103485107422,16405832
2024-07-01,242.73990284115155,251.12962125518663,240.95881877116275,247.16909790039062,30757528
2024-07-02,248.08305732644698,255.44165758756452,247.6143570372955,252.25450134277344,36276968
2024-07-03,253.9886978462836,255.652578149447,250.98900455623476,252.62945556640625,16049384
2024-07-04,253.75437236846525,257.22273767708566,247.9893353722806,248.73927307128906,19524632
2024-07-05,249.04388758482523,251.45770552058508,248.1533741983706,250.801513671875,10376090
2024-07-08,251.19995249189395,254.50428416150137,250.75468144825643,253.66062927246094,12176360
2024-07-09,254.9729649231747,255.41823593262316,251.97327154002355,253.56686401367188,8681444
2024-07-10,253.56688905664868,254.6683234349948,249.23141082416439,251.01246643066406,9233748
2024-07-11,251.55147801323736,252.88726253836919,248.41118001612216,250.3328399658203,8807618
2024-07-12,255.44168928176285,264.7219504369816,253.8246673621174,262.5425109863281,54186042
2024-07-15,265.7062214945412,265.7062214945412,260.66769308026113,262.3315734863281,16099478
2024-07-16,263.3392620048659,263.69078724307144,260.784868159663,262.3315734863281,11239032
2024-07-18,260.8551553881567,269.2214732007658,260.7614096034311,268.6590270996094,25019786
2024-07-19,271.79932340076317,271.79932340076317,259.98806977220414,261.1598205566406,26523490
2024-07-22,244.19286943918488,246.88789630919507,235.0766423922326,237.06861877441406,76014568
2024-07-23,238.09976379741474,238.09976379741474,227.95240467739822,234.60794067382812,25847632
2024-07-24,235.52191160251942,237.32641070138783,234.27985861100697,234.39703369140625,12240276
2024-07-25,232.47535915579414,237.86541284589825,231.2098625679824,237.56076049804688,21887890
2024-07-26,239.03716370040993,247.73154893317167,238.33411321893814,245.9739227294922,26153996
2024-07-29,247.47376291497562,248.6689429803416,245.05994488305888,245.7864532470703,12011554
2024-07-30,245.7864425961582,246.9816226097322,243.60697481296208,244.4272003173828,10816526
2024-07-31,244.56781427582933,246.02080239068675,243.46637999813763,244.66156005859375,7758508
2024-08-01,245.13025897958767,246.91131441325822,242.5524073077182,244.4506378173828,10759752
2024-08-02,241.3806507430725,243.3726269870687,234.81884664520257,235.35784912109375,15652228
2024-08-05,229.66315798415351,232.4050577310106,225.09332984059128,227.3196563720703,21938080
2024-08-06,229.545977568115,234.04550341945009,228.069574447539,229.42880249023438,11271584
2024-08-07,233.74086504405375,234.39704265867312,230.90521940774983,233.1315460205078,7079826
2024-08-08,231.5379571546469,231.5379571546469,227.9524025816965,228.3976593017578,13160570
2024-08-09,232.17070581106705,232.68627902253954,229.49910827209058,230.2724609375,6065948
2024-08-12,230.38963102077716,231.53795249853513,228.44452760038564,229.21788024902344,7338468
2024-08-13,229.21788552915535,230.92865313820266,228.3273577828285,229.8975067138672,6289418
2024-08-14,231.06926248414877,232.873761613761,229.87408236515307,232.07696533203125,11121756
2024-08-16,234.818857676065,242.52898357469255,233.3893274376002,241.96653747558594,25931140
2024-08-19,241.84936840503246,245.22401647630969,240.77136337582942,243.60699462890625,11466562
2024-08-20,243.67731416898033,247.28628384138884,243.56013908592297,245.9036407470703,9543812
2024-08-21,245.31775066510264,247.520619209121,244.21628778589715,246.7003936767578,6454402
2024-08-22,247.3800196828274,248.6689455446344,242.81019162732986,243.25546264648438,11496506
2024-08-23,243.677300636345,244.40378038951596,239.66990443617465,240.16204833984375,11277706
2024-08-26,241.84936558650088,245.97392268901726,241.82593629189515,243.7241668701172,17351380
2024-08-27,243.72416642727842,245.2474424674489,241.84936514706857,242.3883819580078,7965796
2024-08-28,243.72415624544035,252.20762024110513,242.71643915654712,250.56716918945312,34375566
2024-08-29,250.7546793807566,254.01215243246963,250.3094083407904,252.48887634277344,25685318
2024-08-30,253.8949566014042,254.0355609690623,251.08275481945884,252.34825134277344,19434804
2024-09-02,252.34825124724486,254.035560872895,249.27824141736002,249.55947875976562,15735982
2024-09-03,249.8172654290969,253.49655142265053,248.1768143427895,251.24679565429688,15056686
2024-09-04,247.47376140904146,247.5909364854662,242.20088296992836,243.32577514648438,20402128
2024-09-05,244.2866060124916,246.53636176725539,243.48980976823037,245.99734497070312,12069118
2024-09-06,245.99734742064334,248.36430688306228,242.99768258681615,244.00537109375,14579954
2024-09-09,242.36492423162332,244.54439216432323,240.6541852265123,241.3103485107422,11919540
2024-09-10,242.22433093118448,247.47378048100927,240.91197569552796,246.41920471191406,10287272
2024-09-11,246.0676584261983,246.65353380340355,240.56042988046912,241.07598876953125,8261524
2024-09-12,243.93510414833221,249.34858749756313,242.66960747530698,248.4346160888672,15779474
2024-09-13,250.19224593940146,258.95694837507466,248.8095741587643,258.06640625,35919706
2024-09-16,259.19127912827776,260.99576393249436,257.31647783259405,258.67572021484375,11088578
2024-09-17,257.31647783259405,260.08182118660653,256.4025064795087,258.67572021484375,8728238
2024-09-18,257.3399263675241,257.3399263675241,249.65325764484083,252.23110961914062,16665520
2024-09-19,255.06672369609075,258.46480106712386,248.01278949559256,249.98130798339844,20969182
2024-09-20,252.11391306928303,253.4496975357465,248.87986942483846,252.67633056640625,16664232
2024-09-23,252.67634326025052,253.28567659140745,249.3485822705716,250.70782470703125,8544290
2024-09-24,249.4423018356755,253.98870040248872,248.1064888353461,252.88723754882812,12355694
2024-09-25,252.53574816459962,252.81698554482819,248.7627159892641,251.317138671875,8065196
2024-09-26,252.48886178818037,254.55112598026426,251.08276086336096,253.98870849609375,11403400
2024-09-27,257.2696230089627,261.9566263167798,253.426274575113,253.94183349609375,26462384
2024-09-30,252.16077964026402,255.20733181063895,250.28597830464867,253.77780151367188,8199446
2024-10-01,253.19192045820077,257.5976863344701,253.19192045820077,256.26190185546875,9411274
2024-10-03,253.14502093574376,254.22305451298524,246.65353321468234,248.48147583007812,14035368
2024-10-04,247.49719103975647,254.01213674071784,247.49719103975647,250.07504272460938,11922754
2024-10-07,252.16077115727455,253.8949680558179,246.5129380451728,249.09078979492188,9878074
2024-10-08,249.13763835169922,250.1922140250405,243.8647599849928,246.98162841796875,11502804
2024-10-09,248.31741747355073,252.48886165790805,247.70811279454935,248.95018005371094,8841688
2024-10-10,250.75467601957777,251.9732854321209,245.3411929409685,246.0676727294922,12620244
2024-10-11,243.8881914896627,250.47345363976524,243.8881914896627,247.61436462402344,8436982
2024-10-14,252.48886235429111,258.65225425758405,251.36397016903481,257.5742492675781,33136266
2024-10-15,259.1209576014352,259.1209576014352,248.8095506755513,249.79383850097656,21601252
2024-10-16,249.81728338570707,252.53573965983412,247.94248200945412,249.4188995361328,12553622
2024-10-17,250.73124992237834,252.16078022264702,246.09110516313436,247.82530212402344,23755278
2024-10-18,249.34856373542928,261.7222633035247,245.97391579802175,257.1524353027344,74653054
2024-10-21,258.535104564011,263.36274110979775,256.3790943723156,256.8946533203125,23966964
2024-10-22,257.69140740045356,260.36300470936936,254.90263502191155,255.65257263183594,18478300
2024-10-23,256.6134437401879,259.8943462172314,254.129337586152,256.47283935546875,12698576
2024-10-24,256.47281872887993,258.01952405079675,255.51198880217376,256.33221435546875,9576604
2024-10-25,257.66800099759826,258.72257671791584,253.3325230362926,254.71519470214844,10124540
2024-10-28,254.7151865454729,262.378425091504,254.36366131662385,261.81597900390625,11185858
2024-10-29,262.37843420176176,264.0657725231426,259.3084528179905,263.5033264160156,12055630
2024-10-30,263.6439354216193,271.26031577824386,262.9877435172464,264.932861328125,20755492
2024-10-31,264.7219184766117,265.4249689126901,256.98836367974934,258.6288146972656,15680094
2024-11-01,258.58196998971823,260.08181672195786,257.7851737312912,258.41790771484375,1962810
2024-11-04,258.25387829445106,258.9334994850865,250.3797185796895,253.47312927246094,9855560
2024-11-05,254.5042710014761,255.60570529865896,253.28566162556328,254.83236694335938,6862260
2024-11-06,256.59001385603284,265.2140831830394,253.5668908591009,264.3001403808594,19554884
2024-11-07,265.2843747406764,267.01857160441347,259.8708918962945,264.0657653808594,11997142
2024-11-08,264.81568938189946,271.2837482860708,264.81568938189946,266.69049072265625,20852658
2024-11-11,266.6904702357032,273.34602020555536,265.3077986316712,268.79962158203125,16139444
2024-11-12,269.5026715246649,271.70556864813176,266.7138990283183,267.4638366699219,11260890
2024-11-13,267.1591910578455,268.84650082164734,265.0734688448139,266.69049072265625,11391200
2024-11-14,266.66706355556084,269.29177401068847,264.4407369456442,265.61248779296875,9783520
2024-11-18,265.6124572747471,265.6124572747471,253.23875830582824,259.1209411621094,15289764
2024-11-19,260.5973745325706,267.06543314305475,259.9880698459302,263.4095764160156,12919778
2024-11-21,263.40956806413783,266.0342782959199,260.26927033908703,261.1363830566406,11672608
2024-11-22,263.3861572118334,268.8464989137181,261.487926589228,267.93255615234375,14733232
2024-11-25,269.7370338937139,275.3848670226988,268.98712482533307,272.9945068359375,23297474
2024-11-26,274.1896823954299,276.6972176206119,271.5180848968043,276.0644836425781,15771340
2024-11-27,277.2362249186774,279.34537624941964,272.73671352263887,273.2054138183594,13659676
2024-11-28,274.54122196977573,274.6583970538431,267.41697113704186,268.1903381347656,11896556
2024-11-29,269.5026859800492,272.1977128398497,267.9090934374621,270.8384704589844,8540112
2024-12-02,272.99453096804734,274.4474906441725,271.00255443392757,273.9787902832031,11194000
2024-12-03,276.86127701481433,277.65807325800534,271.1899861368519,273.39288330078125,15445286
2024-12-04,276.2050688016564,278.40796583525986,273.533471488869,275.59576416015625,14036431
2024-12-05,276.53318412041773,282.0638420813867,275.50203771242764,280.5639953613281,13487264
2024-12-06,280.42336297882645,280.42336297882645,277.65804857815607,278.7360534667969,7894350
2024-12-09,276.5331875522441,286.56338579786535,275.3614367575312,284.7354431152344,9285213
2024-12-10,286.8445938175806,291.5315969845345,284.4542336453129,288.8131408691406,17028502
2024-12-11,288.8600334803149,290.5004847819637,286.4227858249966,289.6568298339844,8608406
2024-12-12,288.7193724614554,294.1562842662282,288.20381359636644,289.7505187988281,12958440
2024-12-13,289.75053651755866,291.5784505569044,285.1572792144073,290.5473327636719,7382211
2024-12-16,290.59420841136273,291.90656363113567,287.8757521831477,289.84429931640625,7221189
2024-12-17,291.5315798382218,292.7033305610442,288.0631862557892,289.51617431640625,10568517
2024-12-18,289.65681539218355,293.6407683546974,289.23497363562603,293.0314636230469,10965226
2024-12-19,287.17269956831524,293.7813628165425,282.2982046653291,293.17205810546875,12405595
2024-12-20,295.74991150702635,299.96821452376685,285.34475834429355,286.0946960449219,22214824
2024-12-23,287.4070315242057,291.203492535669,285.9071848331499,288.6256408691406,6693583
2024-12-24,288.2506777241663,289.84427014958453,283.8448835648537,286.1883850097656,8837902
2024-12-26,286.282136457567,287.73512454649966,284.96978134386995,285.95404052734375,6516148
2024-12-27,286.0946623365019,291.4378283638418,285.625962056532,289.7505187988281,8063921
2024-12-30,289.7505255351542,290.031734266796,283.7042803400973,284.6885681152344,13709891
2024-12-31,282.11075183055044,284.0324118207817,276.7675564029234,282.95440673828125,9337030
2025-01-01,281.2201645693241,284.3604621284538,280.23590543620924,281.5013732910156,7878201
2025-01-02,279.3453756223808,285.3916208664818,278.54857940000534,284.78228759765625,8800435
2025-01-03,284.3136122169954,284.7823125527354,275.59579741511095,276.01763916015625,12535720
2025-01-06,276.5332060920679,279.15791660531636,272.36176154034183,275.87701416015625,9173687
2025-01-07,275.87698931370414,278.8766827219958,273.06478747112936,275.64263916015625,7381943
2025-01-08,274.6583919292054,279.7672369420987,271.1899980626469,278.9235534667969,7937785
2025-01-09,278.40799174281796,279.34539238841666,273.1116838166247,274.002197265625,7964702
2025-01-10,275.8769943454597,284.2667414383746,275.8769943454597,281.7357482910156,19505556
2025-01-13,280.23590232557234,280.51711104414244,272.0805062007096,273.5803527832031,9541248
2025-01-14,273.5334734727269,276.11132502693494,268.6121205056024,274.51776123046875,7670070
2025-01-15,274.658357139617,276.2519494942262,271.5649468126628,274.33026123046875,4662694
2025-01-16,277.3768190878434,277.9392651434681,268.7527511279784,270.0182189941406,10345666
2025-01-17,269.7839116227367,269.7839116227367,262.94089791489023,264.3001403808594,9358955
2025-01-20,283.0949798507754,286.28213615414626,278.3611182862153,281.45452880859375,39380165
2025-01-21,283.4699536590357,286.7039973765929,279.1579049046921,279.6734924316406,15619474
2025-01-22,280.6108633394152,290.594173581335,280.6108633394152,289.7505187988281,30859317
2025-01-23,291.6253448776712,304.28025351993773,291.20350314671674,297.81219482421875,39904371
2025-01-24,299.03077384511084,302.3116757525023,296.7810182586241,300.0619201660156,17479586
2025-01-27,297.9058885625328,299.17138504862663,287.54762374656946,288.6725158691406,12372895
2025-01-28,290.6323746665909,294.0740796754033,288.2900955031316,290.2499694824219,12077491
2025-01-29,291.63618831954506,300.86187738666854,291.63618831954506,298.7108154296875,16338112
2025-01-30,297.3245918743047,299.9058781363986,292.49666403020615,295.41253662109375,9984186
2025-01-31,297.99380954721744,301.81791988250086,295.9383269014854,298.18499755859375,15597644
2025-02-01,298.80639980983835,299.4756307667261,290.01096383380866,291.3971862792969,6046117
2025-02-03,289.6763439630714,300.19264687922254,287.0950579406672,299.81024169921875,14877076
2025-02-04,304.0167677325222,304.8293970034145,299.57124536024196,302.3437194824219,15366864
2025-02-05,303.825543331492,307.3150672250492,301.0530692751639,303.1563415527344,9628027
2025-02-06,305.92880838148284,309.3705133109035,300.71844669347786,303.9689636230469,15062390
2025-02-07,304.97278167916545,304.97278167916545,300.1926440352914,304.0167541503906,8589587
2025-02-10,304.781561967451,306.88483418351484,301.961298286416,305.02056884765625,12304840
2025-02-11,305.45081258658024,306.3112315756385,297.89820052050766,299.23663330078125,10627890
2025-02-12,299.6668737481264,301.86572563753896,295.7471546109734,296.5597839355469,9668342
2025-02-13,296.6553480791362,299.8580463253531,293.4526790085659,294.9822998046875,8832731
2025-02-14,296.41636043063266,298.6630312373382,291.1582083694977,294.5521240234375,7371341
2025-02-17,294.5521105785314,296.65535380159326,288.72033635997207,291.92303466796875,7507772
2025-02-18,291.92303729501725,298.99763579197605,291.92303729501725,298.4718322753906,10368789
2025-02-19,297.5635846018467,302.58272940235975,294.7432915674903,300.28826904296875,7835672
2025-02-20,297.51577255348104,300.47943449168673,296.60753474942175,299.5234069824219,7697134
2025-02-21,299.0454193049779,299.0454193049779,291.6362054620812,292.8790588378906,8722925
2025-02-24,289.62856900845134,289.96315532321836,280.450698342668,282.075927734375,12600963
2025-02-25,281.40674658488786,283.2709830100644,277.3436290439112,278.4908447265625,10810040
2025-02-27,281.0721265601788,282.7929646443696,278.5386591457014,281.5501403808594,15555649
2025-02-28,281.07212843212847,281.07212843212847,264.8196584207469,265.4410705566406,17458839
2025-03-03,267.1619143334405,273.7584986875257,267.0184868583757,271.08160400390625,11471554
2025-03-04,266.7316860743931,270.6514048590025,264.1504000227699,267.6877136230469,9331785
2025-03-05,269.0261627467088,274.3321334703956,266.39708682773204,272.5634765625,10285712
2025-03-06,275.7661654071248,279.16005162477023,271.033817245282,273.3282775878906,9782051
2025-03-07,274.7623193772562,275.0491451553082,270.4601952872919,272.2766418457031,8097300
2025-03-10,271.94207234668045,273.0892880028726,265.7278927214502,268.54815673828125,8165123
2025-03-11,264.81963094991136,267.01848264133116,261.18673793565813,265.5366516113281,8602609
2025-03-12,265.48888718012614,265.48888718012614,250.67045876671983,256.7412109375,18584311
2025-03-13,256.7411949468078,259.17908278127226,251.76986903603944,252.3912811279297,8683943
2025-03-17,252.3912756253402,253.53852036662278,247.5155292383579,248.42376708984375,12697926
2025-03-18,248.42376708984375,248.42376708984375,248.42376708984375,248.42376708984375,0
2025-03-19,250.4792267992334,254.78135092364772,244.98206819581512,254.01654052734375,14044300
2025-03-20,257.3626378399473,261.9037688737735,255.7373792733719,256.21539306640625,17038774
2025-03-21,252.39128871477692,257.69723027318094,248.75839547171705,252.67808532714844,22659168
2025-03-24,255.30716228299886,259.7048951362335,253.72972255728627,257.5538330078125,9269617
2025-03-25,260.0394931244234,262.62077917496083,257.5060259566859,259.0834655761719,12563930
2025-03-26,260.0395021183696,260.278509013699,255.02035731645256,255.6417694091797,7308412
2025-03-27,258.1274405933101,261.521326753075,257.74503540533806,260.230712890625,14783522
2025-03-28,259.08347247099175,259.8961017437606,250.09681911340022,250.71823120117188,14283389
2025-04-01,248.9017791928424,251.4352463724932,247.13312238513114,251.05284118652344,8388635
2025-04-02,251.24404103160617,253.87311692555642,249.61881162073414,252.00888061523438,7136992
2025-04-03,248.4715688242457,249.04519122265188,244.07385059181817,245.0776824951172,12262561
2025-04-04,241.87497092125852,242.78319417909,234.08335219904274,235.46958923339844,14639785
2025-04-07,220.89016799643343,233.12732353468408,217.97428105597103,232.21908569335938,13011904
2025-04-08,233.98775388835296,238.52888496483783,233.1273348879378,236.37782287597656,13806651
2025-04-09,230.11584172171595,231.64549172561502,223.71045968255785,226.24392700195312,19063559
2025-04-11,234.2267558522468,234.2267558522468,227.86917831424364,229.20761108398438,11205821
2025-04-15,234.27456860177384,234.27456860177384,230.7372693645474,233.27073669433594,10694621
2025-04-16,233.27072857099728,237.52504836712504,230.59384844032286,236.76022338867188,16203319
2025-04-17,224.6664788678326,227.3433589804182,221.94179445919988,226.48292541503906,54875421
2025-04-21,226.9609356062515,230.2114380442893,226.9609356062515,227.9647674560547,16298364
2025-04-22,227.9647728170045,228.49059090191665,223.2324392284416,223.85385131835938,18367713
2025-04-23,226.76973574749184,234.56136916342427,225.71811417753992,232.88832092285156,31898042
2025-04-24,234.03554295360982,234.37014383740578,230.88064917771626,232.07568359375,23000820
2025-04-25,233.22292437952927,235.32618213035408,227.58236751306862,230.30703735351562,16620430
2025-04-28,229.9246368408203,231.31087393747262,228.25158854779977,229.9246368408203,14218414
2025-04-29,230.97626662263193,232.88832176160133,229.3032183760337,230.78504943847656,16647246
2025-04-30,230.92846530739808,232.69710758108045,228.68179465498002,230.8806610107422,14206640
2025-05-02,231.3969048811204,234.99157785344963,230.16363574375234,231.052734375,10822257
2025-05-05,233.27073452426686,236.01452906962498,232.02789572604007,232.85964965820312,12170446
2025-05-06,233.7487539088033,235.08718674636222,230.0298070374891,230.5843048095703,8869045
2025-05-07,225.63205980019728,233.70093476268548,225.63205980019728,233.3089599609375,9130056
2025-05-08,232.41986209217805,235.02025823803473,228.7869544247762,230.9475860595703,11434833
2025-05-09,226.19612707242462,232.26689334025846,226.10051848106667,231.36822509765625,10582438
2025-05-12,234.3128027502575,246.59776333804783,234.1120451219244,245.96678161621094,19791711
2025-05-13,245.65130675971545,245.65130675971545,239.59963563280942,240.50787353515625,11714159
2025-05-14,240.5078586142634,242.5346323593957,239.72390901830983,241.81761169433594,8839105
2025-05-15,242.06618669463595,245.79470310723363,239.59963372293012,245.2880096435547,12083645
2025-05-16,245.69908156861143,245.69908156861143,242.381664786632,243.1273651123047,6640387
2025-05-19,243.12737520712,243.5384746583959,240.23061276300297,240.67994689941406,6788784
2025-05-20,241.87498444087518,243.4046344463817,238.34724023889126,238.7296600341797,9366429
2025-05-21,238.7296588628064,241.02411927198438,237.19045384040393,239.88644409179688,5313593
2025-05-22,238.05086933031822,238.90173329983332,234.22675897963038,235.12542724609375,11469037
2025-05-23,235.27839693227736,239.47535749023734,234.8003831348431,236.4829864501953,7437642
2025-05-26,237.56331029525484,239.81953607858665,237.28605411423132,239.23635864257812,3690751
2025-05-27,239.95336787014628,239.95336787014628,237.08528512638918,237.33384704589844,6861143
2025-05-28,238.61491930645585,239.140737391071,236.10057670009755,236.54989624023438,6205160
2025-05-29,238.67227305837383,240.6703817332923,237.19044201969984,239.14073181152344,11785042
2025-05-30,239.00689710471704,240.0680883113749,237.59198035844764,238.69140625,13858429
2025-06-02,236.71244054108845,237.49637559055304,235.37399314304562,236.78890991210938,5846259
2025-06-03,237.09484010992873,238.52888148156134,234.9246534162675,235.3931121826172,8573438
2025-06-04,235.67034363231838,238.82523743186326,235.67034363231838,236.0049591064453,6698150
2025-06-05,236.04319875424977,238.5193212216614,236.0240887062802,237.0374755859375,6468060
2025-06-06,236.23441802954062,238.98776750731147,236.23441802954062,237.6588897705078,4445411
2025-06-09,238.62449892167552,242.25739219424057,238.26120375928954,240.24017333984375,9193904
2025-06-10,241.77937470124814,244.5518634996342,240.75643275281624,243.66275024414062,10739851
2025-06-11,244.7621797999991,250.09683023683849,242.92662311522986,247.53468322753906,17268454
2025-06-12,248.56717017950135,251.43525291234172,245.0489956960389,248.19430541992188,14528657
2025-06-13,243.78703354142425,250.71823351466082,242.83100595890886,248.76792907714844,8692116
2025-06-16,248.5671597955976,253.64366368660225,246.65510472024687,251.33009338378906,10935361
2025-06-17,251.33010259826244,253.77753085038947,250.1541781805768,251.34921264648438,7528454
2025-06-18,251.33964354462043,253.92092966647772,249.551876648098,250.08724975585938,5016660
2025-06-19,251.29185778614354,254.72399333206667,250.29758092368093,253.90179443359375,14184486
2025-06-20,254.30333228264814,255.45057703087332,251.3109613361813,254.81959533691406,12904674
2025-06-23,252.39129370236992,253.53853852582162,250.29759086374162,251.66470336914062,6214062
2025-06-24,253.82532749356554,256.83680859480046,253.0700575212962,253.31863403320312,6319428
2025-06-25,254.20771898265866,258.0891884905033,254.15992927555354,257.5633850097656,5331739
2025-06-26,257.2670061850603,259.370249180491,255.4409901582738,256.7124938964844,8564099
2025-06-27,257.17141639795153,258.12744396820415,252.86929233181482,253.3950958251953,8906108
2025-06-30,254.39894410501742,255.01078658303396,251.33964418799587,254.2842254638672,7119563
2025-07-01,253.825306294754,256.5499905590356,252.1044684308101,252.9170684814453,3886095
2025-07-02,253.34731369875792,256.88462748481066,252.8215101896419,255.25936889648438,8750887
2025-07-03,256.5978025215564,258.9400818165316,254.73356620319072,255.30715942382812,9357962
2025-07-04,256.50221401676157,259.4659056499897,255.73740354557657,258.1752624511719,7141779
2025-07-07,258.1752311140299,258.65324489441184,255.54615532192918,255.97637939453125,4849218
2025-07-08,256.02415940654697,258.41422821794356,255.59396452588237,257.7928161621094,5519016
2025-07-09,256.2153871048982,257.553819859123,253.203906113981,256.024169921875,11564433
2025-07-10,255.78516475082685,255.78516475082685,251.57864927684457,253.3950958251953,6911031
2025-07-11,249.52319590064903,250.5270131794162,246.41610629652217,246.94190979003906,13109857
2025-07-14,246.94190727505418,248.13694172600904,240.58432983110347,243.07000732421875,10388421
2025-07-15,242.83100920352794,248.42377647110078,241.68377900674525,246.0814971923828,8750149
2025-07-16,246.08150571405562,252.39129389660022,244.79086258059118,251.24404907226562,12179338
2025-07-17,252.24788247748376,252.72589626683822,246.65511530690716,249.1407928466797,7484171
2025-07-18,256.7890180670817,259.94389746296383,253.9209352796809,255.21157836914062,30319126
2025-07-21,255.21156685760755,255.40275486275578,247.80235332435427,248.9017791748047,12190000
2025-07-22,250.192420079337,250.62261496899794,247.37212715265252,248.28036499023438,6724044
2025-07-23,248.80616803289453,250.24020934720517,246.79850435773062,249.9055938720703,6510321
2025-07-24,250.47922899208316,251.8176617851558,248.80618070683067,250.33583068847656,8139900
2025-07-25,250.28801660936216,250.52702351184462,244.79085785226582,247.8023681640625,8427780
2025-07-28,247.60738980612828,247.60738980612828,242.7332285894722,243.75680541992188,8998911
2025-07-29,242.9281836016165,246.34009633443347,241.02726376828457,245.46275329589844,12923128
2025-07-30,245.12155539507043,246.14513218703763,242.92818293003742,243.90301513671875,6057152
2025-07-31,241.85587881684572,243.85427296047746,239.85746979845484,242.05084228515625,7338764
2025-08-01,240.29613896378774,240.68606589658398,236.10435749981247,236.64051818847656,7436999
2025-08-04,236.64051839138318,240.21815080825093,235.0320511987707,239.8574676513672,5234393
2025-08-05,239.85746895680657,240.7348119985049,238.37571982827956,239.7209930419922,7383968
2025-08-06,239.80872590831794,239.80872590831794,233.2870959823132,233.92074584960938,7700190
2025-08-07,233.0921411684065,237.05970071274936,232.60472504073846,236.2213592529297,6190830
2025-08-08,236.2993246485287,237.12793798708202,232.3999957607658,233.0336456298828,8922847
2025-08-11,233.0336446237802,238.5901852899006,232.61445903528065,235.53895568847656,3047287
2025-08-12,236.59177549712652,240.09141957743057,235.03205287869676,235.63644409179688,8101435
2025-08-13,236.77700412958293,236.77700412958293,234.07671463760067,235.56820678710938,5820844
2025-08-14,236.98172361315326,242.17756636517944,236.30908698725327,240.5983428955078,12857225
2025-08-18,242.3822874367516,242.7429706054472,238.59993358753013,239.0386199951172,5789317
2025-08-19,239.28233472982822,241.27098600900808,238.61944105359495,240.7445831298828,4090961
2025-08-20,239.12635241728586,246.52532557896734,239.12635241728586,244.52691650390625,10099384
2025-08-21,246.3791078589765,246.3791078589765,243.32787816102336,243.62033081054688,7607486
2025-08-22,245.65773070556986,246.6325629702745,241.37821765850688,242.38229370117188,13572686
2025-08-25,244.2929690295729,250.81459919486161,244.2929690295729,247.451416015625,16391069
2025-08-26,246.63255439625433,248.40675619622257,244.9850855462151,245.6869659423828,15797327
2025-08-28,245.67722032009752,245.99891673776128,242.81121121251053,244.34169006347656,5851451
2025-08-29,244.19548291273827,246.73005275714573,242.4017951111859,243.13291931152344,10117017
2025-09-01,243.142661030958,246.62281934658193,243.123160220783,244.0590057373047,3198345
2025-09-02,244.05899265747667,246.77876797811365,243.31812553289043,244.61463928222656,5046939
2025-09-03,245.56023287741706,246.04764899259635,242.85020046700103,243.2791290283203,3862765
2025-09-04,243.2206458758789,244.03950139425618,238.2879970809629,238.80465698242188,5021036
2025-09-05,239.90621883891225,241.09551535487674,235.19777736172693,237.53736877441406,6233782
2025-09-08,238.21000856602762,240.77382213657367,236.1043673417334,236.41632080078125,6596932
2025-09-09,238.83389256709856,243.5618347576162,238.83389256709856,242.8794403076172,12836972
2025-09-10,243.02567441536718,250.69761406985873,242.97692982961703,249.31333923339844,15261331
2025-09-11,249.26459645464794,249.26459645464794,245.82343989732132,247.5196533203125,5865301
2025-09-12,248.4652524024239,249.45957060265388,244.5074357874524,245.5992431640625,5345794
2025-09-15,245.17030534459616,245.45300014582503,243.31813006128027,244.95584106445312,3700703
2025-09-16,245.65771906058336,248.0947996068193,243.90301809234163,247.61712646484375,7316998
2025-09-17,246.92500261772264,249.06963051215138,246.4863310966648,247.75360107421875,7339871
2025-09-18,250.53188370180976,253.26140205244997,249.557051469507,250.46363830566406,10498239
2025-09-19,250.53188608599783,251.17527893538278,248.28976895541248,249.44007873535156,10741757
2025-09-22,242.29455445414862,245.44325840137773,240.98828283204853,244.02975463867188,15784007
2025-09-23,243.92252905470636,245.6577292858718,242.48952444389133,243.34738159179688,8674114
2025-09-24,242.08009737465142,242.8502083166328,238.10277996125882,238.43421936035156,7888797
2025-09-25,239.27257691489723,239.45779742555374,235.20752814724804,235.90940856933594,7957740
2025-09-26,235.37323685334195,235.47072602537375,229.09531496833094,229.8166961669922,16999628
2025-09-29,230.9182635642424,234.72984628139795,230.34310124332197,233.60879516601562,8894412
2025-09-30,233.89148471164037,235.42197841930238,232.98489789736342,233.3455810546875,5590909
2025-10-01,233.95973001432264,237.43988813817003,231.85408887425157,235.0028076171875,9479378
2025-10-03,234.91506958007812,235.32449733686522,232.0685612175871,234.91506958007812,10968346
2025-10-06,233.95973540089406,236.8452453490659,233.29685662380936,236.0361328125,6064946
2025-10-07,236.786745094051,238.83389874750486,236.04587794672727,237.40089416503906,6587728
2025-10-08,237.1279356552237,240.14992146342618,236.46505689070705,238.1222686767578,7360563
2025-10-09,237.8493198184994,240.5885959894731,237.04020728716665,240.1986541748047,4629760
2025-10-10,241.75840103104505,244.9266058832664,240.05244457215662,242.44078063964844,7070200
2025-10-13,239.86721916970842,241.46594345215223,238.35622621913274,238.96063232421875,6717589
2025-10-14,239.6137605282582,243.85427172283678,238.94112392245552,242.16781616210938,7888607
2025-10-15,243.7080594468892,245.78445687329972,242.28479783482518,243.91278076171875,13278925
2025-10-16,244.0979834561764,247.67563081561443,242.5382608193318,247.4221649169922,10661302
2025-10-17,243.70806129004103,243.70806129004103,233.09213873523723,234.8370819091797,43802251
2025-10-20,234.83707906104348,235.8509129135795,233.24811263554014,235.1685333251953,9871824
2025-10-21,234.93456700499294,236.0653759596895,234.31067497391194,235.28550720214844,2082336
2025-10-23,238.63893589655402,241.56343262353442,237.24491805515171,238.15151977539062,18964626
2025-10-24,238.83389610245257,239.69175322388642,236.06537614206434,236.86473083496094,6803979
2025-10-27,237.1669256922204,239.54551870335686,236.94271844519798,237.77133178710938,9550336
2025-10-28,237.52763028499794,238.5414492830063,235.32449987384408,236.27984619140625,8780789
2025-10-29,237.46914350586005,237.46914350586005,235.55846573925115,236.18235778808594,8776917
2025-10-30,236.77699407004698,238.60968337840853,234.44714569122434,235.83140563964844,8344622
2025-10-31,236.01663004340736,237.06945062894138,234.44714956980002,234.6128692626953,5659566
2025-11-03,234.61287851290575,235.2172697549134,233.47232655229786,234.44715881347656,4902693
2025-11-04,234.4471520764222,234.7785914657564,231.5421561865202,231.9320831298828,6848284
2025-11-06,233.95973929941277,234.56413053267985,232.37075797674785,234.00848388671875,7141517
2025-11-07,232.69245689676944,233.2286176133613,230.0604127763982,230.5380859375,5520619
2025-11-10,231.46416532937656,235.47072635951724,231.05473758082863,233.8037567138672,8566758
2025-11-11,235.0320607959346,235.95814845600435,232.79968661954322,235.60720825195312,8831094
2025-11-12,236.64051836014002,240.1011756715635,236.0068833751967,239.04835510253906,13152546
2025-11-13,239.80872968420658,239.80872968420658,237.8590652152293,239.1555938720703,6211124
2025-11-14,237.78107030280245,239.71123390899896,236.0556131303455,238.21974182128906,6841554
2025-11-17,237.82981803387048,238.61942975254223,236.58203398156658,237.90780639648438,6559062
2025-11-18,236.81599017687407,237.85906781908002,234.25219148693935,234.8370819091797,4730012
2025-11-19,235.12952541952873,240.63733631548203,234.48613259278574,239.87696838378906,13298452
2025-11-20,241.27097688534437,241.56342952924817,239.5260337388253,240.0621795654297,6705862
2025-11-21,238.8339053168725,241.02727791672132,237.4788890612896,238.3367462158203,5516450
2025-11-24,238.85339568452147,243.10366477606482,238.85339568452147,241.04676818847656,19711070
2025-11-25,241.75839890303692,241.75839890303692,237.85906988847182,239.45779418945312,8188793
2025-11-26,239.8087305717115,244.24422023000196,239.43828956131182,243.89328002929688,8202096
2025-11-27,244.09798453187923,245.57973368695687,241.4561975174728,243.2791290283203,5268129
2025-11-28,244.68289780384242,245.647987098301,242.34330632454626,243.24989318847656,7049965
2025-12-01,243.805555398611,244.4391904208848,242.59675803523524,243.98101806640625,3865446
2025-12-02,243.70805960131725,245.121563372053,242.60649441199627,243.873779296875,8535708
2025-12-03,244.29296894561833,250.65862237799195,244.24422435793778,248.280029296875,17215454
2025-12-04,249.557051469507,252.2865698201472,249.0696353533556,250.46363830566406,10687381
2025-12-05,251.7016975348242,254.528705095151,251.21428141237067,253.36865234375,7886562
2025-12-08,253.46613561647285,256.44911983647165,253.17366810009898,254.80165100097656,9684253
2025-12-09,254.80164941918085,255.23057797425164,250.58060926348844,250.9315643310547,8560580
2025-12-10,251.51647217035628,253.81706194413258,250.77559015869068,251.4872283935547,7944200
2025-12-11,251.8089055874984,253.4368884667086,251.233758153992,252.72525024414062,6473376
2025-12-12,252.96896885836975,254.25575456816978,250.88281356373759,254.04129028320312,4008271
2025-12-15,253.44661626763695,255.89345462984815,252.03312741558292,255.15257263183594,4023911
2025-12-16,255.1525809388959,255.1623387811405,252.28657177377085,252.69601440429688,2982041
2025-12-17,252.48154799161765,255.53277763653588,251.80891137183292,254.5677032470703,4923276
2025-12-18,254.60668789496253,258.32079650390807,254.43122522434786,257.2095031738281,9008412
2025-12-19,260.2802134395507,260.2802134395507,256.67332217747196,257.7944030761719,12750745
2025-12-22,260.77738759923454,266.2266963670133,260.0852352744315,265.8075256347656,14651313
2025-12-23,265.15436328849967,265.622293462953,263.40940528846386,264.5694580078125,7572420
2025-12-24,264.1210593132444,264.1600609341609,260.47519611983154,261.31353759765625,4694861
2025-12-26,260.47518163736993,262.112892630566,259.05190517349195,259.5978088378906,2899112
2025-12-29,259.29561705835073,260.66040598902146,256.9657834829414,257.58966064453125,3755074
2025-12-30,257.3557236173418,258.05760405355176,256.40037726681373,257.0145263671875,5117699
2025-12-31,257.35571953640823,257.94062484889497,254.6846886337934,256.6538391113281,5705044
2026-01-01,257.84312115997614,261.30376362734427,257.1119969978968,260.62139892578125,3639755
2026-01-02,260.6213912392056,265.5442818855403,259.45158071457286,262.2298583984375,8286204
2026-01-05,262.66855122506394,262.86349981760594,255.113601587763,256.6733093261719,7006599
2026-01-06,256.67330390277135,259.402851886349,256.332136435652,258.9154357910156,4083654
2026-01-07,258.3305430258428,265.64178480959305,257.8431269069261,263.98455810546875,10242615
2026-01-08,264.08205118733326,264.08205118733326,254.77241507805792,255.6010284423828,9269522
2026-01-09,254.7724097743928,257.3069795274099,253.89506671552655,255.35731506347656,4735387
2026-01-12,254.13877165896557,257.8431221952334,252.53027469631817,256.4783630371094,3802164
2026-01-13,256.8195655172956,258.1843247033359,254.72365240176612,257.5506896972656,6931244
2026-01-14,257.3557178937383,257.3557178937383,253.06646187874662,253.6513671875,5625861
2026-01-15,253.6513671875,253.6513671875,253.6513671875,253.6513671875,0
2026-01-16,256.62459515288,263.00973462344757,256.3808870853084,260.7189025878906,12028289
2026-01-19,245.6577170977665,245.6577170977665,235.47072347084665,239.75997924804688,65833247
2026-01-20,239.75998155890707,239.80872614486398,233.37482754229322,233.86224365234375,16796201
2026-01-21,233.86225475607444,236.4943137751243,231.6201524431948,233.5210723876953,14397792
2026-01-22,235.90939798131257,236.78674103216582,233.17986478178355,234.59336853027344,8537915
2026-01-23,236.2018484564108,237.42038872406175,231.86384807852525,232.39999389648438,13546802
2026-01-27,235.1999969482422,236.39999389648438,231.75,234.8000030517578,15677537
2026-01-28,235.5,238.10000610351562,234.9499969482422,237.35000610351562,10155128
2026-01-29,236.1999969482422,240.89999389648438,235.4499969482422,239.8000030517578,12201949
2026-01-30,238.0,238.0,235.3000030517578,236.89999389648438,11362317
2026-02-02,244.0,244.0800018310547,239.2899932861328,242.3000030517578,12335721
2026-02-03,259.2099914550781,259.8900146484375,242.27999877929688,242.69000244140625,25915412
2026-02-04,235.91000366210938,235.9199981689453,226.25999450683594,233.33999633789062,25995324
2026-02-05,233.33999633789062,235.57000732421875,231.6999969482422,233.38999938964844,10102736
2026-02-06,232.92999267578125,232.92999267578125,228.60000610351562,230.72000122070312,12279085
2026-02-09,231.85000610351562,232.92999267578125,229.61000061035156,230.0800018310547,9112474
2026-02-10,229.97999572753906,232.86000061035156,227.1999969482422,231.47000122070312,12435622
2026-02-11,231.47000122070312,233.0,229.5,229.80999755859375,7874912
2026-02-12,226.1999969482422,226.25999450683594,218.5,219.0800018310547,40899346
2026-02-13,210.64999389648438,216.47999572753906,209.00999450683594,214.08999633789062,23721186
2026-02-16,214.6199951171875,216.91000366210938,210.11000061035156,213.25999450683594,20754327
2026-02-17,213.25999450683594,219.38999938964844,212.25999450683594,215.69000244140625,26941553
2026-02-18,216.1999969482422,216.39999389648438,210.25999450683594,211.9499969482422,22679760
2026-02-19,214.0,215.44000244140625,210.39999389648438,211.2100067138672,14151588
2026-02-20,209.6999969482422,211.9600067138672,208.25,209.86000061035156,17690420
2026-02-23,210.36000061035156,211.74000549316406,204.27999877929688,205.88999938964844,20946229
2026-02-24,203.0,203.2899932861328,199.36000061035156,200.13999938964844,25036686
2026-02-25,201.30999755859375,205.47999572753906,201.30999755859375,201.9199981689453,13979068
2026-02-26,203.7100067138672,204.6300048828125,199.1199951171875,201.0800018310547,14378069
2026-02-27,204.0,204.0,200.0500030517578,200.9600067138672,13288519
2026-03-02,195.0,200.36000061035156,194.6999969482422,198.57000732421875,10486866
2026-03-04,196.00999450683594,197.1199951171875,194.50999450683594,195.5500030517578,19562075
2026-03-05,196.39999389648438,196.97000122070312,193.22000122070312,195.67999267578125,13149281
2026-03-06,195.60000610351562,198.92999267578125,195.0,195.39999389648438,9022914
2026-03-09,194.0,199.5,193.02999877929688,198.75,25862728
2026-03-10,200.5,201.30999755859375,197.4199981689453,200.92999267578125,12982340
2026-03-11,202.69000244140625,205.9499969482422,201.5800018310547,202.22999572753906,29199002
2026-03-12,201.05999755859375,203.8000030517578,199.6999969482422,202.50999450683594,19042475
2026-03-13,200.60000610351562,202.07000732421875,196.0399932861328,197.5800018310547,12629652
2026-03-16,196.24000549316406,198.2899932861328,192.77000427246094,195.11000061035156,12631649
2026-03-17,195.0,195.11000061035156,188.25,191.32000732421875,21778468
2026-03-18,193.0,198.0,192.69000244140625,194.3000030517578,24529164
2026-03-19,191.97999572753906,192.7899932861328,187.67999267578125,188.41000366210938,13685195
2026-03-20,191.19000244140625,192.3000030517578,188.41000366210938,190.89999389648438,24395304
2026-03-23,189.41000366210938,190.6199951171875,187.0,187.5399932861328,12014988
2026-03-24,191.5,191.5,187.8000030517578,188.74000549316406,11843191
2026-03-25,189.0,190.6199951171875,187.89999389648438,189.0500030517578,13862888
2026-03-27,189.0500030517578,192.2899932861328,187.89999389648438,191.60000610351562,26269256
2026-03-30,189.99000549316406,191.6300048828125,186.5,187.63999938964844,27946986
2026-04-01,191.50999450683594,194.49000549316406,190.41000366210938,191.17999267578125,11769673
2026-04-02,190.5,195.33999633789062,188.5800018310547,194.91000366210938,16623045
2026-04-06,197.0,201.17999267578125,196.11000061035156,197.2899932861328,23282287
2026-04-07,197.00999450683594,205.27000427246094,197.00999450683594,204.72000122070312,24771466
2026-04-08,207.6999969482422,209.0,202.8000030517578,203.4199981689453,22084158
2026-04-09,203.7100067138672,204.16000366210938,201.6300048828125,202.8699951171875,14540807
2026-04-10,208.6999969482422,208.6999969482422,200.6199951171875,204.8800048828125,51219565
2026-04-13,203.00999450683594,203.39999389648438,200.30999755859375,202.97000122070312,21930624
2026-04-15,206.5,210.49000549316406,205.10000610351562,209.75,27890080
2026-04-16,212.97999572753906,212.97999572753906,208.2100067138672,210.25999450683594,36305074
2026-04-17,205.0,206.4499969482422,202.5,204.32000732421875,80542603
2026-04-20,204.5,205.1999969482422,202.0,202.47999572753906,27927164
2026-04-21,203.0,205.6999969482422,202.47999572753906,205.00999450683594,21530723
2026-04-22,203.5,205.3800048828125,202.1999969482422,204.0,21790433
2026-04-23,204.0,204.89999389648438,202.3000030517578,202.75999450683594,20307250
2026-04-24,202.75,202.75,197.8800048828125,199.36000061035156,39363394
2026-04-27,199.36000061035156,205.25,199.36000061035156,205.0500030517578,42632215
2026-04-28,204.55999755859375,205.67999267578125,201.02000427246094,201.5800018310547,23455983
2026-04-29,201.5800018310547,203.60000610351562,200.3000030517578,200.67999267578125,15667662
2026-04-30,200.88999938964844,202.14999389648438,200.0,200.64999389648438,15300274
2026-05-01,200.64999389648438,200.64999389648438,200.64999389648438,200.64999389648438,0
2026-05-04,202.39999389648438,203.3699951171875,200.05999755859375,200.75,8446995
2026-05-05,200.0,202.3000030517578,199.60000610351562,199.77999877929688,8899200
2026-05-06,200.50999450683594,201.1300048828125,198.25,199.1199951171875,13166683
2026-05-07,199.5,200.27999877929688,197.19000244140625,197.36000061035156,19303572
2026-05-08,198.0,198.94000244140625,196.6999969482422,197.91000366210938,15970687
2026-05-11,197.8800048828125,198.24000549316406,196.14999389648438,196.67999267578125,9199527
2026-05-12,196.10000610351562,196.13999938964844,189.10000610351562,189.57000732421875,27435195
2026-05-13,190.6699981689453,191.3000030517578,187.30999755859375,187.8000030517578,17242394
2026-05-14,188.25,190.17999267578125,187.0,188.3000030517578,18280387
2026-05-15,189.89999389648438,191.89999389648438,188.8000030517578,190.0,17902610
2026-05-18,190.99000549316406,192.75,189.1999969482422,192.1699981689453,16327369
2026-05-19,192.39999389648438,198.0,192.39999389648438,195.1699981689453,20534622
2026-05-20,194.61000061035156,197.94000244140625,194.00999450683594,197.1199951171875,16201692
2026-05-21,198.5,200.0399932861328,197.5,199.74000549316406,18980608
2026-05-22,200.0,205.39999389648438,198.8300018310547,203.11000061035156,40014399
2026-05-25,207.0,209.5500030517578,204.05999755859375,206.83999633789062,72041558
2026-05-26,206.99000549316406,208.69000244140625,202.94000244140625,203.72999572753906,46458415
2026-05-27,203.85000610351562,205.99000549316406,200.1999969482422,201.5800018310547,39465643
2026-05-28,201.5800018310547,201.5800018310547,201.5800018310547,201.5800018310547,0
2026-05-29,211.0,211.0,203.64999389648438,204.25,82734524
2026-06-01,205.10000610351562,207.75,205.10000610351562,206.41000366210938,26491139
2026-06-02,208.0,210.17999267578125,206.50999450683594,209.83999633789062,42476874
2026-06-03,208.0,208.39999389648438,202.0,204.10000610351562,62282204
2026-06-04,203.0,205.08999633789062,202.10000610351562,204.32000732421875,40659957
2026-06-05,191.52000427246094,199.0,188.14999389648438,198.3699951171875,43539069
2026-06-08,193.38999938964844,193.88999938964844,181.0,181.75999450683594,75164049
2026-06-09,183.97000122070312,184.35000610351562,180.60000610351562,181.6699981689453,28381665
2026-06-10,182.10000610351562,182.2899932861328,178.5,178.92999267578125,16935979
2026-06-11,176.97000122070312,178.1999969482422,175.8300018310547,177.3699951171875,14468882
2026-06-12,178.64999389648438,180.4499969482422,177.57000732421875,180.13999938964844,13850153
2026-06-15,183.0,183.0,180.91000366210938,181.3800048828125,13870660
2026-06-16,182.38999938964844,183.3800048828125,181.6300048828125,182.6699981689453,11706020
2026-06-17,184.0,185.25,183.5800018310547,184.47000122070312,16131548
2026-06-18,184.47000122070312,184.75999450683594,181.7100067138672,182.83999633789062,18165845
2026-06-19,176.75999450683594,181.47999572753906,174.88999938964844,180.8000030517578,37469436
2026-06-22,180.83999633789062,182.39999389648438,180.0,180.17999267578125,10368112
2026-06-23,179.5,179.5,174.0,174.49000549316406,23954730
2026-06-24,171.5,175.49000549316406,171.49000549316406,174.47999572753906,56627728
2026-06-25,176.0,176.38999938964844,172.69000244140625,175.0,21544904
2026-06-26,175.0,175.0,175.0,175.0,0
2026-06-29,176.27999877929688,176.69000244140625,174.60000610351562,175.47999572753906,24484011
2026-06-30,175.0,175.39999389648438,170.0500030517578,170.38999938964844,26845383
2026-07-01,171.0,172.14999389648438,169.25,170.1300048828125,34638511
2026-07-02,169.49000549316406,174.97000122070312,169.0,174.0,43447174
2026-07-03,176.1999969482422,178.13999938964844,174.58999633789062,176.0800018310547,29538753
2026-07-06,176.0800018310547,176.3000030517578,173.57000732421875,174.32000732421875,8304046
2026-07-07,173.89999389648438,176.1999969482422,172.77000427246094,173.0,18837725
2026-07-08,173.0,175.39999389648438,172.24000549316406,172.72000122070312,16482564
2026-07-09,173.0,174.2899932861328,171.64999389648438,172.75999450683594,10270117
2026-07-10,175.22999572753906,177.22000122070312,175.0,175.4600067138672,16249590
2026-07-13,174.60000610351562,179.9499969482422,174.36000061035156,178.42999267578125,22417855
2026-07-14,178.5,180.5,176.7100067138672,177.13999938964844,14461463
2026-07-15,175.1199951171875,176.60000610351562,174.49000549316406,174.64999389648438,10398720
2026-07-16,175.60000610351562,177.99000549316406,175.41000366210938,177.74000549316406,11184572
2026-07-17,173.5500030517578,176.25999450683594,173.5500030517578,176.0,22960032
2026-07-20,177.0,177.8000030517578,175.85000610351562,176.3800048828125,10183661
2026-07-21,176.11000061035156,177.5,174.5,174.97000122070312,11350578
